[2026-04-08T08:24:50.870+0000] {processor.py:161} INFO - Started process (PID=112) to work on /home/airflow/.local/lib/python3.8/site-packages/airflow/example_dags/tutorial.py
[2026-04-08T08:24:50.874+0000] {processor.py:830} INFO - Processing file /home/airflow/.local/lib/python3.8/site-packages/airflow/example_dags/tutorial.py for tasks to queue
[2026-04-08T08:24:50.881+0000] {logging_mixin.py:188} INFO - [2026-04-08T08:24:50.881+0000] {dagbag.py:538} INFO - Filling up the DagBag from /home/airflow/.local/lib/python3.8/site-packages/airflow/example_dags/tutorial.py
[2026-04-08T08:24:50.917+0000] {processor.py:840} INFO - DAG(s) 'tutorial' retrieved from /home/airflow/.local/lib/python3.8/site-packages/airflow/example_dags/tutorial.py
[2026-04-08T08:24:51.379+0000] {logging_mixin.py:188} INFO - [2026-04-08T08:24:51.379+0000] {dag.py:3033} INFO - Sync 1 DAGs
[2026-04-08T08:24:51.502+0000] {logging_mixin.py:188} INFO - [2026-04-08T08:24:51.484+0000] {dag.py:3820} INFO - Setting next_dagrun for tutorial to 2026-04-07T00:00:00+00:00, run_after=2026-04-08T00:00:00+00:00
[2026-04-08T08:24:51.622+0000] {processor.py:183} INFO - Processing /home/airflow/.local/lib/python3.8/site-packages/airflow/example_dags/tutorial.py took 0.769 seconds
[2026-04-08T08:25:22.026+0000] {processor.py:161} INFO - Started process (PID=167) to work on /home/airflow/.local/lib/python3.8/site-packages/airflow/example_dags/tutorial.py
[2026-04-08T08:25:22.027+0000] {processor.py:830} INFO - Processing file /home/airflow/.local/lib/python3.8/site-packages/airflow/example_dags/tutorial.py for tasks to queue
[2026-04-08T08:25:22.029+0000] {logging_mixin.py:188} INFO - [2026-04-08T08:25:22.029+0000] {dagbag.py:538} INFO - Filling up the DagBag from /home/airflow/.local/lib/python3.8/site-packages/airflow/example_dags/tutorial.py
[2026-04-08T08:25:22.036+0000] {processor.py:840} INFO - DAG(s) 'tutorial' retrieved from /home/airflow/.local/lib/python3.8/site-packages/airflow/example_dags/tutorial.py
[2026-04-08T08:25:22.068+0000] {logging_mixin.py:188} INFO - [2026-04-08T08:25:22.067+0000] {dag.py:3033} INFO - Sync 1 DAGs
[2026-04-08T08:25:22.092+0000] {logging_mixin.py:188} INFO - [2026-04-08T08:25:22.091+0000] {dag.py:3820} INFO - Setting next_dagrun for tutorial to 2026-04-07T00:00:00+00:00, run_after=2026-04-08T00:00:00+00:00
[2026-04-08T08:25:22.123+0000] {processor.py:183} INFO - Processing /home/airflow/.local/lib/python3.8/site-packages/airflow/example_dags/tutorial.py took 0.101 seconds
[2026-04-08T08:25:52.986+0000] {processor.py:161} INFO - Started process (PID=222) to work on /home/airflow/.local/lib/python3.8/site-packages/airflow/example_dags/tutorial.py
[2026-04-08T08:25:52.987+0000] {processor.py:830} INFO - Processing file /home/airflow/.local/lib/python3.8/site-packages/airflow/example_dags/tutorial.py for tasks to queue
[2026-04-08T08:25:52.989+0000] {logging_mixin.py:188} INFO - [2026-04-08T08:25:52.989+0000] {dagbag.py:538} INFO - Filling up the DagBag from /home/airflow/.local/lib/python3.8/site-packages/airflow/example_dags/tutorial.py
[2026-04-08T08:25:52.995+0000] {processor.py:840} INFO - DAG(s) 'tutorial' retrieved from /home/airflow/.local/lib/python3.8/site-packages/airflow/example_dags/tutorial.py
[2026-04-08T08:25:53.015+0000] {logging_mixin.py:188} INFO - [2026-04-08T08:25:53.015+0000] {dag.py:3033} INFO - Sync 1 DAGs
[2026-04-08T08:25:53.037+0000] {logging_mixin.py:188} INFO - [2026-04-08T08:25:53.037+0000] {dag.py:3820} INFO - Setting next_dagrun for tutorial to 2026-04-07T00:00:00+00:00, run_after=2026-04-08T00:00:00+00:00
[2026-04-08T08:25:53.056+0000] {processor.py:183} INFO - Processing /home/airflow/.local/lib/python3.8/site-packages/airflow/example_dags/tutorial.py took 0.073 seconds
[2026-04-08T08:26:23.160+0000] {processor.py:161} INFO - Started process (PID=277) to work on /home/airflow/.local/lib/python3.8/site-packages/airflow/example_dags/tutorial.py
[2026-04-08T08:26:23.161+0000] {processor.py:830} INFO - Processing file /home/airflow/.local/lib/python3.8/site-packages/airflow/example_dags/tutorial.py for tasks to queue
[2026-04-08T08:26:23.163+0000] {logging_mixin.py:188} INFO - [2026-04-08T08:26:23.163+0000] {dagbag.py:538} INFO - Filling up the DagBag from /home/airflow/.local/lib/python3.8/site-packages/airflow/example_dags/tutorial.py
[2026-04-08T08:26:23.169+0000] {processor.py:840} INFO - DAG(s) 'tutorial' retrieved from /home/airflow/.local/lib/python3.8/site-packages/airflow/example_dags/tutorial.py
[2026-04-08T08:26:23.198+0000] {logging_mixin.py:188} INFO - [2026-04-08T08:26:23.198+0000] {dag.py:3033} INFO - Sync 1 DAGs
[2026-04-08T08:26:23.227+0000] {logging_mixin.py:188} INFO - [2026-04-08T08:26:23.227+0000] {dag.py:3820} INFO - Setting next_dagrun for tutorial to 2026-04-07T00:00:00+00:00, run_after=2026-04-08T00:00:00+00:00
[2026-04-08T08:26:23.250+0000] {processor.py:183} INFO - Processing /home/airflow/.local/lib/python3.8/site-packages/airflow/example_dags/tutorial.py took 0.093 seconds
[2026-04-08T08:26:53.469+0000] {processor.py:161} INFO - Started process (PID=332) to work on /home/airflow/.local/lib/python3.8/site-packages/airflow/example_dags/tutorial.py
[2026-04-08T08:26:53.469+0000] {processor.py:830} INFO - Processing file /home/airflow/.local/lib/python3.8/site-packages/airflow/example_dags/tutorial.py for tasks to queue
[2026-04-08T08:26:53.472+0000] {logging_mixin.py:188} INFO - [2026-04-08T08:26:53.471+0000] {dagbag.py:538} INFO - Filling up the DagBag from /home/airflow/.local/lib/python3.8/site-packages/airflow/example_dags/tutorial.py
[2026-04-08T08:26:53.481+0000] {processor.py:840} INFO - DAG(s) 'tutorial' retrieved from /home/airflow/.local/lib/python3.8/site-packages/airflow/example_dags/tutorial.py
[2026-04-08T08:26:53.504+0000] {logging_mixin.py:188} INFO - [2026-04-08T08:26:53.504+0000] {dag.py:3033} INFO - Sync 1 DAGs
[2026-04-08T08:26:53.528+0000] {logging_mixin.py:188} INFO - [2026-04-08T08:26:53.528+0000] {dag.py:3820} INFO - Setting next_dagrun for tutorial to 2026-04-07T00:00:00+00:00, run_after=2026-04-08T00:00:00+00:00
[2026-04-08T08:26:53.546+0000] {processor.py:183} INFO - Processing /home/airflow/.local/lib/python3.8/site-packages/airflow/example_dags/tutorial.py took 0.081 seconds
[2026-04-08T08:27:24.038+0000] {processor.py:161} INFO - Started process (PID=387) to work on /home/airflow/.local/lib/python3.8/site-packages/airflow/example_dags/tutorial.py
[2026-04-08T08:27:24.039+0000] {processor.py:830} INFO - Processing file /home/airflow/.local/lib/python3.8/site-packages/airflow/example_dags/tutorial.py for tasks to queue
[2026-04-08T08:27:24.041+0000] {logging_mixin.py:188} INFO - [2026-04-08T08:27:24.041+0000] {dagbag.py:538} INFO - Filling up the DagBag from /home/airflow/.local/lib/python3.8/site-packages/airflow/example_dags/tutorial.py
[2026-04-08T08:27:24.058+0000] {processor.py:840} INFO - DAG(s) 'tutorial' retrieved from /home/airflow/.local/lib/python3.8/site-packages/airflow/example_dags/tutorial.py
[2026-04-08T08:27:24.079+0000] {logging_mixin.py:188} INFO - [2026-04-08T08:27:24.079+0000] {dag.py:3033} INFO - Sync 1 DAGs
[2026-04-08T08:27:24.102+0000] {logging_mixin.py:188} INFO - [2026-04-08T08:27:24.102+0000] {dag.py:3820} INFO - Setting next_dagrun for tutorial to 2026-04-07T00:00:00+00:00, run_after=2026-04-08T00:00:00+00:00
[2026-04-08T08:27:24.119+0000] {processor.py:183} INFO - Processing /home/airflow/.local/lib/python3.8/site-packages/airflow/example_dags/tutorial.py took 0.085 seconds
[2026-04-08T08:27:54.272+0000] {processor.py:161} INFO - Started process (PID=442) to work on /home/airflow/.local/lib/python3.8/site-packages/airflow/example_dags/tutorial.py
[2026-04-08T08:27:54.273+0000] {processor.py:830} INFO - Processing file /home/airflow/.local/lib/python3.8/site-packages/airflow/example_dags/tutorial.py for tasks to queue
[2026-04-08T08:27:54.276+0000] {logging_mixin.py:188} INFO - [2026-04-08T08:27:54.275+0000] {dagbag.py:538} INFO - Filling up the DagBag from /home/airflow/.local/lib/python3.8/site-packages/airflow/example_dags/tutorial.py
[2026-04-08T08:27:54.282+0000] {processor.py:840} INFO - DAG(s) 'tutorial' retrieved from /home/airflow/.local/lib/python3.8/site-packages/airflow/example_dags/tutorial.py
[2026-04-08T08:27:54.302+0000] {logging_mixin.py:188} INFO - [2026-04-08T08:27:54.302+0000] {dag.py:3033} INFO - Sync 1 DAGs
[2026-04-08T08:27:54.324+0000] {logging_mixin.py:188} INFO - [2026-04-08T08:27:54.324+0000] {dag.py:3820} INFO - Setting next_dagrun for tutorial to 2026-04-07T00:00:00+00:00, run_after=2026-04-08T00:00:00+00:00
[2026-04-08T08:27:54.342+0000] {processor.py:183} INFO - Processing /home/airflow/.local/lib/python3.8/site-packages/airflow/example_dags/tutorial.py took 0.073 seconds
[2026-04-08T08:28:24.830+0000] {processor.py:161} INFO - Started process (PID=497) to work on /home/airflow/.local/lib/python3.8/site-packages/airflow/example_dags/tutorial.py
[2026-04-08T08:28:24.831+0000] {processor.py:830} INFO - Processing file /home/airflow/.local/lib/python3.8/site-packages/airflow/example_dags/tutorial.py for tasks to queue
[2026-04-08T08:28:24.833+0000] {logging_mixin.py:188} INFO - [2026-04-08T08:28:24.833+0000] {dagbag.py:538} INFO - Filling up the DagBag from /home/airflow/.local/lib/python3.8/site-packages/airflow/example_dags/tutorial.py
[2026-04-08T08:28:24.840+0000] {processor.py:840} INFO - DAG(s) 'tutorial' retrieved from /home/airflow/.local/lib/python3.8/site-packages/airflow/example_dags/tutorial.py
[2026-04-08T08:28:24.859+0000] {logging_mixin.py:188} INFO - [2026-04-08T08:28:24.859+0000] {dag.py:3033} INFO - Sync 1 DAGs
[2026-04-08T08:28:24.881+0000] {logging_mixin.py:188} INFO - [2026-04-08T08:28:24.881+0000] {dag.py:3820} INFO - Setting next_dagrun for tutorial to 2026-04-07T00:00:00+00:00, run_after=2026-04-08T00:00:00+00:00
[2026-04-08T08:28:24.898+0000] {processor.py:183} INFO - Processing /home/airflow/.local/lib/python3.8/site-packages/airflow/example_dags/tutorial.py took 0.071 seconds
[2026-04-08T08:28:55.783+0000] {processor.py:161} INFO - Started process (PID=552) to work on /home/airflow/.local/lib/python3.8/site-packages/airflow/example_dags/tutorial.py
[2026-04-08T08:28:55.784+0000] {processor.py:830} INFO - Processing file /home/airflow/.local/lib/python3.8/site-packages/airflow/example_dags/tutorial.py for tasks to queue
[2026-04-08T08:28:55.786+0000] {logging_mixin.py:188} INFO - [2026-04-08T08:28:55.786+0000] {dagbag.py:538} INFO - Filling up the DagBag from /home/airflow/.local/lib/python3.8/site-packages/airflow/example_dags/tutorial.py
[2026-04-08T08:28:55.792+0000] {processor.py:840} INFO - DAG(s) 'tutorial' retrieved from /home/airflow/.local/lib/python3.8/site-packages/airflow/example_dags/tutorial.py
[2026-04-08T08:28:55.826+0000] {logging_mixin.py:188} INFO - [2026-04-08T08:28:55.826+0000] {dag.py:3033} INFO - Sync 1 DAGs
[2026-04-08T08:28:55.850+0000] {logging_mixin.py:188} INFO - [2026-04-08T08:28:55.849+0000] {dag.py:3820} INFO - Setting next_dagrun for tutorial to 2026-04-07T00:00:00+00:00, run_after=2026-04-08T00:00:00+00:00
[2026-04-08T08:28:55.872+0000] {processor.py:183} INFO - Processing /home/airflow/.local/lib/python3.8/site-packages/airflow/example_dags/tutorial.py took 0.093 seconds
[2026-04-08T08:29:26.438+0000] {processor.py:161} INFO - Started process (PID=607) to work on /home/airflow/.local/lib/python3.8/site-packages/airflow/example_dags/tutorial.py
[2026-04-08T08:29:26.439+0000] {processor.py:830} INFO - Processing file /home/airflow/.local/lib/python3.8/site-packages/airflow/example_dags/tutorial.py for tasks to queue
[2026-04-08T08:29:26.441+0000] {logging_mixin.py:188} INFO - [2026-04-08T08:29:26.441+0000] {dagbag.py:538} INFO - Filling up the DagBag from /home/airflow/.local/lib/python3.8/site-packages/airflow/example_dags/tutorial.py
[2026-04-08T08:29:26.447+0000] {processor.py:840} INFO - DAG(s) 'tutorial' retrieved from /home/airflow/.local/lib/python3.8/site-packages/airflow/example_dags/tutorial.py
[2026-04-08T08:29:26.468+0000] {logging_mixin.py:188} INFO - [2026-04-08T08:29:26.468+0000] {dag.py:3033} INFO - Sync 1 DAGs
[2026-04-08T08:29:26.491+0000] {logging_mixin.py:188} INFO - [2026-04-08T08:29:26.491+0000] {dag.py:3820} INFO - Setting next_dagrun for tutorial to 2026-04-07T00:00:00+00:00, run_after=2026-04-08T00:00:00+00:00
[2026-04-08T08:29:26.509+0000] {processor.py:183} INFO - Processing /home/airflow/.local/lib/python3.8/site-packages/airflow/example_dags/tutorial.py took 0.075 seconds
[2026-04-08T08:29:56.648+0000] {processor.py:161} INFO - Started process (PID=662) to work on /home/airflow/.local/lib/python3.8/site-packages/airflow/example_dags/tutorial.py
[2026-04-08T08:29:56.649+0000] {processor.py:830} INFO - Processing file /home/airflow/.local/lib/python3.8/site-packages/airflow/example_dags/tutorial.py for tasks to queue
[2026-04-08T08:29:56.651+0000] {logging_mixin.py:188} INFO - [2026-04-08T08:29:56.651+0000] {dagbag.py:538} INFO - Filling up the DagBag from /home/airflow/.local/lib/python3.8/site-packages/airflow/example_dags/tutorial.py
[2026-04-08T08:29:56.657+0000] {processor.py:840} INFO - DAG(s) 'tutorial' retrieved from /home/airflow/.local/lib/python3.8/site-packages/airflow/example_dags/tutorial.py
[2026-04-08T08:29:56.681+0000] {logging_mixin.py:188} INFO - [2026-04-08T08:29:56.681+0000] {dag.py:3033} INFO - Sync 1 DAGs
[2026-04-08T08:29:56.705+0000] {logging_mixin.py:188} INFO - [2026-04-08T08:29:56.705+0000] {dag.py:3820} INFO - Setting next_dagrun for tutorial to 2026-04-07T00:00:00+00:00, run_after=2026-04-08T00:00:00+00:00
[2026-04-08T08:29:56.727+0000] {processor.py:183} INFO - Processing /home/airflow/.local/lib/python3.8/site-packages/airflow/example_dags/tutorial.py took 0.081 seconds
[2026-04-08T08:30:27.401+0000] {processor.py:161} INFO - Started process (PID=717) to work on /home/airflow/.local/lib/python3.8/site-packages/airflow/example_dags/tutorial.py
[2026-04-08T08:30:27.402+0000] {processor.py:830} INFO - Processing file /home/airflow/.local/lib/python3.8/site-packages/airflow/example_dags/tutorial.py for tasks to queue
[2026-04-08T08:30:27.405+0000] {logging_mixin.py:188} INFO - [2026-04-08T08:30:27.404+0000] {dagbag.py:538} INFO - Filling up the DagBag from /home/airflow/.local/lib/python3.8/site-packages/airflow/example_dags/tutorial.py
[2026-04-08T08:30:27.416+0000] {processor.py:840} INFO - DAG(s) 'tutorial' retrieved from /home/airflow/.local/lib/python3.8/site-packages/airflow/example_dags/tutorial.py
[2026-04-08T08:30:27.440+0000] {logging_mixin.py:188} INFO - [2026-04-08T08:30:27.440+0000] {dag.py:3033} INFO - Sync 1 DAGs
[2026-04-08T08:30:27.470+0000] {logging_mixin.py:188} INFO - [2026-04-08T08:30:27.470+0000] {dag.py:3820} INFO - Setting next_dagrun for tutorial to 2026-04-07T00:00:00+00:00, run_after=2026-04-08T00:00:00+00:00
[2026-04-08T08:30:27.495+0000] {processor.py:183} INFO - Processing /home/airflow/.local/lib/python3.8/site-packages/airflow/example_dags/tutorial.py took 0.098 seconds
[2026-04-08T08:30:58.528+0000] {processor.py:161} INFO - Started process (PID=771) to work on /home/airflow/.local/lib/python3.8/site-packages/airflow/example_dags/tutorial.py
[2026-04-08T08:30:58.531+0000] {processor.py:830} INFO - Processing file /home/airflow/.local/lib/python3.8/site-packages/airflow/example_dags/tutorial.py for tasks to queue
[2026-04-08T08:30:58.535+0000] {logging_mixin.py:188} INFO - [2026-04-08T08:30:58.535+0000] {dagbag.py:538} INFO - Filling up the DagBag from /home/airflow/.local/lib/python3.8/site-packages/airflow/example_dags/tutorial.py
[2026-04-08T08:30:58.560+0000] {processor.py:840} INFO - DAG(s) 'tutorial' retrieved from /home/airflow/.local/lib/python3.8/site-packages/airflow/example_dags/tutorial.py
[2026-04-08T08:30:58.617+0000] {logging_mixin.py:188} INFO - [2026-04-08T08:30:58.617+0000] {dag.py:3033} INFO - Sync 1 DAGs
[2026-04-08T08:30:58.641+0000] {logging_mixin.py:188} INFO - [2026-04-08T08:30:58.640+0000] {dag.py:3820} INFO - Setting next_dagrun for tutorial to 2026-04-07T00:00:00+00:00, run_after=2026-04-08T00:00:00+00:00
[2026-04-08T08:30:58.677+0000] {processor.py:183} INFO - Processing /home/airflow/.local/lib/python3.8/site-packages/airflow/example_dags/tutorial.py took 0.161 seconds
[2026-04-08T08:31:29.596+0000] {processor.py:161} INFO - Started process (PID=826) to work on /home/airflow/.local/lib/python3.8/site-packages/airflow/example_dags/tutorial.py
[2026-04-08T08:31:29.599+0000] {processor.py:830} INFO - Processing file /home/airflow/.local/lib/python3.8/site-packages/airflow/example_dags/tutorial.py for tasks to queue
[2026-04-08T08:31:29.608+0000] {logging_mixin.py:188} INFO - [2026-04-08T08:31:29.607+0000] {dagbag.py:538} INFO - Filling up the DagBag from /home/airflow/.local/lib/python3.8/site-packages/airflow/example_dags/tutorial.py
[2026-04-08T08:31:29.626+0000] {processor.py:840} INFO - DAG(s) 'tutorial' retrieved from /home/airflow/.local/lib/python3.8/site-packages/airflow/example_dags/tutorial.py
[2026-04-08T08:31:29.701+0000] {logging_mixin.py:188} INFO - [2026-04-08T08:31:29.701+0000] {dag.py:3033} INFO - Sync 1 DAGs
[2026-04-08T08:31:29.769+0000] {logging_mixin.py:188} INFO - [2026-04-08T08:31:29.769+0000] {dag.py:3820} INFO - Setting next_dagrun for tutorial to 2026-04-07T00:00:00+00:00, run_after=2026-04-08T00:00:00+00:00
[2026-04-08T08:31:29.815+0000] {processor.py:183} INFO - Processing /home/airflow/.local/lib/python3.8/site-packages/airflow/example_dags/tutorial.py took 0.231 seconds
[2026-04-08T08:32:00.362+0000] {processor.py:161} INFO - Started process (PID=881) to work on /home/airflow/.local/lib/python3.8/site-packages/airflow/example_dags/tutorial.py
[2026-04-08T08:32:00.363+0000] {processor.py:830} INFO - Processing file /home/airflow/.local/lib/python3.8/site-packages/airflow/example_dags/tutorial.py for tasks to queue
[2026-04-08T08:32:00.365+0000] {logging_mixin.py:188} INFO - [2026-04-08T08:32:00.365+0000] {dagbag.py:538} INFO - Filling up the DagBag from /home/airflow/.local/lib/python3.8/site-packages/airflow/example_dags/tutorial.py
[2026-04-08T08:32:00.371+0000] {processor.py:840} INFO - DAG(s) 'tutorial' retrieved from /home/airflow/.local/lib/python3.8/site-packages/airflow/example_dags/tutorial.py
[2026-04-08T08:32:00.391+0000] {logging_mixin.py:188} INFO - [2026-04-08T08:32:00.391+0000] {dag.py:3033} INFO - Sync 1 DAGs
[2026-04-08T08:32:00.418+0000] {logging_mixin.py:188} INFO - [2026-04-08T08:32:00.418+0000] {dag.py:3820} INFO - Setting next_dagrun for tutorial to 2026-04-07T00:00:00+00:00, run_after=2026-04-08T00:00:00+00:00
[2026-04-08T08:32:00.448+0000] {processor.py:183} INFO - Processing /home/airflow/.local/lib/python3.8/site-packages/airflow/example_dags/tutorial.py took 0.089 seconds
[2026-04-08T08:32:30.942+0000] {processor.py:161} INFO - Started process (PID=936) to work on /home/airflow/.local/lib/python3.8/site-packages/airflow/example_dags/tutorial.py
[2026-04-08T08:32:30.943+0000] {processor.py:830} INFO - Processing file /home/airflow/.local/lib/python3.8/site-packages/airflow/example_dags/tutorial.py for tasks to queue
[2026-04-08T08:32:30.947+0000] {logging_mixin.py:188} INFO - [2026-04-08T08:32:30.946+0000] {dagbag.py:538} INFO - Filling up the DagBag from /home/airflow/.local/lib/python3.8/site-packages/airflow/example_dags/tutorial.py
[2026-04-08T08:32:30.955+0000] {processor.py:840} INFO - DAG(s) 'tutorial' retrieved from /home/airflow/.local/lib/python3.8/site-packages/airflow/example_dags/tutorial.py
[2026-04-08T08:32:30.974+0000] {logging_mixin.py:188} INFO - [2026-04-08T08:32:30.974+0000] {dag.py:3033} INFO - Sync 1 DAGs
[2026-04-08T08:32:31.003+0000] {logging_mixin.py:188} INFO - [2026-04-08T08:32:31.003+0000] {dag.py:3820} INFO - Setting next_dagrun for tutorial to 2026-04-07T00:00:00+00:00, run_after=2026-04-08T00:00:00+00:00
[2026-04-08T08:32:31.023+0000] {processor.py:183} INFO - Processing /home/airflow/.local/lib/python3.8/site-packages/airflow/example_dags/tutorial.py took 0.083 seconds
[2026-04-08T08:33:01.470+0000] {processor.py:161} INFO - Started process (PID=991) to work on /home/airflow/.local/lib/python3.8/site-packages/airflow/example_dags/tutorial.py
[2026-04-08T08:33:01.471+0000] {processor.py:830} INFO - Processing file /home/airflow/.local/lib/python3.8/site-packages/airflow/example_dags/tutorial.py for tasks to queue
[2026-04-08T08:33:01.473+0000] {logging_mixin.py:188} INFO - [2026-04-08T08:33:01.473+0000] {dagbag.py:538} INFO - Filling up the DagBag from /home/airflow/.local/lib/python3.8/site-packages/airflow/example_dags/tutorial.py
[2026-04-08T08:33:01.479+0000] {processor.py:840} INFO - DAG(s) 'tutorial' retrieved from /home/airflow/.local/lib/python3.8/site-packages/airflow/example_dags/tutorial.py
[2026-04-08T08:33:01.503+0000] {logging_mixin.py:188} INFO - [2026-04-08T08:33:01.503+0000] {dag.py:3033} INFO - Sync 1 DAGs
[2026-04-08T08:33:01.527+0000] {logging_mixin.py:188} INFO - [2026-04-08T08:33:01.527+0000] {dag.py:3820} INFO - Setting next_dagrun for tutorial to 2026-04-07T00:00:00+00:00, run_after=2026-04-08T00:00:00+00:00
[2026-04-08T08:33:01.547+0000] {processor.py:183} INFO - Processing /home/airflow/.local/lib/python3.8/site-packages/airflow/example_dags/tutorial.py took 0.080 seconds
[2026-04-08T08:33:31.917+0000] {processor.py:161} INFO - Started process (PID=1046) to work on /home/airflow/.local/lib/python3.8/site-packages/airflow/example_dags/tutorial.py
[2026-04-08T08:33:31.917+0000] {processor.py:830} INFO - Processing file /home/airflow/.local/lib/python3.8/site-packages/airflow/example_dags/tutorial.py for tasks to queue
[2026-04-08T08:33:31.919+0000] {logging_mixin.py:188} INFO - [2026-04-08T08:33:31.919+0000] {dagbag.py:538} INFO - Filling up the DagBag from /home/airflow/.local/lib/python3.8/site-packages/airflow/example_dags/tutorial.py
[2026-04-08T08:33:31.925+0000] {processor.py:840} INFO - DAG(s) 'tutorial' retrieved from /home/airflow/.local/lib/python3.8/site-packages/airflow/example_dags/tutorial.py
[2026-04-08T08:33:31.946+0000] {logging_mixin.py:188} INFO - [2026-04-08T08:33:31.946+0000] {dag.py:3033} INFO - Sync 1 DAGs
[2026-04-08T08:33:31.970+0000] {logging_mixin.py:188} INFO - [2026-04-08T08:33:31.970+0000] {dag.py:3820} INFO - Setting next_dagrun for tutorial to 2026-04-07T00:00:00+00:00, run_after=2026-04-08T00:00:00+00:00
[2026-04-08T08:33:31.988+0000] {processor.py:183} INFO - Processing /home/airflow/.local/lib/python3.8/site-packages/airflow/example_dags/tutorial.py took 0.075 seconds
[2026-04-08T08:34:02.914+0000] {processor.py:161} INFO - Started process (PID=1101) to work on /home/airflow/.local/lib/python3.8/site-packages/airflow/example_dags/tutorial.py
[2026-04-08T08:34:02.915+0000] {processor.py:830} INFO - Processing file /home/airflow/.local/lib/python3.8/site-packages/airflow/example_dags/tutorial.py for tasks to queue
[2026-04-08T08:34:02.918+0000] {logging_mixin.py:188} INFO - [2026-04-08T08:34:02.918+0000] {dagbag.py:538} INFO - Filling up the DagBag from /home/airflow/.local/lib/python3.8/site-packages/airflow/example_dags/tutorial.py
[2026-04-08T08:34:02.924+0000] {processor.py:840} INFO - DAG(s) 'tutorial' retrieved from /home/airflow/.local/lib/python3.8/site-packages/airflow/example_dags/tutorial.py
[2026-04-08T08:34:02.943+0000] {logging_mixin.py:188} INFO - [2026-04-08T08:34:02.943+0000] {dag.py:3033} INFO - Sync 1 DAGs
[2026-04-08T08:34:02.967+0000] {logging_mixin.py:188} INFO - [2026-04-08T08:34:02.966+0000] {dag.py:3820} INFO - Setting next_dagrun for tutorial to 2026-04-07T00:00:00+00:00, run_after=2026-04-08T00:00:00+00:00
[2026-04-08T08:34:02.987+0000] {processor.py:183} INFO - Processing /home/airflow/.local/lib/python3.8/site-packages/airflow/example_dags/tutorial.py took 0.078 seconds
[2026-04-08T08:34:33.673+0000] {processor.py:161} INFO - Started process (PID=1156) to work on /home/airflow/.local/lib/python3.8/site-packages/airflow/example_dags/tutorial.py
[2026-04-08T08:34:33.674+0000] {processor.py:830} INFO - Processing file /home/airflow/.local/lib/python3.8/site-packages/airflow/example_dags/tutorial.py for tasks to queue
[2026-04-08T08:34:33.676+0000] {logging_mixin.py:188} INFO - [2026-04-08T08:34:33.676+0000] {dagbag.py:538} INFO - Filling up the DagBag from /home/airflow/.local/lib/python3.8/site-packages/airflow/example_dags/tutorial.py
[2026-04-08T08:34:33.683+0000] {processor.py:840} INFO - DAG(s) 'tutorial' retrieved from /home/airflow/.local/lib/python3.8/site-packages/airflow/example_dags/tutorial.py
[2026-04-08T08:34:33.709+0000] {logging_mixin.py:188} INFO - [2026-04-08T08:34:33.709+0000] {dag.py:3033} INFO - Sync 1 DAGs
[2026-04-08T08:34:33.732+0000] {logging_mixin.py:188} INFO - [2026-04-08T08:34:33.732+0000] {dag.py:3820} INFO - Setting next_dagrun for tutorial to 2026-04-07T00:00:00+00:00, run_after=2026-04-08T00:00:00+00:00
[2026-04-08T08:34:33.752+0000] {processor.py:183} INFO - Processing /home/airflow/.local/lib/python3.8/site-packages/airflow/example_dags/tutorial.py took 0.082 seconds
[2026-04-08T08:35:03.871+0000] {processor.py:161} INFO - Started process (PID=1211) to work on /home/airflow/.local/lib/python3.8/site-packages/airflow/example_dags/tutorial.py
[2026-04-08T08:35:03.872+0000] {processor.py:830} INFO - Processing file /home/airflow/.local/lib/python3.8/site-packages/airflow/example_dags/tutorial.py for tasks to queue
[2026-04-08T08:35:03.875+0000] {logging_mixin.py:188} INFO - [2026-04-08T08:35:03.874+0000] {dagbag.py:538} INFO - Filling up the DagBag from /home/airflow/.local/lib/python3.8/site-packages/airflow/example_dags/tutorial.py
[2026-04-08T08:35:03.881+0000] {processor.py:840} INFO - DAG(s) 'tutorial' retrieved from /home/airflow/.local/lib/python3.8/site-packages/airflow/example_dags/tutorial.py
[2026-04-08T08:35:03.901+0000] {logging_mixin.py:188} INFO - [2026-04-08T08:35:03.901+0000] {dag.py:3033} INFO - Sync 1 DAGs
[2026-04-08T08:35:03.925+0000] {logging_mixin.py:188} INFO - [2026-04-08T08:35:03.924+0000] {dag.py:3820} INFO - Setting next_dagrun for tutorial to 2026-04-07T00:00:00+00:00, run_after=2026-04-08T00:00:00+00:00
[2026-04-08T08:35:03.944+0000] {processor.py:183} INFO - Processing /home/airflow/.local/lib/python3.8/site-packages/airflow/example_dags/tutorial.py took 0.076 seconds
[2026-04-08T08:35:34.128+0000] {processor.py:161} INFO - Started process (PID=1266) to work on /home/airflow/.local/lib/python3.8/site-packages/airflow/example_dags/tutorial.py
[2026-04-08T08:35:34.129+0000] {processor.py:830} INFO - Processing file /home/airflow/.local/lib/python3.8/site-packages/airflow/example_dags/tutorial.py for tasks to queue
[2026-04-08T08:35:34.131+0000] {logging_mixin.py:188} INFO - [2026-04-08T08:35:34.131+0000] {dagbag.py:538} INFO - Filling up the DagBag from /home/airflow/.local/lib/python3.8/site-packages/airflow/example_dags/tutorial.py
[2026-04-08T08:35:34.138+0000] {processor.py:840} INFO - DAG(s) 'tutorial' retrieved from /home/airflow/.local/lib/python3.8/site-packages/airflow/example_dags/tutorial.py
[2026-04-08T08:35:34.175+0000] {logging_mixin.py:188} INFO - [2026-04-08T08:35:34.175+0000] {dag.py:3033} INFO - Sync 1 DAGs
[2026-04-08T08:35:34.214+0000] {logging_mixin.py:188} INFO - [2026-04-08T08:35:34.213+0000] {dag.py:3820} INFO - Setting next_dagrun for tutorial to 2026-04-07T00:00:00+00:00, run_after=2026-04-08T00:00:00+00:00
[2026-04-08T08:35:34.244+0000] {processor.py:183} INFO - Processing /home/airflow/.local/lib/python3.8/site-packages/airflow/example_dags/tutorial.py took 0.120 seconds
[2026-04-08T08:36:04.277+0000] {processor.py:161} INFO - Started process (PID=1320) to work on /home/airflow/.local/lib/python3.8/site-packages/airflow/example_dags/tutorial.py
[2026-04-08T08:36:04.279+0000] {processor.py:830} INFO - Processing file /home/airflow/.local/lib/python3.8/site-packages/airflow/example_dags/tutorial.py for tasks to queue
[2026-04-08T08:36:04.281+0000] {logging_mixin.py:188} INFO - [2026-04-08T08:36:04.281+0000] {dagbag.py:538} INFO - Filling up the DagBag from /home/airflow/.local/lib/python3.8/site-packages/airflow/example_dags/tutorial.py
[2026-04-08T08:36:04.289+0000] {processor.py:840} INFO - DAG(s) 'tutorial' retrieved from /home/airflow/.local/lib/python3.8/site-packages/airflow/example_dags/tutorial.py
[2026-04-08T08:36:04.312+0000] {logging_mixin.py:188} INFO - [2026-04-08T08:36:04.311+0000] {dag.py:3033} INFO - Sync 1 DAGs
[2026-04-08T08:36:04.338+0000] {logging_mixin.py:188} INFO - [2026-04-08T08:36:04.338+0000] {dag.py:3820} INFO - Setting next_dagrun for tutorial to 2026-04-07T00:00:00+00:00, run_after=2026-04-08T00:00:00+00:00
[2026-04-08T08:36:04.352+0000] {processor.py:183} INFO - Processing /home/airflow/.local/lib/python3.8/site-packages/airflow/example_dags/tutorial.py took 0.080 seconds
[2026-04-08T08:36:34.466+0000] {processor.py:161} INFO - Started process (PID=1376) to work on /home/airflow/.local/lib/python3.8/site-packages/airflow/example_dags/tutorial.py
[2026-04-08T08:36:34.468+0000] {processor.py:830} INFO - Processing file /home/airflow/.local/lib/python3.8/site-packages/airflow/example_dags/tutorial.py for tasks to queue
[2026-04-08T08:36:34.472+0000] {logging_mixin.py:188} INFO - [2026-04-08T08:36:34.470+0000] {dagbag.py:538} INFO - Filling up the DagBag from /home/airflow/.local/lib/python3.8/site-packages/airflow/example_dags/tutorial.py
[2026-04-08T08:36:34.478+0000] {processor.py:840} INFO - DAG(s) 'tutorial' retrieved from /home/airflow/.local/lib/python3.8/site-packages/airflow/example_dags/tutorial.py
[2026-04-08T08:36:34.500+0000] {logging_mixin.py:188} INFO - [2026-04-08T08:36:34.500+0000] {dag.py:3033} INFO - Sync 1 DAGs
[2026-04-08T08:36:34.524+0000] {logging_mixin.py:188} INFO - [2026-04-08T08:36:34.524+0000] {dag.py:3820} INFO - Setting next_dagrun for tutorial to 2026-04-07T00:00:00+00:00, run_after=2026-04-08T00:00:00+00:00
[2026-04-08T08:36:34.543+0000] {processor.py:183} INFO - Processing /home/airflow/.local/lib/python3.8/site-packages/airflow/example_dags/tutorial.py took 0.082 seconds
[2026-04-08T08:37:05.331+0000] {processor.py:161} INFO - Started process (PID=1431) to work on /home/airflow/.local/lib/python3.8/site-packages/airflow/example_dags/tutorial.py
[2026-04-08T08:37:05.331+0000] {processor.py:830} INFO - Processing file /home/airflow/.local/lib/python3.8/site-packages/airflow/example_dags/tutorial.py for tasks to queue
[2026-04-08T08:37:05.333+0000] {logging_mixin.py:188} INFO - [2026-04-08T08:37:05.333+0000] {dagbag.py:538} INFO - Filling up the DagBag from /home/airflow/.local/lib/python3.8/site-packages/airflow/example_dags/tutorial.py
[2026-04-08T08:37:05.340+0000] {processor.py:840} INFO - DAG(s) 'tutorial' retrieved from /home/airflow/.local/lib/python3.8/site-packages/airflow/example_dags/tutorial.py
[2026-04-08T08:37:05.359+0000] {logging_mixin.py:188} INFO - [2026-04-08T08:37:05.359+0000] {dag.py:3033} INFO - Sync 1 DAGs
[2026-04-08T08:37:05.382+0000] {logging_mixin.py:188} INFO - [2026-04-08T08:37:05.382+0000] {dag.py:3820} INFO - Setting next_dagrun for tutorial to 2026-04-07T00:00:00+00:00, run_after=2026-04-08T00:00:00+00:00
[2026-04-08T08:37:05.400+0000] {processor.py:183} INFO - Processing /home/airflow/.local/lib/python3.8/site-packages/airflow/example_dags/tutorial.py took 0.075 seconds
[2026-04-08T08:37:36.201+0000] {processor.py:161} INFO - Started process (PID=1486) to work on /home/airflow/.local/lib/python3.8/site-packages/airflow/example_dags/tutorial.py
[2026-04-08T08:37:36.202+0000] {processor.py:830} INFO - Processing file /home/airflow/.local/lib/python3.8/site-packages/airflow/example_dags/tutorial.py for tasks to queue
[2026-04-08T08:37:36.204+0000] {logging_mixin.py:188} INFO - [2026-04-08T08:37:36.204+0000] {dagbag.py:538} INFO - Filling up the DagBag from /home/airflow/.local/lib/python3.8/site-packages/airflow/example_dags/tutorial.py
[2026-04-08T08:37:36.210+0000] {processor.py:840} INFO - DAG(s) 'tutorial' retrieved from /home/airflow/.local/lib/python3.8/site-packages/airflow/example_dags/tutorial.py
[2026-04-08T08:37:36.232+0000] {logging_mixin.py:188} INFO - [2026-04-08T08:37:36.231+0000] {dag.py:3033} INFO - Sync 1 DAGs
[2026-04-08T08:37:36.270+0000] {logging_mixin.py:188} INFO - [2026-04-08T08:37:36.270+0000] {dag.py:3820} INFO - Setting next_dagrun for tutorial to 2026-04-07T00:00:00+00:00, run_after=2026-04-08T00:00:00+00:00
[2026-04-08T08:37:36.290+0000] {processor.py:183} INFO - Processing /home/airflow/.local/lib/python3.8/site-packages/airflow/example_dags/tutorial.py took 0.093 seconds
[2026-04-08T08:38:06.745+0000] {processor.py:161} INFO - Started process (PID=1541) to work on /home/airflow/.local/lib/python3.8/site-packages/airflow/example_dags/tutorial.py
[2026-04-08T08:38:06.746+0000] {processor.py:830} INFO - Processing file /home/airflow/.local/lib/python3.8/site-packages/airflow/example_dags/tutorial.py for tasks to queue
[2026-04-08T08:38:06.748+0000] {logging_mixin.py:188} INFO - [2026-04-08T08:38:06.748+0000] {dagbag.py:538} INFO - Filling up the DagBag from /home/airflow/.local/lib/python3.8/site-packages/airflow/example_dags/tutorial.py
[2026-04-08T08:38:06.754+0000] {processor.py:840} INFO - DAG(s) 'tutorial' retrieved from /home/airflow/.local/lib/python3.8/site-packages/airflow/example_dags/tutorial.py
[2026-04-08T08:38:06.774+0000] {logging_mixin.py:188} INFO - [2026-04-08T08:38:06.774+0000] {dag.py:3033} INFO - Sync 1 DAGs
[2026-04-08T08:38:06.801+0000] {logging_mixin.py:188} INFO - [2026-04-08T08:38:06.801+0000] {dag.py:3820} INFO - Setting next_dagrun for tutorial to 2026-04-07T00:00:00+00:00, run_after=2026-04-08T00:00:00+00:00
[2026-04-08T08:38:06.833+0000] {processor.py:183} INFO - Processing /home/airflow/.local/lib/python3.8/site-packages/airflow/example_dags/tutorial.py took 0.091 seconds
[2026-04-08T08:38:37.417+0000] {processor.py:161} INFO - Started process (PID=1597) to work on /home/airflow/.local/lib/python3.8/site-packages/airflow/example_dags/tutorial.py
[2026-04-08T08:38:37.418+0000] {processor.py:830} INFO - Processing file /home/airflow/.local/lib/python3.8/site-packages/airflow/example_dags/tutorial.py for tasks to queue
[2026-04-08T08:38:37.420+0000] {logging_mixin.py:188} INFO - [2026-04-08T08:38:37.420+0000] {dagbag.py:538} INFO - Filling up the DagBag from /home/airflow/.local/lib/python3.8/site-packages/airflow/example_dags/tutorial.py
[2026-04-08T08:38:37.426+0000] {processor.py:840} INFO - DAG(s) 'tutorial' retrieved from /home/airflow/.local/lib/python3.8/site-packages/airflow/example_dags/tutorial.py
[2026-04-08T08:38:37.450+0000] {logging_mixin.py:188} INFO - [2026-04-08T08:38:37.450+0000] {dag.py:3033} INFO - Sync 1 DAGs
[2026-04-08T08:38:37.478+0000] {logging_mixin.py:188} INFO - [2026-04-08T08:38:37.478+0000] {dag.py:3820} INFO - Setting next_dagrun for tutorial to 2026-04-07T00:00:00+00:00, run_after=2026-04-08T00:00:00+00:00
[2026-04-08T08:38:37.496+0000] {processor.py:183} INFO - Processing /home/airflow/.local/lib/python3.8/site-packages/airflow/example_dags/tutorial.py took 0.082 seconds
[2026-04-08T08:39:07.876+0000] {processor.py:161} INFO - Started process (PID=1653) to work on /home/airflow/.local/lib/python3.8/site-packages/airflow/example_dags/tutorial.py
[2026-04-08T08:39:07.877+0000] {processor.py:830} INFO - Processing file /home/airflow/.local/lib/python3.8/site-packages/airflow/example_dags/tutorial.py for tasks to queue
[2026-04-08T08:39:07.882+0000] {logging_mixin.py:188} INFO - [2026-04-08T08:39:07.881+0000] {dagbag.py:538} INFO - Filling up the DagBag from /home/airflow/.local/lib/python3.8/site-packages/airflow/example_dags/tutorial.py
[2026-04-08T08:39:07.894+0000] {processor.py:840} INFO - DAG(s) 'tutorial' retrieved from /home/airflow/.local/lib/python3.8/site-packages/airflow/example_dags/tutorial.py
[2026-04-08T08:39:07.945+0000] {logging_mixin.py:188} INFO - [2026-04-08T08:39:07.945+0000] {dag.py:3033} INFO - Sync 1 DAGs
[2026-04-08T08:39:07.994+0000] {logging_mixin.py:188} INFO - [2026-04-08T08:39:07.994+0000] {dag.py:3820} INFO - Setting next_dagrun for tutorial to 2026-04-07T00:00:00+00:00, run_after=2026-04-08T00:00:00+00:00
[2026-04-08T08:39:08.029+0000] {processor.py:183} INFO - Processing /home/airflow/.local/lib/python3.8/site-packages/airflow/example_dags/tutorial.py took 0.160 seconds
[2026-04-08T08:39:38.379+0000] {processor.py:161} INFO - Started process (PID=1708) to work on /home/airflow/.local/lib/python3.8/site-packages/airflow/example_dags/tutorial.py
[2026-04-08T08:39:38.380+0000] {processor.py:830} INFO - Processing file /home/airflow/.local/lib/python3.8/site-packages/airflow/example_dags/tutorial.py for tasks to queue
[2026-04-08T08:39:38.382+0000] {logging_mixin.py:188} INFO - [2026-04-08T08:39:38.382+0000] {dagbag.py:538} INFO - Filling up the DagBag from /home/airflow/.local/lib/python3.8/site-packages/airflow/example_dags/tutorial.py
[2026-04-08T08:39:38.388+0000] {processor.py:840} INFO - DAG(s) 'tutorial' retrieved from /home/airflow/.local/lib/python3.8/site-packages/airflow/example_dags/tutorial.py
[2026-04-08T08:39:38.412+0000] {logging_mixin.py:188} INFO - [2026-04-08T08:39:38.412+0000] {dag.py:3033} INFO - Sync 1 DAGs
[2026-04-08T08:39:38.436+0000] {logging_mixin.py:188} INFO - [2026-04-08T08:39:38.435+0000] {dag.py:3820} INFO - Setting next_dagrun for tutorial to 2026-04-07T00:00:00+00:00, run_after=2026-04-08T00:00:00+00:00
[2026-04-08T08:39:38.456+0000] {processor.py:183} INFO - Processing /home/airflow/.local/lib/python3.8/site-packages/airflow/example_dags/tutorial.py took 0.080 seconds
[2026-04-08T08:40:08.925+0000] {processor.py:161} INFO - Started process (PID=1763) to work on /home/airflow/.local/lib/python3.8/site-packages/airflow/example_dags/tutorial.py
[2026-04-08T08:40:08.926+0000] {processor.py:830} INFO - Processing file /home/airflow/.local/lib/python3.8/site-packages/airflow/example_dags/tutorial.py for tasks to queue
[2026-04-08T08:40:08.928+0000] {logging_mixin.py:188} INFO - [2026-04-08T08:40:08.928+0000] {dagbag.py:538} INFO - Filling up the DagBag from /home/airflow/.local/lib/python3.8/site-packages/airflow/example_dags/tutorial.py
[2026-04-08T08:40:08.935+0000] {processor.py:840} INFO - DAG(s) 'tutorial' retrieved from /home/airflow/.local/lib/python3.8/site-packages/airflow/example_dags/tutorial.py
[2026-04-08T08:40:08.954+0000] {logging_mixin.py:188} INFO - [2026-04-08T08:40:08.954+0000] {dag.py:3033} INFO - Sync 1 DAGs
[2026-04-08T08:40:08.983+0000] {logging_mixin.py:188} INFO - [2026-04-08T08:40:08.983+0000] {dag.py:3820} INFO - Setting next_dagrun for tutorial to 2026-04-07T00:00:00+00:00, run_after=2026-04-08T00:00:00+00:00
[2026-04-08T08:40:09.006+0000] {processor.py:183} INFO - Processing /home/airflow/.local/lib/python3.8/site-packages/airflow/example_dags/tutorial.py took 0.084 seconds
[2026-04-08T08:40:39.925+0000] {processor.py:161} INFO - Started process (PID=1817) to work on /home/airflow/.local/lib/python3.8/site-packages/airflow/example_dags/tutorial.py
[2026-04-08T08:40:39.934+0000] {processor.py:830} INFO - Processing file /home/airflow/.local/lib/python3.8/site-packages/airflow/example_dags/tutorial.py for tasks to queue
[2026-04-08T08:40:39.942+0000] {logging_mixin.py:188} INFO - [2026-04-08T08:40:39.942+0000] {dagbag.py:538} INFO - Filling up the DagBag from /home/airflow/.local/lib/python3.8/site-packages/airflow/example_dags/tutorial.py
[2026-04-08T08:40:39.957+0000] {processor.py:840} INFO - DAG(s) 'tutorial' retrieved from /home/airflow/.local/lib/python3.8/site-packages/airflow/example_dags/tutorial.py
[2026-04-08T08:40:40.001+0000] {logging_mixin.py:188} INFO - [2026-04-08T08:40:40.001+0000] {dag.py:3033} INFO - Sync 1 DAGs
[2026-04-08T08:40:40.061+0000] {logging_mixin.py:188} INFO - [2026-04-08T08:40:40.061+0000] {dag.py:3820} INFO - Setting next_dagrun for tutorial to 2026-04-07T00:00:00+00:00, run_after=2026-04-08T00:00:00+00:00
[2026-04-08T08:40:40.329+0000] {processor.py:183} INFO - Processing /home/airflow/.local/lib/python3.8/site-packages/airflow/example_dags/tutorial.py took 0.418 seconds
[2026-04-08T08:41:11.255+0000] {processor.py:161} INFO - Started process (PID=1871) to work on /home/airflow/.local/lib/python3.8/site-packages/airflow/example_dags/tutorial.py
[2026-04-08T08:41:11.256+0000] {processor.py:830} INFO - Processing file /home/airflow/.local/lib/python3.8/site-packages/airflow/example_dags/tutorial.py for tasks to queue
[2026-04-08T08:41:11.262+0000] {logging_mixin.py:188} INFO - [2026-04-08T08:41:11.262+0000] {dagbag.py:538} INFO - Filling up the DagBag from /home/airflow/.local/lib/python3.8/site-packages/airflow/example_dags/tutorial.py
[2026-04-08T08:41:11.280+0000] {processor.py:840} INFO - DAG(s) 'tutorial' retrieved from /home/airflow/.local/lib/python3.8/site-packages/airflow/example_dags/tutorial.py
[2026-04-08T08:41:11.328+0000] {logging_mixin.py:188} INFO - [2026-04-08T08:41:11.328+0000] {dag.py:3033} INFO - Sync 1 DAGs
[2026-04-08T08:41:11.363+0000] {logging_mixin.py:188} INFO - [2026-04-08T08:41:11.363+0000] {dag.py:3820} INFO - Setting next_dagrun for tutorial to 2026-04-07T00:00:00+00:00, run_after=2026-04-08T00:00:00+00:00
[2026-04-08T08:41:11.391+0000] {processor.py:183} INFO - Processing /home/airflow/.local/lib/python3.8/site-packages/airflow/example_dags/tutorial.py took 0.143 seconds
[2026-04-08T08:41:42.075+0000] {processor.py:161} INFO - Started process (PID=1926) to work on /home/airflow/.local/lib/python3.8/site-packages/airflow/example_dags/tutorial.py
[2026-04-08T08:41:42.077+0000] {processor.py:830} INFO - Processing file /home/airflow/.local/lib/python3.8/site-packages/airflow/example_dags/tutorial.py for tasks to queue
[2026-04-08T08:41:42.080+0000] {logging_mixin.py:188} INFO - [2026-04-08T08:41:42.079+0000] {dagbag.py:538} INFO - Filling up the DagBag from /home/airflow/.local/lib/python3.8/site-packages/airflow/example_dags/tutorial.py
[2026-04-08T08:41:42.086+0000] {processor.py:840} INFO - DAG(s) 'tutorial' retrieved from /home/airflow/.local/lib/python3.8/site-packages/airflow/example_dags/tutorial.py
[2026-04-08T08:41:42.140+0000] {logging_mixin.py:188} INFO - [2026-04-08T08:41:42.139+0000] {dag.py:3033} INFO - Sync 1 DAGs
[2026-04-08T08:41:42.183+0000] {logging_mixin.py:188} INFO - [2026-04-08T08:41:42.183+0000] {dag.py:3820} INFO - Setting next_dagrun for tutorial to 2026-04-07T00:00:00+00:00, run_after=2026-04-08T00:00:00+00:00
[2026-04-08T08:41:42.213+0000] {processor.py:183} INFO - Processing /home/airflow/.local/lib/python3.8/site-packages/airflow/example_dags/tutorial.py took 0.140 seconds
[2026-04-08T08:42:12.741+0000] {processor.py:161} INFO - Started process (PID=1982) to work on /home/airflow/.local/lib/python3.8/site-packages/airflow/example_dags/tutorial.py
[2026-04-08T08:42:12.742+0000] {processor.py:830} INFO - Processing file /home/airflow/.local/lib/python3.8/site-packages/airflow/example_dags/tutorial.py for tasks to queue
[2026-04-08T08:42:12.745+0000] {logging_mixin.py:188} INFO - [2026-04-08T08:42:12.744+0000] {dagbag.py:538} INFO - Filling up the DagBag from /home/airflow/.local/lib/python3.8/site-packages/airflow/example_dags/tutorial.py
[2026-04-08T08:42:12.751+0000] {processor.py:840} INFO - DAG(s) 'tutorial' retrieved from /home/airflow/.local/lib/python3.8/site-packages/airflow/example_dags/tutorial.py
[2026-04-08T08:42:12.772+0000] {logging_mixin.py:188} INFO - [2026-04-08T08:42:12.772+0000] {dag.py:3033} INFO - Sync 1 DAGs
[2026-04-08T08:42:12.797+0000] {logging_mixin.py:188} INFO - [2026-04-08T08:42:12.797+0000] {dag.py:3820} INFO - Setting next_dagrun for tutorial to 2026-04-07T00:00:00+00:00, run_after=2026-04-08T00:00:00+00:00
[2026-04-08T08:42:12.814+0000] {processor.py:183} INFO - Processing /home/airflow/.local/lib/python3.8/site-packages/airflow/example_dags/tutorial.py took 0.077 seconds
[2026-04-08T08:42:43.623+0000] {processor.py:161} INFO - Started process (PID=2037) to work on /home/airflow/.local/lib/python3.8/site-packages/airflow/example_dags/tutorial.py
[2026-04-08T08:42:43.624+0000] {processor.py:830} INFO - Processing file /home/airflow/.local/lib/python3.8/site-packages/airflow/example_dags/tutorial.py for tasks to queue
[2026-04-08T08:42:43.626+0000] {logging_mixin.py:188} INFO - [2026-04-08T08:42:43.626+0000] {dagbag.py:538} INFO - Filling up the DagBag from /home/airflow/.local/lib/python3.8/site-packages/airflow/example_dags/tutorial.py
[2026-04-08T08:42:43.632+0000] {processor.py:840} INFO - DAG(s) 'tutorial' retrieved from /home/airflow/.local/lib/python3.8/site-packages/airflow/example_dags/tutorial.py
[2026-04-08T08:42:43.659+0000] {logging_mixin.py:188} INFO - [2026-04-08T08:42:43.659+0000] {dag.py:3033} INFO - Sync 1 DAGs
[2026-04-08T08:42:43.903+0000] {logging_mixin.py:188} INFO - [2026-04-08T08:42:43.902+0000] {dag.py:3820} INFO - Setting next_dagrun for tutorial to 2026-04-07T00:00:00+00:00, run_after=2026-04-08T00:00:00+00:00
[2026-04-08T08:42:43.922+0000] {processor.py:183} INFO - Processing /home/airflow/.local/lib/python3.8/site-packages/airflow/example_dags/tutorial.py took 0.302 seconds
[2026-04-08T08:43:14.020+0000] {processor.py:161} INFO - Started process (PID=2092) to work on /home/airflow/.local/lib/python3.8/site-packages/airflow/example_dags/tutorial.py
[2026-04-08T08:43:14.020+0000] {processor.py:830} INFO - Processing file /home/airflow/.local/lib/python3.8/site-packages/airflow/example_dags/tutorial.py for tasks to queue
[2026-04-08T08:43:14.023+0000] {logging_mixin.py:188} INFO - [2026-04-08T08:43:14.022+0000] {dagbag.py:538} INFO - Filling up the DagBag from /home/airflow/.local/lib/python3.8/site-packages/airflow/example_dags/tutorial.py
[2026-04-08T08:43:14.029+0000] {processor.py:840} INFO - DAG(s) 'tutorial' retrieved from /home/airflow/.local/lib/python3.8/site-packages/airflow/example_dags/tutorial.py
[2026-04-08T08:43:14.051+0000] {logging_mixin.py:188} INFO - [2026-04-08T08:43:14.051+0000] {dag.py:3033} INFO - Sync 1 DAGs
[2026-04-08T08:43:14.076+0000] {logging_mixin.py:188} INFO - [2026-04-08T08:43:14.076+0000] {dag.py:3820} INFO - Setting next_dagrun for tutorial to 2026-04-07T00:00:00+00:00, run_after=2026-04-08T00:00:00+00:00
[2026-04-08T08:43:14.206+0000] {processor.py:183} INFO - Processing /home/airflow/.local/lib/python3.8/site-packages/airflow/example_dags/tutorial.py took 0.189 seconds
[2026-04-08T08:43:44.605+0000] {processor.py:161} INFO - Started process (PID=2147) to work on /home/airflow/.local/lib/python3.8/site-packages/airflow/example_dags/tutorial.py
[2026-04-08T08:43:44.606+0000] {processor.py:830} INFO - Processing file /home/airflow/.local/lib/python3.8/site-packages/airflow/example_dags/tutorial.py for tasks to queue
[2026-04-08T08:43:44.608+0000] {logging_mixin.py:188} INFO - [2026-04-08T08:43:44.608+0000] {dagbag.py:538} INFO - Filling up the DagBag from /home/airflow/.local/lib/python3.8/site-packages/airflow/example_dags/tutorial.py
[2026-04-08T08:43:44.615+0000] {processor.py:840} INFO - DAG(s) 'tutorial' retrieved from /home/airflow/.local/lib/python3.8/site-packages/airflow/example_dags/tutorial.py
[2026-04-08T08:43:44.641+0000] {logging_mixin.py:188} INFO - [2026-04-08T08:43:44.640+0000] {dag.py:3033} INFO - Sync 1 DAGs
[2026-04-08T08:43:44.664+0000] {logging_mixin.py:188} INFO - [2026-04-08T08:43:44.664+0000] {dag.py:3820} INFO - Setting next_dagrun for tutorial to 2026-04-07T00:00:00+00:00, run_after=2026-04-08T00:00:00+00:00
[2026-04-08T08:43:44.685+0000] {processor.py:183} INFO - Processing /home/airflow/.local/lib/python3.8/site-packages/airflow/example_dags/tutorial.py took 0.083 seconds
[2026-04-08T08:44:15.496+0000] {processor.py:161} INFO - Started process (PID=2202) to work on /home/airflow/.local/lib/python3.8/site-packages/airflow/example_dags/tutorial.py
[2026-04-08T08:44:15.496+0000] {processor.py:830} INFO - Processing file /home/airflow/.local/lib/python3.8/site-packages/airflow/example_dags/tutorial.py for tasks to queue
[2026-04-08T08:44:15.499+0000] {logging_mixin.py:188} INFO - [2026-04-08T08:44:15.498+0000] {dagbag.py:538} INFO - Filling up the DagBag from /home/airflow/.local/lib/python3.8/site-packages/airflow/example_dags/tutorial.py
[2026-04-08T08:44:15.504+0000] {processor.py:840} INFO - DAG(s) 'tutorial' retrieved from /home/airflow/.local/lib/python3.8/site-packages/airflow/example_dags/tutorial.py
[2026-04-08T08:44:15.528+0000] {logging_mixin.py:188} INFO - [2026-04-08T08:44:15.528+0000] {dag.py:3033} INFO - Sync 1 DAGs
[2026-04-08T08:44:15.551+0000] {logging_mixin.py:188} INFO - [2026-04-08T08:44:15.551+0000] {dag.py:3820} INFO - Setting next_dagrun for tutorial to 2026-04-07T00:00:00+00:00, run_after=2026-04-08T00:00:00+00:00
[2026-04-08T08:44:15.578+0000] {processor.py:183} INFO - Processing /home/airflow/.local/lib/python3.8/site-packages/airflow/example_dags/tutorial.py took 0.085 seconds
[2026-04-08T08:44:45.714+0000] {processor.py:161} INFO - Started process (PID=2258) to work on /home/airflow/.local/lib/python3.8/site-packages/airflow/example_dags/tutorial.py
[2026-04-08T08:44:45.715+0000] {processor.py:830} INFO - Processing file /home/airflow/.local/lib/python3.8/site-packages/airflow/example_dags/tutorial.py for tasks to queue
[2026-04-08T08:44:45.717+0000] {logging_mixin.py:188} INFO - [2026-04-08T08:44:45.717+0000] {dagbag.py:538} INFO - Filling up the DagBag from /home/airflow/.local/lib/python3.8/site-packages/airflow/example_dags/tutorial.py
[2026-04-08T08:44:45.724+0000] {processor.py:840} INFO - DAG(s) 'tutorial' retrieved from /home/airflow/.local/lib/python3.8/site-packages/airflow/example_dags/tutorial.py
[2026-04-08T08:44:45.750+0000] {logging_mixin.py:188} INFO - [2026-04-08T08:44:45.749+0000] {dag.py:3033} INFO - Sync 1 DAGs
[2026-04-08T08:44:45.772+0000] {logging_mixin.py:188} INFO - [2026-04-08T08:44:45.772+0000] {dag.py:3820} INFO - Setting next_dagrun for tutorial to 2026-04-07T00:00:00+00:00, run_after=2026-04-08T00:00:00+00:00
[2026-04-08T08:44:45.789+0000] {processor.py:183} INFO - Processing /home/airflow/.local/lib/python3.8/site-packages/airflow/example_dags/tutorial.py took 0.078 seconds
[2026-04-08T08:45:15.820+0000] {processor.py:161} INFO - Started process (PID=2313) to work on /home/airflow/.local/lib/python3.8/site-packages/airflow/example_dags/tutorial.py
[2026-04-08T08:45:15.821+0000] {processor.py:830} INFO - Processing file /home/airflow/.local/lib/python3.8/site-packages/airflow/example_dags/tutorial.py for tasks to queue
[2026-04-08T08:45:15.823+0000] {logging_mixin.py:188} INFO - [2026-04-08T08:45:15.822+0000] {dagbag.py:538} INFO - Filling up the DagBag from /home/airflow/.local/lib/python3.8/site-packages/airflow/example_dags/tutorial.py
[2026-04-08T08:45:15.829+0000] {processor.py:840} INFO - DAG(s) 'tutorial' retrieved from /home/airflow/.local/lib/python3.8/site-packages/airflow/example_dags/tutorial.py
[2026-04-08T08:45:15.851+0000] {logging_mixin.py:188} INFO - [2026-04-08T08:45:15.851+0000] {dag.py:3033} INFO - Sync 1 DAGs
[2026-04-08T08:45:15.875+0000] {logging_mixin.py:188} INFO - [2026-04-08T08:45:15.875+0000] {dag.py:3820} INFO - Setting next_dagrun for tutorial to 2026-04-07T00:00:00+00:00, run_after=2026-04-08T00:00:00+00:00
[2026-04-08T08:45:15.893+0000] {processor.py:183} INFO - Processing /home/airflow/.local/lib/python3.8/site-packages/airflow/example_dags/tutorial.py took 0.076 seconds
[2026-04-08T08:45:45.988+0000] {processor.py:161} INFO - Started process (PID=2368) to work on /home/airflow/.local/lib/python3.8/site-packages/airflow/example_dags/tutorial.py
[2026-04-08T08:45:45.989+0000] {processor.py:830} INFO - Processing file /home/airflow/.local/lib/python3.8/site-packages/airflow/example_dags/tutorial.py for tasks to queue
[2026-04-08T08:45:45.991+0000] {logging_mixin.py:188} INFO - [2026-04-08T08:45:45.991+0000] {dagbag.py:538} INFO - Filling up the DagBag from /home/airflow/.local/lib/python3.8/site-packages/airflow/example_dags/tutorial.py
[2026-04-08T08:45:45.997+0000] {processor.py:840} INFO - DAG(s) 'tutorial' retrieved from /home/airflow/.local/lib/python3.8/site-packages/airflow/example_dags/tutorial.py
[2026-04-08T08:45:46.022+0000] {logging_mixin.py:188} INFO - [2026-04-08T08:45:46.021+0000] {dag.py:3033} INFO - Sync 1 DAGs
[2026-04-08T08:45:46.045+0000] {logging_mixin.py:188} INFO - [2026-04-08T08:45:46.044+0000] {dag.py:3820} INFO - Setting next_dagrun for tutorial to 2026-04-07T00:00:00+00:00, run_after=2026-04-08T00:00:00+00:00
[2026-04-08T08:45:46.062+0000] {processor.py:183} INFO - Processing /home/airflow/.local/lib/python3.8/site-packages/airflow/example_dags/tutorial.py took 0.076 seconds
[2026-04-08T08:46:16.145+0000] {processor.py:161} INFO - Started process (PID=2423) to work on /home/airflow/.local/lib/python3.8/site-packages/airflow/example_dags/tutorial.py
[2026-04-08T08:46:16.147+0000] {processor.py:830} INFO - Processing file /home/airflow/.local/lib/python3.8/site-packages/airflow/example_dags/tutorial.py for tasks to queue
[2026-04-08T08:46:16.151+0000] {logging_mixin.py:188} INFO - [2026-04-08T08:46:16.150+0000] {dagbag.py:538} INFO - Filling up the DagBag from /home/airflow/.local/lib/python3.8/site-packages/airflow/example_dags/tutorial.py
[2026-04-08T08:46:16.161+0000] {processor.py:840} INFO - DAG(s) 'tutorial' retrieved from /home/airflow/.local/lib/python3.8/site-packages/airflow/example_dags/tutorial.py
[2026-04-08T08:46:16.200+0000] {logging_mixin.py:188} INFO - [2026-04-08T08:46:16.200+0000] {dag.py:3033} INFO - Sync 1 DAGs
[2026-04-08T08:46:16.235+0000] {logging_mixin.py:188} INFO - [2026-04-08T08:46:16.235+0000] {dag.py:3820} INFO - Setting next_dagrun for tutorial to 2026-04-07T00:00:00+00:00, run_after=2026-04-08T00:00:00+00:00
[2026-04-08T08:46:16.270+0000] {processor.py:183} INFO - Processing /home/airflow/.local/lib/python3.8/site-packages/airflow/example_dags/tutorial.py took 0.129 seconds
[2026-04-08T08:46:46.732+0000] {processor.py:161} INFO - Started process (PID=2478) to work on /home/airflow/.local/lib/python3.8/site-packages/airflow/example_dags/tutorial.py
[2026-04-08T08:46:46.733+0000] {processor.py:830} INFO - Processing file /home/airflow/.local/lib/python3.8/site-packages/airflow/example_dags/tutorial.py for tasks to queue
[2026-04-08T08:46:46.735+0000] {logging_mixin.py:188} INFO - [2026-04-08T08:46:46.734+0000] {dagbag.py:538} INFO - Filling up the DagBag from /home/airflow/.local/lib/python3.8/site-packages/airflow/example_dags/tutorial.py
[2026-04-08T08:46:46.740+0000] {processor.py:840} INFO - DAG(s) 'tutorial' retrieved from /home/airflow/.local/lib/python3.8/site-packages/airflow/example_dags/tutorial.py
[2026-04-08T08:46:46.762+0000] {logging_mixin.py:188} INFO - [2026-04-08T08:46:46.761+0000] {dag.py:3033} INFO - Sync 1 DAGs
[2026-04-08T08:46:46.785+0000] {logging_mixin.py:188} INFO - [2026-04-08T08:46:46.785+0000] {dag.py:3820} INFO - Setting next_dagrun for tutorial to 2026-04-07T00:00:00+00:00, run_after=2026-04-08T00:00:00+00:00
[2026-04-08T08:46:46.804+0000] {processor.py:183} INFO - Processing /home/airflow/.local/lib/python3.8/site-packages/airflow/example_dags/tutorial.py took 0.075 seconds
[2026-04-08T08:47:17.354+0000] {processor.py:161} INFO - Started process (PID=2539) to work on /home/airflow/.local/lib/python3.8/site-packages/airflow/example_dags/tutorial.py
[2026-04-08T08:47:17.354+0000] {processor.py:830} INFO - Processing file /home/airflow/.local/lib/python3.8/site-packages/airflow/example_dags/tutorial.py for tasks to queue
[2026-04-08T08:47:17.357+0000] {logging_mixin.py:188} INFO - [2026-04-08T08:47:17.356+0000] {dagbag.py:538} INFO - Filling up the DagBag from /home/airflow/.local/lib/python3.8/site-packages/airflow/example_dags/tutorial.py
[2026-04-08T08:47:17.363+0000] {processor.py:840} INFO - DAG(s) 'tutorial' retrieved from /home/airflow/.local/lib/python3.8/site-packages/airflow/example_dags/tutorial.py
[2026-04-08T08:47:17.385+0000] {logging_mixin.py:188} INFO - [2026-04-08T08:47:17.385+0000] {dag.py:3033} INFO - Sync 1 DAGs
[2026-04-08T08:47:17.412+0000] {logging_mixin.py:188} INFO - [2026-04-08T08:47:17.412+0000] {dag.py:3820} INFO - Setting next_dagrun for tutorial to 2026-04-07T00:00:00+00:00, run_after=2026-04-08T00:00:00+00:00
[2026-04-08T08:47:17.430+0000] {processor.py:183} INFO - Processing /home/airflow/.local/lib/python3.8/site-packages/airflow/example_dags/tutorial.py took 0.079 seconds
[2026-04-08T08:47:47.704+0000] {processor.py:161} INFO - Started process (PID=2594) to work on /home/airflow/.local/lib/python3.8/site-packages/airflow/example_dags/tutorial.py
[2026-04-08T08:47:47.705+0000] {processor.py:830} INFO - Processing file /home/airflow/.local/lib/python3.8/site-packages/airflow/example_dags/tutorial.py for tasks to queue
[2026-04-08T08:47:47.707+0000] {logging_mixin.py:188} INFO - [2026-04-08T08:47:47.707+0000] {dagbag.py:538} INFO - Filling up the DagBag from /home/airflow/.local/lib/python3.8/site-packages/airflow/example_dags/tutorial.py
[2026-04-08T08:47:47.713+0000] {processor.py:840} INFO - DAG(s) 'tutorial' retrieved from /home/airflow/.local/lib/python3.8/site-packages/airflow/example_dags/tutorial.py
[2026-04-08T08:47:47.740+0000] {logging_mixin.py:188} INFO - [2026-04-08T08:47:47.740+0000] {dag.py:3033} INFO - Sync 1 DAGs
[2026-04-08T08:47:47.763+0000] {logging_mixin.py:188} INFO - [2026-04-08T08:47:47.763+0000] {dag.py:3820} INFO - Setting next_dagrun for tutorial to 2026-04-07T00:00:00+00:00, run_after=2026-04-08T00:00:00+00:00
[2026-04-08T08:47:47.781+0000] {processor.py:183} INFO - Processing /home/airflow/.local/lib/python3.8/site-packages/airflow/example_dags/tutorial.py took 0.080 seconds
[2026-04-08T08:48:17.827+0000] {processor.py:161} INFO - Started process (PID=2649) to work on /home/airflow/.local/lib/python3.8/site-packages/airflow/example_dags/tutorial.py
[2026-04-08T08:48:17.827+0000] {processor.py:830} INFO - Processing file /home/airflow/.local/lib/python3.8/site-packages/airflow/example_dags/tutorial.py for tasks to queue
[2026-04-08T08:48:17.830+0000] {logging_mixin.py:188} INFO - [2026-04-08T08:48:17.829+0000] {dagbag.py:538} INFO - Filling up the DagBag from /home/airflow/.local/lib/python3.8/site-packages/airflow/example_dags/tutorial.py
[2026-04-08T08:48:17.836+0000] {processor.py:840} INFO - DAG(s) 'tutorial' retrieved from /home/airflow/.local/lib/python3.8/site-packages/airflow/example_dags/tutorial.py
[2026-04-08T08:48:17.875+0000] {logging_mixin.py:188} INFO - [2026-04-08T08:48:17.875+0000] {dag.py:3033} INFO - Sync 1 DAGs
[2026-04-08T08:48:17.933+0000] {logging_mixin.py:188} INFO - [2026-04-08T08:48:17.933+0000] {dag.py:3820} INFO - Setting next_dagrun for tutorial to 2026-04-07T00:00:00+00:00, run_after=2026-04-08T00:00:00+00:00
[2026-04-08T08:48:17.968+0000] {processor.py:183} INFO - Processing /home/airflow/.local/lib/python3.8/site-packages/airflow/example_dags/tutorial.py took 0.145 seconds
[2026-04-08T08:48:48.183+0000] {processor.py:161} INFO - Started process (PID=2704) to work on /home/airflow/.local/lib/python3.8/site-packages/airflow/example_dags/tutorial.py
[2026-04-08T08:48:48.184+0000] {processor.py:830} INFO - Processing file /home/airflow/.local/lib/python3.8/site-packages/airflow/example_dags/tutorial.py for tasks to queue
[2026-04-08T08:48:48.186+0000] {logging_mixin.py:188} INFO - [2026-04-08T08:48:48.186+0000] {dagbag.py:538} INFO - Filling up the DagBag from /home/airflow/.local/lib/python3.8/site-packages/airflow/example_dags/tutorial.py
[2026-04-08T08:48:48.192+0000] {processor.py:840} INFO - DAG(s) 'tutorial' retrieved from /home/airflow/.local/lib/python3.8/site-packages/airflow/example_dags/tutorial.py
[2026-04-08T08:48:48.213+0000] {logging_mixin.py:188} INFO - [2026-04-08T08:48:48.213+0000] {dag.py:3033} INFO - Sync 1 DAGs
[2026-04-08T08:48:48.237+0000] {logging_mixin.py:188} INFO - [2026-04-08T08:48:48.236+0000] {dag.py:3820} INFO - Setting next_dagrun for tutorial to 2026-04-07T00:00:00+00:00, run_after=2026-04-08T00:00:00+00:00
[2026-04-08T08:48:48.272+0000] {processor.py:183} INFO - Processing /home/airflow/.local/lib/python3.8/site-packages/airflow/example_dags/tutorial.py took 0.093 seconds
[2026-04-08T08:49:19.223+0000] {processor.py:161} INFO - Started process (PID=2759) to work on /home/airflow/.local/lib/python3.8/site-packages/airflow/example_dags/tutorial.py
[2026-04-08T08:49:19.223+0000] {processor.py:830} INFO - Processing file /home/airflow/.local/lib/python3.8/site-packages/airflow/example_dags/tutorial.py for tasks to queue
[2026-04-08T08:49:19.226+0000] {logging_mixin.py:188} INFO - [2026-04-08T08:49:19.225+0000] {dagbag.py:538} INFO - Filling up the DagBag from /home/airflow/.local/lib/python3.8/site-packages/airflow/example_dags/tutorial.py
[2026-04-08T08:49:19.232+0000] {processor.py:840} INFO - DAG(s) 'tutorial' retrieved from /home/airflow/.local/lib/python3.8/site-packages/airflow/example_dags/tutorial.py
[2026-04-08T08:49:19.252+0000] {logging_mixin.py:188} INFO - [2026-04-08T08:49:19.252+0000] {dag.py:3033} INFO - Sync 1 DAGs
[2026-04-08T08:49:19.278+0000] {logging_mixin.py:188} INFO - [2026-04-08T08:49:19.278+0000] {dag.py:3820} INFO - Setting next_dagrun for tutorial to 2026-04-07T00:00:00+00:00, run_after=2026-04-08T00:00:00+00:00
[2026-04-08T08:49:19.297+0000] {processor.py:183} INFO - Processing /home/airflow/.local/lib/python3.8/site-packages/airflow/example_dags/tutorial.py took 0.078 seconds
[2026-04-08T08:49:49.437+0000] {processor.py:161} INFO - Started process (PID=2814) to work on /home/airflow/.local/lib/python3.8/site-packages/airflow/example_dags/tutorial.py
[2026-04-08T08:49:49.438+0000] {processor.py:830} INFO - Processing file /home/airflow/.local/lib/python3.8/site-packages/airflow/example_dags/tutorial.py for tasks to queue
[2026-04-08T08:49:49.441+0000] {logging_mixin.py:188} INFO - [2026-04-08T08:49:49.441+0000] {dagbag.py:538} INFO - Filling up the DagBag from /home/airflow/.local/lib/python3.8/site-packages/airflow/example_dags/tutorial.py
[2026-04-08T08:49:49.452+0000] {processor.py:840} INFO - DAG(s) 'tutorial' retrieved from /home/airflow/.local/lib/python3.8/site-packages/airflow/example_dags/tutorial.py
[2026-04-08T08:49:49.485+0000] {logging_mixin.py:188} INFO - [2026-04-08T08:49:49.485+0000] {dag.py:3033} INFO - Sync 1 DAGs
[2026-04-08T08:49:49.542+0000] {logging_mixin.py:188} INFO - [2026-04-08T08:49:49.542+0000] {dag.py:3820} INFO - Setting next_dagrun for tutorial to 2026-04-07T00:00:00+00:00, run_after=2026-04-08T00:00:00+00:00
[2026-04-08T08:49:49.562+0000] {processor.py:183} INFO - Processing /home/airflow/.local/lib/python3.8/site-packages/airflow/example_dags/tutorial.py took 0.128 seconds
[2026-04-08T08:50:20.312+0000] {processor.py:161} INFO - Started process (PID=2869) to work on /home/airflow/.local/lib/python3.8/site-packages/airflow/example_dags/tutorial.py
[2026-04-08T08:50:20.313+0000] {processor.py:830} INFO - Processing file /home/airflow/.local/lib/python3.8/site-packages/airflow/example_dags/tutorial.py for tasks to queue
[2026-04-08T08:50:20.315+0000] {logging_mixin.py:188} INFO - [2026-04-08T08:50:20.314+0000] {dagbag.py:538} INFO - Filling up the DagBag from /home/airflow/.local/lib/python3.8/site-packages/airflow/example_dags/tutorial.py
[2026-04-08T08:50:20.321+0000] {processor.py:840} INFO - DAG(s) 'tutorial' retrieved from /home/airflow/.local/lib/python3.8/site-packages/airflow/example_dags/tutorial.py
[2026-04-08T08:50:20.344+0000] {logging_mixin.py:188} INFO - [2026-04-08T08:50:20.344+0000] {dag.py:3033} INFO - Sync 1 DAGs
[2026-04-08T08:50:20.367+0000] {logging_mixin.py:188} INFO - [2026-04-08T08:50:20.367+0000] {dag.py:3820} INFO - Setting next_dagrun for tutorial to 2026-04-07T00:00:00+00:00, run_after=2026-04-08T00:00:00+00:00
[2026-04-08T08:50:20.387+0000] {processor.py:183} INFO - Processing /home/airflow/.local/lib/python3.8/site-packages/airflow/example_dags/tutorial.py took 0.079 seconds
[2026-04-08T08:50:51.007+0000] {processor.py:161} INFO - Started process (PID=2923) to work on /home/airflow/.local/lib/python3.8/site-packages/airflow/example_dags/tutorial.py
[2026-04-08T08:50:51.007+0000] {processor.py:830} INFO - Processing file /home/airflow/.local/lib/python3.8/site-packages/airflow/example_dags/tutorial.py for tasks to queue
[2026-04-08T08:50:51.010+0000] {logging_mixin.py:188} INFO - [2026-04-08T08:50:51.009+0000] {dagbag.py:538} INFO - Filling up the DagBag from /home/airflow/.local/lib/python3.8/site-packages/airflow/example_dags/tutorial.py
[2026-04-08T08:50:51.016+0000] {processor.py:840} INFO - DAG(s) 'tutorial' retrieved from /home/airflow/.local/lib/python3.8/site-packages/airflow/example_dags/tutorial.py
[2026-04-08T08:50:51.036+0000] {logging_mixin.py:188} INFO - [2026-04-08T08:50:51.036+0000] {dag.py:3033} INFO - Sync 1 DAGs
[2026-04-08T08:50:51.059+0000] {logging_mixin.py:188} INFO - [2026-04-08T08:50:51.059+0000] {dag.py:3820} INFO - Setting next_dagrun for tutorial to 2026-04-07T00:00:00+00:00, run_after=2026-04-08T00:00:00+00:00
[2026-04-08T08:50:51.082+0000] {processor.py:183} INFO - Processing /home/airflow/.local/lib/python3.8/site-packages/airflow/example_dags/tutorial.py took 0.079 seconds
[2026-04-08T08:51:21.272+0000] {processor.py:161} INFO - Started process (PID=2978) to work on /home/airflow/.local/lib/python3.8/site-packages/airflow/example_dags/tutorial.py
[2026-04-08T08:51:21.273+0000] {processor.py:830} INFO - Processing file /home/airflow/.local/lib/python3.8/site-packages/airflow/example_dags/tutorial.py for tasks to queue
[2026-04-08T08:51:21.278+0000] {logging_mixin.py:188} INFO - [2026-04-08T08:51:21.277+0000] {dagbag.py:538} INFO - Filling up the DagBag from /home/airflow/.local/lib/python3.8/site-packages/airflow/example_dags/tutorial.py
[2026-04-08T08:51:21.293+0000] {processor.py:840} INFO - DAG(s) 'tutorial' retrieved from /home/airflow/.local/lib/python3.8/site-packages/airflow/example_dags/tutorial.py
[2026-04-08T08:51:21.338+0000] {logging_mixin.py:188} INFO - [2026-04-08T08:51:21.337+0000] {dag.py:3033} INFO - Sync 1 DAGs
[2026-04-08T08:51:21.387+0000] {logging_mixin.py:188} INFO - [2026-04-08T08:51:21.387+0000] {dag.py:3820} INFO - Setting next_dagrun for tutorial to 2026-04-07T00:00:00+00:00, run_after=2026-04-08T00:00:00+00:00
[2026-04-08T08:51:21.444+0000] {processor.py:183} INFO - Processing /home/airflow/.local/lib/python3.8/site-packages/airflow/example_dags/tutorial.py took 0.179 seconds
[2026-04-08T08:51:51.830+0000] {processor.py:161} INFO - Started process (PID=3033) to work on /home/airflow/.local/lib/python3.8/site-packages/airflow/example_dags/tutorial.py
[2026-04-08T08:51:51.831+0000] {processor.py:830} INFO - Processing file /home/airflow/.local/lib/python3.8/site-packages/airflow/example_dags/tutorial.py for tasks to queue
[2026-04-08T08:51:51.833+0000] {logging_mixin.py:188} INFO - [2026-04-08T08:51:51.833+0000] {dagbag.py:538} INFO - Filling up the DagBag from /home/airflow/.local/lib/python3.8/site-packages/airflow/example_dags/tutorial.py
[2026-04-08T08:51:51.840+0000] {processor.py:840} INFO - DAG(s) 'tutorial' retrieved from /home/airflow/.local/lib/python3.8/site-packages/airflow/example_dags/tutorial.py
[2026-04-08T08:51:51.862+0000] {logging_mixin.py:188} INFO - [2026-04-08T08:51:51.862+0000] {dag.py:3033} INFO - Sync 1 DAGs
[2026-04-08T08:51:51.886+0000] {logging_mixin.py:188} INFO - [2026-04-08T08:51:51.886+0000] {dag.py:3820} INFO - Setting next_dagrun for tutorial to 2026-04-07T00:00:00+00:00, run_after=2026-04-08T00:00:00+00:00
[2026-04-08T08:51:51.910+0000] {processor.py:183} INFO - Processing /home/airflow/.local/lib/python3.8/site-packages/airflow/example_dags/tutorial.py took 0.083 seconds
[2026-04-08T08:52:21.962+0000] {processor.py:161} INFO - Started process (PID=3088) to work on /home/airflow/.local/lib/python3.8/site-packages/airflow/example_dags/tutorial.py
[2026-04-08T08:52:21.962+0000] {processor.py:830} INFO - Processing file /home/airflow/.local/lib/python3.8/site-packages/airflow/example_dags/tutorial.py for tasks to queue
[2026-04-08T08:52:21.964+0000] {logging_mixin.py:188} INFO - [2026-04-08T08:52:21.964+0000] {dagbag.py:538} INFO - Filling up the DagBag from /home/airflow/.local/lib/python3.8/site-packages/airflow/example_dags/tutorial.py
[2026-04-08T08:52:21.970+0000] {processor.py:840} INFO - DAG(s) 'tutorial' retrieved from /home/airflow/.local/lib/python3.8/site-packages/airflow/example_dags/tutorial.py
[2026-04-08T08:52:21.990+0000] {logging_mixin.py:188} INFO - [2026-04-08T08:52:21.990+0000] {dag.py:3033} INFO - Sync 1 DAGs
[2026-04-08T08:52:22.014+0000] {logging_mixin.py:188} INFO - [2026-04-08T08:52:22.013+0000] {dag.py:3820} INFO - Setting next_dagrun for tutorial to 2026-04-07T00:00:00+00:00, run_after=2026-04-08T00:00:00+00:00
[2026-04-08T08:52:22.031+0000] {processor.py:183} INFO - Processing /home/airflow/.local/lib/python3.8/site-packages/airflow/example_dags/tutorial.py took 0.073 seconds
[2026-04-08T08:52:52.820+0000] {processor.py:161} INFO - Started process (PID=3143) to work on /home/airflow/.local/lib/python3.8/site-packages/airflow/example_dags/tutorial.py
[2026-04-08T08:52:52.821+0000] {processor.py:830} INFO - Processing file /home/airflow/.local/lib/python3.8/site-packages/airflow/example_dags/tutorial.py for tasks to queue
[2026-04-08T08:52:52.823+0000] {logging_mixin.py:188} INFO - [2026-04-08T08:52:52.823+0000] {dagbag.py:538} INFO - Filling up the DagBag from /home/airflow/.local/lib/python3.8/site-packages/airflow/example_dags/tutorial.py
[2026-04-08T08:52:52.829+0000] {processor.py:840} INFO - DAG(s) 'tutorial' retrieved from /home/airflow/.local/lib/python3.8/site-packages/airflow/example_dags/tutorial.py
[2026-04-08T08:52:52.848+0000] {logging_mixin.py:188} INFO - [2026-04-08T08:52:52.848+0000] {dag.py:3033} INFO - Sync 1 DAGs
[2026-04-08T08:52:52.873+0000] {logging_mixin.py:188} INFO - [2026-04-08T08:52:52.873+0000] {dag.py:3820} INFO - Setting next_dagrun for tutorial to 2026-04-07T00:00:00+00:00, run_after=2026-04-08T00:00:00+00:00
[2026-04-08T08:52:52.891+0000] {processor.py:183} INFO - Processing /home/airflow/.local/lib/python3.8/site-packages/airflow/example_dags/tutorial.py took 0.074 seconds
[2026-04-08T08:53:23.655+0000] {processor.py:161} INFO - Started process (PID=3198) to work on /home/airflow/.local/lib/python3.8/site-packages/airflow/example_dags/tutorial.py
[2026-04-08T08:53:23.656+0000] {processor.py:830} INFO - Processing file /home/airflow/.local/lib/python3.8/site-packages/airflow/example_dags/tutorial.py for tasks to queue
[2026-04-08T08:53:23.659+0000] {logging_mixin.py:188} INFO - [2026-04-08T08:53:23.658+0000] {dagbag.py:538} INFO - Filling up the DagBag from /home/airflow/.local/lib/python3.8/site-packages/airflow/example_dags/tutorial.py
[2026-04-08T08:53:23.665+0000] {processor.py:840} INFO - DAG(s) 'tutorial' retrieved from /home/airflow/.local/lib/python3.8/site-packages/airflow/example_dags/tutorial.py
[2026-04-08T08:53:23.687+0000] {logging_mixin.py:188} INFO - [2026-04-08T08:53:23.687+0000] {dag.py:3033} INFO - Sync 1 DAGs
[2026-04-08T08:53:23.714+0000] {logging_mixin.py:188} INFO - [2026-04-08T08:53:23.714+0000] {dag.py:3820} INFO - Setting next_dagrun for tutorial to 2026-04-07T00:00:00+00:00, run_after=2026-04-08T00:00:00+00:00
[2026-04-08T08:53:23.732+0000] {processor.py:183} INFO - Processing /home/airflow/.local/lib/python3.8/site-packages/airflow/example_dags/tutorial.py took 0.080 seconds
[2026-04-08T09:13:14.236+0000] {processor.py:161} INFO - Started process (PID=103) to work on /home/airflow/.local/lib/python3.8/site-packages/airflow/example_dags/tutorial.py
[2026-04-08T09:13:14.239+0000] {processor.py:830} INFO - Processing file /home/airflow/.local/lib/python3.8/site-packages/airflow/example_dags/tutorial.py for tasks to queue
[2026-04-08T09:13:14.248+0000] {logging_mixin.py:188} INFO - [2026-04-08T09:13:14.246+0000] {dagbag.py:538} INFO - Filling up the DagBag from /home/airflow/.local/lib/python3.8/site-packages/airflow/example_dags/tutorial.py
[2026-04-08T09:13:14.262+0000] {processor.py:840} INFO - DAG(s) 'tutorial' retrieved from /home/airflow/.local/lib/python3.8/site-packages/airflow/example_dags/tutorial.py
[2026-04-08T09:13:14.314+0000] {logging_mixin.py:188} INFO - [2026-04-08T09:13:14.314+0000] {dag.py:3033} INFO - Sync 1 DAGs
[2026-04-08T09:13:14.342+0000] {logging_mixin.py:188} INFO - [2026-04-08T09:13:14.342+0000] {dag.py:3820} INFO - Setting next_dagrun for tutorial to 2026-04-07T00:00:00+00:00, run_after=2026-04-08T00:00:00+00:00
[2026-04-08T09:13:14.438+0000] {processor.py:183} INFO - Processing /home/airflow/.local/lib/python3.8/site-packages/airflow/example_dags/tutorial.py took 0.212 seconds
[2026-04-08T09:13:45.356+0000] {processor.py:161} INFO - Started process (PID=158) to work on /home/airflow/.local/lib/python3.8/site-packages/airflow/example_dags/tutorial.py
[2026-04-08T09:13:45.361+0000] {processor.py:830} INFO - Processing file /home/airflow/.local/lib/python3.8/site-packages/airflow/example_dags/tutorial.py for tasks to queue
[2026-04-08T09:13:45.364+0000] {logging_mixin.py:188} INFO - [2026-04-08T09:13:45.364+0000] {dagbag.py:538} INFO - Filling up the DagBag from /home/airflow/.local/lib/python3.8/site-packages/airflow/example_dags/tutorial.py
[2026-04-08T09:13:45.377+0000] {processor.py:840} INFO - DAG(s) 'tutorial' retrieved from /home/airflow/.local/lib/python3.8/site-packages/airflow/example_dags/tutorial.py
[2026-04-08T09:13:45.424+0000] {logging_mixin.py:188} INFO - [2026-04-08T09:13:45.424+0000] {dag.py:3033} INFO - Sync 1 DAGs
[2026-04-08T09:13:45.503+0000] {logging_mixin.py:188} INFO - [2026-04-08T09:13:45.503+0000] {dag.py:3820} INFO - Setting next_dagrun for tutorial to 2026-04-07T00:00:00+00:00, run_after=2026-04-08T00:00:00+00:00
[2026-04-08T09:13:45.554+0000] {processor.py:183} INFO - Processing /home/airflow/.local/lib/python3.8/site-packages/airflow/example_dags/tutorial.py took 0.203 seconds
[2026-04-08T09:14:16.428+0000] {processor.py:161} INFO - Started process (PID=212) to work on /home/airflow/.local/lib/python3.8/site-packages/airflow/example_dags/tutorial.py
[2026-04-08T09:14:16.430+0000] {processor.py:830} INFO - Processing file /home/airflow/.local/lib/python3.8/site-packages/airflow/example_dags/tutorial.py for tasks to queue
[2026-04-08T09:14:16.432+0000] {logging_mixin.py:188} INFO - [2026-04-08T09:14:16.432+0000] {dagbag.py:538} INFO - Filling up the DagBag from /home/airflow/.local/lib/python3.8/site-packages/airflow/example_dags/tutorial.py
[2026-04-08T09:14:16.445+0000] {processor.py:840} INFO - DAG(s) 'tutorial' retrieved from /home/airflow/.local/lib/python3.8/site-packages/airflow/example_dags/tutorial.py
[2026-04-08T09:14:16.470+0000] {logging_mixin.py:188} INFO - [2026-04-08T09:14:16.470+0000] {dag.py:3033} INFO - Sync 1 DAGs
[2026-04-08T09:14:16.495+0000] {logging_mixin.py:188} INFO - [2026-04-08T09:14:16.495+0000] {dag.py:3820} INFO - Setting next_dagrun for tutorial to 2026-04-07T00:00:00+00:00, run_after=2026-04-08T00:00:00+00:00
[2026-04-08T09:14:16.518+0000] {processor.py:183} INFO - Processing /home/airflow/.local/lib/python3.8/site-packages/airflow/example_dags/tutorial.py took 0.098 seconds
[2026-04-08T09:14:46.835+0000] {processor.py:161} INFO - Started process (PID=267) to work on /home/airflow/.local/lib/python3.8/site-packages/airflow/example_dags/tutorial.py
[2026-04-08T09:14:46.837+0000] {processor.py:830} INFO - Processing file /home/airflow/.local/lib/python3.8/site-packages/airflow/example_dags/tutorial.py for tasks to queue
[2026-04-08T09:14:46.842+0000] {logging_mixin.py:188} INFO - [2026-04-08T09:14:46.842+0000] {dagbag.py:538} INFO - Filling up the DagBag from /home/airflow/.local/lib/python3.8/site-packages/airflow/example_dags/tutorial.py
[2026-04-08T09:14:46.854+0000] {processor.py:840} INFO - DAG(s) 'tutorial' retrieved from /home/airflow/.local/lib/python3.8/site-packages/airflow/example_dags/tutorial.py
[2026-04-08T09:14:46.941+0000] {logging_mixin.py:188} INFO - [2026-04-08T09:14:46.941+0000] {dag.py:3033} INFO - Sync 1 DAGs
[2026-04-08T09:14:47.004+0000] {logging_mixin.py:188} INFO - [2026-04-08T09:14:47.004+0000] {dag.py:3820} INFO - Setting next_dagrun for tutorial to 2026-04-07T00:00:00+00:00, run_after=2026-04-08T00:00:00+00:00
[2026-04-08T09:14:47.089+0000] {processor.py:183} INFO - Processing /home/airflow/.local/lib/python3.8/site-packages/airflow/example_dags/tutorial.py took 0.262 seconds
[2026-04-08T09:15:17.900+0000] {processor.py:161} INFO - Started process (PID=322) to work on /home/airflow/.local/lib/python3.8/site-packages/airflow/example_dags/tutorial.py
[2026-04-08T09:15:17.915+0000] {processor.py:830} INFO - Processing file /home/airflow/.local/lib/python3.8/site-packages/airflow/example_dags/tutorial.py for tasks to queue
[2026-04-08T09:15:17.921+0000] {logging_mixin.py:188} INFO - [2026-04-08T09:15:17.921+0000] {dagbag.py:538} INFO - Filling up the DagBag from /home/airflow/.local/lib/python3.8/site-packages/airflow/example_dags/tutorial.py
[2026-04-08T09:15:17.938+0000] {processor.py:840} INFO - DAG(s) 'tutorial' retrieved from /home/airflow/.local/lib/python3.8/site-packages/airflow/example_dags/tutorial.py
[2026-04-08T09:15:17.959+0000] {logging_mixin.py:188} INFO - [2026-04-08T09:15:17.959+0000] {dag.py:3033} INFO - Sync 1 DAGs
[2026-04-08T09:15:17.986+0000] {logging_mixin.py:188} INFO - [2026-04-08T09:15:17.984+0000] {dag.py:3820} INFO - Setting next_dagrun for tutorial to 2026-04-07T00:00:00+00:00, run_after=2026-04-08T00:00:00+00:00
[2026-04-08T09:15:18.018+0000] {processor.py:183} INFO - Processing /home/airflow/.local/lib/python3.8/site-packages/airflow/example_dags/tutorial.py took 0.129 seconds
[2026-04-08T09:15:48.851+0000] {processor.py:161} INFO - Started process (PID=377) to work on /home/airflow/.local/lib/python3.8/site-packages/airflow/example_dags/tutorial.py
[2026-04-08T09:15:48.860+0000] {processor.py:830} INFO - Processing file /home/airflow/.local/lib/python3.8/site-packages/airflow/example_dags/tutorial.py for tasks to queue
[2026-04-08T09:15:48.865+0000] {logging_mixin.py:188} INFO - [2026-04-08T09:15:48.865+0000] {dagbag.py:538} INFO - Filling up the DagBag from /home/airflow/.local/lib/python3.8/site-packages/airflow/example_dags/tutorial.py
[2026-04-08T09:15:48.872+0000] {processor.py:840} INFO - DAG(s) 'tutorial' retrieved from /home/airflow/.local/lib/python3.8/site-packages/airflow/example_dags/tutorial.py
[2026-04-08T09:15:48.905+0000] {logging_mixin.py:188} INFO - [2026-04-08T09:15:48.905+0000] {dag.py:3033} INFO - Sync 1 DAGs
[2026-04-08T09:15:48.930+0000] {logging_mixin.py:188} INFO - [2026-04-08T09:15:48.930+0000] {dag.py:3820} INFO - Setting next_dagrun for tutorial to 2026-04-07T00:00:00+00:00, run_after=2026-04-08T00:00:00+00:00
[2026-04-08T09:15:48.951+0000] {processor.py:183} INFO - Processing /home/airflow/.local/lib/python3.8/site-packages/airflow/example_dags/tutorial.py took 0.104 seconds
[2026-04-08T09:16:19.060+0000] {processor.py:161} INFO - Started process (PID=432) to work on /home/airflow/.local/lib/python3.8/site-packages/airflow/example_dags/tutorial.py
[2026-04-08T09:16:19.061+0000] {processor.py:830} INFO - Processing file /home/airflow/.local/lib/python3.8/site-packages/airflow/example_dags/tutorial.py for tasks to queue
[2026-04-08T09:16:19.064+0000] {logging_mixin.py:188} INFO - [2026-04-08T09:16:19.064+0000] {dagbag.py:538} INFO - Filling up the DagBag from /home/airflow/.local/lib/python3.8/site-packages/airflow/example_dags/tutorial.py
[2026-04-08T09:16:19.071+0000] {processor.py:840} INFO - DAG(s) 'tutorial' retrieved from /home/airflow/.local/lib/python3.8/site-packages/airflow/example_dags/tutorial.py
[2026-04-08T09:16:19.094+0000] {logging_mixin.py:188} INFO - [2026-04-08T09:16:19.094+0000] {dag.py:3033} INFO - Sync 1 DAGs
[2026-04-08T09:16:19.119+0000] {logging_mixin.py:188} INFO - [2026-04-08T09:16:19.119+0000] {dag.py:3820} INFO - Setting next_dagrun for tutorial to 2026-04-07T00:00:00+00:00, run_after=2026-04-08T00:00:00+00:00
[2026-04-08T09:16:19.145+0000] {processor.py:183} INFO - Processing /home/airflow/.local/lib/python3.8/site-packages/airflow/example_dags/tutorial.py took 0.088 seconds
[2026-04-08T09:16:49.676+0000] {processor.py:161} INFO - Started process (PID=487) to work on /home/airflow/.local/lib/python3.8/site-packages/airflow/example_dags/tutorial.py
[2026-04-08T09:16:49.677+0000] {processor.py:830} INFO - Processing file /home/airflow/.local/lib/python3.8/site-packages/airflow/example_dags/tutorial.py for tasks to queue
[2026-04-08T09:16:49.680+0000] {logging_mixin.py:188} INFO - [2026-04-08T09:16:49.679+0000] {dagbag.py:538} INFO - Filling up the DagBag from /home/airflow/.local/lib/python3.8/site-packages/airflow/example_dags/tutorial.py
[2026-04-08T09:16:49.687+0000] {processor.py:840} INFO - DAG(s) 'tutorial' retrieved from /home/airflow/.local/lib/python3.8/site-packages/airflow/example_dags/tutorial.py
[2026-04-08T09:16:49.710+0000] {logging_mixin.py:188} INFO - [2026-04-08T09:16:49.710+0000] {dag.py:3033} INFO - Sync 1 DAGs
[2026-04-08T09:16:49.737+0000] {logging_mixin.py:188} INFO - [2026-04-08T09:16:49.737+0000] {dag.py:3820} INFO - Setting next_dagrun for tutorial to 2026-04-07T00:00:00+00:00, run_after=2026-04-08T00:00:00+00:00
[2026-04-08T09:16:49.769+0000] {processor.py:183} INFO - Processing /home/airflow/.local/lib/python3.8/site-packages/airflow/example_dags/tutorial.py took 0.097 seconds
[2026-04-08T09:17:19.851+0000] {processor.py:161} INFO - Started process (PID=542) to work on /home/airflow/.local/lib/python3.8/site-packages/airflow/example_dags/tutorial.py
[2026-04-08T09:17:19.853+0000] {processor.py:830} INFO - Processing file /home/airflow/.local/lib/python3.8/site-packages/airflow/example_dags/tutorial.py for tasks to queue
[2026-04-08T09:17:19.856+0000] {logging_mixin.py:188} INFO - [2026-04-08T09:17:19.855+0000] {dagbag.py:538} INFO - Filling up the DagBag from /home/airflow/.local/lib/python3.8/site-packages/airflow/example_dags/tutorial.py
[2026-04-08T09:17:19.862+0000] {processor.py:840} INFO - DAG(s) 'tutorial' retrieved from /home/airflow/.local/lib/python3.8/site-packages/airflow/example_dags/tutorial.py
[2026-04-08T09:17:19.891+0000] {logging_mixin.py:188} INFO - [2026-04-08T09:17:19.891+0000] {dag.py:3033} INFO - Sync 1 DAGs
[2026-04-08T09:17:19.926+0000] {logging_mixin.py:188} INFO - [2026-04-08T09:17:19.925+0000] {dag.py:3820} INFO - Setting next_dagrun for tutorial to 2026-04-07T00:00:00+00:00, run_after=2026-04-08T00:00:00+00:00
[2026-04-08T09:17:19.970+0000] {processor.py:183} INFO - Processing /home/airflow/.local/lib/python3.8/site-packages/airflow/example_dags/tutorial.py took 0.122 seconds
[2026-04-08T09:17:51.236+0000] {processor.py:161} INFO - Started process (PID=597) to work on /home/airflow/.local/lib/python3.8/site-packages/airflow/example_dags/tutorial.py
[2026-04-08T09:17:51.255+0000] {processor.py:830} INFO - Processing file /home/airflow/.local/lib/python3.8/site-packages/airflow/example_dags/tutorial.py for tasks to queue
[2026-04-08T09:17:51.262+0000] {logging_mixin.py:188} INFO - [2026-04-08T09:17:51.262+0000] {dagbag.py:538} INFO - Filling up the DagBag from /home/airflow/.local/lib/python3.8/site-packages/airflow/example_dags/tutorial.py
[2026-04-08T09:17:51.278+0000] {processor.py:840} INFO - DAG(s) 'tutorial' retrieved from /home/airflow/.local/lib/python3.8/site-packages/airflow/example_dags/tutorial.py
[2026-04-08T09:17:51.315+0000] {logging_mixin.py:188} INFO - [2026-04-08T09:17:51.315+0000] {dag.py:3033} INFO - Sync 1 DAGs
[2026-04-08T09:17:51.341+0000] {logging_mixin.py:188} INFO - [2026-04-08T09:17:51.340+0000] {dag.py:3820} INFO - Setting next_dagrun for tutorial to 2026-04-07T00:00:00+00:00, run_after=2026-04-08T00:00:00+00:00
[2026-04-08T09:17:51.361+0000] {processor.py:183} INFO - Processing /home/airflow/.local/lib/python3.8/site-packages/airflow/example_dags/tutorial.py took 0.144 seconds
[2026-04-08T09:18:22.383+0000] {processor.py:161} INFO - Started process (PID=653) to work on /home/airflow/.local/lib/python3.8/site-packages/airflow/example_dags/tutorial.py
[2026-04-08T09:18:22.391+0000] {processor.py:830} INFO - Processing file /home/airflow/.local/lib/python3.8/site-packages/airflow/example_dags/tutorial.py for tasks to queue
[2026-04-08T09:18:22.398+0000] {logging_mixin.py:188} INFO - [2026-04-08T09:18:22.398+0000] {dagbag.py:538} INFO - Filling up the DagBag from /home/airflow/.local/lib/python3.8/site-packages/airflow/example_dags/tutorial.py
[2026-04-08T09:18:22.435+0000] {processor.py:840} INFO - DAG(s) 'tutorial' retrieved from /home/airflow/.local/lib/python3.8/site-packages/airflow/example_dags/tutorial.py
[2026-04-08T09:18:22.529+0000] {logging_mixin.py:188} INFO - [2026-04-08T09:18:22.529+0000] {dag.py:3033} INFO - Sync 1 DAGs
[2026-04-08T09:18:22.617+0000] {logging_mixin.py:188} INFO - [2026-04-08T09:18:22.617+0000] {dag.py:3820} INFO - Setting next_dagrun for tutorial to 2026-04-07T00:00:00+00:00, run_after=2026-04-08T00:00:00+00:00
[2026-04-08T09:18:22.739+0000] {processor.py:183} INFO - Processing /home/airflow/.local/lib/python3.8/site-packages/airflow/example_dags/tutorial.py took 0.373 seconds
[2026-04-08T09:18:53.553+0000] {processor.py:161} INFO - Started process (PID=709) to work on /home/airflow/.local/lib/python3.8/site-packages/airflow/example_dags/tutorial.py
[2026-04-08T09:18:53.555+0000] {processor.py:830} INFO - Processing file /home/airflow/.local/lib/python3.8/site-packages/airflow/example_dags/tutorial.py for tasks to queue
[2026-04-08T09:18:53.557+0000] {logging_mixin.py:188} INFO - [2026-04-08T09:18:53.557+0000] {dagbag.py:538} INFO - Filling up the DagBag from /home/airflow/.local/lib/python3.8/site-packages/airflow/example_dags/tutorial.py
[2026-04-08T09:18:53.564+0000] {processor.py:840} INFO - DAG(s) 'tutorial' retrieved from /home/airflow/.local/lib/python3.8/site-packages/airflow/example_dags/tutorial.py
[2026-04-08T09:18:53.587+0000] {logging_mixin.py:188} INFO - [2026-04-08T09:18:53.586+0000] {dag.py:3033} INFO - Sync 1 DAGs
[2026-04-08T09:18:53.628+0000] {logging_mixin.py:188} INFO - [2026-04-08T09:18:53.628+0000] {dag.py:3820} INFO - Setting next_dagrun for tutorial to 2026-04-07T00:00:00+00:00, run_after=2026-04-08T00:00:00+00:00
[2026-04-08T09:18:53.646+0000] {processor.py:183} INFO - Processing /home/airflow/.local/lib/python3.8/site-packages/airflow/example_dags/tutorial.py took 0.097 seconds
[2026-04-08T09:19:24.078+0000] {processor.py:161} INFO - Started process (PID=765) to work on /home/airflow/.local/lib/python3.8/site-packages/airflow/example_dags/tutorial.py
[2026-04-08T09:19:24.079+0000] {processor.py:830} INFO - Processing file /home/airflow/.local/lib/python3.8/site-packages/airflow/example_dags/tutorial.py for tasks to queue
[2026-04-08T09:19:24.082+0000] {logging_mixin.py:188} INFO - [2026-04-08T09:19:24.081+0000] {dagbag.py:538} INFO - Filling up the DagBag from /home/airflow/.local/lib/python3.8/site-packages/airflow/example_dags/tutorial.py
[2026-04-08T09:19:24.090+0000] {processor.py:840} INFO - DAG(s) 'tutorial' retrieved from /home/airflow/.local/lib/python3.8/site-packages/airflow/example_dags/tutorial.py
[2026-04-08T09:19:24.111+0000] {logging_mixin.py:188} INFO - [2026-04-08T09:19:24.111+0000] {dag.py:3033} INFO - Sync 1 DAGs
[2026-04-08T09:19:24.157+0000] {logging_mixin.py:188} INFO - [2026-04-08T09:19:24.157+0000] {dag.py:3820} INFO - Setting next_dagrun for tutorial to 2026-04-07T00:00:00+00:00, run_after=2026-04-08T00:00:00+00:00
[2026-04-08T09:19:24.199+0000] {processor.py:183} INFO - Processing /home/airflow/.local/lib/python3.8/site-packages/airflow/example_dags/tutorial.py took 0.128 seconds
[2026-04-08T09:19:54.792+0000] {processor.py:161} INFO - Started process (PID=821) to work on /home/airflow/.local/lib/python3.8/site-packages/airflow/example_dags/tutorial.py
[2026-04-08T09:19:54.793+0000] {processor.py:830} INFO - Processing file /home/airflow/.local/lib/python3.8/site-packages/airflow/example_dags/tutorial.py for tasks to queue
[2026-04-08T09:19:54.796+0000] {logging_mixin.py:188} INFO - [2026-04-08T09:19:54.795+0000] {dagbag.py:538} INFO - Filling up the DagBag from /home/airflow/.local/lib/python3.8/site-packages/airflow/example_dags/tutorial.py
[2026-04-08T09:19:54.803+0000] {processor.py:840} INFO - DAG(s) 'tutorial' retrieved from /home/airflow/.local/lib/python3.8/site-packages/airflow/example_dags/tutorial.py
[2026-04-08T09:19:54.825+0000] {logging_mixin.py:188} INFO - [2026-04-08T09:19:54.824+0000] {dag.py:3033} INFO - Sync 1 DAGs
[2026-04-08T09:19:54.851+0000] {logging_mixin.py:188} INFO - [2026-04-08T09:19:54.850+0000] {dag.py:3820} INFO - Setting next_dagrun for tutorial to 2026-04-07T00:00:00+00:00, run_after=2026-04-08T00:00:00+00:00
[2026-04-08T09:19:54.874+0000] {processor.py:183} INFO - Processing /home/airflow/.local/lib/python3.8/site-packages/airflow/example_dags/tutorial.py took 0.086 seconds
[2026-04-08T09:20:25.125+0000] {processor.py:161} INFO - Started process (PID=877) to work on /home/airflow/.local/lib/python3.8/site-packages/airflow/example_dags/tutorial.py
[2026-04-08T09:20:25.126+0000] {processor.py:830} INFO - Processing file /home/airflow/.local/lib/python3.8/site-packages/airflow/example_dags/tutorial.py for tasks to queue
[2026-04-08T09:20:25.128+0000] {logging_mixin.py:188} INFO - [2026-04-08T09:20:25.128+0000] {dagbag.py:538} INFO - Filling up the DagBag from /home/airflow/.local/lib/python3.8/site-packages/airflow/example_dags/tutorial.py
[2026-04-08T09:20:25.135+0000] {processor.py:840} INFO - DAG(s) 'tutorial' retrieved from /home/airflow/.local/lib/python3.8/site-packages/airflow/example_dags/tutorial.py
[2026-04-08T09:20:25.164+0000] {logging_mixin.py:188} INFO - [2026-04-08T09:20:25.163+0000] {dag.py:3033} INFO - Sync 1 DAGs
[2026-04-08T09:20:25.197+0000] {logging_mixin.py:188} INFO - [2026-04-08T09:20:25.197+0000] {dag.py:3820} INFO - Setting next_dagrun for tutorial to 2026-04-07T00:00:00+00:00, run_after=2026-04-08T00:00:00+00:00
[2026-04-08T09:20:25.216+0000] {processor.py:183} INFO - Processing /home/airflow/.local/lib/python3.8/site-packages/airflow/example_dags/tutorial.py took 0.095 seconds
[2026-04-08T09:20:55.542+0000] {processor.py:161} INFO - Started process (PID=933) to work on /home/airflow/.local/lib/python3.8/site-packages/airflow/example_dags/tutorial.py
[2026-04-08T09:20:55.549+0000] {processor.py:830} INFO - Processing file /home/airflow/.local/lib/python3.8/site-packages/airflow/example_dags/tutorial.py for tasks to queue
[2026-04-08T09:20:55.553+0000] {logging_mixin.py:188} INFO - [2026-04-08T09:20:55.552+0000] {dagbag.py:538} INFO - Filling up the DagBag from /home/airflow/.local/lib/python3.8/site-packages/airflow/example_dags/tutorial.py
[2026-04-08T09:20:55.560+0000] {processor.py:840} INFO - DAG(s) 'tutorial' retrieved from /home/airflow/.local/lib/python3.8/site-packages/airflow/example_dags/tutorial.py
[2026-04-08T09:20:55.581+0000] {logging_mixin.py:188} INFO - [2026-04-08T09:20:55.581+0000] {dag.py:3033} INFO - Sync 1 DAGs
[2026-04-08T09:20:55.606+0000] {logging_mixin.py:188} INFO - [2026-04-08T09:20:55.606+0000] {dag.py:3820} INFO - Setting next_dagrun for tutorial to 2026-04-07T00:00:00+00:00, run_after=2026-04-08T00:00:00+00:00
[2026-04-08T09:20:55.627+0000] {processor.py:183} INFO - Processing /home/airflow/.local/lib/python3.8/site-packages/airflow/example_dags/tutorial.py took 0.092 seconds
[2026-04-08T09:21:26.397+0000] {processor.py:161} INFO - Started process (PID=988) to work on /home/airflow/.local/lib/python3.8/site-packages/airflow/example_dags/tutorial.py
[2026-04-08T09:21:26.398+0000] {processor.py:830} INFO - Processing file /home/airflow/.local/lib/python3.8/site-packages/airflow/example_dags/tutorial.py for tasks to queue
[2026-04-08T09:21:26.401+0000] {logging_mixin.py:188} INFO - [2026-04-08T09:21:26.401+0000] {dagbag.py:538} INFO - Filling up the DagBag from /home/airflow/.local/lib/python3.8/site-packages/airflow/example_dags/tutorial.py
[2026-04-08T09:21:26.408+0000] {processor.py:840} INFO - DAG(s) 'tutorial' retrieved from /home/airflow/.local/lib/python3.8/site-packages/airflow/example_dags/tutorial.py
[2026-04-08T09:21:26.431+0000] {logging_mixin.py:188} INFO - [2026-04-08T09:21:26.431+0000] {dag.py:3033} INFO - Sync 1 DAGs
[2026-04-08T09:21:26.459+0000] {logging_mixin.py:188} INFO - [2026-04-08T09:21:26.458+0000] {dag.py:3820} INFO - Setting next_dagrun for tutorial to 2026-04-07T00:00:00+00:00, run_after=2026-04-08T00:00:00+00:00
[2026-04-08T09:21:26.481+0000] {processor.py:183} INFO - Processing /home/airflow/.local/lib/python3.8/site-packages/airflow/example_dags/tutorial.py took 0.088 seconds
[2026-04-08T09:21:57.546+0000] {processor.py:161} INFO - Started process (PID=1047) to work on /home/airflow/.local/lib/python3.8/site-packages/airflow/example_dags/tutorial.py
[2026-04-08T09:21:57.547+0000] {processor.py:830} INFO - Processing file /home/airflow/.local/lib/python3.8/site-packages/airflow/example_dags/tutorial.py for tasks to queue
[2026-04-08T09:21:57.550+0000] {logging_mixin.py:188} INFO - [2026-04-08T09:21:57.550+0000] {dagbag.py:538} INFO - Filling up the DagBag from /home/airflow/.local/lib/python3.8/site-packages/airflow/example_dags/tutorial.py
[2026-04-08T09:21:57.557+0000] {processor.py:840} INFO - DAG(s) 'tutorial' retrieved from /home/airflow/.local/lib/python3.8/site-packages/airflow/example_dags/tutorial.py
[2026-04-08T09:21:57.582+0000] {logging_mixin.py:188} INFO - [2026-04-08T09:21:57.582+0000] {dag.py:3033} INFO - Sync 1 DAGs
[2026-04-08T09:21:57.607+0000] {logging_mixin.py:188} INFO - [2026-04-08T09:21:57.607+0000] {dag.py:3820} INFO - Setting next_dagrun for tutorial to 2026-04-07T00:00:00+00:00, run_after=2026-04-08T00:00:00+00:00
[2026-04-08T09:21:57.626+0000] {processor.py:183} INFO - Processing /home/airflow/.local/lib/python3.8/site-packages/airflow/example_dags/tutorial.py took 0.083 seconds
[2026-04-08T09:22:28.624+0000] {processor.py:161} INFO - Started process (PID=1109) to work on /home/airflow/.local/lib/python3.8/site-packages/airflow/example_dags/tutorial.py
[2026-04-08T09:22:28.626+0000] {processor.py:830} INFO - Processing file /home/airflow/.local/lib/python3.8/site-packages/airflow/example_dags/tutorial.py for tasks to queue
[2026-04-08T09:22:28.631+0000] {logging_mixin.py:188} INFO - [2026-04-08T09:22:28.631+0000] {dagbag.py:538} INFO - Filling up the DagBag from /home/airflow/.local/lib/python3.8/site-packages/airflow/example_dags/tutorial.py
[2026-04-08T09:22:28.643+0000] {processor.py:840} INFO - DAG(s) 'tutorial' retrieved from /home/airflow/.local/lib/python3.8/site-packages/airflow/example_dags/tutorial.py
[2026-04-08T09:22:28.684+0000] {logging_mixin.py:188} INFO - [2026-04-08T09:22:28.684+0000] {dag.py:3033} INFO - Sync 1 DAGs
[2026-04-08T09:22:28.733+0000] {logging_mixin.py:188} INFO - [2026-04-08T09:22:28.732+0000] {dag.py:3820} INFO - Setting next_dagrun for tutorial to 2026-04-07T00:00:00+00:00, run_after=2026-04-08T00:00:00+00:00
[2026-04-08T09:22:28.767+0000] {processor.py:183} INFO - Processing /home/airflow/.local/lib/python3.8/site-packages/airflow/example_dags/tutorial.py took 0.151 seconds
[2026-04-08T09:22:59.465+0000] {processor.py:161} INFO - Started process (PID=1164) to work on /home/airflow/.local/lib/python3.8/site-packages/airflow/example_dags/tutorial.py
[2026-04-08T09:22:59.467+0000] {processor.py:830} INFO - Processing file /home/airflow/.local/lib/python3.8/site-packages/airflow/example_dags/tutorial.py for tasks to queue
[2026-04-08T09:22:59.470+0000] {logging_mixin.py:188} INFO - [2026-04-08T09:22:59.470+0000] {dagbag.py:538} INFO - Filling up the DagBag from /home/airflow/.local/lib/python3.8/site-packages/airflow/example_dags/tutorial.py
[2026-04-08T09:22:59.500+0000] {processor.py:840} INFO - DAG(s) 'tutorial' retrieved from /home/airflow/.local/lib/python3.8/site-packages/airflow/example_dags/tutorial.py
[2026-04-08T09:22:59.530+0000] {logging_mixin.py:188} INFO - [2026-04-08T09:22:59.530+0000] {dag.py:3033} INFO - Sync 1 DAGs
[2026-04-08T09:22:59.582+0000] {logging_mixin.py:188} INFO - [2026-04-08T09:22:59.582+0000] {dag.py:3820} INFO - Setting next_dagrun for tutorial to 2026-04-07T00:00:00+00:00, run_after=2026-04-08T00:00:00+00:00
[2026-04-08T09:22:59.620+0000] {processor.py:183} INFO - Processing /home/airflow/.local/lib/python3.8/site-packages/airflow/example_dags/tutorial.py took 0.162 seconds
[2026-04-08T09:23:40.275+0000] {processor.py:161} INFO - Started process (PID=1226) to work on /home/airflow/.local/lib/python3.8/site-packages/airflow/example_dags/tutorial.py
[2026-04-08T09:23:40.281+0000] {processor.py:830} INFO - Processing file /home/airflow/.local/lib/python3.8/site-packages/airflow/example_dags/tutorial.py for tasks to queue
[2026-04-08T09:23:40.283+0000] {logging_mixin.py:188} INFO - [2026-04-08T09:23:40.283+0000] {dagbag.py:538} INFO - Filling up the DagBag from /home/airflow/.local/lib/python3.8/site-packages/airflow/example_dags/tutorial.py
[2026-04-08T09:23:40.318+0000] {processor.py:840} INFO - DAG(s) 'tutorial' retrieved from /home/airflow/.local/lib/python3.8/site-packages/airflow/example_dags/tutorial.py
[2026-04-08T09:23:40.704+0000] {logging_mixin.py:188} INFO - [2026-04-08T09:23:40.703+0000] {dag.py:3033} INFO - Sync 1 DAGs
[2026-04-08T09:23:40.803+0000] {logging_mixin.py:188} INFO - [2026-04-08T09:23:40.802+0000] {dag.py:3820} INFO - Setting next_dagrun for tutorial to 2026-04-07T00:00:00+00:00, run_after=2026-04-08T00:00:00+00:00
[2026-04-08T09:23:41.111+0000] {processor.py:183} INFO - Processing /home/airflow/.local/lib/python3.8/site-packages/airflow/example_dags/tutorial.py took 0.860 seconds
[2026-04-08T09:24:11.307+0000] {processor.py:161} INFO - Started process (PID=1282) to work on /home/airflow/.local/lib/python3.8/site-packages/airflow/example_dags/tutorial.py
[2026-04-08T09:24:11.308+0000] {processor.py:830} INFO - Processing file /home/airflow/.local/lib/python3.8/site-packages/airflow/example_dags/tutorial.py for tasks to queue
[2026-04-08T09:24:11.309+0000] {logging_mixin.py:188} INFO - [2026-04-08T09:24:11.309+0000] {dagbag.py:538} INFO - Filling up the DagBag from /home/airflow/.local/lib/python3.8/site-packages/airflow/example_dags/tutorial.py
[2026-04-08T09:24:11.317+0000] {processor.py:840} INFO - DAG(s) 'tutorial' retrieved from /home/airflow/.local/lib/python3.8/site-packages/airflow/example_dags/tutorial.py
[2026-04-08T09:24:11.341+0000] {logging_mixin.py:188} INFO - [2026-04-08T09:24:11.340+0000] {dag.py:3033} INFO - Sync 1 DAGs
[2026-04-08T09:24:11.366+0000] {logging_mixin.py:188} INFO - [2026-04-08T09:24:11.366+0000] {dag.py:3820} INFO - Setting next_dagrun for tutorial to 2026-04-07T00:00:00+00:00, run_after=2026-04-08T00:00:00+00:00
[2026-04-08T09:24:11.428+0000] {processor.py:183} INFO - Processing /home/airflow/.local/lib/python3.8/site-packages/airflow/example_dags/tutorial.py took 0.126 seconds
[2026-04-08T09:24:42.069+0000] {processor.py:161} INFO - Started process (PID=1338) to work on /home/airflow/.local/lib/python3.8/site-packages/airflow/example_dags/tutorial.py
[2026-04-08T09:24:42.076+0000] {processor.py:830} INFO - Processing file /home/airflow/.local/lib/python3.8/site-packages/airflow/example_dags/tutorial.py for tasks to queue
[2026-04-08T09:24:42.076+0000] {logging_mixin.py:188} INFO - [2026-04-08T09:24:42.076+0000] {dagbag.py:538} INFO - Filling up the DagBag from /home/airflow/.local/lib/python3.8/site-packages/airflow/example_dags/tutorial.py
[2026-04-08T09:24:42.100+0000] {processor.py:840} INFO - DAG(s) 'tutorial' retrieved from /home/airflow/.local/lib/python3.8/site-packages/airflow/example_dags/tutorial.py
[2026-04-08T09:24:42.147+0000] {logging_mixin.py:188} INFO - [2026-04-08T09:24:42.146+0000] {dag.py:3033} INFO - Sync 1 DAGs
[2026-04-08T09:24:42.188+0000] {logging_mixin.py:188} INFO - [2026-04-08T09:24:42.188+0000] {dag.py:3820} INFO - Setting next_dagrun for tutorial to 2026-04-07T00:00:00+00:00, run_after=2026-04-08T00:00:00+00:00
[2026-04-08T09:24:42.209+0000] {processor.py:183} INFO - Processing /home/airflow/.local/lib/python3.8/site-packages/airflow/example_dags/tutorial.py took 0.167 seconds
[2026-04-08T09:25:13.173+0000] {processor.py:161} INFO - Started process (PID=1393) to work on /home/airflow/.local/lib/python3.8/site-packages/airflow/example_dags/tutorial.py
[2026-04-08T09:25:13.175+0000] {processor.py:830} INFO - Processing file /home/airflow/.local/lib/python3.8/site-packages/airflow/example_dags/tutorial.py for tasks to queue
[2026-04-08T09:25:13.177+0000] {logging_mixin.py:188} INFO - [2026-04-08T09:25:13.177+0000] {dagbag.py:538} INFO - Filling up the DagBag from /home/airflow/.local/lib/python3.8/site-packages/airflow/example_dags/tutorial.py
[2026-04-08T09:25:13.185+0000] {processor.py:840} INFO - DAG(s) 'tutorial' retrieved from /home/airflow/.local/lib/python3.8/site-packages/airflow/example_dags/tutorial.py
[2026-04-08T09:25:13.208+0000] {logging_mixin.py:188} INFO - [2026-04-08T09:25:13.207+0000] {dag.py:3033} INFO - Sync 1 DAGs
[2026-04-08T09:25:13.249+0000] {logging_mixin.py:188} INFO - [2026-04-08T09:25:13.248+0000] {dag.py:3820} INFO - Setting next_dagrun for tutorial to 2026-04-07T00:00:00+00:00, run_after=2026-04-08T00:00:00+00:00
[2026-04-08T09:25:13.269+0000] {processor.py:183} INFO - Processing /home/airflow/.local/lib/python3.8/site-packages/airflow/example_dags/tutorial.py took 0.102 seconds
[2026-04-08T09:25:43.606+0000] {processor.py:161} INFO - Started process (PID=1465) to work on /home/airflow/.local/lib/python3.8/site-packages/airflow/example_dags/tutorial.py
[2026-04-08T09:25:43.607+0000] {processor.py:830} INFO - Processing file /home/airflow/.local/lib/python3.8/site-packages/airflow/example_dags/tutorial.py for tasks to queue
[2026-04-08T09:25:43.608+0000] {logging_mixin.py:188} INFO - [2026-04-08T09:25:43.608+0000] {dagbag.py:538} INFO - Filling up the DagBag from /home/airflow/.local/lib/python3.8/site-packages/airflow/example_dags/tutorial.py
[2026-04-08T09:25:43.616+0000] {processor.py:840} INFO - DAG(s) 'tutorial' retrieved from /home/airflow/.local/lib/python3.8/site-packages/airflow/example_dags/tutorial.py
[2026-04-08T09:25:43.649+0000] {logging_mixin.py:188} INFO - [2026-04-08T09:25:43.649+0000] {dag.py:3033} INFO - Sync 1 DAGs
[2026-04-08T09:25:43.700+0000] {logging_mixin.py:188} INFO - [2026-04-08T09:25:43.700+0000] {dag.py:3820} INFO - Setting next_dagrun for tutorial to 2026-04-07T00:00:00+00:00, run_after=2026-04-08T00:00:00+00:00
[2026-04-08T09:25:43.743+0000] {processor.py:183} INFO - Processing /home/airflow/.local/lib/python3.8/site-packages/airflow/example_dags/tutorial.py took 0.141 seconds
[2026-04-08T09:26:14.190+0000] {processor.py:161} INFO - Started process (PID=1521) to work on /home/airflow/.local/lib/python3.8/site-packages/airflow/example_dags/tutorial.py
[2026-04-08T09:26:14.191+0000] {processor.py:830} INFO - Processing file /home/airflow/.local/lib/python3.8/site-packages/airflow/example_dags/tutorial.py for tasks to queue
[2026-04-08T09:26:14.192+0000] {logging_mixin.py:188} INFO - [2026-04-08T09:26:14.192+0000] {dagbag.py:538} INFO - Filling up the DagBag from /home/airflow/.local/lib/python3.8/site-packages/airflow/example_dags/tutorial.py
[2026-04-08T09:26:14.201+0000] {processor.py:840} INFO - DAG(s) 'tutorial' retrieved from /home/airflow/.local/lib/python3.8/site-packages/airflow/example_dags/tutorial.py
[2026-04-08T09:26:14.224+0000] {logging_mixin.py:188} INFO - [2026-04-08T09:26:14.224+0000] {dag.py:3033} INFO - Sync 1 DAGs
[2026-04-08T09:26:14.251+0000] {logging_mixin.py:188} INFO - [2026-04-08T09:26:14.250+0000] {dag.py:3820} INFO - Setting next_dagrun for tutorial to 2026-04-07T00:00:00+00:00, run_after=2026-04-08T00:00:00+00:00
[2026-04-08T09:26:14.272+0000] {processor.py:183} INFO - Processing /home/airflow/.local/lib/python3.8/site-packages/airflow/example_dags/tutorial.py took 0.086 seconds
[2026-04-08T09:26:44.858+0000] {processor.py:161} INFO - Started process (PID=1577) to work on /home/airflow/.local/lib/python3.8/site-packages/airflow/example_dags/tutorial.py
[2026-04-08T09:26:44.859+0000] {processor.py:830} INFO - Processing file /home/airflow/.local/lib/python3.8/site-packages/airflow/example_dags/tutorial.py for tasks to queue
[2026-04-08T09:26:44.860+0000] {logging_mixin.py:188} INFO - [2026-04-08T09:26:44.859+0000] {dagbag.py:538} INFO - Filling up the DagBag from /home/airflow/.local/lib/python3.8/site-packages/airflow/example_dags/tutorial.py
[2026-04-08T09:26:44.868+0000] {processor.py:840} INFO - DAG(s) 'tutorial' retrieved from /home/airflow/.local/lib/python3.8/site-packages/airflow/example_dags/tutorial.py
[2026-04-08T09:26:44.892+0000] {logging_mixin.py:188} INFO - [2026-04-08T09:26:44.892+0000] {dag.py:3033} INFO - Sync 1 DAGs
[2026-04-08T09:26:44.918+0000] {logging_mixin.py:188} INFO - [2026-04-08T09:26:44.917+0000] {dag.py:3820} INFO - Setting next_dagrun for tutorial to 2026-04-07T00:00:00+00:00, run_after=2026-04-08T00:00:00+00:00
[2026-04-08T09:26:44.940+0000] {processor.py:183} INFO - Processing /home/airflow/.local/lib/python3.8/site-packages/airflow/example_dags/tutorial.py took 0.086 seconds
[2026-04-08T09:27:15.533+0000] {processor.py:161} INFO - Started process (PID=1648) to work on /home/airflow/.local/lib/python3.8/site-packages/airflow/example_dags/tutorial.py
[2026-04-08T09:27:15.533+0000] {processor.py:830} INFO - Processing file /home/airflow/.local/lib/python3.8/site-packages/airflow/example_dags/tutorial.py for tasks to queue
[2026-04-08T09:27:15.534+0000] {logging_mixin.py:188} INFO - [2026-04-08T09:27:15.534+0000] {dagbag.py:538} INFO - Filling up the DagBag from /home/airflow/.local/lib/python3.8/site-packages/airflow/example_dags/tutorial.py
[2026-04-08T09:27:15.543+0000] {processor.py:840} INFO - DAG(s) 'tutorial' retrieved from /home/airflow/.local/lib/python3.8/site-packages/airflow/example_dags/tutorial.py
[2026-04-08T09:27:15.567+0000] {logging_mixin.py:188} INFO - [2026-04-08T09:27:15.567+0000] {dag.py:3033} INFO - Sync 1 DAGs
[2026-04-08T09:27:15.614+0000] {logging_mixin.py:188} INFO - [2026-04-08T09:27:15.613+0000] {dag.py:3820} INFO - Setting next_dagrun for tutorial to 2026-04-07T00:00:00+00:00, run_after=2026-04-08T00:00:00+00:00
[2026-04-08T09:27:15.659+0000] {processor.py:183} INFO - Processing /home/airflow/.local/lib/python3.8/site-packages/airflow/example_dags/tutorial.py took 0.131 seconds
[2026-04-08T09:27:46.480+0000] {processor.py:161} INFO - Started process (PID=1706) to work on /home/airflow/.local/lib/python3.8/site-packages/airflow/example_dags/tutorial.py
[2026-04-08T09:27:46.481+0000] {processor.py:830} INFO - Processing file /home/airflow/.local/lib/python3.8/site-packages/airflow/example_dags/tutorial.py for tasks to queue
[2026-04-08T09:27:46.482+0000] {logging_mixin.py:188} INFO - [2026-04-08T09:27:46.482+0000] {dagbag.py:538} INFO - Filling up the DagBag from /home/airflow/.local/lib/python3.8/site-packages/airflow/example_dags/tutorial.py
[2026-04-08T09:27:46.491+0000] {processor.py:840} INFO - DAG(s) 'tutorial' retrieved from /home/airflow/.local/lib/python3.8/site-packages/airflow/example_dags/tutorial.py
[2026-04-08T09:27:46.512+0000] {logging_mixin.py:188} INFO - [2026-04-08T09:27:46.512+0000] {dag.py:3033} INFO - Sync 1 DAGs
[2026-04-08T09:27:46.539+0000] {logging_mixin.py:188} INFO - [2026-04-08T09:27:46.539+0000] {dag.py:3820} INFO - Setting next_dagrun for tutorial to 2026-04-07T00:00:00+00:00, run_after=2026-04-08T00:00:00+00:00
[2026-04-08T09:27:46.575+0000] {processor.py:183} INFO - Processing /home/airflow/.local/lib/python3.8/site-packages/airflow/example_dags/tutorial.py took 0.098 seconds
[2026-04-08T09:28:31.957+0000] {processor.py:161} INFO - Started process (PID=80) to work on /home/airflow/.local/lib/python3.8/site-packages/airflow/example_dags/tutorial.py
[2026-04-08T09:28:31.961+0000] {processor.py:830} INFO - Processing file /home/airflow/.local/lib/python3.8/site-packages/airflow/example_dags/tutorial.py for tasks to queue
[2026-04-08T09:28:31.967+0000] {logging_mixin.py:188} INFO - [2026-04-08T09:28:31.966+0000] {dagbag.py:538} INFO - Filling up the DagBag from /home/airflow/.local/lib/python3.8/site-packages/airflow/example_dags/tutorial.py
[2026-04-08T09:28:31.981+0000] {processor.py:840} INFO - DAG(s) 'tutorial' retrieved from /home/airflow/.local/lib/python3.8/site-packages/airflow/example_dags/tutorial.py
[2026-04-08T09:28:32.208+0000] {logging_mixin.py:188} INFO - [2026-04-08T09:28:32.207+0000] {dag.py:3033} INFO - Sync 1 DAGs
[2026-04-08T09:28:32.385+0000] {logging_mixin.py:188} INFO - [2026-04-08T09:28:32.385+0000] {dag.py:3820} INFO - Setting next_dagrun for tutorial to 2026-04-07T00:00:00+00:00, run_after=2026-04-08T00:00:00+00:00
[2026-04-08T09:28:32.501+0000] {processor.py:183} INFO - Processing /home/airflow/.local/lib/python3.8/site-packages/airflow/example_dags/tutorial.py took 0.556 seconds
[2026-04-08T09:29:03.415+0000] {processor.py:161} INFO - Started process (PID=153) to work on /home/airflow/.local/lib/python3.8/site-packages/airflow/example_dags/tutorial.py
[2026-04-08T09:29:03.416+0000] {processor.py:830} INFO - Processing file /home/airflow/.local/lib/python3.8/site-packages/airflow/example_dags/tutorial.py for tasks to queue
[2026-04-08T09:29:03.419+0000] {logging_mixin.py:188} INFO - [2026-04-08T09:29:03.418+0000] {dagbag.py:538} INFO - Filling up the DagBag from /home/airflow/.local/lib/python3.8/site-packages/airflow/example_dags/tutorial.py
[2026-04-08T09:29:03.426+0000] {processor.py:840} INFO - DAG(s) 'tutorial' retrieved from /home/airflow/.local/lib/python3.8/site-packages/airflow/example_dags/tutorial.py
[2026-04-08T09:29:03.447+0000] {logging_mixin.py:188} INFO - [2026-04-08T09:29:03.447+0000] {dag.py:3033} INFO - Sync 1 DAGs
[2026-04-08T09:29:03.473+0000] {logging_mixin.py:188} INFO - [2026-04-08T09:29:03.472+0000] {dag.py:3820} INFO - Setting next_dagrun for tutorial to 2026-04-07T00:00:00+00:00, run_after=2026-04-08T00:00:00+00:00
[2026-04-08T09:29:03.494+0000] {processor.py:183} INFO - Processing /home/airflow/.local/lib/python3.8/site-packages/airflow/example_dags/tutorial.py took 0.083 seconds
[2026-04-08T09:29:33.683+0000] {processor.py:161} INFO - Started process (PID=209) to work on /home/airflow/.local/lib/python3.8/site-packages/airflow/example_dags/tutorial.py
[2026-04-08T09:29:33.684+0000] {processor.py:830} INFO - Processing file /home/airflow/.local/lib/python3.8/site-packages/airflow/example_dags/tutorial.py for tasks to queue
[2026-04-08T09:29:33.686+0000] {logging_mixin.py:188} INFO - [2026-04-08T09:29:33.686+0000] {dagbag.py:538} INFO - Filling up the DagBag from /home/airflow/.local/lib/python3.8/site-packages/airflow/example_dags/tutorial.py
[2026-04-08T09:29:33.694+0000] {processor.py:840} INFO - DAG(s) 'tutorial' retrieved from /home/airflow/.local/lib/python3.8/site-packages/airflow/example_dags/tutorial.py
[2026-04-08T09:29:33.719+0000] {logging_mixin.py:188} INFO - [2026-04-08T09:29:33.719+0000] {dag.py:3033} INFO - Sync 1 DAGs
[2026-04-08T09:29:33.745+0000] {logging_mixin.py:188} INFO - [2026-04-08T09:29:33.745+0000] {dag.py:3820} INFO - Setting next_dagrun for tutorial to 2026-04-07T00:00:00+00:00, run_after=2026-04-08T00:00:00+00:00
[2026-04-08T09:29:33.765+0000] {processor.py:183} INFO - Processing /home/airflow/.local/lib/python3.8/site-packages/airflow/example_dags/tutorial.py took 0.086 seconds
[2026-04-08T09:30:03.840+0000] {processor.py:161} INFO - Started process (PID=265) to work on /home/airflow/.local/lib/python3.8/site-packages/airflow/example_dags/tutorial.py
[2026-04-08T09:30:03.841+0000] {processor.py:830} INFO - Processing file /home/airflow/.local/lib/python3.8/site-packages/airflow/example_dags/tutorial.py for tasks to queue
[2026-04-08T09:30:03.843+0000] {logging_mixin.py:188} INFO - [2026-04-08T09:30:03.843+0000] {dagbag.py:538} INFO - Filling up the DagBag from /home/airflow/.local/lib/python3.8/site-packages/airflow/example_dags/tutorial.py
[2026-04-08T09:30:03.850+0000] {processor.py:840} INFO - DAG(s) 'tutorial' retrieved from /home/airflow/.local/lib/python3.8/site-packages/airflow/example_dags/tutorial.py
[2026-04-08T09:30:03.874+0000] {logging_mixin.py:188} INFO - [2026-04-08T09:30:03.873+0000] {dag.py:3033} INFO - Sync 1 DAGs
[2026-04-08T09:30:03.936+0000] {logging_mixin.py:188} INFO - [2026-04-08T09:30:03.936+0000] {dag.py:3820} INFO - Setting next_dagrun for tutorial to 2026-04-07T00:00:00+00:00, run_after=2026-04-08T00:00:00+00:00
[2026-04-08T09:30:03.962+0000] {processor.py:183} INFO - Processing /home/airflow/.local/lib/python3.8/site-packages/airflow/example_dags/tutorial.py took 0.127 seconds
[2026-04-08T09:30:34.240+0000] {processor.py:161} INFO - Started process (PID=321) to work on /home/airflow/.local/lib/python3.8/site-packages/airflow/example_dags/tutorial.py
[2026-04-08T09:30:34.246+0000] {processor.py:830} INFO - Processing file /home/airflow/.local/lib/python3.8/site-packages/airflow/example_dags/tutorial.py for tasks to queue
[2026-04-08T09:30:34.250+0000] {logging_mixin.py:188} INFO - [2026-04-08T09:30:34.249+0000] {dagbag.py:538} INFO - Filling up the DagBag from /home/airflow/.local/lib/python3.8/site-packages/airflow/example_dags/tutorial.py
[2026-04-08T09:30:34.263+0000] {processor.py:840} INFO - DAG(s) 'tutorial' retrieved from /home/airflow/.local/lib/python3.8/site-packages/airflow/example_dags/tutorial.py
[2026-04-08T09:30:34.308+0000] {logging_mixin.py:188} INFO - [2026-04-08T09:30:34.308+0000] {dag.py:3033} INFO - Sync 1 DAGs
[2026-04-08T09:30:34.348+0000] {logging_mixin.py:188} INFO - [2026-04-08T09:30:34.348+0000] {dag.py:3820} INFO - Setting next_dagrun for tutorial to 2026-04-07T00:00:00+00:00, run_after=2026-04-08T00:00:00+00:00
[2026-04-08T09:30:34.390+0000] {processor.py:183} INFO - Processing /home/airflow/.local/lib/python3.8/site-packages/airflow/example_dags/tutorial.py took 0.169 seconds
[2026-04-08T09:31:04.485+0000] {processor.py:161} INFO - Started process (PID=377) to work on /home/airflow/.local/lib/python3.8/site-packages/airflow/example_dags/tutorial.py
[2026-04-08T09:31:04.486+0000] {processor.py:830} INFO - Processing file /home/airflow/.local/lib/python3.8/site-packages/airflow/example_dags/tutorial.py for tasks to queue
[2026-04-08T09:31:04.488+0000] {logging_mixin.py:188} INFO - [2026-04-08T09:31:04.488+0000] {dagbag.py:538} INFO - Filling up the DagBag from /home/airflow/.local/lib/python3.8/site-packages/airflow/example_dags/tutorial.py
[2026-04-08T09:31:04.495+0000] {processor.py:840} INFO - DAG(s) 'tutorial' retrieved from /home/airflow/.local/lib/python3.8/site-packages/airflow/example_dags/tutorial.py
[2026-04-08T09:31:04.518+0000] {logging_mixin.py:188} INFO - [2026-04-08T09:31:04.518+0000] {dag.py:3033} INFO - Sync 1 DAGs
[2026-04-08T09:31:04.544+0000] {logging_mixin.py:188} INFO - [2026-04-08T09:31:04.544+0000] {dag.py:3820} INFO - Setting next_dagrun for tutorial to 2026-04-07T00:00:00+00:00, run_after=2026-04-08T00:00:00+00:00
[2026-04-08T09:31:04.564+0000] {processor.py:183} INFO - Processing /home/airflow/.local/lib/python3.8/site-packages/airflow/example_dags/tutorial.py took 0.083 seconds
[2026-04-08T09:31:34.682+0000] {processor.py:161} INFO - Started process (PID=433) to work on /home/airflow/.local/lib/python3.8/site-packages/airflow/example_dags/tutorial.py
[2026-04-08T09:31:34.683+0000] {processor.py:830} INFO - Processing file /home/airflow/.local/lib/python3.8/site-packages/airflow/example_dags/tutorial.py for tasks to queue
[2026-04-08T09:31:34.686+0000] {logging_mixin.py:188} INFO - [2026-04-08T09:31:34.685+0000] {dagbag.py:538} INFO - Filling up the DagBag from /home/airflow/.local/lib/python3.8/site-packages/airflow/example_dags/tutorial.py
[2026-04-08T09:31:34.693+0000] {processor.py:840} INFO - DAG(s) 'tutorial' retrieved from /home/airflow/.local/lib/python3.8/site-packages/airflow/example_dags/tutorial.py
[2026-04-08T09:31:34.715+0000] {logging_mixin.py:188} INFO - [2026-04-08T09:31:34.715+0000] {dag.py:3033} INFO - Sync 1 DAGs
[2026-04-08T09:31:34.740+0000] {logging_mixin.py:188} INFO - [2026-04-08T09:31:34.739+0000] {dag.py:3820} INFO - Setting next_dagrun for tutorial to 2026-04-07T00:00:00+00:00, run_after=2026-04-08T00:00:00+00:00
[2026-04-08T09:31:34.761+0000] {processor.py:183} INFO - Processing /home/airflow/.local/lib/python3.8/site-packages/airflow/example_dags/tutorial.py took 0.083 seconds
[2026-04-08T09:32:07.169+0000] {processor.py:161} INFO - Started process (PID=489) to work on /home/airflow/.local/lib/python3.8/site-packages/airflow/example_dags/tutorial.py
[2026-04-08T09:32:07.175+0000] {processor.py:830} INFO - Processing file /home/airflow/.local/lib/python3.8/site-packages/airflow/example_dags/tutorial.py for tasks to queue
[2026-04-08T09:32:07.180+0000] {logging_mixin.py:188} INFO - [2026-04-08T09:32:07.179+0000] {dagbag.py:538} INFO - Filling up the DagBag from /home/airflow/.local/lib/python3.8/site-packages/airflow/example_dags/tutorial.py
[2026-04-08T09:32:07.204+0000] {processor.py:840} INFO - DAG(s) 'tutorial' retrieved from /home/airflow/.local/lib/python3.8/site-packages/airflow/example_dags/tutorial.py
[2026-04-08T09:32:07.221+0000] {logging_mixin.py:188} INFO - [2026-04-08T09:32:07.221+0000] {dag.py:3033} INFO - Sync 1 DAGs
[2026-04-08T09:32:07.272+0000] {logging_mixin.py:188} INFO - [2026-04-08T09:32:07.271+0000] {dag.py:3820} INFO - Setting next_dagrun for tutorial to 2026-04-07T00:00:00+00:00, run_after=2026-04-08T00:00:00+00:00
[2026-04-08T09:32:07.311+0000] {processor.py:183} INFO - Processing /home/airflow/.local/lib/python3.8/site-packages/airflow/example_dags/tutorial.py took 0.149 seconds
[2026-04-08T09:32:37.727+0000] {processor.py:161} INFO - Started process (PID=545) to work on /home/airflow/.local/lib/python3.8/site-packages/airflow/example_dags/tutorial.py
[2026-04-08T09:32:37.727+0000] {processor.py:830} INFO - Processing file /home/airflow/.local/lib/python3.8/site-packages/airflow/example_dags/tutorial.py for tasks to queue
[2026-04-08T09:32:37.730+0000] {logging_mixin.py:188} INFO - [2026-04-08T09:32:37.730+0000] {dagbag.py:538} INFO - Filling up the DagBag from /home/airflow/.local/lib/python3.8/site-packages/airflow/example_dags/tutorial.py
[2026-04-08T09:32:37.737+0000] {processor.py:840} INFO - DAG(s) 'tutorial' retrieved from /home/airflow/.local/lib/python3.8/site-packages/airflow/example_dags/tutorial.py
[2026-04-08T09:32:37.869+0000] {logging_mixin.py:188} INFO - [2026-04-08T09:32:37.869+0000] {dag.py:3033} INFO - Sync 1 DAGs
[2026-04-08T09:32:37.911+0000] {logging_mixin.py:188} INFO - [2026-04-08T09:32:37.911+0000] {dag.py:3820} INFO - Setting next_dagrun for tutorial to 2026-04-07T00:00:00+00:00, run_after=2026-04-08T00:00:00+00:00
[2026-04-08T09:32:37.943+0000] {processor.py:183} INFO - Processing /home/airflow/.local/lib/python3.8/site-packages/airflow/example_dags/tutorial.py took 0.221 seconds
[2026-04-08T09:33:08.859+0000] {processor.py:161} INFO - Started process (PID=601) to work on /home/airflow/.local/lib/python3.8/site-packages/airflow/example_dags/tutorial.py
[2026-04-08T09:33:08.860+0000] {processor.py:830} INFO - Processing file /home/airflow/.local/lib/python3.8/site-packages/airflow/example_dags/tutorial.py for tasks to queue
[2026-04-08T09:33:08.862+0000] {logging_mixin.py:188} INFO - [2026-04-08T09:33:08.862+0000] {dagbag.py:538} INFO - Filling up the DagBag from /home/airflow/.local/lib/python3.8/site-packages/airflow/example_dags/tutorial.py
[2026-04-08T09:33:08.869+0000] {processor.py:840} INFO - DAG(s) 'tutorial' retrieved from /home/airflow/.local/lib/python3.8/site-packages/airflow/example_dags/tutorial.py
[2026-04-08T09:33:08.894+0000] {logging_mixin.py:188} INFO - [2026-04-08T09:33:08.894+0000] {dag.py:3033} INFO - Sync 1 DAGs
[2026-04-08T09:33:08.919+0000] {logging_mixin.py:188} INFO - [2026-04-08T09:33:08.919+0000] {dag.py:3820} INFO - Setting next_dagrun for tutorial to 2026-04-07T00:00:00+00:00, run_after=2026-04-08T00:00:00+00:00
[2026-04-08T09:33:08.942+0000] {processor.py:183} INFO - Processing /home/airflow/.local/lib/python3.8/site-packages/airflow/example_dags/tutorial.py took 0.087 seconds
[2026-04-08T09:33:41.632+0000] {processor.py:161} INFO - Started process (PID=656) to work on /home/airflow/.local/lib/python3.8/site-packages/airflow/example_dags/tutorial.py
[2026-04-08T09:33:41.636+0000] {processor.py:830} INFO - Processing file /home/airflow/.local/lib/python3.8/site-packages/airflow/example_dags/tutorial.py for tasks to queue
[2026-04-08T09:33:41.644+0000] {logging_mixin.py:188} INFO - [2026-04-08T09:33:41.642+0000] {dagbag.py:538} INFO - Filling up the DagBag from /home/airflow/.local/lib/python3.8/site-packages/airflow/example_dags/tutorial.py
[2026-04-08T09:33:41.666+0000] {processor.py:840} INFO - DAG(s) 'tutorial' retrieved from /home/airflow/.local/lib/python3.8/site-packages/airflow/example_dags/tutorial.py
[2026-04-08T09:33:41.708+0000] {logging_mixin.py:188} INFO - [2026-04-08T09:33:41.708+0000] {dag.py:3033} INFO - Sync 1 DAGs
[2026-04-08T09:33:41.799+0000] {logging_mixin.py:188} INFO - [2026-04-08T09:33:41.798+0000] {dag.py:3820} INFO - Setting next_dagrun for tutorial to 2026-04-07T00:00:00+00:00, run_after=2026-04-08T00:00:00+00:00
[2026-04-08T09:33:41.887+0000] {processor.py:183} INFO - Processing /home/airflow/.local/lib/python3.8/site-packages/airflow/example_dags/tutorial.py took 0.266 seconds
[2026-04-08T09:34:12.227+0000] {processor.py:161} INFO - Started process (PID=712) to work on /home/airflow/.local/lib/python3.8/site-packages/airflow/example_dags/tutorial.py
[2026-04-08T09:34:12.228+0000] {processor.py:830} INFO - Processing file /home/airflow/.local/lib/python3.8/site-packages/airflow/example_dags/tutorial.py for tasks to queue
[2026-04-08T09:34:12.231+0000] {logging_mixin.py:188} INFO - [2026-04-08T09:34:12.230+0000] {dagbag.py:538} INFO - Filling up the DagBag from /home/airflow/.local/lib/python3.8/site-packages/airflow/example_dags/tutorial.py
[2026-04-08T09:34:12.238+0000] {processor.py:840} INFO - DAG(s) 'tutorial' retrieved from /home/airflow/.local/lib/python3.8/site-packages/airflow/example_dags/tutorial.py
[2026-04-08T09:34:12.425+0000] {logging_mixin.py:188} INFO - [2026-04-08T09:34:12.425+0000] {dag.py:3033} INFO - Sync 1 DAGs
[2026-04-08T09:34:12.464+0000] {logging_mixin.py:188} INFO - [2026-04-08T09:34:12.463+0000] {dag.py:3820} INFO - Setting next_dagrun for tutorial to 2026-04-07T00:00:00+00:00, run_after=2026-04-08T00:00:00+00:00
[2026-04-08T09:34:12.509+0000] {processor.py:183} INFO - Processing /home/airflow/.local/lib/python3.8/site-packages/airflow/example_dags/tutorial.py took 0.286 seconds
[2026-04-08T09:34:42.682+0000] {processor.py:161} INFO - Started process (PID=777) to work on /home/airflow/.local/lib/python3.8/site-packages/airflow/example_dags/tutorial.py
[2026-04-08T09:34:42.684+0000] {processor.py:830} INFO - Processing file /home/airflow/.local/lib/python3.8/site-packages/airflow/example_dags/tutorial.py for tasks to queue
[2026-04-08T09:34:42.687+0000] {logging_mixin.py:188} INFO - [2026-04-08T09:34:42.686+0000] {dagbag.py:538} INFO - Filling up the DagBag from /home/airflow/.local/lib/python3.8/site-packages/airflow/example_dags/tutorial.py
[2026-04-08T09:34:42.735+0000] {processor.py:840} INFO - DAG(s) 'tutorial' retrieved from /home/airflow/.local/lib/python3.8/site-packages/airflow/example_dags/tutorial.py
[2026-04-08T09:34:42.812+0000] {logging_mixin.py:188} INFO - [2026-04-08T09:34:42.812+0000] {dag.py:3033} INFO - Sync 1 DAGs
[2026-04-08T09:34:42.871+0000] {logging_mixin.py:188} INFO - [2026-04-08T09:34:42.871+0000] {dag.py:3820} INFO - Setting next_dagrun for tutorial to 2026-04-07T00:00:00+00:00, run_after=2026-04-08T00:00:00+00:00
[2026-04-08T09:34:42.906+0000] {processor.py:183} INFO - Processing /home/airflow/.local/lib/python3.8/site-packages/airflow/example_dags/tutorial.py took 0.229 seconds
[2026-04-08T09:35:13.665+0000] {processor.py:161} INFO - Started process (PID=833) to work on /home/airflow/.local/lib/python3.8/site-packages/airflow/example_dags/tutorial.py
[2026-04-08T09:35:13.666+0000] {processor.py:830} INFO - Processing file /home/airflow/.local/lib/python3.8/site-packages/airflow/example_dags/tutorial.py for tasks to queue
[2026-04-08T09:35:13.669+0000] {logging_mixin.py:188} INFO - [2026-04-08T09:35:13.668+0000] {dagbag.py:538} INFO - Filling up the DagBag from /home/airflow/.local/lib/python3.8/site-packages/airflow/example_dags/tutorial.py
[2026-04-08T09:35:13.676+0000] {processor.py:840} INFO - DAG(s) 'tutorial' retrieved from /home/airflow/.local/lib/python3.8/site-packages/airflow/example_dags/tutorial.py
[2026-04-08T09:35:13.700+0000] {logging_mixin.py:188} INFO - [2026-04-08T09:35:13.700+0000] {dag.py:3033} INFO - Sync 1 DAGs
[2026-04-08T09:35:13.724+0000] {logging_mixin.py:188} INFO - [2026-04-08T09:35:13.724+0000] {dag.py:3820} INFO - Setting next_dagrun for tutorial to 2026-04-07T00:00:00+00:00, run_after=2026-04-08T00:00:00+00:00
[2026-04-08T09:35:13.745+0000] {processor.py:183} INFO - Processing /home/airflow/.local/lib/python3.8/site-packages/airflow/example_dags/tutorial.py took 0.084 seconds
[2026-04-08T09:35:44.639+0000] {processor.py:161} INFO - Started process (PID=889) to work on /home/airflow/.local/lib/python3.8/site-packages/airflow/example_dags/tutorial.py
[2026-04-08T09:35:44.640+0000] {processor.py:830} INFO - Processing file /home/airflow/.local/lib/python3.8/site-packages/airflow/example_dags/tutorial.py for tasks to queue
[2026-04-08T09:35:44.642+0000] {logging_mixin.py:188} INFO - [2026-04-08T09:35:44.642+0000] {dagbag.py:538} INFO - Filling up the DagBag from /home/airflow/.local/lib/python3.8/site-packages/airflow/example_dags/tutorial.py
[2026-04-08T09:35:44.649+0000] {processor.py:840} INFO - DAG(s) 'tutorial' retrieved from /home/airflow/.local/lib/python3.8/site-packages/airflow/example_dags/tutorial.py
[2026-04-08T09:35:44.672+0000] {logging_mixin.py:188} INFO - [2026-04-08T09:35:44.672+0000] {dag.py:3033} INFO - Sync 1 DAGs
[2026-04-08T09:35:44.697+0000] {logging_mixin.py:188} INFO - [2026-04-08T09:35:44.696+0000] {dag.py:3820} INFO - Setting next_dagrun for tutorial to 2026-04-07T00:00:00+00:00, run_after=2026-04-08T00:00:00+00:00
[2026-04-08T09:35:44.719+0000] {processor.py:183} INFO - Processing /home/airflow/.local/lib/python3.8/site-packages/airflow/example_dags/tutorial.py took 0.084 seconds
[2026-04-08T09:36:15.254+0000] {processor.py:161} INFO - Started process (PID=945) to work on /home/airflow/.local/lib/python3.8/site-packages/airflow/example_dags/tutorial.py
[2026-04-08T09:36:15.255+0000] {processor.py:830} INFO - Processing file /home/airflow/.local/lib/python3.8/site-packages/airflow/example_dags/tutorial.py for tasks to queue
[2026-04-08T09:36:15.257+0000] {logging_mixin.py:188} INFO - [2026-04-08T09:36:15.257+0000] {dagbag.py:538} INFO - Filling up the DagBag from /home/airflow/.local/lib/python3.8/site-packages/airflow/example_dags/tutorial.py
[2026-04-08T09:36:15.265+0000] {processor.py:840} INFO - DAG(s) 'tutorial' retrieved from /home/airflow/.local/lib/python3.8/site-packages/airflow/example_dags/tutorial.py
[2026-04-08T09:36:15.288+0000] {logging_mixin.py:188} INFO - [2026-04-08T09:36:15.288+0000] {dag.py:3033} INFO - Sync 1 DAGs
[2026-04-08T09:36:15.314+0000] {logging_mixin.py:188} INFO - [2026-04-08T09:36:15.314+0000] {dag.py:3820} INFO - Setting next_dagrun for tutorial to 2026-04-07T00:00:00+00:00, run_after=2026-04-08T00:00:00+00:00
[2026-04-08T09:36:15.332+0000] {processor.py:183} INFO - Processing /home/airflow/.local/lib/python3.8/site-packages/airflow/example_dags/tutorial.py took 0.083 seconds
[2026-04-08T09:36:46.309+0000] {processor.py:161} INFO - Started process (PID=1001) to work on /home/airflow/.local/lib/python3.8/site-packages/airflow/example_dags/tutorial.py
[2026-04-08T09:36:46.310+0000] {processor.py:830} INFO - Processing file /home/airflow/.local/lib/python3.8/site-packages/airflow/example_dags/tutorial.py for tasks to queue
[2026-04-08T09:36:46.313+0000] {logging_mixin.py:188} INFO - [2026-04-08T09:36:46.312+0000] {dagbag.py:538} INFO - Filling up the DagBag from /home/airflow/.local/lib/python3.8/site-packages/airflow/example_dags/tutorial.py
[2026-04-08T09:36:46.320+0000] {processor.py:840} INFO - DAG(s) 'tutorial' retrieved from /home/airflow/.local/lib/python3.8/site-packages/airflow/example_dags/tutorial.py
[2026-04-08T09:36:46.345+0000] {logging_mixin.py:188} INFO - [2026-04-08T09:36:46.345+0000] {dag.py:3033} INFO - Sync 1 DAGs
[2026-04-08T09:36:46.372+0000] {logging_mixin.py:188} INFO - [2026-04-08T09:36:46.372+0000] {dag.py:3820} INFO - Setting next_dagrun for tutorial to 2026-04-07T00:00:00+00:00, run_after=2026-04-08T00:00:00+00:00
[2026-04-08T09:36:46.392+0000] {processor.py:183} INFO - Processing /home/airflow/.local/lib/python3.8/site-packages/airflow/example_dags/tutorial.py took 0.087 seconds
[2026-04-08T09:37:17.150+0000] {processor.py:161} INFO - Started process (PID=1057) to work on /home/airflow/.local/lib/python3.8/site-packages/airflow/example_dags/tutorial.py
[2026-04-08T09:37:17.151+0000] {processor.py:830} INFO - Processing file /home/airflow/.local/lib/python3.8/site-packages/airflow/example_dags/tutorial.py for tasks to queue
[2026-04-08T09:37:17.154+0000] {logging_mixin.py:188} INFO - [2026-04-08T09:37:17.154+0000] {dagbag.py:538} INFO - Filling up the DagBag from /home/airflow/.local/lib/python3.8/site-packages/airflow/example_dags/tutorial.py
[2026-04-08T09:37:17.161+0000] {processor.py:840} INFO - DAG(s) 'tutorial' retrieved from /home/airflow/.local/lib/python3.8/site-packages/airflow/example_dags/tutorial.py
[2026-04-08T09:37:17.184+0000] {logging_mixin.py:188} INFO - [2026-04-08T09:37:17.184+0000] {dag.py:3033} INFO - Sync 1 DAGs
[2026-04-08T09:37:17.216+0000] {logging_mixin.py:188} INFO - [2026-04-08T09:37:17.216+0000] {dag.py:3820} INFO - Setting next_dagrun for tutorial to 2026-04-07T00:00:00+00:00, run_after=2026-04-08T00:00:00+00:00
[2026-04-08T09:37:17.235+0000] {processor.py:183} INFO - Processing /home/airflow/.local/lib/python3.8/site-packages/airflow/example_dags/tutorial.py took 0.088 seconds
[2026-04-08T09:37:47.654+0000] {processor.py:161} INFO - Started process (PID=1113) to work on /home/airflow/.local/lib/python3.8/site-packages/airflow/example_dags/tutorial.py
[2026-04-08T09:37:47.655+0000] {processor.py:830} INFO - Processing file /home/airflow/.local/lib/python3.8/site-packages/airflow/example_dags/tutorial.py for tasks to queue
[2026-04-08T09:37:47.657+0000] {logging_mixin.py:188} INFO - [2026-04-08T09:37:47.657+0000] {dagbag.py:538} INFO - Filling up the DagBag from /home/airflow/.local/lib/python3.8/site-packages/airflow/example_dags/tutorial.py
[2026-04-08T09:37:47.664+0000] {processor.py:840} INFO - DAG(s) 'tutorial' retrieved from /home/airflow/.local/lib/python3.8/site-packages/airflow/example_dags/tutorial.py
[2026-04-08T09:37:47.699+0000] {logging_mixin.py:188} INFO - [2026-04-08T09:37:47.699+0000] {dag.py:3033} INFO - Sync 1 DAGs
[2026-04-08T09:37:47.725+0000] {logging_mixin.py:188} INFO - [2026-04-08T09:37:47.724+0000] {dag.py:3820} INFO - Setting next_dagrun for tutorial to 2026-04-07T00:00:00+00:00, run_after=2026-04-08T00:00:00+00:00
[2026-04-08T09:37:47.742+0000] {processor.py:183} INFO - Processing /home/airflow/.local/lib/python3.8/site-packages/airflow/example_dags/tutorial.py took 0.092 seconds
[2026-04-08T09:38:18.062+0000] {processor.py:161} INFO - Started process (PID=1169) to work on /home/airflow/.local/lib/python3.8/site-packages/airflow/example_dags/tutorial.py
[2026-04-08T09:38:18.063+0000] {processor.py:830} INFO - Processing file /home/airflow/.local/lib/python3.8/site-packages/airflow/example_dags/tutorial.py for tasks to queue
[2026-04-08T09:38:18.065+0000] {logging_mixin.py:188} INFO - [2026-04-08T09:38:18.065+0000] {dagbag.py:538} INFO - Filling up the DagBag from /home/airflow/.local/lib/python3.8/site-packages/airflow/example_dags/tutorial.py
[2026-04-08T09:38:18.072+0000] {processor.py:840} INFO - DAG(s) 'tutorial' retrieved from /home/airflow/.local/lib/python3.8/site-packages/airflow/example_dags/tutorial.py
[2026-04-08T09:38:18.105+0000] {logging_mixin.py:188} INFO - [2026-04-08T09:38:18.105+0000] {dag.py:3033} INFO - Sync 1 DAGs
[2026-04-08T09:38:18.131+0000] {logging_mixin.py:188} INFO - [2026-04-08T09:38:18.131+0000] {dag.py:3820} INFO - Setting next_dagrun for tutorial to 2026-04-07T00:00:00+00:00, run_after=2026-04-08T00:00:00+00:00
[2026-04-08T09:38:18.151+0000] {processor.py:183} INFO - Processing /home/airflow/.local/lib/python3.8/site-packages/airflow/example_dags/tutorial.py took 0.094 seconds
[2026-04-08T09:38:48.646+0000] {processor.py:161} INFO - Started process (PID=1225) to work on /home/airflow/.local/lib/python3.8/site-packages/airflow/example_dags/tutorial.py
[2026-04-08T09:38:48.647+0000] {processor.py:830} INFO - Processing file /home/airflow/.local/lib/python3.8/site-packages/airflow/example_dags/tutorial.py for tasks to queue
[2026-04-08T09:38:48.650+0000] {logging_mixin.py:188} INFO - [2026-04-08T09:38:48.650+0000] {dagbag.py:538} INFO - Filling up the DagBag from /home/airflow/.local/lib/python3.8/site-packages/airflow/example_dags/tutorial.py
[2026-04-08T09:38:48.663+0000] {processor.py:840} INFO - DAG(s) 'tutorial' retrieved from /home/airflow/.local/lib/python3.8/site-packages/airflow/example_dags/tutorial.py
[2026-04-08T09:38:48.691+0000] {logging_mixin.py:188} INFO - [2026-04-08T09:38:48.691+0000] {dag.py:3033} INFO - Sync 1 DAGs
[2026-04-08T09:38:48.718+0000] {logging_mixin.py:188} INFO - [2026-04-08T09:38:48.717+0000] {dag.py:3820} INFO - Setting next_dagrun for tutorial to 2026-04-07T00:00:00+00:00, run_after=2026-04-08T00:00:00+00:00
[2026-04-08T09:38:48.746+0000] {processor.py:183} INFO - Processing /home/airflow/.local/lib/python3.8/site-packages/airflow/example_dags/tutorial.py took 0.103 seconds
[2026-04-08T09:39:19.274+0000] {processor.py:161} INFO - Started process (PID=1282) to work on /home/airflow/.local/lib/python3.8/site-packages/airflow/example_dags/tutorial.py
[2026-04-08T09:39:19.275+0000] {processor.py:830} INFO - Processing file /home/airflow/.local/lib/python3.8/site-packages/airflow/example_dags/tutorial.py for tasks to queue
[2026-04-08T09:39:19.278+0000] {logging_mixin.py:188} INFO - [2026-04-08T09:39:19.278+0000] {dagbag.py:538} INFO - Filling up the DagBag from /home/airflow/.local/lib/python3.8/site-packages/airflow/example_dags/tutorial.py
[2026-04-08T09:39:19.285+0000] {processor.py:840} INFO - DAG(s) 'tutorial' retrieved from /home/airflow/.local/lib/python3.8/site-packages/airflow/example_dags/tutorial.py
[2026-04-08T09:39:19.308+0000] {logging_mixin.py:188} INFO - [2026-04-08T09:39:19.308+0000] {dag.py:3033} INFO - Sync 1 DAGs
[2026-04-08T09:39:19.333+0000] {logging_mixin.py:188} INFO - [2026-04-08T09:39:19.333+0000] {dag.py:3820} INFO - Setting next_dagrun for tutorial to 2026-04-07T00:00:00+00:00, run_after=2026-04-08T00:00:00+00:00
[2026-04-08T09:39:19.356+0000] {processor.py:183} INFO - Processing /home/airflow/.local/lib/python3.8/site-packages/airflow/example_dags/tutorial.py took 0.086 seconds
[2026-04-08T09:39:49.390+0000] {processor.py:161} INFO - Started process (PID=1338) to work on /home/airflow/.local/lib/python3.8/site-packages/airflow/example_dags/tutorial.py
[2026-04-08T09:39:49.391+0000] {processor.py:830} INFO - Processing file /home/airflow/.local/lib/python3.8/site-packages/airflow/example_dags/tutorial.py for tasks to queue
[2026-04-08T09:39:49.394+0000] {logging_mixin.py:188} INFO - [2026-04-08T09:39:49.393+0000] {dagbag.py:538} INFO - Filling up the DagBag from /home/airflow/.local/lib/python3.8/site-packages/airflow/example_dags/tutorial.py
[2026-04-08T09:39:49.401+0000] {processor.py:840} INFO - DAG(s) 'tutorial' retrieved from /home/airflow/.local/lib/python3.8/site-packages/airflow/example_dags/tutorial.py
[2026-04-08T09:39:49.422+0000] {logging_mixin.py:188} INFO - [2026-04-08T09:39:49.422+0000] {dag.py:3033} INFO - Sync 1 DAGs
[2026-04-08T09:39:49.444+0000] {logging_mixin.py:188} INFO - [2026-04-08T09:39:49.443+0000] {dag.py:3820} INFO - Setting next_dagrun for tutorial to 2026-04-07T00:00:00+00:00, run_after=2026-04-08T00:00:00+00:00
[2026-04-08T09:39:49.457+0000] {processor.py:183} INFO - Processing /home/airflow/.local/lib/python3.8/site-packages/airflow/example_dags/tutorial.py took 0.071 seconds
[2026-04-08T09:40:20.470+0000] {processor.py:161} INFO - Started process (PID=1393) to work on /home/airflow/.local/lib/python3.8/site-packages/airflow/example_dags/tutorial.py
[2026-04-08T09:40:20.471+0000] {processor.py:830} INFO - Processing file /home/airflow/.local/lib/python3.8/site-packages/airflow/example_dags/tutorial.py for tasks to queue
[2026-04-08T09:40:20.474+0000] {logging_mixin.py:188} INFO - [2026-04-08T09:40:20.474+0000] {dagbag.py:538} INFO - Filling up the DagBag from /home/airflow/.local/lib/python3.8/site-packages/airflow/example_dags/tutorial.py
[2026-04-08T09:40:20.481+0000] {processor.py:840} INFO - DAG(s) 'tutorial' retrieved from /home/airflow/.local/lib/python3.8/site-packages/airflow/example_dags/tutorial.py
[2026-04-08T09:40:20.517+0000] {logging_mixin.py:188} INFO - [2026-04-08T09:40:20.517+0000] {dag.py:3033} INFO - Sync 1 DAGs
[2026-04-08T09:40:20.543+0000] {logging_mixin.py:188} INFO - [2026-04-08T09:40:20.543+0000] {dag.py:3820} INFO - Setting next_dagrun for tutorial to 2026-04-07T00:00:00+00:00, run_after=2026-04-08T00:00:00+00:00
[2026-04-08T09:40:20.562+0000] {processor.py:183} INFO - Processing /home/airflow/.local/lib/python3.8/site-packages/airflow/example_dags/tutorial.py took 0.096 seconds
[2026-04-08T09:40:50.702+0000] {processor.py:161} INFO - Started process (PID=1448) to work on /home/airflow/.local/lib/python3.8/site-packages/airflow/example_dags/tutorial.py
[2026-04-08T09:40:50.703+0000] {processor.py:830} INFO - Processing file /home/airflow/.local/lib/python3.8/site-packages/airflow/example_dags/tutorial.py for tasks to queue
[2026-04-08T09:40:50.705+0000] {logging_mixin.py:188} INFO - [2026-04-08T09:40:50.705+0000] {dagbag.py:538} INFO - Filling up the DagBag from /home/airflow/.local/lib/python3.8/site-packages/airflow/example_dags/tutorial.py
[2026-04-08T09:40:50.713+0000] {processor.py:840} INFO - DAG(s) 'tutorial' retrieved from /home/airflow/.local/lib/python3.8/site-packages/airflow/example_dags/tutorial.py
[2026-04-08T09:40:50.735+0000] {logging_mixin.py:188} INFO - [2026-04-08T09:40:50.735+0000] {dag.py:3033} INFO - Sync 1 DAGs
[2026-04-08T09:40:50.759+0000] {logging_mixin.py:188} INFO - [2026-04-08T09:40:50.759+0000] {dag.py:3820} INFO - Setting next_dagrun for tutorial to 2026-04-07T00:00:00+00:00, run_after=2026-04-08T00:00:00+00:00
[2026-04-08T09:40:50.776+0000] {processor.py:183} INFO - Processing /home/airflow/.local/lib/python3.8/site-packages/airflow/example_dags/tutorial.py took 0.078 seconds
[2026-04-08T09:41:21.939+0000] {processor.py:161} INFO - Started process (PID=1504) to work on /home/airflow/.local/lib/python3.8/site-packages/airflow/example_dags/tutorial.py
[2026-04-08T09:41:21.940+0000] {processor.py:830} INFO - Processing file /home/airflow/.local/lib/python3.8/site-packages/airflow/example_dags/tutorial.py for tasks to queue
[2026-04-08T09:41:21.943+0000] {logging_mixin.py:188} INFO - [2026-04-08T09:41:21.942+0000] {dagbag.py:538} INFO - Filling up the DagBag from /home/airflow/.local/lib/python3.8/site-packages/airflow/example_dags/tutorial.py
[2026-04-08T09:41:21.950+0000] {processor.py:840} INFO - DAG(s) 'tutorial' retrieved from /home/airflow/.local/lib/python3.8/site-packages/airflow/example_dags/tutorial.py
[2026-04-08T09:41:21.977+0000] {logging_mixin.py:188} INFO - [2026-04-08T09:41:21.977+0000] {dag.py:3033} INFO - Sync 1 DAGs
[2026-04-08T09:41:22.026+0000] {logging_mixin.py:188} INFO - [2026-04-08T09:41:22.021+0000] {dag.py:3820} INFO - Setting next_dagrun for tutorial to 2026-04-07T00:00:00+00:00, run_after=2026-04-08T00:00:00+00:00
[2026-04-08T09:41:22.048+0000] {processor.py:183} INFO - Processing /home/airflow/.local/lib/python3.8/site-packages/airflow/example_dags/tutorial.py took 0.114 seconds
[2026-04-08T09:41:53.037+0000] {processor.py:161} INFO - Started process (PID=1560) to work on /home/airflow/.local/lib/python3.8/site-packages/airflow/example_dags/tutorial.py
[2026-04-08T09:41:53.038+0000] {processor.py:830} INFO - Processing file /home/airflow/.local/lib/python3.8/site-packages/airflow/example_dags/tutorial.py for tasks to queue
[2026-04-08T09:41:53.041+0000] {logging_mixin.py:188} INFO - [2026-04-08T09:41:53.040+0000] {dagbag.py:538} INFO - Filling up the DagBag from /home/airflow/.local/lib/python3.8/site-packages/airflow/example_dags/tutorial.py
[2026-04-08T09:41:53.048+0000] {processor.py:840} INFO - DAG(s) 'tutorial' retrieved from /home/airflow/.local/lib/python3.8/site-packages/airflow/example_dags/tutorial.py
[2026-04-08T09:41:53.070+0000] {logging_mixin.py:188} INFO - [2026-04-08T09:41:53.070+0000] {dag.py:3033} INFO - Sync 1 DAGs
[2026-04-08T09:41:53.093+0000] {logging_mixin.py:188} INFO - [2026-04-08T09:41:53.092+0000] {dag.py:3820} INFO - Setting next_dagrun for tutorial to 2026-04-07T00:00:00+00:00, run_after=2026-04-08T00:00:00+00:00
[2026-04-08T09:41:53.112+0000] {processor.py:183} INFO - Processing /home/airflow/.local/lib/python3.8/site-packages/airflow/example_dags/tutorial.py took 0.080 seconds
[2026-04-08T09:42:23.953+0000] {processor.py:161} INFO - Started process (PID=1616) to work on /home/airflow/.local/lib/python3.8/site-packages/airflow/example_dags/tutorial.py
[2026-04-08T09:42:23.954+0000] {processor.py:830} INFO - Processing file /home/airflow/.local/lib/python3.8/site-packages/airflow/example_dags/tutorial.py for tasks to queue
[2026-04-08T09:42:23.956+0000] {logging_mixin.py:188} INFO - [2026-04-08T09:42:23.956+0000] {dagbag.py:538} INFO - Filling up the DagBag from /home/airflow/.local/lib/python3.8/site-packages/airflow/example_dags/tutorial.py
[2026-04-08T09:42:23.963+0000] {processor.py:840} INFO - DAG(s) 'tutorial' retrieved from /home/airflow/.local/lib/python3.8/site-packages/airflow/example_dags/tutorial.py
[2026-04-08T09:42:23.985+0000] {logging_mixin.py:188} INFO - [2026-04-08T09:42:23.985+0000] {dag.py:3033} INFO - Sync 1 DAGs
[2026-04-08T09:42:24.011+0000] {logging_mixin.py:188} INFO - [2026-04-08T09:42:24.011+0000] {dag.py:3820} INFO - Setting next_dagrun for tutorial to 2026-04-07T00:00:00+00:00, run_after=2026-04-08T00:00:00+00:00
[2026-04-08T09:42:24.030+0000] {processor.py:183} INFO - Processing /home/airflow/.local/lib/python3.8/site-packages/airflow/example_dags/tutorial.py took 0.081 seconds
[2026-04-08T09:42:54.375+0000] {processor.py:161} INFO - Started process (PID=1672) to work on /home/airflow/.local/lib/python3.8/site-packages/airflow/example_dags/tutorial.py
[2026-04-08T09:42:54.376+0000] {processor.py:830} INFO - Processing file /home/airflow/.local/lib/python3.8/site-packages/airflow/example_dags/tutorial.py for tasks to queue
[2026-04-08T09:42:54.378+0000] {logging_mixin.py:188} INFO - [2026-04-08T09:42:54.378+0000] {dagbag.py:538} INFO - Filling up the DagBag from /home/airflow/.local/lib/python3.8/site-packages/airflow/example_dags/tutorial.py
[2026-04-08T09:42:54.383+0000] {processor.py:840} INFO - DAG(s) 'tutorial' retrieved from /home/airflow/.local/lib/python3.8/site-packages/airflow/example_dags/tutorial.py
[2026-04-08T09:42:54.401+0000] {logging_mixin.py:188} INFO - [2026-04-08T09:42:54.400+0000] {dag.py:3033} INFO - Sync 1 DAGs
[2026-04-08T09:42:54.421+0000] {logging_mixin.py:188} INFO - [2026-04-08T09:42:54.421+0000] {dag.py:3820} INFO - Setting next_dagrun for tutorial to 2026-04-07T00:00:00+00:00, run_after=2026-04-08T00:00:00+00:00
[2026-04-08T09:42:54.435+0000] {processor.py:183} INFO - Processing /home/airflow/.local/lib/python3.8/site-packages/airflow/example_dags/tutorial.py took 0.064 seconds
[2026-04-08T09:43:24.955+0000] {processor.py:161} INFO - Started process (PID=1728) to work on /home/airflow/.local/lib/python3.8/site-packages/airflow/example_dags/tutorial.py
[2026-04-08T09:43:24.956+0000] {processor.py:830} INFO - Processing file /home/airflow/.local/lib/python3.8/site-packages/airflow/example_dags/tutorial.py for tasks to queue
[2026-04-08T09:43:24.959+0000] {logging_mixin.py:188} INFO - [2026-04-08T09:43:24.958+0000] {dagbag.py:538} INFO - Filling up the DagBag from /home/airflow/.local/lib/python3.8/site-packages/airflow/example_dags/tutorial.py
[2026-04-08T09:43:24.966+0000] {processor.py:840} INFO - DAG(s) 'tutorial' retrieved from /home/airflow/.local/lib/python3.8/site-packages/airflow/example_dags/tutorial.py
[2026-04-08T09:43:24.987+0000] {logging_mixin.py:188} INFO - [2026-04-08T09:43:24.987+0000] {dag.py:3033} INFO - Sync 1 DAGs
[2026-04-08T09:43:25.012+0000] {logging_mixin.py:188} INFO - [2026-04-08T09:43:25.012+0000] {dag.py:3820} INFO - Setting next_dagrun for tutorial to 2026-04-07T00:00:00+00:00, run_after=2026-04-08T00:00:00+00:00
[2026-04-08T09:43:25.029+0000] {processor.py:183} INFO - Processing /home/airflow/.local/lib/python3.8/site-packages/airflow/example_dags/tutorial.py took 0.078 seconds
[2026-04-08T09:43:55.963+0000] {processor.py:161} INFO - Started process (PID=1784) to work on /home/airflow/.local/lib/python3.8/site-packages/airflow/example_dags/tutorial.py
[2026-04-08T09:43:55.963+0000] {processor.py:830} INFO - Processing file /home/airflow/.local/lib/python3.8/site-packages/airflow/example_dags/tutorial.py for tasks to queue
[2026-04-08T09:43:55.966+0000] {logging_mixin.py:188} INFO - [2026-04-08T09:43:55.965+0000] {dagbag.py:538} INFO - Filling up the DagBag from /home/airflow/.local/lib/python3.8/site-packages/airflow/example_dags/tutorial.py
[2026-04-08T09:43:55.975+0000] {processor.py:840} INFO - DAG(s) 'tutorial' retrieved from /home/airflow/.local/lib/python3.8/site-packages/airflow/example_dags/tutorial.py
[2026-04-08T09:43:56.060+0000] {logging_mixin.py:188} INFO - [2026-04-08T09:43:56.059+0000] {dag.py:3033} INFO - Sync 1 DAGs
[2026-04-08T09:43:56.086+0000] {logging_mixin.py:188} INFO - [2026-04-08T09:43:56.086+0000] {dag.py:3820} INFO - Setting next_dagrun for tutorial to 2026-04-07T00:00:00+00:00, run_after=2026-04-08T00:00:00+00:00
[2026-04-08T09:43:56.116+0000] {processor.py:183} INFO - Processing /home/airflow/.local/lib/python3.8/site-packages/airflow/example_dags/tutorial.py took 0.158 seconds
[2026-04-08T09:44:26.768+0000] {processor.py:161} INFO - Started process (PID=1856) to work on /home/airflow/.local/lib/python3.8/site-packages/airflow/example_dags/tutorial.py
[2026-04-08T09:44:26.769+0000] {processor.py:830} INFO - Processing file /home/airflow/.local/lib/python3.8/site-packages/airflow/example_dags/tutorial.py for tasks to queue
[2026-04-08T09:44:26.772+0000] {logging_mixin.py:188} INFO - [2026-04-08T09:44:26.772+0000] {dagbag.py:538} INFO - Filling up the DagBag from /home/airflow/.local/lib/python3.8/site-packages/airflow/example_dags/tutorial.py
[2026-04-08T09:44:26.780+0000] {processor.py:840} INFO - DAG(s) 'tutorial' retrieved from /home/airflow/.local/lib/python3.8/site-packages/airflow/example_dags/tutorial.py
[2026-04-08T09:44:26.804+0000] {logging_mixin.py:188} INFO - [2026-04-08T09:44:26.804+0000] {dag.py:3033} INFO - Sync 1 DAGs
[2026-04-08T09:44:26.829+0000] {logging_mixin.py:188} INFO - [2026-04-08T09:44:26.828+0000] {dag.py:3820} INFO - Setting next_dagrun for tutorial to 2026-04-07T00:00:00+00:00, run_after=2026-04-08T00:00:00+00:00
[2026-04-08T09:44:26.847+0000] {processor.py:183} INFO - Processing /home/airflow/.local/lib/python3.8/site-packages/airflow/example_dags/tutorial.py took 0.083 seconds
[2026-04-08T09:44:57.385+0000] {processor.py:161} INFO - Started process (PID=1921) to work on /home/airflow/.local/lib/python3.8/site-packages/airflow/example_dags/tutorial.py
[2026-04-08T09:44:57.387+0000] {processor.py:830} INFO - Processing file /home/airflow/.local/lib/python3.8/site-packages/airflow/example_dags/tutorial.py for tasks to queue
[2026-04-08T09:44:57.392+0000] {logging_mixin.py:188} INFO - [2026-04-08T09:44:57.392+0000] {dagbag.py:538} INFO - Filling up the DagBag from /home/airflow/.local/lib/python3.8/site-packages/airflow/example_dags/tutorial.py
[2026-04-08T09:44:57.402+0000] {processor.py:840} INFO - DAG(s) 'tutorial' retrieved from /home/airflow/.local/lib/python3.8/site-packages/airflow/example_dags/tutorial.py
[2026-04-08T09:44:57.425+0000] {logging_mixin.py:188} INFO - [2026-04-08T09:44:57.425+0000] {dag.py:3033} INFO - Sync 1 DAGs
[2026-04-08T09:44:57.450+0000] {logging_mixin.py:188} INFO - [2026-04-08T09:44:57.450+0000] {dag.py:3820} INFO - Setting next_dagrun for tutorial to 2026-04-07T00:00:00+00:00, run_after=2026-04-08T00:00:00+00:00
[2026-04-08T09:44:57.467+0000] {processor.py:183} INFO - Processing /home/airflow/.local/lib/python3.8/site-packages/airflow/example_dags/tutorial.py took 0.086 seconds
[2026-04-08T09:45:28.055+0000] {processor.py:161} INFO - Started process (PID=1977) to work on /home/airflow/.local/lib/python3.8/site-packages/airflow/example_dags/tutorial.py
[2026-04-08T09:45:28.057+0000] {processor.py:830} INFO - Processing file /home/airflow/.local/lib/python3.8/site-packages/airflow/example_dags/tutorial.py for tasks to queue
[2026-04-08T09:45:28.062+0000] {logging_mixin.py:188} INFO - [2026-04-08T09:45:28.062+0000] {dagbag.py:538} INFO - Filling up the DagBag from /home/airflow/.local/lib/python3.8/site-packages/airflow/example_dags/tutorial.py
[2026-04-08T09:45:28.078+0000] {processor.py:840} INFO - DAG(s) 'tutorial' retrieved from /home/airflow/.local/lib/python3.8/site-packages/airflow/example_dags/tutorial.py
[2026-04-08T09:45:28.126+0000] {logging_mixin.py:188} INFO - [2026-04-08T09:45:28.125+0000] {dag.py:3033} INFO - Sync 1 DAGs
[2026-04-08T09:45:28.181+0000] {logging_mixin.py:188} INFO - [2026-04-08T09:45:28.181+0000] {dag.py:3820} INFO - Setting next_dagrun for tutorial to 2026-04-07T00:00:00+00:00, run_after=2026-04-08T00:00:00+00:00
[2026-04-08T09:45:28.219+0000] {processor.py:183} INFO - Processing /home/airflow/.local/lib/python3.8/site-packages/airflow/example_dags/tutorial.py took 0.172 seconds
[2026-04-08T09:45:59.374+0000] {processor.py:161} INFO - Started process (PID=2056) to work on /home/airflow/.local/lib/python3.8/site-packages/airflow/example_dags/tutorial.py
[2026-04-08T09:45:59.375+0000] {processor.py:830} INFO - Processing file /home/airflow/.local/lib/python3.8/site-packages/airflow/example_dags/tutorial.py for tasks to queue
[2026-04-08T09:45:59.379+0000] {logging_mixin.py:188} INFO - [2026-04-08T09:45:59.378+0000] {dagbag.py:538} INFO - Filling up the DagBag from /home/airflow/.local/lib/python3.8/site-packages/airflow/example_dags/tutorial.py
[2026-04-08T09:45:59.387+0000] {processor.py:840} INFO - DAG(s) 'tutorial' retrieved from /home/airflow/.local/lib/python3.8/site-packages/airflow/example_dags/tutorial.py
[2026-04-08T09:45:59.520+0000] {logging_mixin.py:188} INFO - [2026-04-08T09:45:59.520+0000] {dag.py:3033} INFO - Sync 1 DAGs
[2026-04-08T09:45:59.549+0000] {logging_mixin.py:188} INFO - [2026-04-08T09:45:59.549+0000] {dag.py:3820} INFO - Setting next_dagrun for tutorial to 2026-04-07T00:00:00+00:00, run_after=2026-04-08T00:00:00+00:00
[2026-04-08T09:45:59.966+0000] {processor.py:183} INFO - Processing /home/airflow/.local/lib/python3.8/site-packages/airflow/example_dags/tutorial.py took 0.597 seconds
[2026-04-08T09:46:30.289+0000] {processor.py:161} INFO - Started process (PID=2113) to work on /home/airflow/.local/lib/python3.8/site-packages/airflow/example_dags/tutorial.py
[2026-04-08T09:46:30.290+0000] {processor.py:830} INFO - Processing file /home/airflow/.local/lib/python3.8/site-packages/airflow/example_dags/tutorial.py for tasks to queue
[2026-04-08T09:46:30.293+0000] {logging_mixin.py:188} INFO - [2026-04-08T09:46:30.293+0000] {dagbag.py:538} INFO - Filling up the DagBag from /home/airflow/.local/lib/python3.8/site-packages/airflow/example_dags/tutorial.py
[2026-04-08T09:46:30.300+0000] {processor.py:840} INFO - DAG(s) 'tutorial' retrieved from /home/airflow/.local/lib/python3.8/site-packages/airflow/example_dags/tutorial.py
[2026-04-08T09:46:30.324+0000] {logging_mixin.py:188} INFO - [2026-04-08T09:46:30.324+0000] {dag.py:3033} INFO - Sync 1 DAGs
[2026-04-08T09:46:30.349+0000] {logging_mixin.py:188} INFO - [2026-04-08T09:46:30.349+0000] {dag.py:3820} INFO - Setting next_dagrun for tutorial to 2026-04-07T00:00:00+00:00, run_after=2026-04-08T00:00:00+00:00
[2026-04-08T09:46:30.367+0000] {processor.py:183} INFO - Processing /home/airflow/.local/lib/python3.8/site-packages/airflow/example_dags/tutorial.py took 0.082 seconds
[2026-04-08T09:47:00.479+0000] {processor.py:161} INFO - Started process (PID=2168) to work on /home/airflow/.local/lib/python3.8/site-packages/airflow/example_dags/tutorial.py
[2026-04-08T09:47:00.480+0000] {processor.py:830} INFO - Processing file /home/airflow/.local/lib/python3.8/site-packages/airflow/example_dags/tutorial.py for tasks to queue
[2026-04-08T09:47:00.482+0000] {logging_mixin.py:188} INFO - [2026-04-08T09:47:00.481+0000] {dagbag.py:538} INFO - Filling up the DagBag from /home/airflow/.local/lib/python3.8/site-packages/airflow/example_dags/tutorial.py
[2026-04-08T09:47:00.487+0000] {processor.py:840} INFO - DAG(s) 'tutorial' retrieved from /home/airflow/.local/lib/python3.8/site-packages/airflow/example_dags/tutorial.py
[2026-04-08T09:47:00.507+0000] {logging_mixin.py:188} INFO - [2026-04-08T09:47:00.507+0000] {dag.py:3033} INFO - Sync 1 DAGs
[2026-04-08T09:47:00.524+0000] {logging_mixin.py:188} INFO - [2026-04-08T09:47:00.524+0000] {dag.py:3820} INFO - Setting next_dagrun for tutorial to 2026-04-07T00:00:00+00:00, run_after=2026-04-08T00:00:00+00:00
[2026-04-08T09:47:00.540+0000] {processor.py:183} INFO - Processing /home/airflow/.local/lib/python3.8/site-packages/airflow/example_dags/tutorial.py took 0.064 seconds
[2026-04-08T09:47:30.781+0000] {processor.py:161} INFO - Started process (PID=2230) to work on /home/airflow/.local/lib/python3.8/site-packages/airflow/example_dags/tutorial.py
[2026-04-08T09:47:30.782+0000] {processor.py:830} INFO - Processing file /home/airflow/.local/lib/python3.8/site-packages/airflow/example_dags/tutorial.py for tasks to queue
[2026-04-08T09:47:30.784+0000] {logging_mixin.py:188} INFO - [2026-04-08T09:47:30.784+0000] {dagbag.py:538} INFO - Filling up the DagBag from /home/airflow/.local/lib/python3.8/site-packages/airflow/example_dags/tutorial.py
[2026-04-08T09:47:30.791+0000] {processor.py:840} INFO - DAG(s) 'tutorial' retrieved from /home/airflow/.local/lib/python3.8/site-packages/airflow/example_dags/tutorial.py
[2026-04-08T09:47:30.813+0000] {logging_mixin.py:188} INFO - [2026-04-08T09:47:30.813+0000] {dag.py:3033} INFO - Sync 1 DAGs
[2026-04-08T09:47:30.839+0000] {logging_mixin.py:188} INFO - [2026-04-08T09:47:30.839+0000] {dag.py:3820} INFO - Setting next_dagrun for tutorial to 2026-04-07T00:00:00+00:00, run_after=2026-04-08T00:00:00+00:00
[2026-04-08T09:47:30.860+0000] {processor.py:183} INFO - Processing /home/airflow/.local/lib/python3.8/site-packages/airflow/example_dags/tutorial.py took 0.083 seconds
[2026-04-08T09:48:01.358+0000] {processor.py:161} INFO - Started process (PID=2286) to work on /home/airflow/.local/lib/python3.8/site-packages/airflow/example_dags/tutorial.py
[2026-04-08T09:48:01.359+0000] {processor.py:830} INFO - Processing file /home/airflow/.local/lib/python3.8/site-packages/airflow/example_dags/tutorial.py for tasks to queue
[2026-04-08T09:48:01.361+0000] {logging_mixin.py:188} INFO - [2026-04-08T09:48:01.361+0000] {dagbag.py:538} INFO - Filling up the DagBag from /home/airflow/.local/lib/python3.8/site-packages/airflow/example_dags/tutorial.py
[2026-04-08T09:48:01.368+0000] {processor.py:840} INFO - DAG(s) 'tutorial' retrieved from /home/airflow/.local/lib/python3.8/site-packages/airflow/example_dags/tutorial.py
[2026-04-08T09:48:01.395+0000] {logging_mixin.py:188} INFO - [2026-04-08T09:48:01.394+0000] {dag.py:3033} INFO - Sync 1 DAGs
[2026-04-08T09:48:01.421+0000] {logging_mixin.py:188} INFO - [2026-04-08T09:48:01.421+0000] {dag.py:3820} INFO - Setting next_dagrun for tutorial to 2026-04-07T00:00:00+00:00, run_after=2026-04-08T00:00:00+00:00
[2026-04-08T09:48:01.442+0000] {processor.py:183} INFO - Processing /home/airflow/.local/lib/python3.8/site-packages/airflow/example_dags/tutorial.py took 0.089 seconds
[2026-04-08T09:48:32.226+0000] {processor.py:161} INFO - Started process (PID=2343) to work on /home/airflow/.local/lib/python3.8/site-packages/airflow/example_dags/tutorial.py
[2026-04-08T09:48:32.227+0000] {processor.py:830} INFO - Processing file /home/airflow/.local/lib/python3.8/site-packages/airflow/example_dags/tutorial.py for tasks to queue
[2026-04-08T09:48:32.229+0000] {logging_mixin.py:188} INFO - [2026-04-08T09:48:32.229+0000] {dagbag.py:538} INFO - Filling up the DagBag from /home/airflow/.local/lib/python3.8/site-packages/airflow/example_dags/tutorial.py
[2026-04-08T09:48:32.236+0000] {processor.py:840} INFO - DAG(s) 'tutorial' retrieved from /home/airflow/.local/lib/python3.8/site-packages/airflow/example_dags/tutorial.py
[2026-04-08T09:48:32.258+0000] {logging_mixin.py:188} INFO - [2026-04-08T09:48:32.258+0000] {dag.py:3033} INFO - Sync 1 DAGs
[2026-04-08T09:48:32.285+0000] {logging_mixin.py:188} INFO - [2026-04-08T09:48:32.285+0000] {dag.py:3820} INFO - Setting next_dagrun for tutorial to 2026-04-07T00:00:00+00:00, run_after=2026-04-08T00:00:00+00:00
[2026-04-08T09:48:32.319+0000] {processor.py:183} INFO - Processing /home/airflow/.local/lib/python3.8/site-packages/airflow/example_dags/tutorial.py took 0.097 seconds
[2026-04-08T09:49:03.135+0000] {processor.py:161} INFO - Started process (PID=2400) to work on /home/airflow/.local/lib/python3.8/site-packages/airflow/example_dags/tutorial.py
[2026-04-08T09:49:03.136+0000] {processor.py:830} INFO - Processing file /home/airflow/.local/lib/python3.8/site-packages/airflow/example_dags/tutorial.py for tasks to queue
[2026-04-08T09:49:03.139+0000] {logging_mixin.py:188} INFO - [2026-04-08T09:49:03.139+0000] {dagbag.py:538} INFO - Filling up the DagBag from /home/airflow/.local/lib/python3.8/site-packages/airflow/example_dags/tutorial.py
[2026-04-08T09:49:03.146+0000] {processor.py:840} INFO - DAG(s) 'tutorial' retrieved from /home/airflow/.local/lib/python3.8/site-packages/airflow/example_dags/tutorial.py
[2026-04-08T09:49:03.172+0000] {logging_mixin.py:188} INFO - [2026-04-08T09:49:03.171+0000] {dag.py:3033} INFO - Sync 1 DAGs
[2026-04-08T09:49:03.195+0000] {logging_mixin.py:188} INFO - [2026-04-08T09:49:03.195+0000] {dag.py:3820} INFO - Setting next_dagrun for tutorial to 2026-04-07T00:00:00+00:00, run_after=2026-04-08T00:00:00+00:00
[2026-04-08T09:49:03.220+0000] {processor.py:183} INFO - Processing /home/airflow/.local/lib/python3.8/site-packages/airflow/example_dags/tutorial.py took 0.089 seconds
[2026-04-08T09:49:33.416+0000] {processor.py:161} INFO - Started process (PID=2457) to work on /home/airflow/.local/lib/python3.8/site-packages/airflow/example_dags/tutorial.py
[2026-04-08T09:49:33.420+0000] {processor.py:830} INFO - Processing file /home/airflow/.local/lib/python3.8/site-packages/airflow/example_dags/tutorial.py for tasks to queue
[2026-04-08T09:49:33.427+0000] {logging_mixin.py:188} INFO - [2026-04-08T09:49:33.427+0000] {dagbag.py:538} INFO - Filling up the DagBag from /home/airflow/.local/lib/python3.8/site-packages/airflow/example_dags/tutorial.py
[2026-04-08T09:49:33.464+0000] {processor.py:840} INFO - DAG(s) 'tutorial' retrieved from /home/airflow/.local/lib/python3.8/site-packages/airflow/example_dags/tutorial.py
[2026-04-08T09:49:33.534+0000] {logging_mixin.py:188} INFO - [2026-04-08T09:49:33.534+0000] {dag.py:3033} INFO - Sync 1 DAGs
[2026-04-08T09:49:33.607+0000] {logging_mixin.py:188} INFO - [2026-04-08T09:49:33.607+0000] {dag.py:3820} INFO - Setting next_dagrun for tutorial to 2026-04-07T00:00:00+00:00, run_after=2026-04-08T00:00:00+00:00
[2026-04-08T09:49:33.684+0000] {processor.py:183} INFO - Processing /home/airflow/.local/lib/python3.8/site-packages/airflow/example_dags/tutorial.py took 0.283 seconds
[2026-04-08T09:50:06.130+0000] {processor.py:161} INFO - Started process (PID=2531) to work on /home/airflow/.local/lib/python3.8/site-packages/airflow/example_dags/tutorial.py
[2026-04-08T09:50:06.132+0000] {processor.py:830} INFO - Processing file /home/airflow/.local/lib/python3.8/site-packages/airflow/example_dags/tutorial.py for tasks to queue
[2026-04-08T09:50:06.134+0000] {logging_mixin.py:188} INFO - [2026-04-08T09:50:06.134+0000] {dagbag.py:538} INFO - Filling up the DagBag from /home/airflow/.local/lib/python3.8/site-packages/airflow/example_dags/tutorial.py
[2026-04-08T09:50:06.142+0000] {processor.py:840} INFO - DAG(s) 'tutorial' retrieved from /home/airflow/.local/lib/python3.8/site-packages/airflow/example_dags/tutorial.py
[2026-04-08T09:50:06.874+0000] {logging_mixin.py:188} INFO - [2026-04-08T09:50:06.874+0000] {dag.py:3033} INFO - Sync 1 DAGs
[2026-04-08T09:50:06.913+0000] {logging_mixin.py:188} INFO - [2026-04-08T09:50:06.913+0000] {dag.py:3820} INFO - Setting next_dagrun for tutorial to 2026-04-07T00:00:00+00:00, run_after=2026-04-08T00:00:00+00:00
[2026-04-08T09:50:06.953+0000] {processor.py:183} INFO - Processing /home/airflow/.local/lib/python3.8/site-packages/airflow/example_dags/tutorial.py took 0.827 seconds
[2026-04-08T09:50:37.612+0000] {processor.py:161} INFO - Started process (PID=2588) to work on /home/airflow/.local/lib/python3.8/site-packages/airflow/example_dags/tutorial.py
[2026-04-08T09:50:37.615+0000] {processor.py:830} INFO - Processing file /home/airflow/.local/lib/python3.8/site-packages/airflow/example_dags/tutorial.py for tasks to queue
[2026-04-08T09:50:37.617+0000] {logging_mixin.py:188} INFO - [2026-04-08T09:50:37.617+0000] {dagbag.py:538} INFO - Filling up the DagBag from /home/airflow/.local/lib/python3.8/site-packages/airflow/example_dags/tutorial.py
[2026-04-08T09:50:37.624+0000] {processor.py:840} INFO - DAG(s) 'tutorial' retrieved from /home/airflow/.local/lib/python3.8/site-packages/airflow/example_dags/tutorial.py
[2026-04-08T09:50:37.647+0000] {logging_mixin.py:188} INFO - [2026-04-08T09:50:37.646+0000] {dag.py:3033} INFO - Sync 1 DAGs
[2026-04-08T09:50:37.672+0000] {logging_mixin.py:188} INFO - [2026-04-08T09:50:37.671+0000] {dag.py:3820} INFO - Setting next_dagrun for tutorial to 2026-04-07T00:00:00+00:00, run_after=2026-04-08T00:00:00+00:00
[2026-04-08T09:50:37.703+0000] {processor.py:183} INFO - Processing /home/airflow/.local/lib/python3.8/site-packages/airflow/example_dags/tutorial.py took 0.094 seconds
[2026-04-08T09:51:45.182+0000] {processor.py:161} INFO - Started process (PID=111) to work on /home/airflow/.local/lib/python3.8/site-packages/airflow/example_dags/tutorial.py
[2026-04-08T09:51:45.188+0000] {processor.py:830} INFO - Processing file /home/airflow/.local/lib/python3.8/site-packages/airflow/example_dags/tutorial.py for tasks to queue
[2026-04-08T09:51:45.195+0000] {logging_mixin.py:188} INFO - [2026-04-08T09:51:45.195+0000] {dagbag.py:538} INFO - Filling up the DagBag from /home/airflow/.local/lib/python3.8/site-packages/airflow/example_dags/tutorial.py
[2026-04-08T09:51:45.228+0000] {processor.py:840} INFO - DAG(s) 'tutorial' retrieved from /home/airflow/.local/lib/python3.8/site-packages/airflow/example_dags/tutorial.py
[2026-04-08T09:51:45.297+0000] {logging_mixin.py:188} INFO - [2026-04-08T09:51:45.297+0000] {dag.py:3033} INFO - Sync 1 DAGs
[2026-04-08T09:51:45.330+0000] {logging_mixin.py:188} INFO - [2026-04-08T09:51:45.330+0000] {dag.py:3820} INFO - Setting next_dagrun for tutorial to 2026-04-07T00:00:00+00:00, run_after=2026-04-08T00:00:00+00:00
[2026-04-08T09:51:45.390+0000] {processor.py:183} INFO - Processing /home/airflow/.local/lib/python3.8/site-packages/airflow/example_dags/tutorial.py took 0.218 seconds
[2026-04-08T09:52:16.301+0000] {processor.py:161} INFO - Started process (PID=178) to work on /home/airflow/.local/lib/python3.8/site-packages/airflow/example_dags/tutorial.py
[2026-04-08T09:52:16.302+0000] {processor.py:830} INFO - Processing file /home/airflow/.local/lib/python3.8/site-packages/airflow/example_dags/tutorial.py for tasks to queue
[2026-04-08T09:52:16.306+0000] {logging_mixin.py:188} INFO - [2026-04-08T09:52:16.305+0000] {dagbag.py:538} INFO - Filling up the DagBag from /home/airflow/.local/lib/python3.8/site-packages/airflow/example_dags/tutorial.py
[2026-04-08T09:52:16.313+0000] {processor.py:840} INFO - DAG(s) 'tutorial' retrieved from /home/airflow/.local/lib/python3.8/site-packages/airflow/example_dags/tutorial.py
[2026-04-08T09:52:16.336+0000] {logging_mixin.py:188} INFO - [2026-04-08T09:52:16.336+0000] {dag.py:3033} INFO - Sync 1 DAGs
[2026-04-08T09:52:16.361+0000] {logging_mixin.py:188} INFO - [2026-04-08T09:52:16.361+0000] {dag.py:3820} INFO - Setting next_dagrun for tutorial to 2026-04-07T00:00:00+00:00, run_after=2026-04-08T00:00:00+00:00
[2026-04-08T09:52:16.379+0000] {processor.py:183} INFO - Processing /home/airflow/.local/lib/python3.8/site-packages/airflow/example_dags/tutorial.py took 0.082 seconds
[2026-04-08T09:52:46.571+0000] {processor.py:161} INFO - Started process (PID=235) to work on /home/airflow/.local/lib/python3.8/site-packages/airflow/example_dags/tutorial.py
[2026-04-08T09:52:46.574+0000] {processor.py:830} INFO - Processing file /home/airflow/.local/lib/python3.8/site-packages/airflow/example_dags/tutorial.py for tasks to queue
[2026-04-08T09:52:46.578+0000] {logging_mixin.py:188} INFO - [2026-04-08T09:52:46.578+0000] {dagbag.py:538} INFO - Filling up the DagBag from /home/airflow/.local/lib/python3.8/site-packages/airflow/example_dags/tutorial.py
[2026-04-08T09:52:46.587+0000] {processor.py:840} INFO - DAG(s) 'tutorial' retrieved from /home/airflow/.local/lib/python3.8/site-packages/airflow/example_dags/tutorial.py
[2026-04-08T09:52:46.629+0000] {logging_mixin.py:188} INFO - [2026-04-08T09:52:46.629+0000] {dag.py:3033} INFO - Sync 1 DAGs
[2026-04-08T09:52:46.662+0000] {logging_mixin.py:188} INFO - [2026-04-08T09:52:46.661+0000] {dag.py:3820} INFO - Setting next_dagrun for tutorial to 2026-04-07T00:00:00+00:00, run_after=2026-04-08T00:00:00+00:00
[2026-04-08T09:52:46.681+0000] {processor.py:183} INFO - Processing /home/airflow/.local/lib/python3.8/site-packages/airflow/example_dags/tutorial.py took 0.116 seconds
[2026-04-08T09:53:16.876+0000] {processor.py:161} INFO - Started process (PID=292) to work on /home/airflow/.local/lib/python3.8/site-packages/airflow/example_dags/tutorial.py
[2026-04-08T09:53:16.883+0000] {processor.py:830} INFO - Processing file /home/airflow/.local/lib/python3.8/site-packages/airflow/example_dags/tutorial.py for tasks to queue
[2026-04-08T09:53:16.887+0000] {logging_mixin.py:188} INFO - [2026-04-08T09:53:16.887+0000] {dagbag.py:538} INFO - Filling up the DagBag from /home/airflow/.local/lib/python3.8/site-packages/airflow/example_dags/tutorial.py
[2026-04-08T09:53:16.902+0000] {processor.py:840} INFO - DAG(s) 'tutorial' retrieved from /home/airflow/.local/lib/python3.8/site-packages/airflow/example_dags/tutorial.py
[2026-04-08T09:53:16.947+0000] {logging_mixin.py:188} INFO - [2026-04-08T09:53:16.947+0000] {dag.py:3033} INFO - Sync 1 DAGs
[2026-04-08T09:53:17.007+0000] {logging_mixin.py:188} INFO - [2026-04-08T09:53:17.007+0000] {dag.py:3820} INFO - Setting next_dagrun for tutorial to 2026-04-07T00:00:00+00:00, run_after=2026-04-08T00:00:00+00:00
[2026-04-08T09:53:17.042+0000] {processor.py:183} INFO - Processing /home/airflow/.local/lib/python3.8/site-packages/airflow/example_dags/tutorial.py took 0.175 seconds
[2026-04-08T09:53:47.992+0000] {processor.py:161} INFO - Started process (PID=349) to work on /home/airflow/.local/lib/python3.8/site-packages/airflow/example_dags/tutorial.py
[2026-04-08T09:53:47.994+0000] {processor.py:830} INFO - Processing file /home/airflow/.local/lib/python3.8/site-packages/airflow/example_dags/tutorial.py for tasks to queue
[2026-04-08T09:53:48.006+0000] {logging_mixin.py:188} INFO - [2026-04-08T09:53:48.006+0000] {dagbag.py:538} INFO - Filling up the DagBag from /home/airflow/.local/lib/python3.8/site-packages/airflow/example_dags/tutorial.py
[2026-04-08T09:53:48.028+0000] {processor.py:840} INFO - DAG(s) 'tutorial' retrieved from /home/airflow/.local/lib/python3.8/site-packages/airflow/example_dags/tutorial.py
[2026-04-08T09:53:48.093+0000] {logging_mixin.py:188} INFO - [2026-04-08T09:53:48.093+0000] {dag.py:3033} INFO - Sync 1 DAGs
[2026-04-08T09:53:48.179+0000] {logging_mixin.py:188} INFO - [2026-04-08T09:53:48.179+0000] {dag.py:3820} INFO - Setting next_dagrun for tutorial to 2026-04-07T00:00:00+00:00, run_after=2026-04-08T00:00:00+00:00
[2026-04-08T09:53:48.232+0000] {processor.py:183} INFO - Processing /home/airflow/.local/lib/python3.8/site-packages/airflow/example_dags/tutorial.py took 0.249 seconds
[2026-04-08T09:54:18.460+0000] {processor.py:161} INFO - Started process (PID=406) to work on /home/airflow/.local/lib/python3.8/site-packages/airflow/example_dags/tutorial.py
[2026-04-08T09:54:18.461+0000] {processor.py:830} INFO - Processing file /home/airflow/.local/lib/python3.8/site-packages/airflow/example_dags/tutorial.py for tasks to queue
[2026-04-08T09:54:18.463+0000] {logging_mixin.py:188} INFO - [2026-04-08T09:54:18.463+0000] {dagbag.py:538} INFO - Filling up the DagBag from /home/airflow/.local/lib/python3.8/site-packages/airflow/example_dags/tutorial.py
[2026-04-08T09:54:18.468+0000] {processor.py:840} INFO - DAG(s) 'tutorial' retrieved from /home/airflow/.local/lib/python3.8/site-packages/airflow/example_dags/tutorial.py
[2026-04-08T09:54:18.485+0000] {logging_mixin.py:188} INFO - [2026-04-08T09:54:18.485+0000] {dag.py:3033} INFO - Sync 1 DAGs
[2026-04-08T09:54:18.502+0000] {logging_mixin.py:188} INFO - [2026-04-08T09:54:18.502+0000] {dag.py:3820} INFO - Setting next_dagrun for tutorial to 2026-04-07T00:00:00+00:00, run_after=2026-04-08T00:00:00+00:00
[2026-04-08T09:54:18.516+0000] {processor.py:183} INFO - Processing /home/airflow/.local/lib/python3.8/site-packages/airflow/example_dags/tutorial.py took 0.059 seconds
[2026-04-08T09:54:48.757+0000] {processor.py:161} INFO - Started process (PID=463) to work on /home/airflow/.local/lib/python3.8/site-packages/airflow/example_dags/tutorial.py
[2026-04-08T09:54:48.758+0000] {processor.py:830} INFO - Processing file /home/airflow/.local/lib/python3.8/site-packages/airflow/example_dags/tutorial.py for tasks to queue
[2026-04-08T09:54:48.760+0000] {logging_mixin.py:188} INFO - [2026-04-08T09:54:48.760+0000] {dagbag.py:538} INFO - Filling up the DagBag from /home/airflow/.local/lib/python3.8/site-packages/airflow/example_dags/tutorial.py
[2026-04-08T09:54:48.765+0000] {processor.py:840} INFO - DAG(s) 'tutorial' retrieved from /home/airflow/.local/lib/python3.8/site-packages/airflow/example_dags/tutorial.py
[2026-04-08T09:54:48.783+0000] {logging_mixin.py:188} INFO - [2026-04-08T09:54:48.783+0000] {dag.py:3033} INFO - Sync 1 DAGs
[2026-04-08T09:54:48.801+0000] {logging_mixin.py:188} INFO - [2026-04-08T09:54:48.800+0000] {dag.py:3820} INFO - Setting next_dagrun for tutorial to 2026-04-07T00:00:00+00:00, run_after=2026-04-08T00:00:00+00:00
[2026-04-08T09:54:48.815+0000] {processor.py:183} INFO - Processing /home/airflow/.local/lib/python3.8/site-packages/airflow/example_dags/tutorial.py took 0.061 seconds
[2026-04-08T09:55:18.955+0000] {processor.py:161} INFO - Started process (PID=520) to work on /home/airflow/.local/lib/python3.8/site-packages/airflow/example_dags/tutorial.py
[2026-04-08T09:55:18.956+0000] {processor.py:830} INFO - Processing file /home/airflow/.local/lib/python3.8/site-packages/airflow/example_dags/tutorial.py for tasks to queue
[2026-04-08T09:55:18.959+0000] {logging_mixin.py:188} INFO - [2026-04-08T09:55:18.959+0000] {dagbag.py:538} INFO - Filling up the DagBag from /home/airflow/.local/lib/python3.8/site-packages/airflow/example_dags/tutorial.py
[2026-04-08T09:55:18.966+0000] {processor.py:840} INFO - DAG(s) 'tutorial' retrieved from /home/airflow/.local/lib/python3.8/site-packages/airflow/example_dags/tutorial.py
[2026-04-08T09:55:18.989+0000] {logging_mixin.py:188} INFO - [2026-04-08T09:55:18.988+0000] {dag.py:3033} INFO - Sync 1 DAGs
[2026-04-08T09:55:19.014+0000] {logging_mixin.py:188} INFO - [2026-04-08T09:55:19.014+0000] {dag.py:3820} INFO - Setting next_dagrun for tutorial to 2026-04-07T00:00:00+00:00, run_after=2026-04-08T00:00:00+00:00
[2026-04-08T09:55:19.036+0000] {processor.py:183} INFO - Processing /home/airflow/.local/lib/python3.8/site-packages/airflow/example_dags/tutorial.py took 0.085 seconds
[2026-04-08T09:55:49.369+0000] {processor.py:161} INFO - Started process (PID=577) to work on /home/airflow/.local/lib/python3.8/site-packages/airflow/example_dags/tutorial.py
[2026-04-08T09:55:49.370+0000] {processor.py:830} INFO - Processing file /home/airflow/.local/lib/python3.8/site-packages/airflow/example_dags/tutorial.py for tasks to queue
[2026-04-08T09:55:49.372+0000] {logging_mixin.py:188} INFO - [2026-04-08T09:55:49.372+0000] {dagbag.py:538} INFO - Filling up the DagBag from /home/airflow/.local/lib/python3.8/site-packages/airflow/example_dags/tutorial.py
[2026-04-08T09:55:49.379+0000] {processor.py:840} INFO - DAG(s) 'tutorial' retrieved from /home/airflow/.local/lib/python3.8/site-packages/airflow/example_dags/tutorial.py
[2026-04-08T09:55:49.402+0000] {logging_mixin.py:188} INFO - [2026-04-08T09:55:49.402+0000] {dag.py:3033} INFO - Sync 1 DAGs
[2026-04-08T09:55:49.428+0000] {logging_mixin.py:188} INFO - [2026-04-08T09:55:49.428+0000] {dag.py:3820} INFO - Setting next_dagrun for tutorial to 2026-04-07T00:00:00+00:00, run_after=2026-04-08T00:00:00+00:00
[2026-04-08T09:55:49.446+0000] {processor.py:183} INFO - Processing /home/airflow/.local/lib/python3.8/site-packages/airflow/example_dags/tutorial.py took 0.081 seconds
[2026-04-08T09:56:19.637+0000] {processor.py:161} INFO - Started process (PID=634) to work on /home/airflow/.local/lib/python3.8/site-packages/airflow/example_dags/tutorial.py
[2026-04-08T09:56:19.638+0000] {processor.py:830} INFO - Processing file /home/airflow/.local/lib/python3.8/site-packages/airflow/example_dags/tutorial.py for tasks to queue
[2026-04-08T09:56:19.640+0000] {logging_mixin.py:188} INFO - [2026-04-08T09:56:19.640+0000] {dagbag.py:538} INFO - Filling up the DagBag from /home/airflow/.local/lib/python3.8/site-packages/airflow/example_dags/tutorial.py
[2026-04-08T09:56:19.647+0000] {processor.py:840} INFO - DAG(s) 'tutorial' retrieved from /home/airflow/.local/lib/python3.8/site-packages/airflow/example_dags/tutorial.py
[2026-04-08T09:56:19.671+0000] {logging_mixin.py:188} INFO - [2026-04-08T09:56:19.671+0000] {dag.py:3033} INFO - Sync 1 DAGs
[2026-04-08T09:56:19.697+0000] {logging_mixin.py:188} INFO - [2026-04-08T09:56:19.697+0000] {dag.py:3820} INFO - Setting next_dagrun for tutorial to 2026-04-07T00:00:00+00:00, run_after=2026-04-08T00:00:00+00:00
[2026-04-08T09:56:19.717+0000] {processor.py:183} INFO - Processing /home/airflow/.local/lib/python3.8/site-packages/airflow/example_dags/tutorial.py took 0.084 seconds
[2026-04-08T09:56:49.914+0000] {processor.py:161} INFO - Started process (PID=691) to work on /home/airflow/.local/lib/python3.8/site-packages/airflow/example_dags/tutorial.py
[2026-04-08T09:56:49.915+0000] {processor.py:830} INFO - Processing file /home/airflow/.local/lib/python3.8/site-packages/airflow/example_dags/tutorial.py for tasks to queue
[2026-04-08T09:56:49.918+0000] {logging_mixin.py:188} INFO - [2026-04-08T09:56:49.917+0000] {dagbag.py:538} INFO - Filling up the DagBag from /home/airflow/.local/lib/python3.8/site-packages/airflow/example_dags/tutorial.py
[2026-04-08T09:56:49.925+0000] {processor.py:840} INFO - DAG(s) 'tutorial' retrieved from /home/airflow/.local/lib/python3.8/site-packages/airflow/example_dags/tutorial.py
[2026-04-08T09:56:49.948+0000] {logging_mixin.py:188} INFO - [2026-04-08T09:56:49.948+0000] {dag.py:3033} INFO - Sync 1 DAGs
[2026-04-08T09:56:49.974+0000] {logging_mixin.py:188} INFO - [2026-04-08T09:56:49.974+0000] {dag.py:3820} INFO - Setting next_dagrun for tutorial to 2026-04-07T00:00:00+00:00, run_after=2026-04-08T00:00:00+00:00
[2026-04-08T09:56:50.022+0000] {processor.py:183} INFO - Processing /home/airflow/.local/lib/python3.8/site-packages/airflow/example_dags/tutorial.py took 0.112 seconds
[2026-04-08T09:57:20.064+0000] {processor.py:161} INFO - Started process (PID=748) to work on /home/airflow/.local/lib/python3.8/site-packages/airflow/example_dags/tutorial.py
[2026-04-08T09:57:20.065+0000] {processor.py:830} INFO - Processing file /home/airflow/.local/lib/python3.8/site-packages/airflow/example_dags/tutorial.py for tasks to queue
[2026-04-08T09:57:20.067+0000] {logging_mixin.py:188} INFO - [2026-04-08T09:57:20.067+0000] {dagbag.py:538} INFO - Filling up the DagBag from /home/airflow/.local/lib/python3.8/site-packages/airflow/example_dags/tutorial.py
[2026-04-08T09:57:20.075+0000] {processor.py:840} INFO - DAG(s) 'tutorial' retrieved from /home/airflow/.local/lib/python3.8/site-packages/airflow/example_dags/tutorial.py
[2026-04-08T09:57:20.098+0000] {logging_mixin.py:188} INFO - [2026-04-08T09:57:20.097+0000] {dag.py:3033} INFO - Sync 1 DAGs
[2026-04-08T09:57:20.123+0000] {logging_mixin.py:188} INFO - [2026-04-08T09:57:20.123+0000] {dag.py:3820} INFO - Setting next_dagrun for tutorial to 2026-04-07T00:00:00+00:00, run_after=2026-04-08T00:00:00+00:00
[2026-04-08T09:57:20.143+0000] {processor.py:183} INFO - Processing /home/airflow/.local/lib/python3.8/site-packages/airflow/example_dags/tutorial.py took 0.084 seconds
[2026-04-08T09:57:50.265+0000] {processor.py:161} INFO - Started process (PID=805) to work on /home/airflow/.local/lib/python3.8/site-packages/airflow/example_dags/tutorial.py
[2026-04-08T09:57:50.266+0000] {processor.py:830} INFO - Processing file /home/airflow/.local/lib/python3.8/site-packages/airflow/example_dags/tutorial.py for tasks to queue
[2026-04-08T09:57:50.268+0000] {logging_mixin.py:188} INFO - [2026-04-08T09:57:50.268+0000] {dagbag.py:538} INFO - Filling up the DagBag from /home/airflow/.local/lib/python3.8/site-packages/airflow/example_dags/tutorial.py
[2026-04-08T09:57:50.275+0000] {processor.py:840} INFO - DAG(s) 'tutorial' retrieved from /home/airflow/.local/lib/python3.8/site-packages/airflow/example_dags/tutorial.py
[2026-04-08T09:57:50.299+0000] {logging_mixin.py:188} INFO - [2026-04-08T09:57:50.299+0000] {dag.py:3033} INFO - Sync 1 DAGs
[2026-04-08T09:57:50.325+0000] {logging_mixin.py:188} INFO - [2026-04-08T09:57:50.324+0000] {dag.py:3820} INFO - Setting next_dagrun for tutorial to 2026-04-07T00:00:00+00:00, run_after=2026-04-08T00:00:00+00:00
[2026-04-08T09:57:50.344+0000] {processor.py:183} INFO - Processing /home/airflow/.local/lib/python3.8/site-packages/airflow/example_dags/tutorial.py took 0.082 seconds
[2026-04-08T09:58:21.576+0000] {processor.py:161} INFO - Started process (PID=862) to work on /home/airflow/.local/lib/python3.8/site-packages/airflow/example_dags/tutorial.py
[2026-04-08T09:58:21.579+0000] {processor.py:830} INFO - Processing file /home/airflow/.local/lib/python3.8/site-packages/airflow/example_dags/tutorial.py for tasks to queue
[2026-04-08T09:58:21.584+0000] {logging_mixin.py:188} INFO - [2026-04-08T09:58:21.584+0000] {dagbag.py:538} INFO - Filling up the DagBag from /home/airflow/.local/lib/python3.8/site-packages/airflow/example_dags/tutorial.py
[2026-04-08T09:58:21.600+0000] {processor.py:840} INFO - DAG(s) 'tutorial' retrieved from /home/airflow/.local/lib/python3.8/site-packages/airflow/example_dags/tutorial.py
[2026-04-08T09:58:21.641+0000] {logging_mixin.py:188} INFO - [2026-04-08T09:58:21.640+0000] {dag.py:3033} INFO - Sync 1 DAGs
[2026-04-08T09:58:21.673+0000] {logging_mixin.py:188} INFO - [2026-04-08T09:58:21.673+0000] {dag.py:3820} INFO - Setting next_dagrun for tutorial to 2026-04-07T00:00:00+00:00, run_after=2026-04-08T00:00:00+00:00
[2026-04-08T09:58:21.693+0000] {processor.py:183} INFO - Processing /home/airflow/.local/lib/python3.8/site-packages/airflow/example_dags/tutorial.py took 0.124 seconds
[2026-04-08T09:58:53.351+0000] {processor.py:161} INFO - Started process (PID=919) to work on /home/airflow/.local/lib/python3.8/site-packages/airflow/example_dags/tutorial.py
[2026-04-08T09:58:53.354+0000] {processor.py:830} INFO - Processing file /home/airflow/.local/lib/python3.8/site-packages/airflow/example_dags/tutorial.py for tasks to queue
[2026-04-08T09:58:53.359+0000] {logging_mixin.py:188} INFO - [2026-04-08T09:58:53.359+0000] {dagbag.py:538} INFO - Filling up the DagBag from /home/airflow/.local/lib/python3.8/site-packages/airflow/example_dags/tutorial.py
[2026-04-08T09:58:53.384+0000] {processor.py:840} INFO - DAG(s) 'tutorial' retrieved from /home/airflow/.local/lib/python3.8/site-packages/airflow/example_dags/tutorial.py
[2026-04-08T09:58:53.428+0000] {logging_mixin.py:188} INFO - [2026-04-08T09:58:53.428+0000] {dag.py:3033} INFO - Sync 1 DAGs
[2026-04-08T09:58:53.456+0000] {logging_mixin.py:188} INFO - [2026-04-08T09:58:53.455+0000] {dag.py:3820} INFO - Setting next_dagrun for tutorial to 2026-04-07T00:00:00+00:00, run_after=2026-04-08T00:00:00+00:00
[2026-04-08T09:58:53.476+0000] {processor.py:183} INFO - Processing /home/airflow/.local/lib/python3.8/site-packages/airflow/example_dags/tutorial.py took 0.138 seconds
[2026-04-08T09:59:24.076+0000] {processor.py:161} INFO - Started process (PID=976) to work on /home/airflow/.local/lib/python3.8/site-packages/airflow/example_dags/tutorial.py
[2026-04-08T09:59:24.082+0000] {processor.py:830} INFO - Processing file /home/airflow/.local/lib/python3.8/site-packages/airflow/example_dags/tutorial.py for tasks to queue
[2026-04-08T09:59:24.086+0000] {logging_mixin.py:188} INFO - [2026-04-08T09:59:24.086+0000] {dagbag.py:538} INFO - Filling up the DagBag from /home/airflow/.local/lib/python3.8/site-packages/airflow/example_dags/tutorial.py
[2026-04-08T09:59:24.098+0000] {processor.py:840} INFO - DAG(s) 'tutorial' retrieved from /home/airflow/.local/lib/python3.8/site-packages/airflow/example_dags/tutorial.py
[2026-04-08T09:59:24.120+0000] {logging_mixin.py:188} INFO - [2026-04-08T09:59:24.120+0000] {dag.py:3033} INFO - Sync 1 DAGs
[2026-04-08T09:59:24.147+0000] {logging_mixin.py:188} INFO - [2026-04-08T09:59:24.147+0000] {dag.py:3820} INFO - Setting next_dagrun for tutorial to 2026-04-07T00:00:00+00:00, run_after=2026-04-08T00:00:00+00:00
[2026-04-08T09:59:24.166+0000] {processor.py:183} INFO - Processing /home/airflow/.local/lib/python3.8/site-packages/airflow/example_dags/tutorial.py took 0.104 seconds
[2026-04-08T09:59:54.486+0000] {processor.py:161} INFO - Started process (PID=1033) to work on /home/airflow/.local/lib/python3.8/site-packages/airflow/example_dags/tutorial.py
[2026-04-08T09:59:54.487+0000] {processor.py:830} INFO - Processing file /home/airflow/.local/lib/python3.8/site-packages/airflow/example_dags/tutorial.py for tasks to queue
[2026-04-08T09:59:54.489+0000] {logging_mixin.py:188} INFO - [2026-04-08T09:59:54.489+0000] {dagbag.py:538} INFO - Filling up the DagBag from /home/airflow/.local/lib/python3.8/site-packages/airflow/example_dags/tutorial.py
[2026-04-08T09:59:54.494+0000] {processor.py:840} INFO - DAG(s) 'tutorial' retrieved from /home/airflow/.local/lib/python3.8/site-packages/airflow/example_dags/tutorial.py
[2026-04-08T09:59:54.510+0000] {logging_mixin.py:188} INFO - [2026-04-08T09:59:54.510+0000] {dag.py:3033} INFO - Sync 1 DAGs
[2026-04-08T09:59:54.528+0000] {logging_mixin.py:188} INFO - [2026-04-08T09:59:54.527+0000] {dag.py:3820} INFO - Setting next_dagrun for tutorial to 2026-04-07T00:00:00+00:00, run_after=2026-04-08T00:00:00+00:00
[2026-04-08T09:59:54.542+0000] {processor.py:183} INFO - Processing /home/airflow/.local/lib/python3.8/site-packages/airflow/example_dags/tutorial.py took 0.059 seconds
[2026-04-08T10:00:25.423+0000] {processor.py:161} INFO - Started process (PID=1090) to work on /home/airflow/.local/lib/python3.8/site-packages/airflow/example_dags/tutorial.py
[2026-04-08T10:00:25.431+0000] {processor.py:830} INFO - Processing file /home/airflow/.local/lib/python3.8/site-packages/airflow/example_dags/tutorial.py for tasks to queue
[2026-04-08T10:00:25.435+0000] {logging_mixin.py:188} INFO - [2026-04-08T10:00:25.435+0000] {dagbag.py:538} INFO - Filling up the DagBag from /home/airflow/.local/lib/python3.8/site-packages/airflow/example_dags/tutorial.py
[2026-04-08T10:00:25.444+0000] {processor.py:840} INFO - DAG(s) 'tutorial' retrieved from /home/airflow/.local/lib/python3.8/site-packages/airflow/example_dags/tutorial.py
[2026-04-08T10:00:25.466+0000] {logging_mixin.py:188} INFO - [2026-04-08T10:00:25.466+0000] {dag.py:3033} INFO - Sync 1 DAGs
[2026-04-08T10:00:25.491+0000] {logging_mixin.py:188} INFO - [2026-04-08T10:00:25.491+0000] {dag.py:3820} INFO - Setting next_dagrun for tutorial to 2026-04-07T00:00:00+00:00, run_after=2026-04-08T00:00:00+00:00
[2026-04-08T10:00:25.510+0000] {processor.py:183} INFO - Processing /home/airflow/.local/lib/python3.8/site-packages/airflow/example_dags/tutorial.py took 0.091 seconds
[2026-04-08T10:00:55.809+0000] {processor.py:161} INFO - Started process (PID=1147) to work on /home/airflow/.local/lib/python3.8/site-packages/airflow/example_dags/tutorial.py
[2026-04-08T10:00:55.809+0000] {processor.py:830} INFO - Processing file /home/airflow/.local/lib/python3.8/site-packages/airflow/example_dags/tutorial.py for tasks to queue
[2026-04-08T10:00:55.812+0000] {logging_mixin.py:188} INFO - [2026-04-08T10:00:55.812+0000] {dagbag.py:538} INFO - Filling up the DagBag from /home/airflow/.local/lib/python3.8/site-packages/airflow/example_dags/tutorial.py
[2026-04-08T10:00:55.818+0000] {processor.py:840} INFO - DAG(s) 'tutorial' retrieved from /home/airflow/.local/lib/python3.8/site-packages/airflow/example_dags/tutorial.py
[2026-04-08T10:00:55.841+0000] {logging_mixin.py:188} INFO - [2026-04-08T10:00:55.840+0000] {dag.py:3033} INFO - Sync 1 DAGs
[2026-04-08T10:00:55.865+0000] {logging_mixin.py:188} INFO - [2026-04-08T10:00:55.865+0000] {dag.py:3820} INFO - Setting next_dagrun for tutorial to 2026-04-07T00:00:00+00:00, run_after=2026-04-08T00:00:00+00:00
[2026-04-08T10:00:55.885+0000] {processor.py:183} INFO - Processing /home/airflow/.local/lib/python3.8/site-packages/airflow/example_dags/tutorial.py took 0.080 seconds
[2026-04-08T10:01:26.265+0000] {processor.py:161} INFO - Started process (PID=1204) to work on /home/airflow/.local/lib/python3.8/site-packages/airflow/example_dags/tutorial.py
[2026-04-08T10:01:26.267+0000] {processor.py:830} INFO - Processing file /home/airflow/.local/lib/python3.8/site-packages/airflow/example_dags/tutorial.py for tasks to queue
[2026-04-08T10:01:26.270+0000] {logging_mixin.py:188} INFO - [2026-04-08T10:01:26.269+0000] {dagbag.py:538} INFO - Filling up the DagBag from /home/airflow/.local/lib/python3.8/site-packages/airflow/example_dags/tutorial.py
[2026-04-08T10:01:26.277+0000] {processor.py:840} INFO - DAG(s) 'tutorial' retrieved from /home/airflow/.local/lib/python3.8/site-packages/airflow/example_dags/tutorial.py
[2026-04-08T10:01:26.307+0000] {logging_mixin.py:188} INFO - [2026-04-08T10:01:26.307+0000] {dag.py:3033} INFO - Sync 1 DAGs
[2026-04-08T10:01:26.350+0000] {logging_mixin.py:188} INFO - [2026-04-08T10:01:26.349+0000] {dag.py:3820} INFO - Setting next_dagrun for tutorial to 2026-04-07T00:00:00+00:00, run_after=2026-04-08T00:00:00+00:00
[2026-04-08T10:01:26.419+0000] {processor.py:183} INFO - Processing /home/airflow/.local/lib/python3.8/site-packages/airflow/example_dags/tutorial.py took 0.157 seconds
[2026-04-08T10:01:56.575+0000] {processor.py:161} INFO - Started process (PID=1260) to work on /home/airflow/.local/lib/python3.8/site-packages/airflow/example_dags/tutorial.py
[2026-04-08T10:01:56.576+0000] {processor.py:830} INFO - Processing file /home/airflow/.local/lib/python3.8/site-packages/airflow/example_dags/tutorial.py for tasks to queue
[2026-04-08T10:01:56.578+0000] {logging_mixin.py:188} INFO - [2026-04-08T10:01:56.578+0000] {dagbag.py:538} INFO - Filling up the DagBag from /home/airflow/.local/lib/python3.8/site-packages/airflow/example_dags/tutorial.py
[2026-04-08T10:01:56.588+0000] {processor.py:840} INFO - DAG(s) 'tutorial' retrieved from /home/airflow/.local/lib/python3.8/site-packages/airflow/example_dags/tutorial.py
[2026-04-08T10:01:56.640+0000] {logging_mixin.py:188} INFO - [2026-04-08T10:01:56.640+0000] {dag.py:3033} INFO - Sync 1 DAGs
[2026-04-08T10:01:56.666+0000] {logging_mixin.py:188} INFO - [2026-04-08T10:01:56.666+0000] {dag.py:3820} INFO - Setting next_dagrun for tutorial to 2026-04-07T00:00:00+00:00, run_after=2026-04-08T00:00:00+00:00
[2026-04-08T10:01:56.684+0000] {processor.py:183} INFO - Processing /home/airflow/.local/lib/python3.8/site-packages/airflow/example_dags/tutorial.py took 0.115 seconds
[2026-04-08T10:02:26.994+0000] {processor.py:161} INFO - Started process (PID=1317) to work on /home/airflow/.local/lib/python3.8/site-packages/airflow/example_dags/tutorial.py
[2026-04-08T10:02:26.997+0000] {processor.py:830} INFO - Processing file /home/airflow/.local/lib/python3.8/site-packages/airflow/example_dags/tutorial.py for tasks to queue
[2026-04-08T10:02:27.004+0000] {logging_mixin.py:188} INFO - [2026-04-08T10:02:27.004+0000] {dagbag.py:538} INFO - Filling up the DagBag from /home/airflow/.local/lib/python3.8/site-packages/airflow/example_dags/tutorial.py
[2026-04-08T10:02:27.014+0000] {processor.py:840} INFO - DAG(s) 'tutorial' retrieved from /home/airflow/.local/lib/python3.8/site-packages/airflow/example_dags/tutorial.py
[2026-04-08T10:02:27.037+0000] {logging_mixin.py:188} INFO - [2026-04-08T10:02:27.037+0000] {dag.py:3033} INFO - Sync 1 DAGs
[2026-04-08T10:02:27.064+0000] {logging_mixin.py:188} INFO - [2026-04-08T10:02:27.064+0000] {dag.py:3820} INFO - Setting next_dagrun for tutorial to 2026-04-07T00:00:00+00:00, run_after=2026-04-08T00:00:00+00:00
[2026-04-08T10:02:27.084+0000] {processor.py:183} INFO - Processing /home/airflow/.local/lib/python3.8/site-packages/airflow/example_dags/tutorial.py took 0.106 seconds
[2026-04-08T10:02:58.012+0000] {processor.py:161} INFO - Started process (PID=1374) to work on /home/airflow/.local/lib/python3.8/site-packages/airflow/example_dags/tutorial.py
[2026-04-08T10:02:58.013+0000] {processor.py:830} INFO - Processing file /home/airflow/.local/lib/python3.8/site-packages/airflow/example_dags/tutorial.py for tasks to queue
[2026-04-08T10:02:58.016+0000] {logging_mixin.py:188} INFO - [2026-04-08T10:02:58.015+0000] {dagbag.py:538} INFO - Filling up the DagBag from /home/airflow/.local/lib/python3.8/site-packages/airflow/example_dags/tutorial.py
[2026-04-08T10:02:58.024+0000] {processor.py:840} INFO - DAG(s) 'tutorial' retrieved from /home/airflow/.local/lib/python3.8/site-packages/airflow/example_dags/tutorial.py
[2026-04-08T10:02:58.046+0000] {logging_mixin.py:188} INFO - [2026-04-08T10:02:58.046+0000] {dag.py:3033} INFO - Sync 1 DAGs
[2026-04-08T10:02:58.075+0000] {logging_mixin.py:188} INFO - [2026-04-08T10:02:58.075+0000] {dag.py:3820} INFO - Setting next_dagrun for tutorial to 2026-04-07T00:00:00+00:00, run_after=2026-04-08T00:00:00+00:00
[2026-04-08T10:02:58.095+0000] {processor.py:183} INFO - Processing /home/airflow/.local/lib/python3.8/site-packages/airflow/example_dags/tutorial.py took 0.087 seconds
[2026-04-08T10:03:28.204+0000] {processor.py:161} INFO - Started process (PID=1431) to work on /home/airflow/.local/lib/python3.8/site-packages/airflow/example_dags/tutorial.py
[2026-04-08T10:03:28.205+0000] {processor.py:830} INFO - Processing file /home/airflow/.local/lib/python3.8/site-packages/airflow/example_dags/tutorial.py for tasks to queue
[2026-04-08T10:03:28.208+0000] {logging_mixin.py:188} INFO - [2026-04-08T10:03:28.207+0000] {dagbag.py:538} INFO - Filling up the DagBag from /home/airflow/.local/lib/python3.8/site-packages/airflow/example_dags/tutorial.py
[2026-04-08T10:03:28.215+0000] {processor.py:840} INFO - DAG(s) 'tutorial' retrieved from /home/airflow/.local/lib/python3.8/site-packages/airflow/example_dags/tutorial.py
[2026-04-08T10:03:28.238+0000] {logging_mixin.py:188} INFO - [2026-04-08T10:03:28.238+0000] {dag.py:3033} INFO - Sync 1 DAGs
[2026-04-08T10:03:28.264+0000] {logging_mixin.py:188} INFO - [2026-04-08T10:03:28.264+0000] {dag.py:3820} INFO - Setting next_dagrun for tutorial to 2026-04-07T00:00:00+00:00, run_after=2026-04-08T00:00:00+00:00
[2026-04-08T10:03:28.286+0000] {processor.py:183} INFO - Processing /home/airflow/.local/lib/python3.8/site-packages/airflow/example_dags/tutorial.py took 0.086 seconds
[2026-04-08T10:03:58.604+0000] {processor.py:161} INFO - Started process (PID=1488) to work on /home/airflow/.local/lib/python3.8/site-packages/airflow/example_dags/tutorial.py
[2026-04-08T10:03:58.605+0000] {processor.py:830} INFO - Processing file /home/airflow/.local/lib/python3.8/site-packages/airflow/example_dags/tutorial.py for tasks to queue
[2026-04-08T10:03:58.608+0000] {logging_mixin.py:188} INFO - [2026-04-08T10:03:58.607+0000] {dagbag.py:538} INFO - Filling up the DagBag from /home/airflow/.local/lib/python3.8/site-packages/airflow/example_dags/tutorial.py
[2026-04-08T10:03:58.614+0000] {processor.py:840} INFO - DAG(s) 'tutorial' retrieved from /home/airflow/.local/lib/python3.8/site-packages/airflow/example_dags/tutorial.py
[2026-04-08T10:03:58.635+0000] {logging_mixin.py:188} INFO - [2026-04-08T10:03:58.634+0000] {dag.py:3033} INFO - Sync 1 DAGs
[2026-04-08T10:03:58.663+0000] {logging_mixin.py:188} INFO - [2026-04-08T10:03:58.663+0000] {dag.py:3820} INFO - Setting next_dagrun for tutorial to 2026-04-07T00:00:00+00:00, run_after=2026-04-08T00:00:00+00:00
[2026-04-08T10:03:58.684+0000] {processor.py:183} INFO - Processing /home/airflow/.local/lib/python3.8/site-packages/airflow/example_dags/tutorial.py took 0.088 seconds
[2026-04-08T10:04:29.049+0000] {processor.py:161} INFO - Started process (PID=1545) to work on /home/airflow/.local/lib/python3.8/site-packages/airflow/example_dags/tutorial.py
[2026-04-08T10:04:29.050+0000] {processor.py:830} INFO - Processing file /home/airflow/.local/lib/python3.8/site-packages/airflow/example_dags/tutorial.py for tasks to queue
[2026-04-08T10:04:29.053+0000] {logging_mixin.py:188} INFO - [2026-04-08T10:04:29.052+0000] {dagbag.py:538} INFO - Filling up the DagBag from /home/airflow/.local/lib/python3.8/site-packages/airflow/example_dags/tutorial.py
[2026-04-08T10:04:29.060+0000] {processor.py:840} INFO - DAG(s) 'tutorial' retrieved from /home/airflow/.local/lib/python3.8/site-packages/airflow/example_dags/tutorial.py
[2026-04-08T10:04:29.083+0000] {logging_mixin.py:188} INFO - [2026-04-08T10:04:29.082+0000] {dag.py:3033} INFO - Sync 1 DAGs
[2026-04-08T10:04:29.108+0000] {logging_mixin.py:188} INFO - [2026-04-08T10:04:29.108+0000] {dag.py:3820} INFO - Setting next_dagrun for tutorial to 2026-04-07T00:00:00+00:00, run_after=2026-04-08T00:00:00+00:00
[2026-04-08T10:04:29.130+0000] {processor.py:183} INFO - Processing /home/airflow/.local/lib/python3.8/site-packages/airflow/example_dags/tutorial.py took 0.086 seconds
[2026-04-08T10:04:59.211+0000] {processor.py:161} INFO - Started process (PID=1602) to work on /home/airflow/.local/lib/python3.8/site-packages/airflow/example_dags/tutorial.py
[2026-04-08T10:04:59.213+0000] {processor.py:830} INFO - Processing file /home/airflow/.local/lib/python3.8/site-packages/airflow/example_dags/tutorial.py for tasks to queue
[2026-04-08T10:04:59.218+0000] {logging_mixin.py:188} INFO - [2026-04-08T10:04:59.217+0000] {dagbag.py:538} INFO - Filling up the DagBag from /home/airflow/.local/lib/python3.8/site-packages/airflow/example_dags/tutorial.py
[2026-04-08T10:04:59.229+0000] {processor.py:840} INFO - DAG(s) 'tutorial' retrieved from /home/airflow/.local/lib/python3.8/site-packages/airflow/example_dags/tutorial.py
[2026-04-08T10:04:59.278+0000] {logging_mixin.py:188} INFO - [2026-04-08T10:04:59.277+0000] {dag.py:3033} INFO - Sync 1 DAGs
[2026-04-08T10:04:59.308+0000] {logging_mixin.py:188} INFO - [2026-04-08T10:04:59.308+0000] {dag.py:3820} INFO - Setting next_dagrun for tutorial to 2026-04-07T00:00:00+00:00, run_after=2026-04-08T00:00:00+00:00
[2026-04-08T10:04:59.328+0000] {processor.py:183} INFO - Processing /home/airflow/.local/lib/python3.8/site-packages/airflow/example_dags/tutorial.py took 0.121 seconds
[2026-04-08T10:05:29.471+0000] {processor.py:161} INFO - Started process (PID=1659) to work on /home/airflow/.local/lib/python3.8/site-packages/airflow/example_dags/tutorial.py
[2026-04-08T10:05:29.473+0000] {processor.py:830} INFO - Processing file /home/airflow/.local/lib/python3.8/site-packages/airflow/example_dags/tutorial.py for tasks to queue
[2026-04-08T10:05:29.475+0000] {logging_mixin.py:188} INFO - [2026-04-08T10:05:29.475+0000] {dagbag.py:538} INFO - Filling up the DagBag from /home/airflow/.local/lib/python3.8/site-packages/airflow/example_dags/tutorial.py
[2026-04-08T10:05:29.482+0000] {processor.py:840} INFO - DAG(s) 'tutorial' retrieved from /home/airflow/.local/lib/python3.8/site-packages/airflow/example_dags/tutorial.py
[2026-04-08T10:05:29.503+0000] {logging_mixin.py:188} INFO - [2026-04-08T10:05:29.503+0000] {dag.py:3033} INFO - Sync 1 DAGs
[2026-04-08T10:05:29.527+0000] {logging_mixin.py:188} INFO - [2026-04-08T10:05:29.527+0000] {dag.py:3820} INFO - Setting next_dagrun for tutorial to 2026-04-07T00:00:00+00:00, run_after=2026-04-08T00:00:00+00:00
[2026-04-08T10:05:29.560+0000] {processor.py:183} INFO - Processing /home/airflow/.local/lib/python3.8/site-packages/airflow/example_dags/tutorial.py took 0.094 seconds
[2026-04-08T10:06:00.463+0000] {processor.py:161} INFO - Started process (PID=1716) to work on /home/airflow/.local/lib/python3.8/site-packages/airflow/example_dags/tutorial.py
[2026-04-08T10:06:00.465+0000] {processor.py:830} INFO - Processing file /home/airflow/.local/lib/python3.8/site-packages/airflow/example_dags/tutorial.py for tasks to queue
[2026-04-08T10:06:00.468+0000] {logging_mixin.py:188} INFO - [2026-04-08T10:06:00.468+0000] {dagbag.py:538} INFO - Filling up the DagBag from /home/airflow/.local/lib/python3.8/site-packages/airflow/example_dags/tutorial.py
[2026-04-08T10:06:00.476+0000] {processor.py:840} INFO - DAG(s) 'tutorial' retrieved from /home/airflow/.local/lib/python3.8/site-packages/airflow/example_dags/tutorial.py
[2026-04-08T10:06:00.499+0000] {logging_mixin.py:188} INFO - [2026-04-08T10:06:00.499+0000] {dag.py:3033} INFO - Sync 1 DAGs
[2026-04-08T10:06:00.527+0000] {logging_mixin.py:188} INFO - [2026-04-08T10:06:00.527+0000] {dag.py:3820} INFO - Setting next_dagrun for tutorial to 2026-04-07T00:00:00+00:00, run_after=2026-04-08T00:00:00+00:00
[2026-04-08T10:06:00.550+0000] {processor.py:183} INFO - Processing /home/airflow/.local/lib/python3.8/site-packages/airflow/example_dags/tutorial.py took 0.103 seconds
[2026-04-08T10:06:31.170+0000] {processor.py:161} INFO - Started process (PID=1773) to work on /home/airflow/.local/lib/python3.8/site-packages/airflow/example_dags/tutorial.py
[2026-04-08T10:06:31.171+0000] {processor.py:830} INFO - Processing file /home/airflow/.local/lib/python3.8/site-packages/airflow/example_dags/tutorial.py for tasks to queue
[2026-04-08T10:06:31.173+0000] {logging_mixin.py:188} INFO - [2026-04-08T10:06:31.173+0000] {dagbag.py:538} INFO - Filling up the DagBag from /home/airflow/.local/lib/python3.8/site-packages/airflow/example_dags/tutorial.py
[2026-04-08T10:06:31.181+0000] {processor.py:840} INFO - DAG(s) 'tutorial' retrieved from /home/airflow/.local/lib/python3.8/site-packages/airflow/example_dags/tutorial.py
[2026-04-08T10:06:31.204+0000] {logging_mixin.py:188} INFO - [2026-04-08T10:06:31.204+0000] {dag.py:3033} INFO - Sync 1 DAGs
[2026-04-08T10:06:31.231+0000] {logging_mixin.py:188} INFO - [2026-04-08T10:06:31.231+0000] {dag.py:3820} INFO - Setting next_dagrun for tutorial to 2026-04-07T00:00:00+00:00, run_after=2026-04-08T00:00:00+00:00
[2026-04-08T10:06:31.257+0000] {processor.py:183} INFO - Processing /home/airflow/.local/lib/python3.8/site-packages/airflow/example_dags/tutorial.py took 0.092 seconds
[2026-04-08T10:07:01.673+0000] {processor.py:161} INFO - Started process (PID=1830) to work on /home/airflow/.local/lib/python3.8/site-packages/airflow/example_dags/tutorial.py
[2026-04-08T10:07:01.674+0000] {processor.py:830} INFO - Processing file /home/airflow/.local/lib/python3.8/site-packages/airflow/example_dags/tutorial.py for tasks to queue
[2026-04-08T10:07:01.676+0000] {logging_mixin.py:188} INFO - [2026-04-08T10:07:01.676+0000] {dagbag.py:538} INFO - Filling up the DagBag from /home/airflow/.local/lib/python3.8/site-packages/airflow/example_dags/tutorial.py
[2026-04-08T10:07:01.684+0000] {processor.py:840} INFO - DAG(s) 'tutorial' retrieved from /home/airflow/.local/lib/python3.8/site-packages/airflow/example_dags/tutorial.py
[2026-04-08T10:07:01.748+0000] {logging_mixin.py:188} INFO - [2026-04-08T10:07:01.748+0000] {dag.py:3033} INFO - Sync 1 DAGs
[2026-04-08T10:07:01.786+0000] {logging_mixin.py:188} INFO - [2026-04-08T10:07:01.786+0000] {dag.py:3820} INFO - Setting next_dagrun for tutorial to 2026-04-07T00:00:00+00:00, run_after=2026-04-08T00:00:00+00:00
[2026-04-08T10:07:01.807+0000] {processor.py:183} INFO - Processing /home/airflow/.local/lib/python3.8/site-packages/airflow/example_dags/tutorial.py took 0.138 seconds
[2026-04-08T10:07:32.498+0000] {processor.py:161} INFO - Started process (PID=1887) to work on /home/airflow/.local/lib/python3.8/site-packages/airflow/example_dags/tutorial.py
[2026-04-08T10:07:32.502+0000] {processor.py:830} INFO - Processing file /home/airflow/.local/lib/python3.8/site-packages/airflow/example_dags/tutorial.py for tasks to queue
[2026-04-08T10:07:32.510+0000] {logging_mixin.py:188} INFO - [2026-04-08T10:07:32.509+0000] {dagbag.py:538} INFO - Filling up the DagBag from /home/airflow/.local/lib/python3.8/site-packages/airflow/example_dags/tutorial.py
[2026-04-08T10:07:32.522+0000] {processor.py:840} INFO - DAG(s) 'tutorial' retrieved from /home/airflow/.local/lib/python3.8/site-packages/airflow/example_dags/tutorial.py
[2026-04-08T10:07:32.553+0000] {logging_mixin.py:188} INFO - [2026-04-08T10:07:32.553+0000] {dag.py:3033} INFO - Sync 1 DAGs
[2026-04-08T10:07:32.622+0000] {logging_mixin.py:188} INFO - [2026-04-08T10:07:32.621+0000] {dag.py:3820} INFO - Setting next_dagrun for tutorial to 2026-04-07T00:00:00+00:00, run_after=2026-04-08T00:00:00+00:00
[2026-04-08T10:07:32.670+0000] {processor.py:183} INFO - Processing /home/airflow/.local/lib/python3.8/site-packages/airflow/example_dags/tutorial.py took 0.191 seconds
[2026-04-08T10:08:03.138+0000] {processor.py:161} INFO - Started process (PID=1950) to work on /home/airflow/.local/lib/python3.8/site-packages/airflow/example_dags/tutorial.py
[2026-04-08T10:08:03.139+0000] {processor.py:830} INFO - Processing file /home/airflow/.local/lib/python3.8/site-packages/airflow/example_dags/tutorial.py for tasks to queue
[2026-04-08T10:08:03.142+0000] {logging_mixin.py:188} INFO - [2026-04-08T10:08:03.141+0000] {dagbag.py:538} INFO - Filling up the DagBag from /home/airflow/.local/lib/python3.8/site-packages/airflow/example_dags/tutorial.py
[2026-04-08T10:08:03.149+0000] {processor.py:840} INFO - DAG(s) 'tutorial' retrieved from /home/airflow/.local/lib/python3.8/site-packages/airflow/example_dags/tutorial.py
[2026-04-08T10:08:03.171+0000] {logging_mixin.py:188} INFO - [2026-04-08T10:08:03.171+0000] {dag.py:3033} INFO - Sync 1 DAGs
[2026-04-08T10:08:03.197+0000] {logging_mixin.py:188} INFO - [2026-04-08T10:08:03.197+0000] {dag.py:3820} INFO - Setting next_dagrun for tutorial to 2026-04-07T00:00:00+00:00, run_after=2026-04-08T00:00:00+00:00
[2026-04-08T10:08:03.223+0000] {processor.py:183} INFO - Processing /home/airflow/.local/lib/python3.8/site-packages/airflow/example_dags/tutorial.py took 0.089 seconds
[2026-04-08T10:08:33.925+0000] {processor.py:161} INFO - Started process (PID=2007) to work on /home/airflow/.local/lib/python3.8/site-packages/airflow/example_dags/tutorial.py
[2026-04-08T10:08:33.926+0000] {processor.py:830} INFO - Processing file /home/airflow/.local/lib/python3.8/site-packages/airflow/example_dags/tutorial.py for tasks to queue
[2026-04-08T10:08:33.928+0000] {logging_mixin.py:188} INFO - [2026-04-08T10:08:33.928+0000] {dagbag.py:538} INFO - Filling up the DagBag from /home/airflow/.local/lib/python3.8/site-packages/airflow/example_dags/tutorial.py
[2026-04-08T10:08:33.935+0000] {processor.py:840} INFO - DAG(s) 'tutorial' retrieved from /home/airflow/.local/lib/python3.8/site-packages/airflow/example_dags/tutorial.py
[2026-04-08T10:08:33.956+0000] {logging_mixin.py:188} INFO - [2026-04-08T10:08:33.956+0000] {dag.py:3033} INFO - Sync 1 DAGs
[2026-04-08T10:08:33.981+0000] {logging_mixin.py:188} INFO - [2026-04-08T10:08:33.980+0000] {dag.py:3820} INFO - Setting next_dagrun for tutorial to 2026-04-07T00:00:00+00:00, run_after=2026-04-08T00:00:00+00:00
[2026-04-08T10:08:34.001+0000] {processor.py:183} INFO - Processing /home/airflow/.local/lib/python3.8/site-packages/airflow/example_dags/tutorial.py took 0.081 seconds
[2026-04-08T10:09:04.791+0000] {processor.py:161} INFO - Started process (PID=2064) to work on /home/airflow/.local/lib/python3.8/site-packages/airflow/example_dags/tutorial.py
[2026-04-08T10:09:04.793+0000] {processor.py:830} INFO - Processing file /home/airflow/.local/lib/python3.8/site-packages/airflow/example_dags/tutorial.py for tasks to queue
[2026-04-08T10:09:04.795+0000] {logging_mixin.py:188} INFO - [2026-04-08T10:09:04.795+0000] {dagbag.py:538} INFO - Filling up the DagBag from /home/airflow/.local/lib/python3.8/site-packages/airflow/example_dags/tutorial.py
[2026-04-08T10:09:04.802+0000] {processor.py:840} INFO - DAG(s) 'tutorial' retrieved from /home/airflow/.local/lib/python3.8/site-packages/airflow/example_dags/tutorial.py
[2026-04-08T10:09:04.826+0000] {logging_mixin.py:188} INFO - [2026-04-08T10:09:04.826+0000] {dag.py:3033} INFO - Sync 1 DAGs
[2026-04-08T10:09:04.852+0000] {logging_mixin.py:188} INFO - [2026-04-08T10:09:04.852+0000] {dag.py:3820} INFO - Setting next_dagrun for tutorial to 2026-04-07T00:00:00+00:00, run_after=2026-04-08T00:00:00+00:00
[2026-04-08T10:09:04.875+0000] {processor.py:183} INFO - Processing /home/airflow/.local/lib/python3.8/site-packages/airflow/example_dags/tutorial.py took 0.089 seconds
[2026-04-08T10:09:35.099+0000] {processor.py:161} INFO - Started process (PID=2121) to work on /home/airflow/.local/lib/python3.8/site-packages/airflow/example_dags/tutorial.py
[2026-04-08T10:09:35.101+0000] {processor.py:830} INFO - Processing file /home/airflow/.local/lib/python3.8/site-packages/airflow/example_dags/tutorial.py for tasks to queue
[2026-04-08T10:09:35.105+0000] {logging_mixin.py:188} INFO - [2026-04-08T10:09:35.105+0000] {dagbag.py:538} INFO - Filling up the DagBag from /home/airflow/.local/lib/python3.8/site-packages/airflow/example_dags/tutorial.py
[2026-04-08T10:09:35.121+0000] {processor.py:840} INFO - DAG(s) 'tutorial' retrieved from /home/airflow/.local/lib/python3.8/site-packages/airflow/example_dags/tutorial.py
[2026-04-08T10:09:35.170+0000] {logging_mixin.py:188} INFO - [2026-04-08T10:09:35.170+0000] {dag.py:3033} INFO - Sync 1 DAGs
[2026-04-08T10:09:35.242+0000] {logging_mixin.py:188} INFO - [2026-04-08T10:09:35.241+0000] {dag.py:3820} INFO - Setting next_dagrun for tutorial to 2026-04-07T00:00:00+00:00, run_after=2026-04-08T00:00:00+00:00
[2026-04-08T10:09:35.278+0000] {processor.py:183} INFO - Processing /home/airflow/.local/lib/python3.8/site-packages/airflow/example_dags/tutorial.py took 0.188 seconds
[2026-04-08T10:10:05.331+0000] {processor.py:161} INFO - Started process (PID=2178) to work on /home/airflow/.local/lib/python3.8/site-packages/airflow/example_dags/tutorial.py
[2026-04-08T10:10:05.333+0000] {processor.py:830} INFO - Processing file /home/airflow/.local/lib/python3.8/site-packages/airflow/example_dags/tutorial.py for tasks to queue
[2026-04-08T10:10:05.335+0000] {logging_mixin.py:188} INFO - [2026-04-08T10:10:05.335+0000] {dagbag.py:538} INFO - Filling up the DagBag from /home/airflow/.local/lib/python3.8/site-packages/airflow/example_dags/tutorial.py
[2026-04-08T10:10:05.342+0000] {processor.py:840} INFO - DAG(s) 'tutorial' retrieved from /home/airflow/.local/lib/python3.8/site-packages/airflow/example_dags/tutorial.py
[2026-04-08T10:10:05.367+0000] {logging_mixin.py:188} INFO - [2026-04-08T10:10:05.366+0000] {dag.py:3033} INFO - Sync 1 DAGs
[2026-04-08T10:10:05.391+0000] {logging_mixin.py:188} INFO - [2026-04-08T10:10:05.391+0000] {dag.py:3820} INFO - Setting next_dagrun for tutorial to 2026-04-07T00:00:00+00:00, run_after=2026-04-08T00:00:00+00:00
[2026-04-08T10:10:05.413+0000] {processor.py:183} INFO - Processing /home/airflow/.local/lib/python3.8/site-packages/airflow/example_dags/tutorial.py took 0.086 seconds
[2026-04-08T10:10:35.878+0000] {processor.py:161} INFO - Started process (PID=2235) to work on /home/airflow/.local/lib/python3.8/site-packages/airflow/example_dags/tutorial.py
[2026-04-08T10:10:35.879+0000] {processor.py:830} INFO - Processing file /home/airflow/.local/lib/python3.8/site-packages/airflow/example_dags/tutorial.py for tasks to queue
[2026-04-08T10:10:35.882+0000] {logging_mixin.py:188} INFO - [2026-04-08T10:10:35.882+0000] {dagbag.py:538} INFO - Filling up the DagBag from /home/airflow/.local/lib/python3.8/site-packages/airflow/example_dags/tutorial.py
[2026-04-08T10:10:35.891+0000] {processor.py:840} INFO - DAG(s) 'tutorial' retrieved from /home/airflow/.local/lib/python3.8/site-packages/airflow/example_dags/tutorial.py
[2026-04-08T10:10:35.917+0000] {logging_mixin.py:188} INFO - [2026-04-08T10:10:35.916+0000] {dag.py:3033} INFO - Sync 1 DAGs
[2026-04-08T10:10:35.953+0000] {logging_mixin.py:188} INFO - [2026-04-08T10:10:35.952+0000] {dag.py:3820} INFO - Setting next_dagrun for tutorial to 2026-04-07T00:00:00+00:00, run_after=2026-04-08T00:00:00+00:00
[2026-04-08T10:10:35.977+0000] {processor.py:183} INFO - Processing /home/airflow/.local/lib/python3.8/site-packages/airflow/example_dags/tutorial.py took 0.104 seconds
[2026-04-08T10:11:06.317+0000] {processor.py:161} INFO - Started process (PID=2291) to work on /home/airflow/.local/lib/python3.8/site-packages/airflow/example_dags/tutorial.py
[2026-04-08T10:11:06.318+0000] {processor.py:830} INFO - Processing file /home/airflow/.local/lib/python3.8/site-packages/airflow/example_dags/tutorial.py for tasks to queue
[2026-04-08T10:11:06.321+0000] {logging_mixin.py:188} INFO - [2026-04-08T10:11:06.320+0000] {dagbag.py:538} INFO - Filling up the DagBag from /home/airflow/.local/lib/python3.8/site-packages/airflow/example_dags/tutorial.py
[2026-04-08T10:11:06.330+0000] {processor.py:840} INFO - DAG(s) 'tutorial' retrieved from /home/airflow/.local/lib/python3.8/site-packages/airflow/example_dags/tutorial.py
[2026-04-08T10:11:06.355+0000] {logging_mixin.py:188} INFO - [2026-04-08T10:11:06.355+0000] {dag.py:3033} INFO - Sync 1 DAGs
[2026-04-08T10:11:06.384+0000] {logging_mixin.py:188} INFO - [2026-04-08T10:11:06.384+0000] {dag.py:3820} INFO - Setting next_dagrun for tutorial to 2026-04-07T00:00:00+00:00, run_after=2026-04-08T00:00:00+00:00
[2026-04-08T10:11:06.444+0000] {processor.py:183} INFO - Processing /home/airflow/.local/lib/python3.8/site-packages/airflow/example_dags/tutorial.py took 0.131 seconds
[2026-04-08T10:11:37.357+0000] {processor.py:161} INFO - Started process (PID=2349) to work on /home/airflow/.local/lib/python3.8/site-packages/airflow/example_dags/tutorial.py
[2026-04-08T10:11:37.359+0000] {processor.py:830} INFO - Processing file /home/airflow/.local/lib/python3.8/site-packages/airflow/example_dags/tutorial.py for tasks to queue
[2026-04-08T10:11:37.362+0000] {logging_mixin.py:188} INFO - [2026-04-08T10:11:37.362+0000] {dagbag.py:538} INFO - Filling up the DagBag from /home/airflow/.local/lib/python3.8/site-packages/airflow/example_dags/tutorial.py
[2026-04-08T10:11:37.369+0000] {processor.py:840} INFO - DAG(s) 'tutorial' retrieved from /home/airflow/.local/lib/python3.8/site-packages/airflow/example_dags/tutorial.py
[2026-04-08T10:11:37.396+0000] {logging_mixin.py:188} INFO - [2026-04-08T10:11:37.396+0000] {dag.py:3033} INFO - Sync 1 DAGs
[2026-04-08T10:11:37.422+0000] {logging_mixin.py:188} INFO - [2026-04-08T10:11:37.422+0000] {dag.py:3820} INFO - Setting next_dagrun for tutorial to 2026-04-07T00:00:00+00:00, run_after=2026-04-08T00:00:00+00:00
[2026-04-08T10:11:37.442+0000] {processor.py:183} INFO - Processing /home/airflow/.local/lib/python3.8/site-packages/airflow/example_dags/tutorial.py took 0.089 seconds
[2026-04-08T10:12:08.049+0000] {processor.py:161} INFO - Started process (PID=2406) to work on /home/airflow/.local/lib/python3.8/site-packages/airflow/example_dags/tutorial.py
[2026-04-08T10:12:08.050+0000] {processor.py:830} INFO - Processing file /home/airflow/.local/lib/python3.8/site-packages/airflow/example_dags/tutorial.py for tasks to queue
[2026-04-08T10:12:08.053+0000] {logging_mixin.py:188} INFO - [2026-04-08T10:12:08.052+0000] {dagbag.py:538} INFO - Filling up the DagBag from /home/airflow/.local/lib/python3.8/site-packages/airflow/example_dags/tutorial.py
[2026-04-08T10:12:08.062+0000] {processor.py:840} INFO - DAG(s) 'tutorial' retrieved from /home/airflow/.local/lib/python3.8/site-packages/airflow/example_dags/tutorial.py
[2026-04-08T10:12:08.114+0000] {logging_mixin.py:188} INFO - [2026-04-08T10:12:08.114+0000] {dag.py:3033} INFO - Sync 1 DAGs
[2026-04-08T10:12:08.377+0000] {logging_mixin.py:188} INFO - [2026-04-08T10:12:08.376+0000] {dag.py:3820} INFO - Setting next_dagrun for tutorial to 2026-04-07T00:00:00+00:00, run_after=2026-04-08T00:00:00+00:00
[2026-04-08T10:12:08.396+0000] {processor.py:183} INFO - Processing /home/airflow/.local/lib/python3.8/site-packages/airflow/example_dags/tutorial.py took 0.351 seconds
[2026-04-08T10:12:38.913+0000] {processor.py:161} INFO - Started process (PID=2463) to work on /home/airflow/.local/lib/python3.8/site-packages/airflow/example_dags/tutorial.py
[2026-04-08T10:12:38.915+0000] {processor.py:830} INFO - Processing file /home/airflow/.local/lib/python3.8/site-packages/airflow/example_dags/tutorial.py for tasks to queue
[2026-04-08T10:12:38.917+0000] {logging_mixin.py:188} INFO - [2026-04-08T10:12:38.917+0000] {dagbag.py:538} INFO - Filling up the DagBag from /home/airflow/.local/lib/python3.8/site-packages/airflow/example_dags/tutorial.py
[2026-04-08T10:12:38.925+0000] {processor.py:840} INFO - DAG(s) 'tutorial' retrieved from /home/airflow/.local/lib/python3.8/site-packages/airflow/example_dags/tutorial.py
[2026-04-08T10:12:38.947+0000] {logging_mixin.py:188} INFO - [2026-04-08T10:12:38.947+0000] {dag.py:3033} INFO - Sync 1 DAGs
[2026-04-08T10:12:38.970+0000] {logging_mixin.py:188} INFO - [2026-04-08T10:12:38.970+0000] {dag.py:3820} INFO - Setting next_dagrun for tutorial to 2026-04-07T00:00:00+00:00, run_after=2026-04-08T00:00:00+00:00
[2026-04-08T10:12:39.164+0000] {processor.py:183} INFO - Processing /home/airflow/.local/lib/python3.8/site-packages/airflow/example_dags/tutorial.py took 0.255 seconds
[2026-04-08T10:13:09.559+0000] {processor.py:161} INFO - Started process (PID=2520) to work on /home/airflow/.local/lib/python3.8/site-packages/airflow/example_dags/tutorial.py
[2026-04-08T10:13:09.560+0000] {processor.py:830} INFO - Processing file /home/airflow/.local/lib/python3.8/site-packages/airflow/example_dags/tutorial.py for tasks to queue
[2026-04-08T10:13:09.562+0000] {logging_mixin.py:188} INFO - [2026-04-08T10:13:09.562+0000] {dagbag.py:538} INFO - Filling up the DagBag from /home/airflow/.local/lib/python3.8/site-packages/airflow/example_dags/tutorial.py
[2026-04-08T10:13:09.569+0000] {processor.py:840} INFO - DAG(s) 'tutorial' retrieved from /home/airflow/.local/lib/python3.8/site-packages/airflow/example_dags/tutorial.py
[2026-04-08T10:13:09.594+0000] {logging_mixin.py:188} INFO - [2026-04-08T10:13:09.594+0000] {dag.py:3033} INFO - Sync 1 DAGs
[2026-04-08T10:13:09.620+0000] {logging_mixin.py:188} INFO - [2026-04-08T10:13:09.620+0000] {dag.py:3820} INFO - Setting next_dagrun for tutorial to 2026-04-07T00:00:00+00:00, run_after=2026-04-08T00:00:00+00:00
[2026-04-08T10:13:09.639+0000] {processor.py:183} INFO - Processing /home/airflow/.local/lib/python3.8/site-packages/airflow/example_dags/tutorial.py took 0.084 seconds
[2026-04-08T10:13:39.951+0000] {processor.py:161} INFO - Started process (PID=2577) to work on /home/airflow/.local/lib/python3.8/site-packages/airflow/example_dags/tutorial.py
[2026-04-08T10:13:39.953+0000] {processor.py:830} INFO - Processing file /home/airflow/.local/lib/python3.8/site-packages/airflow/example_dags/tutorial.py for tasks to queue
[2026-04-08T10:13:39.955+0000] {logging_mixin.py:188} INFO - [2026-04-08T10:13:39.955+0000] {dagbag.py:538} INFO - Filling up the DagBag from /home/airflow/.local/lib/python3.8/site-packages/airflow/example_dags/tutorial.py
[2026-04-08T10:13:39.963+0000] {processor.py:840} INFO - DAG(s) 'tutorial' retrieved from /home/airflow/.local/lib/python3.8/site-packages/airflow/example_dags/tutorial.py
[2026-04-08T10:13:40.005+0000] {logging_mixin.py:188} INFO - [2026-04-08T10:13:40.005+0000] {dag.py:3033} INFO - Sync 1 DAGs
[2026-04-08T10:13:40.037+0000] {logging_mixin.py:188} INFO - [2026-04-08T10:13:40.037+0000] {dag.py:3820} INFO - Setting next_dagrun for tutorial to 2026-04-07T00:00:00+00:00, run_after=2026-04-08T00:00:00+00:00
[2026-04-08T10:13:40.063+0000] {processor.py:183} INFO - Processing /home/airflow/.local/lib/python3.8/site-packages/airflow/example_dags/tutorial.py took 0.115 seconds
[2026-04-08T10:14:11.072+0000] {processor.py:161} INFO - Started process (PID=2634) to work on /home/airflow/.local/lib/python3.8/site-packages/airflow/example_dags/tutorial.py
[2026-04-08T10:14:11.072+0000] {processor.py:830} INFO - Processing file /home/airflow/.local/lib/python3.8/site-packages/airflow/example_dags/tutorial.py for tasks to queue
[2026-04-08T10:14:11.075+0000] {logging_mixin.py:188} INFO - [2026-04-08T10:14:11.075+0000] {dagbag.py:538} INFO - Filling up the DagBag from /home/airflow/.local/lib/python3.8/site-packages/airflow/example_dags/tutorial.py
[2026-04-08T10:14:11.082+0000] {processor.py:840} INFO - DAG(s) 'tutorial' retrieved from /home/airflow/.local/lib/python3.8/site-packages/airflow/example_dags/tutorial.py
[2026-04-08T10:14:11.108+0000] {logging_mixin.py:188} INFO - [2026-04-08T10:14:11.108+0000] {dag.py:3033} INFO - Sync 1 DAGs
[2026-04-08T10:14:11.132+0000] {logging_mixin.py:188} INFO - [2026-04-08T10:14:11.132+0000] {dag.py:3820} INFO - Setting next_dagrun for tutorial to 2026-04-07T00:00:00+00:00, run_after=2026-04-08T00:00:00+00:00
[2026-04-08T10:14:11.149+0000] {processor.py:183} INFO - Processing /home/airflow/.local/lib/python3.8/site-packages/airflow/example_dags/tutorial.py took 0.082 seconds
[2026-04-08T10:14:42.881+0000] {processor.py:161} INFO - Started process (PID=2691) to work on /home/airflow/.local/lib/python3.8/site-packages/airflow/example_dags/tutorial.py
[2026-04-08T10:14:42.882+0000] {processor.py:830} INFO - Processing file /home/airflow/.local/lib/python3.8/site-packages/airflow/example_dags/tutorial.py for tasks to queue
[2026-04-08T10:14:42.885+0000] {logging_mixin.py:188} INFO - [2026-04-08T10:14:42.885+0000] {dagbag.py:538} INFO - Filling up the DagBag from /home/airflow/.local/lib/python3.8/site-packages/airflow/example_dags/tutorial.py
[2026-04-08T10:14:42.893+0000] {processor.py:840} INFO - DAG(s) 'tutorial' retrieved from /home/airflow/.local/lib/python3.8/site-packages/airflow/example_dags/tutorial.py
[2026-04-08T10:14:43.087+0000] {logging_mixin.py:188} INFO - [2026-04-08T10:14:43.087+0000] {dag.py:3033} INFO - Sync 1 DAGs
[2026-04-08T10:14:43.117+0000] {logging_mixin.py:188} INFO - [2026-04-08T10:14:43.117+0000] {dag.py:3820} INFO - Setting next_dagrun for tutorial to 2026-04-07T00:00:00+00:00, run_after=2026-04-08T00:00:00+00:00
[2026-04-08T10:14:43.147+0000] {processor.py:183} INFO - Processing /home/airflow/.local/lib/python3.8/site-packages/airflow/example_dags/tutorial.py took 0.271 seconds
[2026-04-08T10:15:13.901+0000] {processor.py:161} INFO - Started process (PID=2749) to work on /home/airflow/.local/lib/python3.8/site-packages/airflow/example_dags/tutorial.py
[2026-04-08T10:15:13.902+0000] {processor.py:830} INFO - Processing file /home/airflow/.local/lib/python3.8/site-packages/airflow/example_dags/tutorial.py for tasks to queue
[2026-04-08T10:15:13.910+0000] {logging_mixin.py:188} INFO - [2026-04-08T10:15:13.910+0000] {dagbag.py:538} INFO - Filling up the DagBag from /home/airflow/.local/lib/python3.8/site-packages/airflow/example_dags/tutorial.py
[2026-04-08T10:15:13.925+0000] {processor.py:840} INFO - DAG(s) 'tutorial' retrieved from /home/airflow/.local/lib/python3.8/site-packages/airflow/example_dags/tutorial.py
[2026-04-08T10:15:13.987+0000] {logging_mixin.py:188} INFO - [2026-04-08T10:15:13.986+0000] {dag.py:3033} INFO - Sync 1 DAGs
[2026-04-08T10:15:14.019+0000] {logging_mixin.py:188} INFO - [2026-04-08T10:15:14.018+0000] {dag.py:3820} INFO - Setting next_dagrun for tutorial to 2026-04-07T00:00:00+00:00, run_after=2026-04-08T00:00:00+00:00
[2026-04-08T10:15:14.113+0000] {processor.py:183} INFO - Processing /home/airflow/.local/lib/python3.8/site-packages/airflow/example_dags/tutorial.py took 0.222 seconds
[2026-04-08T10:15:44.237+0000] {processor.py:161} INFO - Started process (PID=2806) to work on /home/airflow/.local/lib/python3.8/site-packages/airflow/example_dags/tutorial.py
[2026-04-08T10:15:44.238+0000] {processor.py:830} INFO - Processing file /home/airflow/.local/lib/python3.8/site-packages/airflow/example_dags/tutorial.py for tasks to queue
[2026-04-08T10:15:44.240+0000] {logging_mixin.py:188} INFO - [2026-04-08T10:15:44.240+0000] {dagbag.py:538} INFO - Filling up the DagBag from /home/airflow/.local/lib/python3.8/site-packages/airflow/example_dags/tutorial.py
[2026-04-08T10:15:44.248+0000] {processor.py:840} INFO - DAG(s) 'tutorial' retrieved from /home/airflow/.local/lib/python3.8/site-packages/airflow/example_dags/tutorial.py
[2026-04-08T10:15:44.295+0000] {logging_mixin.py:188} INFO - [2026-04-08T10:15:44.293+0000] {dag.py:3033} INFO - Sync 1 DAGs
[2026-04-08T10:15:44.344+0000] {logging_mixin.py:188} INFO - [2026-04-08T10:15:44.344+0000] {dag.py:3820} INFO - Setting next_dagrun for tutorial to 2026-04-07T00:00:00+00:00, run_after=2026-04-08T00:00:00+00:00
[2026-04-08T10:15:44.365+0000] {processor.py:183} INFO - Processing /home/airflow/.local/lib/python3.8/site-packages/airflow/example_dags/tutorial.py took 0.132 seconds
[2026-04-08T10:16:14.847+0000] {processor.py:161} INFO - Started process (PID=2863) to work on /home/airflow/.local/lib/python3.8/site-packages/airflow/example_dags/tutorial.py
[2026-04-08T10:16:14.850+0000] {processor.py:830} INFO - Processing file /home/airflow/.local/lib/python3.8/site-packages/airflow/example_dags/tutorial.py for tasks to queue
[2026-04-08T10:16:14.855+0000] {logging_mixin.py:188} INFO - [2026-04-08T10:16:14.855+0000] {dagbag.py:538} INFO - Filling up the DagBag from /home/airflow/.local/lib/python3.8/site-packages/airflow/example_dags/tutorial.py
[2026-04-08T10:16:14.866+0000] {processor.py:840} INFO - DAG(s) 'tutorial' retrieved from /home/airflow/.local/lib/python3.8/site-packages/airflow/example_dags/tutorial.py
[2026-04-08T10:16:14.899+0000] {logging_mixin.py:188} INFO - [2026-04-08T10:16:14.899+0000] {dag.py:3033} INFO - Sync 1 DAGs
[2026-04-08T10:16:14.926+0000] {logging_mixin.py:188} INFO - [2026-04-08T10:16:14.926+0000] {dag.py:3820} INFO - Setting next_dagrun for tutorial to 2026-04-07T00:00:00+00:00, run_after=2026-04-08T00:00:00+00:00
[2026-04-08T10:16:14.946+0000] {processor.py:183} INFO - Processing /home/airflow/.local/lib/python3.8/site-packages/airflow/example_dags/tutorial.py took 0.110 seconds
[2026-04-08T10:16:45.649+0000] {processor.py:161} INFO - Started process (PID=2920) to work on /home/airflow/.local/lib/python3.8/site-packages/airflow/example_dags/tutorial.py
[2026-04-08T10:16:45.650+0000] {processor.py:830} INFO - Processing file /home/airflow/.local/lib/python3.8/site-packages/airflow/example_dags/tutorial.py for tasks to queue
[2026-04-08T10:16:45.653+0000] {logging_mixin.py:188} INFO - [2026-04-08T10:16:45.653+0000] {dagbag.py:538} INFO - Filling up the DagBag from /home/airflow/.local/lib/python3.8/site-packages/airflow/example_dags/tutorial.py
[2026-04-08T10:16:45.660+0000] {processor.py:840} INFO - DAG(s) 'tutorial' retrieved from /home/airflow/.local/lib/python3.8/site-packages/airflow/example_dags/tutorial.py
[2026-04-08T10:16:45.687+0000] {logging_mixin.py:188} INFO - [2026-04-08T10:16:45.686+0000] {dag.py:3033} INFO - Sync 1 DAGs
[2026-04-08T10:16:45.713+0000] {logging_mixin.py:188} INFO - [2026-04-08T10:16:45.713+0000] {dag.py:3820} INFO - Setting next_dagrun for tutorial to 2026-04-07T00:00:00+00:00, run_after=2026-04-08T00:00:00+00:00
[2026-04-08T10:16:45.733+0000] {processor.py:183} INFO - Processing /home/airflow/.local/lib/python3.8/site-packages/airflow/example_dags/tutorial.py took 0.087 seconds
[2026-04-08T10:17:16.391+0000] {processor.py:161} INFO - Started process (PID=2978) to work on /home/airflow/.local/lib/python3.8/site-packages/airflow/example_dags/tutorial.py
[2026-04-08T10:17:16.396+0000] {processor.py:830} INFO - Processing file /home/airflow/.local/lib/python3.8/site-packages/airflow/example_dags/tutorial.py for tasks to queue
[2026-04-08T10:17:16.401+0000] {logging_mixin.py:188} INFO - [2026-04-08T10:17:16.401+0000] {dagbag.py:538} INFO - Filling up the DagBag from /home/airflow/.local/lib/python3.8/site-packages/airflow/example_dags/tutorial.py
[2026-04-08T10:17:16.420+0000] {processor.py:840} INFO - DAG(s) 'tutorial' retrieved from /home/airflow/.local/lib/python3.8/site-packages/airflow/example_dags/tutorial.py
[2026-04-08T10:17:16.480+0000] {logging_mixin.py:188} INFO - [2026-04-08T10:17:16.479+0000] {dag.py:3033} INFO - Sync 1 DAGs
[2026-04-08T10:17:16.536+0000] {logging_mixin.py:188} INFO - [2026-04-08T10:17:16.535+0000] {dag.py:3820} INFO - Setting next_dagrun for tutorial to 2026-04-07T00:00:00+00:00, run_after=2026-04-08T00:00:00+00:00
[2026-04-08T10:17:16.583+0000] {processor.py:183} INFO - Processing /home/airflow/.local/lib/python3.8/site-packages/airflow/example_dags/tutorial.py took 0.201 seconds
[2026-04-08T10:17:47.088+0000] {processor.py:161} INFO - Started process (PID=3035) to work on /home/airflow/.local/lib/python3.8/site-packages/airflow/example_dags/tutorial.py
[2026-04-08T10:17:47.089+0000] {processor.py:830} INFO - Processing file /home/airflow/.local/lib/python3.8/site-packages/airflow/example_dags/tutorial.py for tasks to queue
[2026-04-08T10:17:47.096+0000] {logging_mixin.py:188} INFO - [2026-04-08T10:17:47.096+0000] {dagbag.py:538} INFO - Filling up the DagBag from /home/airflow/.local/lib/python3.8/site-packages/airflow/example_dags/tutorial.py
[2026-04-08T10:17:47.109+0000] {processor.py:840} INFO - DAG(s) 'tutorial' retrieved from /home/airflow/.local/lib/python3.8/site-packages/airflow/example_dags/tutorial.py
[2026-04-08T10:17:47.136+0000] {logging_mixin.py:188} INFO - [2026-04-08T10:17:47.136+0000] {dag.py:3033} INFO - Sync 1 DAGs
[2026-04-08T10:17:47.162+0000] {logging_mixin.py:188} INFO - [2026-04-08T10:17:47.161+0000] {dag.py:3820} INFO - Setting next_dagrun for tutorial to 2026-04-07T00:00:00+00:00, run_after=2026-04-08T00:00:00+00:00
[2026-04-08T10:17:47.184+0000] {processor.py:183} INFO - Processing /home/airflow/.local/lib/python3.8/site-packages/airflow/example_dags/tutorial.py took 0.100 seconds
[2026-04-08T10:18:17.501+0000] {processor.py:161} INFO - Started process (PID=3092) to work on /home/airflow/.local/lib/python3.8/site-packages/airflow/example_dags/tutorial.py
[2026-04-08T10:18:17.502+0000] {processor.py:830} INFO - Processing file /home/airflow/.local/lib/python3.8/site-packages/airflow/example_dags/tutorial.py for tasks to queue
[2026-04-08T10:18:17.505+0000] {logging_mixin.py:188} INFO - [2026-04-08T10:18:17.505+0000] {dagbag.py:538} INFO - Filling up the DagBag from /home/airflow/.local/lib/python3.8/site-packages/airflow/example_dags/tutorial.py
[2026-04-08T10:18:17.523+0000] {processor.py:840} INFO - DAG(s) 'tutorial' retrieved from /home/airflow/.local/lib/python3.8/site-packages/airflow/example_dags/tutorial.py
[2026-04-08T10:18:17.576+0000] {logging_mixin.py:188} INFO - [2026-04-08T10:18:17.576+0000] {dag.py:3033} INFO - Sync 1 DAGs
[2026-04-08T10:18:17.676+0000] {logging_mixin.py:188} INFO - [2026-04-08T10:18:17.675+0000] {dag.py:3820} INFO - Setting next_dagrun for tutorial to 2026-04-07T00:00:00+00:00, run_after=2026-04-08T00:00:00+00:00
[2026-04-08T10:18:17.717+0000] {processor.py:183} INFO - Processing /home/airflow/.local/lib/python3.8/site-packages/airflow/example_dags/tutorial.py took 0.220 seconds
[2026-04-08T10:18:48.208+0000] {processor.py:161} INFO - Started process (PID=3149) to work on /home/airflow/.local/lib/python3.8/site-packages/airflow/example_dags/tutorial.py
[2026-04-08T10:18:48.210+0000] {processor.py:830} INFO - Processing file /home/airflow/.local/lib/python3.8/site-packages/airflow/example_dags/tutorial.py for tasks to queue
[2026-04-08T10:18:48.213+0000] {logging_mixin.py:188} INFO - [2026-04-08T10:18:48.212+0000] {dagbag.py:538} INFO - Filling up the DagBag from /home/airflow/.local/lib/python3.8/site-packages/airflow/example_dags/tutorial.py
[2026-04-08T10:18:48.220+0000] {processor.py:840} INFO - DAG(s) 'tutorial' retrieved from /home/airflow/.local/lib/python3.8/site-packages/airflow/example_dags/tutorial.py
[2026-04-08T10:18:48.246+0000] {logging_mixin.py:188} INFO - [2026-04-08T10:18:48.245+0000] {dag.py:3033} INFO - Sync 1 DAGs
[2026-04-08T10:18:48.272+0000] {logging_mixin.py:188} INFO - [2026-04-08T10:18:48.272+0000] {dag.py:3820} INFO - Setting next_dagrun for tutorial to 2026-04-07T00:00:00+00:00, run_after=2026-04-08T00:00:00+00:00
[2026-04-08T10:18:48.296+0000] {processor.py:183} INFO - Processing /home/airflow/.local/lib/python3.8/site-packages/airflow/example_dags/tutorial.py took 0.095 seconds
[2026-04-08T10:19:18.457+0000] {processor.py:161} INFO - Started process (PID=3206) to work on /home/airflow/.local/lib/python3.8/site-packages/airflow/example_dags/tutorial.py
[2026-04-08T10:19:18.458+0000] {processor.py:830} INFO - Processing file /home/airflow/.local/lib/python3.8/site-packages/airflow/example_dags/tutorial.py for tasks to queue
[2026-04-08T10:19:18.460+0000] {logging_mixin.py:188} INFO - [2026-04-08T10:19:18.460+0000] {dagbag.py:538} INFO - Filling up the DagBag from /home/airflow/.local/lib/python3.8/site-packages/airflow/example_dags/tutorial.py
[2026-04-08T10:19:18.467+0000] {processor.py:840} INFO - DAG(s) 'tutorial' retrieved from /home/airflow/.local/lib/python3.8/site-packages/airflow/example_dags/tutorial.py
[2026-04-08T10:19:18.491+0000] {logging_mixin.py:188} INFO - [2026-04-08T10:19:18.491+0000] {dag.py:3033} INFO - Sync 1 DAGs
[2026-04-08T10:19:18.518+0000] {logging_mixin.py:188} INFO - [2026-04-08T10:19:18.517+0000] {dag.py:3820} INFO - Setting next_dagrun for tutorial to 2026-04-07T00:00:00+00:00, run_after=2026-04-08T00:00:00+00:00
[2026-04-08T10:19:18.538+0000] {processor.py:183} INFO - Processing /home/airflow/.local/lib/python3.8/site-packages/airflow/example_dags/tutorial.py took 0.085 seconds
[2026-04-08T10:19:49.005+0000] {processor.py:161} INFO - Started process (PID=3263) to work on /home/airflow/.local/lib/python3.8/site-packages/airflow/example_dags/tutorial.py
[2026-04-08T10:19:49.006+0000] {processor.py:830} INFO - Processing file /home/airflow/.local/lib/python3.8/site-packages/airflow/example_dags/tutorial.py for tasks to queue
[2026-04-08T10:19:49.009+0000] {logging_mixin.py:188} INFO - [2026-04-08T10:19:49.008+0000] {dagbag.py:538} INFO - Filling up the DagBag from /home/airflow/.local/lib/python3.8/site-packages/airflow/example_dags/tutorial.py
[2026-04-08T10:19:49.016+0000] {processor.py:840} INFO - DAG(s) 'tutorial' retrieved from /home/airflow/.local/lib/python3.8/site-packages/airflow/example_dags/tutorial.py
[2026-04-08T10:19:49.041+0000] {logging_mixin.py:188} INFO - [2026-04-08T10:19:49.041+0000] {dag.py:3033} INFO - Sync 1 DAGs
[2026-04-08T10:19:49.066+0000] {logging_mixin.py:188} INFO - [2026-04-08T10:19:49.066+0000] {dag.py:3820} INFO - Setting next_dagrun for tutorial to 2026-04-07T00:00:00+00:00, run_after=2026-04-08T00:00:00+00:00
[2026-04-08T10:19:49.098+0000] {processor.py:183} INFO - Processing /home/airflow/.local/lib/python3.8/site-packages/airflow/example_dags/tutorial.py took 0.096 seconds
[2026-04-08T10:20:19.489+0000] {processor.py:161} INFO - Started process (PID=3320) to work on /home/airflow/.local/lib/python3.8/site-packages/airflow/example_dags/tutorial.py
[2026-04-08T10:20:19.490+0000] {processor.py:830} INFO - Processing file /home/airflow/.local/lib/python3.8/site-packages/airflow/example_dags/tutorial.py for tasks to queue
[2026-04-08T10:20:19.494+0000] {logging_mixin.py:188} INFO - [2026-04-08T10:20:19.494+0000] {dagbag.py:538} INFO - Filling up the DagBag from /home/airflow/.local/lib/python3.8/site-packages/airflow/example_dags/tutorial.py
[2026-04-08T10:20:19.502+0000] {processor.py:840} INFO - DAG(s) 'tutorial' retrieved from /home/airflow/.local/lib/python3.8/site-packages/airflow/example_dags/tutorial.py
[2026-04-08T10:20:19.530+0000] {logging_mixin.py:188} INFO - [2026-04-08T10:20:19.530+0000] {dag.py:3033} INFO - Sync 1 DAGs
[2026-04-08T10:20:19.556+0000] {logging_mixin.py:188} INFO - [2026-04-08T10:20:19.555+0000] {dag.py:3820} INFO - Setting next_dagrun for tutorial to 2026-04-07T00:00:00+00:00, run_after=2026-04-08T00:00:00+00:00
[2026-04-08T10:20:19.583+0000] {processor.py:183} INFO - Processing /home/airflow/.local/lib/python3.8/site-packages/airflow/example_dags/tutorial.py took 0.104 seconds
[2026-04-08T10:20:49.865+0000] {processor.py:161} INFO - Started process (PID=3377) to work on /home/airflow/.local/lib/python3.8/site-packages/airflow/example_dags/tutorial.py
[2026-04-08T10:20:49.866+0000] {processor.py:830} INFO - Processing file /home/airflow/.local/lib/python3.8/site-packages/airflow/example_dags/tutorial.py for tasks to queue
[2026-04-08T10:20:49.869+0000] {logging_mixin.py:188} INFO - [2026-04-08T10:20:49.868+0000] {dagbag.py:538} INFO - Filling up the DagBag from /home/airflow/.local/lib/python3.8/site-packages/airflow/example_dags/tutorial.py
[2026-04-08T10:20:49.881+0000] {processor.py:840} INFO - DAG(s) 'tutorial' retrieved from /home/airflow/.local/lib/python3.8/site-packages/airflow/example_dags/tutorial.py
[2026-04-08T10:20:49.916+0000] {logging_mixin.py:188} INFO - [2026-04-08T10:20:49.916+0000] {dag.py:3033} INFO - Sync 1 DAGs
[2026-04-08T10:20:49.947+0000] {logging_mixin.py:188} INFO - [2026-04-08T10:20:49.947+0000] {dag.py:3820} INFO - Setting next_dagrun for tutorial to 2026-04-07T00:00:00+00:00, run_after=2026-04-08T00:00:00+00:00
[2026-04-08T10:20:49.966+0000] {processor.py:183} INFO - Processing /home/airflow/.local/lib/python3.8/site-packages/airflow/example_dags/tutorial.py took 0.105 seconds
[2026-04-08T10:21:20.218+0000] {processor.py:161} INFO - Started process (PID=3434) to work on /home/airflow/.local/lib/python3.8/site-packages/airflow/example_dags/tutorial.py
[2026-04-08T10:21:20.219+0000] {processor.py:830} INFO - Processing file /home/airflow/.local/lib/python3.8/site-packages/airflow/example_dags/tutorial.py for tasks to queue
[2026-04-08T10:21:20.222+0000] {logging_mixin.py:188} INFO - [2026-04-08T10:21:20.222+0000] {dagbag.py:538} INFO - Filling up the DagBag from /home/airflow/.local/lib/python3.8/site-packages/airflow/example_dags/tutorial.py
[2026-04-08T10:21:20.230+0000] {processor.py:840} INFO - DAG(s) 'tutorial' retrieved from /home/airflow/.local/lib/python3.8/site-packages/airflow/example_dags/tutorial.py
[2026-04-08T10:21:20.256+0000] {logging_mixin.py:188} INFO - [2026-04-08T10:21:20.256+0000] {dag.py:3033} INFO - Sync 1 DAGs
[2026-04-08T10:21:20.281+0000] {logging_mixin.py:188} INFO - [2026-04-08T10:21:20.281+0000] {dag.py:3820} INFO - Setting next_dagrun for tutorial to 2026-04-07T00:00:00+00:00, run_after=2026-04-08T00:00:00+00:00
[2026-04-08T10:21:20.298+0000] {processor.py:183} INFO - Processing /home/airflow/.local/lib/python3.8/site-packages/airflow/example_dags/tutorial.py took 0.084 seconds
[2026-04-08T10:21:51.126+0000] {processor.py:161} INFO - Started process (PID=3490) to work on /home/airflow/.local/lib/python3.8/site-packages/airflow/example_dags/tutorial.py
[2026-04-08T10:21:51.128+0000] {processor.py:830} INFO - Processing file /home/airflow/.local/lib/python3.8/site-packages/airflow/example_dags/tutorial.py for tasks to queue
[2026-04-08T10:21:51.131+0000] {logging_mixin.py:188} INFO - [2026-04-08T10:21:51.130+0000] {dagbag.py:538} INFO - Filling up the DagBag from /home/airflow/.local/lib/python3.8/site-packages/airflow/example_dags/tutorial.py
[2026-04-08T10:21:51.137+0000] {processor.py:840} INFO - DAG(s) 'tutorial' retrieved from /home/airflow/.local/lib/python3.8/site-packages/airflow/example_dags/tutorial.py
[2026-04-08T10:21:51.173+0000] {logging_mixin.py:188} INFO - [2026-04-08T10:21:51.172+0000] {dag.py:3033} INFO - Sync 1 DAGs
[2026-04-08T10:21:51.212+0000] {logging_mixin.py:188} INFO - [2026-04-08T10:21:51.212+0000] {dag.py:3820} INFO - Setting next_dagrun for tutorial to 2026-04-07T00:00:00+00:00, run_after=2026-04-08T00:00:00+00:00
[2026-04-08T10:21:51.237+0000] {processor.py:183} INFO - Processing /home/airflow/.local/lib/python3.8/site-packages/airflow/example_dags/tutorial.py took 0.115 seconds
[2026-04-08T10:22:21.397+0000] {processor.py:161} INFO - Started process (PID=3547) to work on /home/airflow/.local/lib/python3.8/site-packages/airflow/example_dags/tutorial.py
[2026-04-08T10:22:21.398+0000] {processor.py:830} INFO - Processing file /home/airflow/.local/lib/python3.8/site-packages/airflow/example_dags/tutorial.py for tasks to queue
[2026-04-08T10:22:21.400+0000] {logging_mixin.py:188} INFO - [2026-04-08T10:22:21.400+0000] {dagbag.py:538} INFO - Filling up the DagBag from /home/airflow/.local/lib/python3.8/site-packages/airflow/example_dags/tutorial.py
[2026-04-08T10:22:21.412+0000] {processor.py:840} INFO - DAG(s) 'tutorial' retrieved from /home/airflow/.local/lib/python3.8/site-packages/airflow/example_dags/tutorial.py
[2026-04-08T10:22:21.446+0000] {logging_mixin.py:188} INFO - [2026-04-08T10:22:21.445+0000] {dag.py:3033} INFO - Sync 1 DAGs
[2026-04-08T10:22:21.463+0000] {logging_mixin.py:188} INFO - [2026-04-08T10:22:21.463+0000] {dag.py:3820} INFO - Setting next_dagrun for tutorial to 2026-04-07T00:00:00+00:00, run_after=2026-04-08T00:00:00+00:00
[2026-04-08T10:22:21.478+0000] {processor.py:183} INFO - Processing /home/airflow/.local/lib/python3.8/site-packages/airflow/example_dags/tutorial.py took 0.084 seconds
[2026-04-08T10:22:51.884+0000] {processor.py:161} INFO - Started process (PID=3604) to work on /home/airflow/.local/lib/python3.8/site-packages/airflow/example_dags/tutorial.py
[2026-04-08T10:22:51.885+0000] {processor.py:830} INFO - Processing file /home/airflow/.local/lib/python3.8/site-packages/airflow/example_dags/tutorial.py for tasks to queue
[2026-04-08T10:22:51.887+0000] {logging_mixin.py:188} INFO - [2026-04-08T10:22:51.887+0000] {dagbag.py:538} INFO - Filling up the DagBag from /home/airflow/.local/lib/python3.8/site-packages/airflow/example_dags/tutorial.py
[2026-04-08T10:22:51.895+0000] {processor.py:840} INFO - DAG(s) 'tutorial' retrieved from /home/airflow/.local/lib/python3.8/site-packages/airflow/example_dags/tutorial.py
[2026-04-08T10:22:51.917+0000] {logging_mixin.py:188} INFO - [2026-04-08T10:22:51.917+0000] {dag.py:3033} INFO - Sync 1 DAGs
[2026-04-08T10:22:51.942+0000] {logging_mixin.py:188} INFO - [2026-04-08T10:22:51.941+0000] {dag.py:3820} INFO - Setting next_dagrun for tutorial to 2026-04-07T00:00:00+00:00, run_after=2026-04-08T00:00:00+00:00
[2026-04-08T10:22:51.962+0000] {processor.py:183} INFO - Processing /home/airflow/.local/lib/python3.8/site-packages/airflow/example_dags/tutorial.py took 0.082 seconds
[2026-04-08T10:23:23.283+0000] {processor.py:161} INFO - Started process (PID=3661) to work on /home/airflow/.local/lib/python3.8/site-packages/airflow/example_dags/tutorial.py
[2026-04-08T10:23:23.290+0000] {processor.py:830} INFO - Processing file /home/airflow/.local/lib/python3.8/site-packages/airflow/example_dags/tutorial.py for tasks to queue
[2026-04-08T10:23:23.301+0000] {logging_mixin.py:188} INFO - [2026-04-08T10:23:23.301+0000] {dagbag.py:538} INFO - Filling up the DagBag from /home/airflow/.local/lib/python3.8/site-packages/airflow/example_dags/tutorial.py
[2026-04-08T10:23:23.320+0000] {processor.py:840} INFO - DAG(s) 'tutorial' retrieved from /home/airflow/.local/lib/python3.8/site-packages/airflow/example_dags/tutorial.py
[2026-04-08T10:23:23.409+0000] {logging_mixin.py:188} INFO - [2026-04-08T10:23:23.409+0000] {dag.py:3033} INFO - Sync 1 DAGs
[2026-04-08T10:23:23.447+0000] {logging_mixin.py:188} INFO - [2026-04-08T10:23:23.446+0000] {dag.py:3820} INFO - Setting next_dagrun for tutorial to 2026-04-07T00:00:00+00:00, run_after=2026-04-08T00:00:00+00:00
[2026-04-08T10:23:23.489+0000] {processor.py:183} INFO - Processing /home/airflow/.local/lib/python3.8/site-packages/airflow/example_dags/tutorial.py took 0.224 seconds
[2026-04-08T10:27:09.502+0000] {processor.py:161} INFO - Started process (PID=110) to work on /home/airflow/.local/lib/python3.8/site-packages/airflow/example_dags/tutorial.py
[2026-04-08T10:27:09.504+0000] {processor.py:830} INFO - Processing file /home/airflow/.local/lib/python3.8/site-packages/airflow/example_dags/tutorial.py for tasks to queue
[2026-04-08T10:27:09.511+0000] {logging_mixin.py:188} INFO - [2026-04-08T10:27:09.510+0000] {dagbag.py:538} INFO - Filling up the DagBag from /home/airflow/.local/lib/python3.8/site-packages/airflow/example_dags/tutorial.py
[2026-04-08T10:27:09.533+0000] {processor.py:840} INFO - DAG(s) 'tutorial' retrieved from /home/airflow/.local/lib/python3.8/site-packages/airflow/example_dags/tutorial.py
[2026-04-08T10:27:09.579+0000] {logging_mixin.py:188} INFO - [2026-04-08T10:27:09.579+0000] {dag.py:3033} INFO - Sync 1 DAGs
[2026-04-08T10:27:09.640+0000] {logging_mixin.py:188} INFO - [2026-04-08T10:27:09.640+0000] {dag.py:3820} INFO - Setting next_dagrun for tutorial to 2026-04-07T00:00:00+00:00, run_after=2026-04-08T00:00:00+00:00
[2026-04-08T10:27:09.664+0000] {processor.py:183} INFO - Processing /home/airflow/.local/lib/python3.8/site-packages/airflow/example_dags/tutorial.py took 0.169 seconds
[2026-04-08T10:27:40.001+0000] {processor.py:161} INFO - Started process (PID=167) to work on /home/airflow/.local/lib/python3.8/site-packages/airflow/example_dags/tutorial.py
[2026-04-08T10:27:40.004+0000] {processor.py:830} INFO - Processing file /home/airflow/.local/lib/python3.8/site-packages/airflow/example_dags/tutorial.py for tasks to queue
[2026-04-08T10:27:40.009+0000] {logging_mixin.py:188} INFO - [2026-04-08T10:27:40.008+0000] {dagbag.py:538} INFO - Filling up the DagBag from /home/airflow/.local/lib/python3.8/site-packages/airflow/example_dags/tutorial.py
[2026-04-08T10:27:40.022+0000] {processor.py:840} INFO - DAG(s) 'tutorial' retrieved from /home/airflow/.local/lib/python3.8/site-packages/airflow/example_dags/tutorial.py
[2026-04-08T10:27:40.082+0000] {logging_mixin.py:188} INFO - [2026-04-08T10:27:40.082+0000] {dag.py:3033} INFO - Sync 1 DAGs
[2026-04-08T10:27:40.127+0000] {logging_mixin.py:188} INFO - [2026-04-08T10:27:40.127+0000] {dag.py:3820} INFO - Setting next_dagrun for tutorial to 2026-04-07T00:00:00+00:00, run_after=2026-04-08T00:00:00+00:00
[2026-04-08T10:27:40.172+0000] {processor.py:183} INFO - Processing /home/airflow/.local/lib/python3.8/site-packages/airflow/example_dags/tutorial.py took 0.179 seconds
[2026-04-08T10:28:10.463+0000] {processor.py:161} INFO - Started process (PID=224) to work on /home/airflow/.local/lib/python3.8/site-packages/airflow/example_dags/tutorial.py
[2026-04-08T10:28:10.466+0000] {processor.py:830} INFO - Processing file /home/airflow/.local/lib/python3.8/site-packages/airflow/example_dags/tutorial.py for tasks to queue
[2026-04-08T10:28:10.470+0000] {logging_mixin.py:188} INFO - [2026-04-08T10:28:10.470+0000] {dagbag.py:538} INFO - Filling up the DagBag from /home/airflow/.local/lib/python3.8/site-packages/airflow/example_dags/tutorial.py
[2026-04-08T10:28:10.483+0000] {processor.py:840} INFO - DAG(s) 'tutorial' retrieved from /home/airflow/.local/lib/python3.8/site-packages/airflow/example_dags/tutorial.py
[2026-04-08T10:28:10.522+0000] {logging_mixin.py:188} INFO - [2026-04-08T10:28:10.522+0000] {dag.py:3033} INFO - Sync 1 DAGs
[2026-04-08T10:28:10.565+0000] {logging_mixin.py:188} INFO - [2026-04-08T10:28:10.565+0000] {dag.py:3820} INFO - Setting next_dagrun for tutorial to 2026-04-07T00:00:00+00:00, run_after=2026-04-08T00:00:00+00:00
[2026-04-08T10:28:10.618+0000] {processor.py:183} INFO - Processing /home/airflow/.local/lib/python3.8/site-packages/airflow/example_dags/tutorial.py took 0.161 seconds
[2026-04-08T10:28:42.890+0000] {processor.py:161} INFO - Started process (PID=280) to work on /home/airflow/.local/lib/python3.8/site-packages/airflow/example_dags/tutorial.py
[2026-04-08T10:28:42.891+0000] {processor.py:830} INFO - Processing file /home/airflow/.local/lib/python3.8/site-packages/airflow/example_dags/tutorial.py for tasks to queue
[2026-04-08T10:28:42.899+0000] {logging_mixin.py:188} INFO - [2026-04-08T10:28:42.898+0000] {dagbag.py:538} INFO - Filling up the DagBag from /home/airflow/.local/lib/python3.8/site-packages/airflow/example_dags/tutorial.py
[2026-04-08T10:28:42.916+0000] {processor.py:840} INFO - DAG(s) 'tutorial' retrieved from /home/airflow/.local/lib/python3.8/site-packages/airflow/example_dags/tutorial.py
[2026-04-08T10:28:42.967+0000] {logging_mixin.py:188} INFO - [2026-04-08T10:28:42.967+0000] {dag.py:3033} INFO - Sync 1 DAGs
[2026-04-08T10:28:43.005+0000] {logging_mixin.py:188} INFO - [2026-04-08T10:28:43.004+0000] {dag.py:3820} INFO - Setting next_dagrun for tutorial to 2026-04-07T00:00:00+00:00, run_after=2026-04-08T00:00:00+00:00
[2026-04-08T10:28:43.027+0000] {processor.py:183} INFO - Processing /home/airflow/.local/lib/python3.8/site-packages/airflow/example_dags/tutorial.py took 0.153 seconds
[2026-04-08T10:29:14.036+0000] {processor.py:161} INFO - Started process (PID=337) to work on /home/airflow/.local/lib/python3.8/site-packages/airflow/example_dags/tutorial.py
[2026-04-08T10:29:14.042+0000] {processor.py:830} INFO - Processing file /home/airflow/.local/lib/python3.8/site-packages/airflow/example_dags/tutorial.py for tasks to queue
[2026-04-08T10:29:14.050+0000] {logging_mixin.py:188} INFO - [2026-04-08T10:29:14.049+0000] {dagbag.py:538} INFO - Filling up the DagBag from /home/airflow/.local/lib/python3.8/site-packages/airflow/example_dags/tutorial.py
[2026-04-08T10:29:14.083+0000] {processor.py:840} INFO - DAG(s) 'tutorial' retrieved from /home/airflow/.local/lib/python3.8/site-packages/airflow/example_dags/tutorial.py
[2026-04-08T10:29:14.137+0000] {logging_mixin.py:188} INFO - [2026-04-08T10:29:14.136+0000] {dag.py:3033} INFO - Sync 1 DAGs
[2026-04-08T10:29:14.226+0000] {logging_mixin.py:188} INFO - [2026-04-08T10:29:14.226+0000] {dag.py:3820} INFO - Setting next_dagrun for tutorial to 2026-04-07T00:00:00+00:00, run_after=2026-04-08T00:00:00+00:00
[2026-04-08T10:29:14.268+0000] {processor.py:183} INFO - Processing /home/airflow/.local/lib/python3.8/site-packages/airflow/example_dags/tutorial.py took 0.239 seconds
[2026-04-08T10:29:44.740+0000] {processor.py:161} INFO - Started process (PID=395) to work on /home/airflow/.local/lib/python3.8/site-packages/airflow/example_dags/tutorial.py
[2026-04-08T10:29:44.740+0000] {processor.py:830} INFO - Processing file /home/airflow/.local/lib/python3.8/site-packages/airflow/example_dags/tutorial.py for tasks to queue
[2026-04-08T10:29:44.742+0000] {logging_mixin.py:188} INFO - [2026-04-08T10:29:44.742+0000] {dagbag.py:538} INFO - Filling up the DagBag from /home/airflow/.local/lib/python3.8/site-packages/airflow/example_dags/tutorial.py
[2026-04-08T10:29:44.748+0000] {processor.py:840} INFO - DAG(s) 'tutorial' retrieved from /home/airflow/.local/lib/python3.8/site-packages/airflow/example_dags/tutorial.py
[2026-04-08T10:29:44.770+0000] {logging_mixin.py:188} INFO - [2026-04-08T10:29:44.770+0000] {dag.py:3033} INFO - Sync 1 DAGs
[2026-04-08T10:29:44.794+0000] {logging_mixin.py:188} INFO - [2026-04-08T10:29:44.794+0000] {dag.py:3820} INFO - Setting next_dagrun for tutorial to 2026-04-07T00:00:00+00:00, run_after=2026-04-08T00:00:00+00:00
[2026-04-08T10:29:44.812+0000] {processor.py:183} INFO - Processing /home/airflow/.local/lib/python3.8/site-packages/airflow/example_dags/tutorial.py took 0.076 seconds
[2026-04-08T10:30:15.057+0000] {processor.py:161} INFO - Started process (PID=452) to work on /home/airflow/.local/lib/python3.8/site-packages/airflow/example_dags/tutorial.py
[2026-04-08T10:30:15.059+0000] {processor.py:830} INFO - Processing file /home/airflow/.local/lib/python3.8/site-packages/airflow/example_dags/tutorial.py for tasks to queue
[2026-04-08T10:30:15.064+0000] {logging_mixin.py:188} INFO - [2026-04-08T10:30:15.063+0000] {dagbag.py:538} INFO - Filling up the DagBag from /home/airflow/.local/lib/python3.8/site-packages/airflow/example_dags/tutorial.py
[2026-04-08T10:30:15.077+0000] {processor.py:840} INFO - DAG(s) 'tutorial' retrieved from /home/airflow/.local/lib/python3.8/site-packages/airflow/example_dags/tutorial.py
[2026-04-08T10:30:15.110+0000] {logging_mixin.py:188} INFO - [2026-04-08T10:30:15.109+0000] {dag.py:3033} INFO - Sync 1 DAGs
[2026-04-08T10:30:15.152+0000] {logging_mixin.py:188} INFO - [2026-04-08T10:30:15.152+0000] {dag.py:3820} INFO - Setting next_dagrun for tutorial to 2026-04-07T00:00:00+00:00, run_after=2026-04-08T00:00:00+00:00
[2026-04-08T10:30:15.204+0000] {processor.py:183} INFO - Processing /home/airflow/.local/lib/python3.8/site-packages/airflow/example_dags/tutorial.py took 0.151 seconds
[2026-04-08T10:30:46.073+0000] {processor.py:161} INFO - Started process (PID=509) to work on /home/airflow/.local/lib/python3.8/site-packages/airflow/example_dags/tutorial.py
[2026-04-08T10:30:46.074+0000] {processor.py:830} INFO - Processing file /home/airflow/.local/lib/python3.8/site-packages/airflow/example_dags/tutorial.py for tasks to queue
[2026-04-08T10:30:46.076+0000] {logging_mixin.py:188} INFO - [2026-04-08T10:30:46.076+0000] {dagbag.py:538} INFO - Filling up the DagBag from /home/airflow/.local/lib/python3.8/site-packages/airflow/example_dags/tutorial.py
[2026-04-08T10:30:46.082+0000] {processor.py:840} INFO - DAG(s) 'tutorial' retrieved from /home/airflow/.local/lib/python3.8/site-packages/airflow/example_dags/tutorial.py
[2026-04-08T10:30:46.102+0000] {logging_mixin.py:188} INFO - [2026-04-08T10:30:46.102+0000] {dag.py:3033} INFO - Sync 1 DAGs
[2026-04-08T10:30:46.125+0000] {logging_mixin.py:188} INFO - [2026-04-08T10:30:46.124+0000] {dag.py:3820} INFO - Setting next_dagrun for tutorial to 2026-04-07T00:00:00+00:00, run_after=2026-04-08T00:00:00+00:00
[2026-04-08T10:30:46.141+0000] {processor.py:183} INFO - Processing /home/airflow/.local/lib/python3.8/site-packages/airflow/example_dags/tutorial.py took 0.072 seconds
[2026-04-08T10:31:16.535+0000] {processor.py:161} INFO - Started process (PID=566) to work on /home/airflow/.local/lib/python3.8/site-packages/airflow/example_dags/tutorial.py
[2026-04-08T10:31:16.536+0000] {processor.py:830} INFO - Processing file /home/airflow/.local/lib/python3.8/site-packages/airflow/example_dags/tutorial.py for tasks to queue
[2026-04-08T10:31:16.538+0000] {logging_mixin.py:188} INFO - [2026-04-08T10:31:16.538+0000] {dagbag.py:538} INFO - Filling up the DagBag from /home/airflow/.local/lib/python3.8/site-packages/airflow/example_dags/tutorial.py
[2026-04-08T10:31:16.545+0000] {processor.py:840} INFO - DAG(s) 'tutorial' retrieved from /home/airflow/.local/lib/python3.8/site-packages/airflow/example_dags/tutorial.py
[2026-04-08T10:31:16.567+0000] {logging_mixin.py:188} INFO - [2026-04-08T10:31:16.566+0000] {dag.py:3033} INFO - Sync 1 DAGs
[2026-04-08T10:31:16.591+0000] {logging_mixin.py:188} INFO - [2026-04-08T10:31:16.590+0000] {dag.py:3820} INFO - Setting next_dagrun for tutorial to 2026-04-07T00:00:00+00:00, run_after=2026-04-08T00:00:00+00:00
[2026-04-08T10:31:16.608+0000] {processor.py:183} INFO - Processing /home/airflow/.local/lib/python3.8/site-packages/airflow/example_dags/tutorial.py took 0.079 seconds
[2026-04-08T10:31:47.412+0000] {processor.py:161} INFO - Started process (PID=623) to work on /home/airflow/.local/lib/python3.8/site-packages/airflow/example_dags/tutorial.py
[2026-04-08T10:31:47.412+0000] {processor.py:830} INFO - Processing file /home/airflow/.local/lib/python3.8/site-packages/airflow/example_dags/tutorial.py for tasks to queue
[2026-04-08T10:31:47.415+0000] {logging_mixin.py:188} INFO - [2026-04-08T10:31:47.414+0000] {dagbag.py:538} INFO - Filling up the DagBag from /home/airflow/.local/lib/python3.8/site-packages/airflow/example_dags/tutorial.py
[2026-04-08T10:31:47.421+0000] {processor.py:840} INFO - DAG(s) 'tutorial' retrieved from /home/airflow/.local/lib/python3.8/site-packages/airflow/example_dags/tutorial.py
[2026-04-08T10:31:47.444+0000] {logging_mixin.py:188} INFO - [2026-04-08T10:31:47.444+0000] {dag.py:3033} INFO - Sync 1 DAGs
[2026-04-08T10:31:47.468+0000] {logging_mixin.py:188} INFO - [2026-04-08T10:31:47.468+0000] {dag.py:3820} INFO - Setting next_dagrun for tutorial to 2026-04-07T00:00:00+00:00, run_after=2026-04-08T00:00:00+00:00
[2026-04-08T10:31:47.487+0000] {processor.py:183} INFO - Processing /home/airflow/.local/lib/python3.8/site-packages/airflow/example_dags/tutorial.py took 0.078 seconds
[2026-04-08T10:32:17.647+0000] {processor.py:161} INFO - Started process (PID=680) to work on /home/airflow/.local/lib/python3.8/site-packages/airflow/example_dags/tutorial.py
[2026-04-08T10:32:17.648+0000] {processor.py:830} INFO - Processing file /home/airflow/.local/lib/python3.8/site-packages/airflow/example_dags/tutorial.py for tasks to queue
[2026-04-08T10:32:17.650+0000] {logging_mixin.py:188} INFO - [2026-04-08T10:32:17.650+0000] {dagbag.py:538} INFO - Filling up the DagBag from /home/airflow/.local/lib/python3.8/site-packages/airflow/example_dags/tutorial.py
[2026-04-08T10:32:17.656+0000] {processor.py:840} INFO - DAG(s) 'tutorial' retrieved from /home/airflow/.local/lib/python3.8/site-packages/airflow/example_dags/tutorial.py
[2026-04-08T10:32:17.677+0000] {logging_mixin.py:188} INFO - [2026-04-08T10:32:17.676+0000] {dag.py:3033} INFO - Sync 1 DAGs
[2026-04-08T10:32:17.700+0000] {logging_mixin.py:188} INFO - [2026-04-08T10:32:17.700+0000] {dag.py:3820} INFO - Setting next_dagrun for tutorial to 2026-04-07T00:00:00+00:00, run_after=2026-04-08T00:00:00+00:00
[2026-04-08T10:32:17.717+0000] {processor.py:183} INFO - Processing /home/airflow/.local/lib/python3.8/site-packages/airflow/example_dags/tutorial.py took 0.074 seconds
[2026-04-08T10:32:48.097+0000] {processor.py:161} INFO - Started process (PID=737) to work on /home/airflow/.local/lib/python3.8/site-packages/airflow/example_dags/tutorial.py
[2026-04-08T10:32:48.098+0000] {processor.py:830} INFO - Processing file /home/airflow/.local/lib/python3.8/site-packages/airflow/example_dags/tutorial.py for tasks to queue
[2026-04-08T10:32:48.100+0000] {logging_mixin.py:188} INFO - [2026-04-08T10:32:48.100+0000] {dagbag.py:538} INFO - Filling up the DagBag from /home/airflow/.local/lib/python3.8/site-packages/airflow/example_dags/tutorial.py
[2026-04-08T10:32:48.107+0000] {processor.py:840} INFO - DAG(s) 'tutorial' retrieved from /home/airflow/.local/lib/python3.8/site-packages/airflow/example_dags/tutorial.py
[2026-04-08T10:32:48.129+0000] {logging_mixin.py:188} INFO - [2026-04-08T10:32:48.129+0000] {dag.py:3033} INFO - Sync 1 DAGs
[2026-04-08T10:32:48.152+0000] {logging_mixin.py:188} INFO - [2026-04-08T10:32:48.152+0000] {dag.py:3820} INFO - Setting next_dagrun for tutorial to 2026-04-07T00:00:00+00:00, run_after=2026-04-08T00:00:00+00:00
[2026-04-08T10:32:48.171+0000] {processor.py:183} INFO - Processing /home/airflow/.local/lib/python3.8/site-packages/airflow/example_dags/tutorial.py took 0.077 seconds
[2026-04-08T10:33:18.247+0000] {processor.py:161} INFO - Started process (PID=794) to work on /home/airflow/.local/lib/python3.8/site-packages/airflow/example_dags/tutorial.py
[2026-04-08T10:33:18.248+0000] {processor.py:830} INFO - Processing file /home/airflow/.local/lib/python3.8/site-packages/airflow/example_dags/tutorial.py for tasks to queue
[2026-04-08T10:33:18.250+0000] {logging_mixin.py:188} INFO - [2026-04-08T10:33:18.249+0000] {dagbag.py:538} INFO - Filling up the DagBag from /home/airflow/.local/lib/python3.8/site-packages/airflow/example_dags/tutorial.py
[2026-04-08T10:33:18.256+0000] {processor.py:840} INFO - DAG(s) 'tutorial' retrieved from /home/airflow/.local/lib/python3.8/site-packages/airflow/example_dags/tutorial.py
[2026-04-08T10:33:18.276+0000] {logging_mixin.py:188} INFO - [2026-04-08T10:33:18.276+0000] {dag.py:3033} INFO - Sync 1 DAGs
[2026-04-08T10:33:18.300+0000] {logging_mixin.py:188} INFO - [2026-04-08T10:33:18.299+0000] {dag.py:3820} INFO - Setting next_dagrun for tutorial to 2026-04-07T00:00:00+00:00, run_after=2026-04-08T00:00:00+00:00
[2026-04-08T10:33:18.317+0000] {processor.py:183} INFO - Processing /home/airflow/.local/lib/python3.8/site-packages/airflow/example_dags/tutorial.py took 0.074 seconds
[2026-04-08T10:33:49.215+0000] {processor.py:161} INFO - Started process (PID=851) to work on /home/airflow/.local/lib/python3.8/site-packages/airflow/example_dags/tutorial.py
[2026-04-08T10:33:49.216+0000] {processor.py:830} INFO - Processing file /home/airflow/.local/lib/python3.8/site-packages/airflow/example_dags/tutorial.py for tasks to queue
[2026-04-08T10:33:49.218+0000] {logging_mixin.py:188} INFO - [2026-04-08T10:33:49.218+0000] {dagbag.py:538} INFO - Filling up the DagBag from /home/airflow/.local/lib/python3.8/site-packages/airflow/example_dags/tutorial.py
[2026-04-08T10:33:49.224+0000] {processor.py:840} INFO - DAG(s) 'tutorial' retrieved from /home/airflow/.local/lib/python3.8/site-packages/airflow/example_dags/tutorial.py
[2026-04-08T10:33:49.244+0000] {logging_mixin.py:188} INFO - [2026-04-08T10:33:49.244+0000] {dag.py:3033} INFO - Sync 1 DAGs
[2026-04-08T10:33:49.268+0000] {logging_mixin.py:188} INFO - [2026-04-08T10:33:49.268+0000] {dag.py:3820} INFO - Setting next_dagrun for tutorial to 2026-04-07T00:00:00+00:00, run_after=2026-04-08T00:00:00+00:00
[2026-04-08T10:33:49.286+0000] {processor.py:183} INFO - Processing /home/airflow/.local/lib/python3.8/site-packages/airflow/example_dags/tutorial.py took 0.074 seconds
[2026-04-08T10:34:20.175+0000] {processor.py:161} INFO - Started process (PID=908) to work on /home/airflow/.local/lib/python3.8/site-packages/airflow/example_dags/tutorial.py
[2026-04-08T10:34:20.176+0000] {processor.py:830} INFO - Processing file /home/airflow/.local/lib/python3.8/site-packages/airflow/example_dags/tutorial.py for tasks to queue
[2026-04-08T10:34:20.178+0000] {logging_mixin.py:188} INFO - [2026-04-08T10:34:20.177+0000] {dagbag.py:538} INFO - Filling up the DagBag from /home/airflow/.local/lib/python3.8/site-packages/airflow/example_dags/tutorial.py
[2026-04-08T10:34:20.184+0000] {processor.py:840} INFO - DAG(s) 'tutorial' retrieved from /home/airflow/.local/lib/python3.8/site-packages/airflow/example_dags/tutorial.py
[2026-04-08T10:34:20.219+0000] {logging_mixin.py:188} INFO - [2026-04-08T10:34:20.219+0000] {dag.py:3033} INFO - Sync 1 DAGs
[2026-04-08T10:34:20.290+0000] {logging_mixin.py:188} INFO - [2026-04-08T10:34:20.289+0000] {dag.py:3820} INFO - Setting next_dagrun for tutorial to 2026-04-07T00:00:00+00:00, run_after=2026-04-08T00:00:00+00:00
[2026-04-08T10:34:20.313+0000] {processor.py:183} INFO - Processing /home/airflow/.local/lib/python3.8/site-packages/airflow/example_dags/tutorial.py took 0.142 seconds
[2026-04-08T10:34:50.593+0000] {processor.py:161} INFO - Started process (PID=965) to work on /home/airflow/.local/lib/python3.8/site-packages/airflow/example_dags/tutorial.py
[2026-04-08T10:34:50.593+0000] {processor.py:830} INFO - Processing file /home/airflow/.local/lib/python3.8/site-packages/airflow/example_dags/tutorial.py for tasks to queue
[2026-04-08T10:34:50.595+0000] {logging_mixin.py:188} INFO - [2026-04-08T10:34:50.595+0000] {dagbag.py:538} INFO - Filling up the DagBag from /home/airflow/.local/lib/python3.8/site-packages/airflow/example_dags/tutorial.py
[2026-04-08T10:34:50.602+0000] {processor.py:840} INFO - DAG(s) 'tutorial' retrieved from /home/airflow/.local/lib/python3.8/site-packages/airflow/example_dags/tutorial.py
[2026-04-08T10:34:50.621+0000] {logging_mixin.py:188} INFO - [2026-04-08T10:34:50.621+0000] {dag.py:3033} INFO - Sync 1 DAGs
[2026-04-08T10:34:50.644+0000] {logging_mixin.py:188} INFO - [2026-04-08T10:34:50.644+0000] {dag.py:3820} INFO - Setting next_dagrun for tutorial to 2026-04-07T00:00:00+00:00, run_after=2026-04-08T00:00:00+00:00
[2026-04-08T10:34:50.689+0000] {processor.py:183} INFO - Processing /home/airflow/.local/lib/python3.8/site-packages/airflow/example_dags/tutorial.py took 0.100 seconds
[2026-04-08T10:35:20.850+0000] {processor.py:161} INFO - Started process (PID=1022) to work on /home/airflow/.local/lib/python3.8/site-packages/airflow/example_dags/tutorial.py
[2026-04-08T10:35:20.851+0000] {processor.py:830} INFO - Processing file /home/airflow/.local/lib/python3.8/site-packages/airflow/example_dags/tutorial.py for tasks to queue
[2026-04-08T10:35:20.853+0000] {logging_mixin.py:188} INFO - [2026-04-08T10:35:20.853+0000] {dagbag.py:538} INFO - Filling up the DagBag from /home/airflow/.local/lib/python3.8/site-packages/airflow/example_dags/tutorial.py
[2026-04-08T10:35:20.859+0000] {processor.py:840} INFO - DAG(s) 'tutorial' retrieved from /home/airflow/.local/lib/python3.8/site-packages/airflow/example_dags/tutorial.py
[2026-04-08T10:35:20.879+0000] {logging_mixin.py:188} INFO - [2026-04-08T10:35:20.879+0000] {dag.py:3033} INFO - Sync 1 DAGs
[2026-04-08T10:35:20.904+0000] {logging_mixin.py:188} INFO - [2026-04-08T10:35:20.904+0000] {dag.py:3820} INFO - Setting next_dagrun for tutorial to 2026-04-07T00:00:00+00:00, run_after=2026-04-08T00:00:00+00:00
[2026-04-08T10:35:20.922+0000] {processor.py:183} INFO - Processing /home/airflow/.local/lib/python3.8/site-packages/airflow/example_dags/tutorial.py took 0.075 seconds
[2026-04-08T10:35:51.905+0000] {processor.py:161} INFO - Started process (PID=1085) to work on /home/airflow/.local/lib/python3.8/site-packages/airflow/example_dags/tutorial.py
[2026-04-08T10:35:51.908+0000] {processor.py:830} INFO - Processing file /home/airflow/.local/lib/python3.8/site-packages/airflow/example_dags/tutorial.py for tasks to queue
[2026-04-08T10:35:51.912+0000] {logging_mixin.py:188} INFO - [2026-04-08T10:35:51.911+0000] {dagbag.py:538} INFO - Filling up the DagBag from /home/airflow/.local/lib/python3.8/site-packages/airflow/example_dags/tutorial.py
[2026-04-08T10:35:51.920+0000] {processor.py:840} INFO - DAG(s) 'tutorial' retrieved from /home/airflow/.local/lib/python3.8/site-packages/airflow/example_dags/tutorial.py
[2026-04-08T10:35:51.945+0000] {logging_mixin.py:188} INFO - [2026-04-08T10:35:51.945+0000] {dag.py:3033} INFO - Sync 1 DAGs
[2026-04-08T10:35:51.969+0000] {logging_mixin.py:188} INFO - [2026-04-08T10:35:51.969+0000] {dag.py:3820} INFO - Setting next_dagrun for tutorial to 2026-04-07T00:00:00+00:00, run_after=2026-04-08T00:00:00+00:00
[2026-04-08T10:35:51.989+0000] {processor.py:183} INFO - Processing /home/airflow/.local/lib/python3.8/site-packages/airflow/example_dags/tutorial.py took 0.091 seconds
[2026-04-08T10:36:22.488+0000] {processor.py:161} INFO - Started process (PID=1142) to work on /home/airflow/.local/lib/python3.8/site-packages/airflow/example_dags/tutorial.py
[2026-04-08T10:36:22.489+0000] {processor.py:830} INFO - Processing file /home/airflow/.local/lib/python3.8/site-packages/airflow/example_dags/tutorial.py for tasks to queue
[2026-04-08T10:36:22.491+0000] {logging_mixin.py:188} INFO - [2026-04-08T10:36:22.491+0000] {dagbag.py:538} INFO - Filling up the DagBag from /home/airflow/.local/lib/python3.8/site-packages/airflow/example_dags/tutorial.py
[2026-04-08T10:36:22.498+0000] {processor.py:840} INFO - DAG(s) 'tutorial' retrieved from /home/airflow/.local/lib/python3.8/site-packages/airflow/example_dags/tutorial.py
[2026-04-08T10:36:22.521+0000] {logging_mixin.py:188} INFO - [2026-04-08T10:36:22.521+0000] {dag.py:3033} INFO - Sync 1 DAGs
[2026-04-08T10:36:22.544+0000] {logging_mixin.py:188} INFO - [2026-04-08T10:36:22.544+0000] {dag.py:3820} INFO - Setting next_dagrun for tutorial to 2026-04-07T00:00:00+00:00, run_after=2026-04-08T00:00:00+00:00
[2026-04-08T10:36:22.563+0000] {processor.py:183} INFO - Processing /home/airflow/.local/lib/python3.8/site-packages/airflow/example_dags/tutorial.py took 0.079 seconds
[2026-04-08T10:36:53.117+0000] {processor.py:161} INFO - Started process (PID=1199) to work on /home/airflow/.local/lib/python3.8/site-packages/airflow/example_dags/tutorial.py
[2026-04-08T10:36:53.118+0000] {processor.py:830} INFO - Processing file /home/airflow/.local/lib/python3.8/site-packages/airflow/example_dags/tutorial.py for tasks to queue
[2026-04-08T10:36:53.120+0000] {logging_mixin.py:188} INFO - [2026-04-08T10:36:53.119+0000] {dagbag.py:538} INFO - Filling up the DagBag from /home/airflow/.local/lib/python3.8/site-packages/airflow/example_dags/tutorial.py
[2026-04-08T10:36:53.126+0000] {processor.py:840} INFO - DAG(s) 'tutorial' retrieved from /home/airflow/.local/lib/python3.8/site-packages/airflow/example_dags/tutorial.py
[2026-04-08T10:36:53.191+0000] {logging_mixin.py:188} INFO - [2026-04-08T10:36:53.190+0000] {dag.py:3033} INFO - Sync 1 DAGs
[2026-04-08T10:36:53.237+0000] {logging_mixin.py:188} INFO - [2026-04-08T10:36:53.237+0000] {dag.py:3820} INFO - Setting next_dagrun for tutorial to 2026-04-07T00:00:00+00:00, run_after=2026-04-08T00:00:00+00:00
[2026-04-08T10:36:53.265+0000] {processor.py:183} INFO - Processing /home/airflow/.local/lib/python3.8/site-packages/airflow/example_dags/tutorial.py took 0.152 seconds
[2026-04-08T10:37:23.942+0000] {processor.py:161} INFO - Started process (PID=1256) to work on /home/airflow/.local/lib/python3.8/site-packages/airflow/example_dags/tutorial.py
[2026-04-08T10:37:23.943+0000] {processor.py:830} INFO - Processing file /home/airflow/.local/lib/python3.8/site-packages/airflow/example_dags/tutorial.py for tasks to queue
[2026-04-08T10:37:23.945+0000] {logging_mixin.py:188} INFO - [2026-04-08T10:37:23.945+0000] {dagbag.py:538} INFO - Filling up the DagBag from /home/airflow/.local/lib/python3.8/site-packages/airflow/example_dags/tutorial.py
[2026-04-08T10:37:23.951+0000] {processor.py:840} INFO - DAG(s) 'tutorial' retrieved from /home/airflow/.local/lib/python3.8/site-packages/airflow/example_dags/tutorial.py
[2026-04-08T10:37:23.972+0000] {logging_mixin.py:188} INFO - [2026-04-08T10:37:23.972+0000] {dag.py:3033} INFO - Sync 1 DAGs
[2026-04-08T10:37:23.999+0000] {logging_mixin.py:188} INFO - [2026-04-08T10:37:23.998+0000] {dag.py:3820} INFO - Setting next_dagrun for tutorial to 2026-04-07T00:00:00+00:00, run_after=2026-04-08T00:00:00+00:00
[2026-04-08T10:37:24.018+0000] {processor.py:183} INFO - Processing /home/airflow/.local/lib/python3.8/site-packages/airflow/example_dags/tutorial.py took 0.079 seconds
[2026-04-08T10:37:54.571+0000] {processor.py:161} INFO - Started process (PID=1313) to work on /home/airflow/.local/lib/python3.8/site-packages/airflow/example_dags/tutorial.py
[2026-04-08T10:37:54.572+0000] {processor.py:830} INFO - Processing file /home/airflow/.local/lib/python3.8/site-packages/airflow/example_dags/tutorial.py for tasks to queue
[2026-04-08T10:37:54.575+0000] {logging_mixin.py:188} INFO - [2026-04-08T10:37:54.574+0000] {dagbag.py:538} INFO - Filling up the DagBag from /home/airflow/.local/lib/python3.8/site-packages/airflow/example_dags/tutorial.py
[2026-04-08T10:37:54.582+0000] {processor.py:840} INFO - DAG(s) 'tutorial' retrieved from /home/airflow/.local/lib/python3.8/site-packages/airflow/example_dags/tutorial.py
[2026-04-08T10:37:54.606+0000] {logging_mixin.py:188} INFO - [2026-04-08T10:37:54.605+0000] {dag.py:3033} INFO - Sync 1 DAGs
[2026-04-08T10:37:54.629+0000] {logging_mixin.py:188} INFO - [2026-04-08T10:37:54.629+0000] {dag.py:3820} INFO - Setting next_dagrun for tutorial to 2026-04-07T00:00:00+00:00, run_after=2026-04-08T00:00:00+00:00
[2026-04-08T10:37:54.647+0000] {processor.py:183} INFO - Processing /home/airflow/.local/lib/python3.8/site-packages/airflow/example_dags/tutorial.py took 0.079 seconds
[2026-04-08T10:38:25.245+0000] {processor.py:161} INFO - Started process (PID=1370) to work on /home/airflow/.local/lib/python3.8/site-packages/airflow/example_dags/tutorial.py
[2026-04-08T10:38:25.246+0000] {processor.py:830} INFO - Processing file /home/airflow/.local/lib/python3.8/site-packages/airflow/example_dags/tutorial.py for tasks to queue
[2026-04-08T10:38:25.248+0000] {logging_mixin.py:188} INFO - [2026-04-08T10:38:25.248+0000] {dagbag.py:538} INFO - Filling up the DagBag from /home/airflow/.local/lib/python3.8/site-packages/airflow/example_dags/tutorial.py
[2026-04-08T10:38:25.255+0000] {processor.py:840} INFO - DAG(s) 'tutorial' retrieved from /home/airflow/.local/lib/python3.8/site-packages/airflow/example_dags/tutorial.py
[2026-04-08T10:38:25.281+0000] {logging_mixin.py:188} INFO - [2026-04-08T10:38:25.281+0000] {dag.py:3033} INFO - Sync 1 DAGs
[2026-04-08T10:38:25.327+0000] {logging_mixin.py:188} INFO - [2026-04-08T10:38:25.326+0000] {dag.py:3820} INFO - Setting next_dagrun for tutorial to 2026-04-07T00:00:00+00:00, run_after=2026-04-08T00:00:00+00:00
[2026-04-08T10:38:25.345+0000] {processor.py:183} INFO - Processing /home/airflow/.local/lib/python3.8/site-packages/airflow/example_dags/tutorial.py took 0.103 seconds
[2026-04-08T10:38:55.549+0000] {processor.py:161} INFO - Started process (PID=1427) to work on /home/airflow/.local/lib/python3.8/site-packages/airflow/example_dags/tutorial.py
[2026-04-08T10:38:55.551+0000] {processor.py:830} INFO - Processing file /home/airflow/.local/lib/python3.8/site-packages/airflow/example_dags/tutorial.py for tasks to queue
[2026-04-08T10:38:55.555+0000] {logging_mixin.py:188} INFO - [2026-04-08T10:38:55.555+0000] {dagbag.py:538} INFO - Filling up the DagBag from /home/airflow/.local/lib/python3.8/site-packages/airflow/example_dags/tutorial.py
[2026-04-08T10:38:55.569+0000] {processor.py:840} INFO - DAG(s) 'tutorial' retrieved from /home/airflow/.local/lib/python3.8/site-packages/airflow/example_dags/tutorial.py
[2026-04-08T10:38:55.612+0000] {logging_mixin.py:188} INFO - [2026-04-08T10:38:55.612+0000] {dag.py:3033} INFO - Sync 1 DAGs
[2026-04-08T10:38:55.669+0000] {logging_mixin.py:188} INFO - [2026-04-08T10:38:55.669+0000] {dag.py:3820} INFO - Setting next_dagrun for tutorial to 2026-04-07T00:00:00+00:00, run_after=2026-04-08T00:00:00+00:00
[2026-04-08T10:38:55.717+0000] {processor.py:183} INFO - Processing /home/airflow/.local/lib/python3.8/site-packages/airflow/example_dags/tutorial.py took 0.175 seconds
[2026-04-08T10:39:26.705+0000] {processor.py:161} INFO - Started process (PID=1484) to work on /home/airflow/.local/lib/python3.8/site-packages/airflow/example_dags/tutorial.py
[2026-04-08T10:39:26.706+0000] {processor.py:830} INFO - Processing file /home/airflow/.local/lib/python3.8/site-packages/airflow/example_dags/tutorial.py for tasks to queue
[2026-04-08T10:39:26.708+0000] {logging_mixin.py:188} INFO - [2026-04-08T10:39:26.708+0000] {dagbag.py:538} INFO - Filling up the DagBag from /home/airflow/.local/lib/python3.8/site-packages/airflow/example_dags/tutorial.py
[2026-04-08T10:39:26.715+0000] {processor.py:840} INFO - DAG(s) 'tutorial' retrieved from /home/airflow/.local/lib/python3.8/site-packages/airflow/example_dags/tutorial.py
[2026-04-08T10:39:26.741+0000] {logging_mixin.py:188} INFO - [2026-04-08T10:39:26.740+0000] {dag.py:3033} INFO - Sync 1 DAGs
[2026-04-08T10:39:26.767+0000] {logging_mixin.py:188} INFO - [2026-04-08T10:39:26.767+0000] {dag.py:3820} INFO - Setting next_dagrun for tutorial to 2026-04-07T00:00:00+00:00, run_after=2026-04-08T00:00:00+00:00
[2026-04-08T10:39:26.788+0000] {processor.py:183} INFO - Processing /home/airflow/.local/lib/python3.8/site-packages/airflow/example_dags/tutorial.py took 0.087 seconds
[2026-04-08T10:39:57.584+0000] {processor.py:161} INFO - Started process (PID=1541) to work on /home/airflow/.local/lib/python3.8/site-packages/airflow/example_dags/tutorial.py
[2026-04-08T10:39:57.586+0000] {processor.py:830} INFO - Processing file /home/airflow/.local/lib/python3.8/site-packages/airflow/example_dags/tutorial.py for tasks to queue
[2026-04-08T10:39:57.588+0000] {logging_mixin.py:188} INFO - [2026-04-08T10:39:57.588+0000] {dagbag.py:538} INFO - Filling up the DagBag from /home/airflow/.local/lib/python3.8/site-packages/airflow/example_dags/tutorial.py
[2026-04-08T10:39:57.594+0000] {processor.py:840} INFO - DAG(s) 'tutorial' retrieved from /home/airflow/.local/lib/python3.8/site-packages/airflow/example_dags/tutorial.py
[2026-04-08T10:39:57.615+0000] {logging_mixin.py:188} INFO - [2026-04-08T10:39:57.615+0000] {dag.py:3033} INFO - Sync 1 DAGs
[2026-04-08T10:39:57.638+0000] {logging_mixin.py:188} INFO - [2026-04-08T10:39:57.638+0000] {dag.py:3820} INFO - Setting next_dagrun for tutorial to 2026-04-07T00:00:00+00:00, run_after=2026-04-08T00:00:00+00:00
[2026-04-08T10:39:57.657+0000] {processor.py:183} INFO - Processing /home/airflow/.local/lib/python3.8/site-packages/airflow/example_dags/tutorial.py took 0.077 seconds
[2026-04-08T10:40:27.859+0000] {processor.py:161} INFO - Started process (PID=1598) to work on /home/airflow/.local/lib/python3.8/site-packages/airflow/example_dags/tutorial.py
[2026-04-08T10:40:27.860+0000] {processor.py:830} INFO - Processing file /home/airflow/.local/lib/python3.8/site-packages/airflow/example_dags/tutorial.py for tasks to queue
[2026-04-08T10:40:27.862+0000] {logging_mixin.py:188} INFO - [2026-04-08T10:40:27.862+0000] {dagbag.py:538} INFO - Filling up the DagBag from /home/airflow/.local/lib/python3.8/site-packages/airflow/example_dags/tutorial.py
[2026-04-08T10:40:27.868+0000] {processor.py:840} INFO - DAG(s) 'tutorial' retrieved from /home/airflow/.local/lib/python3.8/site-packages/airflow/example_dags/tutorial.py
[2026-04-08T10:40:27.889+0000] {logging_mixin.py:188} INFO - [2026-04-08T10:40:27.889+0000] {dag.py:3033} INFO - Sync 1 DAGs
[2026-04-08T10:40:27.912+0000] {logging_mixin.py:188} INFO - [2026-04-08T10:40:27.912+0000] {dag.py:3820} INFO - Setting next_dagrun for tutorial to 2026-04-07T00:00:00+00:00, run_after=2026-04-08T00:00:00+00:00
[2026-04-08T10:40:27.933+0000] {processor.py:183} INFO - Processing /home/airflow/.local/lib/python3.8/site-packages/airflow/example_dags/tutorial.py took 0.078 seconds
[2026-04-08T10:40:58.196+0000] {processor.py:161} INFO - Started process (PID=1655) to work on /home/airflow/.local/lib/python3.8/site-packages/airflow/example_dags/tutorial.py
[2026-04-08T10:40:58.197+0000] {processor.py:830} INFO - Processing file /home/airflow/.local/lib/python3.8/site-packages/airflow/example_dags/tutorial.py for tasks to queue
[2026-04-08T10:40:58.199+0000] {logging_mixin.py:188} INFO - [2026-04-08T10:40:58.199+0000] {dagbag.py:538} INFO - Filling up the DagBag from /home/airflow/.local/lib/python3.8/site-packages/airflow/example_dags/tutorial.py
[2026-04-08T10:40:58.205+0000] {processor.py:840} INFO - DAG(s) 'tutorial' retrieved from /home/airflow/.local/lib/python3.8/site-packages/airflow/example_dags/tutorial.py
[2026-04-08T10:40:58.226+0000] {logging_mixin.py:188} INFO - [2026-04-08T10:40:58.225+0000] {dag.py:3033} INFO - Sync 1 DAGs
[2026-04-08T10:40:58.264+0000] {logging_mixin.py:188} INFO - [2026-04-08T10:40:58.263+0000] {dag.py:3820} INFO - Setting next_dagrun for tutorial to 2026-04-07T00:00:00+00:00, run_after=2026-04-08T00:00:00+00:00
[2026-04-08T10:40:58.328+0000] {processor.py:183} INFO - Processing /home/airflow/.local/lib/python3.8/site-packages/airflow/example_dags/tutorial.py took 0.137 seconds
[2026-04-08T10:41:29.010+0000] {processor.py:161} INFO - Started process (PID=1712) to work on /home/airflow/.local/lib/python3.8/site-packages/airflow/example_dags/tutorial.py
[2026-04-08T10:41:29.013+0000] {processor.py:830} INFO - Processing file /home/airflow/.local/lib/python3.8/site-packages/airflow/example_dags/tutorial.py for tasks to queue
[2026-04-08T10:41:29.017+0000] {logging_mixin.py:188} INFO - [2026-04-08T10:41:29.017+0000] {dagbag.py:538} INFO - Filling up the DagBag from /home/airflow/.local/lib/python3.8/site-packages/airflow/example_dags/tutorial.py
[2026-04-08T10:41:29.029+0000] {processor.py:840} INFO - DAG(s) 'tutorial' retrieved from /home/airflow/.local/lib/python3.8/site-packages/airflow/example_dags/tutorial.py
[2026-04-08T10:41:29.088+0000] {logging_mixin.py:188} INFO - [2026-04-08T10:41:29.088+0000] {dag.py:3033} INFO - Sync 1 DAGs
[2026-04-08T10:41:29.137+0000] {logging_mixin.py:188} INFO - [2026-04-08T10:41:29.137+0000] {dag.py:3820} INFO - Setting next_dagrun for tutorial to 2026-04-07T00:00:00+00:00, run_after=2026-04-08T00:00:00+00:00
[2026-04-08T10:41:29.174+0000] {processor.py:183} INFO - Processing /home/airflow/.local/lib/python3.8/site-packages/airflow/example_dags/tutorial.py took 0.169 seconds
[2026-04-08T10:41:59.290+0000] {processor.py:161} INFO - Started process (PID=1769) to work on /home/airflow/.local/lib/python3.8/site-packages/airflow/example_dags/tutorial.py
[2026-04-08T10:41:59.291+0000] {processor.py:830} INFO - Processing file /home/airflow/.local/lib/python3.8/site-packages/airflow/example_dags/tutorial.py for tasks to queue
[2026-04-08T10:41:59.293+0000] {logging_mixin.py:188} INFO - [2026-04-08T10:41:59.293+0000] {dagbag.py:538} INFO - Filling up the DagBag from /home/airflow/.local/lib/python3.8/site-packages/airflow/example_dags/tutorial.py
[2026-04-08T10:41:59.300+0000] {processor.py:840} INFO - DAG(s) 'tutorial' retrieved from /home/airflow/.local/lib/python3.8/site-packages/airflow/example_dags/tutorial.py
[2026-04-08T10:41:59.320+0000] {logging_mixin.py:188} INFO - [2026-04-08T10:41:59.319+0000] {dag.py:3033} INFO - Sync 1 DAGs
[2026-04-08T10:41:59.347+0000] {logging_mixin.py:188} INFO - [2026-04-08T10:41:59.346+0000] {dag.py:3820} INFO - Setting next_dagrun for tutorial to 2026-04-07T00:00:00+00:00, run_after=2026-04-08T00:00:00+00:00
[2026-04-08T10:41:59.382+0000] {processor.py:183} INFO - Processing /home/airflow/.local/lib/python3.8/site-packages/airflow/example_dags/tutorial.py took 0.096 seconds
[2026-04-08T10:42:29.842+0000] {processor.py:161} INFO - Started process (PID=1826) to work on /home/airflow/.local/lib/python3.8/site-packages/airflow/example_dags/tutorial.py
[2026-04-08T10:42:29.843+0000] {processor.py:830} INFO - Processing file /home/airflow/.local/lib/python3.8/site-packages/airflow/example_dags/tutorial.py for tasks to queue
[2026-04-08T10:42:29.846+0000] {logging_mixin.py:188} INFO - [2026-04-08T10:42:29.845+0000] {dagbag.py:538} INFO - Filling up the DagBag from /home/airflow/.local/lib/python3.8/site-packages/airflow/example_dags/tutorial.py
[2026-04-08T10:42:29.852+0000] {processor.py:840} INFO - DAG(s) 'tutorial' retrieved from /home/airflow/.local/lib/python3.8/site-packages/airflow/example_dags/tutorial.py
[2026-04-08T10:42:29.872+0000] {logging_mixin.py:188} INFO - [2026-04-08T10:42:29.872+0000] {dag.py:3033} INFO - Sync 1 DAGs
[2026-04-08T10:42:29.900+0000] {logging_mixin.py:188} INFO - [2026-04-08T10:42:29.900+0000] {dag.py:3820} INFO - Setting next_dagrun for tutorial to 2026-04-07T00:00:00+00:00, run_after=2026-04-08T00:00:00+00:00
[2026-04-08T10:42:29.919+0000] {processor.py:183} INFO - Processing /home/airflow/.local/lib/python3.8/site-packages/airflow/example_dags/tutorial.py took 0.080 seconds
[2026-04-08T10:43:00.338+0000] {processor.py:161} INFO - Started process (PID=1883) to work on /home/airflow/.local/lib/python3.8/site-packages/airflow/example_dags/tutorial.py
[2026-04-08T10:43:00.338+0000] {processor.py:830} INFO - Processing file /home/airflow/.local/lib/python3.8/site-packages/airflow/example_dags/tutorial.py for tasks to queue
[2026-04-08T10:43:00.340+0000] {logging_mixin.py:188} INFO - [2026-04-08T10:43:00.340+0000] {dagbag.py:538} INFO - Filling up the DagBag from /home/airflow/.local/lib/python3.8/site-packages/airflow/example_dags/tutorial.py
[2026-04-08T10:43:00.346+0000] {processor.py:840} INFO - DAG(s) 'tutorial' retrieved from /home/airflow/.local/lib/python3.8/site-packages/airflow/example_dags/tutorial.py
[2026-04-08T10:43:00.367+0000] {logging_mixin.py:188} INFO - [2026-04-08T10:43:00.367+0000] {dag.py:3033} INFO - Sync 1 DAGs
[2026-04-08T10:43:00.391+0000] {logging_mixin.py:188} INFO - [2026-04-08T10:43:00.391+0000] {dag.py:3820} INFO - Setting next_dagrun for tutorial to 2026-04-07T00:00:00+00:00, run_after=2026-04-08T00:00:00+00:00
[2026-04-08T10:43:00.408+0000] {processor.py:183} INFO - Processing /home/airflow/.local/lib/python3.8/site-packages/airflow/example_dags/tutorial.py took 0.074 seconds
[2026-04-08T10:43:30.990+0000] {processor.py:161} INFO - Started process (PID=1940) to work on /home/airflow/.local/lib/python3.8/site-packages/airflow/example_dags/tutorial.py
[2026-04-08T10:43:30.991+0000] {processor.py:830} INFO - Processing file /home/airflow/.local/lib/python3.8/site-packages/airflow/example_dags/tutorial.py for tasks to queue
[2026-04-08T10:43:30.994+0000] {logging_mixin.py:188} INFO - [2026-04-08T10:43:30.993+0000] {dagbag.py:538} INFO - Filling up the DagBag from /home/airflow/.local/lib/python3.8/site-packages/airflow/example_dags/tutorial.py
[2026-04-08T10:43:31.000+0000] {processor.py:840} INFO - DAG(s) 'tutorial' retrieved from /home/airflow/.local/lib/python3.8/site-packages/airflow/example_dags/tutorial.py
[2026-04-08T10:43:31.021+0000] {logging_mixin.py:188} INFO - [2026-04-08T10:43:31.020+0000] {dag.py:3033} INFO - Sync 1 DAGs
[2026-04-08T10:43:31.045+0000] {logging_mixin.py:188} INFO - [2026-04-08T10:43:31.044+0000] {dag.py:3820} INFO - Setting next_dagrun for tutorial to 2026-04-07T00:00:00+00:00, run_after=2026-04-08T00:00:00+00:00
[2026-04-08T10:43:31.065+0000] {processor.py:183} INFO - Processing /home/airflow/.local/lib/python3.8/site-packages/airflow/example_dags/tutorial.py took 0.078 seconds
[2026-04-08T10:44:01.376+0000] {processor.py:161} INFO - Started process (PID=1997) to work on /home/airflow/.local/lib/python3.8/site-packages/airflow/example_dags/tutorial.py
[2026-04-08T10:44:01.376+0000] {processor.py:830} INFO - Processing file /home/airflow/.local/lib/python3.8/site-packages/airflow/example_dags/tutorial.py for tasks to queue
[2026-04-08T10:44:01.379+0000] {logging_mixin.py:188} INFO - [2026-04-08T10:44:01.378+0000] {dagbag.py:538} INFO - Filling up the DagBag from /home/airflow/.local/lib/python3.8/site-packages/airflow/example_dags/tutorial.py
[2026-04-08T10:44:01.385+0000] {processor.py:840} INFO - DAG(s) 'tutorial' retrieved from /home/airflow/.local/lib/python3.8/site-packages/airflow/example_dags/tutorial.py
[2026-04-08T10:44:01.404+0000] {logging_mixin.py:188} INFO - [2026-04-08T10:44:01.404+0000] {dag.py:3033} INFO - Sync 1 DAGs
[2026-04-08T10:44:01.429+0000] {logging_mixin.py:188} INFO - [2026-04-08T10:44:01.429+0000] {dag.py:3820} INFO - Setting next_dagrun for tutorial to 2026-04-07T00:00:00+00:00, run_after=2026-04-08T00:00:00+00:00
[2026-04-08T10:44:01.450+0000] {processor.py:183} INFO - Processing /home/airflow/.local/lib/python3.8/site-packages/airflow/example_dags/tutorial.py took 0.078 seconds
[2026-04-08T10:44:31.716+0000] {processor.py:161} INFO - Started process (PID=2054) to work on /home/airflow/.local/lib/python3.8/site-packages/airflow/example_dags/tutorial.py
[2026-04-08T10:44:31.717+0000] {processor.py:830} INFO - Processing file /home/airflow/.local/lib/python3.8/site-packages/airflow/example_dags/tutorial.py for tasks to queue
[2026-04-08T10:44:31.719+0000] {logging_mixin.py:188} INFO - [2026-04-08T10:44:31.719+0000] {dagbag.py:538} INFO - Filling up the DagBag from /home/airflow/.local/lib/python3.8/site-packages/airflow/example_dags/tutorial.py
[2026-04-08T10:44:31.725+0000] {processor.py:840} INFO - DAG(s) 'tutorial' retrieved from /home/airflow/.local/lib/python3.8/site-packages/airflow/example_dags/tutorial.py
[2026-04-08T10:44:31.745+0000] {logging_mixin.py:188} INFO - [2026-04-08T10:44:31.745+0000] {dag.py:3033} INFO - Sync 1 DAGs
[2026-04-08T10:44:31.770+0000] {logging_mixin.py:188} INFO - [2026-04-08T10:44:31.770+0000] {dag.py:3820} INFO - Setting next_dagrun for tutorial to 2026-04-07T00:00:00+00:00, run_after=2026-04-08T00:00:00+00:00
[2026-04-08T10:44:31.788+0000] {processor.py:183} INFO - Processing /home/airflow/.local/lib/python3.8/site-packages/airflow/example_dags/tutorial.py took 0.076 seconds
[2026-04-08T10:45:02.130+0000] {processor.py:161} INFO - Started process (PID=2111) to work on /home/airflow/.local/lib/python3.8/site-packages/airflow/example_dags/tutorial.py
[2026-04-08T10:45:02.131+0000] {processor.py:830} INFO - Processing file /home/airflow/.local/lib/python3.8/site-packages/airflow/example_dags/tutorial.py for tasks to queue
[2026-04-08T10:45:02.133+0000] {logging_mixin.py:188} INFO - [2026-04-08T10:45:02.133+0000] {dagbag.py:538} INFO - Filling up the DagBag from /home/airflow/.local/lib/python3.8/site-packages/airflow/example_dags/tutorial.py
[2026-04-08T10:45:02.140+0000] {processor.py:840} INFO - DAG(s) 'tutorial' retrieved from /home/airflow/.local/lib/python3.8/site-packages/airflow/example_dags/tutorial.py
[2026-04-08T10:45:02.160+0000] {logging_mixin.py:188} INFO - [2026-04-08T10:45:02.159+0000] {dag.py:3033} INFO - Sync 1 DAGs
[2026-04-08T10:45:02.182+0000] {logging_mixin.py:188} INFO - [2026-04-08T10:45:02.182+0000] {dag.py:3820} INFO - Setting next_dagrun for tutorial to 2026-04-07T00:00:00+00:00, run_after=2026-04-08T00:00:00+00:00
[2026-04-08T10:45:02.201+0000] {processor.py:183} INFO - Processing /home/airflow/.local/lib/python3.8/site-packages/airflow/example_dags/tutorial.py took 0.075 seconds
[2026-04-08T10:45:32.357+0000] {processor.py:161} INFO - Started process (PID=2168) to work on /home/airflow/.local/lib/python3.8/site-packages/airflow/example_dags/tutorial.py
[2026-04-08T10:45:32.358+0000] {processor.py:830} INFO - Processing file /home/airflow/.local/lib/python3.8/site-packages/airflow/example_dags/tutorial.py for tasks to queue
[2026-04-08T10:45:32.362+0000] {logging_mixin.py:188} INFO - [2026-04-08T10:45:32.362+0000] {dagbag.py:538} INFO - Filling up the DagBag from /home/airflow/.local/lib/python3.8/site-packages/airflow/example_dags/tutorial.py
[2026-04-08T10:45:32.369+0000] {processor.py:840} INFO - DAG(s) 'tutorial' retrieved from /home/airflow/.local/lib/python3.8/site-packages/airflow/example_dags/tutorial.py
[2026-04-08T10:45:32.402+0000] {logging_mixin.py:188} INFO - [2026-04-08T10:45:32.401+0000] {dag.py:3033} INFO - Sync 1 DAGs
[2026-04-08T10:45:32.425+0000] {logging_mixin.py:188} INFO - [2026-04-08T10:45:32.424+0000] {dag.py:3820} INFO - Setting next_dagrun for tutorial to 2026-04-07T00:00:00+00:00, run_after=2026-04-08T00:00:00+00:00
[2026-04-08T10:45:32.442+0000] {processor.py:183} INFO - Processing /home/airflow/.local/lib/python3.8/site-packages/airflow/example_dags/tutorial.py took 0.092 seconds
[2026-04-08T10:46:02.549+0000] {processor.py:161} INFO - Started process (PID=2226) to work on /home/airflow/.local/lib/python3.8/site-packages/airflow/example_dags/tutorial.py
[2026-04-08T10:46:02.550+0000] {processor.py:830} INFO - Processing file /home/airflow/.local/lib/python3.8/site-packages/airflow/example_dags/tutorial.py for tasks to queue
[2026-04-08T10:46:02.552+0000] {logging_mixin.py:188} INFO - [2026-04-08T10:46:02.552+0000] {dagbag.py:538} INFO - Filling up the DagBag from /home/airflow/.local/lib/python3.8/site-packages/airflow/example_dags/tutorial.py
[2026-04-08T10:46:02.559+0000] {processor.py:840} INFO - DAG(s) 'tutorial' retrieved from /home/airflow/.local/lib/python3.8/site-packages/airflow/example_dags/tutorial.py
[2026-04-08T10:46:02.580+0000] {logging_mixin.py:188} INFO - [2026-04-08T10:46:02.580+0000] {dag.py:3033} INFO - Sync 1 DAGs
[2026-04-08T10:46:02.604+0000] {logging_mixin.py:188} INFO - [2026-04-08T10:46:02.604+0000] {dag.py:3820} INFO - Setting next_dagrun for tutorial to 2026-04-07T00:00:00+00:00, run_after=2026-04-08T00:00:00+00:00
[2026-04-08T10:46:02.625+0000] {processor.py:183} INFO - Processing /home/airflow/.local/lib/python3.8/site-packages/airflow/example_dags/tutorial.py took 0.080 seconds
[2026-04-08T10:46:32.799+0000] {processor.py:161} INFO - Started process (PID=2283) to work on /home/airflow/.local/lib/python3.8/site-packages/airflow/example_dags/tutorial.py
[2026-04-08T10:46:32.800+0000] {processor.py:830} INFO - Processing file /home/airflow/.local/lib/python3.8/site-packages/airflow/example_dags/tutorial.py for tasks to queue
[2026-04-08T10:46:32.802+0000] {logging_mixin.py:188} INFO - [2026-04-08T10:46:32.802+0000] {dagbag.py:538} INFO - Filling up the DagBag from /home/airflow/.local/lib/python3.8/site-packages/airflow/example_dags/tutorial.py
[2026-04-08T10:46:32.808+0000] {processor.py:840} INFO - DAG(s) 'tutorial' retrieved from /home/airflow/.local/lib/python3.8/site-packages/airflow/example_dags/tutorial.py
[2026-04-08T10:46:32.830+0000] {logging_mixin.py:188} INFO - [2026-04-08T10:46:32.830+0000] {dag.py:3033} INFO - Sync 1 DAGs
[2026-04-08T10:46:32.854+0000] {logging_mixin.py:188} INFO - [2026-04-08T10:46:32.854+0000] {dag.py:3820} INFO - Setting next_dagrun for tutorial to 2026-04-07T00:00:00+00:00, run_after=2026-04-08T00:00:00+00:00
[2026-04-08T10:46:32.873+0000] {processor.py:183} INFO - Processing /home/airflow/.local/lib/python3.8/site-packages/airflow/example_dags/tutorial.py took 0.077 seconds
[2026-04-08T10:47:03.154+0000] {processor.py:161} INFO - Started process (PID=2340) to work on /home/airflow/.local/lib/python3.8/site-packages/airflow/example_dags/tutorial.py
[2026-04-08T10:47:03.155+0000] {processor.py:830} INFO - Processing file /home/airflow/.local/lib/python3.8/site-packages/airflow/example_dags/tutorial.py for tasks to queue
[2026-04-08T10:47:03.158+0000] {logging_mixin.py:188} INFO - [2026-04-08T10:47:03.157+0000] {dagbag.py:538} INFO - Filling up the DagBag from /home/airflow/.local/lib/python3.8/site-packages/airflow/example_dags/tutorial.py
[2026-04-08T10:47:03.164+0000] {processor.py:840} INFO - DAG(s) 'tutorial' retrieved from /home/airflow/.local/lib/python3.8/site-packages/airflow/example_dags/tutorial.py
[2026-04-08T10:47:03.188+0000] {logging_mixin.py:188} INFO - [2026-04-08T10:47:03.188+0000] {dag.py:3033} INFO - Sync 1 DAGs
[2026-04-08T10:47:03.211+0000] {logging_mixin.py:188} INFO - [2026-04-08T10:47:03.211+0000] {dag.py:3820} INFO - Setting next_dagrun for tutorial to 2026-04-07T00:00:00+00:00, run_after=2026-04-08T00:00:00+00:00
[2026-04-08T10:47:03.229+0000] {processor.py:183} INFO - Processing /home/airflow/.local/lib/python3.8/site-packages/airflow/example_dags/tutorial.py took 0.079 seconds
[2026-04-08T10:47:33.593+0000] {processor.py:161} INFO - Started process (PID=2396) to work on /home/airflow/.local/lib/python3.8/site-packages/airflow/example_dags/tutorial.py
[2026-04-08T10:47:33.593+0000] {processor.py:830} INFO - Processing file /home/airflow/.local/lib/python3.8/site-packages/airflow/example_dags/tutorial.py for tasks to queue
[2026-04-08T10:47:33.596+0000] {logging_mixin.py:188} INFO - [2026-04-08T10:47:33.595+0000] {dagbag.py:538} INFO - Filling up the DagBag from /home/airflow/.local/lib/python3.8/site-packages/airflow/example_dags/tutorial.py
[2026-04-08T10:47:33.602+0000] {processor.py:840} INFO - DAG(s) 'tutorial' retrieved from /home/airflow/.local/lib/python3.8/site-packages/airflow/example_dags/tutorial.py
[2026-04-08T10:47:33.622+0000] {logging_mixin.py:188} INFO - [2026-04-08T10:47:33.621+0000] {dag.py:3033} INFO - Sync 1 DAGs
[2026-04-08T10:47:33.645+0000] {logging_mixin.py:188} INFO - [2026-04-08T10:47:33.645+0000] {dag.py:3820} INFO - Setting next_dagrun for tutorial to 2026-04-07T00:00:00+00:00, run_after=2026-04-08T00:00:00+00:00
[2026-04-08T10:47:33.668+0000] {processor.py:183} INFO - Processing /home/airflow/.local/lib/python3.8/site-packages/airflow/example_dags/tutorial.py took 0.079 seconds
[2026-04-08T10:48:04.127+0000] {processor.py:161} INFO - Started process (PID=2453) to work on /home/airflow/.local/lib/python3.8/site-packages/airflow/example_dags/tutorial.py
[2026-04-08T10:48:04.129+0000] {processor.py:830} INFO - Processing file /home/airflow/.local/lib/python3.8/site-packages/airflow/example_dags/tutorial.py for tasks to queue
[2026-04-08T10:48:04.134+0000] {logging_mixin.py:188} INFO - [2026-04-08T10:48:04.133+0000] {dagbag.py:538} INFO - Filling up the DagBag from /home/airflow/.local/lib/python3.8/site-packages/airflow/example_dags/tutorial.py
[2026-04-08T10:48:04.146+0000] {processor.py:840} INFO - DAG(s) 'tutorial' retrieved from /home/airflow/.local/lib/python3.8/site-packages/airflow/example_dags/tutorial.py
[2026-04-08T10:48:04.191+0000] {logging_mixin.py:188} INFO - [2026-04-08T10:48:04.191+0000] {dag.py:3033} INFO - Sync 1 DAGs
[2026-04-08T10:48:04.239+0000] {logging_mixin.py:188} INFO - [2026-04-08T10:48:04.239+0000] {dag.py:3820} INFO - Setting next_dagrun for tutorial to 2026-04-07T00:00:00+00:00, run_after=2026-04-08T00:00:00+00:00
[2026-04-08T10:48:04.269+0000] {processor.py:183} INFO - Processing /home/airflow/.local/lib/python3.8/site-packages/airflow/example_dags/tutorial.py took 0.150 seconds
[2026-04-08T10:48:35.045+0000] {processor.py:161} INFO - Started process (PID=2510) to work on /home/airflow/.local/lib/python3.8/site-packages/airflow/example_dags/tutorial.py
[2026-04-08T10:48:35.048+0000] {processor.py:830} INFO - Processing file /home/airflow/.local/lib/python3.8/site-packages/airflow/example_dags/tutorial.py for tasks to queue
[2026-04-08T10:48:35.053+0000] {logging_mixin.py:188} INFO - [2026-04-08T10:48:35.052+0000] {dagbag.py:538} INFO - Filling up the DagBag from /home/airflow/.local/lib/python3.8/site-packages/airflow/example_dags/tutorial.py
[2026-04-08T10:48:35.070+0000] {processor.py:840} INFO - DAG(s) 'tutorial' retrieved from /home/airflow/.local/lib/python3.8/site-packages/airflow/example_dags/tutorial.py
[2026-04-08T10:48:35.116+0000] {logging_mixin.py:188} INFO - [2026-04-08T10:48:35.116+0000] {dag.py:3033} INFO - Sync 1 DAGs
[2026-04-08T10:48:35.144+0000] {logging_mixin.py:188} INFO - [2026-04-08T10:48:35.144+0000] {dag.py:3820} INFO - Setting next_dagrun for tutorial to 2026-04-07T00:00:00+00:00, run_after=2026-04-08T00:00:00+00:00
[2026-04-08T10:48:35.167+0000] {processor.py:183} INFO - Processing /home/airflow/.local/lib/python3.8/site-packages/airflow/example_dags/tutorial.py took 0.132 seconds
[2026-04-08T10:49:05.685+0000] {processor.py:161} INFO - Started process (PID=2567) to work on /home/airflow/.local/lib/python3.8/site-packages/airflow/example_dags/tutorial.py
[2026-04-08T10:49:05.686+0000] {processor.py:830} INFO - Processing file /home/airflow/.local/lib/python3.8/site-packages/airflow/example_dags/tutorial.py for tasks to queue
[2026-04-08T10:49:05.689+0000] {logging_mixin.py:188} INFO - [2026-04-08T10:49:05.688+0000] {dagbag.py:538} INFO - Filling up the DagBag from /home/airflow/.local/lib/python3.8/site-packages/airflow/example_dags/tutorial.py
[2026-04-08T10:49:05.695+0000] {processor.py:840} INFO - DAG(s) 'tutorial' retrieved from /home/airflow/.local/lib/python3.8/site-packages/airflow/example_dags/tutorial.py
[2026-04-08T10:49:05.717+0000] {logging_mixin.py:188} INFO - [2026-04-08T10:49:05.716+0000] {dag.py:3033} INFO - Sync 1 DAGs
[2026-04-08T10:49:05.934+0000] {logging_mixin.py:188} INFO - [2026-04-08T10:49:05.934+0000] {dag.py:3820} INFO - Setting next_dagrun for tutorial to 2026-04-07T00:00:00+00:00, run_after=2026-04-08T00:00:00+00:00
[2026-04-08T10:49:05.977+0000] {processor.py:183} INFO - Processing /home/airflow/.local/lib/python3.8/site-packages/airflow/example_dags/tutorial.py took 0.295 seconds
[2026-04-08T10:49:37.152+0000] {processor.py:161} INFO - Started process (PID=2624) to work on /home/airflow/.local/lib/python3.8/site-packages/airflow/example_dags/tutorial.py
[2026-04-08T10:49:37.153+0000] {processor.py:830} INFO - Processing file /home/airflow/.local/lib/python3.8/site-packages/airflow/example_dags/tutorial.py for tasks to queue
[2026-04-08T10:49:37.155+0000] {logging_mixin.py:188} INFO - [2026-04-08T10:49:37.155+0000] {dagbag.py:538} INFO - Filling up the DagBag from /home/airflow/.local/lib/python3.8/site-packages/airflow/example_dags/tutorial.py
[2026-04-08T10:49:37.161+0000] {processor.py:840} INFO - DAG(s) 'tutorial' retrieved from /home/airflow/.local/lib/python3.8/site-packages/airflow/example_dags/tutorial.py
[2026-04-08T10:49:37.190+0000] {logging_mixin.py:188} INFO - [2026-04-08T10:49:37.190+0000] {dag.py:3033} INFO - Sync 1 DAGs
[2026-04-08T10:49:37.370+0000] {logging_mixin.py:188} INFO - [2026-04-08T10:49:37.370+0000] {dag.py:3820} INFO - Setting next_dagrun for tutorial to 2026-04-07T00:00:00+00:00, run_after=2026-04-08T00:00:00+00:00
[2026-04-08T10:49:37.388+0000] {processor.py:183} INFO - Processing /home/airflow/.local/lib/python3.8/site-packages/airflow/example_dags/tutorial.py took 0.239 seconds
[2026-04-08T10:50:07.419+0000] {processor.py:161} INFO - Started process (PID=2681) to work on /home/airflow/.local/lib/python3.8/site-packages/airflow/example_dags/tutorial.py
[2026-04-08T10:50:07.420+0000] {processor.py:830} INFO - Processing file /home/airflow/.local/lib/python3.8/site-packages/airflow/example_dags/tutorial.py for tasks to queue
[2026-04-08T10:50:07.424+0000] {logging_mixin.py:188} INFO - [2026-04-08T10:50:07.423+0000] {dagbag.py:538} INFO - Filling up the DagBag from /home/airflow/.local/lib/python3.8/site-packages/airflow/example_dags/tutorial.py
[2026-04-08T10:50:07.433+0000] {processor.py:840} INFO - DAG(s) 'tutorial' retrieved from /home/airflow/.local/lib/python3.8/site-packages/airflow/example_dags/tutorial.py
[2026-04-08T10:50:07.461+0000] {logging_mixin.py:188} INFO - [2026-04-08T10:50:07.460+0000] {dag.py:3033} INFO - Sync 1 DAGs
[2026-04-08T10:50:07.657+0000] {logging_mixin.py:188} INFO - [2026-04-08T10:50:07.656+0000] {dag.py:3820} INFO - Setting next_dagrun for tutorial to 2026-04-07T00:00:00+00:00, run_after=2026-04-08T00:00:00+00:00
[2026-04-08T10:50:07.673+0000] {processor.py:183} INFO - Processing /home/airflow/.local/lib/python3.8/site-packages/airflow/example_dags/tutorial.py took 0.259 seconds
[2026-04-08T10:50:38.068+0000] {processor.py:161} INFO - Started process (PID=2739) to work on /home/airflow/.local/lib/python3.8/site-packages/airflow/example_dags/tutorial.py
[2026-04-08T10:50:38.069+0000] {processor.py:830} INFO - Processing file /home/airflow/.local/lib/python3.8/site-packages/airflow/example_dags/tutorial.py for tasks to queue
[2026-04-08T10:50:38.073+0000] {logging_mixin.py:188} INFO - [2026-04-08T10:50:38.072+0000] {dagbag.py:538} INFO - Filling up the DagBag from /home/airflow/.local/lib/python3.8/site-packages/airflow/example_dags/tutorial.py
[2026-04-08T10:50:38.080+0000] {processor.py:840} INFO - DAG(s) 'tutorial' retrieved from /home/airflow/.local/lib/python3.8/site-packages/airflow/example_dags/tutorial.py
[2026-04-08T10:50:38.102+0000] {logging_mixin.py:188} INFO - [2026-04-08T10:50:38.102+0000] {dag.py:3033} INFO - Sync 1 DAGs
[2026-04-08T10:50:38.126+0000] {logging_mixin.py:188} INFO - [2026-04-08T10:50:38.126+0000] {dag.py:3820} INFO - Setting next_dagrun for tutorial to 2026-04-07T00:00:00+00:00, run_after=2026-04-08T00:00:00+00:00
[2026-04-08T10:50:38.143+0000] {processor.py:183} INFO - Processing /home/airflow/.local/lib/python3.8/site-packages/airflow/example_dags/tutorial.py took 0.078 seconds
[2026-04-08T10:51:09.107+0000] {processor.py:161} INFO - Started process (PID=2796) to work on /home/airflow/.local/lib/python3.8/site-packages/airflow/example_dags/tutorial.py
[2026-04-08T10:51:09.108+0000] {processor.py:830} INFO - Processing file /home/airflow/.local/lib/python3.8/site-packages/airflow/example_dags/tutorial.py for tasks to queue
[2026-04-08T10:51:09.111+0000] {logging_mixin.py:188} INFO - [2026-04-08T10:51:09.110+0000] {dagbag.py:538} INFO - Filling up the DagBag from /home/airflow/.local/lib/python3.8/site-packages/airflow/example_dags/tutorial.py
[2026-04-08T10:51:09.117+0000] {processor.py:840} INFO - DAG(s) 'tutorial' retrieved from /home/airflow/.local/lib/python3.8/site-packages/airflow/example_dags/tutorial.py
[2026-04-08T10:51:09.138+0000] {logging_mixin.py:188} INFO - [2026-04-08T10:51:09.138+0000] {dag.py:3033} INFO - Sync 1 DAGs
[2026-04-08T10:51:09.161+0000] {logging_mixin.py:188} INFO - [2026-04-08T10:51:09.161+0000] {dag.py:3820} INFO - Setting next_dagrun for tutorial to 2026-04-07T00:00:00+00:00, run_after=2026-04-08T00:00:00+00:00
[2026-04-08T10:51:09.181+0000] {processor.py:183} INFO - Processing /home/airflow/.local/lib/python3.8/site-packages/airflow/example_dags/tutorial.py took 0.081 seconds
[2026-04-08T10:51:39.294+0000] {processor.py:161} INFO - Started process (PID=2853) to work on /home/airflow/.local/lib/python3.8/site-packages/airflow/example_dags/tutorial.py
[2026-04-08T10:51:39.295+0000] {processor.py:830} INFO - Processing file /home/airflow/.local/lib/python3.8/site-packages/airflow/example_dags/tutorial.py for tasks to queue
[2026-04-08T10:51:39.297+0000] {logging_mixin.py:188} INFO - [2026-04-08T10:51:39.297+0000] {dagbag.py:538} INFO - Filling up the DagBag from /home/airflow/.local/lib/python3.8/site-packages/airflow/example_dags/tutorial.py
[2026-04-08T10:51:39.304+0000] {processor.py:840} INFO - DAG(s) 'tutorial' retrieved from /home/airflow/.local/lib/python3.8/site-packages/airflow/example_dags/tutorial.py
[2026-04-08T10:51:39.325+0000] {logging_mixin.py:188} INFO - [2026-04-08T10:51:39.325+0000] {dag.py:3033} INFO - Sync 1 DAGs
[2026-04-08T10:51:39.349+0000] {logging_mixin.py:188} INFO - [2026-04-08T10:51:39.349+0000] {dag.py:3820} INFO - Setting next_dagrun for tutorial to 2026-04-07T00:00:00+00:00, run_after=2026-04-08T00:00:00+00:00
[2026-04-08T10:51:39.365+0000] {processor.py:183} INFO - Processing /home/airflow/.local/lib/python3.8/site-packages/airflow/example_dags/tutorial.py took 0.075 seconds
[2026-04-08T10:52:10.509+0000] {processor.py:161} INFO - Started process (PID=2910) to work on /home/airflow/.local/lib/python3.8/site-packages/airflow/example_dags/tutorial.py
[2026-04-08T10:52:10.518+0000] {processor.py:830} INFO - Processing file /home/airflow/.local/lib/python3.8/site-packages/airflow/example_dags/tutorial.py for tasks to queue
[2026-04-08T10:52:10.523+0000] {logging_mixin.py:188} INFO - [2026-04-08T10:52:10.522+0000] {dagbag.py:538} INFO - Filling up the DagBag from /home/airflow/.local/lib/python3.8/site-packages/airflow/example_dags/tutorial.py
[2026-04-08T10:52:10.533+0000] {processor.py:840} INFO - DAG(s) 'tutorial' retrieved from /home/airflow/.local/lib/python3.8/site-packages/airflow/example_dags/tutorial.py
[2026-04-08T10:52:10.570+0000] {logging_mixin.py:188} INFO - [2026-04-08T10:52:10.569+0000] {dag.py:3033} INFO - Sync 1 DAGs
[2026-04-08T10:52:10.615+0000] {logging_mixin.py:188} INFO - [2026-04-08T10:52:10.615+0000] {dag.py:3820} INFO - Setting next_dagrun for tutorial to 2026-04-07T00:00:00+00:00, run_after=2026-04-08T00:00:00+00:00
[2026-04-08T10:52:10.647+0000] {processor.py:183} INFO - Processing /home/airflow/.local/lib/python3.8/site-packages/airflow/example_dags/tutorial.py took 0.150 seconds
[2026-04-08T10:52:40.717+0000] {processor.py:161} INFO - Started process (PID=2967) to work on /home/airflow/.local/lib/python3.8/site-packages/airflow/example_dags/tutorial.py
[2026-04-08T10:52:40.718+0000] {processor.py:830} INFO - Processing file /home/airflow/.local/lib/python3.8/site-packages/airflow/example_dags/tutorial.py for tasks to queue
[2026-04-08T10:52:40.721+0000] {logging_mixin.py:188} INFO - [2026-04-08T10:52:40.720+0000] {dagbag.py:538} INFO - Filling up the DagBag from /home/airflow/.local/lib/python3.8/site-packages/airflow/example_dags/tutorial.py
[2026-04-08T10:52:40.729+0000] {processor.py:840} INFO - DAG(s) 'tutorial' retrieved from /home/airflow/.local/lib/python3.8/site-packages/airflow/example_dags/tutorial.py
[2026-04-08T10:52:40.755+0000] {logging_mixin.py:188} INFO - [2026-04-08T10:52:40.755+0000] {dag.py:3033} INFO - Sync 1 DAGs
[2026-04-08T10:52:40.780+0000] {logging_mixin.py:188} INFO - [2026-04-08T10:52:40.780+0000] {dag.py:3820} INFO - Setting next_dagrun for tutorial to 2026-04-07T00:00:00+00:00, run_after=2026-04-08T00:00:00+00:00
[2026-04-08T10:52:40.812+0000] {processor.py:183} INFO - Processing /home/airflow/.local/lib/python3.8/site-packages/airflow/example_dags/tutorial.py took 0.097 seconds
[2026-04-08T10:53:11.734+0000] {processor.py:161} INFO - Started process (PID=3024) to work on /home/airflow/.local/lib/python3.8/site-packages/airflow/example_dags/tutorial.py
[2026-04-08T10:53:11.735+0000] {processor.py:830} INFO - Processing file /home/airflow/.local/lib/python3.8/site-packages/airflow/example_dags/tutorial.py for tasks to queue
[2026-04-08T10:53:11.741+0000] {logging_mixin.py:188} INFO - [2026-04-08T10:53:11.740+0000] {dagbag.py:538} INFO - Filling up the DagBag from /home/airflow/.local/lib/python3.8/site-packages/airflow/example_dags/tutorial.py
[2026-04-08T10:53:11.755+0000] {processor.py:840} INFO - DAG(s) 'tutorial' retrieved from /home/airflow/.local/lib/python3.8/site-packages/airflow/example_dags/tutorial.py
[2026-04-08T10:53:11.776+0000] {logging_mixin.py:188} INFO - [2026-04-08T10:53:11.776+0000] {dag.py:3033} INFO - Sync 1 DAGs
[2026-04-08T10:53:11.799+0000] {logging_mixin.py:188} INFO - [2026-04-08T10:53:11.799+0000] {dag.py:3820} INFO - Setting next_dagrun for tutorial to 2026-04-07T00:00:00+00:00, run_after=2026-04-08T00:00:00+00:00
[2026-04-08T10:53:11.817+0000] {processor.py:183} INFO - Processing /home/airflow/.local/lib/python3.8/site-packages/airflow/example_dags/tutorial.py took 0.087 seconds
[2026-04-08T10:53:42.603+0000] {processor.py:161} INFO - Started process (PID=3081) to work on /home/airflow/.local/lib/python3.8/site-packages/airflow/example_dags/tutorial.py
[2026-04-08T10:53:42.603+0000] {processor.py:830} INFO - Processing file /home/airflow/.local/lib/python3.8/site-packages/airflow/example_dags/tutorial.py for tasks to queue
[2026-04-08T10:53:42.606+0000] {logging_mixin.py:188} INFO - [2026-04-08T10:53:42.606+0000] {dagbag.py:538} INFO - Filling up the DagBag from /home/airflow/.local/lib/python3.8/site-packages/airflow/example_dags/tutorial.py
[2026-04-08T10:53:42.615+0000] {processor.py:840} INFO - DAG(s) 'tutorial' retrieved from /home/airflow/.local/lib/python3.8/site-packages/airflow/example_dags/tutorial.py
[2026-04-08T10:53:42.638+0000] {logging_mixin.py:188} INFO - [2026-04-08T10:53:42.638+0000] {dag.py:3033} INFO - Sync 1 DAGs
[2026-04-08T10:53:42.660+0000] {logging_mixin.py:188} INFO - [2026-04-08T10:53:42.660+0000] {dag.py:3820} INFO - Setting next_dagrun for tutorial to 2026-04-07T00:00:00+00:00, run_after=2026-04-08T00:00:00+00:00
[2026-04-08T10:53:42.678+0000] {processor.py:183} INFO - Processing /home/airflow/.local/lib/python3.8/site-packages/airflow/example_dags/tutorial.py took 0.079 seconds
[2026-04-08T10:54:13.518+0000] {processor.py:161} INFO - Started process (PID=3138) to work on /home/airflow/.local/lib/python3.8/site-packages/airflow/example_dags/tutorial.py
[2026-04-08T10:54:13.519+0000] {processor.py:830} INFO - Processing file /home/airflow/.local/lib/python3.8/site-packages/airflow/example_dags/tutorial.py for tasks to queue
[2026-04-08T10:54:13.521+0000] {logging_mixin.py:188} INFO - [2026-04-08T10:54:13.521+0000] {dagbag.py:538} INFO - Filling up the DagBag from /home/airflow/.local/lib/python3.8/site-packages/airflow/example_dags/tutorial.py
[2026-04-08T10:54:13.527+0000] {processor.py:840} INFO - DAG(s) 'tutorial' retrieved from /home/airflow/.local/lib/python3.8/site-packages/airflow/example_dags/tutorial.py
[2026-04-08T10:54:13.548+0000] {logging_mixin.py:188} INFO - [2026-04-08T10:54:13.548+0000] {dag.py:3033} INFO - Sync 1 DAGs
[2026-04-08T10:54:13.576+0000] {logging_mixin.py:188} INFO - [2026-04-08T10:54:13.575+0000] {dag.py:3820} INFO - Setting next_dagrun for tutorial to 2026-04-07T00:00:00+00:00, run_after=2026-04-08T00:00:00+00:00
[2026-04-08T10:54:13.594+0000] {processor.py:183} INFO - Processing /home/airflow/.local/lib/python3.8/site-packages/airflow/example_dags/tutorial.py took 0.079 seconds
[2026-04-08T10:54:43.709+0000] {processor.py:161} INFO - Started process (PID=3195) to work on /home/airflow/.local/lib/python3.8/site-packages/airflow/example_dags/tutorial.py
[2026-04-08T10:54:43.710+0000] {processor.py:830} INFO - Processing file /home/airflow/.local/lib/python3.8/site-packages/airflow/example_dags/tutorial.py for tasks to queue
[2026-04-08T10:54:43.713+0000] {logging_mixin.py:188} INFO - [2026-04-08T10:54:43.712+0000] {dagbag.py:538} INFO - Filling up the DagBag from /home/airflow/.local/lib/python3.8/site-packages/airflow/example_dags/tutorial.py
[2026-04-08T10:54:43.719+0000] {processor.py:840} INFO - DAG(s) 'tutorial' retrieved from /home/airflow/.local/lib/python3.8/site-packages/airflow/example_dags/tutorial.py
[2026-04-08T10:54:43.742+0000] {logging_mixin.py:188} INFO - [2026-04-08T10:54:43.742+0000] {dag.py:3033} INFO - Sync 1 DAGs
[2026-04-08T10:54:43.767+0000] {logging_mixin.py:188} INFO - [2026-04-08T10:54:43.767+0000] {dag.py:3820} INFO - Setting next_dagrun for tutorial to 2026-04-07T00:00:00+00:00, run_after=2026-04-08T00:00:00+00:00
[2026-04-08T10:54:43.863+0000] {processor.py:183} INFO - Processing /home/airflow/.local/lib/python3.8/site-packages/airflow/example_dags/tutorial.py took 0.157 seconds
[2026-04-08T10:55:14.704+0000] {processor.py:161} INFO - Started process (PID=3252) to work on /home/airflow/.local/lib/python3.8/site-packages/airflow/example_dags/tutorial.py
[2026-04-08T10:55:14.705+0000] {processor.py:830} INFO - Processing file /home/airflow/.local/lib/python3.8/site-packages/airflow/example_dags/tutorial.py for tasks to queue
[2026-04-08T10:55:14.707+0000] {logging_mixin.py:188} INFO - [2026-04-08T10:55:14.707+0000] {dagbag.py:538} INFO - Filling up the DagBag from /home/airflow/.local/lib/python3.8/site-packages/airflow/example_dags/tutorial.py
[2026-04-08T10:55:14.713+0000] {processor.py:840} INFO - DAG(s) 'tutorial' retrieved from /home/airflow/.local/lib/python3.8/site-packages/airflow/example_dags/tutorial.py
[2026-04-08T10:55:14.736+0000] {logging_mixin.py:188} INFO - [2026-04-08T10:55:14.736+0000] {dag.py:3033} INFO - Sync 1 DAGs
[2026-04-08T10:55:14.760+0000] {logging_mixin.py:188} INFO - [2026-04-08T10:55:14.759+0000] {dag.py:3820} INFO - Setting next_dagrun for tutorial to 2026-04-07T00:00:00+00:00, run_after=2026-04-08T00:00:00+00:00
[2026-04-08T10:55:14.778+0000] {processor.py:183} INFO - Processing /home/airflow/.local/lib/python3.8/site-packages/airflow/example_dags/tutorial.py took 0.077 seconds
[2026-04-08T10:55:45.174+0000] {processor.py:161} INFO - Started process (PID=3309) to work on /home/airflow/.local/lib/python3.8/site-packages/airflow/example_dags/tutorial.py
[2026-04-08T10:55:45.175+0000] {processor.py:830} INFO - Processing file /home/airflow/.local/lib/python3.8/site-packages/airflow/example_dags/tutorial.py for tasks to queue
[2026-04-08T10:55:45.177+0000] {logging_mixin.py:188} INFO - [2026-04-08T10:55:45.177+0000] {dagbag.py:538} INFO - Filling up the DagBag from /home/airflow/.local/lib/python3.8/site-packages/airflow/example_dags/tutorial.py
[2026-04-08T10:55:45.184+0000] {processor.py:840} INFO - DAG(s) 'tutorial' retrieved from /home/airflow/.local/lib/python3.8/site-packages/airflow/example_dags/tutorial.py
[2026-04-08T10:55:45.206+0000] {logging_mixin.py:188} INFO - [2026-04-08T10:55:45.206+0000] {dag.py:3033} INFO - Sync 1 DAGs
[2026-04-08T10:55:45.229+0000] {logging_mixin.py:188} INFO - [2026-04-08T10:55:45.229+0000] {dag.py:3820} INFO - Setting next_dagrun for tutorial to 2026-04-07T00:00:00+00:00, run_after=2026-04-08T00:00:00+00:00
[2026-04-08T10:55:45.246+0000] {processor.py:183} INFO - Processing /home/airflow/.local/lib/python3.8/site-packages/airflow/example_dags/tutorial.py took 0.077 seconds
[2026-04-08T10:56:15.994+0000] {processor.py:161} INFO - Started process (PID=3366) to work on /home/airflow/.local/lib/python3.8/site-packages/airflow/example_dags/tutorial.py
[2026-04-08T10:56:15.995+0000] {processor.py:830} INFO - Processing file /home/airflow/.local/lib/python3.8/site-packages/airflow/example_dags/tutorial.py for tasks to queue
[2026-04-08T10:56:15.997+0000] {logging_mixin.py:188} INFO - [2026-04-08T10:56:15.997+0000] {dagbag.py:538} INFO - Filling up the DagBag from /home/airflow/.local/lib/python3.8/site-packages/airflow/example_dags/tutorial.py
[2026-04-08T10:56:16.003+0000] {processor.py:840} INFO - DAG(s) 'tutorial' retrieved from /home/airflow/.local/lib/python3.8/site-packages/airflow/example_dags/tutorial.py
[2026-04-08T10:56:16.025+0000] {logging_mixin.py:188} INFO - [2026-04-08T10:56:16.025+0000] {dag.py:3033} INFO - Sync 1 DAGs
[2026-04-08T10:56:16.047+0000] {logging_mixin.py:188} INFO - [2026-04-08T10:56:16.047+0000] {dag.py:3820} INFO - Setting next_dagrun for tutorial to 2026-04-07T00:00:00+00:00, run_after=2026-04-08T00:00:00+00:00
[2026-04-08T10:56:16.064+0000] {processor.py:183} INFO - Processing /home/airflow/.local/lib/python3.8/site-packages/airflow/example_dags/tutorial.py took 0.074 seconds
[2026-04-08T10:56:46.377+0000] {processor.py:161} INFO - Started process (PID=3422) to work on /home/airflow/.local/lib/python3.8/site-packages/airflow/example_dags/tutorial.py
[2026-04-08T10:56:46.379+0000] {processor.py:830} INFO - Processing file /home/airflow/.local/lib/python3.8/site-packages/airflow/example_dags/tutorial.py for tasks to queue
[2026-04-08T10:56:46.382+0000] {logging_mixin.py:188} INFO - [2026-04-08T10:56:46.381+0000] {dagbag.py:538} INFO - Filling up the DagBag from /home/airflow/.local/lib/python3.8/site-packages/airflow/example_dags/tutorial.py
[2026-04-08T10:56:46.389+0000] {processor.py:840} INFO - DAG(s) 'tutorial' retrieved from /home/airflow/.local/lib/python3.8/site-packages/airflow/example_dags/tutorial.py
[2026-04-08T10:56:46.410+0000] {logging_mixin.py:188} INFO - [2026-04-08T10:56:46.410+0000] {dag.py:3033} INFO - Sync 1 DAGs
[2026-04-08T10:56:46.433+0000] {logging_mixin.py:188} INFO - [2026-04-08T10:56:46.433+0000] {dag.py:3820} INFO - Setting next_dagrun for tutorial to 2026-04-07T00:00:00+00:00, run_after=2026-04-08T00:00:00+00:00
[2026-04-08T10:56:46.450+0000] {processor.py:183} INFO - Processing /home/airflow/.local/lib/python3.8/site-packages/airflow/example_dags/tutorial.py took 0.077 seconds
[2026-04-08T10:57:17.598+0000] {processor.py:161} INFO - Started process (PID=3479) to work on /home/airflow/.local/lib/python3.8/site-packages/airflow/example_dags/tutorial.py
[2026-04-08T10:57:17.599+0000] {processor.py:830} INFO - Processing file /home/airflow/.local/lib/python3.8/site-packages/airflow/example_dags/tutorial.py for tasks to queue
[2026-04-08T10:57:17.601+0000] {logging_mixin.py:188} INFO - [2026-04-08T10:57:17.601+0000] {dagbag.py:538} INFO - Filling up the DagBag from /home/airflow/.local/lib/python3.8/site-packages/airflow/example_dags/tutorial.py
[2026-04-08T10:57:17.609+0000] {processor.py:840} INFO - DAG(s) 'tutorial' retrieved from /home/airflow/.local/lib/python3.8/site-packages/airflow/example_dags/tutorial.py
[2026-04-08T10:57:17.630+0000] {logging_mixin.py:188} INFO - [2026-04-08T10:57:17.630+0000] {dag.py:3033} INFO - Sync 1 DAGs
[2026-04-08T10:57:17.654+0000] {logging_mixin.py:188} INFO - [2026-04-08T10:57:17.654+0000] {dag.py:3820} INFO - Setting next_dagrun for tutorial to 2026-04-07T00:00:00+00:00, run_after=2026-04-08T00:00:00+00:00
[2026-04-08T10:57:17.672+0000] {processor.py:183} INFO - Processing /home/airflow/.local/lib/python3.8/site-packages/airflow/example_dags/tutorial.py took 0.077 seconds
[2026-04-08T10:57:48.431+0000] {processor.py:161} INFO - Started process (PID=3536) to work on /home/airflow/.local/lib/python3.8/site-packages/airflow/example_dags/tutorial.py
[2026-04-08T10:57:48.437+0000] {processor.py:830} INFO - Processing file /home/airflow/.local/lib/python3.8/site-packages/airflow/example_dags/tutorial.py for tasks to queue
[2026-04-08T10:57:48.445+0000] {logging_mixin.py:188} INFO - [2026-04-08T10:57:48.444+0000] {dagbag.py:538} INFO - Filling up the DagBag from /home/airflow/.local/lib/python3.8/site-packages/airflow/example_dags/tutorial.py
[2026-04-08T10:57:48.470+0000] {processor.py:840} INFO - DAG(s) 'tutorial' retrieved from /home/airflow/.local/lib/python3.8/site-packages/airflow/example_dags/tutorial.py
[2026-04-08T10:57:48.537+0000] {logging_mixin.py:188} INFO - [2026-04-08T10:57:48.536+0000] {dag.py:3033} INFO - Sync 1 DAGs
[2026-04-08T10:57:48.599+0000] {logging_mixin.py:188} INFO - [2026-04-08T10:57:48.599+0000] {dag.py:3820} INFO - Setting next_dagrun for tutorial to 2026-04-07T00:00:00+00:00, run_after=2026-04-08T00:00:00+00:00
[2026-04-08T10:57:48.640+0000] {processor.py:183} INFO - Processing /home/airflow/.local/lib/python3.8/site-packages/airflow/example_dags/tutorial.py took 0.227 seconds
[2026-04-08T10:58:18.735+0000] {processor.py:161} INFO - Started process (PID=3593) to work on /home/airflow/.local/lib/python3.8/site-packages/airflow/example_dags/tutorial.py
[2026-04-08T10:58:18.735+0000] {processor.py:830} INFO - Processing file /home/airflow/.local/lib/python3.8/site-packages/airflow/example_dags/tutorial.py for tasks to queue
[2026-04-08T10:58:18.738+0000] {logging_mixin.py:188} INFO - [2026-04-08T10:58:18.737+0000] {dagbag.py:538} INFO - Filling up the DagBag from /home/airflow/.local/lib/python3.8/site-packages/airflow/example_dags/tutorial.py
[2026-04-08T10:58:18.751+0000] {processor.py:840} INFO - DAG(s) 'tutorial' retrieved from /home/airflow/.local/lib/python3.8/site-packages/airflow/example_dags/tutorial.py
[2026-04-08T10:58:18.777+0000] {logging_mixin.py:188} INFO - [2026-04-08T10:58:18.777+0000] {dag.py:3033} INFO - Sync 1 DAGs
[2026-04-08T10:58:18.800+0000] {logging_mixin.py:188} INFO - [2026-04-08T10:58:18.800+0000] {dag.py:3820} INFO - Setting next_dagrun for tutorial to 2026-04-07T00:00:00+00:00, run_after=2026-04-08T00:00:00+00:00
[2026-04-08T10:58:18.818+0000] {processor.py:183} INFO - Processing /home/airflow/.local/lib/python3.8/site-packages/airflow/example_dags/tutorial.py took 0.087 seconds
[2026-04-08T10:58:50.570+0000] {processor.py:161} INFO - Started process (PID=3650) to work on /home/airflow/.local/lib/python3.8/site-packages/airflow/example_dags/tutorial.py
[2026-04-08T10:58:50.571+0000] {processor.py:830} INFO - Processing file /home/airflow/.local/lib/python3.8/site-packages/airflow/example_dags/tutorial.py for tasks to queue
[2026-04-08T10:58:50.573+0000] {logging_mixin.py:188} INFO - [2026-04-08T10:58:50.573+0000] {dagbag.py:538} INFO - Filling up the DagBag from /home/airflow/.local/lib/python3.8/site-packages/airflow/example_dags/tutorial.py
[2026-04-08T10:58:50.579+0000] {processor.py:840} INFO - DAG(s) 'tutorial' retrieved from /home/airflow/.local/lib/python3.8/site-packages/airflow/example_dags/tutorial.py
[2026-04-08T10:58:50.600+0000] {logging_mixin.py:188} INFO - [2026-04-08T10:58:50.600+0000] {dag.py:3033} INFO - Sync 1 DAGs
[2026-04-08T10:58:50.623+0000] {logging_mixin.py:188} INFO - [2026-04-08T10:58:50.623+0000] {dag.py:3820} INFO - Setting next_dagrun for tutorial to 2026-04-07T00:00:00+00:00, run_after=2026-04-08T00:00:00+00:00
[2026-04-08T10:58:50.640+0000] {processor.py:183} INFO - Processing /home/airflow/.local/lib/python3.8/site-packages/airflow/example_dags/tutorial.py took 0.074 seconds
[2026-04-08T10:59:21.843+0000] {processor.py:161} INFO - Started process (PID=3707) to work on /home/airflow/.local/lib/python3.8/site-packages/airflow/example_dags/tutorial.py
[2026-04-08T10:59:21.843+0000] {processor.py:830} INFO - Processing file /home/airflow/.local/lib/python3.8/site-packages/airflow/example_dags/tutorial.py for tasks to queue
[2026-04-08T10:59:21.848+0000] {logging_mixin.py:188} INFO - [2026-04-08T10:59:21.848+0000] {dagbag.py:538} INFO - Filling up the DagBag from /home/airflow/.local/lib/python3.8/site-packages/airflow/example_dags/tutorial.py
[2026-04-08T10:59:21.863+0000] {processor.py:840} INFO - DAG(s) 'tutorial' retrieved from /home/airflow/.local/lib/python3.8/site-packages/airflow/example_dags/tutorial.py
[2026-04-08T10:59:21.899+0000] {logging_mixin.py:188} INFO - [2026-04-08T10:59:21.899+0000] {dag.py:3033} INFO - Sync 1 DAGs
[2026-04-08T10:59:21.942+0000] {logging_mixin.py:188} INFO - [2026-04-08T10:59:21.942+0000] {dag.py:3820} INFO - Setting next_dagrun for tutorial to 2026-04-07T00:00:00+00:00, run_after=2026-04-08T00:00:00+00:00
[2026-04-08T10:59:21.973+0000] {processor.py:183} INFO - Processing /home/airflow/.local/lib/python3.8/site-packages/airflow/example_dags/tutorial.py took 0.137 seconds
[2026-04-08T10:59:52.876+0000] {processor.py:161} INFO - Started process (PID=3764) to work on /home/airflow/.local/lib/python3.8/site-packages/airflow/example_dags/tutorial.py
[2026-04-08T10:59:52.878+0000] {processor.py:830} INFO - Processing file /home/airflow/.local/lib/python3.8/site-packages/airflow/example_dags/tutorial.py for tasks to queue
[2026-04-08T10:59:52.880+0000] {logging_mixin.py:188} INFO - [2026-04-08T10:59:52.880+0000] {dagbag.py:538} INFO - Filling up the DagBag from /home/airflow/.local/lib/python3.8/site-packages/airflow/example_dags/tutorial.py
[2026-04-08T10:59:52.887+0000] {processor.py:840} INFO - DAG(s) 'tutorial' retrieved from /home/airflow/.local/lib/python3.8/site-packages/airflow/example_dags/tutorial.py
[2026-04-08T10:59:52.907+0000] {logging_mixin.py:188} INFO - [2026-04-08T10:59:52.907+0000] {dag.py:3033} INFO - Sync 1 DAGs
[2026-04-08T10:59:52.934+0000] {logging_mixin.py:188} INFO - [2026-04-08T10:59:52.934+0000] {dag.py:3820} INFO - Setting next_dagrun for tutorial to 2026-04-07T00:00:00+00:00, run_after=2026-04-08T00:00:00+00:00
[2026-04-08T10:59:52.953+0000] {processor.py:183} INFO - Processing /home/airflow/.local/lib/python3.8/site-packages/airflow/example_dags/tutorial.py took 0.080 seconds
[2026-04-08T11:00:23.792+0000] {processor.py:161} INFO - Started process (PID=3821) to work on /home/airflow/.local/lib/python3.8/site-packages/airflow/example_dags/tutorial.py
[2026-04-08T11:00:23.796+0000] {processor.py:830} INFO - Processing file /home/airflow/.local/lib/python3.8/site-packages/airflow/example_dags/tutorial.py for tasks to queue
[2026-04-08T11:00:23.800+0000] {logging_mixin.py:188} INFO - [2026-04-08T11:00:23.799+0000] {dagbag.py:538} INFO - Filling up the DagBag from /home/airflow/.local/lib/python3.8/site-packages/airflow/example_dags/tutorial.py
[2026-04-08T11:00:23.815+0000] {processor.py:840} INFO - DAG(s) 'tutorial' retrieved from /home/airflow/.local/lib/python3.8/site-packages/airflow/example_dags/tutorial.py
[2026-04-08T11:00:23.865+0000] {logging_mixin.py:188} INFO - [2026-04-08T11:00:23.864+0000] {dag.py:3033} INFO - Sync 1 DAGs
[2026-04-08T11:00:23.916+0000] {logging_mixin.py:188} INFO - [2026-04-08T11:00:23.916+0000] {dag.py:3820} INFO - Setting next_dagrun for tutorial to 2026-04-07T00:00:00+00:00, run_after=2026-04-08T00:00:00+00:00
[2026-04-08T11:00:23.945+0000] {processor.py:183} INFO - Processing /home/airflow/.local/lib/python3.8/site-packages/airflow/example_dags/tutorial.py took 0.160 seconds
[2026-04-08T11:00:53.983+0000] {processor.py:161} INFO - Started process (PID=3878) to work on /home/airflow/.local/lib/python3.8/site-packages/airflow/example_dags/tutorial.py
[2026-04-08T11:00:53.984+0000] {processor.py:830} INFO - Processing file /home/airflow/.local/lib/python3.8/site-packages/airflow/example_dags/tutorial.py for tasks to queue
[2026-04-08T11:00:53.986+0000] {logging_mixin.py:188} INFO - [2026-04-08T11:00:53.985+0000] {dagbag.py:538} INFO - Filling up the DagBag from /home/airflow/.local/lib/python3.8/site-packages/airflow/example_dags/tutorial.py
[2026-04-08T11:00:53.990+0000] {processor.py:840} INFO - DAG(s) 'tutorial' retrieved from /home/airflow/.local/lib/python3.8/site-packages/airflow/example_dags/tutorial.py
[2026-04-08T11:00:54.006+0000] {logging_mixin.py:188} INFO - [2026-04-08T11:00:54.006+0000] {dag.py:3033} INFO - Sync 1 DAGs
[2026-04-08T11:00:54.022+0000] {logging_mixin.py:188} INFO - [2026-04-08T11:00:54.022+0000] {dag.py:3820} INFO - Setting next_dagrun for tutorial to 2026-04-07T00:00:00+00:00, run_after=2026-04-08T00:00:00+00:00
[2026-04-08T11:00:54.038+0000] {processor.py:183} INFO - Processing /home/airflow/.local/lib/python3.8/site-packages/airflow/example_dags/tutorial.py took 0.057 seconds
[2026-04-08T11:01:24.593+0000] {processor.py:161} INFO - Started process (PID=3935) to work on /home/airflow/.local/lib/python3.8/site-packages/airflow/example_dags/tutorial.py
[2026-04-08T11:01:24.595+0000] {processor.py:830} INFO - Processing file /home/airflow/.local/lib/python3.8/site-packages/airflow/example_dags/tutorial.py for tasks to queue
[2026-04-08T11:01:24.600+0000] {logging_mixin.py:188} INFO - [2026-04-08T11:01:24.599+0000] {dagbag.py:538} INFO - Filling up the DagBag from /home/airflow/.local/lib/python3.8/site-packages/airflow/example_dags/tutorial.py
[2026-04-08T11:01:24.608+0000] {processor.py:840} INFO - DAG(s) 'tutorial' retrieved from /home/airflow/.local/lib/python3.8/site-packages/airflow/example_dags/tutorial.py
[2026-04-08T11:01:24.632+0000] {logging_mixin.py:188} INFO - [2026-04-08T11:01:24.632+0000] {dag.py:3033} INFO - Sync 1 DAGs
[2026-04-08T11:01:24.656+0000] {logging_mixin.py:188} INFO - [2026-04-08T11:01:24.655+0000] {dag.py:3820} INFO - Setting next_dagrun for tutorial to 2026-04-07T00:00:00+00:00, run_after=2026-04-08T00:00:00+00:00
[2026-04-08T11:01:24.673+0000] {processor.py:183} INFO - Processing /home/airflow/.local/lib/python3.8/site-packages/airflow/example_dags/tutorial.py took 0.084 seconds
[2026-04-08T11:01:55.085+0000] {processor.py:161} INFO - Started process (PID=3992) to work on /home/airflow/.local/lib/python3.8/site-packages/airflow/example_dags/tutorial.py
[2026-04-08T11:01:55.088+0000] {processor.py:830} INFO - Processing file /home/airflow/.local/lib/python3.8/site-packages/airflow/example_dags/tutorial.py for tasks to queue
[2026-04-08T11:01:55.090+0000] {logging_mixin.py:188} INFO - [2026-04-08T11:01:55.090+0000] {dagbag.py:538} INFO - Filling up the DagBag from /home/airflow/.local/lib/python3.8/site-packages/airflow/example_dags/tutorial.py
[2026-04-08T11:01:55.097+0000] {processor.py:840} INFO - DAG(s) 'tutorial' retrieved from /home/airflow/.local/lib/python3.8/site-packages/airflow/example_dags/tutorial.py
[2026-04-08T11:01:55.119+0000] {logging_mixin.py:188} INFO - [2026-04-08T11:01:55.119+0000] {dag.py:3033} INFO - Sync 1 DAGs
[2026-04-08T11:01:55.153+0000] {logging_mixin.py:188} INFO - [2026-04-08T11:01:55.149+0000] {dag.py:3820} INFO - Setting next_dagrun for tutorial to 2026-04-07T00:00:00+00:00, run_after=2026-04-08T00:00:00+00:00
[2026-04-08T11:01:55.230+0000] {processor.py:183} INFO - Processing /home/airflow/.local/lib/python3.8/site-packages/airflow/example_dags/tutorial.py took 0.148 seconds
[2026-04-08T11:02:25.832+0000] {processor.py:161} INFO - Started process (PID=4054) to work on /home/airflow/.local/lib/python3.8/site-packages/airflow/example_dags/tutorial.py
[2026-04-08T11:02:25.834+0000] {processor.py:830} INFO - Processing file /home/airflow/.local/lib/python3.8/site-packages/airflow/example_dags/tutorial.py for tasks to queue
[2026-04-08T11:02:25.836+0000] {logging_mixin.py:188} INFO - [2026-04-08T11:02:25.836+0000] {dagbag.py:538} INFO - Filling up the DagBag from /home/airflow/.local/lib/python3.8/site-packages/airflow/example_dags/tutorial.py
[2026-04-08T11:02:25.843+0000] {processor.py:840} INFO - DAG(s) 'tutorial' retrieved from /home/airflow/.local/lib/python3.8/site-packages/airflow/example_dags/tutorial.py
[2026-04-08T11:02:25.864+0000] {logging_mixin.py:188} INFO - [2026-04-08T11:02:25.864+0000] {dag.py:3033} INFO - Sync 1 DAGs
[2026-04-08T11:02:25.889+0000] {logging_mixin.py:188} INFO - [2026-04-08T11:02:25.889+0000] {dag.py:3820} INFO - Setting next_dagrun for tutorial to 2026-04-07T00:00:00+00:00, run_after=2026-04-08T00:00:00+00:00
[2026-04-08T11:02:25.907+0000] {processor.py:183} INFO - Processing /home/airflow/.local/lib/python3.8/site-packages/airflow/example_dags/tutorial.py took 0.078 seconds
[2026-04-08T11:02:56.450+0000] {processor.py:161} INFO - Started process (PID=4111) to work on /home/airflow/.local/lib/python3.8/site-packages/airflow/example_dags/tutorial.py
[2026-04-08T11:02:56.451+0000] {processor.py:830} INFO - Processing file /home/airflow/.local/lib/python3.8/site-packages/airflow/example_dags/tutorial.py for tasks to queue
[2026-04-08T11:02:56.453+0000] {logging_mixin.py:188} INFO - [2026-04-08T11:02:56.453+0000] {dagbag.py:538} INFO - Filling up the DagBag from /home/airflow/.local/lib/python3.8/site-packages/airflow/example_dags/tutorial.py
[2026-04-08T11:02:56.459+0000] {processor.py:840} INFO - DAG(s) 'tutorial' retrieved from /home/airflow/.local/lib/python3.8/site-packages/airflow/example_dags/tutorial.py
[2026-04-08T11:02:56.481+0000] {logging_mixin.py:188} INFO - [2026-04-08T11:02:56.481+0000] {dag.py:3033} INFO - Sync 1 DAGs
[2026-04-08T11:02:56.505+0000] {logging_mixin.py:188} INFO - [2026-04-08T11:02:56.505+0000] {dag.py:3820} INFO - Setting next_dagrun for tutorial to 2026-04-07T00:00:00+00:00, run_after=2026-04-08T00:00:00+00:00
[2026-04-08T11:02:56.524+0000] {processor.py:183} INFO - Processing /home/airflow/.local/lib/python3.8/site-packages/airflow/example_dags/tutorial.py took 0.076 seconds
[2026-04-08T11:03:27.208+0000] {processor.py:161} INFO - Started process (PID=4168) to work on /home/airflow/.local/lib/python3.8/site-packages/airflow/example_dags/tutorial.py
[2026-04-08T11:03:27.208+0000] {processor.py:830} INFO - Processing file /home/airflow/.local/lib/python3.8/site-packages/airflow/example_dags/tutorial.py for tasks to queue
[2026-04-08T11:03:27.210+0000] {logging_mixin.py:188} INFO - [2026-04-08T11:03:27.210+0000] {dagbag.py:538} INFO - Filling up the DagBag from /home/airflow/.local/lib/python3.8/site-packages/airflow/example_dags/tutorial.py
[2026-04-08T11:03:27.217+0000] {processor.py:840} INFO - DAG(s) 'tutorial' retrieved from /home/airflow/.local/lib/python3.8/site-packages/airflow/example_dags/tutorial.py
[2026-04-08T11:03:27.238+0000] {logging_mixin.py:188} INFO - [2026-04-08T11:03:27.238+0000] {dag.py:3033} INFO - Sync 1 DAGs
[2026-04-08T11:03:27.262+0000] {logging_mixin.py:188} INFO - [2026-04-08T11:03:27.262+0000] {dag.py:3820} INFO - Setting next_dagrun for tutorial to 2026-04-07T00:00:00+00:00, run_after=2026-04-08T00:00:00+00:00
[2026-04-08T11:03:27.280+0000] {processor.py:183} INFO - Processing /home/airflow/.local/lib/python3.8/site-packages/airflow/example_dags/tutorial.py took 0.075 seconds
[2026-04-08T11:03:58.152+0000] {processor.py:161} INFO - Started process (PID=4225) to work on /home/airflow/.local/lib/python3.8/site-packages/airflow/example_dags/tutorial.py
[2026-04-08T11:03:58.153+0000] {processor.py:830} INFO - Processing file /home/airflow/.local/lib/python3.8/site-packages/airflow/example_dags/tutorial.py for tasks to queue
[2026-04-08T11:03:58.156+0000] {logging_mixin.py:188} INFO - [2026-04-08T11:03:58.155+0000] {dagbag.py:538} INFO - Filling up the DagBag from /home/airflow/.local/lib/python3.8/site-packages/airflow/example_dags/tutorial.py
[2026-04-08T11:03:58.162+0000] {processor.py:840} INFO - DAG(s) 'tutorial' retrieved from /home/airflow/.local/lib/python3.8/site-packages/airflow/example_dags/tutorial.py
[2026-04-08T11:03:58.185+0000] {logging_mixin.py:188} INFO - [2026-04-08T11:03:58.185+0000] {dag.py:3033} INFO - Sync 1 DAGs
[2026-04-08T11:03:58.209+0000] {logging_mixin.py:188} INFO - [2026-04-08T11:03:58.209+0000] {dag.py:3820} INFO - Setting next_dagrun for tutorial to 2026-04-07T00:00:00+00:00, run_after=2026-04-08T00:00:00+00:00
[2026-04-08T11:03:58.232+0000] {processor.py:183} INFO - Processing /home/airflow/.local/lib/python3.8/site-packages/airflow/example_dags/tutorial.py took 0.082 seconds
[2026-04-08T11:04:29.133+0000] {processor.py:161} INFO - Started process (PID=4283) to work on /home/airflow/.local/lib/python3.8/site-packages/airflow/example_dags/tutorial.py
[2026-04-08T11:04:29.134+0000] {processor.py:830} INFO - Processing file /home/airflow/.local/lib/python3.8/site-packages/airflow/example_dags/tutorial.py for tasks to queue
[2026-04-08T11:04:29.136+0000] {logging_mixin.py:188} INFO - [2026-04-08T11:04:29.135+0000] {dagbag.py:538} INFO - Filling up the DagBag from /home/airflow/.local/lib/python3.8/site-packages/airflow/example_dags/tutorial.py
[2026-04-08T11:04:29.142+0000] {processor.py:840} INFO - DAG(s) 'tutorial' retrieved from /home/airflow/.local/lib/python3.8/site-packages/airflow/example_dags/tutorial.py
[2026-04-08T11:04:29.170+0000] {logging_mixin.py:188} INFO - [2026-04-08T11:04:29.170+0000] {dag.py:3033} INFO - Sync 1 DAGs
[2026-04-08T11:04:29.194+0000] {logging_mixin.py:188} INFO - [2026-04-08T11:04:29.193+0000] {dag.py:3820} INFO - Setting next_dagrun for tutorial to 2026-04-07T00:00:00+00:00, run_after=2026-04-08T00:00:00+00:00
[2026-04-08T11:04:29.210+0000] {processor.py:183} INFO - Processing /home/airflow/.local/lib/python3.8/site-packages/airflow/example_dags/tutorial.py took 0.081 seconds
[2026-04-08T11:04:59.713+0000] {processor.py:161} INFO - Started process (PID=4340) to work on /home/airflow/.local/lib/python3.8/site-packages/airflow/example_dags/tutorial.py
[2026-04-08T11:04:59.714+0000] {processor.py:830} INFO - Processing file /home/airflow/.local/lib/python3.8/site-packages/airflow/example_dags/tutorial.py for tasks to queue
[2026-04-08T11:04:59.717+0000] {logging_mixin.py:188} INFO - [2026-04-08T11:04:59.716+0000] {dagbag.py:538} INFO - Filling up the DagBag from /home/airflow/.local/lib/python3.8/site-packages/airflow/example_dags/tutorial.py
[2026-04-08T11:04:59.727+0000] {processor.py:840} INFO - DAG(s) 'tutorial' retrieved from /home/airflow/.local/lib/python3.8/site-packages/airflow/example_dags/tutorial.py
[2026-04-08T11:04:59.764+0000] {logging_mixin.py:188} INFO - [2026-04-08T11:04:59.764+0000] {dag.py:3033} INFO - Sync 1 DAGs
[2026-04-08T11:04:59.788+0000] {logging_mixin.py:188} INFO - [2026-04-08T11:04:59.788+0000] {dag.py:3820} INFO - Setting next_dagrun for tutorial to 2026-04-07T00:00:00+00:00, run_after=2026-04-08T00:00:00+00:00
[2026-04-08T11:04:59.807+0000] {processor.py:183} INFO - Processing /home/airflow/.local/lib/python3.8/site-packages/airflow/example_dags/tutorial.py took 0.102 seconds
[2026-04-08T11:05:31.110+0000] {processor.py:161} INFO - Started process (PID=4397) to work on /home/airflow/.local/lib/python3.8/site-packages/airflow/example_dags/tutorial.py
[2026-04-08T11:05:31.112+0000] {processor.py:830} INFO - Processing file /home/airflow/.local/lib/python3.8/site-packages/airflow/example_dags/tutorial.py for tasks to queue
[2026-04-08T11:05:31.115+0000] {logging_mixin.py:188} INFO - [2026-04-08T11:05:31.114+0000] {dagbag.py:538} INFO - Filling up the DagBag from /home/airflow/.local/lib/python3.8/site-packages/airflow/example_dags/tutorial.py
[2026-04-08T11:05:31.127+0000] {processor.py:840} INFO - DAG(s) 'tutorial' retrieved from /home/airflow/.local/lib/python3.8/site-packages/airflow/example_dags/tutorial.py
[2026-04-08T11:05:31.187+0000] {logging_mixin.py:188} INFO - [2026-04-08T11:05:31.186+0000] {dag.py:3033} INFO - Sync 1 DAGs
[2026-04-08T11:05:31.264+0000] {logging_mixin.py:188} INFO - [2026-04-08T11:05:31.264+0000] {dag.py:3820} INFO - Setting next_dagrun for tutorial to 2026-04-07T00:00:00+00:00, run_after=2026-04-08T00:00:00+00:00
[2026-04-08T11:05:31.303+0000] {processor.py:183} INFO - Processing /home/airflow/.local/lib/python3.8/site-packages/airflow/example_dags/tutorial.py took 0.200 seconds
[2026-04-08T11:06:01.778+0000] {processor.py:161} INFO - Started process (PID=4454) to work on /home/airflow/.local/lib/python3.8/site-packages/airflow/example_dags/tutorial.py
[2026-04-08T11:06:01.779+0000] {processor.py:830} INFO - Processing file /home/airflow/.local/lib/python3.8/site-packages/airflow/example_dags/tutorial.py for tasks to queue
[2026-04-08T11:06:01.781+0000] {logging_mixin.py:188} INFO - [2026-04-08T11:06:01.781+0000] {dagbag.py:538} INFO - Filling up the DagBag from /home/airflow/.local/lib/python3.8/site-packages/airflow/example_dags/tutorial.py
[2026-04-08T11:06:01.788+0000] {processor.py:840} INFO - DAG(s) 'tutorial' retrieved from /home/airflow/.local/lib/python3.8/site-packages/airflow/example_dags/tutorial.py
[2026-04-08T11:06:01.809+0000] {logging_mixin.py:188} INFO - [2026-04-08T11:06:01.809+0000] {dag.py:3033} INFO - Sync 1 DAGs
[2026-04-08T11:06:01.833+0000] {logging_mixin.py:188} INFO - [2026-04-08T11:06:01.833+0000] {dag.py:3820} INFO - Setting next_dagrun for tutorial to 2026-04-07T00:00:00+00:00, run_after=2026-04-08T00:00:00+00:00
[2026-04-08T11:06:01.851+0000] {processor.py:183} INFO - Processing /home/airflow/.local/lib/python3.8/site-packages/airflow/example_dags/tutorial.py took 0.077 seconds
[2026-04-08T11:06:32.492+0000] {processor.py:161} INFO - Started process (PID=4511) to work on /home/airflow/.local/lib/python3.8/site-packages/airflow/example_dags/tutorial.py
[2026-04-08T11:06:32.493+0000] {processor.py:830} INFO - Processing file /home/airflow/.local/lib/python3.8/site-packages/airflow/example_dags/tutorial.py for tasks to queue
[2026-04-08T11:06:32.495+0000] {logging_mixin.py:188} INFO - [2026-04-08T11:06:32.495+0000] {dagbag.py:538} INFO - Filling up the DagBag from /home/airflow/.local/lib/python3.8/site-packages/airflow/example_dags/tutorial.py
[2026-04-08T11:06:32.501+0000] {processor.py:840} INFO - DAG(s) 'tutorial' retrieved from /home/airflow/.local/lib/python3.8/site-packages/airflow/example_dags/tutorial.py
[2026-04-08T11:06:32.522+0000] {logging_mixin.py:188} INFO - [2026-04-08T11:06:32.522+0000] {dag.py:3033} INFO - Sync 1 DAGs
[2026-04-08T11:06:32.547+0000] {logging_mixin.py:188} INFO - [2026-04-08T11:06:32.547+0000] {dag.py:3820} INFO - Setting next_dagrun for tutorial to 2026-04-07T00:00:00+00:00, run_after=2026-04-08T00:00:00+00:00
[2026-04-08T11:06:32.573+0000] {processor.py:183} INFO - Processing /home/airflow/.local/lib/python3.8/site-packages/airflow/example_dags/tutorial.py took 0.084 seconds
[2026-04-08T11:07:03.553+0000] {processor.py:161} INFO - Started process (PID=4568) to work on /home/airflow/.local/lib/python3.8/site-packages/airflow/example_dags/tutorial.py
[2026-04-08T11:07:03.554+0000] {processor.py:830} INFO - Processing file /home/airflow/.local/lib/python3.8/site-packages/airflow/example_dags/tutorial.py for tasks to queue
[2026-04-08T11:07:03.556+0000] {logging_mixin.py:188} INFO - [2026-04-08T11:07:03.556+0000] {dagbag.py:538} INFO - Filling up the DagBag from /home/airflow/.local/lib/python3.8/site-packages/airflow/example_dags/tutorial.py
[2026-04-08T11:07:03.562+0000] {processor.py:840} INFO - DAG(s) 'tutorial' retrieved from /home/airflow/.local/lib/python3.8/site-packages/airflow/example_dags/tutorial.py
[2026-04-08T11:07:03.583+0000] {logging_mixin.py:188} INFO - [2026-04-08T11:07:03.583+0000] {dag.py:3033} INFO - Sync 1 DAGs
[2026-04-08T11:07:03.607+0000] {logging_mixin.py:188} INFO - [2026-04-08T11:07:03.607+0000] {dag.py:3820} INFO - Setting next_dagrun for tutorial to 2026-04-07T00:00:00+00:00, run_after=2026-04-08T00:00:00+00:00
[2026-04-08T11:07:03.624+0000] {processor.py:183} INFO - Processing /home/airflow/.local/lib/python3.8/site-packages/airflow/example_dags/tutorial.py took 0.075 seconds
[2026-04-08T11:07:34.442+0000] {processor.py:161} INFO - Started process (PID=4625) to work on /home/airflow/.local/lib/python3.8/site-packages/airflow/example_dags/tutorial.py
[2026-04-08T11:07:34.442+0000] {processor.py:830} INFO - Processing file /home/airflow/.local/lib/python3.8/site-packages/airflow/example_dags/tutorial.py for tasks to queue
[2026-04-08T11:07:34.444+0000] {logging_mixin.py:188} INFO - [2026-04-08T11:07:34.444+0000] {dagbag.py:538} INFO - Filling up the DagBag from /home/airflow/.local/lib/python3.8/site-packages/airflow/example_dags/tutorial.py
[2026-04-08T11:07:34.451+0000] {processor.py:840} INFO - DAG(s) 'tutorial' retrieved from /home/airflow/.local/lib/python3.8/site-packages/airflow/example_dags/tutorial.py
[2026-04-08T11:07:34.471+0000] {logging_mixin.py:188} INFO - [2026-04-08T11:07:34.471+0000] {dag.py:3033} INFO - Sync 1 DAGs
[2026-04-08T11:07:34.494+0000] {logging_mixin.py:188} INFO - [2026-04-08T11:07:34.494+0000] {dag.py:3820} INFO - Setting next_dagrun for tutorial to 2026-04-07T00:00:00+00:00, run_after=2026-04-08T00:00:00+00:00
[2026-04-08T11:07:34.512+0000] {processor.py:183} INFO - Processing /home/airflow/.local/lib/python3.8/site-packages/airflow/example_dags/tutorial.py took 0.074 seconds
[2026-04-08T11:08:05.603+0000] {processor.py:161} INFO - Started process (PID=4681) to work on /home/airflow/.local/lib/python3.8/site-packages/airflow/example_dags/tutorial.py
[2026-04-08T11:08:05.604+0000] {processor.py:830} INFO - Processing file /home/airflow/.local/lib/python3.8/site-packages/airflow/example_dags/tutorial.py for tasks to queue
[2026-04-08T11:08:05.606+0000] {logging_mixin.py:188} INFO - [2026-04-08T11:08:05.605+0000] {dagbag.py:538} INFO - Filling up the DagBag from /home/airflow/.local/lib/python3.8/site-packages/airflow/example_dags/tutorial.py
[2026-04-08T11:08:05.612+0000] {processor.py:840} INFO - DAG(s) 'tutorial' retrieved from /home/airflow/.local/lib/python3.8/site-packages/airflow/example_dags/tutorial.py
[2026-04-08T11:08:05.634+0000] {logging_mixin.py:188} INFO - [2026-04-08T11:08:05.633+0000] {dag.py:3033} INFO - Sync 1 DAGs
[2026-04-08T11:08:05.657+0000] {logging_mixin.py:188} INFO - [2026-04-08T11:08:05.656+0000] {dag.py:3820} INFO - Setting next_dagrun for tutorial to 2026-04-07T00:00:00+00:00, run_after=2026-04-08T00:00:00+00:00
[2026-04-08T11:08:05.674+0000] {processor.py:183} INFO - Processing /home/airflow/.local/lib/python3.8/site-packages/airflow/example_dags/tutorial.py took 0.075 seconds
[2026-04-08T11:08:35.823+0000] {processor.py:161} INFO - Started process (PID=4738) to work on /home/airflow/.local/lib/python3.8/site-packages/airflow/example_dags/tutorial.py
[2026-04-08T11:08:35.824+0000] {processor.py:830} INFO - Processing file /home/airflow/.local/lib/python3.8/site-packages/airflow/example_dags/tutorial.py for tasks to queue
[2026-04-08T11:08:35.826+0000] {logging_mixin.py:188} INFO - [2026-04-08T11:08:35.826+0000] {dagbag.py:538} INFO - Filling up the DagBag from /home/airflow/.local/lib/python3.8/site-packages/airflow/example_dags/tutorial.py
[2026-04-08T11:08:35.832+0000] {processor.py:840} INFO - DAG(s) 'tutorial' retrieved from /home/airflow/.local/lib/python3.8/site-packages/airflow/example_dags/tutorial.py
[2026-04-08T11:08:35.853+0000] {logging_mixin.py:188} INFO - [2026-04-08T11:08:35.853+0000] {dag.py:3033} INFO - Sync 1 DAGs
[2026-04-08T11:08:35.876+0000] {logging_mixin.py:188} INFO - [2026-04-08T11:08:35.876+0000] {dag.py:3820} INFO - Setting next_dagrun for tutorial to 2026-04-07T00:00:00+00:00, run_after=2026-04-08T00:00:00+00:00
[2026-04-08T11:08:35.895+0000] {processor.py:183} INFO - Processing /home/airflow/.local/lib/python3.8/site-packages/airflow/example_dags/tutorial.py took 0.076 seconds
[2026-04-08T11:09:06.252+0000] {processor.py:161} INFO - Started process (PID=4795) to work on /home/airflow/.local/lib/python3.8/site-packages/airflow/example_dags/tutorial.py
[2026-04-08T11:09:06.253+0000] {processor.py:830} INFO - Processing file /home/airflow/.local/lib/python3.8/site-packages/airflow/example_dags/tutorial.py for tasks to queue
[2026-04-08T11:09:06.256+0000] {logging_mixin.py:188} INFO - [2026-04-08T11:09:06.256+0000] {dagbag.py:538} INFO - Filling up the DagBag from /home/airflow/.local/lib/python3.8/site-packages/airflow/example_dags/tutorial.py
[2026-04-08T11:09:06.262+0000] {processor.py:840} INFO - DAG(s) 'tutorial' retrieved from /home/airflow/.local/lib/python3.8/site-packages/airflow/example_dags/tutorial.py
[2026-04-08T11:09:06.282+0000] {logging_mixin.py:188} INFO - [2026-04-08T11:09:06.282+0000] {dag.py:3033} INFO - Sync 1 DAGs
[2026-04-08T11:09:06.304+0000] {logging_mixin.py:188} INFO - [2026-04-08T11:09:06.304+0000] {dag.py:3820} INFO - Setting next_dagrun for tutorial to 2026-04-07T00:00:00+00:00, run_after=2026-04-08T00:00:00+00:00
[2026-04-08T11:09:06.322+0000] {processor.py:183} INFO - Processing /home/airflow/.local/lib/python3.8/site-packages/airflow/example_dags/tutorial.py took 0.073 seconds
[2026-04-08T11:09:36.619+0000] {processor.py:161} INFO - Started process (PID=4852) to work on /home/airflow/.local/lib/python3.8/site-packages/airflow/example_dags/tutorial.py
[2026-04-08T11:09:36.620+0000] {processor.py:830} INFO - Processing file /home/airflow/.local/lib/python3.8/site-packages/airflow/example_dags/tutorial.py for tasks to queue
[2026-04-08T11:09:36.622+0000] {logging_mixin.py:188} INFO - [2026-04-08T11:09:36.622+0000] {dagbag.py:538} INFO - Filling up the DagBag from /home/airflow/.local/lib/python3.8/site-packages/airflow/example_dags/tutorial.py
[2026-04-08T11:09:36.629+0000] {processor.py:840} INFO - DAG(s) 'tutorial' retrieved from /home/airflow/.local/lib/python3.8/site-packages/airflow/example_dags/tutorial.py
[2026-04-08T11:09:36.648+0000] {logging_mixin.py:188} INFO - [2026-04-08T11:09:36.648+0000] {dag.py:3033} INFO - Sync 1 DAGs
[2026-04-08T11:09:36.672+0000] {logging_mixin.py:188} INFO - [2026-04-08T11:09:36.672+0000] {dag.py:3820} INFO - Setting next_dagrun for tutorial to 2026-04-07T00:00:00+00:00, run_after=2026-04-08T00:00:00+00:00
[2026-04-08T11:09:36.690+0000] {processor.py:183} INFO - Processing /home/airflow/.local/lib/python3.8/site-packages/airflow/example_dags/tutorial.py took 0.074 seconds
[2026-04-08T11:10:07.318+0000] {processor.py:161} INFO - Started process (PID=4909) to work on /home/airflow/.local/lib/python3.8/site-packages/airflow/example_dags/tutorial.py
[2026-04-08T11:10:07.319+0000] {processor.py:830} INFO - Processing file /home/airflow/.local/lib/python3.8/site-packages/airflow/example_dags/tutorial.py for tasks to queue
[2026-04-08T11:10:07.325+0000] {logging_mixin.py:188} INFO - [2026-04-08T11:10:07.324+0000] {dagbag.py:538} INFO - Filling up the DagBag from /home/airflow/.local/lib/python3.8/site-packages/airflow/example_dags/tutorial.py
[2026-04-08T11:10:07.336+0000] {processor.py:840} INFO - DAG(s) 'tutorial' retrieved from /home/airflow/.local/lib/python3.8/site-packages/airflow/example_dags/tutorial.py
[2026-04-08T11:10:07.385+0000] {logging_mixin.py:188} INFO - [2026-04-08T11:10:07.384+0000] {dag.py:3033} INFO - Sync 1 DAGs
[2026-04-08T11:10:07.431+0000] {logging_mixin.py:188} INFO - [2026-04-08T11:10:07.431+0000] {dag.py:3820} INFO - Setting next_dagrun for tutorial to 2026-04-07T00:00:00+00:00, run_after=2026-04-08T00:00:00+00:00
[2026-04-08T11:10:07.470+0000] {processor.py:183} INFO - Processing /home/airflow/.local/lib/python3.8/site-packages/airflow/example_dags/tutorial.py took 0.158 seconds
[2026-04-08T11:10:37.902+0000] {processor.py:161} INFO - Started process (PID=4966) to work on /home/airflow/.local/lib/python3.8/site-packages/airflow/example_dags/tutorial.py
[2026-04-08T11:10:37.903+0000] {processor.py:830} INFO - Processing file /home/airflow/.local/lib/python3.8/site-packages/airflow/example_dags/tutorial.py for tasks to queue
[2026-04-08T11:10:37.905+0000] {logging_mixin.py:188} INFO - [2026-04-08T11:10:37.905+0000] {dagbag.py:538} INFO - Filling up the DagBag from /home/airflow/.local/lib/python3.8/site-packages/airflow/example_dags/tutorial.py
[2026-04-08T11:10:37.912+0000] {processor.py:840} INFO - DAG(s) 'tutorial' retrieved from /home/airflow/.local/lib/python3.8/site-packages/airflow/example_dags/tutorial.py
[2026-04-08T11:10:37.933+0000] {logging_mixin.py:188} INFO - [2026-04-08T11:10:37.933+0000] {dag.py:3033} INFO - Sync 1 DAGs
[2026-04-08T11:10:37.955+0000] {logging_mixin.py:188} INFO - [2026-04-08T11:10:37.955+0000] {dag.py:3820} INFO - Setting next_dagrun for tutorial to 2026-04-07T00:00:00+00:00, run_after=2026-04-08T00:00:00+00:00
[2026-04-08T11:10:37.974+0000] {processor.py:183} INFO - Processing /home/airflow/.local/lib/python3.8/site-packages/airflow/example_dags/tutorial.py took 0.075 seconds
[2026-04-08T11:11:08.124+0000] {processor.py:161} INFO - Started process (PID=5023) to work on /home/airflow/.local/lib/python3.8/site-packages/airflow/example_dags/tutorial.py
[2026-04-08T11:11:08.125+0000] {processor.py:830} INFO - Processing file /home/airflow/.local/lib/python3.8/site-packages/airflow/example_dags/tutorial.py for tasks to queue
[2026-04-08T11:11:08.127+0000] {logging_mixin.py:188} INFO - [2026-04-08T11:11:08.127+0000] {dagbag.py:538} INFO - Filling up the DagBag from /home/airflow/.local/lib/python3.8/site-packages/airflow/example_dags/tutorial.py
[2026-04-08T11:11:08.133+0000] {processor.py:840} INFO - DAG(s) 'tutorial' retrieved from /home/airflow/.local/lib/python3.8/site-packages/airflow/example_dags/tutorial.py
[2026-04-08T11:11:08.157+0000] {logging_mixin.py:188} INFO - [2026-04-08T11:11:08.156+0000] {dag.py:3033} INFO - Sync 1 DAGs
[2026-04-08T11:11:08.190+0000] {logging_mixin.py:188} INFO - [2026-04-08T11:11:08.190+0000] {dag.py:3820} INFO - Setting next_dagrun for tutorial to 2026-04-07T00:00:00+00:00, run_after=2026-04-08T00:00:00+00:00
[2026-04-08T11:11:08.226+0000] {processor.py:183} INFO - Processing /home/airflow/.local/lib/python3.8/site-packages/airflow/example_dags/tutorial.py took 0.105 seconds
[2026-04-08T11:11:38.304+0000] {processor.py:161} INFO - Started process (PID=5081) to work on /home/airflow/.local/lib/python3.8/site-packages/airflow/example_dags/tutorial.py
[2026-04-08T11:11:38.304+0000] {processor.py:830} INFO - Processing file /home/airflow/.local/lib/python3.8/site-packages/airflow/example_dags/tutorial.py for tasks to queue
[2026-04-08T11:11:38.306+0000] {logging_mixin.py:188} INFO - [2026-04-08T11:11:38.306+0000] {dagbag.py:538} INFO - Filling up the DagBag from /home/airflow/.local/lib/python3.8/site-packages/airflow/example_dags/tutorial.py
[2026-04-08T11:11:38.311+0000] {processor.py:840} INFO - DAG(s) 'tutorial' retrieved from /home/airflow/.local/lib/python3.8/site-packages/airflow/example_dags/tutorial.py
[2026-04-08T11:11:38.326+0000] {logging_mixin.py:188} INFO - [2026-04-08T11:11:38.326+0000] {dag.py:3033} INFO - Sync 1 DAGs
[2026-04-08T11:11:38.342+0000] {logging_mixin.py:188} INFO - [2026-04-08T11:11:38.342+0000] {dag.py:3820} INFO - Setting next_dagrun for tutorial to 2026-04-07T00:00:00+00:00, run_after=2026-04-08T00:00:00+00:00
[2026-04-08T11:11:38.355+0000] {processor.py:183} INFO - Processing /home/airflow/.local/lib/python3.8/site-packages/airflow/example_dags/tutorial.py took 0.054 seconds
[2026-04-08T11:12:08.631+0000] {processor.py:161} INFO - Started process (PID=5137) to work on /home/airflow/.local/lib/python3.8/site-packages/airflow/example_dags/tutorial.py
[2026-04-08T11:12:08.632+0000] {processor.py:830} INFO - Processing file /home/airflow/.local/lib/python3.8/site-packages/airflow/example_dags/tutorial.py for tasks to queue
[2026-04-08T11:12:08.634+0000] {logging_mixin.py:188} INFO - [2026-04-08T11:12:08.634+0000] {dagbag.py:538} INFO - Filling up the DagBag from /home/airflow/.local/lib/python3.8/site-packages/airflow/example_dags/tutorial.py
[2026-04-08T11:12:08.641+0000] {processor.py:840} INFO - DAG(s) 'tutorial' retrieved from /home/airflow/.local/lib/python3.8/site-packages/airflow/example_dags/tutorial.py
[2026-04-08T11:12:08.670+0000] {logging_mixin.py:188} INFO - [2026-04-08T11:12:08.670+0000] {dag.py:3033} INFO - Sync 1 DAGs
[2026-04-08T11:12:08.709+0000] {logging_mixin.py:188} INFO - [2026-04-08T11:12:08.708+0000] {dag.py:3820} INFO - Setting next_dagrun for tutorial to 2026-04-07T00:00:00+00:00, run_after=2026-04-08T00:00:00+00:00
[2026-04-08T11:12:08.726+0000] {processor.py:183} INFO - Processing /home/airflow/.local/lib/python3.8/site-packages/airflow/example_dags/tutorial.py took 0.099 seconds
[2026-04-08T11:12:39.081+0000] {processor.py:161} INFO - Started process (PID=5194) to work on /home/airflow/.local/lib/python3.8/site-packages/airflow/example_dags/tutorial.py
[2026-04-08T11:12:39.082+0000] {processor.py:830} INFO - Processing file /home/airflow/.local/lib/python3.8/site-packages/airflow/example_dags/tutorial.py for tasks to queue
[2026-04-08T11:12:39.085+0000] {logging_mixin.py:188} INFO - [2026-04-08T11:12:39.084+0000] {dagbag.py:538} INFO - Filling up the DagBag from /home/airflow/.local/lib/python3.8/site-packages/airflow/example_dags/tutorial.py
[2026-04-08T11:12:39.100+0000] {processor.py:840} INFO - DAG(s) 'tutorial' retrieved from /home/airflow/.local/lib/python3.8/site-packages/airflow/example_dags/tutorial.py
[2026-04-08T11:12:39.125+0000] {logging_mixin.py:188} INFO - [2026-04-08T11:12:39.124+0000] {dag.py:3033} INFO - Sync 1 DAGs
[2026-04-08T11:12:39.149+0000] {logging_mixin.py:188} INFO - [2026-04-08T11:12:39.149+0000] {dag.py:3820} INFO - Setting next_dagrun for tutorial to 2026-04-07T00:00:00+00:00, run_after=2026-04-08T00:00:00+00:00
[2026-04-08T11:12:39.167+0000] {processor.py:183} INFO - Processing /home/airflow/.local/lib/python3.8/site-packages/airflow/example_dags/tutorial.py took 0.089 seconds
[2026-04-08T11:13:09.475+0000] {processor.py:161} INFO - Started process (PID=5251) to work on /home/airflow/.local/lib/python3.8/site-packages/airflow/example_dags/tutorial.py
[2026-04-08T11:13:09.476+0000] {processor.py:830} INFO - Processing file /home/airflow/.local/lib/python3.8/site-packages/airflow/example_dags/tutorial.py for tasks to queue
[2026-04-08T11:13:09.478+0000] {logging_mixin.py:188} INFO - [2026-04-08T11:13:09.478+0000] {dagbag.py:538} INFO - Filling up the DagBag from /home/airflow/.local/lib/python3.8/site-packages/airflow/example_dags/tutorial.py
[2026-04-08T11:13:09.485+0000] {processor.py:840} INFO - DAG(s) 'tutorial' retrieved from /home/airflow/.local/lib/python3.8/site-packages/airflow/example_dags/tutorial.py
[2026-04-08T11:13:09.506+0000] {logging_mixin.py:188} INFO - [2026-04-08T11:13:09.506+0000] {dag.py:3033} INFO - Sync 1 DAGs
[2026-04-08T11:13:09.531+0000] {logging_mixin.py:188} INFO - [2026-04-08T11:13:09.531+0000] {dag.py:3820} INFO - Setting next_dagrun for tutorial to 2026-04-07T00:00:00+00:00, run_after=2026-04-08T00:00:00+00:00
[2026-04-08T11:13:09.548+0000] {processor.py:183} INFO - Processing /home/airflow/.local/lib/python3.8/site-packages/airflow/example_dags/tutorial.py took 0.078 seconds
[2026-04-08T11:13:39.938+0000] {processor.py:161} INFO - Started process (PID=5308) to work on /home/airflow/.local/lib/python3.8/site-packages/airflow/example_dags/tutorial.py
[2026-04-08T11:13:39.939+0000] {processor.py:830} INFO - Processing file /home/airflow/.local/lib/python3.8/site-packages/airflow/example_dags/tutorial.py for tasks to queue
[2026-04-08T11:13:39.941+0000] {logging_mixin.py:188} INFO - [2026-04-08T11:13:39.941+0000] {dagbag.py:538} INFO - Filling up the DagBag from /home/airflow/.local/lib/python3.8/site-packages/airflow/example_dags/tutorial.py
[2026-04-08T11:13:39.948+0000] {processor.py:840} INFO - DAG(s) 'tutorial' retrieved from /home/airflow/.local/lib/python3.8/site-packages/airflow/example_dags/tutorial.py
[2026-04-08T11:13:39.970+0000] {logging_mixin.py:188} INFO - [2026-04-08T11:13:39.970+0000] {dag.py:3033} INFO - Sync 1 DAGs
[2026-04-08T11:13:39.998+0000] {logging_mixin.py:188} INFO - [2026-04-08T11:13:39.997+0000] {dag.py:3820} INFO - Setting next_dagrun for tutorial to 2026-04-07T00:00:00+00:00, run_after=2026-04-08T00:00:00+00:00
[2026-04-08T11:13:40.040+0000] {processor.py:183} INFO - Processing /home/airflow/.local/lib/python3.8/site-packages/airflow/example_dags/tutorial.py took 0.106 seconds
[2026-04-08T11:14:10.278+0000] {processor.py:161} INFO - Started process (PID=5365) to work on /home/airflow/.local/lib/python3.8/site-packages/airflow/example_dags/tutorial.py
[2026-04-08T11:14:10.279+0000] {processor.py:830} INFO - Processing file /home/airflow/.local/lib/python3.8/site-packages/airflow/example_dags/tutorial.py for tasks to queue
[2026-04-08T11:14:10.281+0000] {logging_mixin.py:188} INFO - [2026-04-08T11:14:10.281+0000] {dagbag.py:538} INFO - Filling up the DagBag from /home/airflow/.local/lib/python3.8/site-packages/airflow/example_dags/tutorial.py
[2026-04-08T11:14:10.287+0000] {processor.py:840} INFO - DAG(s) 'tutorial' retrieved from /home/airflow/.local/lib/python3.8/site-packages/airflow/example_dags/tutorial.py
[2026-04-08T11:14:10.306+0000] {logging_mixin.py:188} INFO - [2026-04-08T11:14:10.306+0000] {dag.py:3033} INFO - Sync 1 DAGs
[2026-04-08T11:14:10.330+0000] {logging_mixin.py:188} INFO - [2026-04-08T11:14:10.329+0000] {dag.py:3820} INFO - Setting next_dagrun for tutorial to 2026-04-07T00:00:00+00:00, run_after=2026-04-08T00:00:00+00:00
[2026-04-08T11:14:10.347+0000] {processor.py:183} INFO - Processing /home/airflow/.local/lib/python3.8/site-packages/airflow/example_dags/tutorial.py took 0.072 seconds
[2026-04-08T11:14:40.649+0000] {processor.py:161} INFO - Started process (PID=5422) to work on /home/airflow/.local/lib/python3.8/site-packages/airflow/example_dags/tutorial.py
[2026-04-08T11:14:40.650+0000] {processor.py:830} INFO - Processing file /home/airflow/.local/lib/python3.8/site-packages/airflow/example_dags/tutorial.py for tasks to queue
[2026-04-08T11:14:40.652+0000] {logging_mixin.py:188} INFO - [2026-04-08T11:14:40.652+0000] {dagbag.py:538} INFO - Filling up the DagBag from /home/airflow/.local/lib/python3.8/site-packages/airflow/example_dags/tutorial.py
[2026-04-08T11:14:40.658+0000] {processor.py:840} INFO - DAG(s) 'tutorial' retrieved from /home/airflow/.local/lib/python3.8/site-packages/airflow/example_dags/tutorial.py
[2026-04-08T11:14:40.680+0000] {logging_mixin.py:188} INFO - [2026-04-08T11:14:40.680+0000] {dag.py:3033} INFO - Sync 1 DAGs
[2026-04-08T11:14:40.704+0000] {logging_mixin.py:188} INFO - [2026-04-08T11:14:40.704+0000] {dag.py:3820} INFO - Setting next_dagrun for tutorial to 2026-04-07T00:00:00+00:00, run_after=2026-04-08T00:00:00+00:00
[2026-04-08T11:14:40.721+0000] {processor.py:183} INFO - Processing /home/airflow/.local/lib/python3.8/site-packages/airflow/example_dags/tutorial.py took 0.075 seconds
[2026-04-08T11:15:11.133+0000] {processor.py:161} INFO - Started process (PID=5479) to work on /home/airflow/.local/lib/python3.8/site-packages/airflow/example_dags/tutorial.py
[2026-04-08T11:15:11.134+0000] {processor.py:830} INFO - Processing file /home/airflow/.local/lib/python3.8/site-packages/airflow/example_dags/tutorial.py for tasks to queue
[2026-04-08T11:15:11.136+0000] {logging_mixin.py:188} INFO - [2026-04-08T11:15:11.136+0000] {dagbag.py:538} INFO - Filling up the DagBag from /home/airflow/.local/lib/python3.8/site-packages/airflow/example_dags/tutorial.py
[2026-04-08T11:15:11.147+0000] {processor.py:840} INFO - DAG(s) 'tutorial' retrieved from /home/airflow/.local/lib/python3.8/site-packages/airflow/example_dags/tutorial.py
[2026-04-08T11:15:11.170+0000] {logging_mixin.py:188} INFO - [2026-04-08T11:15:11.170+0000] {dag.py:3033} INFO - Sync 1 DAGs
[2026-04-08T11:15:11.194+0000] {logging_mixin.py:188} INFO - [2026-04-08T11:15:11.194+0000] {dag.py:3820} INFO - Setting next_dagrun for tutorial to 2026-04-07T00:00:00+00:00, run_after=2026-04-08T00:00:00+00:00
[2026-04-08T11:15:11.213+0000] {processor.py:183} INFO - Processing /home/airflow/.local/lib/python3.8/site-packages/airflow/example_dags/tutorial.py took 0.083 seconds
[2026-04-08T11:15:41.662+0000] {processor.py:161} INFO - Started process (PID=5536) to work on /home/airflow/.local/lib/python3.8/site-packages/airflow/example_dags/tutorial.py
[2026-04-08T11:15:41.666+0000] {processor.py:830} INFO - Processing file /home/airflow/.local/lib/python3.8/site-packages/airflow/example_dags/tutorial.py for tasks to queue
[2026-04-08T11:15:41.671+0000] {logging_mixin.py:188} INFO - [2026-04-08T11:15:41.671+0000] {dagbag.py:538} INFO - Filling up the DagBag from /home/airflow/.local/lib/python3.8/site-packages/airflow/example_dags/tutorial.py
[2026-04-08T11:15:41.677+0000] {processor.py:840} INFO - DAG(s) 'tutorial' retrieved from /home/airflow/.local/lib/python3.8/site-packages/airflow/example_dags/tutorial.py
[2026-04-08T11:15:41.697+0000] {logging_mixin.py:188} INFO - [2026-04-08T11:15:41.697+0000] {dag.py:3033} INFO - Sync 1 DAGs
[2026-04-08T11:15:41.721+0000] {logging_mixin.py:188} INFO - [2026-04-08T11:15:41.721+0000] {dag.py:3820} INFO - Setting next_dagrun for tutorial to 2026-04-07T00:00:00+00:00, run_after=2026-04-08T00:00:00+00:00
[2026-04-08T11:15:41.740+0000] {processor.py:183} INFO - Processing /home/airflow/.local/lib/python3.8/site-packages/airflow/example_dags/tutorial.py took 0.087 seconds
[2026-04-08T11:16:12.745+0000] {processor.py:161} INFO - Started process (PID=5593) to work on /home/airflow/.local/lib/python3.8/site-packages/airflow/example_dags/tutorial.py
[2026-04-08T11:16:12.747+0000] {processor.py:830} INFO - Processing file /home/airflow/.local/lib/python3.8/site-packages/airflow/example_dags/tutorial.py for tasks to queue
[2026-04-08T11:16:12.749+0000] {logging_mixin.py:188} INFO - [2026-04-08T11:16:12.749+0000] {dagbag.py:538} INFO - Filling up the DagBag from /home/airflow/.local/lib/python3.8/site-packages/airflow/example_dags/tutorial.py
[2026-04-08T11:16:12.756+0000] {processor.py:840} INFO - DAG(s) 'tutorial' retrieved from /home/airflow/.local/lib/python3.8/site-packages/airflow/example_dags/tutorial.py
[2026-04-08T11:16:12.779+0000] {logging_mixin.py:188} INFO - [2026-04-08T11:16:12.779+0000] {dag.py:3033} INFO - Sync 1 DAGs
[2026-04-08T11:16:12.804+0000] {logging_mixin.py:188} INFO - [2026-04-08T11:16:12.804+0000] {dag.py:3820} INFO - Setting next_dagrun for tutorial to 2026-04-07T00:00:00+00:00, run_after=2026-04-08T00:00:00+00:00
[2026-04-08T11:16:12.822+0000] {processor.py:183} INFO - Processing /home/airflow/.local/lib/python3.8/site-packages/airflow/example_dags/tutorial.py took 0.080 seconds
[2026-04-08T11:16:43.307+0000] {processor.py:161} INFO - Started process (PID=5651) to work on /home/airflow/.local/lib/python3.8/site-packages/airflow/example_dags/tutorial.py
[2026-04-08T11:16:43.308+0000] {processor.py:830} INFO - Processing file /home/airflow/.local/lib/python3.8/site-packages/airflow/example_dags/tutorial.py for tasks to queue
[2026-04-08T11:16:43.310+0000] {logging_mixin.py:188} INFO - [2026-04-08T11:16:43.310+0000] {dagbag.py:538} INFO - Filling up the DagBag from /home/airflow/.local/lib/python3.8/site-packages/airflow/example_dags/tutorial.py
[2026-04-08T11:16:43.316+0000] {processor.py:840} INFO - DAG(s) 'tutorial' retrieved from /home/airflow/.local/lib/python3.8/site-packages/airflow/example_dags/tutorial.py
[2026-04-08T11:16:43.338+0000] {logging_mixin.py:188} INFO - [2026-04-08T11:16:43.338+0000] {dag.py:3033} INFO - Sync 1 DAGs
[2026-04-08T11:16:43.362+0000] {logging_mixin.py:188} INFO - [2026-04-08T11:16:43.361+0000] {dag.py:3820} INFO - Setting next_dagrun for tutorial to 2026-04-07T00:00:00+00:00, run_after=2026-04-08T00:00:00+00:00
[2026-04-08T11:16:43.380+0000] {processor.py:183} INFO - Processing /home/airflow/.local/lib/python3.8/site-packages/airflow/example_dags/tutorial.py took 0.076 seconds
[2026-04-08T11:17:13.490+0000] {processor.py:161} INFO - Started process (PID=5708) to work on /home/airflow/.local/lib/python3.8/site-packages/airflow/example_dags/tutorial.py
[2026-04-08T11:17:13.492+0000] {processor.py:830} INFO - Processing file /home/airflow/.local/lib/python3.8/site-packages/airflow/example_dags/tutorial.py for tasks to queue
[2026-04-08T11:17:13.494+0000] {logging_mixin.py:188} INFO - [2026-04-08T11:17:13.494+0000] {dagbag.py:538} INFO - Filling up the DagBag from /home/airflow/.local/lib/python3.8/site-packages/airflow/example_dags/tutorial.py
[2026-04-08T11:17:13.500+0000] {processor.py:840} INFO - DAG(s) 'tutorial' retrieved from /home/airflow/.local/lib/python3.8/site-packages/airflow/example_dags/tutorial.py
[2026-04-08T11:17:13.521+0000] {logging_mixin.py:188} INFO - [2026-04-08T11:17:13.521+0000] {dag.py:3033} INFO - Sync 1 DAGs
[2026-04-08T11:17:13.545+0000] {logging_mixin.py:188} INFO - [2026-04-08T11:17:13.545+0000] {dag.py:3820} INFO - Setting next_dagrun for tutorial to 2026-04-07T00:00:00+00:00, run_after=2026-04-08T00:00:00+00:00
[2026-04-08T11:17:13.562+0000] {processor.py:183} INFO - Processing /home/airflow/.local/lib/python3.8/site-packages/airflow/example_dags/tutorial.py took 0.075 seconds
[2026-04-08T11:17:43.746+0000] {processor.py:161} INFO - Started process (PID=5765) to work on /home/airflow/.local/lib/python3.8/site-packages/airflow/example_dags/tutorial.py
[2026-04-08T11:17:43.747+0000] {processor.py:830} INFO - Processing file /home/airflow/.local/lib/python3.8/site-packages/airflow/example_dags/tutorial.py for tasks to queue
[2026-04-08T11:17:43.749+0000] {logging_mixin.py:188} INFO - [2026-04-08T11:17:43.749+0000] {dagbag.py:538} INFO - Filling up the DagBag from /home/airflow/.local/lib/python3.8/site-packages/airflow/example_dags/tutorial.py
[2026-04-08T11:17:43.755+0000] {processor.py:840} INFO - DAG(s) 'tutorial' retrieved from /home/airflow/.local/lib/python3.8/site-packages/airflow/example_dags/tutorial.py
[2026-04-08T11:17:43.777+0000] {logging_mixin.py:188} INFO - [2026-04-08T11:17:43.777+0000] {dag.py:3033} INFO - Sync 1 DAGs
[2026-04-08T11:17:43.800+0000] {logging_mixin.py:188} INFO - [2026-04-08T11:17:43.800+0000] {dag.py:3820} INFO - Setting next_dagrun for tutorial to 2026-04-07T00:00:00+00:00, run_after=2026-04-08T00:00:00+00:00
[2026-04-08T11:17:43.818+0000] {processor.py:183} INFO - Processing /home/airflow/.local/lib/python3.8/site-packages/airflow/example_dags/tutorial.py took 0.076 seconds
[2026-04-08T12:11:39.891+0000] {processor.py:161} INFO - Started process (PID=114) to work on /home/airflow/.local/lib/python3.8/site-packages/airflow/example_dags/tutorial.py
[2026-04-08T12:11:39.893+0000] {processor.py:830} INFO - Processing file /home/airflow/.local/lib/python3.8/site-packages/airflow/example_dags/tutorial.py for tasks to queue
[2026-04-08T12:11:39.898+0000] {logging_mixin.py:188} INFO - [2026-04-08T12:11:39.898+0000] {dagbag.py:538} INFO - Filling up the DagBag from /home/airflow/.local/lib/python3.8/site-packages/airflow/example_dags/tutorial.py
[2026-04-08T12:11:39.907+0000] {processor.py:840} INFO - DAG(s) 'tutorial' retrieved from /home/airflow/.local/lib/python3.8/site-packages/airflow/example_dags/tutorial.py
[2026-04-08T12:11:39.996+0000] {logging_mixin.py:188} INFO - [2026-04-08T12:11:39.996+0000] {dag.py:3033} INFO - Sync 1 DAGs
[2026-04-08T12:11:40.061+0000] {logging_mixin.py:188} INFO - [2026-04-08T12:11:40.061+0000] {dag.py:3820} INFO - Setting next_dagrun for tutorial to 2026-04-07T00:00:00+00:00, run_after=2026-04-08T00:00:00+00:00
[2026-04-08T12:11:40.101+0000] {processor.py:183} INFO - Processing /home/airflow/.local/lib/python3.8/site-packages/airflow/example_dags/tutorial.py took 0.214 seconds
[2026-04-08T12:12:10.703+0000] {processor.py:161} INFO - Started process (PID=171) to work on /home/airflow/.local/lib/python3.8/site-packages/airflow/example_dags/tutorial.py
[2026-04-08T12:12:10.704+0000] {processor.py:830} INFO - Processing file /home/airflow/.local/lib/python3.8/site-packages/airflow/example_dags/tutorial.py for tasks to queue
[2026-04-08T12:12:10.708+0000] {logging_mixin.py:188} INFO - [2026-04-08T12:12:10.708+0000] {dagbag.py:538} INFO - Filling up the DagBag from /home/airflow/.local/lib/python3.8/site-packages/airflow/example_dags/tutorial.py
[2026-04-08T12:12:10.716+0000] {processor.py:840} INFO - DAG(s) 'tutorial' retrieved from /home/airflow/.local/lib/python3.8/site-packages/airflow/example_dags/tutorial.py
[2026-04-08T12:12:10.740+0000] {logging_mixin.py:188} INFO - [2026-04-08T12:12:10.739+0000] {dag.py:3033} INFO - Sync 1 DAGs
[2026-04-08T12:12:10.764+0000] {logging_mixin.py:188} INFO - [2026-04-08T12:12:10.764+0000] {dag.py:3820} INFO - Setting next_dagrun for tutorial to 2026-04-07T00:00:00+00:00, run_after=2026-04-08T00:00:00+00:00
[2026-04-08T12:12:10.782+0000] {processor.py:183} INFO - Processing /home/airflow/.local/lib/python3.8/site-packages/airflow/example_dags/tutorial.py took 0.083 seconds
[2026-04-08T12:12:41.766+0000] {processor.py:161} INFO - Started process (PID=228) to work on /home/airflow/.local/lib/python3.8/site-packages/airflow/example_dags/tutorial.py
[2026-04-08T12:12:41.767+0000] {processor.py:830} INFO - Processing file /home/airflow/.local/lib/python3.8/site-packages/airflow/example_dags/tutorial.py for tasks to queue
[2026-04-08T12:12:41.769+0000] {logging_mixin.py:188} INFO - [2026-04-08T12:12:41.769+0000] {dagbag.py:538} INFO - Filling up the DagBag from /home/airflow/.local/lib/python3.8/site-packages/airflow/example_dags/tutorial.py
[2026-04-08T12:12:41.777+0000] {processor.py:840} INFO - DAG(s) 'tutorial' retrieved from /home/airflow/.local/lib/python3.8/site-packages/airflow/example_dags/tutorial.py
[2026-04-08T12:12:41.804+0000] {logging_mixin.py:188} INFO - [2026-04-08T12:12:41.804+0000] {dag.py:3033} INFO - Sync 1 DAGs
[2026-04-08T12:12:41.830+0000] {logging_mixin.py:188} INFO - [2026-04-08T12:12:41.830+0000] {dag.py:3820} INFO - Setting next_dagrun for tutorial to 2026-04-07T00:00:00+00:00, run_after=2026-04-08T00:00:00+00:00
[2026-04-08T12:12:41.850+0000] {processor.py:183} INFO - Processing /home/airflow/.local/lib/python3.8/site-packages/airflow/example_dags/tutorial.py took 0.088 seconds
[2026-04-08T12:13:12.686+0000] {processor.py:161} INFO - Started process (PID=285) to work on /home/airflow/.local/lib/python3.8/site-packages/airflow/example_dags/tutorial.py
[2026-04-08T12:13:12.687+0000] {processor.py:830} INFO - Processing file /home/airflow/.local/lib/python3.8/site-packages/airflow/example_dags/tutorial.py for tasks to queue
[2026-04-08T12:13:12.691+0000] {logging_mixin.py:188} INFO - [2026-04-08T12:13:12.690+0000] {dagbag.py:538} INFO - Filling up the DagBag from /home/airflow/.local/lib/python3.8/site-packages/airflow/example_dags/tutorial.py
[2026-04-08T12:13:12.698+0000] {processor.py:840} INFO - DAG(s) 'tutorial' retrieved from /home/airflow/.local/lib/python3.8/site-packages/airflow/example_dags/tutorial.py
[2026-04-08T12:13:12.721+0000] {logging_mixin.py:188} INFO - [2026-04-08T12:13:12.721+0000] {dag.py:3033} INFO - Sync 1 DAGs
[2026-04-08T12:13:12.757+0000] {logging_mixin.py:188} INFO - [2026-04-08T12:13:12.757+0000] {dag.py:3820} INFO - Setting next_dagrun for tutorial to 2026-04-07T00:00:00+00:00, run_after=2026-04-08T00:00:00+00:00
[2026-04-08T12:13:12.788+0000] {processor.py:183} INFO - Processing /home/airflow/.local/lib/python3.8/site-packages/airflow/example_dags/tutorial.py took 0.106 seconds
[2026-04-08T12:13:42.827+0000] {processor.py:161} INFO - Started process (PID=341) to work on /home/airflow/.local/lib/python3.8/site-packages/airflow/example_dags/tutorial.py
[2026-04-08T12:13:42.828+0000] {processor.py:830} INFO - Processing file /home/airflow/.local/lib/python3.8/site-packages/airflow/example_dags/tutorial.py for tasks to queue
[2026-04-08T12:13:42.830+0000] {logging_mixin.py:188} INFO - [2026-04-08T12:13:42.829+0000] {dagbag.py:538} INFO - Filling up the DagBag from /home/airflow/.local/lib/python3.8/site-packages/airflow/example_dags/tutorial.py
[2026-04-08T12:13:42.835+0000] {processor.py:840} INFO - DAG(s) 'tutorial' retrieved from /home/airflow/.local/lib/python3.8/site-packages/airflow/example_dags/tutorial.py
[2026-04-08T12:13:42.851+0000] {logging_mixin.py:188} INFO - [2026-04-08T12:13:42.851+0000] {dag.py:3033} INFO - Sync 1 DAGs
[2026-04-08T12:13:42.869+0000] {logging_mixin.py:188} INFO - [2026-04-08T12:13:42.868+0000] {dag.py:3820} INFO - Setting next_dagrun for tutorial to 2026-04-07T00:00:00+00:00, run_after=2026-04-08T00:00:00+00:00
[2026-04-08T12:13:42.883+0000] {processor.py:183} INFO - Processing /home/airflow/.local/lib/python3.8/site-packages/airflow/example_dags/tutorial.py took 0.059 seconds
[2026-04-08T12:14:14.142+0000] {processor.py:161} INFO - Started process (PID=399) to work on /home/airflow/.local/lib/python3.8/site-packages/airflow/example_dags/tutorial.py
[2026-04-08T12:14:14.144+0000] {processor.py:830} INFO - Processing file /home/airflow/.local/lib/python3.8/site-packages/airflow/example_dags/tutorial.py for tasks to queue
[2026-04-08T12:14:14.146+0000] {logging_mixin.py:188} INFO - [2026-04-08T12:14:14.146+0000] {dagbag.py:538} INFO - Filling up the DagBag from /home/airflow/.local/lib/python3.8/site-packages/airflow/example_dags/tutorial.py
[2026-04-08T12:14:14.153+0000] {processor.py:840} INFO - DAG(s) 'tutorial' retrieved from /home/airflow/.local/lib/python3.8/site-packages/airflow/example_dags/tutorial.py
[2026-04-08T12:14:14.177+0000] {logging_mixin.py:188} INFO - [2026-04-08T12:14:14.177+0000] {dag.py:3033} INFO - Sync 1 DAGs
[2026-04-08T12:14:14.202+0000] {logging_mixin.py:188} INFO - [2026-04-08T12:14:14.202+0000] {dag.py:3820} INFO - Setting next_dagrun for tutorial to 2026-04-07T00:00:00+00:00, run_after=2026-04-08T00:00:00+00:00
[2026-04-08T12:14:14.232+0000] {processor.py:183} INFO - Processing /home/airflow/.local/lib/python3.8/site-packages/airflow/example_dags/tutorial.py took 0.094 seconds
[2026-04-08T12:14:44.798+0000] {processor.py:161} INFO - Started process (PID=456) to work on /home/airflow/.local/lib/python3.8/site-packages/airflow/example_dags/tutorial.py
[2026-04-08T12:14:44.799+0000] {processor.py:830} INFO - Processing file /home/airflow/.local/lib/python3.8/site-packages/airflow/example_dags/tutorial.py for tasks to queue
[2026-04-08T12:14:44.802+0000] {logging_mixin.py:188} INFO - [2026-04-08T12:14:44.801+0000] {dagbag.py:538} INFO - Filling up the DagBag from /home/airflow/.local/lib/python3.8/site-packages/airflow/example_dags/tutorial.py
[2026-04-08T12:14:44.809+0000] {processor.py:840} INFO - DAG(s) 'tutorial' retrieved from /home/airflow/.local/lib/python3.8/site-packages/airflow/example_dags/tutorial.py
[2026-04-08T12:14:44.832+0000] {logging_mixin.py:188} INFO - [2026-04-08T12:14:44.832+0000] {dag.py:3033} INFO - Sync 1 DAGs
[2026-04-08T12:14:44.861+0000] {logging_mixin.py:188} INFO - [2026-04-08T12:14:44.861+0000] {dag.py:3820} INFO - Setting next_dagrun for tutorial to 2026-04-07T00:00:00+00:00, run_after=2026-04-08T00:00:00+00:00
[2026-04-08T12:14:44.879+0000] {processor.py:183} INFO - Processing /home/airflow/.local/lib/python3.8/site-packages/airflow/example_dags/tutorial.py took 0.087 seconds
[2026-04-08T12:15:15.024+0000] {processor.py:161} INFO - Started process (PID=513) to work on /home/airflow/.local/lib/python3.8/site-packages/airflow/example_dags/tutorial.py
[2026-04-08T12:15:15.025+0000] {processor.py:830} INFO - Processing file /home/airflow/.local/lib/python3.8/site-packages/airflow/example_dags/tutorial.py for tasks to queue
[2026-04-08T12:15:15.031+0000] {logging_mixin.py:188} INFO - [2026-04-08T12:15:15.030+0000] {dagbag.py:538} INFO - Filling up the DagBag from /home/airflow/.local/lib/python3.8/site-packages/airflow/example_dags/tutorial.py
[2026-04-08T12:15:15.040+0000] {processor.py:840} INFO - DAG(s) 'tutorial' retrieved from /home/airflow/.local/lib/python3.8/site-packages/airflow/example_dags/tutorial.py
[2026-04-08T12:15:15.067+0000] {logging_mixin.py:188} INFO - [2026-04-08T12:15:15.067+0000] {dag.py:3033} INFO - Sync 1 DAGs
[2026-04-08T12:15:15.093+0000] {logging_mixin.py:188} INFO - [2026-04-08T12:15:15.093+0000] {dag.py:3820} INFO - Setting next_dagrun for tutorial to 2026-04-07T00:00:00+00:00, run_after=2026-04-08T00:00:00+00:00
[2026-04-08T12:15:15.112+0000] {processor.py:183} INFO - Processing /home/airflow/.local/lib/python3.8/site-packages/airflow/example_dags/tutorial.py took 0.094 seconds
[2026-04-08T12:15:46.752+0000] {processor.py:161} INFO - Started process (PID=570) to work on /home/airflow/.local/lib/python3.8/site-packages/airflow/example_dags/tutorial.py
[2026-04-08T12:15:46.754+0000] {processor.py:830} INFO - Processing file /home/airflow/.local/lib/python3.8/site-packages/airflow/example_dags/tutorial.py for tasks to queue
[2026-04-08T12:15:46.758+0000] {logging_mixin.py:188} INFO - [2026-04-08T12:15:46.758+0000] {dagbag.py:538} INFO - Filling up the DagBag from /home/airflow/.local/lib/python3.8/site-packages/airflow/example_dags/tutorial.py
[2026-04-08T12:15:46.769+0000] {processor.py:840} INFO - DAG(s) 'tutorial' retrieved from /home/airflow/.local/lib/python3.8/site-packages/airflow/example_dags/tutorial.py
[2026-04-08T12:15:46.842+0000] {logging_mixin.py:188} INFO - [2026-04-08T12:15:46.841+0000] {dag.py:3033} INFO - Sync 1 DAGs
[2026-04-08T12:15:46.921+0000] {logging_mixin.py:188} INFO - [2026-04-08T12:15:46.921+0000] {dag.py:3820} INFO - Setting next_dagrun for tutorial to 2026-04-07T00:00:00+00:00, run_after=2026-04-08T00:00:00+00:00
[2026-04-08T12:15:46.973+0000] {processor.py:183} INFO - Processing /home/airflow/.local/lib/python3.8/site-packages/airflow/example_dags/tutorial.py took 0.230 seconds
[2026-04-08T12:16:20.011+0000] {processor.py:161} INFO - Started process (PID=627) to work on /home/airflow/.local/lib/python3.8/site-packages/airflow/example_dags/tutorial.py
[2026-04-08T12:16:20.017+0000] {processor.py:830} INFO - Processing file /home/airflow/.local/lib/python3.8/site-packages/airflow/example_dags/tutorial.py for tasks to queue
[2026-04-08T12:16:20.045+0000] {logging_mixin.py:188} INFO - [2026-04-08T12:16:20.038+0000] {dagbag.py:538} INFO - Filling up the DagBag from /home/airflow/.local/lib/python3.8/site-packages/airflow/example_dags/tutorial.py
[2026-04-08T12:16:20.080+0000] {processor.py:840} INFO - DAG(s) 'tutorial' retrieved from /home/airflow/.local/lib/python3.8/site-packages/airflow/example_dags/tutorial.py
[2026-04-08T12:16:20.188+0000] {logging_mixin.py:188} INFO - [2026-04-08T12:16:20.188+0000] {dag.py:3033} INFO - Sync 1 DAGs
[2026-04-08T12:16:20.289+0000] {logging_mixin.py:188} INFO - [2026-04-08T12:16:20.285+0000] {dag.py:3820} INFO - Setting next_dagrun for tutorial to 2026-04-07T00:00:00+00:00, run_after=2026-04-08T00:00:00+00:00
[2026-04-08T12:16:20.373+0000] {processor.py:183} INFO - Processing /home/airflow/.local/lib/python3.8/site-packages/airflow/example_dags/tutorial.py took 0.376 seconds
[2026-04-08T12:16:50.562+0000] {processor.py:161} INFO - Started process (PID=684) to work on /home/airflow/.local/lib/python3.8/site-packages/airflow/example_dags/tutorial.py
[2026-04-08T12:16:50.566+0000] {processor.py:830} INFO - Processing file /home/airflow/.local/lib/python3.8/site-packages/airflow/example_dags/tutorial.py for tasks to queue
[2026-04-08T12:16:50.571+0000] {logging_mixin.py:188} INFO - [2026-04-08T12:16:50.571+0000] {dagbag.py:538} INFO - Filling up the DagBag from /home/airflow/.local/lib/python3.8/site-packages/airflow/example_dags/tutorial.py
[2026-04-08T12:16:50.596+0000] {processor.py:840} INFO - DAG(s) 'tutorial' retrieved from /home/airflow/.local/lib/python3.8/site-packages/airflow/example_dags/tutorial.py
[2026-04-08T12:16:50.637+0000] {logging_mixin.py:188} INFO - [2026-04-08T12:16:50.637+0000] {dag.py:3033} INFO - Sync 1 DAGs
[2026-04-08T12:16:50.669+0000] {logging_mixin.py:188} INFO - [2026-04-08T12:16:50.669+0000] {dag.py:3820} INFO - Setting next_dagrun for tutorial to 2026-04-07T00:00:00+00:00, run_after=2026-04-08T00:00:00+00:00
[2026-04-08T12:16:50.696+0000] {processor.py:183} INFO - Processing /home/airflow/.local/lib/python3.8/site-packages/airflow/example_dags/tutorial.py took 0.149 seconds
[2026-04-08T12:17:21.456+0000] {processor.py:161} INFO - Started process (PID=741) to work on /home/airflow/.local/lib/python3.8/site-packages/airflow/example_dags/tutorial.py
[2026-04-08T12:17:21.457+0000] {processor.py:830} INFO - Processing file /home/airflow/.local/lib/python3.8/site-packages/airflow/example_dags/tutorial.py for tasks to queue
[2026-04-08T12:17:21.460+0000] {logging_mixin.py:188} INFO - [2026-04-08T12:17:21.459+0000] {dagbag.py:538} INFO - Filling up the DagBag from /home/airflow/.local/lib/python3.8/site-packages/airflow/example_dags/tutorial.py
[2026-04-08T12:17:21.482+0000] {processor.py:840} INFO - DAG(s) 'tutorial' retrieved from /home/airflow/.local/lib/python3.8/site-packages/airflow/example_dags/tutorial.py
[2026-04-08T12:17:21.510+0000] {logging_mixin.py:188} INFO - [2026-04-08T12:17:21.509+0000] {dag.py:3033} INFO - Sync 1 DAGs
[2026-04-08T12:17:21.536+0000] {logging_mixin.py:188} INFO - [2026-04-08T12:17:21.536+0000] {dag.py:3820} INFO - Setting next_dagrun for tutorial to 2026-04-07T00:00:00+00:00, run_after=2026-04-08T00:00:00+00:00
[2026-04-08T12:17:21.557+0000] {processor.py:183} INFO - Processing /home/airflow/.local/lib/python3.8/site-packages/airflow/example_dags/tutorial.py took 0.105 seconds
[2026-04-08T12:17:52.078+0000] {processor.py:161} INFO - Started process (PID=798) to work on /home/airflow/.local/lib/python3.8/site-packages/airflow/example_dags/tutorial.py
[2026-04-08T12:17:52.079+0000] {processor.py:830} INFO - Processing file /home/airflow/.local/lib/python3.8/site-packages/airflow/example_dags/tutorial.py for tasks to queue
[2026-04-08T12:17:52.082+0000] {logging_mixin.py:188} INFO - [2026-04-08T12:17:52.081+0000] {dagbag.py:538} INFO - Filling up the DagBag from /home/airflow/.local/lib/python3.8/site-packages/airflow/example_dags/tutorial.py
[2026-04-08T12:17:52.089+0000] {processor.py:840} INFO - DAG(s) 'tutorial' retrieved from /home/airflow/.local/lib/python3.8/site-packages/airflow/example_dags/tutorial.py
[2026-04-08T12:17:52.111+0000] {logging_mixin.py:188} INFO - [2026-04-08T12:17:52.111+0000] {dag.py:3033} INFO - Sync 1 DAGs
[2026-04-08T12:17:52.136+0000] {logging_mixin.py:188} INFO - [2026-04-08T12:17:52.135+0000] {dag.py:3820} INFO - Setting next_dagrun for tutorial to 2026-04-07T00:00:00+00:00, run_after=2026-04-08T00:00:00+00:00
[2026-04-08T12:17:52.154+0000] {processor.py:183} INFO - Processing /home/airflow/.local/lib/python3.8/site-packages/airflow/example_dags/tutorial.py took 0.080 seconds
[2026-04-08T12:18:22.911+0000] {processor.py:161} INFO - Started process (PID=855) to work on /home/airflow/.local/lib/python3.8/site-packages/airflow/example_dags/tutorial.py
[2026-04-08T12:18:22.912+0000] {processor.py:830} INFO - Processing file /home/airflow/.local/lib/python3.8/site-packages/airflow/example_dags/tutorial.py for tasks to queue
[2026-04-08T12:18:22.915+0000] {logging_mixin.py:188} INFO - [2026-04-08T12:18:22.915+0000] {dagbag.py:538} INFO - Filling up the DagBag from /home/airflow/.local/lib/python3.8/site-packages/airflow/example_dags/tutorial.py
[2026-04-08T12:18:22.922+0000] {processor.py:840} INFO - DAG(s) 'tutorial' retrieved from /home/airflow/.local/lib/python3.8/site-packages/airflow/example_dags/tutorial.py
[2026-04-08T12:18:22.948+0000] {logging_mixin.py:188} INFO - [2026-04-08T12:18:22.948+0000] {dag.py:3033} INFO - Sync 1 DAGs
[2026-04-08T12:18:22.973+0000] {logging_mixin.py:188} INFO - [2026-04-08T12:18:22.973+0000] {dag.py:3820} INFO - Setting next_dagrun for tutorial to 2026-04-07T00:00:00+00:00, run_after=2026-04-08T00:00:00+00:00
[2026-04-08T12:18:22.992+0000] {processor.py:183} INFO - Processing /home/airflow/.local/lib/python3.8/site-packages/airflow/example_dags/tutorial.py took 0.085 seconds
[2026-04-08T12:18:53.725+0000] {processor.py:161} INFO - Started process (PID=912) to work on /home/airflow/.local/lib/python3.8/site-packages/airflow/example_dags/tutorial.py
[2026-04-08T12:18:53.727+0000] {processor.py:830} INFO - Processing file /home/airflow/.local/lib/python3.8/site-packages/airflow/example_dags/tutorial.py for tasks to queue
[2026-04-08T12:18:53.732+0000] {logging_mixin.py:188} INFO - [2026-04-08T12:18:53.729+0000] {dagbag.py:538} INFO - Filling up the DagBag from /home/airflow/.local/lib/python3.8/site-packages/airflow/example_dags/tutorial.py
[2026-04-08T12:18:53.742+0000] {processor.py:840} INFO - DAG(s) 'tutorial' retrieved from /home/airflow/.local/lib/python3.8/site-packages/airflow/example_dags/tutorial.py
[2026-04-08T12:18:53.766+0000] {logging_mixin.py:188} INFO - [2026-04-08T12:18:53.765+0000] {dag.py:3033} INFO - Sync 1 DAGs
[2026-04-08T12:18:53.789+0000] {logging_mixin.py:188} INFO - [2026-04-08T12:18:53.788+0000] {dag.py:3820} INFO - Setting next_dagrun for tutorial to 2026-04-07T00:00:00+00:00, run_after=2026-04-08T00:00:00+00:00
[2026-04-08T12:18:53.807+0000] {processor.py:183} INFO - Processing /home/airflow/.local/lib/python3.8/site-packages/airflow/example_dags/tutorial.py took 0.087 seconds
[2026-04-08T12:19:24.803+0000] {processor.py:161} INFO - Started process (PID=969) to work on /home/airflow/.local/lib/python3.8/site-packages/airflow/example_dags/tutorial.py
[2026-04-08T12:19:24.806+0000] {processor.py:830} INFO - Processing file /home/airflow/.local/lib/python3.8/site-packages/airflow/example_dags/tutorial.py for tasks to queue
[2026-04-08T12:19:24.811+0000] {logging_mixin.py:188} INFO - [2026-04-08T12:19:24.811+0000] {dagbag.py:538} INFO - Filling up the DagBag from /home/airflow/.local/lib/python3.8/site-packages/airflow/example_dags/tutorial.py
[2026-04-08T12:19:24.834+0000] {processor.py:840} INFO - DAG(s) 'tutorial' retrieved from /home/airflow/.local/lib/python3.8/site-packages/airflow/example_dags/tutorial.py
[2026-04-08T12:19:24.866+0000] {logging_mixin.py:188} INFO - [2026-04-08T12:19:24.865+0000] {dag.py:3033} INFO - Sync 1 DAGs
[2026-04-08T12:19:24.913+0000] {logging_mixin.py:188} INFO - [2026-04-08T12:19:24.913+0000] {dag.py:3820} INFO - Setting next_dagrun for tutorial to 2026-04-07T00:00:00+00:00, run_after=2026-04-08T00:00:00+00:00
[2026-04-08T12:19:24.952+0000] {processor.py:183} INFO - Processing /home/airflow/.local/lib/python3.8/site-packages/airflow/example_dags/tutorial.py took 0.171 seconds
[2026-04-08T12:19:55.745+0000] {processor.py:161} INFO - Started process (PID=1035) to work on /home/airflow/.local/lib/python3.8/site-packages/airflow/example_dags/tutorial.py
[2026-04-08T12:19:55.747+0000] {processor.py:830} INFO - Processing file /home/airflow/.local/lib/python3.8/site-packages/airflow/example_dags/tutorial.py for tasks to queue
[2026-04-08T12:19:55.750+0000] {logging_mixin.py:188} INFO - [2026-04-08T12:19:55.749+0000] {dagbag.py:538} INFO - Filling up the DagBag from /home/airflow/.local/lib/python3.8/site-packages/airflow/example_dags/tutorial.py
[2026-04-08T12:19:55.757+0000] {processor.py:840} INFO - DAG(s) 'tutorial' retrieved from /home/airflow/.local/lib/python3.8/site-packages/airflow/example_dags/tutorial.py
[2026-04-08T12:19:55.781+0000] {logging_mixin.py:188} INFO - [2026-04-08T12:19:55.780+0000] {dag.py:3033} INFO - Sync 1 DAGs
[2026-04-08T12:19:55.808+0000] {logging_mixin.py:188} INFO - [2026-04-08T12:19:55.808+0000] {dag.py:3820} INFO - Setting next_dagrun for tutorial to 2026-04-07T00:00:00+00:00, run_after=2026-04-08T00:00:00+00:00
[2026-04-08T12:19:55.826+0000] {processor.py:183} INFO - Processing /home/airflow/.local/lib/python3.8/site-packages/airflow/example_dags/tutorial.py took 0.086 seconds
[2026-04-08T12:20:27.235+0000] {processor.py:161} INFO - Started process (PID=1117) to work on /home/airflow/.local/lib/python3.8/site-packages/airflow/example_dags/tutorial.py
[2026-04-08T12:20:27.236+0000] {processor.py:830} INFO - Processing file /home/airflow/.local/lib/python3.8/site-packages/airflow/example_dags/tutorial.py for tasks to queue
[2026-04-08T12:20:27.239+0000] {logging_mixin.py:188} INFO - [2026-04-08T12:20:27.239+0000] {dagbag.py:538} INFO - Filling up the DagBag from /home/airflow/.local/lib/python3.8/site-packages/airflow/example_dags/tutorial.py
[2026-04-08T12:20:27.256+0000] {processor.py:840} INFO - DAG(s) 'tutorial' retrieved from /home/airflow/.local/lib/python3.8/site-packages/airflow/example_dags/tutorial.py
[2026-04-08T12:20:27.274+0000] {logging_mixin.py:188} INFO - [2026-04-08T12:20:27.274+0000] {dag.py:3033} INFO - Sync 1 DAGs
[2026-04-08T12:20:27.317+0000] {logging_mixin.py:188} INFO - [2026-04-08T12:20:27.317+0000] {dag.py:3820} INFO - Setting next_dagrun for tutorial to 2026-04-07T00:00:00+00:00, run_after=2026-04-08T00:00:00+00:00
[2026-04-08T12:20:27.359+0000] {processor.py:183} INFO - Processing /home/airflow/.local/lib/python3.8/site-packages/airflow/example_dags/tutorial.py took 0.128 seconds
[2026-04-08T12:20:58.095+0000] {processor.py:161} INFO - Started process (PID=1173) to work on /home/airflow/.local/lib/python3.8/site-packages/airflow/example_dags/tutorial.py
[2026-04-08T12:20:58.096+0000] {processor.py:830} INFO - Processing file /home/airflow/.local/lib/python3.8/site-packages/airflow/example_dags/tutorial.py for tasks to queue
[2026-04-08T12:20:58.098+0000] {logging_mixin.py:188} INFO - [2026-04-08T12:20:58.098+0000] {dagbag.py:538} INFO - Filling up the DagBag from /home/airflow/.local/lib/python3.8/site-packages/airflow/example_dags/tutorial.py
[2026-04-08T12:20:58.106+0000] {processor.py:840} INFO - DAG(s) 'tutorial' retrieved from /home/airflow/.local/lib/python3.8/site-packages/airflow/example_dags/tutorial.py
[2026-04-08T12:20:58.232+0000] {logging_mixin.py:188} INFO - [2026-04-08T12:20:58.231+0000] {dag.py:3033} INFO - Sync 1 DAGs
[2026-04-08T12:20:58.256+0000] {logging_mixin.py:188} INFO - [2026-04-08T12:20:58.256+0000] {dag.py:3820} INFO - Setting next_dagrun for tutorial to 2026-04-07T00:00:00+00:00, run_after=2026-04-08T00:00:00+00:00
[2026-04-08T12:20:58.277+0000] {processor.py:183} INFO - Processing /home/airflow/.local/lib/python3.8/site-packages/airflow/example_dags/tutorial.py took 0.186 seconds
[2026-04-08T12:21:29.107+0000] {processor.py:161} INFO - Started process (PID=1253) to work on /home/airflow/.local/lib/python3.8/site-packages/airflow/example_dags/tutorial.py
[2026-04-08T12:21:29.108+0000] {processor.py:830} INFO - Processing file /home/airflow/.local/lib/python3.8/site-packages/airflow/example_dags/tutorial.py for tasks to queue
[2026-04-08T12:21:29.111+0000] {logging_mixin.py:188} INFO - [2026-04-08T12:21:29.110+0000] {dagbag.py:538} INFO - Filling up the DagBag from /home/airflow/.local/lib/python3.8/site-packages/airflow/example_dags/tutorial.py
[2026-04-08T12:21:29.118+0000] {processor.py:840} INFO - DAG(s) 'tutorial' retrieved from /home/airflow/.local/lib/python3.8/site-packages/airflow/example_dags/tutorial.py
[2026-04-08T12:21:29.148+0000] {logging_mixin.py:188} INFO - [2026-04-08T12:21:29.146+0000] {dag.py:3033} INFO - Sync 1 DAGs
[2026-04-08T12:21:29.191+0000] {logging_mixin.py:188} INFO - [2026-04-08T12:21:29.190+0000] {dag.py:3820} INFO - Setting next_dagrun for tutorial to 2026-04-07T00:00:00+00:00, run_after=2026-04-08T00:00:00+00:00
[2026-04-08T12:21:29.209+0000] {processor.py:183} INFO - Processing /home/airflow/.local/lib/python3.8/site-packages/airflow/example_dags/tutorial.py took 0.106 seconds
[2026-04-08T12:22:00.305+0000] {processor.py:161} INFO - Started process (PID=1324) to work on /home/airflow/.local/lib/python3.8/site-packages/airflow/example_dags/tutorial.py
[2026-04-08T12:22:00.308+0000] {processor.py:830} INFO - Processing file /home/airflow/.local/lib/python3.8/site-packages/airflow/example_dags/tutorial.py for tasks to queue
[2026-04-08T12:22:00.316+0000] {logging_mixin.py:188} INFO - [2026-04-08T12:22:00.315+0000] {dagbag.py:538} INFO - Filling up the DagBag from /home/airflow/.local/lib/python3.8/site-packages/airflow/example_dags/tutorial.py
[2026-04-08T12:22:00.329+0000] {processor.py:840} INFO - DAG(s) 'tutorial' retrieved from /home/airflow/.local/lib/python3.8/site-packages/airflow/example_dags/tutorial.py
[2026-04-08T12:22:00.367+0000] {logging_mixin.py:188} INFO - [2026-04-08T12:22:00.367+0000] {dag.py:3033} INFO - Sync 1 DAGs
[2026-04-08T12:22:00.400+0000] {logging_mixin.py:188} INFO - [2026-04-08T12:22:00.400+0000] {dag.py:3820} INFO - Setting next_dagrun for tutorial to 2026-04-07T00:00:00+00:00, run_after=2026-04-08T00:00:00+00:00
[2026-04-08T12:22:00.422+0000] {processor.py:183} INFO - Processing /home/airflow/.local/lib/python3.8/site-packages/airflow/example_dags/tutorial.py took 0.142 seconds
[2026-04-08T12:22:31.306+0000] {processor.py:161} INFO - Started process (PID=1396) to work on /home/airflow/.local/lib/python3.8/site-packages/airflow/example_dags/tutorial.py
[2026-04-08T12:22:31.310+0000] {processor.py:830} INFO - Processing file /home/airflow/.local/lib/python3.8/site-packages/airflow/example_dags/tutorial.py for tasks to queue
[2026-04-08T12:22:31.315+0000] {logging_mixin.py:188} INFO - [2026-04-08T12:22:31.315+0000] {dagbag.py:538} INFO - Filling up the DagBag from /home/airflow/.local/lib/python3.8/site-packages/airflow/example_dags/tutorial.py
[2026-04-08T12:22:31.328+0000] {processor.py:840} INFO - DAG(s) 'tutorial' retrieved from /home/airflow/.local/lib/python3.8/site-packages/airflow/example_dags/tutorial.py
[2026-04-08T12:22:31.354+0000] {logging_mixin.py:188} INFO - [2026-04-08T12:22:31.353+0000] {dag.py:3033} INFO - Sync 1 DAGs
[2026-04-08T12:22:31.399+0000] {logging_mixin.py:188} INFO - [2026-04-08T12:22:31.399+0000] {dag.py:3820} INFO - Setting next_dagrun for tutorial to 2026-04-07T00:00:00+00:00, run_after=2026-04-08T00:00:00+00:00
[2026-04-08T12:22:31.426+0000] {processor.py:183} INFO - Processing /home/airflow/.local/lib/python3.8/site-packages/airflow/example_dags/tutorial.py took 0.131 seconds
[2026-04-08T12:23:01.836+0000] {processor.py:161} INFO - Started process (PID=1472) to work on /home/airflow/.local/lib/python3.8/site-packages/airflow/example_dags/tutorial.py
[2026-04-08T12:23:01.837+0000] {processor.py:830} INFO - Processing file /home/airflow/.local/lib/python3.8/site-packages/airflow/example_dags/tutorial.py for tasks to queue
[2026-04-08T12:23:01.840+0000] {logging_mixin.py:188} INFO - [2026-04-08T12:23:01.839+0000] {dagbag.py:538} INFO - Filling up the DagBag from /home/airflow/.local/lib/python3.8/site-packages/airflow/example_dags/tutorial.py
[2026-04-08T12:23:01.846+0000] {processor.py:840} INFO - DAG(s) 'tutorial' retrieved from /home/airflow/.local/lib/python3.8/site-packages/airflow/example_dags/tutorial.py
[2026-04-08T12:23:01.868+0000] {logging_mixin.py:188} INFO - [2026-04-08T12:23:01.867+0000] {dag.py:3033} INFO - Sync 1 DAGs
[2026-04-08T12:23:01.892+0000] {logging_mixin.py:188} INFO - [2026-04-08T12:23:01.892+0000] {dag.py:3820} INFO - Setting next_dagrun for tutorial to 2026-04-07T00:00:00+00:00, run_after=2026-04-08T00:00:00+00:00
[2026-04-08T12:23:01.910+0000] {processor.py:183} INFO - Processing /home/airflow/.local/lib/python3.8/site-packages/airflow/example_dags/tutorial.py took 0.077 seconds
[2026-04-08T12:23:32.288+0000] {processor.py:161} INFO - Started process (PID=1537) to work on /home/airflow/.local/lib/python3.8/site-packages/airflow/example_dags/tutorial.py
[2026-04-08T12:23:32.289+0000] {processor.py:830} INFO - Processing file /home/airflow/.local/lib/python3.8/site-packages/airflow/example_dags/tutorial.py for tasks to queue
[2026-04-08T12:23:32.292+0000] {logging_mixin.py:188} INFO - [2026-04-08T12:23:32.291+0000] {dagbag.py:538} INFO - Filling up the DagBag from /home/airflow/.local/lib/python3.8/site-packages/airflow/example_dags/tutorial.py
[2026-04-08T12:23:32.299+0000] {processor.py:840} INFO - DAG(s) 'tutorial' retrieved from /home/airflow/.local/lib/python3.8/site-packages/airflow/example_dags/tutorial.py
[2026-04-08T12:23:32.328+0000] {logging_mixin.py:188} INFO - [2026-04-08T12:23:32.328+0000] {dag.py:3033} INFO - Sync 1 DAGs
[2026-04-08T12:23:32.355+0000] {logging_mixin.py:188} INFO - [2026-04-08T12:23:32.354+0000] {dag.py:3820} INFO - Setting next_dagrun for tutorial to 2026-04-07T00:00:00+00:00, run_after=2026-04-08T00:00:00+00:00
[2026-04-08T12:23:32.395+0000] {processor.py:183} INFO - Processing /home/airflow/.local/lib/python3.8/site-packages/airflow/example_dags/tutorial.py took 0.111 seconds
[2026-04-08T12:24:02.660+0000] {processor.py:161} INFO - Started process (PID=1595) to work on /home/airflow/.local/lib/python3.8/site-packages/airflow/example_dags/tutorial.py
[2026-04-08T12:24:02.663+0000] {processor.py:830} INFO - Processing file /home/airflow/.local/lib/python3.8/site-packages/airflow/example_dags/tutorial.py for tasks to queue
[2026-04-08T12:24:02.666+0000] {logging_mixin.py:188} INFO - [2026-04-08T12:24:02.665+0000] {dagbag.py:538} INFO - Filling up the DagBag from /home/airflow/.local/lib/python3.8/site-packages/airflow/example_dags/tutorial.py
[2026-04-08T12:24:02.673+0000] {processor.py:840} INFO - DAG(s) 'tutorial' retrieved from /home/airflow/.local/lib/python3.8/site-packages/airflow/example_dags/tutorial.py
[2026-04-08T12:24:02.701+0000] {logging_mixin.py:188} INFO - [2026-04-08T12:24:02.701+0000] {dag.py:3033} INFO - Sync 1 DAGs
[2026-04-08T12:24:02.737+0000] {logging_mixin.py:188} INFO - [2026-04-08T12:24:02.736+0000] {dag.py:3820} INFO - Setting next_dagrun for tutorial to 2026-04-07T00:00:00+00:00, run_after=2026-04-08T00:00:00+00:00
[2026-04-08T12:24:02.756+0000] {processor.py:183} INFO - Processing /home/airflow/.local/lib/python3.8/site-packages/airflow/example_dags/tutorial.py took 0.102 seconds
[2026-04-08T12:24:32.906+0000] {processor.py:161} INFO - Started process (PID=1653) to work on /home/airflow/.local/lib/python3.8/site-packages/airflow/example_dags/tutorial.py
[2026-04-08T12:24:32.909+0000] {processor.py:830} INFO - Processing file /home/airflow/.local/lib/python3.8/site-packages/airflow/example_dags/tutorial.py for tasks to queue
[2026-04-08T12:24:32.914+0000] {logging_mixin.py:188} INFO - [2026-04-08T12:24:32.914+0000] {dagbag.py:538} INFO - Filling up the DagBag from /home/airflow/.local/lib/python3.8/site-packages/airflow/example_dags/tutorial.py
[2026-04-08T12:24:32.926+0000] {processor.py:840} INFO - DAG(s) 'tutorial' retrieved from /home/airflow/.local/lib/python3.8/site-packages/airflow/example_dags/tutorial.py
[2026-04-08T12:24:32.978+0000] {logging_mixin.py:188} INFO - [2026-04-08T12:24:32.977+0000] {dag.py:3033} INFO - Sync 1 DAGs
[2026-04-08T12:24:33.033+0000] {logging_mixin.py:188} INFO - [2026-04-08T12:24:33.033+0000] {dag.py:3820} INFO - Setting next_dagrun for tutorial to 2026-04-07T00:00:00+00:00, run_after=2026-04-08T00:00:00+00:00
[2026-04-08T12:24:33.057+0000] {processor.py:183} INFO - Processing /home/airflow/.local/lib/python3.8/site-packages/airflow/example_dags/tutorial.py took 0.158 seconds
[2026-04-08T12:25:03.202+0000] {processor.py:161} INFO - Started process (PID=1711) to work on /home/airflow/.local/lib/python3.8/site-packages/airflow/example_dags/tutorial.py
[2026-04-08T12:25:03.204+0000] {processor.py:830} INFO - Processing file /home/airflow/.local/lib/python3.8/site-packages/airflow/example_dags/tutorial.py for tasks to queue
[2026-04-08T12:25:03.207+0000] {logging_mixin.py:188} INFO - [2026-04-08T12:25:03.206+0000] {dagbag.py:538} INFO - Filling up the DagBag from /home/airflow/.local/lib/python3.8/site-packages/airflow/example_dags/tutorial.py
[2026-04-08T12:25:03.214+0000] {processor.py:840} INFO - DAG(s) 'tutorial' retrieved from /home/airflow/.local/lib/python3.8/site-packages/airflow/example_dags/tutorial.py
[2026-04-08T12:25:03.263+0000] {logging_mixin.py:188} INFO - [2026-04-08T12:25:03.262+0000] {dag.py:3033} INFO - Sync 1 DAGs
[2026-04-08T12:25:03.315+0000] {logging_mixin.py:188} INFO - [2026-04-08T12:25:03.315+0000] {dag.py:3820} INFO - Setting next_dagrun for tutorial to 2026-04-07T00:00:00+00:00, run_after=2026-04-08T00:00:00+00:00
[2026-04-08T12:25:03.360+0000] {processor.py:183} INFO - Processing /home/airflow/.local/lib/python3.8/site-packages/airflow/example_dags/tutorial.py took 0.168 seconds
[2026-04-08T12:25:33.508+0000] {processor.py:161} INFO - Started process (PID=1769) to work on /home/airflow/.local/lib/python3.8/site-packages/airflow/example_dags/tutorial.py
[2026-04-08T12:25:33.509+0000] {processor.py:830} INFO - Processing file /home/airflow/.local/lib/python3.8/site-packages/airflow/example_dags/tutorial.py for tasks to queue
[2026-04-08T12:25:33.512+0000] {logging_mixin.py:188} INFO - [2026-04-08T12:25:33.511+0000] {dagbag.py:538} INFO - Filling up the DagBag from /home/airflow/.local/lib/python3.8/site-packages/airflow/example_dags/tutorial.py
[2026-04-08T12:25:33.518+0000] {processor.py:840} INFO - DAG(s) 'tutorial' retrieved from /home/airflow/.local/lib/python3.8/site-packages/airflow/example_dags/tutorial.py
[2026-04-08T12:25:33.540+0000] {logging_mixin.py:188} INFO - [2026-04-08T12:25:33.540+0000] {dag.py:3033} INFO - Sync 1 DAGs
[2026-04-08T12:25:33.564+0000] {logging_mixin.py:188} INFO - [2026-04-08T12:25:33.564+0000] {dag.py:3820} INFO - Setting next_dagrun for tutorial to 2026-04-07T00:00:00+00:00, run_after=2026-04-08T00:00:00+00:00
[2026-04-08T12:25:33.583+0000] {processor.py:183} INFO - Processing /home/airflow/.local/lib/python3.8/site-packages/airflow/example_dags/tutorial.py took 0.079 seconds
[2026-04-08T12:26:03.699+0000] {processor.py:161} INFO - Started process (PID=1827) to work on /home/airflow/.local/lib/python3.8/site-packages/airflow/example_dags/tutorial.py
[2026-04-08T12:26:03.699+0000] {processor.py:830} INFO - Processing file /home/airflow/.local/lib/python3.8/site-packages/airflow/example_dags/tutorial.py for tasks to queue
[2026-04-08T12:26:03.702+0000] {logging_mixin.py:188} INFO - [2026-04-08T12:26:03.702+0000] {dagbag.py:538} INFO - Filling up the DagBag from /home/airflow/.local/lib/python3.8/site-packages/airflow/example_dags/tutorial.py
[2026-04-08T12:26:03.722+0000] {processor.py:840} INFO - DAG(s) 'tutorial' retrieved from /home/airflow/.local/lib/python3.8/site-packages/airflow/example_dags/tutorial.py
[2026-04-08T12:26:03.746+0000] {logging_mixin.py:188} INFO - [2026-04-08T12:26:03.746+0000] {dag.py:3033} INFO - Sync 1 DAGs
[2026-04-08T12:26:03.775+0000] {logging_mixin.py:188} INFO - [2026-04-08T12:26:03.775+0000] {dag.py:3820} INFO - Setting next_dagrun for tutorial to 2026-04-07T00:00:00+00:00, run_after=2026-04-08T00:00:00+00:00
[2026-04-08T12:26:03.794+0000] {processor.py:183} INFO - Processing /home/airflow/.local/lib/python3.8/site-packages/airflow/example_dags/tutorial.py took 0.103 seconds
[2026-04-08T12:26:33.932+0000] {processor.py:161} INFO - Started process (PID=1885) to work on /home/airflow/.local/lib/python3.8/site-packages/airflow/example_dags/tutorial.py
[2026-04-08T12:26:33.933+0000] {processor.py:830} INFO - Processing file /home/airflow/.local/lib/python3.8/site-packages/airflow/example_dags/tutorial.py for tasks to queue
[2026-04-08T12:26:33.935+0000] {logging_mixin.py:188} INFO - [2026-04-08T12:26:33.935+0000] {dagbag.py:538} INFO - Filling up the DagBag from /home/airflow/.local/lib/python3.8/site-packages/airflow/example_dags/tutorial.py
[2026-04-08T12:26:33.943+0000] {processor.py:840} INFO - DAG(s) 'tutorial' retrieved from /home/airflow/.local/lib/python3.8/site-packages/airflow/example_dags/tutorial.py
[2026-04-08T12:26:33.968+0000] {logging_mixin.py:188} INFO - [2026-04-08T12:26:33.968+0000] {dag.py:3033} INFO - Sync 1 DAGs
[2026-04-08T12:26:34.006+0000] {logging_mixin.py:188} INFO - [2026-04-08T12:26:34.006+0000] {dag.py:3820} INFO - Setting next_dagrun for tutorial to 2026-04-07T00:00:00+00:00, run_after=2026-04-08T00:00:00+00:00
[2026-04-08T12:26:34.036+0000] {processor.py:183} INFO - Processing /home/airflow/.local/lib/python3.8/site-packages/airflow/example_dags/tutorial.py took 0.108 seconds
[2026-04-08T12:27:04.169+0000] {processor.py:161} INFO - Started process (PID=1943) to work on /home/airflow/.local/lib/python3.8/site-packages/airflow/example_dags/tutorial.py
[2026-04-08T12:27:04.171+0000] {processor.py:830} INFO - Processing file /home/airflow/.local/lib/python3.8/site-packages/airflow/example_dags/tutorial.py for tasks to queue
[2026-04-08T12:27:04.173+0000] {logging_mixin.py:188} INFO - [2026-04-08T12:27:04.173+0000] {dagbag.py:538} INFO - Filling up the DagBag from /home/airflow/.local/lib/python3.8/site-packages/airflow/example_dags/tutorial.py
[2026-04-08T12:27:04.181+0000] {processor.py:840} INFO - DAG(s) 'tutorial' retrieved from /home/airflow/.local/lib/python3.8/site-packages/airflow/example_dags/tutorial.py
[2026-04-08T12:27:04.205+0000] {logging_mixin.py:188} INFO - [2026-04-08T12:27:04.204+0000] {dag.py:3033} INFO - Sync 1 DAGs
[2026-04-08T12:27:04.230+0000] {logging_mixin.py:188} INFO - [2026-04-08T12:27:04.229+0000] {dag.py:3820} INFO - Setting next_dagrun for tutorial to 2026-04-07T00:00:00+00:00, run_after=2026-04-08T00:00:00+00:00
[2026-04-08T12:27:04.458+0000] {processor.py:183} INFO - Processing /home/airflow/.local/lib/python3.8/site-packages/airflow/example_dags/tutorial.py took 0.293 seconds
[2026-04-08T12:27:34.643+0000] {processor.py:161} INFO - Started process (PID=2001) to work on /home/airflow/.local/lib/python3.8/site-packages/airflow/example_dags/tutorial.py
[2026-04-08T12:27:34.649+0000] {processor.py:830} INFO - Processing file /home/airflow/.local/lib/python3.8/site-packages/airflow/example_dags/tutorial.py for tasks to queue
[2026-04-08T12:27:34.652+0000] {logging_mixin.py:188} INFO - [2026-04-08T12:27:34.651+0000] {dagbag.py:538} INFO - Filling up the DagBag from /home/airflow/.local/lib/python3.8/site-packages/airflow/example_dags/tutorial.py
[2026-04-08T12:27:34.671+0000] {processor.py:840} INFO - DAG(s) 'tutorial' retrieved from /home/airflow/.local/lib/python3.8/site-packages/airflow/example_dags/tutorial.py
[2026-04-08T12:27:34.741+0000] {logging_mixin.py:188} INFO - [2026-04-08T12:27:34.741+0000] {dag.py:3033} INFO - Sync 1 DAGs
[2026-04-08T12:27:34.787+0000] {logging_mixin.py:188} INFO - [2026-04-08T12:27:34.786+0000] {dag.py:3820} INFO - Setting next_dagrun for tutorial to 2026-04-07T00:00:00+00:00, run_after=2026-04-08T00:00:00+00:00
[2026-04-08T12:27:35.188+0000] {processor.py:183} INFO - Processing /home/airflow/.local/lib/python3.8/site-packages/airflow/example_dags/tutorial.py took 0.552 seconds
[2026-04-08T12:28:05.985+0000] {processor.py:161} INFO - Started process (PID=2059) to work on /home/airflow/.local/lib/python3.8/site-packages/airflow/example_dags/tutorial.py
[2026-04-08T12:28:05.986+0000] {processor.py:830} INFO - Processing file /home/airflow/.local/lib/python3.8/site-packages/airflow/example_dags/tutorial.py for tasks to queue
[2026-04-08T12:28:05.992+0000] {logging_mixin.py:188} INFO - [2026-04-08T12:28:05.992+0000] {dagbag.py:538} INFO - Filling up the DagBag from /home/airflow/.local/lib/python3.8/site-packages/airflow/example_dags/tutorial.py
[2026-04-08T12:28:06.003+0000] {processor.py:840} INFO - DAG(s) 'tutorial' retrieved from /home/airflow/.local/lib/python3.8/site-packages/airflow/example_dags/tutorial.py
[2026-04-08T12:28:06.025+0000] {logging_mixin.py:188} INFO - [2026-04-08T12:28:06.025+0000] {dag.py:3033} INFO - Sync 1 DAGs
[2026-04-08T12:28:06.051+0000] {logging_mixin.py:188} INFO - [2026-04-08T12:28:06.051+0000] {dag.py:3820} INFO - Setting next_dagrun for tutorial to 2026-04-07T00:00:00+00:00, run_after=2026-04-08T00:00:00+00:00
[2026-04-08T12:28:06.281+0000] {processor.py:183} INFO - Processing /home/airflow/.local/lib/python3.8/site-packages/airflow/example_dags/tutorial.py took 0.300 seconds
[2026-04-08T12:28:37.042+0000] {processor.py:161} INFO - Started process (PID=2118) to work on /home/airflow/.local/lib/python3.8/site-packages/airflow/example_dags/tutorial.py
[2026-04-08T12:28:37.043+0000] {processor.py:830} INFO - Processing file /home/airflow/.local/lib/python3.8/site-packages/airflow/example_dags/tutorial.py for tasks to queue
[2026-04-08T12:28:37.046+0000] {logging_mixin.py:188} INFO - [2026-04-08T12:28:37.045+0000] {dagbag.py:538} INFO - Filling up the DagBag from /home/airflow/.local/lib/python3.8/site-packages/airflow/example_dags/tutorial.py
[2026-04-08T12:28:37.053+0000] {processor.py:840} INFO - DAG(s) 'tutorial' retrieved from /home/airflow/.local/lib/python3.8/site-packages/airflow/example_dags/tutorial.py
[2026-04-08T12:28:37.076+0000] {logging_mixin.py:188} INFO - [2026-04-08T12:28:37.076+0000] {dag.py:3033} INFO - Sync 1 DAGs
[2026-04-08T12:28:37.277+0000] {logging_mixin.py:188} INFO - [2026-04-08T12:28:37.277+0000] {dag.py:3820} INFO - Setting next_dagrun for tutorial to 2026-04-07T00:00:00+00:00, run_after=2026-04-08T00:00:00+00:00
[2026-04-08T12:28:37.296+0000] {processor.py:183} INFO - Processing /home/airflow/.local/lib/python3.8/site-packages/airflow/example_dags/tutorial.py took 0.258 seconds
[2026-04-08T12:29:07.442+0000] {processor.py:161} INFO - Started process (PID=2191) to work on /home/airflow/.local/lib/python3.8/site-packages/airflow/example_dags/tutorial.py
[2026-04-08T12:29:07.445+0000] {processor.py:830} INFO - Processing file /home/airflow/.local/lib/python3.8/site-packages/airflow/example_dags/tutorial.py for tasks to queue
[2026-04-08T12:29:07.450+0000] {logging_mixin.py:188} INFO - [2026-04-08T12:29:07.449+0000] {dagbag.py:538} INFO - Filling up the DagBag from /home/airflow/.local/lib/python3.8/site-packages/airflow/example_dags/tutorial.py
[2026-04-08T12:29:07.465+0000] {processor.py:840} INFO - DAG(s) 'tutorial' retrieved from /home/airflow/.local/lib/python3.8/site-packages/airflow/example_dags/tutorial.py
[2026-04-08T12:29:07.491+0000] {logging_mixin.py:188} INFO - [2026-04-08T12:29:07.491+0000] {dag.py:3033} INFO - Sync 1 DAGs
[2026-04-08T12:29:07.545+0000] {logging_mixin.py:188} INFO - [2026-04-08T12:29:07.544+0000] {dag.py:3820} INFO - Setting next_dagrun for tutorial to 2026-04-07T00:00:00+00:00, run_after=2026-04-08T00:00:00+00:00
[2026-04-08T12:29:07.576+0000] {processor.py:183} INFO - Processing /home/airflow/.local/lib/python3.8/site-packages/airflow/example_dags/tutorial.py took 0.141 seconds
[2026-04-08T12:29:37.749+0000] {processor.py:161} INFO - Started process (PID=2274) to work on /home/airflow/.local/lib/python3.8/site-packages/airflow/example_dags/tutorial.py
[2026-04-08T12:29:37.752+0000] {processor.py:830} INFO - Processing file /home/airflow/.local/lib/python3.8/site-packages/airflow/example_dags/tutorial.py for tasks to queue
[2026-04-08T12:29:37.755+0000] {logging_mixin.py:188} INFO - [2026-04-08T12:29:37.755+0000] {dagbag.py:538} INFO - Filling up the DagBag from /home/airflow/.local/lib/python3.8/site-packages/airflow/example_dags/tutorial.py
[2026-04-08T12:29:37.772+0000] {processor.py:840} INFO - DAG(s) 'tutorial' retrieved from /home/airflow/.local/lib/python3.8/site-packages/airflow/example_dags/tutorial.py
[2026-04-08T12:29:38.105+0000] {logging_mixin.py:188} INFO - [2026-04-08T12:29:38.105+0000] {dag.py:3033} INFO - Sync 1 DAGs
[2026-04-08T12:29:38.155+0000] {logging_mixin.py:188} INFO - [2026-04-08T12:29:38.155+0000] {dag.py:3820} INFO - Setting next_dagrun for tutorial to 2026-04-07T00:00:00+00:00, run_after=2026-04-08T00:00:00+00:00
[2026-04-08T12:29:38.176+0000] {processor.py:183} INFO - Processing /home/airflow/.local/lib/python3.8/site-packages/airflow/example_dags/tutorial.py took 0.431 seconds
[2026-04-08T12:30:09.095+0000] {processor.py:161} INFO - Started process (PID=2332) to work on /home/airflow/.local/lib/python3.8/site-packages/airflow/example_dags/tutorial.py
[2026-04-08T12:30:09.096+0000] {processor.py:830} INFO - Processing file /home/airflow/.local/lib/python3.8/site-packages/airflow/example_dags/tutorial.py for tasks to queue
[2026-04-08T12:30:09.099+0000] {logging_mixin.py:188} INFO - [2026-04-08T12:30:09.098+0000] {dagbag.py:538} INFO - Filling up the DagBag from /home/airflow/.local/lib/python3.8/site-packages/airflow/example_dags/tutorial.py
[2026-04-08T12:30:09.106+0000] {processor.py:840} INFO - DAG(s) 'tutorial' retrieved from /home/airflow/.local/lib/python3.8/site-packages/airflow/example_dags/tutorial.py
[2026-04-08T12:30:09.131+0000] {logging_mixin.py:188} INFO - [2026-04-08T12:30:09.131+0000] {dag.py:3033} INFO - Sync 1 DAGs
[2026-04-08T12:30:09.157+0000] {logging_mixin.py:188} INFO - [2026-04-08T12:30:09.157+0000] {dag.py:3820} INFO - Setting next_dagrun for tutorial to 2026-04-07T00:00:00+00:00, run_after=2026-04-08T00:00:00+00:00
[2026-04-08T12:30:09.181+0000] {processor.py:183} INFO - Processing /home/airflow/.local/lib/python3.8/site-packages/airflow/example_dags/tutorial.py took 0.090 seconds
[2026-04-08T12:30:39.367+0000] {processor.py:161} INFO - Started process (PID=2389) to work on /home/airflow/.local/lib/python3.8/site-packages/airflow/example_dags/tutorial.py
[2026-04-08T12:30:39.368+0000] {processor.py:830} INFO - Processing file /home/airflow/.local/lib/python3.8/site-packages/airflow/example_dags/tutorial.py for tasks to queue
[2026-04-08T12:30:39.371+0000] {logging_mixin.py:188} INFO - [2026-04-08T12:30:39.371+0000] {dagbag.py:538} INFO - Filling up the DagBag from /home/airflow/.local/lib/python3.8/site-packages/airflow/example_dags/tutorial.py
[2026-04-08T12:30:39.377+0000] {processor.py:840} INFO - DAG(s) 'tutorial' retrieved from /home/airflow/.local/lib/python3.8/site-packages/airflow/example_dags/tutorial.py
[2026-04-08T12:30:39.396+0000] {logging_mixin.py:188} INFO - [2026-04-08T12:30:39.396+0000] {dag.py:3033} INFO - Sync 1 DAGs
[2026-04-08T12:30:39.421+0000] {logging_mixin.py:188} INFO - [2026-04-08T12:30:39.421+0000] {dag.py:3820} INFO - Setting next_dagrun for tutorial to 2026-04-07T00:00:00+00:00, run_after=2026-04-08T00:00:00+00:00
[2026-04-08T12:30:39.441+0000] {processor.py:183} INFO - Processing /home/airflow/.local/lib/python3.8/site-packages/airflow/example_dags/tutorial.py took 0.076 seconds
[2026-04-08T12:31:09.675+0000] {processor.py:161} INFO - Started process (PID=2446) to work on /home/airflow/.local/lib/python3.8/site-packages/airflow/example_dags/tutorial.py
[2026-04-08T12:31:09.676+0000] {processor.py:830} INFO - Processing file /home/airflow/.local/lib/python3.8/site-packages/airflow/example_dags/tutorial.py for tasks to queue
[2026-04-08T12:31:09.679+0000] {logging_mixin.py:188} INFO - [2026-04-08T12:31:09.678+0000] {dagbag.py:538} INFO - Filling up the DagBag from /home/airflow/.local/lib/python3.8/site-packages/airflow/example_dags/tutorial.py
[2026-04-08T12:31:09.693+0000] {processor.py:840} INFO - DAG(s) 'tutorial' retrieved from /home/airflow/.local/lib/python3.8/site-packages/airflow/example_dags/tutorial.py
[2026-04-08T12:31:09.730+0000] {logging_mixin.py:188} INFO - [2026-04-08T12:31:09.730+0000] {dag.py:3033} INFO - Sync 1 DAGs
[2026-04-08T12:31:09.761+0000] {logging_mixin.py:188} INFO - [2026-04-08T12:31:09.761+0000] {dag.py:3820} INFO - Setting next_dagrun for tutorial to 2026-04-07T00:00:00+00:00, run_after=2026-04-08T00:00:00+00:00
[2026-04-08T12:31:09.780+0000] {processor.py:183} INFO - Processing /home/airflow/.local/lib/python3.8/site-packages/airflow/example_dags/tutorial.py took 0.109 seconds
[2026-04-08T12:31:40.039+0000] {processor.py:161} INFO - Started process (PID=2504) to work on /home/airflow/.local/lib/python3.8/site-packages/airflow/example_dags/tutorial.py
[2026-04-08T12:31:40.040+0000] {processor.py:830} INFO - Processing file /home/airflow/.local/lib/python3.8/site-packages/airflow/example_dags/tutorial.py for tasks to queue
[2026-04-08T12:31:40.042+0000] {logging_mixin.py:188} INFO - [2026-04-08T12:31:40.042+0000] {dagbag.py:538} INFO - Filling up the DagBag from /home/airflow/.local/lib/python3.8/site-packages/airflow/example_dags/tutorial.py
[2026-04-08T12:31:40.048+0000] {processor.py:840} INFO - DAG(s) 'tutorial' retrieved from /home/airflow/.local/lib/python3.8/site-packages/airflow/example_dags/tutorial.py
[2026-04-08T12:31:40.069+0000] {logging_mixin.py:188} INFO - [2026-04-08T12:31:40.068+0000] {dag.py:3033} INFO - Sync 1 DAGs
[2026-04-08T12:31:40.086+0000] {logging_mixin.py:188} INFO - [2026-04-08T12:31:40.086+0000] {dag.py:3820} INFO - Setting next_dagrun for tutorial to 2026-04-07T00:00:00+00:00, run_after=2026-04-08T00:00:00+00:00
[2026-04-08T12:31:40.102+0000] {processor.py:183} INFO - Processing /home/airflow/.local/lib/python3.8/site-packages/airflow/example_dags/tutorial.py took 0.066 seconds
[2026-04-08T12:32:10.583+0000] {processor.py:161} INFO - Started process (PID=2562) to work on /home/airflow/.local/lib/python3.8/site-packages/airflow/example_dags/tutorial.py
[2026-04-08T12:32:10.587+0000] {processor.py:830} INFO - Processing file /home/airflow/.local/lib/python3.8/site-packages/airflow/example_dags/tutorial.py for tasks to queue
[2026-04-08T12:32:10.613+0000] {logging_mixin.py:188} INFO - [2026-04-08T12:32:10.612+0000] {dagbag.py:538} INFO - Filling up the DagBag from /home/airflow/.local/lib/python3.8/site-packages/airflow/example_dags/tutorial.py
[2026-04-08T12:32:10.670+0000] {processor.py:840} INFO - DAG(s) 'tutorial' retrieved from /home/airflow/.local/lib/python3.8/site-packages/airflow/example_dags/tutorial.py
[2026-04-08T12:32:10.783+0000] {logging_mixin.py:188} INFO - [2026-04-08T12:32:10.782+0000] {dag.py:3033} INFO - Sync 1 DAGs
[2026-04-08T12:32:10.884+0000] {logging_mixin.py:188} INFO - [2026-04-08T12:32:10.880+0000] {dag.py:3820} INFO - Setting next_dagrun for tutorial to 2026-04-07T00:00:00+00:00, run_after=2026-04-08T00:00:00+00:00
[2026-04-08T12:32:10.990+0000] {processor.py:183} INFO - Processing /home/airflow/.local/lib/python3.8/site-packages/airflow/example_dags/tutorial.py took 0.430 seconds
[2026-04-08T12:32:41.219+0000] {processor.py:161} INFO - Started process (PID=2652) to work on /home/airflow/.local/lib/python3.8/site-packages/airflow/example_dags/tutorial.py
[2026-04-08T12:32:41.223+0000] {processor.py:830} INFO - Processing file /home/airflow/.local/lib/python3.8/site-packages/airflow/example_dags/tutorial.py for tasks to queue
[2026-04-08T12:32:41.233+0000] {logging_mixin.py:188} INFO - [2026-04-08T12:32:41.233+0000] {dagbag.py:538} INFO - Filling up the DagBag from /home/airflow/.local/lib/python3.8/site-packages/airflow/example_dags/tutorial.py
[2026-04-08T12:32:41.260+0000] {processor.py:840} INFO - DAG(s) 'tutorial' retrieved from /home/airflow/.local/lib/python3.8/site-packages/airflow/example_dags/tutorial.py
[2026-04-08T12:32:41.295+0000] {logging_mixin.py:188} INFO - [2026-04-08T12:32:41.295+0000] {dag.py:3033} INFO - Sync 1 DAGs
[2026-04-08T12:32:41.384+0000] {logging_mixin.py:188} INFO - [2026-04-08T12:32:41.384+0000] {dag.py:3820} INFO - Setting next_dagrun for tutorial to 2026-04-07T00:00:00+00:00, run_after=2026-04-08T00:00:00+00:00
[2026-04-08T12:32:41.458+0000] {processor.py:183} INFO - Processing /home/airflow/.local/lib/python3.8/site-packages/airflow/example_dags/tutorial.py took 0.249 seconds
[2026-04-08T12:33:17.172+0000] {processor.py:161} INFO - Started process (PID=2730) to work on /home/airflow/.local/lib/python3.8/site-packages/airflow/example_dags/tutorial.py
[2026-04-08T12:33:17.180+0000] {processor.py:830} INFO - Processing file /home/airflow/.local/lib/python3.8/site-packages/airflow/example_dags/tutorial.py for tasks to queue
[2026-04-08T12:33:17.188+0000] {logging_mixin.py:188} INFO - [2026-04-08T12:33:17.187+0000] {dagbag.py:538} INFO - Filling up the DagBag from /home/airflow/.local/lib/python3.8/site-packages/airflow/example_dags/tutorial.py
[2026-04-08T12:33:17.211+0000] {processor.py:840} INFO - DAG(s) 'tutorial' retrieved from /home/airflow/.local/lib/python3.8/site-packages/airflow/example_dags/tutorial.py
[2026-04-08T12:33:17.656+0000] {logging_mixin.py:188} INFO - [2026-04-08T12:33:17.656+0000] {dag.py:3033} INFO - Sync 1 DAGs
[2026-04-08T12:33:17.704+0000] {logging_mixin.py:188} INFO - [2026-04-08T12:33:17.703+0000] {dag.py:3820} INFO - Setting next_dagrun for tutorial to 2026-04-07T00:00:00+00:00, run_after=2026-04-08T00:00:00+00:00
[2026-04-08T12:33:17.768+0000] {processor.py:183} INFO - Processing /home/airflow/.local/lib/python3.8/site-packages/airflow/example_dags/tutorial.py took 0.612 seconds
[2026-04-08T12:33:48.330+0000] {processor.py:161} INFO - Started process (PID=2787) to work on /home/airflow/.local/lib/python3.8/site-packages/airflow/example_dags/tutorial.py
[2026-04-08T12:33:48.332+0000] {processor.py:830} INFO - Processing file /home/airflow/.local/lib/python3.8/site-packages/airflow/example_dags/tutorial.py for tasks to queue
[2026-04-08T12:33:48.337+0000] {logging_mixin.py:188} INFO - [2026-04-08T12:33:48.336+0000] {dagbag.py:538} INFO - Filling up the DagBag from /home/airflow/.local/lib/python3.8/site-packages/airflow/example_dags/tutorial.py
[2026-04-08T12:33:48.355+0000] {processor.py:840} INFO - DAG(s) 'tutorial' retrieved from /home/airflow/.local/lib/python3.8/site-packages/airflow/example_dags/tutorial.py
[2026-04-08T12:33:48.472+0000] {logging_mixin.py:188} INFO - [2026-04-08T12:33:48.472+0000] {dag.py:3033} INFO - Sync 1 DAGs
[2026-04-08T12:33:48.542+0000] {logging_mixin.py:188} INFO - [2026-04-08T12:33:48.542+0000] {dag.py:3820} INFO - Setting next_dagrun for tutorial to 2026-04-07T00:00:00+00:00, run_after=2026-04-08T00:00:00+00:00
[2026-04-08T12:33:48.580+0000] {processor.py:183} INFO - Processing /home/airflow/.local/lib/python3.8/site-packages/airflow/example_dags/tutorial.py took 0.269 seconds
[2026-04-08T12:34:18.768+0000] {processor.py:161} INFO - Started process (PID=2845) to work on /home/airflow/.local/lib/python3.8/site-packages/airflow/example_dags/tutorial.py
[2026-04-08T12:34:18.769+0000] {processor.py:830} INFO - Processing file /home/airflow/.local/lib/python3.8/site-packages/airflow/example_dags/tutorial.py for tasks to queue
[2026-04-08T12:34:18.771+0000] {logging_mixin.py:188} INFO - [2026-04-08T12:34:18.771+0000] {dagbag.py:538} INFO - Filling up the DagBag from /home/airflow/.local/lib/python3.8/site-packages/airflow/example_dags/tutorial.py
[2026-04-08T12:34:18.779+0000] {processor.py:840} INFO - DAG(s) 'tutorial' retrieved from /home/airflow/.local/lib/python3.8/site-packages/airflow/example_dags/tutorial.py
[2026-04-08T12:34:18.803+0000] {logging_mixin.py:188} INFO - [2026-04-08T12:34:18.803+0000] {dag.py:3033} INFO - Sync 1 DAGs
[2026-04-08T12:34:18.836+0000] {logging_mixin.py:188} INFO - [2026-04-08T12:34:18.836+0000] {dag.py:3820} INFO - Setting next_dagrun for tutorial to 2026-04-07T00:00:00+00:00, run_after=2026-04-08T00:00:00+00:00
[2026-04-08T12:34:18.853+0000] {processor.py:183} INFO - Processing /home/airflow/.local/lib/python3.8/site-packages/airflow/example_dags/tutorial.py took 0.089 seconds
[2026-04-08T12:34:49.447+0000] {processor.py:161} INFO - Started process (PID=2920) to work on /home/airflow/.local/lib/python3.8/site-packages/airflow/example_dags/tutorial.py
[2026-04-08T12:34:49.448+0000] {processor.py:830} INFO - Processing file /home/airflow/.local/lib/python3.8/site-packages/airflow/example_dags/tutorial.py for tasks to queue
[2026-04-08T12:34:49.451+0000] {logging_mixin.py:188} INFO - [2026-04-08T12:34:49.451+0000] {dagbag.py:538} INFO - Filling up the DagBag from /home/airflow/.local/lib/python3.8/site-packages/airflow/example_dags/tutorial.py
[2026-04-08T12:34:49.459+0000] {processor.py:840} INFO - DAG(s) 'tutorial' retrieved from /home/airflow/.local/lib/python3.8/site-packages/airflow/example_dags/tutorial.py
[2026-04-08T12:34:49.488+0000] {logging_mixin.py:188} INFO - [2026-04-08T12:34:49.487+0000] {dag.py:3033} INFO - Sync 1 DAGs
[2026-04-08T12:34:49.516+0000] {logging_mixin.py:188} INFO - [2026-04-08T12:34:49.515+0000] {dag.py:3820} INFO - Setting next_dagrun for tutorial to 2026-04-07T00:00:00+00:00, run_after=2026-04-08T00:00:00+00:00
[2026-04-08T12:34:49.535+0000] {processor.py:183} INFO - Processing /home/airflow/.local/lib/python3.8/site-packages/airflow/example_dags/tutorial.py took 0.092 seconds
[2026-04-08T12:35:19.974+0000] {processor.py:161} INFO - Started process (PID=2985) to work on /home/airflow/.local/lib/python3.8/site-packages/airflow/example_dags/tutorial.py
[2026-04-08T12:35:19.976+0000] {processor.py:830} INFO - Processing file /home/airflow/.local/lib/python3.8/site-packages/airflow/example_dags/tutorial.py for tasks to queue
[2026-04-08T12:35:19.978+0000] {logging_mixin.py:188} INFO - [2026-04-08T12:35:19.978+0000] {dagbag.py:538} INFO - Filling up the DagBag from /home/airflow/.local/lib/python3.8/site-packages/airflow/example_dags/tutorial.py
[2026-04-08T12:35:19.985+0000] {processor.py:840} INFO - DAG(s) 'tutorial' retrieved from /home/airflow/.local/lib/python3.8/site-packages/airflow/example_dags/tutorial.py
[2026-04-08T12:35:20.003+0000] {logging_mixin.py:188} INFO - [2026-04-08T12:35:20.003+0000] {dag.py:3033} INFO - Sync 1 DAGs
[2026-04-08T12:35:20.025+0000] {logging_mixin.py:188} INFO - [2026-04-08T12:35:20.024+0000] {dag.py:3820} INFO - Setting next_dagrun for tutorial to 2026-04-07T00:00:00+00:00, run_after=2026-04-08T00:00:00+00:00
[2026-04-08T12:35:20.038+0000] {processor.py:183} INFO - Processing /home/airflow/.local/lib/python3.8/site-packages/airflow/example_dags/tutorial.py took 0.070 seconds
[2026-04-08T12:35:51.089+0000] {processor.py:161} INFO - Started process (PID=3052) to work on /home/airflow/.local/lib/python3.8/site-packages/airflow/example_dags/tutorial.py
[2026-04-08T12:35:51.093+0000] {processor.py:830} INFO - Processing file /home/airflow/.local/lib/python3.8/site-packages/airflow/example_dags/tutorial.py for tasks to queue
[2026-04-08T12:35:51.098+0000] {logging_mixin.py:188} INFO - [2026-04-08T12:35:51.097+0000] {dagbag.py:538} INFO - Filling up the DagBag from /home/airflow/.local/lib/python3.8/site-packages/airflow/example_dags/tutorial.py
[2026-04-08T12:35:51.112+0000] {processor.py:840} INFO - DAG(s) 'tutorial' retrieved from /home/airflow/.local/lib/python3.8/site-packages/airflow/example_dags/tutorial.py
[2026-04-08T12:35:51.247+0000] {logging_mixin.py:188} INFO - [2026-04-08T12:35:51.246+0000] {dag.py:3033} INFO - Sync 1 DAGs
[2026-04-08T12:35:51.274+0000] {logging_mixin.py:188} INFO - [2026-04-08T12:35:51.273+0000] {dag.py:3820} INFO - Setting next_dagrun for tutorial to 2026-04-07T00:00:00+00:00, run_after=2026-04-08T00:00:00+00:00
[2026-04-08T12:35:51.312+0000] {processor.py:183} INFO - Processing /home/airflow/.local/lib/python3.8/site-packages/airflow/example_dags/tutorial.py took 0.232 seconds
[2026-04-08T12:36:21.941+0000] {processor.py:161} INFO - Started process (PID=3138) to work on /home/airflow/.local/lib/python3.8/site-packages/airflow/example_dags/tutorial.py
[2026-04-08T12:36:21.943+0000] {processor.py:830} INFO - Processing file /home/airflow/.local/lib/python3.8/site-packages/airflow/example_dags/tutorial.py for tasks to queue
[2026-04-08T12:36:21.948+0000] {logging_mixin.py:188} INFO - [2026-04-08T12:36:21.948+0000] {dagbag.py:538} INFO - Filling up the DagBag from /home/airflow/.local/lib/python3.8/site-packages/airflow/example_dags/tutorial.py
[2026-04-08T12:36:21.960+0000] {processor.py:840} INFO - DAG(s) 'tutorial' retrieved from /home/airflow/.local/lib/python3.8/site-packages/airflow/example_dags/tutorial.py
[2026-04-08T12:36:22.020+0000] {logging_mixin.py:188} INFO - [2026-04-08T12:36:22.019+0000] {dag.py:3033} INFO - Sync 1 DAGs
[2026-04-08T12:36:22.063+0000] {logging_mixin.py:188} INFO - [2026-04-08T12:36:22.063+0000] {dag.py:3820} INFO - Setting next_dagrun for tutorial to 2026-04-07T00:00:00+00:00, run_after=2026-04-08T00:00:00+00:00
[2026-04-08T12:36:22.108+0000] {processor.py:183} INFO - Processing /home/airflow/.local/lib/python3.8/site-packages/airflow/example_dags/tutorial.py took 0.178 seconds
[2026-04-08T12:36:52.302+0000] {processor.py:161} INFO - Started process (PID=3205) to work on /home/airflow/.local/lib/python3.8/site-packages/airflow/example_dags/tutorial.py
[2026-04-08T12:36:52.309+0000] {processor.py:830} INFO - Processing file /home/airflow/.local/lib/python3.8/site-packages/airflow/example_dags/tutorial.py for tasks to queue
[2026-04-08T12:36:52.313+0000] {logging_mixin.py:188} INFO - [2026-04-08T12:36:52.313+0000] {dagbag.py:538} INFO - Filling up the DagBag from /home/airflow/.local/lib/python3.8/site-packages/airflow/example_dags/tutorial.py
[2026-04-08T12:36:52.337+0000] {processor.py:840} INFO - DAG(s) 'tutorial' retrieved from /home/airflow/.local/lib/python3.8/site-packages/airflow/example_dags/tutorial.py
[2026-04-08T12:36:52.409+0000] {logging_mixin.py:188} INFO - [2026-04-08T12:36:52.408+0000] {dag.py:3033} INFO - Sync 1 DAGs
[2026-04-08T12:36:52.470+0000] {logging_mixin.py:188} INFO - [2026-04-08T12:36:52.470+0000] {dag.py:3820} INFO - Setting next_dagrun for tutorial to 2026-04-07T00:00:00+00:00, run_after=2026-04-08T00:00:00+00:00
[2026-04-08T12:36:52.494+0000] {processor.py:183} INFO - Processing /home/airflow/.local/lib/python3.8/site-packages/airflow/example_dags/tutorial.py took 0.200 seconds
[2026-04-08T12:37:23.339+0000] {processor.py:161} INFO - Started process (PID=3264) to work on /home/airflow/.local/lib/python3.8/site-packages/airflow/example_dags/tutorial.py
[2026-04-08T12:37:23.365+0000] {processor.py:830} INFO - Processing file /home/airflow/.local/lib/python3.8/site-packages/airflow/example_dags/tutorial.py for tasks to queue
[2026-04-08T12:37:23.372+0000] {logging_mixin.py:188} INFO - [2026-04-08T12:37:23.371+0000] {dagbag.py:538} INFO - Filling up the DagBag from /home/airflow/.local/lib/python3.8/site-packages/airflow/example_dags/tutorial.py
[2026-04-08T12:37:23.396+0000] {processor.py:840} INFO - DAG(s) 'tutorial' retrieved from /home/airflow/.local/lib/python3.8/site-packages/airflow/example_dags/tutorial.py
[2026-04-08T12:37:23.449+0000] {logging_mixin.py:188} INFO - [2026-04-08T12:37:23.449+0000] {dag.py:3033} INFO - Sync 1 DAGs
[2026-04-08T12:37:23.532+0000] {logging_mixin.py:188} INFO - [2026-04-08T12:37:23.531+0000] {dag.py:3820} INFO - Setting next_dagrun for tutorial to 2026-04-07T00:00:00+00:00, run_after=2026-04-08T00:00:00+00:00
[2026-04-08T12:37:23.570+0000] {processor.py:183} INFO - Processing /home/airflow/.local/lib/python3.8/site-packages/airflow/example_dags/tutorial.py took 0.242 seconds
[2026-04-08T12:37:54.462+0000] {processor.py:161} INFO - Started process (PID=3323) to work on /home/airflow/.local/lib/python3.8/site-packages/airflow/example_dags/tutorial.py
[2026-04-08T12:37:54.465+0000] {processor.py:830} INFO - Processing file /home/airflow/.local/lib/python3.8/site-packages/airflow/example_dags/tutorial.py for tasks to queue
[2026-04-08T12:37:54.467+0000] {logging_mixin.py:188} INFO - [2026-04-08T12:37:54.467+0000] {dagbag.py:538} INFO - Filling up the DagBag from /home/airflow/.local/lib/python3.8/site-packages/airflow/example_dags/tutorial.py
[2026-04-08T12:37:54.474+0000] {processor.py:840} INFO - DAG(s) 'tutorial' retrieved from /home/airflow/.local/lib/python3.8/site-packages/airflow/example_dags/tutorial.py
[2026-04-08T12:37:54.498+0000] {logging_mixin.py:188} INFO - [2026-04-08T12:37:54.497+0000] {dag.py:3033} INFO - Sync 1 DAGs
[2026-04-08T12:37:54.524+0000] {logging_mixin.py:188} INFO - [2026-04-08T12:37:54.524+0000] {dag.py:3820} INFO - Setting next_dagrun for tutorial to 2026-04-07T00:00:00+00:00, run_after=2026-04-08T00:00:00+00:00
[2026-04-08T12:37:54.542+0000] {processor.py:183} INFO - Processing /home/airflow/.local/lib/python3.8/site-packages/airflow/example_dags/tutorial.py took 0.083 seconds
[2026-04-08T12:38:24.829+0000] {processor.py:161} INFO - Started process (PID=3382) to work on /home/airflow/.local/lib/python3.8/site-packages/airflow/example_dags/tutorial.py
[2026-04-08T12:38:24.831+0000] {processor.py:830} INFO - Processing file /home/airflow/.local/lib/python3.8/site-packages/airflow/example_dags/tutorial.py for tasks to queue
[2026-04-08T12:38:24.834+0000] {logging_mixin.py:188} INFO - [2026-04-08T12:38:24.834+0000] {dagbag.py:538} INFO - Filling up the DagBag from /home/airflow/.local/lib/python3.8/site-packages/airflow/example_dags/tutorial.py
[2026-04-08T12:38:24.841+0000] {processor.py:840} INFO - DAG(s) 'tutorial' retrieved from /home/airflow/.local/lib/python3.8/site-packages/airflow/example_dags/tutorial.py
[2026-04-08T12:38:24.869+0000] {logging_mixin.py:188} INFO - [2026-04-08T12:38:24.868+0000] {dag.py:3033} INFO - Sync 1 DAGs
[2026-04-08T12:38:24.896+0000] {logging_mixin.py:188} INFO - [2026-04-08T12:38:24.896+0000] {dag.py:3820} INFO - Setting next_dagrun for tutorial to 2026-04-07T00:00:00+00:00, run_after=2026-04-08T00:00:00+00:00
[2026-04-08T12:38:24.916+0000] {processor.py:183} INFO - Processing /home/airflow/.local/lib/python3.8/site-packages/airflow/example_dags/tutorial.py took 0.091 seconds
[2026-04-08T12:38:55.056+0000] {processor.py:161} INFO - Started process (PID=3441) to work on /home/airflow/.local/lib/python3.8/site-packages/airflow/example_dags/tutorial.py
[2026-04-08T12:38:55.058+0000] {processor.py:830} INFO - Processing file /home/airflow/.local/lib/python3.8/site-packages/airflow/example_dags/tutorial.py for tasks to queue
[2026-04-08T12:38:55.066+0000] {logging_mixin.py:188} INFO - [2026-04-08T12:38:55.066+0000] {dagbag.py:538} INFO - Filling up the DagBag from /home/airflow/.local/lib/python3.8/site-packages/airflow/example_dags/tutorial.py
[2026-04-08T12:38:55.092+0000] {processor.py:840} INFO - DAG(s) 'tutorial' retrieved from /home/airflow/.local/lib/python3.8/site-packages/airflow/example_dags/tutorial.py
[2026-04-08T12:38:55.165+0000] {logging_mixin.py:188} INFO - [2026-04-08T12:38:55.164+0000] {dag.py:3033} INFO - Sync 1 DAGs
[2026-04-08T12:38:55.203+0000] {logging_mixin.py:188} INFO - [2026-04-08T12:38:55.201+0000] {dag.py:3820} INFO - Setting next_dagrun for tutorial to 2026-04-07T00:00:00+00:00, run_after=2026-04-08T00:00:00+00:00
[2026-04-08T12:38:55.260+0000] {processor.py:183} INFO - Processing /home/airflow/.local/lib/python3.8/site-packages/airflow/example_dags/tutorial.py took 0.210 seconds
[2026-04-08T12:39:25.850+0000] {processor.py:161} INFO - Started process (PID=3508) to work on /home/airflow/.local/lib/python3.8/site-packages/airflow/example_dags/tutorial.py
[2026-04-08T12:39:25.851+0000] {processor.py:830} INFO - Processing file /home/airflow/.local/lib/python3.8/site-packages/airflow/example_dags/tutorial.py for tasks to queue
[2026-04-08T12:39:25.854+0000] {logging_mixin.py:188} INFO - [2026-04-08T12:39:25.853+0000] {dagbag.py:538} INFO - Filling up the DagBag from /home/airflow/.local/lib/python3.8/site-packages/airflow/example_dags/tutorial.py
[2026-04-08T12:39:25.866+0000] {processor.py:840} INFO - DAG(s) 'tutorial' retrieved from /home/airflow/.local/lib/python3.8/site-packages/airflow/example_dags/tutorial.py
[2026-04-08T12:39:25.907+0000] {logging_mixin.py:188} INFO - [2026-04-08T12:39:25.907+0000] {dag.py:3033} INFO - Sync 1 DAGs
[2026-04-08T12:39:25.948+0000] {logging_mixin.py:188} INFO - [2026-04-08T12:39:25.948+0000] {dag.py:3820} INFO - Setting next_dagrun for tutorial to 2026-04-07T00:00:00+00:00, run_after=2026-04-08T00:00:00+00:00
[2026-04-08T12:39:25.966+0000] {processor.py:183} INFO - Processing /home/airflow/.local/lib/python3.8/site-packages/airflow/example_dags/tutorial.py took 0.119 seconds
[2026-04-08T12:39:56.396+0000] {processor.py:161} INFO - Started process (PID=3567) to work on /home/airflow/.local/lib/python3.8/site-packages/airflow/example_dags/tutorial.py
[2026-04-08T12:39:56.397+0000] {processor.py:830} INFO - Processing file /home/airflow/.local/lib/python3.8/site-packages/airflow/example_dags/tutorial.py for tasks to queue
[2026-04-08T12:39:56.400+0000] {logging_mixin.py:188} INFO - [2026-04-08T12:39:56.400+0000] {dagbag.py:538} INFO - Filling up the DagBag from /home/airflow/.local/lib/python3.8/site-packages/airflow/example_dags/tutorial.py
[2026-04-08T12:39:56.409+0000] {processor.py:840} INFO - DAG(s) 'tutorial' retrieved from /home/airflow/.local/lib/python3.8/site-packages/airflow/example_dags/tutorial.py
[2026-04-08T12:39:56.456+0000] {logging_mixin.py:188} INFO - [2026-04-08T12:39:56.456+0000] {dag.py:3033} INFO - Sync 1 DAGs
[2026-04-08T12:39:56.486+0000] {logging_mixin.py:188} INFO - [2026-04-08T12:39:56.486+0000] {dag.py:3820} INFO - Setting next_dagrun for tutorial to 2026-04-07T00:00:00+00:00, run_after=2026-04-08T00:00:00+00:00
[2026-04-08T12:39:56.504+0000] {processor.py:183} INFO - Processing /home/airflow/.local/lib/python3.8/site-packages/airflow/example_dags/tutorial.py took 0.112 seconds
[2026-04-08T12:40:27.135+0000] {processor.py:161} INFO - Started process (PID=3650) to work on /home/airflow/.local/lib/python3.8/site-packages/airflow/example_dags/tutorial.py
[2026-04-08T12:40:27.137+0000] {processor.py:830} INFO - Processing file /home/airflow/.local/lib/python3.8/site-packages/airflow/example_dags/tutorial.py for tasks to queue
[2026-04-08T12:40:27.141+0000] {logging_mixin.py:188} INFO - [2026-04-08T12:40:27.140+0000] {dagbag.py:538} INFO - Filling up the DagBag from /home/airflow/.local/lib/python3.8/site-packages/airflow/example_dags/tutorial.py
[2026-04-08T12:40:27.156+0000] {processor.py:840} INFO - DAG(s) 'tutorial' retrieved from /home/airflow/.local/lib/python3.8/site-packages/airflow/example_dags/tutorial.py
[2026-04-08T12:40:27.183+0000] {logging_mixin.py:188} INFO - [2026-04-08T12:40:27.183+0000] {dag.py:3033} INFO - Sync 1 DAGs
[2026-04-08T12:40:27.214+0000] {logging_mixin.py:188} INFO - [2026-04-08T12:40:27.214+0000] {dag.py:3820} INFO - Setting next_dagrun for tutorial to 2026-04-07T00:00:00+00:00, run_after=2026-04-08T00:00:00+00:00
[2026-04-08T12:40:27.234+0000] {processor.py:183} INFO - Processing /home/airflow/.local/lib/python3.8/site-packages/airflow/example_dags/tutorial.py took 0.107 seconds
[2026-04-08T12:40:57.996+0000] {processor.py:161} INFO - Started process (PID=3724) to work on /home/airflow/.local/lib/python3.8/site-packages/airflow/example_dags/tutorial.py
[2026-04-08T12:40:57.997+0000] {processor.py:830} INFO - Processing file /home/airflow/.local/lib/python3.8/site-packages/airflow/example_dags/tutorial.py for tasks to queue
[2026-04-08T12:40:58.000+0000] {logging_mixin.py:188} INFO - [2026-04-08T12:40:57.999+0000] {dagbag.py:538} INFO - Filling up the DagBag from /home/airflow/.local/lib/python3.8/site-packages/airflow/example_dags/tutorial.py
[2026-04-08T12:40:58.007+0000] {processor.py:840} INFO - DAG(s) 'tutorial' retrieved from /home/airflow/.local/lib/python3.8/site-packages/airflow/example_dags/tutorial.py
[2026-04-08T12:40:58.135+0000] {logging_mixin.py:188} INFO - [2026-04-08T12:40:58.134+0000] {dag.py:3033} INFO - Sync 1 DAGs
[2026-04-08T12:40:58.157+0000] {logging_mixin.py:188} INFO - [2026-04-08T12:40:58.157+0000] {dag.py:3820} INFO - Setting next_dagrun for tutorial to 2026-04-07T00:00:00+00:00, run_after=2026-04-08T00:00:00+00:00
[2026-04-08T12:40:58.196+0000] {processor.py:183} INFO - Processing /home/airflow/.local/lib/python3.8/site-packages/airflow/example_dags/tutorial.py took 0.204 seconds
[2026-04-08T12:41:28.849+0000] {processor.py:161} INFO - Started process (PID=3791) to work on /home/airflow/.local/lib/python3.8/site-packages/airflow/example_dags/tutorial.py
[2026-04-08T12:41:28.850+0000] {processor.py:830} INFO - Processing file /home/airflow/.local/lib/python3.8/site-packages/airflow/example_dags/tutorial.py for tasks to queue
[2026-04-08T12:41:28.852+0000] {logging_mixin.py:188} INFO - [2026-04-08T12:41:28.852+0000] {dagbag.py:538} INFO - Filling up the DagBag from /home/airflow/.local/lib/python3.8/site-packages/airflow/example_dags/tutorial.py
[2026-04-08T12:41:28.860+0000] {processor.py:840} INFO - DAG(s) 'tutorial' retrieved from /home/airflow/.local/lib/python3.8/site-packages/airflow/example_dags/tutorial.py
[2026-04-08T12:41:28.883+0000] {logging_mixin.py:188} INFO - [2026-04-08T12:41:28.883+0000] {dag.py:3033} INFO - Sync 1 DAGs
[2026-04-08T12:41:28.908+0000] {logging_mixin.py:188} INFO - [2026-04-08T12:41:28.908+0000] {dag.py:3820} INFO - Setting next_dagrun for tutorial to 2026-04-07T00:00:00+00:00, run_after=2026-04-08T00:00:00+00:00
[2026-04-08T12:41:28.928+0000] {processor.py:183} INFO - Processing /home/airflow/.local/lib/python3.8/site-packages/airflow/example_dags/tutorial.py took 0.084 seconds
[2026-04-08T12:41:59.934+0000] {processor.py:161} INFO - Started process (PID=3858) to work on /home/airflow/.local/lib/python3.8/site-packages/airflow/example_dags/tutorial.py
[2026-04-08T12:41:59.939+0000] {processor.py:830} INFO - Processing file /home/airflow/.local/lib/python3.8/site-packages/airflow/example_dags/tutorial.py for tasks to queue
[2026-04-08T12:41:59.940+0000] {logging_mixin.py:188} INFO - [2026-04-08T12:41:59.940+0000] {dagbag.py:538} INFO - Filling up the DagBag from /home/airflow/.local/lib/python3.8/site-packages/airflow/example_dags/tutorial.py
[2026-04-08T12:41:59.949+0000] {processor.py:840} INFO - DAG(s) 'tutorial' retrieved from /home/airflow/.local/lib/python3.8/site-packages/airflow/example_dags/tutorial.py
[2026-04-08T12:41:59.973+0000] {logging_mixin.py:188} INFO - [2026-04-08T12:41:59.973+0000] {dag.py:3033} INFO - Sync 1 DAGs
[2026-04-08T12:41:59.999+0000] {logging_mixin.py:188} INFO - [2026-04-08T12:41:59.999+0000] {dag.py:3820} INFO - Setting next_dagrun for tutorial to 2026-04-07T00:00:00+00:00, run_after=2026-04-08T00:00:00+00:00
[2026-04-08T12:42:00.020+0000] {processor.py:183} INFO - Processing /home/airflow/.local/lib/python3.8/site-packages/airflow/example_dags/tutorial.py took 0.091 seconds
[2026-04-08T12:42:30.337+0000] {processor.py:161} INFO - Started process (PID=3918) to work on /home/airflow/.local/lib/python3.8/site-packages/airflow/example_dags/tutorial.py
[2026-04-08T12:42:30.338+0000] {processor.py:830} INFO - Processing file /home/airflow/.local/lib/python3.8/site-packages/airflow/example_dags/tutorial.py for tasks to queue
[2026-04-08T12:42:30.339+0000] {logging_mixin.py:188} INFO - [2026-04-08T12:42:30.339+0000] {dagbag.py:538} INFO - Filling up the DagBag from /home/airflow/.local/lib/python3.8/site-packages/airflow/example_dags/tutorial.py
[2026-04-08T12:42:30.347+0000] {processor.py:840} INFO - DAG(s) 'tutorial' retrieved from /home/airflow/.local/lib/python3.8/site-packages/airflow/example_dags/tutorial.py
[2026-04-08T12:42:30.371+0000] {logging_mixin.py:188} INFO - [2026-04-08T12:42:30.371+0000] {dag.py:3033} INFO - Sync 1 DAGs
[2026-04-08T12:42:30.399+0000] {logging_mixin.py:188} INFO - [2026-04-08T12:42:30.399+0000] {dag.py:3820} INFO - Setting next_dagrun for tutorial to 2026-04-07T00:00:00+00:00, run_after=2026-04-08T00:00:00+00:00
[2026-04-08T12:42:30.425+0000] {processor.py:183} INFO - Processing /home/airflow/.local/lib/python3.8/site-packages/airflow/example_dags/tutorial.py took 0.093 seconds
[2026-04-08T12:43:01.076+0000] {processor.py:161} INFO - Started process (PID=3978) to work on /home/airflow/.local/lib/python3.8/site-packages/airflow/example_dags/tutorial.py
[2026-04-08T12:43:01.077+0000] {processor.py:830} INFO - Processing file /home/airflow/.local/lib/python3.8/site-packages/airflow/example_dags/tutorial.py for tasks to queue
[2026-04-08T12:43:01.078+0000] {logging_mixin.py:188} INFO - [2026-04-08T12:43:01.078+0000] {dagbag.py:538} INFO - Filling up the DagBag from /home/airflow/.local/lib/python3.8/site-packages/airflow/example_dags/tutorial.py
[2026-04-08T12:43:01.086+0000] {processor.py:840} INFO - DAG(s) 'tutorial' retrieved from /home/airflow/.local/lib/python3.8/site-packages/airflow/example_dags/tutorial.py
[2026-04-08T12:43:01.108+0000] {logging_mixin.py:188} INFO - [2026-04-08T12:43:01.108+0000] {dag.py:3033} INFO - Sync 1 DAGs
[2026-04-08T12:43:01.134+0000] {logging_mixin.py:188} INFO - [2026-04-08T12:43:01.133+0000] {dag.py:3820} INFO - Setting next_dagrun for tutorial to 2026-04-07T00:00:00+00:00, run_after=2026-04-08T00:00:00+00:00
[2026-04-08T12:43:01.153+0000] {processor.py:183} INFO - Processing /home/airflow/.local/lib/python3.8/site-packages/airflow/example_dags/tutorial.py took 0.080 seconds
[2026-04-08T12:43:31.595+0000] {processor.py:161} INFO - Started process (PID=4038) to work on /home/airflow/.local/lib/python3.8/site-packages/airflow/example_dags/tutorial.py
[2026-04-08T12:43:31.596+0000] {processor.py:830} INFO - Processing file /home/airflow/.local/lib/python3.8/site-packages/airflow/example_dags/tutorial.py for tasks to queue
[2026-04-08T12:43:31.597+0000] {logging_mixin.py:188} INFO - [2026-04-08T12:43:31.597+0000] {dagbag.py:538} INFO - Filling up the DagBag from /home/airflow/.local/lib/python3.8/site-packages/airflow/example_dags/tutorial.py
[2026-04-08T12:43:31.609+0000] {processor.py:840} INFO - DAG(s) 'tutorial' retrieved from /home/airflow/.local/lib/python3.8/site-packages/airflow/example_dags/tutorial.py
[2026-04-08T12:43:31.641+0000] {logging_mixin.py:188} INFO - [2026-04-08T12:43:31.641+0000] {dag.py:3033} INFO - Sync 1 DAGs
[2026-04-08T12:43:31.666+0000] {logging_mixin.py:188} INFO - [2026-04-08T12:43:31.665+0000] {dag.py:3820} INFO - Setting next_dagrun for tutorial to 2026-04-07T00:00:00+00:00, run_after=2026-04-08T00:00:00+00:00
[2026-04-08T12:43:31.692+0000] {processor.py:183} INFO - Processing /home/airflow/.local/lib/python3.8/site-packages/airflow/example_dags/tutorial.py took 0.103 seconds
[2026-04-08T12:44:02.646+0000] {processor.py:161} INFO - Started process (PID=4113) to work on /home/airflow/.local/lib/python3.8/site-packages/airflow/example_dags/tutorial.py
[2026-04-08T12:44:02.647+0000] {processor.py:830} INFO - Processing file /home/airflow/.local/lib/python3.8/site-packages/airflow/example_dags/tutorial.py for tasks to queue
[2026-04-08T12:44:02.647+0000] {logging_mixin.py:188} INFO - [2026-04-08T12:44:02.647+0000] {dagbag.py:538} INFO - Filling up the DagBag from /home/airflow/.local/lib/python3.8/site-packages/airflow/example_dags/tutorial.py
[2026-04-08T12:44:02.655+0000] {processor.py:840} INFO - DAG(s) 'tutorial' retrieved from /home/airflow/.local/lib/python3.8/site-packages/airflow/example_dags/tutorial.py
[2026-04-08T12:44:02.812+0000] {logging_mixin.py:188} INFO - [2026-04-08T12:44:02.812+0000] {dag.py:3033} INFO - Sync 1 DAGs
[2026-04-08T12:44:02.835+0000] {logging_mixin.py:188} INFO - [2026-04-08T12:44:02.835+0000] {dag.py:3820} INFO - Setting next_dagrun for tutorial to 2026-04-07T00:00:00+00:00, run_after=2026-04-08T00:00:00+00:00
[2026-04-08T12:44:02.853+0000] {processor.py:183} INFO - Processing /home/airflow/.local/lib/python3.8/site-packages/airflow/example_dags/tutorial.py took 0.212 seconds
[2026-04-08T12:44:34.268+0000] {processor.py:161} INFO - Started process (PID=4206) to work on /home/airflow/.local/lib/python3.8/site-packages/airflow/example_dags/tutorial.py
[2026-04-08T12:44:34.272+0000] {processor.py:830} INFO - Processing file /home/airflow/.local/lib/python3.8/site-packages/airflow/example_dags/tutorial.py for tasks to queue
[2026-04-08T12:44:34.273+0000] {logging_mixin.py:188} INFO - [2026-04-08T12:44:34.273+0000] {dagbag.py:538} INFO - Filling up the DagBag from /home/airflow/.local/lib/python3.8/site-packages/airflow/example_dags/tutorial.py
[2026-04-08T12:44:34.293+0000] {processor.py:840} INFO - DAG(s) 'tutorial' retrieved from /home/airflow/.local/lib/python3.8/site-packages/airflow/example_dags/tutorial.py
[2026-04-08T12:44:34.380+0000] {logging_mixin.py:188} INFO - [2026-04-08T12:44:34.380+0000] {dag.py:3033} INFO - Sync 1 DAGs
[2026-04-08T12:44:34.451+0000] {logging_mixin.py:188} INFO - [2026-04-08T12:44:34.451+0000] {dag.py:3820} INFO - Setting next_dagrun for tutorial to 2026-04-07T00:00:00+00:00, run_after=2026-04-08T00:00:00+00:00
[2026-04-08T12:44:34.522+0000] {processor.py:183} INFO - Processing /home/airflow/.local/lib/python3.8/site-packages/airflow/example_dags/tutorial.py took 0.263 seconds
[2026-04-08T12:45:05.340+0000] {processor.py:161} INFO - Started process (PID=4265) to work on /home/airflow/.local/lib/python3.8/site-packages/airflow/example_dags/tutorial.py
[2026-04-08T12:45:05.341+0000] {processor.py:830} INFO - Processing file /home/airflow/.local/lib/python3.8/site-packages/airflow/example_dags/tutorial.py for tasks to queue
[2026-04-08T12:45:05.342+0000] {logging_mixin.py:188} INFO - [2026-04-08T12:45:05.342+0000] {dagbag.py:538} INFO - Filling up the DagBag from /home/airflow/.local/lib/python3.8/site-packages/airflow/example_dags/tutorial.py
[2026-04-08T12:45:05.350+0000] {processor.py:840} INFO - DAG(s) 'tutorial' retrieved from /home/airflow/.local/lib/python3.8/site-packages/airflow/example_dags/tutorial.py
[2026-04-08T12:45:05.372+0000] {logging_mixin.py:188} INFO - [2026-04-08T12:45:05.372+0000] {dag.py:3033} INFO - Sync 1 DAGs
[2026-04-08T12:45:05.401+0000] {logging_mixin.py:188} INFO - [2026-04-08T12:45:05.401+0000] {dag.py:3820} INFO - Setting next_dagrun for tutorial to 2026-04-07T00:00:00+00:00, run_after=2026-04-08T00:00:00+00:00
[2026-04-08T12:45:05.425+0000] {processor.py:183} INFO - Processing /home/airflow/.local/lib/python3.8/site-packages/airflow/example_dags/tutorial.py took 0.089 seconds
[2026-04-08T12:45:35.556+0000] {processor.py:161} INFO - Started process (PID=4331) to work on /home/airflow/.local/lib/python3.8/site-packages/airflow/example_dags/tutorial.py
[2026-04-08T12:45:35.557+0000] {processor.py:830} INFO - Processing file /home/airflow/.local/lib/python3.8/site-packages/airflow/example_dags/tutorial.py for tasks to queue
[2026-04-08T12:45:35.558+0000] {logging_mixin.py:188} INFO - [2026-04-08T12:45:35.557+0000] {dagbag.py:538} INFO - Filling up the DagBag from /home/airflow/.local/lib/python3.8/site-packages/airflow/example_dags/tutorial.py
[2026-04-08T12:45:35.573+0000] {processor.py:840} INFO - DAG(s) 'tutorial' retrieved from /home/airflow/.local/lib/python3.8/site-packages/airflow/example_dags/tutorial.py
[2026-04-08T12:45:35.605+0000] {logging_mixin.py:188} INFO - [2026-04-08T12:45:35.605+0000] {dag.py:3033} INFO - Sync 1 DAGs
[2026-04-08T12:45:35.632+0000] {logging_mixin.py:188} INFO - [2026-04-08T12:45:35.631+0000] {dag.py:3820} INFO - Setting next_dagrun for tutorial to 2026-04-07T00:00:00+00:00, run_after=2026-04-08T00:00:00+00:00
[2026-04-08T12:45:35.650+0000] {processor.py:183} INFO - Processing /home/airflow/.local/lib/python3.8/site-packages/airflow/example_dags/tutorial.py took 0.101 seconds
[2026-04-08T12:46:06.344+0000] {processor.py:161} INFO - Started process (PID=4398) to work on /home/airflow/.local/lib/python3.8/site-packages/airflow/example_dags/tutorial.py
[2026-04-08T12:46:06.353+0000] {processor.py:830} INFO - Processing file /home/airflow/.local/lib/python3.8/site-packages/airflow/example_dags/tutorial.py for tasks to queue
[2026-04-08T12:46:06.368+0000] {logging_mixin.py:188} INFO - [2026-04-08T12:46:06.362+0000] {dagbag.py:538} INFO - Filling up the DagBag from /home/airflow/.local/lib/python3.8/site-packages/airflow/example_dags/tutorial.py
[2026-04-08T12:46:06.386+0000] {processor.py:840} INFO - DAG(s) 'tutorial' retrieved from /home/airflow/.local/lib/python3.8/site-packages/airflow/example_dags/tutorial.py
[2026-04-08T12:46:06.468+0000] {logging_mixin.py:188} INFO - [2026-04-08T12:46:06.468+0000] {dag.py:3033} INFO - Sync 1 DAGs
[2026-04-08T12:46:06.571+0000] {logging_mixin.py:188} INFO - [2026-04-08T12:46:06.571+0000] {dag.py:3820} INFO - Setting next_dagrun for tutorial to 2026-04-07T00:00:00+00:00, run_after=2026-04-08T00:00:00+00:00
[2026-04-08T12:46:06.627+0000] {processor.py:183} INFO - Processing /home/airflow/.local/lib/python3.8/site-packages/airflow/example_dags/tutorial.py took 0.299 seconds
[2026-04-08T12:46:36.697+0000] {processor.py:161} INFO - Started process (PID=4467) to work on /home/airflow/.local/lib/python3.8/site-packages/airflow/example_dags/tutorial.py
[2026-04-08T12:46:36.698+0000] {processor.py:830} INFO - Processing file /home/airflow/.local/lib/python3.8/site-packages/airflow/example_dags/tutorial.py for tasks to queue
[2026-04-08T12:46:36.699+0000] {logging_mixin.py:188} INFO - [2026-04-08T12:46:36.699+0000] {dagbag.py:538} INFO - Filling up the DagBag from /home/airflow/.local/lib/python3.8/site-packages/airflow/example_dags/tutorial.py
[2026-04-08T12:46:36.708+0000] {processor.py:840} INFO - DAG(s) 'tutorial' retrieved from /home/airflow/.local/lib/python3.8/site-packages/airflow/example_dags/tutorial.py
[2026-04-08T12:46:36.910+0000] {logging_mixin.py:188} INFO - [2026-04-08T12:46:36.910+0000] {dag.py:3033} INFO - Sync 1 DAGs
[2026-04-08T12:46:36.939+0000] {logging_mixin.py:188} INFO - [2026-04-08T12:46:36.939+0000] {dag.py:3820} INFO - Setting next_dagrun for tutorial to 2026-04-07T00:00:00+00:00, run_after=2026-04-08T00:00:00+00:00
[2026-04-08T12:46:36.967+0000] {processor.py:183} INFO - Processing /home/airflow/.local/lib/python3.8/site-packages/airflow/example_dags/tutorial.py took 0.274 seconds
[2026-04-08T12:47:07.935+0000] {processor.py:161} INFO - Started process (PID=4527) to work on /home/airflow/.local/lib/python3.8/site-packages/airflow/example_dags/tutorial.py
[2026-04-08T12:47:07.940+0000] {processor.py:830} INFO - Processing file /home/airflow/.local/lib/python3.8/site-packages/airflow/example_dags/tutorial.py for tasks to queue
[2026-04-08T12:47:07.943+0000] {logging_mixin.py:188} INFO - [2026-04-08T12:47:07.942+0000] {dagbag.py:538} INFO - Filling up the DagBag from /home/airflow/.local/lib/python3.8/site-packages/airflow/example_dags/tutorial.py
[2026-04-08T12:47:07.984+0000] {processor.py:840} INFO - DAG(s) 'tutorial' retrieved from /home/airflow/.local/lib/python3.8/site-packages/airflow/example_dags/tutorial.py
[2026-04-08T12:47:08.037+0000] {logging_mixin.py:188} INFO - [2026-04-08T12:47:08.036+0000] {dag.py:3033} INFO - Sync 1 DAGs
[2026-04-08T12:47:08.076+0000] {logging_mixin.py:188} INFO - [2026-04-08T12:47:08.076+0000] {dag.py:3820} INFO - Setting next_dagrun for tutorial to 2026-04-07T00:00:00+00:00, run_after=2026-04-08T00:00:00+00:00
[2026-04-08T12:47:08.095+0000] {processor.py:183} INFO - Processing /home/airflow/.local/lib/python3.8/site-packages/airflow/example_dags/tutorial.py took 0.182 seconds
[2026-04-08T12:47:38.449+0000] {processor.py:161} INFO - Started process (PID=4613) to work on /home/airflow/.local/lib/python3.8/site-packages/airflow/example_dags/tutorial.py
[2026-04-08T12:47:38.454+0000] {processor.py:830} INFO - Processing file /home/airflow/.local/lib/python3.8/site-packages/airflow/example_dags/tutorial.py for tasks to queue
[2026-04-08T12:47:38.455+0000] {logging_mixin.py:188} INFO - [2026-04-08T12:47:38.455+0000] {dagbag.py:538} INFO - Filling up the DagBag from /home/airflow/.local/lib/python3.8/site-packages/airflow/example_dags/tutorial.py
[2026-04-08T12:47:38.471+0000] {processor.py:840} INFO - DAG(s) 'tutorial' retrieved from /home/airflow/.local/lib/python3.8/site-packages/airflow/example_dags/tutorial.py
[2026-04-08T12:47:38.607+0000] {logging_mixin.py:188} INFO - [2026-04-08T12:47:38.607+0000] {dag.py:3033} INFO - Sync 1 DAGs
[2026-04-08T12:47:38.630+0000] {logging_mixin.py:188} INFO - [2026-04-08T12:47:38.629+0000] {dag.py:3820} INFO - Setting next_dagrun for tutorial to 2026-04-07T00:00:00+00:00, run_after=2026-04-08T00:00:00+00:00
[2026-04-08T12:47:38.648+0000] {processor.py:183} INFO - Processing /home/airflow/.local/lib/python3.8/site-packages/airflow/example_dags/tutorial.py took 0.203 seconds
[2026-04-08T12:48:08.789+0000] {processor.py:161} INFO - Started process (PID=4696) to work on /home/airflow/.local/lib/python3.8/site-packages/airflow/example_dags/tutorial.py
[2026-04-08T12:48:08.794+0000] {processor.py:830} INFO - Processing file /home/airflow/.local/lib/python3.8/site-packages/airflow/example_dags/tutorial.py for tasks to queue
[2026-04-08T12:48:08.795+0000] {logging_mixin.py:188} INFO - [2026-04-08T12:48:08.795+0000] {dagbag.py:538} INFO - Filling up the DagBag from /home/airflow/.local/lib/python3.8/site-packages/airflow/example_dags/tutorial.py
[2026-04-08T12:48:08.808+0000] {processor.py:840} INFO - DAG(s) 'tutorial' retrieved from /home/airflow/.local/lib/python3.8/site-packages/airflow/example_dags/tutorial.py
[2026-04-08T12:48:08.820+0000] {logging_mixin.py:188} INFO - [2026-04-08T12:48:08.819+0000] {dag.py:3033} INFO - Sync 1 DAGs
[2026-04-08T12:48:08.846+0000] {logging_mixin.py:188} INFO - [2026-04-08T12:48:08.846+0000] {dag.py:3820} INFO - Setting next_dagrun for tutorial to 2026-04-07T00:00:00+00:00, run_after=2026-04-08T00:00:00+00:00
[2026-04-08T12:48:08.864+0000] {processor.py:183} INFO - Processing /home/airflow/.local/lib/python3.8/site-packages/airflow/example_dags/tutorial.py took 0.080 seconds
[2026-04-08T12:48:40.362+0000] {processor.py:161} INFO - Started process (PID=4763) to work on /home/airflow/.local/lib/python3.8/site-packages/airflow/example_dags/tutorial.py
[2026-04-08T12:48:40.365+0000] {processor.py:830} INFO - Processing file /home/airflow/.local/lib/python3.8/site-packages/airflow/example_dags/tutorial.py for tasks to queue
[2026-04-08T12:48:40.374+0000] {logging_mixin.py:188} INFO - [2026-04-08T12:48:40.374+0000] {dagbag.py:538} INFO - Filling up the DagBag from /home/airflow/.local/lib/python3.8/site-packages/airflow/example_dags/tutorial.py
[2026-04-08T12:48:40.410+0000] {processor.py:840} INFO - DAG(s) 'tutorial' retrieved from /home/airflow/.local/lib/python3.8/site-packages/airflow/example_dags/tutorial.py
[2026-04-08T12:48:40.743+0000] {logging_mixin.py:188} INFO - [2026-04-08T12:48:40.743+0000] {dag.py:3033} INFO - Sync 1 DAGs
[2026-04-08T12:48:40.792+0000] {logging_mixin.py:188} INFO - [2026-04-08T12:48:40.792+0000] {dag.py:3820} INFO - Setting next_dagrun for tutorial to 2026-04-07T00:00:00+00:00, run_after=2026-04-08T00:00:00+00:00
[2026-04-08T12:48:40.833+0000] {processor.py:183} INFO - Processing /home/airflow/.local/lib/python3.8/site-packages/airflow/example_dags/tutorial.py took 0.482 seconds
[2026-04-08T12:49:11.459+0000] {processor.py:161} INFO - Started process (PID=4823) to work on /home/airflow/.local/lib/python3.8/site-packages/airflow/example_dags/tutorial.py
[2026-04-08T12:49:11.460+0000] {processor.py:830} INFO - Processing file /home/airflow/.local/lib/python3.8/site-packages/airflow/example_dags/tutorial.py for tasks to queue
[2026-04-08T12:49:11.460+0000] {logging_mixin.py:188} INFO - [2026-04-08T12:49:11.460+0000] {dagbag.py:538} INFO - Filling up the DagBag from /home/airflow/.local/lib/python3.8/site-packages/airflow/example_dags/tutorial.py
[2026-04-08T12:49:11.469+0000] {processor.py:840} INFO - DAG(s) 'tutorial' retrieved from /home/airflow/.local/lib/python3.8/site-packages/airflow/example_dags/tutorial.py
[2026-04-08T12:49:11.490+0000] {logging_mixin.py:188} INFO - [2026-04-08T12:49:11.490+0000] {dag.py:3033} INFO - Sync 1 DAGs
[2026-04-08T12:49:11.516+0000] {logging_mixin.py:188} INFO - [2026-04-08T12:49:11.516+0000] {dag.py:3820} INFO - Setting next_dagrun for tutorial to 2026-04-07T00:00:00+00:00, run_after=2026-04-08T00:00:00+00:00
[2026-04-08T12:49:11.569+0000] {processor.py:183} INFO - Processing /home/airflow/.local/lib/python3.8/site-packages/airflow/example_dags/tutorial.py took 0.114 seconds
[2026-04-08T12:49:41.651+0000] {processor.py:161} INFO - Started process (PID=4882) to work on /home/airflow/.local/lib/python3.8/site-packages/airflow/example_dags/tutorial.py
[2026-04-08T12:49:41.654+0000] {processor.py:830} INFO - Processing file /home/airflow/.local/lib/python3.8/site-packages/airflow/example_dags/tutorial.py for tasks to queue
[2026-04-08T12:49:41.655+0000] {logging_mixin.py:188} INFO - [2026-04-08T12:49:41.655+0000] {dagbag.py:538} INFO - Filling up the DagBag from /home/airflow/.local/lib/python3.8/site-packages/airflow/example_dags/tutorial.py
[2026-04-08T12:49:41.673+0000] {processor.py:840} INFO - DAG(s) 'tutorial' retrieved from /home/airflow/.local/lib/python3.8/site-packages/airflow/example_dags/tutorial.py
[2026-04-08T12:49:41.734+0000] {logging_mixin.py:188} INFO - [2026-04-08T12:49:41.733+0000] {dag.py:3033} INFO - Sync 1 DAGs
[2026-04-08T12:49:41.805+0000] {logging_mixin.py:188} INFO - [2026-04-08T12:49:41.805+0000] {dag.py:3820} INFO - Setting next_dagrun for tutorial to 2026-04-07T00:00:00+00:00, run_after=2026-04-08T00:00:00+00:00
[2026-04-08T12:49:41.839+0000] {processor.py:183} INFO - Processing /home/airflow/.local/lib/python3.8/site-packages/airflow/example_dags/tutorial.py took 0.196 seconds
[2026-04-08T12:50:11.888+0000] {processor.py:161} INFO - Started process (PID=4942) to work on /home/airflow/.local/lib/python3.8/site-packages/airflow/example_dags/tutorial.py
[2026-04-08T12:50:11.889+0000] {processor.py:830} INFO - Processing file /home/airflow/.local/lib/python3.8/site-packages/airflow/example_dags/tutorial.py for tasks to queue
[2026-04-08T12:50:11.890+0000] {logging_mixin.py:188} INFO - [2026-04-08T12:50:11.890+0000] {dagbag.py:538} INFO - Filling up the DagBag from /home/airflow/.local/lib/python3.8/site-packages/airflow/example_dags/tutorial.py
[2026-04-08T12:50:11.896+0000] {processor.py:840} INFO - DAG(s) 'tutorial' retrieved from /home/airflow/.local/lib/python3.8/site-packages/airflow/example_dags/tutorial.py
[2026-04-08T12:50:11.914+0000] {logging_mixin.py:188} INFO - [2026-04-08T12:50:11.914+0000] {dag.py:3033} INFO - Sync 1 DAGs
[2026-04-08T12:50:11.932+0000] {logging_mixin.py:188} INFO - [2026-04-08T12:50:11.932+0000] {dag.py:3820} INFO - Setting next_dagrun for tutorial to 2026-04-07T00:00:00+00:00, run_after=2026-04-08T00:00:00+00:00
[2026-04-08T12:50:11.946+0000] {processor.py:183} INFO - Processing /home/airflow/.local/lib/python3.8/site-packages/airflow/example_dags/tutorial.py took 0.061 seconds
[2026-04-08T12:50:42.226+0000] {processor.py:161} INFO - Started process (PID=5002) to work on /home/airflow/.local/lib/python3.8/site-packages/airflow/example_dags/tutorial.py
[2026-04-08T12:50:42.227+0000] {processor.py:830} INFO - Processing file /home/airflow/.local/lib/python3.8/site-packages/airflow/example_dags/tutorial.py for tasks to queue
[2026-04-08T12:50:42.227+0000] {logging_mixin.py:188} INFO - [2026-04-08T12:50:42.227+0000] {dagbag.py:538} INFO - Filling up the DagBag from /home/airflow/.local/lib/python3.8/site-packages/airflow/example_dags/tutorial.py
[2026-04-08T12:50:42.234+0000] {processor.py:840} INFO - DAG(s) 'tutorial' retrieved from /home/airflow/.local/lib/python3.8/site-packages/airflow/example_dags/tutorial.py
[2026-04-08T12:50:42.251+0000] {logging_mixin.py:188} INFO - [2026-04-08T12:50:42.251+0000] {dag.py:3033} INFO - Sync 1 DAGs
[2026-04-08T12:50:42.270+0000] {logging_mixin.py:188} INFO - [2026-04-08T12:50:42.270+0000] {dag.py:3820} INFO - Setting next_dagrun for tutorial to 2026-04-07T00:00:00+00:00, run_after=2026-04-08T00:00:00+00:00
[2026-04-08T12:50:42.286+0000] {processor.py:183} INFO - Processing /home/airflow/.local/lib/python3.8/site-packages/airflow/example_dags/tutorial.py took 0.063 seconds
[2026-04-08T12:51:12.824+0000] {processor.py:161} INFO - Started process (PID=5061) to work on /home/airflow/.local/lib/python3.8/site-packages/airflow/example_dags/tutorial.py
[2026-04-08T12:51:12.825+0000] {processor.py:830} INFO - Processing file /home/airflow/.local/lib/python3.8/site-packages/airflow/example_dags/tutorial.py for tasks to queue
[2026-04-08T12:51:12.825+0000] {logging_mixin.py:188} INFO - [2026-04-08T12:51:12.825+0000] {dagbag.py:538} INFO - Filling up the DagBag from /home/airflow/.local/lib/python3.8/site-packages/airflow/example_dags/tutorial.py
[2026-04-08T12:51:12.834+0000] {processor.py:840} INFO - DAG(s) 'tutorial' retrieved from /home/airflow/.local/lib/python3.8/site-packages/airflow/example_dags/tutorial.py
[2026-04-08T12:51:12.856+0000] {logging_mixin.py:188} INFO - [2026-04-08T12:51:12.856+0000] {dag.py:3033} INFO - Sync 1 DAGs
[2026-04-08T12:51:12.881+0000] {logging_mixin.py:188} INFO - [2026-04-08T12:51:12.881+0000] {dag.py:3820} INFO - Setting next_dagrun for tutorial to 2026-04-07T00:00:00+00:00, run_after=2026-04-08T00:00:00+00:00
[2026-04-08T12:51:12.900+0000] {processor.py:183} INFO - Processing /home/airflow/.local/lib/python3.8/site-packages/airflow/example_dags/tutorial.py took 0.080 seconds
[2026-04-08T12:51:43.576+0000] {processor.py:161} INFO - Started process (PID=5122) to work on /home/airflow/.local/lib/python3.8/site-packages/airflow/example_dags/tutorial.py
[2026-04-08T12:51:43.577+0000] {processor.py:830} INFO - Processing file /home/airflow/.local/lib/python3.8/site-packages/airflow/example_dags/tutorial.py for tasks to queue
[2026-04-08T12:51:43.578+0000] {logging_mixin.py:188} INFO - [2026-04-08T12:51:43.578+0000] {dagbag.py:538} INFO - Filling up the DagBag from /home/airflow/.local/lib/python3.8/site-packages/airflow/example_dags/tutorial.py
[2026-04-08T12:51:43.587+0000] {processor.py:840} INFO - DAG(s) 'tutorial' retrieved from /home/airflow/.local/lib/python3.8/site-packages/airflow/example_dags/tutorial.py
[2026-04-08T12:51:43.608+0000] {logging_mixin.py:188} INFO - [2026-04-08T12:51:43.608+0000] {dag.py:3033} INFO - Sync 1 DAGs
[2026-04-08T12:51:43.632+0000] {logging_mixin.py:188} INFO - [2026-04-08T12:51:43.632+0000] {dag.py:3820} INFO - Setting next_dagrun for tutorial to 2026-04-07T00:00:00+00:00, run_after=2026-04-08T00:00:00+00:00
[2026-04-08T12:51:43.646+0000] {processor.py:183} INFO - Processing /home/airflow/.local/lib/python3.8/site-packages/airflow/example_dags/tutorial.py took 0.074 seconds
[2026-04-08T12:52:13.832+0000] {processor.py:161} INFO - Started process (PID=5183) to work on /home/airflow/.local/lib/python3.8/site-packages/airflow/example_dags/tutorial.py
[2026-04-08T12:52:13.833+0000] {processor.py:830} INFO - Processing file /home/airflow/.local/lib/python3.8/site-packages/airflow/example_dags/tutorial.py for tasks to queue
[2026-04-08T12:52:13.834+0000] {logging_mixin.py:188} INFO - [2026-04-08T12:52:13.833+0000] {dagbag.py:538} INFO - Filling up the DagBag from /home/airflow/.local/lib/python3.8/site-packages/airflow/example_dags/tutorial.py
[2026-04-08T12:52:13.840+0000] {processor.py:840} INFO - DAG(s) 'tutorial' retrieved from /home/airflow/.local/lib/python3.8/site-packages/airflow/example_dags/tutorial.py
[2026-04-08T12:52:13.857+0000] {logging_mixin.py:188} INFO - [2026-04-08T12:52:13.857+0000] {dag.py:3033} INFO - Sync 1 DAGs
[2026-04-08T12:52:13.875+0000] {logging_mixin.py:188} INFO - [2026-04-08T12:52:13.875+0000] {dag.py:3820} INFO - Setting next_dagrun for tutorial to 2026-04-07T00:00:00+00:00, run_after=2026-04-08T00:00:00+00:00
[2026-04-08T12:52:13.890+0000] {processor.py:183} INFO - Processing /home/airflow/.local/lib/python3.8/site-packages/airflow/example_dags/tutorial.py took 0.061 seconds
[2026-04-08T12:52:43.973+0000] {processor.py:161} INFO - Started process (PID=5244) to work on /home/airflow/.local/lib/python3.8/site-packages/airflow/example_dags/tutorial.py
[2026-04-08T12:52:43.974+0000] {processor.py:830} INFO - Processing file /home/airflow/.local/lib/python3.8/site-packages/airflow/example_dags/tutorial.py for tasks to queue
[2026-04-08T12:52:43.975+0000] {logging_mixin.py:188} INFO - [2026-04-08T12:52:43.975+0000] {dagbag.py:538} INFO - Filling up the DagBag from /home/airflow/.local/lib/python3.8/site-packages/airflow/example_dags/tutorial.py
[2026-04-08T12:52:43.983+0000] {processor.py:840} INFO - DAG(s) 'tutorial' retrieved from /home/airflow/.local/lib/python3.8/site-packages/airflow/example_dags/tutorial.py
[2026-04-08T12:52:44.010+0000] {logging_mixin.py:188} INFO - [2026-04-08T12:52:44.010+0000] {dag.py:3033} INFO - Sync 1 DAGs
[2026-04-08T12:52:44.036+0000] {logging_mixin.py:188} INFO - [2026-04-08T12:52:44.036+0000] {dag.py:3820} INFO - Setting next_dagrun for tutorial to 2026-04-07T00:00:00+00:00, run_after=2026-04-08T00:00:00+00:00
[2026-04-08T12:52:44.055+0000] {processor.py:183} INFO - Processing /home/airflow/.local/lib/python3.8/site-packages/airflow/example_dags/tutorial.py took 0.086 seconds
[2026-04-08T12:53:14.381+0000] {processor.py:161} INFO - Started process (PID=5305) to work on /home/airflow/.local/lib/python3.8/site-packages/airflow/example_dags/tutorial.py
[2026-04-08T12:53:14.382+0000] {processor.py:830} INFO - Processing file /home/airflow/.local/lib/python3.8/site-packages/airflow/example_dags/tutorial.py for tasks to queue
[2026-04-08T12:53:14.383+0000] {logging_mixin.py:188} INFO - [2026-04-08T12:53:14.383+0000] {dagbag.py:538} INFO - Filling up the DagBag from /home/airflow/.local/lib/python3.8/site-packages/airflow/example_dags/tutorial.py
[2026-04-08T12:53:14.391+0000] {processor.py:840} INFO - DAG(s) 'tutorial' retrieved from /home/airflow/.local/lib/python3.8/site-packages/airflow/example_dags/tutorial.py
[2026-04-08T12:53:14.422+0000] {logging_mixin.py:188} INFO - [2026-04-08T12:53:14.422+0000] {dag.py:3033} INFO - Sync 1 DAGs
[2026-04-08T12:53:14.451+0000] {logging_mixin.py:188} INFO - [2026-04-08T12:53:14.451+0000] {dag.py:3820} INFO - Setting next_dagrun for tutorial to 2026-04-07T00:00:00+00:00, run_after=2026-04-08T00:00:00+00:00
[2026-04-08T12:53:14.468+0000] {processor.py:183} INFO - Processing /home/airflow/.local/lib/python3.8/site-packages/airflow/example_dags/tutorial.py took 0.091 seconds
[2026-04-08T12:53:45.143+0000] {processor.py:161} INFO - Started process (PID=5372) to work on /home/airflow/.local/lib/python3.8/site-packages/airflow/example_dags/tutorial.py
[2026-04-08T12:53:45.144+0000] {processor.py:830} INFO - Processing file /home/airflow/.local/lib/python3.8/site-packages/airflow/example_dags/tutorial.py for tasks to queue
[2026-04-08T12:53:45.145+0000] {logging_mixin.py:188} INFO - [2026-04-08T12:53:45.144+0000] {dagbag.py:538} INFO - Filling up the DagBag from /home/airflow/.local/lib/python3.8/site-packages/airflow/example_dags/tutorial.py
[2026-04-08T12:53:45.153+0000] {processor.py:840} INFO - DAG(s) 'tutorial' retrieved from /home/airflow/.local/lib/python3.8/site-packages/airflow/example_dags/tutorial.py
[2026-04-08T12:53:45.192+0000] {logging_mixin.py:188} INFO - [2026-04-08T12:53:45.192+0000] {dag.py:3033} INFO - Sync 1 DAGs
[2026-04-08T12:53:45.240+0000] {logging_mixin.py:188} INFO - [2026-04-08T12:53:45.240+0000] {dag.py:3820} INFO - Setting next_dagrun for tutorial to 2026-04-07T00:00:00+00:00, run_after=2026-04-08T00:00:00+00:00
[2026-04-08T12:53:45.258+0000] {processor.py:183} INFO - Processing /home/airflow/.local/lib/python3.8/site-packages/airflow/example_dags/tutorial.py took 0.119 seconds
[2026-04-08T12:54:15.901+0000] {processor.py:161} INFO - Started process (PID=5455) to work on /home/airflow/.local/lib/python3.8/site-packages/airflow/example_dags/tutorial.py
[2026-04-08T12:54:15.902+0000] {processor.py:830} INFO - Processing file /home/airflow/.local/lib/python3.8/site-packages/airflow/example_dags/tutorial.py for tasks to queue
[2026-04-08T12:54:15.903+0000] {logging_mixin.py:188} INFO - [2026-04-08T12:54:15.902+0000] {dagbag.py:538} INFO - Filling up the DagBag from /home/airflow/.local/lib/python3.8/site-packages/airflow/example_dags/tutorial.py
[2026-04-08T12:54:15.913+0000] {processor.py:840} INFO - DAG(s) 'tutorial' retrieved from /home/airflow/.local/lib/python3.8/site-packages/airflow/example_dags/tutorial.py
[2026-04-08T12:54:15.935+0000] {logging_mixin.py:188} INFO - [2026-04-08T12:54:15.935+0000] {dag.py:3033} INFO - Sync 1 DAGs
[2026-04-08T12:54:15.963+0000] {logging_mixin.py:188} INFO - [2026-04-08T12:54:15.963+0000] {dag.py:3820} INFO - Setting next_dagrun for tutorial to 2026-04-07T00:00:00+00:00, run_after=2026-04-08T00:00:00+00:00
[2026-04-08T12:54:15.986+0000] {processor.py:183} INFO - Processing /home/airflow/.local/lib/python3.8/site-packages/airflow/example_dags/tutorial.py took 0.089 seconds
[2026-04-08T12:54:46.582+0000] {processor.py:161} INFO - Started process (PID=5516) to work on /home/airflow/.local/lib/python3.8/site-packages/airflow/example_dags/tutorial.py
[2026-04-08T12:54:46.583+0000] {processor.py:830} INFO - Processing file /home/airflow/.local/lib/python3.8/site-packages/airflow/example_dags/tutorial.py for tasks to queue
[2026-04-08T12:54:46.584+0000] {logging_mixin.py:188} INFO - [2026-04-08T12:54:46.583+0000] {dagbag.py:538} INFO - Filling up the DagBag from /home/airflow/.local/lib/python3.8/site-packages/airflow/example_dags/tutorial.py
[2026-04-08T12:54:46.592+0000] {processor.py:840} INFO - DAG(s) 'tutorial' retrieved from /home/airflow/.local/lib/python3.8/site-packages/airflow/example_dags/tutorial.py
[2026-04-08T12:54:46.615+0000] {logging_mixin.py:188} INFO - [2026-04-08T12:54:46.614+0000] {dag.py:3033} INFO - Sync 1 DAGs
[2026-04-08T12:54:46.643+0000] {logging_mixin.py:188} INFO - [2026-04-08T12:54:46.642+0000] {dag.py:3820} INFO - Setting next_dagrun for tutorial to 2026-04-07T00:00:00+00:00, run_after=2026-04-08T00:00:00+00:00
[2026-04-08T12:54:46.662+0000] {processor.py:183} INFO - Processing /home/airflow/.local/lib/python3.8/site-packages/airflow/example_dags/tutorial.py took 0.085 seconds
[2026-04-08T12:55:16.861+0000] {processor.py:161} INFO - Started process (PID=5577) to work on /home/airflow/.local/lib/python3.8/site-packages/airflow/example_dags/tutorial.py
[2026-04-08T12:55:16.862+0000] {processor.py:830} INFO - Processing file /home/airflow/.local/lib/python3.8/site-packages/airflow/example_dags/tutorial.py for tasks to queue
[2026-04-08T12:55:16.863+0000] {logging_mixin.py:188} INFO - [2026-04-08T12:55:16.863+0000] {dagbag.py:538} INFO - Filling up the DagBag from /home/airflow/.local/lib/python3.8/site-packages/airflow/example_dags/tutorial.py
[2026-04-08T12:55:16.871+0000] {processor.py:840} INFO - DAG(s) 'tutorial' retrieved from /home/airflow/.local/lib/python3.8/site-packages/airflow/example_dags/tutorial.py
[2026-04-08T12:55:16.895+0000] {logging_mixin.py:188} INFO - [2026-04-08T12:55:16.895+0000] {dag.py:3033} INFO - Sync 1 DAGs
[2026-04-08T12:55:16.922+0000] {logging_mixin.py:188} INFO - [2026-04-08T12:55:16.922+0000] {dag.py:3820} INFO - Setting next_dagrun for tutorial to 2026-04-07T00:00:00+00:00, run_after=2026-04-08T00:00:00+00:00
[2026-04-08T12:55:16.959+0000] {processor.py:183} INFO - Processing /home/airflow/.local/lib/python3.8/site-packages/airflow/example_dags/tutorial.py took 0.102 seconds
[2026-04-08T12:55:47.496+0000] {processor.py:161} INFO - Started process (PID=5638) to work on /home/airflow/.local/lib/python3.8/site-packages/airflow/example_dags/tutorial.py
[2026-04-08T12:55:47.497+0000] {processor.py:830} INFO - Processing file /home/airflow/.local/lib/python3.8/site-packages/airflow/example_dags/tutorial.py for tasks to queue
[2026-04-08T12:55:47.498+0000] {logging_mixin.py:188} INFO - [2026-04-08T12:55:47.497+0000] {dagbag.py:538} INFO - Filling up the DagBag from /home/airflow/.local/lib/python3.8/site-packages/airflow/example_dags/tutorial.py
[2026-04-08T12:55:47.506+0000] {processor.py:840} INFO - DAG(s) 'tutorial' retrieved from /home/airflow/.local/lib/python3.8/site-packages/airflow/example_dags/tutorial.py
[2026-04-08T12:55:47.527+0000] {logging_mixin.py:188} INFO - [2026-04-08T12:55:47.527+0000] {dag.py:3033} INFO - Sync 1 DAGs
[2026-04-08T12:55:47.544+0000] {logging_mixin.py:188} INFO - [2026-04-08T12:55:47.544+0000] {dag.py:3820} INFO - Setting next_dagrun for tutorial to 2026-04-07T00:00:00+00:00, run_after=2026-04-08T00:00:00+00:00
[2026-04-08T12:55:47.560+0000] {processor.py:183} INFO - Processing /home/airflow/.local/lib/python3.8/site-packages/airflow/example_dags/tutorial.py took 0.068 seconds
[2026-04-08T12:56:18.425+0000] {processor.py:161} INFO - Started process (PID=5705) to work on /home/airflow/.local/lib/python3.8/site-packages/airflow/example_dags/tutorial.py
[2026-04-08T12:56:18.429+0000] {processor.py:830} INFO - Processing file /home/airflow/.local/lib/python3.8/site-packages/airflow/example_dags/tutorial.py for tasks to queue
[2026-04-08T12:56:18.430+0000] {logging_mixin.py:188} INFO - [2026-04-08T12:56:18.430+0000] {dagbag.py:538} INFO - Filling up the DagBag from /home/airflow/.local/lib/python3.8/site-packages/airflow/example_dags/tutorial.py
[2026-04-08T12:56:18.447+0000] {processor.py:840} INFO - DAG(s) 'tutorial' retrieved from /home/airflow/.local/lib/python3.8/site-packages/airflow/example_dags/tutorial.py
[2026-04-08T12:56:18.477+0000] {logging_mixin.py:188} INFO - [2026-04-08T12:56:18.476+0000] {dag.py:3033} INFO - Sync 1 DAGs
[2026-04-08T12:56:18.510+0000] {logging_mixin.py:188} INFO - [2026-04-08T12:56:18.509+0000] {dag.py:3820} INFO - Setting next_dagrun for tutorial to 2026-04-07T00:00:00+00:00, run_after=2026-04-08T00:00:00+00:00
[2026-04-08T12:56:18.535+0000] {processor.py:183} INFO - Processing /home/airflow/.local/lib/python3.8/site-packages/airflow/example_dags/tutorial.py took 0.120 seconds
[2026-04-08T12:56:49.624+0000] {processor.py:161} INFO - Started process (PID=5766) to work on /home/airflow/.local/lib/python3.8/site-packages/airflow/example_dags/tutorial.py
[2026-04-08T12:56:49.626+0000] {processor.py:830} INFO - Processing file /home/airflow/.local/lib/python3.8/site-packages/airflow/example_dags/tutorial.py for tasks to queue
[2026-04-08T12:56:49.627+0000] {logging_mixin.py:188} INFO - [2026-04-08T12:56:49.627+0000] {dagbag.py:538} INFO - Filling up the DagBag from /home/airflow/.local/lib/python3.8/site-packages/airflow/example_dags/tutorial.py
[2026-04-08T12:56:49.640+0000] {processor.py:840} INFO - DAG(s) 'tutorial' retrieved from /home/airflow/.local/lib/python3.8/site-packages/airflow/example_dags/tutorial.py
[2026-04-08T12:56:49.690+0000] {logging_mixin.py:188} INFO - [2026-04-08T12:56:49.690+0000] {dag.py:3033} INFO - Sync 1 DAGs
[2026-04-08T12:56:49.741+0000] {logging_mixin.py:188} INFO - [2026-04-08T12:56:49.740+0000] {dag.py:3820} INFO - Setting next_dagrun for tutorial to 2026-04-07T00:00:00+00:00, run_after=2026-04-08T00:00:00+00:00
[2026-04-08T12:56:49.774+0000] {processor.py:183} INFO - Processing /home/airflow/.local/lib/python3.8/site-packages/airflow/example_dags/tutorial.py took 0.159 seconds
[2026-04-08T12:57:20.489+0000] {processor.py:161} INFO - Started process (PID=5827) to work on /home/airflow/.local/lib/python3.8/site-packages/airflow/example_dags/tutorial.py
[2026-04-08T12:57:20.490+0000] {processor.py:830} INFO - Processing file /home/airflow/.local/lib/python3.8/site-packages/airflow/example_dags/tutorial.py for tasks to queue
[2026-04-08T12:57:20.491+0000] {logging_mixin.py:188} INFO - [2026-04-08T12:57:20.491+0000] {dagbag.py:538} INFO - Filling up the DagBag from /home/airflow/.local/lib/python3.8/site-packages/airflow/example_dags/tutorial.py
[2026-04-08T12:57:20.506+0000] {processor.py:840} INFO - DAG(s) 'tutorial' retrieved from /home/airflow/.local/lib/python3.8/site-packages/airflow/example_dags/tutorial.py
[2026-04-08T12:57:20.533+0000] {logging_mixin.py:188} INFO - [2026-04-08T12:57:20.533+0000] {dag.py:3033} INFO - Sync 1 DAGs
[2026-04-08T12:57:20.558+0000] {logging_mixin.py:188} INFO - [2026-04-08T12:57:20.558+0000] {dag.py:3820} INFO - Setting next_dagrun for tutorial to 2026-04-07T00:00:00+00:00, run_after=2026-04-08T00:00:00+00:00
[2026-04-08T12:57:20.575+0000] {processor.py:183} INFO - Processing /home/airflow/.local/lib/python3.8/site-packages/airflow/example_dags/tutorial.py took 0.090 seconds
[2026-04-08T12:57:50.938+0000] {processor.py:161} INFO - Started process (PID=5888) to work on /home/airflow/.local/lib/python3.8/site-packages/airflow/example_dags/tutorial.py
[2026-04-08T12:57:50.939+0000] {processor.py:830} INFO - Processing file /home/airflow/.local/lib/python3.8/site-packages/airflow/example_dags/tutorial.py for tasks to queue
[2026-04-08T12:57:50.940+0000] {logging_mixin.py:188} INFO - [2026-04-08T12:57:50.940+0000] {dagbag.py:538} INFO - Filling up the DagBag from /home/airflow/.local/lib/python3.8/site-packages/airflow/example_dags/tutorial.py
[2026-04-08T12:57:50.948+0000] {processor.py:840} INFO - DAG(s) 'tutorial' retrieved from /home/airflow/.local/lib/python3.8/site-packages/airflow/example_dags/tutorial.py
[2026-04-08T12:57:50.970+0000] {logging_mixin.py:188} INFO - [2026-04-08T12:57:50.970+0000] {dag.py:3033} INFO - Sync 1 DAGs
[2026-04-08T12:57:50.997+0000] {logging_mixin.py:188} INFO - [2026-04-08T12:57:50.997+0000] {dag.py:3820} INFO - Setting next_dagrun for tutorial to 2026-04-07T00:00:00+00:00, run_after=2026-04-08T00:00:00+00:00
[2026-04-08T12:57:51.019+0000] {processor.py:183} INFO - Processing /home/airflow/.local/lib/python3.8/site-packages/airflow/example_dags/tutorial.py took 0.085 seconds
[2026-04-08T12:58:21.545+0000] {processor.py:161} INFO - Started process (PID=5950) to work on /home/airflow/.local/lib/python3.8/site-packages/airflow/example_dags/tutorial.py
[2026-04-08T12:58:21.546+0000] {processor.py:830} INFO - Processing file /home/airflow/.local/lib/python3.8/site-packages/airflow/example_dags/tutorial.py for tasks to queue
[2026-04-08T12:58:21.547+0000] {logging_mixin.py:188} INFO - [2026-04-08T12:58:21.546+0000] {dagbag.py:538} INFO - Filling up the DagBag from /home/airflow/.local/lib/python3.8/site-packages/airflow/example_dags/tutorial.py
[2026-04-08T12:58:21.555+0000] {processor.py:840} INFO - DAG(s) 'tutorial' retrieved from /home/airflow/.local/lib/python3.8/site-packages/airflow/example_dags/tutorial.py
[2026-04-08T12:58:21.579+0000] {logging_mixin.py:188} INFO - [2026-04-08T12:58:21.579+0000] {dag.py:3033} INFO - Sync 1 DAGs
[2026-04-08T12:58:21.604+0000] {logging_mixin.py:188} INFO - [2026-04-08T12:58:21.604+0000] {dag.py:3820} INFO - Setting next_dagrun for tutorial to 2026-04-07T00:00:00+00:00, run_after=2026-04-08T00:00:00+00:00
[2026-04-08T12:58:21.623+0000] {processor.py:183} INFO - Processing /home/airflow/.local/lib/python3.8/site-packages/airflow/example_dags/tutorial.py took 0.082 seconds
[2026-04-08T12:58:53.042+0000] {processor.py:161} INFO - Started process (PID=6014) to work on /home/airflow/.local/lib/python3.8/site-packages/airflow/example_dags/tutorial.py
[2026-04-08T12:58:53.043+0000] {processor.py:830} INFO - Processing file /home/airflow/.local/lib/python3.8/site-packages/airflow/example_dags/tutorial.py for tasks to queue
[2026-04-08T12:58:53.044+0000] {logging_mixin.py:188} INFO - [2026-04-08T12:58:53.044+0000] {dagbag.py:538} INFO - Filling up the DagBag from /home/airflow/.local/lib/python3.8/site-packages/airflow/example_dags/tutorial.py
[2026-04-08T12:58:53.052+0000] {processor.py:840} INFO - DAG(s) 'tutorial' retrieved from /home/airflow/.local/lib/python3.8/site-packages/airflow/example_dags/tutorial.py
[2026-04-08T12:58:53.097+0000] {logging_mixin.py:188} INFO - [2026-04-08T12:58:53.096+0000] {dag.py:3033} INFO - Sync 1 DAGs
[2026-04-08T12:58:53.131+0000] {logging_mixin.py:188} INFO - [2026-04-08T12:58:53.130+0000] {dag.py:3820} INFO - Setting next_dagrun for tutorial to 2026-04-07T00:00:00+00:00, run_after=2026-04-08T00:00:00+00:00
[2026-04-08T12:58:53.150+0000] {processor.py:183} INFO - Processing /home/airflow/.local/lib/python3.8/site-packages/airflow/example_dags/tutorial.py took 0.115 seconds
[2026-04-08T12:59:23.819+0000] {processor.py:161} INFO - Started process (PID=6075) to work on /home/airflow/.local/lib/python3.8/site-packages/airflow/example_dags/tutorial.py
[2026-04-08T12:59:23.820+0000] {processor.py:830} INFO - Processing file /home/airflow/.local/lib/python3.8/site-packages/airflow/example_dags/tutorial.py for tasks to queue
[2026-04-08T12:59:23.821+0000] {logging_mixin.py:188} INFO - [2026-04-08T12:59:23.821+0000] {dagbag.py:538} INFO - Filling up the DagBag from /home/airflow/.local/lib/python3.8/site-packages/airflow/example_dags/tutorial.py
[2026-04-08T12:59:23.840+0000] {processor.py:840} INFO - DAG(s) 'tutorial' retrieved from /home/airflow/.local/lib/python3.8/site-packages/airflow/example_dags/tutorial.py
[2026-04-08T12:59:23.872+0000] {logging_mixin.py:188} INFO - [2026-04-08T12:59:23.872+0000] {dag.py:3033} INFO - Sync 1 DAGs
[2026-04-08T12:59:23.912+0000] {logging_mixin.py:188} INFO - [2026-04-08T12:59:23.912+0000] {dag.py:3820} INFO - Setting next_dagrun for tutorial to 2026-04-07T00:00:00+00:00, run_after=2026-04-08T00:00:00+00:00
[2026-04-08T12:59:23.929+0000] {processor.py:183} INFO - Processing /home/airflow/.local/lib/python3.8/site-packages/airflow/example_dags/tutorial.py took 0.115 seconds
[2026-04-08T12:59:54.259+0000] {processor.py:161} INFO - Started process (PID=6136) to work on /home/airflow/.local/lib/python3.8/site-packages/airflow/example_dags/tutorial.py
[2026-04-08T12:59:54.261+0000] {processor.py:830} INFO - Processing file /home/airflow/.local/lib/python3.8/site-packages/airflow/example_dags/tutorial.py for tasks to queue
[2026-04-08T12:59:54.262+0000] {logging_mixin.py:188} INFO - [2026-04-08T12:59:54.262+0000] {dagbag.py:538} INFO - Filling up the DagBag from /home/airflow/.local/lib/python3.8/site-packages/airflow/example_dags/tutorial.py
[2026-04-08T12:59:54.271+0000] {processor.py:840} INFO - DAG(s) 'tutorial' retrieved from /home/airflow/.local/lib/python3.8/site-packages/airflow/example_dags/tutorial.py
[2026-04-08T12:59:54.297+0000] {logging_mixin.py:188} INFO - [2026-04-08T12:59:54.296+0000] {dag.py:3033} INFO - Sync 1 DAGs
[2026-04-08T12:59:54.323+0000] {logging_mixin.py:188} INFO - [2026-04-08T12:59:54.323+0000] {dag.py:3820} INFO - Setting next_dagrun for tutorial to 2026-04-07T00:00:00+00:00, run_after=2026-04-08T00:00:00+00:00
[2026-04-08T12:59:54.343+0000] {processor.py:183} INFO - Processing /home/airflow/.local/lib/python3.8/site-packages/airflow/example_dags/tutorial.py took 0.090 seconds
[2026-04-08T13:00:24.832+0000] {processor.py:161} INFO - Started process (PID=6197) to work on /home/airflow/.local/lib/python3.8/site-packages/airflow/example_dags/tutorial.py
[2026-04-08T13:00:24.833+0000] {processor.py:830} INFO - Processing file /home/airflow/.local/lib/python3.8/site-packages/airflow/example_dags/tutorial.py for tasks to queue
[2026-04-08T13:00:24.834+0000] {logging_mixin.py:188} INFO - [2026-04-08T13:00:24.834+0000] {dagbag.py:538} INFO - Filling up the DagBag from /home/airflow/.local/lib/python3.8/site-packages/airflow/example_dags/tutorial.py
[2026-04-08T13:00:24.842+0000] {processor.py:840} INFO - DAG(s) 'tutorial' retrieved from /home/airflow/.local/lib/python3.8/site-packages/airflow/example_dags/tutorial.py
[2026-04-08T13:00:24.866+0000] {logging_mixin.py:188} INFO - [2026-04-08T13:00:24.866+0000] {dag.py:3033} INFO - Sync 1 DAGs
[2026-04-08T13:00:24.893+0000] {logging_mixin.py:188} INFO - [2026-04-08T13:00:24.893+0000] {dag.py:3820} INFO - Setting next_dagrun for tutorial to 2026-04-07T00:00:00+00:00, run_after=2026-04-08T00:00:00+00:00
[2026-04-08T13:00:24.913+0000] {processor.py:183} INFO - Processing /home/airflow/.local/lib/python3.8/site-packages/airflow/example_dags/tutorial.py took 0.085 seconds
[2026-04-08T13:00:55.818+0000] {processor.py:161} INFO - Started process (PID=6258) to work on /home/airflow/.local/lib/python3.8/site-packages/airflow/example_dags/tutorial.py
[2026-04-08T13:00:55.818+0000] {processor.py:830} INFO - Processing file /home/airflow/.local/lib/python3.8/site-packages/airflow/example_dags/tutorial.py for tasks to queue
[2026-04-08T13:00:55.819+0000] {logging_mixin.py:188} INFO - [2026-04-08T13:00:55.819+0000] {dagbag.py:538} INFO - Filling up the DagBag from /home/airflow/.local/lib/python3.8/site-packages/airflow/example_dags/tutorial.py
[2026-04-08T13:00:55.828+0000] {processor.py:840} INFO - DAG(s) 'tutorial' retrieved from /home/airflow/.local/lib/python3.8/site-packages/airflow/example_dags/tutorial.py
[2026-04-08T13:00:55.852+0000] {logging_mixin.py:188} INFO - [2026-04-08T13:00:55.851+0000] {dag.py:3033} INFO - Sync 1 DAGs
[2026-04-08T13:00:55.877+0000] {logging_mixin.py:188} INFO - [2026-04-08T13:00:55.877+0000] {dag.py:3820} INFO - Setting next_dagrun for tutorial to 2026-04-07T00:00:00+00:00, run_after=2026-04-08T00:00:00+00:00
[2026-04-08T13:00:55.897+0000] {processor.py:183} INFO - Processing /home/airflow/.local/lib/python3.8/site-packages/airflow/example_dags/tutorial.py took 0.083 seconds
[2026-04-08T13:01:26.267+0000] {processor.py:161} INFO - Started process (PID=6319) to work on /home/airflow/.local/lib/python3.8/site-packages/airflow/example_dags/tutorial.py
[2026-04-08T13:01:26.268+0000] {processor.py:830} INFO - Processing file /home/airflow/.local/lib/python3.8/site-packages/airflow/example_dags/tutorial.py for tasks to queue
[2026-04-08T13:01:26.269+0000] {logging_mixin.py:188} INFO - [2026-04-08T13:01:26.268+0000] {dagbag.py:538} INFO - Filling up the DagBag from /home/airflow/.local/lib/python3.8/site-packages/airflow/example_dags/tutorial.py
[2026-04-08T13:01:26.277+0000] {processor.py:840} INFO - DAG(s) 'tutorial' retrieved from /home/airflow/.local/lib/python3.8/site-packages/airflow/example_dags/tutorial.py
[2026-04-08T13:01:26.300+0000] {logging_mixin.py:188} INFO - [2026-04-08T13:01:26.299+0000] {dag.py:3033} INFO - Sync 1 DAGs
[2026-04-08T13:01:26.325+0000] {logging_mixin.py:188} INFO - [2026-04-08T13:01:26.324+0000] {dag.py:3820} INFO - Setting next_dagrun for tutorial to 2026-04-07T00:00:00+00:00, run_after=2026-04-08T00:00:00+00:00
[2026-04-08T13:01:26.344+0000] {processor.py:183} INFO - Processing /home/airflow/.local/lib/python3.8/site-packages/airflow/example_dags/tutorial.py took 0.082 seconds
[2026-04-08T13:01:56.906+0000] {processor.py:161} INFO - Started process (PID=6380) to work on /home/airflow/.local/lib/python3.8/site-packages/airflow/example_dags/tutorial.py
[2026-04-08T13:01:56.908+0000] {processor.py:830} INFO - Processing file /home/airflow/.local/lib/python3.8/site-packages/airflow/example_dags/tutorial.py for tasks to queue
[2026-04-08T13:01:56.909+0000] {logging_mixin.py:188} INFO - [2026-04-08T13:01:56.909+0000] {dagbag.py:538} INFO - Filling up the DagBag from /home/airflow/.local/lib/python3.8/site-packages/airflow/example_dags/tutorial.py
[2026-04-08T13:01:56.919+0000] {processor.py:840} INFO - DAG(s) 'tutorial' retrieved from /home/airflow/.local/lib/python3.8/site-packages/airflow/example_dags/tutorial.py
[2026-04-08T13:01:56.960+0000] {logging_mixin.py:188} INFO - [2026-04-08T13:01:56.960+0000] {dag.py:3033} INFO - Sync 1 DAGs
[2026-04-08T13:01:56.995+0000] {logging_mixin.py:188} INFO - [2026-04-08T13:01:56.995+0000] {dag.py:3820} INFO - Setting next_dagrun for tutorial to 2026-04-07T00:00:00+00:00, run_after=2026-04-08T00:00:00+00:00
[2026-04-08T13:01:57.012+0000] {processor.py:183} INFO - Processing /home/airflow/.local/lib/python3.8/site-packages/airflow/example_dags/tutorial.py took 0.109 seconds
[2026-04-08T13:02:27.464+0000] {processor.py:161} INFO - Started process (PID=6442) to work on /home/airflow/.local/lib/python3.8/site-packages/airflow/example_dags/tutorial.py
[2026-04-08T13:02:27.465+0000] {processor.py:830} INFO - Processing file /home/airflow/.local/lib/python3.8/site-packages/airflow/example_dags/tutorial.py for tasks to queue
[2026-04-08T13:02:27.466+0000] {logging_mixin.py:188} INFO - [2026-04-08T13:02:27.466+0000] {dagbag.py:538} INFO - Filling up the DagBag from /home/airflow/.local/lib/python3.8/site-packages/airflow/example_dags/tutorial.py
[2026-04-08T13:02:27.473+0000] {processor.py:840} INFO - DAG(s) 'tutorial' retrieved from /home/airflow/.local/lib/python3.8/site-packages/airflow/example_dags/tutorial.py
[2026-04-08T13:02:27.496+0000] {logging_mixin.py:188} INFO - [2026-04-08T13:02:27.496+0000] {dag.py:3033} INFO - Sync 1 DAGs
[2026-04-08T13:02:27.523+0000] {logging_mixin.py:188} INFO - [2026-04-08T13:02:27.523+0000] {dag.py:3820} INFO - Setting next_dagrun for tutorial to 2026-04-07T00:00:00+00:00, run_after=2026-04-08T00:00:00+00:00
[2026-04-08T13:02:27.541+0000] {processor.py:183} INFO - Processing /home/airflow/.local/lib/python3.8/site-packages/airflow/example_dags/tutorial.py took 0.081 seconds
[2026-04-08T13:02:57.939+0000] {processor.py:161} INFO - Started process (PID=6503) to work on /home/airflow/.local/lib/python3.8/site-packages/airflow/example_dags/tutorial.py
[2026-04-08T13:02:57.941+0000] {processor.py:830} INFO - Processing file /home/airflow/.local/lib/python3.8/site-packages/airflow/example_dags/tutorial.py for tasks to queue
[2026-04-08T13:02:57.942+0000] {logging_mixin.py:188} INFO - [2026-04-08T13:02:57.941+0000] {dagbag.py:538} INFO - Filling up the DagBag from /home/airflow/.local/lib/python3.8/site-packages/airflow/example_dags/tutorial.py
[2026-04-08T13:02:57.950+0000] {processor.py:840} INFO - DAG(s) 'tutorial' retrieved from /home/airflow/.local/lib/python3.8/site-packages/airflow/example_dags/tutorial.py
[2026-04-08T13:02:57.972+0000] {logging_mixin.py:188} INFO - [2026-04-08T13:02:57.972+0000] {dag.py:3033} INFO - Sync 1 DAGs
[2026-04-08T13:02:57.997+0000] {logging_mixin.py:188} INFO - [2026-04-08T13:02:57.997+0000] {dag.py:3820} INFO - Setting next_dagrun for tutorial to 2026-04-07T00:00:00+00:00, run_after=2026-04-08T00:00:00+00:00
[2026-04-08T13:02:58.016+0000] {processor.py:183} INFO - Processing /home/airflow/.local/lib/python3.8/site-packages/airflow/example_dags/tutorial.py took 0.081 seconds
[2026-04-08T13:03:28.390+0000] {processor.py:161} INFO - Started process (PID=6564) to work on /home/airflow/.local/lib/python3.8/site-packages/airflow/example_dags/tutorial.py
[2026-04-08T13:03:28.391+0000] {processor.py:830} INFO - Processing file /home/airflow/.local/lib/python3.8/site-packages/airflow/example_dags/tutorial.py for tasks to queue
[2026-04-08T13:03:28.392+0000] {logging_mixin.py:188} INFO - [2026-04-08T13:03:28.392+0000] {dagbag.py:538} INFO - Filling up the DagBag from /home/airflow/.local/lib/python3.8/site-packages/airflow/example_dags/tutorial.py
[2026-04-08T13:03:28.400+0000] {processor.py:840} INFO - DAG(s) 'tutorial' retrieved from /home/airflow/.local/lib/python3.8/site-packages/airflow/example_dags/tutorial.py
[2026-04-08T13:03:28.421+0000] {logging_mixin.py:188} INFO - [2026-04-08T13:03:28.421+0000] {dag.py:3033} INFO - Sync 1 DAGs
[2026-04-08T13:03:28.446+0000] {logging_mixin.py:188} INFO - [2026-04-08T13:03:28.446+0000] {dag.py:3820} INFO - Setting next_dagrun for tutorial to 2026-04-07T00:00:00+00:00, run_after=2026-04-08T00:00:00+00:00
[2026-04-08T13:03:28.464+0000] {processor.py:183} INFO - Processing /home/airflow/.local/lib/python3.8/site-packages/airflow/example_dags/tutorial.py took 0.078 seconds
[2026-04-08T13:03:59.136+0000] {processor.py:161} INFO - Started process (PID=6625) to work on /home/airflow/.local/lib/python3.8/site-packages/airflow/example_dags/tutorial.py
[2026-04-08T13:03:59.137+0000] {processor.py:830} INFO - Processing file /home/airflow/.local/lib/python3.8/site-packages/airflow/example_dags/tutorial.py for tasks to queue
[2026-04-08T13:03:59.138+0000] {logging_mixin.py:188} INFO - [2026-04-08T13:03:59.138+0000] {dagbag.py:538} INFO - Filling up the DagBag from /home/airflow/.local/lib/python3.8/site-packages/airflow/example_dags/tutorial.py
[2026-04-08T13:03:59.146+0000] {processor.py:840} INFO - DAG(s) 'tutorial' retrieved from /home/airflow/.local/lib/python3.8/site-packages/airflow/example_dags/tutorial.py
[2026-04-08T13:03:59.174+0000] {logging_mixin.py:188} INFO - [2026-04-08T13:03:59.174+0000] {dag.py:3033} INFO - Sync 1 DAGs
[2026-04-08T13:03:59.199+0000] {logging_mixin.py:188} INFO - [2026-04-08T13:03:59.199+0000] {dag.py:3820} INFO - Setting next_dagrun for tutorial to 2026-04-07T00:00:00+00:00, run_after=2026-04-08T00:00:00+00:00
[2026-04-08T13:03:59.218+0000] {processor.py:183} INFO - Processing /home/airflow/.local/lib/python3.8/site-packages/airflow/example_dags/tutorial.py took 0.086 seconds
[2026-04-08T13:04:29.476+0000] {processor.py:161} INFO - Started process (PID=6686) to work on /home/airflow/.local/lib/python3.8/site-packages/airflow/example_dags/tutorial.py
[2026-04-08T13:04:29.477+0000] {processor.py:830} INFO - Processing file /home/airflow/.local/lib/python3.8/site-packages/airflow/example_dags/tutorial.py for tasks to queue
[2026-04-08T13:04:29.478+0000] {logging_mixin.py:188} INFO - [2026-04-08T13:04:29.478+0000] {dagbag.py:538} INFO - Filling up the DagBag from /home/airflow/.local/lib/python3.8/site-packages/airflow/example_dags/tutorial.py
[2026-04-08T13:04:29.503+0000] {processor.py:840} INFO - DAG(s) 'tutorial' retrieved from /home/airflow/.local/lib/python3.8/site-packages/airflow/example_dags/tutorial.py
[2026-04-08T13:04:29.531+0000] {logging_mixin.py:188} INFO - [2026-04-08T13:04:29.531+0000] {dag.py:3033} INFO - Sync 1 DAGs
[2026-04-08T13:04:29.566+0000] {logging_mixin.py:188} INFO - [2026-04-08T13:04:29.566+0000] {dag.py:3820} INFO - Setting next_dagrun for tutorial to 2026-04-07T00:00:00+00:00, run_after=2026-04-08T00:00:00+00:00
[2026-04-08T13:04:29.609+0000] {processor.py:183} INFO - Processing /home/airflow/.local/lib/python3.8/site-packages/airflow/example_dags/tutorial.py took 0.141 seconds
[2026-04-08T13:05:00.102+0000] {processor.py:161} INFO - Started process (PID=6747) to work on /home/airflow/.local/lib/python3.8/site-packages/airflow/example_dags/tutorial.py
[2026-04-08T13:05:00.103+0000] {processor.py:830} INFO - Processing file /home/airflow/.local/lib/python3.8/site-packages/airflow/example_dags/tutorial.py for tasks to queue
[2026-04-08T13:05:00.104+0000] {logging_mixin.py:188} INFO - [2026-04-08T13:05:00.103+0000] {dagbag.py:538} INFO - Filling up the DagBag from /home/airflow/.local/lib/python3.8/site-packages/airflow/example_dags/tutorial.py
[2026-04-08T13:05:00.113+0000] {processor.py:840} INFO - DAG(s) 'tutorial' retrieved from /home/airflow/.local/lib/python3.8/site-packages/airflow/example_dags/tutorial.py
[2026-04-08T13:05:00.147+0000] {logging_mixin.py:188} INFO - [2026-04-08T13:05:00.146+0000] {dag.py:3033} INFO - Sync 1 DAGs
[2026-04-08T13:05:00.172+0000] {logging_mixin.py:188} INFO - [2026-04-08T13:05:00.172+0000] {dag.py:3820} INFO - Setting next_dagrun for tutorial to 2026-04-07T00:00:00+00:00, run_after=2026-04-08T00:00:00+00:00
[2026-04-08T13:05:00.191+0000] {processor.py:183} INFO - Processing /home/airflow/.local/lib/python3.8/site-packages/airflow/example_dags/tutorial.py took 0.094 seconds
[2026-04-08T13:05:30.968+0000] {processor.py:161} INFO - Started process (PID=6808) to work on /home/airflow/.local/lib/python3.8/site-packages/airflow/example_dags/tutorial.py
[2026-04-08T13:05:30.969+0000] {processor.py:830} INFO - Processing file /home/airflow/.local/lib/python3.8/site-packages/airflow/example_dags/tutorial.py for tasks to queue
[2026-04-08T13:05:30.970+0000] {logging_mixin.py:188} INFO - [2026-04-08T13:05:30.969+0000] {dagbag.py:538} INFO - Filling up the DagBag from /home/airflow/.local/lib/python3.8/site-packages/airflow/example_dags/tutorial.py
[2026-04-08T13:05:30.977+0000] {processor.py:840} INFO - DAG(s) 'tutorial' retrieved from /home/airflow/.local/lib/python3.8/site-packages/airflow/example_dags/tutorial.py
[2026-04-08T13:05:31.000+0000] {logging_mixin.py:188} INFO - [2026-04-08T13:05:31.000+0000] {dag.py:3033} INFO - Sync 1 DAGs
[2026-04-08T13:05:31.026+0000] {logging_mixin.py:188} INFO - [2026-04-08T13:05:31.025+0000] {dag.py:3820} INFO - Setting next_dagrun for tutorial to 2026-04-07T00:00:00+00:00, run_after=2026-04-08T00:00:00+00:00
[2026-04-08T13:05:31.047+0000] {processor.py:183} INFO - Processing /home/airflow/.local/lib/python3.8/site-packages/airflow/example_dags/tutorial.py took 0.083 seconds
[2026-04-08T13:06:03.207+0000] {processor.py:161} INFO - Started process (PID=6870) to work on /home/airflow/.local/lib/python3.8/site-packages/airflow/example_dags/tutorial.py
[2026-04-08T13:06:03.210+0000] {processor.py:830} INFO - Processing file /home/airflow/.local/lib/python3.8/site-packages/airflow/example_dags/tutorial.py for tasks to queue
[2026-04-08T13:06:03.211+0000] {logging_mixin.py:188} INFO - [2026-04-08T13:06:03.210+0000] {dagbag.py:538} INFO - Filling up the DagBag from /home/airflow/.local/lib/python3.8/site-packages/airflow/example_dags/tutorial.py
[2026-04-08T13:06:03.230+0000] {processor.py:840} INFO - DAG(s) 'tutorial' retrieved from /home/airflow/.local/lib/python3.8/site-packages/airflow/example_dags/tutorial.py
[2026-04-08T13:06:03.257+0000] {logging_mixin.py:188} INFO - [2026-04-08T13:06:03.256+0000] {dag.py:3033} INFO - Sync 1 DAGs
[2026-04-08T13:06:03.303+0000] {logging_mixin.py:188} INFO - [2026-04-08T13:06:03.301+0000] {dag.py:3820} INFO - Setting next_dagrun for tutorial to 2026-04-07T00:00:00+00:00, run_after=2026-04-08T00:00:00+00:00
[2026-04-08T13:06:03.339+0000] {processor.py:183} INFO - Processing /home/airflow/.local/lib/python3.8/site-packages/airflow/example_dags/tutorial.py took 0.148 seconds
[2026-04-08T13:06:33.520+0000] {processor.py:161} INFO - Started process (PID=6931) to work on /home/airflow/.local/lib/python3.8/site-packages/airflow/example_dags/tutorial.py
[2026-04-08T13:06:33.521+0000] {processor.py:830} INFO - Processing file /home/airflow/.local/lib/python3.8/site-packages/airflow/example_dags/tutorial.py for tasks to queue
[2026-04-08T13:06:33.522+0000] {logging_mixin.py:188} INFO - [2026-04-08T13:06:33.521+0000] {dagbag.py:538} INFO - Filling up the DagBag from /home/airflow/.local/lib/python3.8/site-packages/airflow/example_dags/tutorial.py
[2026-04-08T13:06:33.530+0000] {processor.py:840} INFO - DAG(s) 'tutorial' retrieved from /home/airflow/.local/lib/python3.8/site-packages/airflow/example_dags/tutorial.py
[2026-04-08T13:06:33.553+0000] {logging_mixin.py:188} INFO - [2026-04-08T13:06:33.553+0000] {dag.py:3033} INFO - Sync 1 DAGs
[2026-04-08T13:06:33.579+0000] {logging_mixin.py:188} INFO - [2026-04-08T13:06:33.579+0000] {dag.py:3820} INFO - Setting next_dagrun for tutorial to 2026-04-07T00:00:00+00:00, run_after=2026-04-08T00:00:00+00:00
[2026-04-08T13:06:33.620+0000] {processor.py:183} INFO - Processing /home/airflow/.local/lib/python3.8/site-packages/airflow/example_dags/tutorial.py took 0.104 seconds
[2026-04-08T13:07:04.558+0000] {processor.py:161} INFO - Started process (PID=6992) to work on /home/airflow/.local/lib/python3.8/site-packages/airflow/example_dags/tutorial.py
[2026-04-08T13:07:04.559+0000] {processor.py:830} INFO - Processing file /home/airflow/.local/lib/python3.8/site-packages/airflow/example_dags/tutorial.py for tasks to queue
[2026-04-08T13:07:04.560+0000] {logging_mixin.py:188} INFO - [2026-04-08T13:07:04.560+0000] {dagbag.py:538} INFO - Filling up the DagBag from /home/airflow/.local/lib/python3.8/site-packages/airflow/example_dags/tutorial.py
[2026-04-08T13:07:04.574+0000] {processor.py:840} INFO - DAG(s) 'tutorial' retrieved from /home/airflow/.local/lib/python3.8/site-packages/airflow/example_dags/tutorial.py
[2026-04-08T13:07:04.602+0000] {logging_mixin.py:188} INFO - [2026-04-08T13:07:04.601+0000] {dag.py:3033} INFO - Sync 1 DAGs
[2026-04-08T13:07:04.625+0000] {logging_mixin.py:188} INFO - [2026-04-08T13:07:04.625+0000] {dag.py:3820} INFO - Setting next_dagrun for tutorial to 2026-04-07T00:00:00+00:00, run_after=2026-04-08T00:00:00+00:00
[2026-04-08T13:07:04.643+0000] {processor.py:183} INFO - Processing /home/airflow/.local/lib/python3.8/site-packages/airflow/example_dags/tutorial.py took 0.095 seconds
[2026-04-08T13:07:35.151+0000] {processor.py:161} INFO - Started process (PID=7054) to work on /home/airflow/.local/lib/python3.8/site-packages/airflow/example_dags/tutorial.py
[2026-04-08T13:07:35.152+0000] {processor.py:830} INFO - Processing file /home/airflow/.local/lib/python3.8/site-packages/airflow/example_dags/tutorial.py for tasks to queue
[2026-04-08T13:07:35.153+0000] {logging_mixin.py:188} INFO - [2026-04-08T13:07:35.153+0000] {dagbag.py:538} INFO - Filling up the DagBag from /home/airflow/.local/lib/python3.8/site-packages/airflow/example_dags/tutorial.py
[2026-04-08T13:07:35.161+0000] {processor.py:840} INFO - DAG(s) 'tutorial' retrieved from /home/airflow/.local/lib/python3.8/site-packages/airflow/example_dags/tutorial.py
[2026-04-08T13:07:35.187+0000] {logging_mixin.py:188} INFO - [2026-04-08T13:07:35.187+0000] {dag.py:3033} INFO - Sync 1 DAGs
[2026-04-08T13:07:35.213+0000] {logging_mixin.py:188} INFO - [2026-04-08T13:07:35.212+0000] {dag.py:3820} INFO - Setting next_dagrun for tutorial to 2026-04-07T00:00:00+00:00, run_after=2026-04-08T00:00:00+00:00
[2026-04-08T13:07:35.231+0000] {processor.py:183} INFO - Processing /home/airflow/.local/lib/python3.8/site-packages/airflow/example_dags/tutorial.py took 0.085 seconds
[2026-04-08T13:08:05.581+0000] {processor.py:161} INFO - Started process (PID=7115) to work on /home/airflow/.local/lib/python3.8/site-packages/airflow/example_dags/tutorial.py
[2026-04-08T13:08:05.582+0000] {processor.py:830} INFO - Processing file /home/airflow/.local/lib/python3.8/site-packages/airflow/example_dags/tutorial.py for tasks to queue
[2026-04-08T13:08:05.583+0000] {logging_mixin.py:188} INFO - [2026-04-08T13:08:05.582+0000] {dagbag.py:538} INFO - Filling up the DagBag from /home/airflow/.local/lib/python3.8/site-packages/airflow/example_dags/tutorial.py
[2026-04-08T13:08:05.591+0000] {processor.py:840} INFO - DAG(s) 'tutorial' retrieved from /home/airflow/.local/lib/python3.8/site-packages/airflow/example_dags/tutorial.py
[2026-04-08T13:08:05.628+0000] {logging_mixin.py:188} INFO - [2026-04-08T13:08:05.628+0000] {dag.py:3033} INFO - Sync 1 DAGs
[2026-04-08T13:08:05.662+0000] {logging_mixin.py:188} INFO - [2026-04-08T13:08:05.662+0000] {dag.py:3820} INFO - Setting next_dagrun for tutorial to 2026-04-07T00:00:00+00:00, run_after=2026-04-08T00:00:00+00:00
[2026-04-08T13:08:05.692+0000] {processor.py:183} INFO - Processing /home/airflow/.local/lib/python3.8/site-packages/airflow/example_dags/tutorial.py took 0.115 seconds
[2026-04-08T13:08:35.960+0000] {processor.py:161} INFO - Started process (PID=7176) to work on /home/airflow/.local/lib/python3.8/site-packages/airflow/example_dags/tutorial.py
[2026-04-08T13:08:35.962+0000] {processor.py:830} INFO - Processing file /home/airflow/.local/lib/python3.8/site-packages/airflow/example_dags/tutorial.py for tasks to queue
[2026-04-08T13:08:35.963+0000] {logging_mixin.py:188} INFO - [2026-04-08T13:08:35.962+0000] {dagbag.py:538} INFO - Filling up the DagBag from /home/airflow/.local/lib/python3.8/site-packages/airflow/example_dags/tutorial.py
[2026-04-08T13:08:35.971+0000] {processor.py:840} INFO - DAG(s) 'tutorial' retrieved from /home/airflow/.local/lib/python3.8/site-packages/airflow/example_dags/tutorial.py
[2026-04-08T13:08:35.996+0000] {logging_mixin.py:188} INFO - [2026-04-08T13:08:35.996+0000] {dag.py:3033} INFO - Sync 1 DAGs
[2026-04-08T13:08:36.022+0000] {logging_mixin.py:188} INFO - [2026-04-08T13:08:36.022+0000] {dag.py:3820} INFO - Setting next_dagrun for tutorial to 2026-04-07T00:00:00+00:00, run_after=2026-04-08T00:00:00+00:00
[2026-04-08T13:08:36.044+0000] {processor.py:183} INFO - Processing /home/airflow/.local/lib/python3.8/site-packages/airflow/example_dags/tutorial.py took 0.087 seconds
[2026-04-08T13:09:06.561+0000] {processor.py:161} INFO - Started process (PID=7237) to work on /home/airflow/.local/lib/python3.8/site-packages/airflow/example_dags/tutorial.py
[2026-04-08T13:09:06.562+0000] {processor.py:830} INFO - Processing file /home/airflow/.local/lib/python3.8/site-packages/airflow/example_dags/tutorial.py for tasks to queue
[2026-04-08T13:09:06.563+0000] {logging_mixin.py:188} INFO - [2026-04-08T13:09:06.562+0000] {dagbag.py:538} INFO - Filling up the DagBag from /home/airflow/.local/lib/python3.8/site-packages/airflow/example_dags/tutorial.py
[2026-04-08T13:09:06.582+0000] {processor.py:840} INFO - DAG(s) 'tutorial' retrieved from /home/airflow/.local/lib/python3.8/site-packages/airflow/example_dags/tutorial.py
[2026-04-08T13:09:06.627+0000] {logging_mixin.py:188} INFO - [2026-04-08T13:09:06.627+0000] {dag.py:3033} INFO - Sync 1 DAGs
[2026-04-08T13:09:06.664+0000] {logging_mixin.py:188} INFO - [2026-04-08T13:09:06.664+0000] {dag.py:3820} INFO - Setting next_dagrun for tutorial to 2026-04-07T00:00:00+00:00, run_after=2026-04-08T00:00:00+00:00
[2026-04-08T13:09:06.684+0000] {processor.py:183} INFO - Processing /home/airflow/.local/lib/python3.8/site-packages/airflow/example_dags/tutorial.py took 0.128 seconds
[2026-04-08T13:09:37.544+0000] {processor.py:161} INFO - Started process (PID=7297) to work on /home/airflow/.local/lib/python3.8/site-packages/airflow/example_dags/tutorial.py
[2026-04-08T13:09:37.545+0000] {processor.py:830} INFO - Processing file /home/airflow/.local/lib/python3.8/site-packages/airflow/example_dags/tutorial.py for tasks to queue
[2026-04-08T13:09:37.546+0000] {logging_mixin.py:188} INFO - [2026-04-08T13:09:37.546+0000] {dagbag.py:538} INFO - Filling up the DagBag from /home/airflow/.local/lib/python3.8/site-packages/airflow/example_dags/tutorial.py
[2026-04-08T13:09:37.562+0000] {processor.py:840} INFO - DAG(s) 'tutorial' retrieved from /home/airflow/.local/lib/python3.8/site-packages/airflow/example_dags/tutorial.py
[2026-04-08T13:09:37.628+0000] {logging_mixin.py:188} INFO - [2026-04-08T13:09:37.628+0000] {dag.py:3033} INFO - Sync 1 DAGs
[2026-04-08T13:09:37.699+0000] {logging_mixin.py:188} INFO - [2026-04-08T13:09:37.699+0000] {dag.py:3820} INFO - Setting next_dagrun for tutorial to 2026-04-07T00:00:00+00:00, run_after=2026-04-08T00:00:00+00:00
[2026-04-08T13:09:37.723+0000] {processor.py:183} INFO - Processing /home/airflow/.local/lib/python3.8/site-packages/airflow/example_dags/tutorial.py took 0.189 seconds
[2026-04-08T13:10:08.026+0000] {processor.py:161} INFO - Started process (PID=7358) to work on /home/airflow/.local/lib/python3.8/site-packages/airflow/example_dags/tutorial.py
[2026-04-08T13:10:08.027+0000] {processor.py:830} INFO - Processing file /home/airflow/.local/lib/python3.8/site-packages/airflow/example_dags/tutorial.py for tasks to queue
[2026-04-08T13:10:08.028+0000] {logging_mixin.py:188} INFO - [2026-04-08T13:10:08.028+0000] {dagbag.py:538} INFO - Filling up the DagBag from /home/airflow/.local/lib/python3.8/site-packages/airflow/example_dags/tutorial.py
[2026-04-08T13:10:08.037+0000] {processor.py:840} INFO - DAG(s) 'tutorial' retrieved from /home/airflow/.local/lib/python3.8/site-packages/airflow/example_dags/tutorial.py
[2026-04-08T13:10:08.061+0000] {logging_mixin.py:188} INFO - [2026-04-08T13:10:08.061+0000] {dag.py:3033} INFO - Sync 1 DAGs
[2026-04-08T13:10:08.085+0000] {logging_mixin.py:188} INFO - [2026-04-08T13:10:08.085+0000] {dag.py:3820} INFO - Setting next_dagrun for tutorial to 2026-04-07T00:00:00+00:00, run_after=2026-04-08T00:00:00+00:00
[2026-04-08T13:10:08.106+0000] {processor.py:183} INFO - Processing /home/airflow/.local/lib/python3.8/site-packages/airflow/example_dags/tutorial.py took 0.084 seconds
[2026-04-08T13:10:38.627+0000] {processor.py:161} INFO - Started process (PID=7417) to work on /home/airflow/.local/lib/python3.8/site-packages/airflow/example_dags/tutorial.py
[2026-04-08T13:10:38.630+0000] {processor.py:830} INFO - Processing file /home/airflow/.local/lib/python3.8/site-packages/airflow/example_dags/tutorial.py for tasks to queue
[2026-04-08T13:10:38.633+0000] {logging_mixin.py:188} INFO - [2026-04-08T13:10:38.632+0000] {dagbag.py:538} INFO - Filling up the DagBag from /home/airflow/.local/lib/python3.8/site-packages/airflow/example_dags/tutorial.py
[2026-04-08T13:10:38.653+0000] {processor.py:840} INFO - DAG(s) 'tutorial' retrieved from /home/airflow/.local/lib/python3.8/site-packages/airflow/example_dags/tutorial.py
[2026-04-08T13:10:38.717+0000] {logging_mixin.py:188} INFO - [2026-04-08T13:10:38.717+0000] {dag.py:3033} INFO - Sync 1 DAGs
[2026-04-08T13:10:38.781+0000] {logging_mixin.py:188} INFO - [2026-04-08T13:10:38.781+0000] {dag.py:3820} INFO - Setting next_dagrun for tutorial to 2026-04-07T00:00:00+00:00, run_after=2026-04-08T00:00:00+00:00
[2026-04-08T13:10:38.836+0000] {processor.py:183} INFO - Processing /home/airflow/.local/lib/python3.8/site-packages/airflow/example_dags/tutorial.py took 0.215 seconds
[2026-04-08T13:11:09.777+0000] {processor.py:161} INFO - Started process (PID=7479) to work on /home/airflow/.local/lib/python3.8/site-packages/airflow/example_dags/tutorial.py
[2026-04-08T13:11:09.778+0000] {processor.py:830} INFO - Processing file /home/airflow/.local/lib/python3.8/site-packages/airflow/example_dags/tutorial.py for tasks to queue
[2026-04-08T13:11:09.779+0000] {logging_mixin.py:188} INFO - [2026-04-08T13:11:09.779+0000] {dagbag.py:538} INFO - Filling up the DagBag from /home/airflow/.local/lib/python3.8/site-packages/airflow/example_dags/tutorial.py
[2026-04-08T13:11:09.788+0000] {processor.py:840} INFO - DAG(s) 'tutorial' retrieved from /home/airflow/.local/lib/python3.8/site-packages/airflow/example_dags/tutorial.py
[2026-04-08T13:11:09.813+0000] {logging_mixin.py:188} INFO - [2026-04-08T13:11:09.813+0000] {dag.py:3033} INFO - Sync 1 DAGs
[2026-04-08T13:11:09.837+0000] {logging_mixin.py:188} INFO - [2026-04-08T13:11:09.837+0000] {dag.py:3820} INFO - Setting next_dagrun for tutorial to 2026-04-07T00:00:00+00:00, run_after=2026-04-08T00:00:00+00:00
[2026-04-08T13:11:09.856+0000] {processor.py:183} INFO - Processing /home/airflow/.local/lib/python3.8/site-packages/airflow/example_dags/tutorial.py took 0.082 seconds
[2026-04-08T13:11:40.967+0000] {processor.py:161} INFO - Started process (PID=7540) to work on /home/airflow/.local/lib/python3.8/site-packages/airflow/example_dags/tutorial.py
[2026-04-08T13:11:40.968+0000] {processor.py:830} INFO - Processing file /home/airflow/.local/lib/python3.8/site-packages/airflow/example_dags/tutorial.py for tasks to queue
[2026-04-08T13:11:40.969+0000] {logging_mixin.py:188} INFO - [2026-04-08T13:11:40.969+0000] {dagbag.py:538} INFO - Filling up the DagBag from /home/airflow/.local/lib/python3.8/site-packages/airflow/example_dags/tutorial.py
[2026-04-08T13:11:40.978+0000] {processor.py:840} INFO - DAG(s) 'tutorial' retrieved from /home/airflow/.local/lib/python3.8/site-packages/airflow/example_dags/tutorial.py
[2026-04-08T13:11:41.002+0000] {logging_mixin.py:188} INFO - [2026-04-08T13:11:41.002+0000] {dag.py:3033} INFO - Sync 1 DAGs
[2026-04-08T13:11:41.027+0000] {logging_mixin.py:188} INFO - [2026-04-08T13:11:41.026+0000] {dag.py:3820} INFO - Setting next_dagrun for tutorial to 2026-04-07T00:00:00+00:00, run_after=2026-04-08T00:00:00+00:00
[2026-04-08T13:11:41.047+0000] {processor.py:183} INFO - Processing /home/airflow/.local/lib/python3.8/site-packages/airflow/example_dags/tutorial.py took 0.084 seconds
[2026-04-08T13:12:12.110+0000] {processor.py:161} INFO - Started process (PID=7601) to work on /home/airflow/.local/lib/python3.8/site-packages/airflow/example_dags/tutorial.py
[2026-04-08T13:12:12.111+0000] {processor.py:830} INFO - Processing file /home/airflow/.local/lib/python3.8/site-packages/airflow/example_dags/tutorial.py for tasks to queue
[2026-04-08T13:12:12.112+0000] {logging_mixin.py:188} INFO - [2026-04-08T13:12:12.111+0000] {dagbag.py:538} INFO - Filling up the DagBag from /home/airflow/.local/lib/python3.8/site-packages/airflow/example_dags/tutorial.py
[2026-04-08T13:12:12.121+0000] {processor.py:840} INFO - DAG(s) 'tutorial' retrieved from /home/airflow/.local/lib/python3.8/site-packages/airflow/example_dags/tutorial.py
[2026-04-08T13:12:12.148+0000] {logging_mixin.py:188} INFO - [2026-04-08T13:12:12.148+0000] {dag.py:3033} INFO - Sync 1 DAGs
[2026-04-08T13:12:12.180+0000] {logging_mixin.py:188} INFO - [2026-04-08T13:12:12.180+0000] {dag.py:3820} INFO - Setting next_dagrun for tutorial to 2026-04-07T00:00:00+00:00, run_after=2026-04-08T00:00:00+00:00
[2026-04-08T13:12:12.199+0000] {processor.py:183} INFO - Processing /home/airflow/.local/lib/python3.8/site-packages/airflow/example_dags/tutorial.py took 0.093 seconds
[2026-04-08T13:12:42.650+0000] {processor.py:161} INFO - Started process (PID=7662) to work on /home/airflow/.local/lib/python3.8/site-packages/airflow/example_dags/tutorial.py
[2026-04-08T13:12:42.655+0000] {processor.py:830} INFO - Processing file /home/airflow/.local/lib/python3.8/site-packages/airflow/example_dags/tutorial.py for tasks to queue
[2026-04-08T13:12:42.662+0000] {logging_mixin.py:188} INFO - [2026-04-08T13:12:42.661+0000] {dagbag.py:538} INFO - Filling up the DagBag from /home/airflow/.local/lib/python3.8/site-packages/airflow/example_dags/tutorial.py
[2026-04-08T13:12:42.688+0000] {processor.py:840} INFO - DAG(s) 'tutorial' retrieved from /home/airflow/.local/lib/python3.8/site-packages/airflow/example_dags/tutorial.py
[2026-04-08T13:12:42.794+0000] {logging_mixin.py:188} INFO - [2026-04-08T13:12:42.794+0000] {dag.py:3033} INFO - Sync 1 DAGs
[2026-04-08T13:12:42.831+0000] {logging_mixin.py:188} INFO - [2026-04-08T13:12:42.831+0000] {dag.py:3820} INFO - Setting next_dagrun for tutorial to 2026-04-07T00:00:00+00:00, run_after=2026-04-08T00:00:00+00:00
[2026-04-08T13:12:42.851+0000] {processor.py:183} INFO - Processing /home/airflow/.local/lib/python3.8/site-packages/airflow/example_dags/tutorial.py took 0.207 seconds
[2026-04-08T13:13:12.932+0000] {processor.py:161} INFO - Started process (PID=7723) to work on /home/airflow/.local/lib/python3.8/site-packages/airflow/example_dags/tutorial.py
[2026-04-08T13:13:12.933+0000] {processor.py:830} INFO - Processing file /home/airflow/.local/lib/python3.8/site-packages/airflow/example_dags/tutorial.py for tasks to queue
[2026-04-08T13:13:12.933+0000] {logging_mixin.py:188} INFO - [2026-04-08T13:13:12.933+0000] {dagbag.py:538} INFO - Filling up the DagBag from /home/airflow/.local/lib/python3.8/site-packages/airflow/example_dags/tutorial.py
[2026-04-08T13:13:12.942+0000] {processor.py:840} INFO - DAG(s) 'tutorial' retrieved from /home/airflow/.local/lib/python3.8/site-packages/airflow/example_dags/tutorial.py
[2026-04-08T13:13:12.967+0000] {logging_mixin.py:188} INFO - [2026-04-08T13:13:12.967+0000] {dag.py:3033} INFO - Sync 1 DAGs
[2026-04-08T13:13:12.993+0000] {logging_mixin.py:188} INFO - [2026-04-08T13:13:12.993+0000] {dag.py:3820} INFO - Setting next_dagrun for tutorial to 2026-04-07T00:00:00+00:00, run_after=2026-04-08T00:00:00+00:00
[2026-04-08T13:13:13.013+0000] {processor.py:183} INFO - Processing /home/airflow/.local/lib/python3.8/site-packages/airflow/example_dags/tutorial.py took 0.086 seconds
[2026-04-08T13:13:44.148+0000] {processor.py:161} INFO - Started process (PID=7786) to work on /home/airflow/.local/lib/python3.8/site-packages/airflow/example_dags/tutorial.py
[2026-04-08T13:13:44.168+0000] {processor.py:830} INFO - Processing file /home/airflow/.local/lib/python3.8/site-packages/airflow/example_dags/tutorial.py for tasks to queue
[2026-04-08T13:13:44.173+0000] {logging_mixin.py:188} INFO - [2026-04-08T13:13:44.173+0000] {dagbag.py:538} INFO - Filling up the DagBag from /home/airflow/.local/lib/python3.8/site-packages/airflow/example_dags/tutorial.py
[2026-04-08T13:13:44.207+0000] {processor.py:840} INFO - DAG(s) 'tutorial' retrieved from /home/airflow/.local/lib/python3.8/site-packages/airflow/example_dags/tutorial.py
[2026-04-08T13:13:44.269+0000] {logging_mixin.py:188} INFO - [2026-04-08T13:13:44.267+0000] {dag.py:3033} INFO - Sync 1 DAGs
[2026-04-08T13:13:44.316+0000] {logging_mixin.py:188} INFO - [2026-04-08T13:13:44.316+0000] {dag.py:3820} INFO - Setting next_dagrun for tutorial to 2026-04-07T00:00:00+00:00, run_after=2026-04-08T00:00:00+00:00
[2026-04-08T13:13:44.334+0000] {processor.py:183} INFO - Processing /home/airflow/.local/lib/python3.8/site-packages/airflow/example_dags/tutorial.py took 0.207 seconds
[2026-04-08T13:14:14.625+0000] {processor.py:161} INFO - Started process (PID=7847) to work on /home/airflow/.local/lib/python3.8/site-packages/airflow/example_dags/tutorial.py
[2026-04-08T13:14:14.630+0000] {processor.py:830} INFO - Processing file /home/airflow/.local/lib/python3.8/site-packages/airflow/example_dags/tutorial.py for tasks to queue
[2026-04-08T13:14:14.630+0000] {logging_mixin.py:188} INFO - [2026-04-08T13:14:14.630+0000] {dagbag.py:538} INFO - Filling up the DagBag from /home/airflow/.local/lib/python3.8/site-packages/airflow/example_dags/tutorial.py
[2026-04-08T13:14:14.647+0000] {processor.py:840} INFO - DAG(s) 'tutorial' retrieved from /home/airflow/.local/lib/python3.8/site-packages/airflow/example_dags/tutorial.py
[2026-04-08T13:14:14.702+0000] {logging_mixin.py:188} INFO - [2026-04-08T13:14:14.701+0000] {dag.py:3033} INFO - Sync 1 DAGs
[2026-04-08T13:14:14.791+0000] {logging_mixin.py:188} INFO - [2026-04-08T13:14:14.790+0000] {dag.py:3820} INFO - Setting next_dagrun for tutorial to 2026-04-07T00:00:00+00:00, run_after=2026-04-08T00:00:00+00:00
[2026-04-08T13:14:14.894+0000] {processor.py:183} INFO - Processing /home/airflow/.local/lib/python3.8/site-packages/airflow/example_dags/tutorial.py took 0.275 seconds
[2026-04-08T13:14:45.108+0000] {processor.py:161} INFO - Started process (PID=7909) to work on /home/airflow/.local/lib/python3.8/site-packages/airflow/example_dags/tutorial.py
[2026-04-08T13:14:45.110+0000] {processor.py:830} INFO - Processing file /home/airflow/.local/lib/python3.8/site-packages/airflow/example_dags/tutorial.py for tasks to queue
[2026-04-08T13:14:45.111+0000] {logging_mixin.py:188} INFO - [2026-04-08T13:14:45.111+0000] {dagbag.py:538} INFO - Filling up the DagBag from /home/airflow/.local/lib/python3.8/site-packages/airflow/example_dags/tutorial.py
[2026-04-08T13:14:45.120+0000] {processor.py:840} INFO - DAG(s) 'tutorial' retrieved from /home/airflow/.local/lib/python3.8/site-packages/airflow/example_dags/tutorial.py
[2026-04-08T13:14:45.153+0000] {logging_mixin.py:188} INFO - [2026-04-08T13:14:45.153+0000] {dag.py:3033} INFO - Sync 1 DAGs
[2026-04-08T13:14:45.179+0000] {logging_mixin.py:188} INFO - [2026-04-08T13:14:45.178+0000] {dag.py:3820} INFO - Setting next_dagrun for tutorial to 2026-04-07T00:00:00+00:00, run_after=2026-04-08T00:00:00+00:00
[2026-04-08T13:14:45.197+0000] {processor.py:183} INFO - Processing /home/airflow/.local/lib/python3.8/site-packages/airflow/example_dags/tutorial.py took 0.093 seconds
[2026-04-08T13:15:15.262+0000] {processor.py:161} INFO - Started process (PID=7970) to work on /home/airflow/.local/lib/python3.8/site-packages/airflow/example_dags/tutorial.py
[2026-04-08T13:15:15.263+0000] {processor.py:830} INFO - Processing file /home/airflow/.local/lib/python3.8/site-packages/airflow/example_dags/tutorial.py for tasks to queue
[2026-04-08T13:15:15.264+0000] {logging_mixin.py:188} INFO - [2026-04-08T13:15:15.264+0000] {dagbag.py:538} INFO - Filling up the DagBag from /home/airflow/.local/lib/python3.8/site-packages/airflow/example_dags/tutorial.py
[2026-04-08T13:15:15.274+0000] {processor.py:840} INFO - DAG(s) 'tutorial' retrieved from /home/airflow/.local/lib/python3.8/site-packages/airflow/example_dags/tutorial.py
[2026-04-08T13:15:15.317+0000] {logging_mixin.py:188} INFO - [2026-04-08T13:15:15.317+0000] {dag.py:3033} INFO - Sync 1 DAGs
[2026-04-08T13:15:15.344+0000] {logging_mixin.py:188} INFO - [2026-04-08T13:15:15.344+0000] {dag.py:3820} INFO - Setting next_dagrun for tutorial to 2026-04-07T00:00:00+00:00, run_after=2026-04-08T00:00:00+00:00
[2026-04-08T13:15:15.367+0000] {processor.py:183} INFO - Processing /home/airflow/.local/lib/python3.8/site-packages/airflow/example_dags/tutorial.py took 0.109 seconds
[2026-04-08T13:15:46.001+0000] {processor.py:161} INFO - Started process (PID=8031) to work on /home/airflow/.local/lib/python3.8/site-packages/airflow/example_dags/tutorial.py
[2026-04-08T13:15:46.003+0000] {processor.py:830} INFO - Processing file /home/airflow/.local/lib/python3.8/site-packages/airflow/example_dags/tutorial.py for tasks to queue
[2026-04-08T13:15:46.003+0000] {logging_mixin.py:188} INFO - [2026-04-08T13:15:46.003+0000] {dagbag.py:538} INFO - Filling up the DagBag from /home/airflow/.local/lib/python3.8/site-packages/airflow/example_dags/tutorial.py
[2026-04-08T13:15:46.013+0000] {processor.py:840} INFO - DAG(s) 'tutorial' retrieved from /home/airflow/.local/lib/python3.8/site-packages/airflow/example_dags/tutorial.py
[2026-04-08T13:15:46.051+0000] {logging_mixin.py:188} INFO - [2026-04-08T13:15:46.050+0000] {dag.py:3033} INFO - Sync 1 DAGs
[2026-04-08T13:15:46.082+0000] {logging_mixin.py:188} INFO - [2026-04-08T13:15:46.082+0000] {dag.py:3820} INFO - Setting next_dagrun for tutorial to 2026-04-07T00:00:00+00:00, run_after=2026-04-08T00:00:00+00:00
[2026-04-08T13:15:46.101+0000] {processor.py:183} INFO - Processing /home/airflow/.local/lib/python3.8/site-packages/airflow/example_dags/tutorial.py took 0.104 seconds
[2026-04-08T13:16:16.364+0000] {processor.py:161} INFO - Started process (PID=8092) to work on /home/airflow/.local/lib/python3.8/site-packages/airflow/example_dags/tutorial.py
[2026-04-08T13:16:16.367+0000] {processor.py:830} INFO - Processing file /home/airflow/.local/lib/python3.8/site-packages/airflow/example_dags/tutorial.py for tasks to queue
[2026-04-08T13:16:16.368+0000] {logging_mixin.py:188} INFO - [2026-04-08T13:16:16.368+0000] {dagbag.py:538} INFO - Filling up the DagBag from /home/airflow/.local/lib/python3.8/site-packages/airflow/example_dags/tutorial.py
[2026-04-08T13:16:16.377+0000] {processor.py:840} INFO - DAG(s) 'tutorial' retrieved from /home/airflow/.local/lib/python3.8/site-packages/airflow/example_dags/tutorial.py
[2026-04-08T13:16:16.402+0000] {logging_mixin.py:188} INFO - [2026-04-08T13:16:16.402+0000] {dag.py:3033} INFO - Sync 1 DAGs
[2026-04-08T13:16:16.427+0000] {logging_mixin.py:188} INFO - [2026-04-08T13:16:16.427+0000] {dag.py:3820} INFO - Setting next_dagrun for tutorial to 2026-04-07T00:00:00+00:00, run_after=2026-04-08T00:00:00+00:00
[2026-04-08T13:16:16.444+0000] {processor.py:183} INFO - Processing /home/airflow/.local/lib/python3.8/site-packages/airflow/example_dags/tutorial.py took 0.084 seconds
[2026-04-08T13:16:47.553+0000] {processor.py:161} INFO - Started process (PID=8153) to work on /home/airflow/.local/lib/python3.8/site-packages/airflow/example_dags/tutorial.py
[2026-04-08T13:16:47.555+0000] {processor.py:830} INFO - Processing file /home/airflow/.local/lib/python3.8/site-packages/airflow/example_dags/tutorial.py for tasks to queue
[2026-04-08T13:16:47.557+0000] {logging_mixin.py:188} INFO - [2026-04-08T13:16:47.556+0000] {dagbag.py:538} INFO - Filling up the DagBag from /home/airflow/.local/lib/python3.8/site-packages/airflow/example_dags/tutorial.py
[2026-04-08T13:16:47.576+0000] {processor.py:840} INFO - DAG(s) 'tutorial' retrieved from /home/airflow/.local/lib/python3.8/site-packages/airflow/example_dags/tutorial.py
[2026-04-08T13:16:47.613+0000] {logging_mixin.py:188} INFO - [2026-04-08T13:16:47.613+0000] {dag.py:3033} INFO - Sync 1 DAGs
[2026-04-08T13:16:47.640+0000] {logging_mixin.py:188} INFO - [2026-04-08T13:16:47.640+0000] {dag.py:3820} INFO - Setting next_dagrun for tutorial to 2026-04-07T00:00:00+00:00, run_after=2026-04-08T00:00:00+00:00
[2026-04-08T13:16:47.659+0000] {processor.py:183} INFO - Processing /home/airflow/.local/lib/python3.8/site-packages/airflow/example_dags/tutorial.py took 0.118 seconds
[2026-04-08T13:17:18.154+0000] {processor.py:161} INFO - Started process (PID=8214) to work on /home/airflow/.local/lib/python3.8/site-packages/airflow/example_dags/tutorial.py
[2026-04-08T13:17:18.157+0000] {processor.py:830} INFO - Processing file /home/airflow/.local/lib/python3.8/site-packages/airflow/example_dags/tutorial.py for tasks to queue
[2026-04-08T13:17:18.158+0000] {logging_mixin.py:188} INFO - [2026-04-08T13:17:18.158+0000] {dagbag.py:538} INFO - Filling up the DagBag from /home/airflow/.local/lib/python3.8/site-packages/airflow/example_dags/tutorial.py
[2026-04-08T13:17:18.173+0000] {processor.py:840} INFO - DAG(s) 'tutorial' retrieved from /home/airflow/.local/lib/python3.8/site-packages/airflow/example_dags/tutorial.py
[2026-04-08T13:17:18.222+0000] {logging_mixin.py:188} INFO - [2026-04-08T13:17:18.221+0000] {dag.py:3033} INFO - Sync 1 DAGs
[2026-04-08T13:17:18.247+0000] {logging_mixin.py:188} INFO - [2026-04-08T13:17:18.247+0000] {dag.py:3820} INFO - Setting next_dagrun for tutorial to 2026-04-07T00:00:00+00:00, run_after=2026-04-08T00:00:00+00:00
[2026-04-08T13:17:18.266+0000] {processor.py:183} INFO - Processing /home/airflow/.local/lib/python3.8/site-packages/airflow/example_dags/tutorial.py took 0.116 seconds
[2026-04-08T13:17:48.435+0000] {processor.py:161} INFO - Started process (PID=8275) to work on /home/airflow/.local/lib/python3.8/site-packages/airflow/example_dags/tutorial.py
[2026-04-08T13:17:48.436+0000] {processor.py:830} INFO - Processing file /home/airflow/.local/lib/python3.8/site-packages/airflow/example_dags/tutorial.py for tasks to queue
[2026-04-08T13:17:48.437+0000] {logging_mixin.py:188} INFO - [2026-04-08T13:17:48.437+0000] {dagbag.py:538} INFO - Filling up the DagBag from /home/airflow/.local/lib/python3.8/site-packages/airflow/example_dags/tutorial.py
[2026-04-08T13:17:48.446+0000] {processor.py:840} INFO - DAG(s) 'tutorial' retrieved from /home/airflow/.local/lib/python3.8/site-packages/airflow/example_dags/tutorial.py
[2026-04-08T13:17:48.470+0000] {logging_mixin.py:188} INFO - [2026-04-08T13:17:48.469+0000] {dag.py:3033} INFO - Sync 1 DAGs
[2026-04-08T13:17:48.497+0000] {logging_mixin.py:188} INFO - [2026-04-08T13:17:48.497+0000] {dag.py:3820} INFO - Setting next_dagrun for tutorial to 2026-04-07T00:00:00+00:00, run_after=2026-04-08T00:00:00+00:00
[2026-04-08T13:17:48.519+0000] {processor.py:183} INFO - Processing /home/airflow/.local/lib/python3.8/site-packages/airflow/example_dags/tutorial.py took 0.088 seconds
[2026-04-08T13:18:19.016+0000] {processor.py:161} INFO - Started process (PID=8335) to work on /home/airflow/.local/lib/python3.8/site-packages/airflow/example_dags/tutorial.py
[2026-04-08T13:18:19.019+0000] {processor.py:830} INFO - Processing file /home/airflow/.local/lib/python3.8/site-packages/airflow/example_dags/tutorial.py for tasks to queue
[2026-04-08T13:18:19.021+0000] {logging_mixin.py:188} INFO - [2026-04-08T13:18:19.020+0000] {dagbag.py:538} INFO - Filling up the DagBag from /home/airflow/.local/lib/python3.8/site-packages/airflow/example_dags/tutorial.py
[2026-04-08T13:18:19.038+0000] {processor.py:840} INFO - DAG(s) 'tutorial' retrieved from /home/airflow/.local/lib/python3.8/site-packages/airflow/example_dags/tutorial.py
[2026-04-08T13:18:19.092+0000] {logging_mixin.py:188} INFO - [2026-04-08T13:18:19.091+0000] {dag.py:3033} INFO - Sync 1 DAGs
[2026-04-08T13:18:19.118+0000] {logging_mixin.py:188} INFO - [2026-04-08T13:18:19.118+0000] {dag.py:3820} INFO - Setting next_dagrun for tutorial to 2026-04-07T00:00:00+00:00, run_after=2026-04-08T00:00:00+00:00
[2026-04-08T13:18:19.146+0000] {processor.py:183} INFO - Processing /home/airflow/.local/lib/python3.8/site-packages/airflow/example_dags/tutorial.py took 0.138 seconds
[2026-04-08T13:18:50.222+0000] {processor.py:161} INFO - Started process (PID=8396) to work on /home/airflow/.local/lib/python3.8/site-packages/airflow/example_dags/tutorial.py
[2026-04-08T13:18:50.229+0000] {processor.py:830} INFO - Processing file /home/airflow/.local/lib/python3.8/site-packages/airflow/example_dags/tutorial.py for tasks to queue
[2026-04-08T13:18:50.230+0000] {logging_mixin.py:188} INFO - [2026-04-08T13:18:50.229+0000] {dagbag.py:538} INFO - Filling up the DagBag from /home/airflow/.local/lib/python3.8/site-packages/airflow/example_dags/tutorial.py
[2026-04-08T13:18:50.252+0000] {processor.py:840} INFO - DAG(s) 'tutorial' retrieved from /home/airflow/.local/lib/python3.8/site-packages/airflow/example_dags/tutorial.py
[2026-04-08T13:18:50.343+0000] {logging_mixin.py:188} INFO - [2026-04-08T13:18:50.343+0000] {dag.py:3033} INFO - Sync 1 DAGs
[2026-04-08T13:18:50.413+0000] {logging_mixin.py:188} INFO - [2026-04-08T13:18:50.413+0000] {dag.py:3820} INFO - Setting next_dagrun for tutorial to 2026-04-07T00:00:00+00:00, run_after=2026-04-08T00:00:00+00:00
[2026-04-08T13:18:50.455+0000] {processor.py:183} INFO - Processing /home/airflow/.local/lib/python3.8/site-packages/airflow/example_dags/tutorial.py took 0.252 seconds
[2026-04-08T13:19:21.393+0000] {processor.py:161} INFO - Started process (PID=8457) to work on /home/airflow/.local/lib/python3.8/site-packages/airflow/example_dags/tutorial.py
[2026-04-08T13:19:21.394+0000] {processor.py:830} INFO - Processing file /home/airflow/.local/lib/python3.8/site-packages/airflow/example_dags/tutorial.py for tasks to queue
[2026-04-08T13:19:21.395+0000] {logging_mixin.py:188} INFO - [2026-04-08T13:19:21.395+0000] {dagbag.py:538} INFO - Filling up the DagBag from /home/airflow/.local/lib/python3.8/site-packages/airflow/example_dags/tutorial.py
[2026-04-08T13:19:21.405+0000] {processor.py:840} INFO - DAG(s) 'tutorial' retrieved from /home/airflow/.local/lib/python3.8/site-packages/airflow/example_dags/tutorial.py
[2026-04-08T13:19:21.429+0000] {logging_mixin.py:188} INFO - [2026-04-08T13:19:21.428+0000] {dag.py:3033} INFO - Sync 1 DAGs
[2026-04-08T13:19:21.462+0000] {logging_mixin.py:188} INFO - [2026-04-08T13:19:21.462+0000] {dag.py:3820} INFO - Setting next_dagrun for tutorial to 2026-04-07T00:00:00+00:00, run_after=2026-04-08T00:00:00+00:00
[2026-04-08T13:19:21.485+0000] {processor.py:183} INFO - Processing /home/airflow/.local/lib/python3.8/site-packages/airflow/example_dags/tutorial.py took 0.097 seconds
[2026-04-08T13:19:51.886+0000] {processor.py:161} INFO - Started process (PID=8518) to work on /home/airflow/.local/lib/python3.8/site-packages/airflow/example_dags/tutorial.py
[2026-04-08T13:19:51.887+0000] {processor.py:830} INFO - Processing file /home/airflow/.local/lib/python3.8/site-packages/airflow/example_dags/tutorial.py for tasks to queue
[2026-04-08T13:19:51.888+0000] {logging_mixin.py:188} INFO - [2026-04-08T13:19:51.888+0000] {dagbag.py:538} INFO - Filling up the DagBag from /home/airflow/.local/lib/python3.8/site-packages/airflow/example_dags/tutorial.py
[2026-04-08T13:19:51.897+0000] {processor.py:840} INFO - DAG(s) 'tutorial' retrieved from /home/airflow/.local/lib/python3.8/site-packages/airflow/example_dags/tutorial.py
[2026-04-08T13:19:51.927+0000] {logging_mixin.py:188} INFO - [2026-04-08T13:19:51.927+0000] {dag.py:3033} INFO - Sync 1 DAGs
[2026-04-08T13:19:51.954+0000] {logging_mixin.py:188} INFO - [2026-04-08T13:19:51.953+0000] {dag.py:3820} INFO - Setting next_dagrun for tutorial to 2026-04-07T00:00:00+00:00, run_after=2026-04-08T00:00:00+00:00
[2026-04-08T13:19:51.993+0000] {processor.py:183} INFO - Processing /home/airflow/.local/lib/python3.8/site-packages/airflow/example_dags/tutorial.py took 0.111 seconds
[2026-04-08T13:20:22.294+0000] {processor.py:161} INFO - Started process (PID=8583) to work on /home/airflow/.local/lib/python3.8/site-packages/airflow/example_dags/tutorial.py
[2026-04-08T13:20:22.296+0000] {processor.py:830} INFO - Processing file /home/airflow/.local/lib/python3.8/site-packages/airflow/example_dags/tutorial.py for tasks to queue
[2026-04-08T13:20:22.297+0000] {logging_mixin.py:188} INFO - [2026-04-08T13:20:22.296+0000] {dagbag.py:538} INFO - Filling up the DagBag from /home/airflow/.local/lib/python3.8/site-packages/airflow/example_dags/tutorial.py
[2026-04-08T13:20:22.306+0000] {processor.py:840} INFO - DAG(s) 'tutorial' retrieved from /home/airflow/.local/lib/python3.8/site-packages/airflow/example_dags/tutorial.py
[2026-04-08T13:20:22.329+0000] {logging_mixin.py:188} INFO - [2026-04-08T13:20:22.328+0000] {dag.py:3033} INFO - Sync 1 DAGs
[2026-04-08T13:20:22.355+0000] {logging_mixin.py:188} INFO - [2026-04-08T13:20:22.355+0000] {dag.py:3820} INFO - Setting next_dagrun for tutorial to 2026-04-07T00:00:00+00:00, run_after=2026-04-08T00:00:00+00:00
[2026-04-08T13:20:22.369+0000] {processor.py:183} INFO - Processing /home/airflow/.local/lib/python3.8/site-packages/airflow/example_dags/tutorial.py took 0.079 seconds
[2026-04-08T13:20:52.773+0000] {processor.py:161} INFO - Started process (PID=8644) to work on /home/airflow/.local/lib/python3.8/site-packages/airflow/example_dags/tutorial.py
[2026-04-08T13:20:52.774+0000] {processor.py:830} INFO - Processing file /home/airflow/.local/lib/python3.8/site-packages/airflow/example_dags/tutorial.py for tasks to queue
[2026-04-08T13:20:52.775+0000] {logging_mixin.py:188} INFO - [2026-04-08T13:20:52.775+0000] {dagbag.py:538} INFO - Filling up the DagBag from /home/airflow/.local/lib/python3.8/site-packages/airflow/example_dags/tutorial.py
[2026-04-08T13:20:52.785+0000] {processor.py:840} INFO - DAG(s) 'tutorial' retrieved from /home/airflow/.local/lib/python3.8/site-packages/airflow/example_dags/tutorial.py
[2026-04-08T13:20:52.811+0000] {logging_mixin.py:188} INFO - [2026-04-08T13:20:52.810+0000] {dag.py:3033} INFO - Sync 1 DAGs
[2026-04-08T13:20:52.836+0000] {logging_mixin.py:188} INFO - [2026-04-08T13:20:52.835+0000] {dag.py:3820} INFO - Setting next_dagrun for tutorial to 2026-04-07T00:00:00+00:00, run_after=2026-04-08T00:00:00+00:00
[2026-04-08T13:20:52.855+0000] {processor.py:183} INFO - Processing /home/airflow/.local/lib/python3.8/site-packages/airflow/example_dags/tutorial.py took 0.086 seconds
[2026-04-08T13:21:23.725+0000] {processor.py:161} INFO - Started process (PID=8706) to work on /home/airflow/.local/lib/python3.8/site-packages/airflow/example_dags/tutorial.py
[2026-04-08T13:21:23.728+0000] {processor.py:830} INFO - Processing file /home/airflow/.local/lib/python3.8/site-packages/airflow/example_dags/tutorial.py for tasks to queue
[2026-04-08T13:21:23.731+0000] {logging_mixin.py:188} INFO - [2026-04-08T13:21:23.729+0000] {dagbag.py:538} INFO - Filling up the DagBag from /home/airflow/.local/lib/python3.8/site-packages/airflow/example_dags/tutorial.py
[2026-04-08T13:21:23.761+0000] {processor.py:840} INFO - DAG(s) 'tutorial' retrieved from /home/airflow/.local/lib/python3.8/site-packages/airflow/example_dags/tutorial.py
[2026-04-08T13:21:23.843+0000] {logging_mixin.py:188} INFO - [2026-04-08T13:21:23.843+0000] {dag.py:3033} INFO - Sync 1 DAGs
[2026-04-08T13:21:23.874+0000] {logging_mixin.py:188} INFO - [2026-04-08T13:21:23.873+0000] {dag.py:3820} INFO - Setting next_dagrun for tutorial to 2026-04-07T00:00:00+00:00, run_after=2026-04-08T00:00:00+00:00
[2026-04-08T13:21:23.911+0000] {processor.py:183} INFO - Processing /home/airflow/.local/lib/python3.8/site-packages/airflow/example_dags/tutorial.py took 0.195 seconds
[2026-04-08T13:21:54.780+0000] {processor.py:161} INFO - Started process (PID=8767) to work on /home/airflow/.local/lib/python3.8/site-packages/airflow/example_dags/tutorial.py
[2026-04-08T13:21:54.782+0000] {processor.py:830} INFO - Processing file /home/airflow/.local/lib/python3.8/site-packages/airflow/example_dags/tutorial.py for tasks to queue
[2026-04-08T13:21:54.783+0000] {logging_mixin.py:188} INFO - [2026-04-08T13:21:54.783+0000] {dagbag.py:538} INFO - Filling up the DagBag from /home/airflow/.local/lib/python3.8/site-packages/airflow/example_dags/tutorial.py
[2026-04-08T13:21:54.793+0000] {processor.py:840} INFO - DAG(s) 'tutorial' retrieved from /home/airflow/.local/lib/python3.8/site-packages/airflow/example_dags/tutorial.py
[2026-04-08T13:21:54.819+0000] {logging_mixin.py:188} INFO - [2026-04-08T13:21:54.818+0000] {dag.py:3033} INFO - Sync 1 DAGs
[2026-04-08T13:21:54.880+0000] {logging_mixin.py:188} INFO - [2026-04-08T13:21:54.880+0000] {dag.py:3820} INFO - Setting next_dagrun for tutorial to 2026-04-07T00:00:00+00:00, run_after=2026-04-08T00:00:00+00:00
[2026-04-08T13:21:54.941+0000] {processor.py:183} INFO - Processing /home/airflow/.local/lib/python3.8/site-packages/airflow/example_dags/tutorial.py took 0.165 seconds
[2026-04-08T13:22:25.100+0000] {processor.py:161} INFO - Started process (PID=8827) to work on /home/airflow/.local/lib/python3.8/site-packages/airflow/example_dags/tutorial.py
[2026-04-08T13:22:25.103+0000] {processor.py:830} INFO - Processing file /home/airflow/.local/lib/python3.8/site-packages/airflow/example_dags/tutorial.py for tasks to queue
[2026-04-08T13:22:25.104+0000] {logging_mixin.py:188} INFO - [2026-04-08T13:22:25.104+0000] {dagbag.py:538} INFO - Filling up the DagBag from /home/airflow/.local/lib/python3.8/site-packages/airflow/example_dags/tutorial.py
[2026-04-08T13:22:25.114+0000] {processor.py:840} INFO - DAG(s) 'tutorial' retrieved from /home/airflow/.local/lib/python3.8/site-packages/airflow/example_dags/tutorial.py
[2026-04-08T13:22:25.137+0000] {logging_mixin.py:188} INFO - [2026-04-08T13:22:25.137+0000] {dag.py:3033} INFO - Sync 1 DAGs
[2026-04-08T13:22:25.154+0000] {logging_mixin.py:188} INFO - [2026-04-08T13:22:25.154+0000] {dag.py:3820} INFO - Setting next_dagrun for tutorial to 2026-04-07T00:00:00+00:00, run_after=2026-04-08T00:00:00+00:00
[2026-04-08T13:22:25.171+0000] {processor.py:183} INFO - Processing /home/airflow/.local/lib/python3.8/site-packages/airflow/example_dags/tutorial.py took 0.074 seconds
[2026-04-08T13:22:55.295+0000] {processor.py:161} INFO - Started process (PID=8888) to work on /home/airflow/.local/lib/python3.8/site-packages/airflow/example_dags/tutorial.py
[2026-04-08T13:22:55.297+0000] {processor.py:830} INFO - Processing file /home/airflow/.local/lib/python3.8/site-packages/airflow/example_dags/tutorial.py for tasks to queue
[2026-04-08T13:22:55.301+0000] {logging_mixin.py:188} INFO - [2026-04-08T13:22:55.299+0000] {dagbag.py:538} INFO - Filling up the DagBag from /home/airflow/.local/lib/python3.8/site-packages/airflow/example_dags/tutorial.py
[2026-04-08T13:22:55.321+0000] {processor.py:840} INFO - DAG(s) 'tutorial' retrieved from /home/airflow/.local/lib/python3.8/site-packages/airflow/example_dags/tutorial.py
[2026-04-08T13:22:55.372+0000] {logging_mixin.py:188} INFO - [2026-04-08T13:22:55.371+0000] {dag.py:3033} INFO - Sync 1 DAGs
[2026-04-08T13:22:55.398+0000] {logging_mixin.py:188} INFO - [2026-04-08T13:22:55.398+0000] {dag.py:3820} INFO - Setting next_dagrun for tutorial to 2026-04-07T00:00:00+00:00, run_after=2026-04-08T00:00:00+00:00
[2026-04-08T13:22:55.439+0000] {processor.py:183} INFO - Processing /home/airflow/.local/lib/python3.8/site-packages/airflow/example_dags/tutorial.py took 0.157 seconds
[2026-04-08T13:23:26.361+0000] {processor.py:161} INFO - Started process (PID=8949) to work on /home/airflow/.local/lib/python3.8/site-packages/airflow/example_dags/tutorial.py
[2026-04-08T13:23:26.363+0000] {processor.py:830} INFO - Processing file /home/airflow/.local/lib/python3.8/site-packages/airflow/example_dags/tutorial.py for tasks to queue
[2026-04-08T13:23:26.364+0000] {logging_mixin.py:188} INFO - [2026-04-08T13:23:26.364+0000] {dagbag.py:538} INFO - Filling up the DagBag from /home/airflow/.local/lib/python3.8/site-packages/airflow/example_dags/tutorial.py
[2026-04-08T13:23:26.373+0000] {processor.py:840} INFO - DAG(s) 'tutorial' retrieved from /home/airflow/.local/lib/python3.8/site-packages/airflow/example_dags/tutorial.py
[2026-04-08T13:23:26.399+0000] {logging_mixin.py:188} INFO - [2026-04-08T13:23:26.399+0000] {dag.py:3033} INFO - Sync 1 DAGs
[2026-04-08T13:23:26.434+0000] {logging_mixin.py:188} INFO - [2026-04-08T13:23:26.433+0000] {dag.py:3820} INFO - Setting next_dagrun for tutorial to 2026-04-07T00:00:00+00:00, run_after=2026-04-08T00:00:00+00:00
[2026-04-08T13:23:26.456+0000] {processor.py:183} INFO - Processing /home/airflow/.local/lib/python3.8/site-packages/airflow/example_dags/tutorial.py took 0.099 seconds
[2026-04-08T13:23:56.745+0000] {processor.py:161} INFO - Started process (PID=9010) to work on /home/airflow/.local/lib/python3.8/site-packages/airflow/example_dags/tutorial.py
[2026-04-08T13:23:56.750+0000] {processor.py:830} INFO - Processing file /home/airflow/.local/lib/python3.8/site-packages/airflow/example_dags/tutorial.py for tasks to queue
[2026-04-08T13:23:56.751+0000] {logging_mixin.py:188} INFO - [2026-04-08T13:23:56.751+0000] {dagbag.py:538} INFO - Filling up the DagBag from /home/airflow/.local/lib/python3.8/site-packages/airflow/example_dags/tutorial.py
[2026-04-08T13:23:56.760+0000] {processor.py:840} INFO - DAG(s) 'tutorial' retrieved from /home/airflow/.local/lib/python3.8/site-packages/airflow/example_dags/tutorial.py
[2026-04-08T13:23:56.792+0000] {logging_mixin.py:188} INFO - [2026-04-08T13:23:56.792+0000] {dag.py:3033} INFO - Sync 1 DAGs
[2026-04-08T13:23:56.844+0000] {logging_mixin.py:188} INFO - [2026-04-08T13:23:56.843+0000] {dag.py:3820} INFO - Setting next_dagrun for tutorial to 2026-04-07T00:00:00+00:00, run_after=2026-04-08T00:00:00+00:00
[2026-04-08T13:23:56.889+0000] {processor.py:183} INFO - Processing /home/airflow/.local/lib/python3.8/site-packages/airflow/example_dags/tutorial.py took 0.147 seconds
[2026-04-08T13:24:26.953+0000] {processor.py:161} INFO - Started process (PID=9071) to work on /home/airflow/.local/lib/python3.8/site-packages/airflow/example_dags/tutorial.py
[2026-04-08T13:24:26.954+0000] {processor.py:830} INFO - Processing file /home/airflow/.local/lib/python3.8/site-packages/airflow/example_dags/tutorial.py for tasks to queue
[2026-04-08T13:24:26.957+0000] {logging_mixin.py:188} INFO - [2026-04-08T13:24:26.955+0000] {dagbag.py:538} INFO - Filling up the DagBag from /home/airflow/.local/lib/python3.8/site-packages/airflow/example_dags/tutorial.py
[2026-04-08T13:24:26.974+0000] {processor.py:840} INFO - DAG(s) 'tutorial' retrieved from /home/airflow/.local/lib/python3.8/site-packages/airflow/example_dags/tutorial.py
[2026-04-08T13:24:27.005+0000] {logging_mixin.py:188} INFO - [2026-04-08T13:24:27.005+0000] {dag.py:3033} INFO - Sync 1 DAGs
[2026-04-08T13:24:27.031+0000] {logging_mixin.py:188} INFO - [2026-04-08T13:24:27.031+0000] {dag.py:3820} INFO - Setting next_dagrun for tutorial to 2026-04-07T00:00:00+00:00, run_after=2026-04-08T00:00:00+00:00
[2026-04-08T13:24:27.067+0000] {processor.py:183} INFO - Processing /home/airflow/.local/lib/python3.8/site-packages/airflow/example_dags/tutorial.py took 0.121 seconds
[2026-04-08T13:24:58.656+0000] {processor.py:161} INFO - Started process (PID=9131) to work on /home/airflow/.local/lib/python3.8/site-packages/airflow/example_dags/tutorial.py
[2026-04-08T13:24:58.662+0000] {processor.py:830} INFO - Processing file /home/airflow/.local/lib/python3.8/site-packages/airflow/example_dags/tutorial.py for tasks to queue
[2026-04-08T13:24:58.666+0000] {logging_mixin.py:188} INFO - [2026-04-08T13:24:58.665+0000] {dagbag.py:538} INFO - Filling up the DagBag from /home/airflow/.local/lib/python3.8/site-packages/airflow/example_dags/tutorial.py
[2026-04-08T13:24:58.702+0000] {processor.py:840} INFO - DAG(s) 'tutorial' retrieved from /home/airflow/.local/lib/python3.8/site-packages/airflow/example_dags/tutorial.py
[2026-04-08T13:24:58.807+0000] {logging_mixin.py:188} INFO - [2026-04-08T13:24:58.807+0000] {dag.py:3033} INFO - Sync 1 DAGs
[2026-04-08T13:24:58.897+0000] {logging_mixin.py:188} INFO - [2026-04-08T13:24:58.897+0000] {dag.py:3820} INFO - Setting next_dagrun for tutorial to 2026-04-07T00:00:00+00:00, run_after=2026-04-08T00:00:00+00:00
[2026-04-08T13:24:58.981+0000] {processor.py:183} INFO - Processing /home/airflow/.local/lib/python3.8/site-packages/airflow/example_dags/tutorial.py took 0.348 seconds
[2026-04-08T13:25:30.286+0000] {processor.py:161} INFO - Started process (PID=9192) to work on /home/airflow/.local/lib/python3.8/site-packages/airflow/example_dags/tutorial.py
[2026-04-08T13:25:30.295+0000] {processor.py:830} INFO - Processing file /home/airflow/.local/lib/python3.8/site-packages/airflow/example_dags/tutorial.py for tasks to queue
[2026-04-08T13:25:30.297+0000] {logging_mixin.py:188} INFO - [2026-04-08T13:25:30.296+0000] {dagbag.py:538} INFO - Filling up the DagBag from /home/airflow/.local/lib/python3.8/site-packages/airflow/example_dags/tutorial.py
[2026-04-08T13:25:30.311+0000] {processor.py:840} INFO - DAG(s) 'tutorial' retrieved from /home/airflow/.local/lib/python3.8/site-packages/airflow/example_dags/tutorial.py
[2026-04-08T13:25:30.414+0000] {logging_mixin.py:188} INFO - [2026-04-08T13:25:30.413+0000] {dag.py:3033} INFO - Sync 1 DAGs
[2026-04-08T13:25:30.505+0000] {logging_mixin.py:188} INFO - [2026-04-08T13:25:30.505+0000] {dag.py:3820} INFO - Setting next_dagrun for tutorial to 2026-04-07T00:00:00+00:00, run_after=2026-04-08T00:00:00+00:00
[2026-04-08T13:25:30.682+0000] {processor.py:183} INFO - Processing /home/airflow/.local/lib/python3.8/site-packages/airflow/example_dags/tutorial.py took 0.419 seconds
[2026-04-08T13:26:01.625+0000] {processor.py:161} INFO - Started process (PID=9253) to work on /home/airflow/.local/lib/python3.8/site-packages/airflow/example_dags/tutorial.py
[2026-04-08T13:26:01.630+0000] {processor.py:830} INFO - Processing file /home/airflow/.local/lib/python3.8/site-packages/airflow/example_dags/tutorial.py for tasks to queue
[2026-04-08T13:26:01.631+0000] {logging_mixin.py:188} INFO - [2026-04-08T13:26:01.631+0000] {dagbag.py:538} INFO - Filling up the DagBag from /home/airflow/.local/lib/python3.8/site-packages/airflow/example_dags/tutorial.py
[2026-04-08T13:26:01.675+0000] {processor.py:840} INFO - DAG(s) 'tutorial' retrieved from /home/airflow/.local/lib/python3.8/site-packages/airflow/example_dags/tutorial.py
[2026-04-08T13:26:01.730+0000] {logging_mixin.py:188} INFO - [2026-04-08T13:26:01.729+0000] {dag.py:3033} INFO - Sync 1 DAGs
[2026-04-08T13:26:01.772+0000] {logging_mixin.py:188} INFO - [2026-04-08T13:26:01.772+0000] {dag.py:3820} INFO - Setting next_dagrun for tutorial to 2026-04-07T00:00:00+00:00, run_after=2026-04-08T00:00:00+00:00
[2026-04-08T13:26:01.806+0000] {processor.py:183} INFO - Processing /home/airflow/.local/lib/python3.8/site-packages/airflow/example_dags/tutorial.py took 0.193 seconds
[2026-04-08T13:26:32.256+0000] {processor.py:161} INFO - Started process (PID=9314) to work on /home/airflow/.local/lib/python3.8/site-packages/airflow/example_dags/tutorial.py
[2026-04-08T13:26:32.257+0000] {processor.py:830} INFO - Processing file /home/airflow/.local/lib/python3.8/site-packages/airflow/example_dags/tutorial.py for tasks to queue
[2026-04-08T13:26:32.258+0000] {logging_mixin.py:188} INFO - [2026-04-08T13:26:32.258+0000] {dagbag.py:538} INFO - Filling up the DagBag from /home/airflow/.local/lib/python3.8/site-packages/airflow/example_dags/tutorial.py
[2026-04-08T13:26:32.267+0000] {processor.py:840} INFO - DAG(s) 'tutorial' retrieved from /home/airflow/.local/lib/python3.8/site-packages/airflow/example_dags/tutorial.py
[2026-04-08T13:26:32.291+0000] {logging_mixin.py:188} INFO - [2026-04-08T13:26:32.291+0000] {dag.py:3033} INFO - Sync 1 DAGs
[2026-04-08T13:26:32.316+0000] {logging_mixin.py:188} INFO - [2026-04-08T13:26:32.316+0000] {dag.py:3820} INFO - Setting next_dagrun for tutorial to 2026-04-07T00:00:00+00:00, run_after=2026-04-08T00:00:00+00:00
[2026-04-08T13:26:32.335+0000] {processor.py:183} INFO - Processing /home/airflow/.local/lib/python3.8/site-packages/airflow/example_dags/tutorial.py took 0.083 seconds
[2026-04-08T13:27:02.804+0000] {processor.py:161} INFO - Started process (PID=9375) to work on /home/airflow/.local/lib/python3.8/site-packages/airflow/example_dags/tutorial.py
[2026-04-08T13:27:02.805+0000] {processor.py:830} INFO - Processing file /home/airflow/.local/lib/python3.8/site-packages/airflow/example_dags/tutorial.py for tasks to queue
[2026-04-08T13:27:02.806+0000] {logging_mixin.py:188} INFO - [2026-04-08T13:27:02.806+0000] {dagbag.py:538} INFO - Filling up the DagBag from /home/airflow/.local/lib/python3.8/site-packages/airflow/example_dags/tutorial.py
[2026-04-08T13:27:02.819+0000] {processor.py:840} INFO - DAG(s) 'tutorial' retrieved from /home/airflow/.local/lib/python3.8/site-packages/airflow/example_dags/tutorial.py
[2026-04-08T13:27:02.843+0000] {logging_mixin.py:188} INFO - [2026-04-08T13:27:02.843+0000] {dag.py:3033} INFO - Sync 1 DAGs
[2026-04-08T13:27:02.871+0000] {logging_mixin.py:188} INFO - [2026-04-08T13:27:02.871+0000] {dag.py:3820} INFO - Setting next_dagrun for tutorial to 2026-04-07T00:00:00+00:00, run_after=2026-04-08T00:00:00+00:00
[2026-04-08T13:27:02.897+0000] {processor.py:183} INFO - Processing /home/airflow/.local/lib/python3.8/site-packages/airflow/example_dags/tutorial.py took 0.099 seconds
[2026-04-08T13:27:33.171+0000] {processor.py:161} INFO - Started process (PID=9436) to work on /home/airflow/.local/lib/python3.8/site-packages/airflow/example_dags/tutorial.py
[2026-04-08T13:27:33.173+0000] {processor.py:830} INFO - Processing file /home/airflow/.local/lib/python3.8/site-packages/airflow/example_dags/tutorial.py for tasks to queue
[2026-04-08T13:27:33.174+0000] {logging_mixin.py:188} INFO - [2026-04-08T13:27:33.174+0000] {dagbag.py:538} INFO - Filling up the DagBag from /home/airflow/.local/lib/python3.8/site-packages/airflow/example_dags/tutorial.py
[2026-04-08T13:27:33.183+0000] {processor.py:840} INFO - DAG(s) 'tutorial' retrieved from /home/airflow/.local/lib/python3.8/site-packages/airflow/example_dags/tutorial.py
[2026-04-08T13:27:33.207+0000] {logging_mixin.py:188} INFO - [2026-04-08T13:27:33.207+0000] {dag.py:3033} INFO - Sync 1 DAGs
[2026-04-08T13:27:33.247+0000] {logging_mixin.py:188} INFO - [2026-04-08T13:27:33.247+0000] {dag.py:3820} INFO - Setting next_dagrun for tutorial to 2026-04-07T00:00:00+00:00, run_after=2026-04-08T00:00:00+00:00
[2026-04-08T13:27:33.266+0000] {processor.py:183} INFO - Processing /home/airflow/.local/lib/python3.8/site-packages/airflow/example_dags/tutorial.py took 0.098 seconds
[2026-04-08T13:28:03.885+0000] {processor.py:161} INFO - Started process (PID=9497) to work on /home/airflow/.local/lib/python3.8/site-packages/airflow/example_dags/tutorial.py
[2026-04-08T13:28:03.886+0000] {processor.py:830} INFO - Processing file /home/airflow/.local/lib/python3.8/site-packages/airflow/example_dags/tutorial.py for tasks to queue
[2026-04-08T13:28:03.886+0000] {logging_mixin.py:188} INFO - [2026-04-08T13:28:03.886+0000] {dagbag.py:538} INFO - Filling up the DagBag from /home/airflow/.local/lib/python3.8/site-packages/airflow/example_dags/tutorial.py
[2026-04-08T13:28:03.895+0000] {processor.py:840} INFO - DAG(s) 'tutorial' retrieved from /home/airflow/.local/lib/python3.8/site-packages/airflow/example_dags/tutorial.py
[2026-04-08T13:28:03.918+0000] {logging_mixin.py:188} INFO - [2026-04-08T13:28:03.918+0000] {dag.py:3033} INFO - Sync 1 DAGs
[2026-04-08T13:28:03.943+0000] {logging_mixin.py:188} INFO - [2026-04-08T13:28:03.943+0000] {dag.py:3820} INFO - Setting next_dagrun for tutorial to 2026-04-07T00:00:00+00:00, run_after=2026-04-08T00:00:00+00:00
[2026-04-08T13:28:03.962+0000] {processor.py:183} INFO - Processing /home/airflow/.local/lib/python3.8/site-packages/airflow/example_dags/tutorial.py took 0.081 seconds
[2026-04-08T13:28:34.646+0000] {processor.py:161} INFO - Started process (PID=9558) to work on /home/airflow/.local/lib/python3.8/site-packages/airflow/example_dags/tutorial.py
[2026-04-08T13:28:34.647+0000] {processor.py:830} INFO - Processing file /home/airflow/.local/lib/python3.8/site-packages/airflow/example_dags/tutorial.py for tasks to queue
[2026-04-08T13:28:34.648+0000] {logging_mixin.py:188} INFO - [2026-04-08T13:28:34.648+0000] {dagbag.py:538} INFO - Filling up the DagBag from /home/airflow/.local/lib/python3.8/site-packages/airflow/example_dags/tutorial.py
[2026-04-08T13:28:34.657+0000] {processor.py:840} INFO - DAG(s) 'tutorial' retrieved from /home/airflow/.local/lib/python3.8/site-packages/airflow/example_dags/tutorial.py
[2026-04-08T13:28:34.682+0000] {logging_mixin.py:188} INFO - [2026-04-08T13:28:34.682+0000] {dag.py:3033} INFO - Sync 1 DAGs
[2026-04-08T13:28:34.709+0000] {logging_mixin.py:188} INFO - [2026-04-08T13:28:34.709+0000] {dag.py:3820} INFO - Setting next_dagrun for tutorial to 2026-04-07T00:00:00+00:00, run_after=2026-04-08T00:00:00+00:00
[2026-04-08T13:28:34.730+0000] {processor.py:183} INFO - Processing /home/airflow/.local/lib/python3.8/site-packages/airflow/example_dags/tutorial.py took 0.087 seconds
[2026-04-08T13:29:04.966+0000] {processor.py:161} INFO - Started process (PID=9618) to work on /home/airflow/.local/lib/python3.8/site-packages/airflow/example_dags/tutorial.py
[2026-04-08T13:29:04.967+0000] {processor.py:830} INFO - Processing file /home/airflow/.local/lib/python3.8/site-packages/airflow/example_dags/tutorial.py for tasks to queue
[2026-04-08T13:29:04.968+0000] {logging_mixin.py:188} INFO - [2026-04-08T13:29:04.968+0000] {dagbag.py:538} INFO - Filling up the DagBag from /home/airflow/.local/lib/python3.8/site-packages/airflow/example_dags/tutorial.py
[2026-04-08T13:29:04.977+0000] {processor.py:840} INFO - DAG(s) 'tutorial' retrieved from /home/airflow/.local/lib/python3.8/site-packages/airflow/example_dags/tutorial.py
[2026-04-08T13:29:05.002+0000] {logging_mixin.py:188} INFO - [2026-04-08T13:29:05.001+0000] {dag.py:3033} INFO - Sync 1 DAGs
[2026-04-08T13:29:05.026+0000] {logging_mixin.py:188} INFO - [2026-04-08T13:29:05.026+0000] {dag.py:3820} INFO - Setting next_dagrun for tutorial to 2026-04-07T00:00:00+00:00, run_after=2026-04-08T00:00:00+00:00
[2026-04-08T13:29:05.045+0000] {processor.py:183} INFO - Processing /home/airflow/.local/lib/python3.8/site-packages/airflow/example_dags/tutorial.py took 0.082 seconds
[2026-04-08T13:29:35.439+0000] {processor.py:161} INFO - Started process (PID=9679) to work on /home/airflow/.local/lib/python3.8/site-packages/airflow/example_dags/tutorial.py
[2026-04-08T13:29:35.440+0000] {processor.py:830} INFO - Processing file /home/airflow/.local/lib/python3.8/site-packages/airflow/example_dags/tutorial.py for tasks to queue
[2026-04-08T13:29:35.440+0000] {logging_mixin.py:188} INFO - [2026-04-08T13:29:35.440+0000] {dagbag.py:538} INFO - Filling up the DagBag from /home/airflow/.local/lib/python3.8/site-packages/airflow/example_dags/tutorial.py
[2026-04-08T13:29:35.449+0000] {processor.py:840} INFO - DAG(s) 'tutorial' retrieved from /home/airflow/.local/lib/python3.8/site-packages/airflow/example_dags/tutorial.py
[2026-04-08T13:29:35.474+0000] {logging_mixin.py:188} INFO - [2026-04-08T13:29:35.474+0000] {dag.py:3033} INFO - Sync 1 DAGs
[2026-04-08T13:29:35.499+0000] {logging_mixin.py:188} INFO - [2026-04-08T13:29:35.499+0000] {dag.py:3820} INFO - Setting next_dagrun for tutorial to 2026-04-07T00:00:00+00:00, run_after=2026-04-08T00:00:00+00:00
[2026-04-08T13:29:35.522+0000] {processor.py:183} INFO - Processing /home/airflow/.local/lib/python3.8/site-packages/airflow/example_dags/tutorial.py took 0.087 seconds
[2026-04-08T13:30:05.672+0000] {processor.py:161} INFO - Started process (PID=9740) to work on /home/airflow/.local/lib/python3.8/site-packages/airflow/example_dags/tutorial.py
[2026-04-08T13:30:05.676+0000] {processor.py:830} INFO - Processing file /home/airflow/.local/lib/python3.8/site-packages/airflow/example_dags/tutorial.py for tasks to queue
[2026-04-08T13:30:05.680+0000] {logging_mixin.py:188} INFO - [2026-04-08T13:30:05.677+0000] {dagbag.py:538} INFO - Filling up the DagBag from /home/airflow/.local/lib/python3.8/site-packages/airflow/example_dags/tutorial.py
[2026-04-08T13:30:05.708+0000] {processor.py:840} INFO - DAG(s) 'tutorial' retrieved from /home/airflow/.local/lib/python3.8/site-packages/airflow/example_dags/tutorial.py
[2026-04-08T13:30:05.758+0000] {logging_mixin.py:188} INFO - [2026-04-08T13:30:05.757+0000] {dag.py:3033} INFO - Sync 1 DAGs
[2026-04-08T13:30:05.825+0000] {logging_mixin.py:188} INFO - [2026-04-08T13:30:05.825+0000] {dag.py:3820} INFO - Setting next_dagrun for tutorial to 2026-04-07T00:00:00+00:00, run_after=2026-04-08T00:00:00+00:00
[2026-04-08T13:30:05.878+0000] {processor.py:183} INFO - Processing /home/airflow/.local/lib/python3.8/site-packages/airflow/example_dags/tutorial.py took 0.220 seconds
[2026-04-08T13:30:36.124+0000] {processor.py:161} INFO - Started process (PID=9801) to work on /home/airflow/.local/lib/python3.8/site-packages/airflow/example_dags/tutorial.py
[2026-04-08T13:30:36.125+0000] {processor.py:830} INFO - Processing file /home/airflow/.local/lib/python3.8/site-packages/airflow/example_dags/tutorial.py for tasks to queue
[2026-04-08T13:30:36.126+0000] {logging_mixin.py:188} INFO - [2026-04-08T13:30:36.126+0000] {dagbag.py:538} INFO - Filling up the DagBag from /home/airflow/.local/lib/python3.8/site-packages/airflow/example_dags/tutorial.py
[2026-04-08T13:30:36.134+0000] {processor.py:840} INFO - DAG(s) 'tutorial' retrieved from /home/airflow/.local/lib/python3.8/site-packages/airflow/example_dags/tutorial.py
[2026-04-08T13:30:36.157+0000] {logging_mixin.py:188} INFO - [2026-04-08T13:30:36.157+0000] {dag.py:3033} INFO - Sync 1 DAGs
[2026-04-08T13:30:36.190+0000] {logging_mixin.py:188} INFO - [2026-04-08T13:30:36.190+0000] {dag.py:3820} INFO - Setting next_dagrun for tutorial to 2026-04-07T00:00:00+00:00, run_after=2026-04-08T00:00:00+00:00
[2026-04-08T13:30:36.210+0000] {processor.py:183} INFO - Processing /home/airflow/.local/lib/python3.8/site-packages/airflow/example_dags/tutorial.py took 0.090 seconds
[2026-04-08T13:31:06.583+0000] {processor.py:161} INFO - Started process (PID=9862) to work on /home/airflow/.local/lib/python3.8/site-packages/airflow/example_dags/tutorial.py
[2026-04-08T13:31:06.584+0000] {processor.py:830} INFO - Processing file /home/airflow/.local/lib/python3.8/site-packages/airflow/example_dags/tutorial.py for tasks to queue
[2026-04-08T13:31:06.584+0000] {logging_mixin.py:188} INFO - [2026-04-08T13:31:06.584+0000] {dagbag.py:538} INFO - Filling up the DagBag from /home/airflow/.local/lib/python3.8/site-packages/airflow/example_dags/tutorial.py
[2026-04-08T13:31:06.593+0000] {processor.py:840} INFO - DAG(s) 'tutorial' retrieved from /home/airflow/.local/lib/python3.8/site-packages/airflow/example_dags/tutorial.py
[2026-04-08T13:31:06.631+0000] {logging_mixin.py:188} INFO - [2026-04-08T13:31:06.630+0000] {dag.py:3033} INFO - Sync 1 DAGs
[2026-04-08T13:31:06.659+0000] {logging_mixin.py:188} INFO - [2026-04-08T13:31:06.659+0000] {dag.py:3820} INFO - Setting next_dagrun for tutorial to 2026-04-07T00:00:00+00:00, run_after=2026-04-08T00:00:00+00:00
[2026-04-08T13:31:06.679+0000] {processor.py:183} INFO - Processing /home/airflow/.local/lib/python3.8/site-packages/airflow/example_dags/tutorial.py took 0.100 seconds
[2026-04-08T13:31:36.972+0000] {processor.py:161} INFO - Started process (PID=9923) to work on /home/airflow/.local/lib/python3.8/site-packages/airflow/example_dags/tutorial.py
[2026-04-08T13:31:36.976+0000] {processor.py:830} INFO - Processing file /home/airflow/.local/lib/python3.8/site-packages/airflow/example_dags/tutorial.py for tasks to queue
[2026-04-08T13:31:36.977+0000] {logging_mixin.py:188} INFO - [2026-04-08T13:31:36.977+0000] {dagbag.py:538} INFO - Filling up the DagBag from /home/airflow/.local/lib/python3.8/site-packages/airflow/example_dags/tutorial.py
[2026-04-08T13:31:36.996+0000] {processor.py:840} INFO - DAG(s) 'tutorial' retrieved from /home/airflow/.local/lib/python3.8/site-packages/airflow/example_dags/tutorial.py
[2026-04-08T13:31:37.023+0000] {logging_mixin.py:188} INFO - [2026-04-08T13:31:37.023+0000] {dag.py:3033} INFO - Sync 1 DAGs
[2026-04-08T13:31:37.049+0000] {logging_mixin.py:188} INFO - [2026-04-08T13:31:37.049+0000] {dag.py:3820} INFO - Setting next_dagrun for tutorial to 2026-04-07T00:00:00+00:00, run_after=2026-04-08T00:00:00+00:00
[2026-04-08T13:31:37.067+0000] {processor.py:183} INFO - Processing /home/airflow/.local/lib/python3.8/site-packages/airflow/example_dags/tutorial.py took 0.103 seconds
[2026-04-08T13:32:07.366+0000] {processor.py:161} INFO - Started process (PID=9984) to work on /home/airflow/.local/lib/python3.8/site-packages/airflow/example_dags/tutorial.py
[2026-04-08T13:32:07.367+0000] {processor.py:830} INFO - Processing file /home/airflow/.local/lib/python3.8/site-packages/airflow/example_dags/tutorial.py for tasks to queue
[2026-04-08T13:32:07.368+0000] {logging_mixin.py:188} INFO - [2026-04-08T13:32:07.368+0000] {dagbag.py:538} INFO - Filling up the DagBag from /home/airflow/.local/lib/python3.8/site-packages/airflow/example_dags/tutorial.py
[2026-04-08T13:32:07.382+0000] {processor.py:840} INFO - DAG(s) 'tutorial' retrieved from /home/airflow/.local/lib/python3.8/site-packages/airflow/example_dags/tutorial.py
[2026-04-08T13:32:07.406+0000] {logging_mixin.py:188} INFO - [2026-04-08T13:32:07.405+0000] {dag.py:3033} INFO - Sync 1 DAGs
[2026-04-08T13:32:07.431+0000] {logging_mixin.py:188} INFO - [2026-04-08T13:32:07.430+0000] {dag.py:3820} INFO - Setting next_dagrun for tutorial to 2026-04-07T00:00:00+00:00, run_after=2026-04-08T00:00:00+00:00
[2026-04-08T13:32:07.448+0000] {processor.py:183} INFO - Processing /home/airflow/.local/lib/python3.8/site-packages/airflow/example_dags/tutorial.py took 0.086 seconds
[2026-04-08T13:32:37.491+0000] {processor.py:161} INFO - Started process (PID=10045) to work on /home/airflow/.local/lib/python3.8/site-packages/airflow/example_dags/tutorial.py
[2026-04-08T13:32:37.493+0000] {processor.py:830} INFO - Processing file /home/airflow/.local/lib/python3.8/site-packages/airflow/example_dags/tutorial.py for tasks to queue
[2026-04-08T13:32:37.494+0000] {logging_mixin.py:188} INFO - [2026-04-08T13:32:37.493+0000] {dagbag.py:538} INFO - Filling up the DagBag from /home/airflow/.local/lib/python3.8/site-packages/airflow/example_dags/tutorial.py
[2026-04-08T13:32:37.511+0000] {processor.py:840} INFO - DAG(s) 'tutorial' retrieved from /home/airflow/.local/lib/python3.8/site-packages/airflow/example_dags/tutorial.py
[2026-04-08T13:32:37.545+0000] {logging_mixin.py:188} INFO - [2026-04-08T13:32:37.544+0000] {dag.py:3033} INFO - Sync 1 DAGs
[2026-04-08T13:32:37.571+0000] {logging_mixin.py:188} INFO - [2026-04-08T13:32:37.571+0000] {dag.py:3820} INFO - Setting next_dagrun for tutorial to 2026-04-07T00:00:00+00:00, run_after=2026-04-08T00:00:00+00:00
[2026-04-08T13:32:37.599+0000] {processor.py:183} INFO - Processing /home/airflow/.local/lib/python3.8/site-packages/airflow/example_dags/tutorial.py took 0.112 seconds
[2026-04-08T13:33:08.277+0000] {processor.py:161} INFO - Started process (PID=10106) to work on /home/airflow/.local/lib/python3.8/site-packages/airflow/example_dags/tutorial.py
[2026-04-08T13:33:08.278+0000] {processor.py:830} INFO - Processing file /home/airflow/.local/lib/python3.8/site-packages/airflow/example_dags/tutorial.py for tasks to queue
[2026-04-08T13:33:08.279+0000] {logging_mixin.py:188} INFO - [2026-04-08T13:33:08.278+0000] {dagbag.py:538} INFO - Filling up the DagBag from /home/airflow/.local/lib/python3.8/site-packages/airflow/example_dags/tutorial.py
[2026-04-08T13:33:08.287+0000] {processor.py:840} INFO - DAG(s) 'tutorial' retrieved from /home/airflow/.local/lib/python3.8/site-packages/airflow/example_dags/tutorial.py
[2026-04-08T13:33:08.310+0000] {logging_mixin.py:188} INFO - [2026-04-08T13:33:08.310+0000] {dag.py:3033} INFO - Sync 1 DAGs
[2026-04-08T13:33:08.336+0000] {logging_mixin.py:188} INFO - [2026-04-08T13:33:08.336+0000] {dag.py:3820} INFO - Setting next_dagrun for tutorial to 2026-04-07T00:00:00+00:00, run_after=2026-04-08T00:00:00+00:00
[2026-04-08T13:33:08.356+0000] {processor.py:183} INFO - Processing /home/airflow/.local/lib/python3.8/site-packages/airflow/example_dags/tutorial.py took 0.083 seconds
[2026-04-08T13:33:38.393+0000] {processor.py:161} INFO - Started process (PID=10166) to work on /home/airflow/.local/lib/python3.8/site-packages/airflow/example_dags/tutorial.py
[2026-04-08T13:33:38.394+0000] {processor.py:830} INFO - Processing file /home/airflow/.local/lib/python3.8/site-packages/airflow/example_dags/tutorial.py for tasks to queue
[2026-04-08T13:33:38.395+0000] {logging_mixin.py:188} INFO - [2026-04-08T13:33:38.395+0000] {dagbag.py:538} INFO - Filling up the DagBag from /home/airflow/.local/lib/python3.8/site-packages/airflow/example_dags/tutorial.py
[2026-04-08T13:33:38.403+0000] {processor.py:840} INFO - DAG(s) 'tutorial' retrieved from /home/airflow/.local/lib/python3.8/site-packages/airflow/example_dags/tutorial.py
[2026-04-08T13:33:38.430+0000] {logging_mixin.py:188} INFO - [2026-04-08T13:33:38.430+0000] {dag.py:3033} INFO - Sync 1 DAGs
[2026-04-08T13:33:38.458+0000] {logging_mixin.py:188} INFO - [2026-04-08T13:33:38.458+0000] {dag.py:3820} INFO - Setting next_dagrun for tutorial to 2026-04-07T00:00:00+00:00, run_after=2026-04-08T00:00:00+00:00
[2026-04-08T13:33:38.488+0000] {processor.py:183} INFO - Processing /home/airflow/.local/lib/python3.8/site-packages/airflow/example_dags/tutorial.py took 0.100 seconds
[2026-04-08T13:34:10.529+0000] {processor.py:161} INFO - Started process (PID=10227) to work on /home/airflow/.local/lib/python3.8/site-packages/airflow/example_dags/tutorial.py
[2026-04-08T13:34:10.530+0000] {processor.py:830} INFO - Processing file /home/airflow/.local/lib/python3.8/site-packages/airflow/example_dags/tutorial.py for tasks to queue
[2026-04-08T13:34:10.531+0000] {logging_mixin.py:188} INFO - [2026-04-08T13:34:10.530+0000] {dagbag.py:538} INFO - Filling up the DagBag from /home/airflow/.local/lib/python3.8/site-packages/airflow/example_dags/tutorial.py
[2026-04-08T13:34:10.539+0000] {processor.py:840} INFO - DAG(s) 'tutorial' retrieved from /home/airflow/.local/lib/python3.8/site-packages/airflow/example_dags/tutorial.py
[2026-04-08T13:34:10.562+0000] {logging_mixin.py:188} INFO - [2026-04-08T13:34:10.562+0000] {dag.py:3033} INFO - Sync 1 DAGs
[2026-04-08T13:34:10.595+0000] {logging_mixin.py:188} INFO - [2026-04-08T13:34:10.594+0000] {dag.py:3820} INFO - Setting next_dagrun for tutorial to 2026-04-07T00:00:00+00:00, run_after=2026-04-08T00:00:00+00:00
[2026-04-08T13:34:10.612+0000] {processor.py:183} INFO - Processing /home/airflow/.local/lib/python3.8/site-packages/airflow/example_dags/tutorial.py took 0.088 seconds
[2026-04-08T13:34:42.348+0000] {processor.py:161} INFO - Started process (PID=10288) to work on /home/airflow/.local/lib/python3.8/site-packages/airflow/example_dags/tutorial.py
[2026-04-08T13:34:42.349+0000] {processor.py:830} INFO - Processing file /home/airflow/.local/lib/python3.8/site-packages/airflow/example_dags/tutorial.py for tasks to queue
[2026-04-08T13:34:42.350+0000] {logging_mixin.py:188} INFO - [2026-04-08T13:34:42.350+0000] {dagbag.py:538} INFO - Filling up the DagBag from /home/airflow/.local/lib/python3.8/site-packages/airflow/example_dags/tutorial.py
[2026-04-08T13:34:42.358+0000] {processor.py:840} INFO - DAG(s) 'tutorial' retrieved from /home/airflow/.local/lib/python3.8/site-packages/airflow/example_dags/tutorial.py
[2026-04-08T13:34:42.380+0000] {logging_mixin.py:188} INFO - [2026-04-08T13:34:42.380+0000] {dag.py:3033} INFO - Sync 1 DAGs
[2026-04-08T13:34:42.408+0000] {logging_mixin.py:188} INFO - [2026-04-08T13:34:42.407+0000] {dag.py:3820} INFO - Setting next_dagrun for tutorial to 2026-04-07T00:00:00+00:00, run_after=2026-04-08T00:00:00+00:00
[2026-04-08T13:34:42.428+0000] {processor.py:183} INFO - Processing /home/airflow/.local/lib/python3.8/site-packages/airflow/example_dags/tutorial.py took 0.084 seconds
[2026-04-08T13:35:14.909+0000] {processor.py:161} INFO - Started process (PID=10350) to work on /home/airflow/.local/lib/python3.8/site-packages/airflow/example_dags/tutorial.py
[2026-04-08T13:35:14.911+0000] {processor.py:830} INFO - Processing file /home/airflow/.local/lib/python3.8/site-packages/airflow/example_dags/tutorial.py for tasks to queue
[2026-04-08T13:35:14.912+0000] {logging_mixin.py:188} INFO - [2026-04-08T13:35:14.912+0000] {dagbag.py:538} INFO - Filling up the DagBag from /home/airflow/.local/lib/python3.8/site-packages/airflow/example_dags/tutorial.py
[2026-04-08T13:35:14.936+0000] {processor.py:840} INFO - DAG(s) 'tutorial' retrieved from /home/airflow/.local/lib/python3.8/site-packages/airflow/example_dags/tutorial.py
[2026-04-08T13:35:14.982+0000] {logging_mixin.py:188} INFO - [2026-04-08T13:35:14.981+0000] {dag.py:3033} INFO - Sync 1 DAGs
[2026-04-08T13:35:15.030+0000] {logging_mixin.py:188} INFO - [2026-04-08T13:35:15.029+0000] {dag.py:3820} INFO - Setting next_dagrun for tutorial to 2026-04-07T00:00:00+00:00, run_after=2026-04-08T00:00:00+00:00
[2026-04-08T13:35:15.072+0000] {processor.py:183} INFO - Processing /home/airflow/.local/lib/python3.8/site-packages/airflow/example_dags/tutorial.py took 0.175 seconds
[2026-04-08T13:35:45.536+0000] {processor.py:161} INFO - Started process (PID=10409) to work on /home/airflow/.local/lib/python3.8/site-packages/airflow/example_dags/tutorial.py
[2026-04-08T13:35:45.539+0000] {processor.py:830} INFO - Processing file /home/airflow/.local/lib/python3.8/site-packages/airflow/example_dags/tutorial.py for tasks to queue
[2026-04-08T13:35:45.540+0000] {logging_mixin.py:188} INFO - [2026-04-08T13:35:45.540+0000] {dagbag.py:538} INFO - Filling up the DagBag from /home/airflow/.local/lib/python3.8/site-packages/airflow/example_dags/tutorial.py
[2026-04-08T13:35:45.549+0000] {processor.py:840} INFO - DAG(s) 'tutorial' retrieved from /home/airflow/.local/lib/python3.8/site-packages/airflow/example_dags/tutorial.py
[2026-04-08T13:35:45.597+0000] {logging_mixin.py:188} INFO - [2026-04-08T13:35:45.596+0000] {dag.py:3033} INFO - Sync 1 DAGs
[2026-04-08T13:35:45.738+0000] {logging_mixin.py:188} INFO - [2026-04-08T13:35:45.737+0000] {dag.py:3820} INFO - Setting next_dagrun for tutorial to 2026-04-07T00:00:00+00:00, run_after=2026-04-08T00:00:00+00:00
[2026-04-08T13:35:45.841+0000] {processor.py:183} INFO - Processing /home/airflow/.local/lib/python3.8/site-packages/airflow/example_dags/tutorial.py took 0.313 seconds
[2026-04-08T13:36:16.155+0000] {processor.py:161} INFO - Started process (PID=10470) to work on /home/airflow/.local/lib/python3.8/site-packages/airflow/example_dags/tutorial.py
[2026-04-08T13:36:16.156+0000] {processor.py:830} INFO - Processing file /home/airflow/.local/lib/python3.8/site-packages/airflow/example_dags/tutorial.py for tasks to queue
[2026-04-08T13:36:16.157+0000] {logging_mixin.py:188} INFO - [2026-04-08T13:36:16.156+0000] {dagbag.py:538} INFO - Filling up the DagBag from /home/airflow/.local/lib/python3.8/site-packages/airflow/example_dags/tutorial.py
[2026-04-08T13:36:16.165+0000] {processor.py:840} INFO - DAG(s) 'tutorial' retrieved from /home/airflow/.local/lib/python3.8/site-packages/airflow/example_dags/tutorial.py
[2026-04-08T13:36:16.189+0000] {logging_mixin.py:188} INFO - [2026-04-08T13:36:16.189+0000] {dag.py:3033} INFO - Sync 1 DAGs
[2026-04-08T13:36:16.214+0000] {logging_mixin.py:188} INFO - [2026-04-08T13:36:16.214+0000] {dag.py:3820} INFO - Setting next_dagrun for tutorial to 2026-04-07T00:00:00+00:00, run_after=2026-04-08T00:00:00+00:00
[2026-04-08T13:36:16.233+0000] {processor.py:183} INFO - Processing /home/airflow/.local/lib/python3.8/site-packages/airflow/example_dags/tutorial.py took 0.082 seconds
[2026-04-08T13:36:46.330+0000] {processor.py:161} INFO - Started process (PID=10531) to work on /home/airflow/.local/lib/python3.8/site-packages/airflow/example_dags/tutorial.py
[2026-04-08T13:36:46.331+0000] {processor.py:830} INFO - Processing file /home/airflow/.local/lib/python3.8/site-packages/airflow/example_dags/tutorial.py for tasks to queue
[2026-04-08T13:36:46.332+0000] {logging_mixin.py:188} INFO - [2026-04-08T13:36:46.331+0000] {dagbag.py:538} INFO - Filling up the DagBag from /home/airflow/.local/lib/python3.8/site-packages/airflow/example_dags/tutorial.py
[2026-04-08T13:36:46.340+0000] {processor.py:840} INFO - DAG(s) 'tutorial' retrieved from /home/airflow/.local/lib/python3.8/site-packages/airflow/example_dags/tutorial.py
[2026-04-08T13:36:46.374+0000] {logging_mixin.py:188} INFO - [2026-04-08T13:36:46.374+0000] {dag.py:3033} INFO - Sync 1 DAGs
[2026-04-08T13:36:46.400+0000] {logging_mixin.py:188} INFO - [2026-04-08T13:36:46.400+0000] {dag.py:3820} INFO - Setting next_dagrun for tutorial to 2026-04-07T00:00:00+00:00, run_after=2026-04-08T00:00:00+00:00
[2026-04-08T13:36:46.418+0000] {processor.py:183} INFO - Processing /home/airflow/.local/lib/python3.8/site-packages/airflow/example_dags/tutorial.py took 0.093 seconds
[2026-04-08T13:37:17.363+0000] {processor.py:161} INFO - Started process (PID=10592) to work on /home/airflow/.local/lib/python3.8/site-packages/airflow/example_dags/tutorial.py
[2026-04-08T13:37:17.364+0000] {processor.py:830} INFO - Processing file /home/airflow/.local/lib/python3.8/site-packages/airflow/example_dags/tutorial.py for tasks to queue
[2026-04-08T13:37:17.365+0000] {logging_mixin.py:188} INFO - [2026-04-08T13:37:17.365+0000] {dagbag.py:538} INFO - Filling up the DagBag from /home/airflow/.local/lib/python3.8/site-packages/airflow/example_dags/tutorial.py
[2026-04-08T13:37:17.375+0000] {processor.py:840} INFO - DAG(s) 'tutorial' retrieved from /home/airflow/.local/lib/python3.8/site-packages/airflow/example_dags/tutorial.py
[2026-04-08T13:37:17.399+0000] {logging_mixin.py:188} INFO - [2026-04-08T13:37:17.399+0000] {dag.py:3033} INFO - Sync 1 DAGs
[2026-04-08T13:37:17.425+0000] {logging_mixin.py:188} INFO - [2026-04-08T13:37:17.425+0000] {dag.py:3820} INFO - Setting next_dagrun for tutorial to 2026-04-07T00:00:00+00:00, run_after=2026-04-08T00:00:00+00:00
[2026-04-08T13:37:17.446+0000] {processor.py:183} INFO - Processing /home/airflow/.local/lib/python3.8/site-packages/airflow/example_dags/tutorial.py took 0.087 seconds
[2026-04-08T13:37:47.807+0000] {processor.py:161} INFO - Started process (PID=10653) to work on /home/airflow/.local/lib/python3.8/site-packages/airflow/example_dags/tutorial.py
[2026-04-08T13:37:47.808+0000] {processor.py:830} INFO - Processing file /home/airflow/.local/lib/python3.8/site-packages/airflow/example_dags/tutorial.py for tasks to queue
[2026-04-08T13:37:47.809+0000] {logging_mixin.py:188} INFO - [2026-04-08T13:37:47.808+0000] {dagbag.py:538} INFO - Filling up the DagBag from /home/airflow/.local/lib/python3.8/site-packages/airflow/example_dags/tutorial.py
[2026-04-08T13:37:47.817+0000] {processor.py:840} INFO - DAG(s) 'tutorial' retrieved from /home/airflow/.local/lib/python3.8/site-packages/airflow/example_dags/tutorial.py
[2026-04-08T13:37:47.840+0000] {logging_mixin.py:188} INFO - [2026-04-08T13:37:47.840+0000] {dag.py:3033} INFO - Sync 1 DAGs
[2026-04-08T13:37:47.871+0000] {logging_mixin.py:188} INFO - [2026-04-08T13:37:47.871+0000] {dag.py:3820} INFO - Setting next_dagrun for tutorial to 2026-04-07T00:00:00+00:00, run_after=2026-04-08T00:00:00+00:00
[2026-04-08T13:37:47.889+0000] {processor.py:183} INFO - Processing /home/airflow/.local/lib/python3.8/site-packages/airflow/example_dags/tutorial.py took 0.086 seconds
[2026-04-08T13:38:18.589+0000] {processor.py:161} INFO - Started process (PID=10714) to work on /home/airflow/.local/lib/python3.8/site-packages/airflow/example_dags/tutorial.py
[2026-04-08T13:38:18.590+0000] {processor.py:830} INFO - Processing file /home/airflow/.local/lib/python3.8/site-packages/airflow/example_dags/tutorial.py for tasks to queue
[2026-04-08T13:38:18.591+0000] {logging_mixin.py:188} INFO - [2026-04-08T13:38:18.590+0000] {dagbag.py:538} INFO - Filling up the DagBag from /home/airflow/.local/lib/python3.8/site-packages/airflow/example_dags/tutorial.py
[2026-04-08T13:38:18.599+0000] {processor.py:840} INFO - DAG(s) 'tutorial' retrieved from /home/airflow/.local/lib/python3.8/site-packages/airflow/example_dags/tutorial.py
[2026-04-08T13:38:18.622+0000] {logging_mixin.py:188} INFO - [2026-04-08T13:38:18.622+0000] {dag.py:3033} INFO - Sync 1 DAGs
[2026-04-08T13:38:18.647+0000] {logging_mixin.py:188} INFO - [2026-04-08T13:38:18.647+0000] {dag.py:3820} INFO - Setting next_dagrun for tutorial to 2026-04-07T00:00:00+00:00, run_after=2026-04-08T00:00:00+00:00
[2026-04-08T13:38:18.666+0000] {processor.py:183} INFO - Processing /home/airflow/.local/lib/python3.8/site-packages/airflow/example_dags/tutorial.py took 0.081 seconds
[2026-04-08T13:38:49.197+0000] {processor.py:161} INFO - Started process (PID=10775) to work on /home/airflow/.local/lib/python3.8/site-packages/airflow/example_dags/tutorial.py
[2026-04-08T13:38:49.198+0000] {processor.py:830} INFO - Processing file /home/airflow/.local/lib/python3.8/site-packages/airflow/example_dags/tutorial.py for tasks to queue
[2026-04-08T13:38:49.199+0000] {logging_mixin.py:188} INFO - [2026-04-08T13:38:49.199+0000] {dagbag.py:538} INFO - Filling up the DagBag from /home/airflow/.local/lib/python3.8/site-packages/airflow/example_dags/tutorial.py
[2026-04-08T13:38:49.207+0000] {processor.py:840} INFO - DAG(s) 'tutorial' retrieved from /home/airflow/.local/lib/python3.8/site-packages/airflow/example_dags/tutorial.py
[2026-04-08T13:38:49.230+0000] {logging_mixin.py:188} INFO - [2026-04-08T13:38:49.230+0000] {dag.py:3033} INFO - Sync 1 DAGs
[2026-04-08T13:38:49.331+0000] {logging_mixin.py:188} INFO - [2026-04-08T13:38:49.330+0000] {dag.py:3820} INFO - Setting next_dagrun for tutorial to 2026-04-07T00:00:00+00:00, run_after=2026-04-08T00:00:00+00:00
[2026-04-08T13:38:49.381+0000] {processor.py:183} INFO - Processing /home/airflow/.local/lib/python3.8/site-packages/airflow/example_dags/tutorial.py took 0.188 seconds
[2026-04-08T13:39:19.825+0000] {processor.py:161} INFO - Started process (PID=10836) to work on /home/airflow/.local/lib/python3.8/site-packages/airflow/example_dags/tutorial.py
[2026-04-08T13:39:19.826+0000] {processor.py:830} INFO - Processing file /home/airflow/.local/lib/python3.8/site-packages/airflow/example_dags/tutorial.py for tasks to queue
[2026-04-08T13:39:19.827+0000] {logging_mixin.py:188} INFO - [2026-04-08T13:39:19.827+0000] {dagbag.py:538} INFO - Filling up the DagBag from /home/airflow/.local/lib/python3.8/site-packages/airflow/example_dags/tutorial.py
[2026-04-08T13:39:19.835+0000] {processor.py:840} INFO - DAG(s) 'tutorial' retrieved from /home/airflow/.local/lib/python3.8/site-packages/airflow/example_dags/tutorial.py
[2026-04-08T13:39:19.859+0000] {logging_mixin.py:188} INFO - [2026-04-08T13:39:19.858+0000] {dag.py:3033} INFO - Sync 1 DAGs
[2026-04-08T13:39:19.884+0000] {logging_mixin.py:188} INFO - [2026-04-08T13:39:19.883+0000] {dag.py:3820} INFO - Setting next_dagrun for tutorial to 2026-04-07T00:00:00+00:00, run_after=2026-04-08T00:00:00+00:00
[2026-04-08T13:39:19.902+0000] {processor.py:183} INFO - Processing /home/airflow/.local/lib/python3.8/site-packages/airflow/example_dags/tutorial.py took 0.081 seconds
[2026-04-08T13:39:50.038+0000] {processor.py:161} INFO - Started process (PID=10897) to work on /home/airflow/.local/lib/python3.8/site-packages/airflow/example_dags/tutorial.py
[2026-04-08T13:39:50.040+0000] {processor.py:830} INFO - Processing file /home/airflow/.local/lib/python3.8/site-packages/airflow/example_dags/tutorial.py for tasks to queue
[2026-04-08T13:39:50.041+0000] {logging_mixin.py:188} INFO - [2026-04-08T13:39:50.040+0000] {dagbag.py:538} INFO - Filling up the DagBag from /home/airflow/.local/lib/python3.8/site-packages/airflow/example_dags/tutorial.py
[2026-04-08T13:39:50.049+0000] {processor.py:840} INFO - DAG(s) 'tutorial' retrieved from /home/airflow/.local/lib/python3.8/site-packages/airflow/example_dags/tutorial.py
[2026-04-08T13:39:50.073+0000] {logging_mixin.py:188} INFO - [2026-04-08T13:39:50.073+0000] {dag.py:3033} INFO - Sync 1 DAGs
[2026-04-08T13:39:50.105+0000] {logging_mixin.py:188} INFO - [2026-04-08T13:39:50.105+0000] {dag.py:3820} INFO - Setting next_dagrun for tutorial to 2026-04-07T00:00:00+00:00, run_after=2026-04-08T00:00:00+00:00
[2026-04-08T13:39:50.122+0000] {processor.py:183} INFO - Processing /home/airflow/.local/lib/python3.8/site-packages/airflow/example_dags/tutorial.py took 0.088 seconds
[2026-04-08T13:40:20.762+0000] {processor.py:161} INFO - Started process (PID=10958) to work on /home/airflow/.local/lib/python3.8/site-packages/airflow/example_dags/tutorial.py
[2026-04-08T13:40:20.763+0000] {processor.py:830} INFO - Processing file /home/airflow/.local/lib/python3.8/site-packages/airflow/example_dags/tutorial.py for tasks to queue
[2026-04-08T13:40:20.764+0000] {logging_mixin.py:188} INFO - [2026-04-08T13:40:20.764+0000] {dagbag.py:538} INFO - Filling up the DagBag from /home/airflow/.local/lib/python3.8/site-packages/airflow/example_dags/tutorial.py
[2026-04-08T13:40:20.773+0000] {processor.py:840} INFO - DAG(s) 'tutorial' retrieved from /home/airflow/.local/lib/python3.8/site-packages/airflow/example_dags/tutorial.py
[2026-04-08T13:40:20.798+0000] {logging_mixin.py:188} INFO - [2026-04-08T13:40:20.798+0000] {dag.py:3033} INFO - Sync 1 DAGs
[2026-04-08T13:40:20.824+0000] {logging_mixin.py:188} INFO - [2026-04-08T13:40:20.824+0000] {dag.py:3820} INFO - Setting next_dagrun for tutorial to 2026-04-07T00:00:00+00:00, run_after=2026-04-08T00:00:00+00:00
[2026-04-08T13:40:20.843+0000] {processor.py:183} INFO - Processing /home/airflow/.local/lib/python3.8/site-packages/airflow/example_dags/tutorial.py took 0.084 seconds
[2026-04-08T13:40:51.272+0000] {processor.py:161} INFO - Started process (PID=11019) to work on /home/airflow/.local/lib/python3.8/site-packages/airflow/example_dags/tutorial.py
[2026-04-08T13:40:51.274+0000] {processor.py:830} INFO - Processing file /home/airflow/.local/lib/python3.8/site-packages/airflow/example_dags/tutorial.py for tasks to queue
[2026-04-08T13:40:51.275+0000] {logging_mixin.py:188} INFO - [2026-04-08T13:40:51.275+0000] {dagbag.py:538} INFO - Filling up the DagBag from /home/airflow/.local/lib/python3.8/site-packages/airflow/example_dags/tutorial.py
[2026-04-08T13:40:51.284+0000] {processor.py:840} INFO - DAG(s) 'tutorial' retrieved from /home/airflow/.local/lib/python3.8/site-packages/airflow/example_dags/tutorial.py
[2026-04-08T13:40:51.307+0000] {logging_mixin.py:188} INFO - [2026-04-08T13:40:51.307+0000] {dag.py:3033} INFO - Sync 1 DAGs
[2026-04-08T13:40:51.333+0000] {logging_mixin.py:188} INFO - [2026-04-08T13:40:51.333+0000] {dag.py:3820} INFO - Setting next_dagrun for tutorial to 2026-04-07T00:00:00+00:00, run_after=2026-04-08T00:00:00+00:00
[2026-04-08T13:40:51.351+0000] {processor.py:183} INFO - Processing /home/airflow/.local/lib/python3.8/site-packages/airflow/example_dags/tutorial.py took 0.084 seconds
[2026-04-08T13:41:21.407+0000] {processor.py:161} INFO - Started process (PID=11080) to work on /home/airflow/.local/lib/python3.8/site-packages/airflow/example_dags/tutorial.py
[2026-04-08T13:41:21.408+0000] {processor.py:830} INFO - Processing file /home/airflow/.local/lib/python3.8/site-packages/airflow/example_dags/tutorial.py for tasks to queue
[2026-04-08T13:41:21.409+0000] {logging_mixin.py:188} INFO - [2026-04-08T13:41:21.409+0000] {dagbag.py:538} INFO - Filling up the DagBag from /home/airflow/.local/lib/python3.8/site-packages/airflow/example_dags/tutorial.py
[2026-04-08T13:41:21.418+0000] {processor.py:840} INFO - DAG(s) 'tutorial' retrieved from /home/airflow/.local/lib/python3.8/site-packages/airflow/example_dags/tutorial.py
[2026-04-08T13:41:21.442+0000] {logging_mixin.py:188} INFO - [2026-04-08T13:41:21.442+0000] {dag.py:3033} INFO - Sync 1 DAGs
[2026-04-08T13:41:21.482+0000] {logging_mixin.py:188} INFO - [2026-04-08T13:41:21.482+0000] {dag.py:3820} INFO - Setting next_dagrun for tutorial to 2026-04-07T00:00:00+00:00, run_after=2026-04-08T00:00:00+00:00
[2026-04-08T13:41:21.502+0000] {processor.py:183} INFO - Processing /home/airflow/.local/lib/python3.8/site-packages/airflow/example_dags/tutorial.py took 0.099 seconds
[2026-04-08T13:41:52.291+0000] {processor.py:161} INFO - Started process (PID=11141) to work on /home/airflow/.local/lib/python3.8/site-packages/airflow/example_dags/tutorial.py
[2026-04-08T13:41:52.292+0000] {processor.py:830} INFO - Processing file /home/airflow/.local/lib/python3.8/site-packages/airflow/example_dags/tutorial.py for tasks to queue
[2026-04-08T13:41:52.293+0000] {logging_mixin.py:188} INFO - [2026-04-08T13:41:52.293+0000] {dagbag.py:538} INFO - Filling up the DagBag from /home/airflow/.local/lib/python3.8/site-packages/airflow/example_dags/tutorial.py
[2026-04-08T13:41:52.302+0000] {processor.py:840} INFO - DAG(s) 'tutorial' retrieved from /home/airflow/.local/lib/python3.8/site-packages/airflow/example_dags/tutorial.py
[2026-04-08T13:41:52.327+0000] {logging_mixin.py:188} INFO - [2026-04-08T13:41:52.327+0000] {dag.py:3033} INFO - Sync 1 DAGs
[2026-04-08T13:41:52.353+0000] {logging_mixin.py:188} INFO - [2026-04-08T13:41:52.353+0000] {dag.py:3820} INFO - Setting next_dagrun for tutorial to 2026-04-07T00:00:00+00:00, run_after=2026-04-08T00:00:00+00:00
[2026-04-08T13:41:52.373+0000] {processor.py:183} INFO - Processing /home/airflow/.local/lib/python3.8/site-packages/airflow/example_dags/tutorial.py took 0.087 seconds
[2026-04-08T13:42:23.020+0000] {processor.py:161} INFO - Started process (PID=11202) to work on /home/airflow/.local/lib/python3.8/site-packages/airflow/example_dags/tutorial.py
[2026-04-08T13:42:23.021+0000] {processor.py:830} INFO - Processing file /home/airflow/.local/lib/python3.8/site-packages/airflow/example_dags/tutorial.py for tasks to queue
[2026-04-08T13:42:23.022+0000] {logging_mixin.py:188} INFO - [2026-04-08T13:42:23.022+0000] {dagbag.py:538} INFO - Filling up the DagBag from /home/airflow/.local/lib/python3.8/site-packages/airflow/example_dags/tutorial.py
[2026-04-08T13:42:23.031+0000] {processor.py:840} INFO - DAG(s) 'tutorial' retrieved from /home/airflow/.local/lib/python3.8/site-packages/airflow/example_dags/tutorial.py
[2026-04-08T13:42:23.056+0000] {logging_mixin.py:188} INFO - [2026-04-08T13:42:23.055+0000] {dag.py:3033} INFO - Sync 1 DAGs
[2026-04-08T13:42:23.084+0000] {logging_mixin.py:188} INFO - [2026-04-08T13:42:23.084+0000] {dag.py:3820} INFO - Setting next_dagrun for tutorial to 2026-04-07T00:00:00+00:00, run_after=2026-04-08T00:00:00+00:00
[2026-04-08T13:42:23.103+0000] {processor.py:183} INFO - Processing /home/airflow/.local/lib/python3.8/site-packages/airflow/example_dags/tutorial.py took 0.086 seconds
[2026-04-08T13:42:53.770+0000] {processor.py:161} INFO - Started process (PID=11263) to work on /home/airflow/.local/lib/python3.8/site-packages/airflow/example_dags/tutorial.py
[2026-04-08T13:42:53.771+0000] {processor.py:830} INFO - Processing file /home/airflow/.local/lib/python3.8/site-packages/airflow/example_dags/tutorial.py for tasks to queue
[2026-04-08T13:42:53.772+0000] {logging_mixin.py:188} INFO - [2026-04-08T13:42:53.772+0000] {dagbag.py:538} INFO - Filling up the DagBag from /home/airflow/.local/lib/python3.8/site-packages/airflow/example_dags/tutorial.py
[2026-04-08T13:42:53.781+0000] {processor.py:840} INFO - DAG(s) 'tutorial' retrieved from /home/airflow/.local/lib/python3.8/site-packages/airflow/example_dags/tutorial.py
[2026-04-08T13:42:53.806+0000] {logging_mixin.py:188} INFO - [2026-04-08T13:42:53.806+0000] {dag.py:3033} INFO - Sync 1 DAGs
[2026-04-08T13:42:53.833+0000] {logging_mixin.py:188} INFO - [2026-04-08T13:42:53.832+0000] {dag.py:3820} INFO - Setting next_dagrun for tutorial to 2026-04-07T00:00:00+00:00, run_after=2026-04-08T00:00:00+00:00
[2026-04-08T13:42:53.852+0000] {processor.py:183} INFO - Processing /home/airflow/.local/lib/python3.8/site-packages/airflow/example_dags/tutorial.py took 0.085 seconds
[2026-04-08T13:43:24.726+0000] {processor.py:161} INFO - Started process (PID=11324) to work on /home/airflow/.local/lib/python3.8/site-packages/airflow/example_dags/tutorial.py
[2026-04-08T13:43:24.727+0000] {processor.py:830} INFO - Processing file /home/airflow/.local/lib/python3.8/site-packages/airflow/example_dags/tutorial.py for tasks to queue
[2026-04-08T13:43:24.728+0000] {logging_mixin.py:188} INFO - [2026-04-08T13:43:24.728+0000] {dagbag.py:538} INFO - Filling up the DagBag from /home/airflow/.local/lib/python3.8/site-packages/airflow/example_dags/tutorial.py
[2026-04-08T13:43:24.737+0000] {processor.py:840} INFO - DAG(s) 'tutorial' retrieved from /home/airflow/.local/lib/python3.8/site-packages/airflow/example_dags/tutorial.py
[2026-04-08T13:43:24.761+0000] {logging_mixin.py:188} INFO - [2026-04-08T13:43:24.761+0000] {dag.py:3033} INFO - Sync 1 DAGs
[2026-04-08T13:43:24.786+0000] {logging_mixin.py:188} INFO - [2026-04-08T13:43:24.785+0000] {dag.py:3820} INFO - Setting next_dagrun for tutorial to 2026-04-07T00:00:00+00:00, run_after=2026-04-08T00:00:00+00:00
[2026-04-08T13:43:24.804+0000] {processor.py:183} INFO - Processing /home/airflow/.local/lib/python3.8/site-packages/airflow/example_dags/tutorial.py took 0.081 seconds
[2026-04-08T13:43:55.429+0000] {processor.py:161} INFO - Started process (PID=11385) to work on /home/airflow/.local/lib/python3.8/site-packages/airflow/example_dags/tutorial.py
[2026-04-08T13:43:55.432+0000] {processor.py:830} INFO - Processing file /home/airflow/.local/lib/python3.8/site-packages/airflow/example_dags/tutorial.py for tasks to queue
[2026-04-08T13:43:55.433+0000] {logging_mixin.py:188} INFO - [2026-04-08T13:43:55.433+0000] {dagbag.py:538} INFO - Filling up the DagBag from /home/airflow/.local/lib/python3.8/site-packages/airflow/example_dags/tutorial.py
[2026-04-08T13:43:55.452+0000] {processor.py:840} INFO - DAG(s) 'tutorial' retrieved from /home/airflow/.local/lib/python3.8/site-packages/airflow/example_dags/tutorial.py
[2026-04-08T13:43:55.540+0000] {logging_mixin.py:188} INFO - [2026-04-08T13:43:55.539+0000] {dag.py:3033} INFO - Sync 1 DAGs
[2026-04-08T13:43:55.608+0000] {logging_mixin.py:188} INFO - [2026-04-08T13:43:55.607+0000] {dag.py:3820} INFO - Setting next_dagrun for tutorial to 2026-04-07T00:00:00+00:00, run_after=2026-04-08T00:00:00+00:00
[2026-04-08T13:43:55.650+0000] {processor.py:183} INFO - Processing /home/airflow/.local/lib/python3.8/site-packages/airflow/example_dags/tutorial.py took 0.228 seconds
[2026-04-08T13:44:25.913+0000] {processor.py:161} INFO - Started process (PID=11446) to work on /home/airflow/.local/lib/python3.8/site-packages/airflow/example_dags/tutorial.py
[2026-04-08T13:44:25.914+0000] {processor.py:830} INFO - Processing file /home/airflow/.local/lib/python3.8/site-packages/airflow/example_dags/tutorial.py for tasks to queue
[2026-04-08T13:44:25.915+0000] {logging_mixin.py:188} INFO - [2026-04-08T13:44:25.915+0000] {dagbag.py:538} INFO - Filling up the DagBag from /home/airflow/.local/lib/python3.8/site-packages/airflow/example_dags/tutorial.py
[2026-04-08T13:44:25.921+0000] {processor.py:840} INFO - DAG(s) 'tutorial' retrieved from /home/airflow/.local/lib/python3.8/site-packages/airflow/example_dags/tutorial.py
[2026-04-08T13:44:25.938+0000] {logging_mixin.py:188} INFO - [2026-04-08T13:44:25.938+0000] {dag.py:3033} INFO - Sync 1 DAGs
[2026-04-08T13:44:25.956+0000] {logging_mixin.py:188} INFO - [2026-04-08T13:44:25.956+0000] {dag.py:3820} INFO - Setting next_dagrun for tutorial to 2026-04-07T00:00:00+00:00, run_after=2026-04-08T00:00:00+00:00
[2026-04-08T13:44:25.970+0000] {processor.py:183} INFO - Processing /home/airflow/.local/lib/python3.8/site-packages/airflow/example_dags/tutorial.py took 0.060 seconds
[2026-04-08T13:44:56.207+0000] {processor.py:161} INFO - Started process (PID=11507) to work on /home/airflow/.local/lib/python3.8/site-packages/airflow/example_dags/tutorial.py
[2026-04-08T13:44:56.208+0000] {processor.py:830} INFO - Processing file /home/airflow/.local/lib/python3.8/site-packages/airflow/example_dags/tutorial.py for tasks to queue
[2026-04-08T13:44:56.209+0000] {logging_mixin.py:188} INFO - [2026-04-08T13:44:56.209+0000] {dagbag.py:538} INFO - Filling up the DagBag from /home/airflow/.local/lib/python3.8/site-packages/airflow/example_dags/tutorial.py
[2026-04-08T13:44:56.218+0000] {processor.py:840} INFO - DAG(s) 'tutorial' retrieved from /home/airflow/.local/lib/python3.8/site-packages/airflow/example_dags/tutorial.py
[2026-04-08T13:44:56.241+0000] {logging_mixin.py:188} INFO - [2026-04-08T13:44:56.240+0000] {dag.py:3033} INFO - Sync 1 DAGs
[2026-04-08T13:44:56.266+0000] {logging_mixin.py:188} INFO - [2026-04-08T13:44:56.266+0000] {dag.py:3820} INFO - Setting next_dagrun for tutorial to 2026-04-07T00:00:00+00:00, run_after=2026-04-08T00:00:00+00:00
[2026-04-08T13:44:56.284+0000] {processor.py:183} INFO - Processing /home/airflow/.local/lib/python3.8/site-packages/airflow/example_dags/tutorial.py took 0.081 seconds
[2026-04-08T13:45:26.686+0000] {processor.py:161} INFO - Started process (PID=11568) to work on /home/airflow/.local/lib/python3.8/site-packages/airflow/example_dags/tutorial.py
[2026-04-08T13:45:26.687+0000] {processor.py:830} INFO - Processing file /home/airflow/.local/lib/python3.8/site-packages/airflow/example_dags/tutorial.py for tasks to queue
[2026-04-08T13:45:26.688+0000] {logging_mixin.py:188} INFO - [2026-04-08T13:45:26.687+0000] {dagbag.py:538} INFO - Filling up the DagBag from /home/airflow/.local/lib/python3.8/site-packages/airflow/example_dags/tutorial.py
[2026-04-08T13:45:26.696+0000] {processor.py:840} INFO - DAG(s) 'tutorial' retrieved from /home/airflow/.local/lib/python3.8/site-packages/airflow/example_dags/tutorial.py
[2026-04-08T13:45:26.721+0000] {logging_mixin.py:188} INFO - [2026-04-08T13:45:26.721+0000] {dag.py:3033} INFO - Sync 1 DAGs
[2026-04-08T13:45:26.751+0000] {logging_mixin.py:188} INFO - [2026-04-08T13:45:26.751+0000] {dag.py:3820} INFO - Setting next_dagrun for tutorial to 2026-04-07T00:00:00+00:00, run_after=2026-04-08T00:00:00+00:00
[2026-04-08T13:45:26.794+0000] {processor.py:183} INFO - Processing /home/airflow/.local/lib/python3.8/site-packages/airflow/example_dags/tutorial.py took 0.114 seconds
[2026-04-08T13:45:56.983+0000] {processor.py:161} INFO - Started process (PID=11629) to work on /home/airflow/.local/lib/python3.8/site-packages/airflow/example_dags/tutorial.py
[2026-04-08T13:45:56.984+0000] {processor.py:830} INFO - Processing file /home/airflow/.local/lib/python3.8/site-packages/airflow/example_dags/tutorial.py for tasks to queue
[2026-04-08T13:45:56.985+0000] {logging_mixin.py:188} INFO - [2026-04-08T13:45:56.984+0000] {dagbag.py:538} INFO - Filling up the DagBag from /home/airflow/.local/lib/python3.8/site-packages/airflow/example_dags/tutorial.py
[2026-04-08T13:45:56.994+0000] {processor.py:840} INFO - DAG(s) 'tutorial' retrieved from /home/airflow/.local/lib/python3.8/site-packages/airflow/example_dags/tutorial.py
[2026-04-08T13:45:57.018+0000] {logging_mixin.py:188} INFO - [2026-04-08T13:45:57.018+0000] {dag.py:3033} INFO - Sync 1 DAGs
[2026-04-08T13:45:57.043+0000] {logging_mixin.py:188} INFO - [2026-04-08T13:45:57.043+0000] {dag.py:3820} INFO - Setting next_dagrun for tutorial to 2026-04-07T00:00:00+00:00, run_after=2026-04-08T00:00:00+00:00
[2026-04-08T13:45:57.063+0000] {processor.py:183} INFO - Processing /home/airflow/.local/lib/python3.8/site-packages/airflow/example_dags/tutorial.py took 0.084 seconds
[2026-04-08T13:46:27.602+0000] {processor.py:161} INFO - Started process (PID=11690) to work on /home/airflow/.local/lib/python3.8/site-packages/airflow/example_dags/tutorial.py
[2026-04-08T13:46:27.603+0000] {processor.py:830} INFO - Processing file /home/airflow/.local/lib/python3.8/site-packages/airflow/example_dags/tutorial.py for tasks to queue
[2026-04-08T13:46:27.604+0000] {logging_mixin.py:188} INFO - [2026-04-08T13:46:27.604+0000] {dagbag.py:538} INFO - Filling up the DagBag from /home/airflow/.local/lib/python3.8/site-packages/airflow/example_dags/tutorial.py
[2026-04-08T13:46:27.613+0000] {processor.py:840} INFO - DAG(s) 'tutorial' retrieved from /home/airflow/.local/lib/python3.8/site-packages/airflow/example_dags/tutorial.py
[2026-04-08T13:46:27.637+0000] {logging_mixin.py:188} INFO - [2026-04-08T13:46:27.637+0000] {dag.py:3033} INFO - Sync 1 DAGs
[2026-04-08T13:46:27.663+0000] {logging_mixin.py:188} INFO - [2026-04-08T13:46:27.663+0000] {dag.py:3820} INFO - Setting next_dagrun for tutorial to 2026-04-07T00:00:00+00:00, run_after=2026-04-08T00:00:00+00:00
[2026-04-08T13:46:27.683+0000] {processor.py:183} INFO - Processing /home/airflow/.local/lib/python3.8/site-packages/airflow/example_dags/tutorial.py took 0.084 seconds
[2026-04-08T13:46:58.757+0000] {processor.py:161} INFO - Started process (PID=11751) to work on /home/airflow/.local/lib/python3.8/site-packages/airflow/example_dags/tutorial.py
[2026-04-08T13:46:58.759+0000] {processor.py:830} INFO - Processing file /home/airflow/.local/lib/python3.8/site-packages/airflow/example_dags/tutorial.py for tasks to queue
[2026-04-08T13:46:58.760+0000] {logging_mixin.py:188} INFO - [2026-04-08T13:46:58.759+0000] {dagbag.py:538} INFO - Filling up the DagBag from /home/airflow/.local/lib/python3.8/site-packages/airflow/example_dags/tutorial.py
[2026-04-08T13:46:58.786+0000] {processor.py:840} INFO - DAG(s) 'tutorial' retrieved from /home/airflow/.local/lib/python3.8/site-packages/airflow/example_dags/tutorial.py
[2026-04-08T13:46:58.810+0000] {logging_mixin.py:188} INFO - [2026-04-08T13:46:58.810+0000] {dag.py:3033} INFO - Sync 1 DAGs
[2026-04-08T13:46:58.835+0000] {logging_mixin.py:188} INFO - [2026-04-08T13:46:58.835+0000] {dag.py:3820} INFO - Setting next_dagrun for tutorial to 2026-04-07T00:00:00+00:00, run_after=2026-04-08T00:00:00+00:00
[2026-04-08T13:46:58.854+0000] {processor.py:183} INFO - Processing /home/airflow/.local/lib/python3.8/site-packages/airflow/example_dags/tutorial.py took 0.100 seconds
[2026-04-08T13:47:29.166+0000] {processor.py:161} INFO - Started process (PID=11812) to work on /home/airflow/.local/lib/python3.8/site-packages/airflow/example_dags/tutorial.py
[2026-04-08T13:47:29.166+0000] {processor.py:830} INFO - Processing file /home/airflow/.local/lib/python3.8/site-packages/airflow/example_dags/tutorial.py for tasks to queue
[2026-04-08T13:47:29.167+0000] {logging_mixin.py:188} INFO - [2026-04-08T13:47:29.167+0000] {dagbag.py:538} INFO - Filling up the DagBag from /home/airflow/.local/lib/python3.8/site-packages/airflow/example_dags/tutorial.py
[2026-04-08T13:47:29.176+0000] {processor.py:840} INFO - DAG(s) 'tutorial' retrieved from /home/airflow/.local/lib/python3.8/site-packages/airflow/example_dags/tutorial.py
[2026-04-08T13:47:29.200+0000] {logging_mixin.py:188} INFO - [2026-04-08T13:47:29.200+0000] {dag.py:3033} INFO - Sync 1 DAGs
[2026-04-08T13:47:29.225+0000] {logging_mixin.py:188} INFO - [2026-04-08T13:47:29.225+0000] {dag.py:3820} INFO - Setting next_dagrun for tutorial to 2026-04-07T00:00:00+00:00, run_after=2026-04-08T00:00:00+00:00
[2026-04-08T13:47:29.246+0000] {processor.py:183} INFO - Processing /home/airflow/.local/lib/python3.8/site-packages/airflow/example_dags/tutorial.py took 0.084 seconds
[2026-04-08T13:47:59.609+0000] {processor.py:161} INFO - Started process (PID=11879) to work on /home/airflow/.local/lib/python3.8/site-packages/airflow/example_dags/tutorial.py
[2026-04-08T13:47:59.610+0000] {processor.py:830} INFO - Processing file /home/airflow/.local/lib/python3.8/site-packages/airflow/example_dags/tutorial.py for tasks to queue
[2026-04-08T13:47:59.611+0000] {logging_mixin.py:188} INFO - [2026-04-08T13:47:59.611+0000] {dagbag.py:538} INFO - Filling up the DagBag from /home/airflow/.local/lib/python3.8/site-packages/airflow/example_dags/tutorial.py
[2026-04-08T13:47:59.620+0000] {processor.py:840} INFO - DAG(s) 'tutorial' retrieved from /home/airflow/.local/lib/python3.8/site-packages/airflow/example_dags/tutorial.py
[2026-04-08T13:47:59.643+0000] {logging_mixin.py:188} INFO - [2026-04-08T13:47:59.643+0000] {dag.py:3033} INFO - Sync 1 DAGs
[2026-04-08T13:47:59.672+0000] {logging_mixin.py:188} INFO - [2026-04-08T13:47:59.672+0000] {dag.py:3820} INFO - Setting next_dagrun for tutorial to 2026-04-07T00:00:00+00:00, run_after=2026-04-08T00:00:00+00:00
[2026-04-08T13:47:59.692+0000] {processor.py:183} INFO - Processing /home/airflow/.local/lib/python3.8/site-packages/airflow/example_dags/tutorial.py took 0.087 seconds
[2026-04-08T13:48:30.196+0000] {processor.py:161} INFO - Started process (PID=11940) to work on /home/airflow/.local/lib/python3.8/site-packages/airflow/example_dags/tutorial.py
[2026-04-08T13:48:30.197+0000] {processor.py:830} INFO - Processing file /home/airflow/.local/lib/python3.8/site-packages/airflow/example_dags/tutorial.py for tasks to queue
[2026-04-08T13:48:30.198+0000] {logging_mixin.py:188} INFO - [2026-04-08T13:48:30.198+0000] {dagbag.py:538} INFO - Filling up the DagBag from /home/airflow/.local/lib/python3.8/site-packages/airflow/example_dags/tutorial.py
[2026-04-08T13:48:30.206+0000] {processor.py:840} INFO - DAG(s) 'tutorial' retrieved from /home/airflow/.local/lib/python3.8/site-packages/airflow/example_dags/tutorial.py
[2026-04-08T13:48:30.231+0000] {logging_mixin.py:188} INFO - [2026-04-08T13:48:30.230+0000] {dag.py:3033} INFO - Sync 1 DAGs
[2026-04-08T13:48:30.256+0000] {logging_mixin.py:188} INFO - [2026-04-08T13:48:30.256+0000] {dag.py:3820} INFO - Setting next_dagrun for tutorial to 2026-04-07T00:00:00+00:00, run_after=2026-04-08T00:00:00+00:00
[2026-04-08T13:48:30.303+0000] {processor.py:183} INFO - Processing /home/airflow/.local/lib/python3.8/site-packages/airflow/example_dags/tutorial.py took 0.110 seconds
[2026-04-08T13:49:00.848+0000] {processor.py:161} INFO - Started process (PID=12001) to work on /home/airflow/.local/lib/python3.8/site-packages/airflow/example_dags/tutorial.py
[2026-04-08T13:49:00.849+0000] {processor.py:830} INFO - Processing file /home/airflow/.local/lib/python3.8/site-packages/airflow/example_dags/tutorial.py for tasks to queue
[2026-04-08T13:49:00.850+0000] {logging_mixin.py:188} INFO - [2026-04-08T13:49:00.850+0000] {dagbag.py:538} INFO - Filling up the DagBag from /home/airflow/.local/lib/python3.8/site-packages/airflow/example_dags/tutorial.py
[2026-04-08T13:49:00.859+0000] {processor.py:840} INFO - DAG(s) 'tutorial' retrieved from /home/airflow/.local/lib/python3.8/site-packages/airflow/example_dags/tutorial.py
[2026-04-08T13:49:00.882+0000] {logging_mixin.py:188} INFO - [2026-04-08T13:49:00.882+0000] {dag.py:3033} INFO - Sync 1 DAGs
[2026-04-08T13:49:00.907+0000] {logging_mixin.py:188} INFO - [2026-04-08T13:49:00.906+0000] {dag.py:3820} INFO - Setting next_dagrun for tutorial to 2026-04-07T00:00:00+00:00, run_after=2026-04-08T00:00:00+00:00
[2026-04-08T13:49:00.925+0000] {processor.py:183} INFO - Processing /home/airflow/.local/lib/python3.8/site-packages/airflow/example_dags/tutorial.py took 0.081 seconds
[2026-04-08T13:49:31.207+0000] {processor.py:161} INFO - Started process (PID=12062) to work on /home/airflow/.local/lib/python3.8/site-packages/airflow/example_dags/tutorial.py
[2026-04-08T13:49:31.208+0000] {processor.py:830} INFO - Processing file /home/airflow/.local/lib/python3.8/site-packages/airflow/example_dags/tutorial.py for tasks to queue
[2026-04-08T13:49:31.209+0000] {logging_mixin.py:188} INFO - [2026-04-08T13:49:31.209+0000] {dagbag.py:538} INFO - Filling up the DagBag from /home/airflow/.local/lib/python3.8/site-packages/airflow/example_dags/tutorial.py
[2026-04-08T13:49:31.218+0000] {processor.py:840} INFO - DAG(s) 'tutorial' retrieved from /home/airflow/.local/lib/python3.8/site-packages/airflow/example_dags/tutorial.py
[2026-04-08T13:49:31.240+0000] {logging_mixin.py:188} INFO - [2026-04-08T13:49:31.240+0000] {dag.py:3033} INFO - Sync 1 DAGs
[2026-04-08T13:49:31.271+0000] {logging_mixin.py:188} INFO - [2026-04-08T13:49:31.271+0000] {dag.py:3820} INFO - Setting next_dagrun for tutorial to 2026-04-07T00:00:00+00:00, run_after=2026-04-08T00:00:00+00:00
[2026-04-08T13:49:31.306+0000] {processor.py:183} INFO - Processing /home/airflow/.local/lib/python3.8/site-packages/airflow/example_dags/tutorial.py took 0.103 seconds
[2026-04-08T13:50:01.625+0000] {processor.py:161} INFO - Started process (PID=12123) to work on /home/airflow/.local/lib/python3.8/site-packages/airflow/example_dags/tutorial.py
[2026-04-08T13:50:01.627+0000] {processor.py:830} INFO - Processing file /home/airflow/.local/lib/python3.8/site-packages/airflow/example_dags/tutorial.py for tasks to queue
[2026-04-08T13:50:01.628+0000] {logging_mixin.py:188} INFO - [2026-04-08T13:50:01.627+0000] {dagbag.py:538} INFO - Filling up the DagBag from /home/airflow/.local/lib/python3.8/site-packages/airflow/example_dags/tutorial.py
[2026-04-08T13:50:01.636+0000] {processor.py:840} INFO - DAG(s) 'tutorial' retrieved from /home/airflow/.local/lib/python3.8/site-packages/airflow/example_dags/tutorial.py
[2026-04-08T13:50:01.682+0000] {logging_mixin.py:188} INFO - [2026-04-08T13:50:01.681+0000] {dag.py:3033} INFO - Sync 1 DAGs
[2026-04-08T13:50:01.736+0000] {logging_mixin.py:188} INFO - [2026-04-08T13:50:01.734+0000] {dag.py:3820} INFO - Setting next_dagrun for tutorial to 2026-04-07T00:00:00+00:00, run_after=2026-04-08T00:00:00+00:00
[2026-04-08T13:50:01.760+0000] {processor.py:183} INFO - Processing /home/airflow/.local/lib/python3.8/site-packages/airflow/example_dags/tutorial.py took 0.140 seconds
[2026-04-08T13:50:32.431+0000] {processor.py:161} INFO - Started process (PID=12184) to work on /home/airflow/.local/lib/python3.8/site-packages/airflow/example_dags/tutorial.py
[2026-04-08T13:50:32.432+0000] {processor.py:830} INFO - Processing file /home/airflow/.local/lib/python3.8/site-packages/airflow/example_dags/tutorial.py for tasks to queue
[2026-04-08T13:50:32.433+0000] {logging_mixin.py:188} INFO - [2026-04-08T13:50:32.432+0000] {dagbag.py:538} INFO - Filling up the DagBag from /home/airflow/.local/lib/python3.8/site-packages/airflow/example_dags/tutorial.py
[2026-04-08T13:50:32.441+0000] {processor.py:840} INFO - DAG(s) 'tutorial' retrieved from /home/airflow/.local/lib/python3.8/site-packages/airflow/example_dags/tutorial.py
[2026-04-08T13:50:32.466+0000] {logging_mixin.py:188} INFO - [2026-04-08T13:50:32.465+0000] {dag.py:3033} INFO - Sync 1 DAGs
[2026-04-08T13:50:32.501+0000] {logging_mixin.py:188} INFO - [2026-04-08T13:50:32.501+0000] {dag.py:3820} INFO - Setting next_dagrun for tutorial to 2026-04-07T00:00:00+00:00, run_after=2026-04-08T00:00:00+00:00
[2026-04-08T13:50:32.526+0000] {processor.py:183} INFO - Processing /home/airflow/.local/lib/python3.8/site-packages/airflow/example_dags/tutorial.py took 0.101 seconds
[2026-04-08T13:51:03.261+0000] {processor.py:161} INFO - Started process (PID=12245) to work on /home/airflow/.local/lib/python3.8/site-packages/airflow/example_dags/tutorial.py
[2026-04-08T13:51:03.263+0000] {processor.py:830} INFO - Processing file /home/airflow/.local/lib/python3.8/site-packages/airflow/example_dags/tutorial.py for tasks to queue
[2026-04-08T13:51:03.266+0000] {logging_mixin.py:188} INFO - [2026-04-08T13:51:03.264+0000] {dagbag.py:538} INFO - Filling up the DagBag from /home/airflow/.local/lib/python3.8/site-packages/airflow/example_dags/tutorial.py
[2026-04-08T13:51:03.295+0000] {processor.py:840} INFO - DAG(s) 'tutorial' retrieved from /home/airflow/.local/lib/python3.8/site-packages/airflow/example_dags/tutorial.py
[2026-04-08T13:51:03.367+0000] {logging_mixin.py:188} INFO - [2026-04-08T13:51:03.366+0000] {dag.py:3033} INFO - Sync 1 DAGs
[2026-04-08T13:51:03.429+0000] {logging_mixin.py:188} INFO - [2026-04-08T13:51:03.429+0000] {dag.py:3820} INFO - Setting next_dagrun for tutorial to 2026-04-07T00:00:00+00:00, run_after=2026-04-08T00:00:00+00:00
[2026-04-08T13:51:03.468+0000] {processor.py:183} INFO - Processing /home/airflow/.local/lib/python3.8/site-packages/airflow/example_dags/tutorial.py took 0.216 seconds
[2026-04-08T13:51:33.731+0000] {processor.py:161} INFO - Started process (PID=12306) to work on /home/airflow/.local/lib/python3.8/site-packages/airflow/example_dags/tutorial.py
[2026-04-08T13:51:33.732+0000] {processor.py:830} INFO - Processing file /home/airflow/.local/lib/python3.8/site-packages/airflow/example_dags/tutorial.py for tasks to queue
[2026-04-08T13:51:33.733+0000] {logging_mixin.py:188} INFO - [2026-04-08T13:51:33.733+0000] {dagbag.py:538} INFO - Filling up the DagBag from /home/airflow/.local/lib/python3.8/site-packages/airflow/example_dags/tutorial.py
[2026-04-08T13:51:33.742+0000] {processor.py:840} INFO - DAG(s) 'tutorial' retrieved from /home/airflow/.local/lib/python3.8/site-packages/airflow/example_dags/tutorial.py
[2026-04-08T13:51:33.765+0000] {logging_mixin.py:188} INFO - [2026-04-08T13:51:33.764+0000] {dag.py:3033} INFO - Sync 1 DAGs
[2026-04-08T13:51:33.804+0000] {logging_mixin.py:188} INFO - [2026-04-08T13:51:33.803+0000] {dag.py:3820} INFO - Setting next_dagrun for tutorial to 2026-04-07T00:00:00+00:00, run_after=2026-04-08T00:00:00+00:00
[2026-04-08T13:51:33.842+0000] {processor.py:183} INFO - Processing /home/airflow/.local/lib/python3.8/site-packages/airflow/example_dags/tutorial.py took 0.115 seconds
[2026-04-08T13:52:03.946+0000] {processor.py:161} INFO - Started process (PID=12366) to work on /home/airflow/.local/lib/python3.8/site-packages/airflow/example_dags/tutorial.py
[2026-04-08T13:52:03.947+0000] {processor.py:830} INFO - Processing file /home/airflow/.local/lib/python3.8/site-packages/airflow/example_dags/tutorial.py for tasks to queue
[2026-04-08T13:52:03.948+0000] {logging_mixin.py:188} INFO - [2026-04-08T13:52:03.948+0000] {dagbag.py:538} INFO - Filling up the DagBag from /home/airflow/.local/lib/python3.8/site-packages/airflow/example_dags/tutorial.py
[2026-04-08T13:52:03.969+0000] {processor.py:840} INFO - DAG(s) 'tutorial' retrieved from /home/airflow/.local/lib/python3.8/site-packages/airflow/example_dags/tutorial.py
[2026-04-08T13:52:04.011+0000] {logging_mixin.py:188} INFO - [2026-04-08T13:52:04.010+0000] {dag.py:3033} INFO - Sync 1 DAGs
[2026-04-08T13:52:04.074+0000] {logging_mixin.py:188} INFO - [2026-04-08T13:52:04.073+0000] {dag.py:3820} INFO - Setting next_dagrun for tutorial to 2026-04-07T00:00:00+00:00, run_after=2026-04-08T00:00:00+00:00
[2026-04-08T13:52:04.122+0000] {processor.py:183} INFO - Processing /home/airflow/.local/lib/python3.8/site-packages/airflow/example_dags/tutorial.py took 0.181 seconds
[2026-04-08T13:52:34.178+0000] {processor.py:161} INFO - Started process (PID=12427) to work on /home/airflow/.local/lib/python3.8/site-packages/airflow/example_dags/tutorial.py
[2026-04-08T13:52:34.181+0000] {processor.py:830} INFO - Processing file /home/airflow/.local/lib/python3.8/site-packages/airflow/example_dags/tutorial.py for tasks to queue
[2026-04-08T13:52:34.182+0000] {logging_mixin.py:188} INFO - [2026-04-08T13:52:34.182+0000] {dagbag.py:538} INFO - Filling up the DagBag from /home/airflow/.local/lib/python3.8/site-packages/airflow/example_dags/tutorial.py
[2026-04-08T13:52:34.195+0000] {processor.py:840} INFO - DAG(s) 'tutorial' retrieved from /home/airflow/.local/lib/python3.8/site-packages/airflow/example_dags/tutorial.py
[2026-04-08T13:52:34.218+0000] {logging_mixin.py:188} INFO - [2026-04-08T13:52:34.218+0000] {dag.py:3033} INFO - Sync 1 DAGs
[2026-04-08T13:52:34.244+0000] {logging_mixin.py:188} INFO - [2026-04-08T13:52:34.244+0000] {dag.py:3820} INFO - Setting next_dagrun for tutorial to 2026-04-07T00:00:00+00:00, run_after=2026-04-08T00:00:00+00:00
[2026-04-08T13:52:34.262+0000] {processor.py:183} INFO - Processing /home/airflow/.local/lib/python3.8/site-packages/airflow/example_dags/tutorial.py took 0.089 seconds
[2026-04-08T13:53:04.521+0000] {processor.py:161} INFO - Started process (PID=12488) to work on /home/airflow/.local/lib/python3.8/site-packages/airflow/example_dags/tutorial.py
[2026-04-08T13:53:04.521+0000] {processor.py:830} INFO - Processing file /home/airflow/.local/lib/python3.8/site-packages/airflow/example_dags/tutorial.py for tasks to queue
[2026-04-08T13:53:04.522+0000] {logging_mixin.py:188} INFO - [2026-04-08T13:53:04.522+0000] {dagbag.py:538} INFO - Filling up the DagBag from /home/airflow/.local/lib/python3.8/site-packages/airflow/example_dags/tutorial.py
[2026-04-08T13:53:04.528+0000] {processor.py:840} INFO - DAG(s) 'tutorial' retrieved from /home/airflow/.local/lib/python3.8/site-packages/airflow/example_dags/tutorial.py
[2026-04-08T13:53:04.545+0000] {logging_mixin.py:188} INFO - [2026-04-08T13:53:04.544+0000] {dag.py:3033} INFO - Sync 1 DAGs
[2026-04-08T13:53:04.568+0000] {logging_mixin.py:188} INFO - [2026-04-08T13:53:04.568+0000] {dag.py:3820} INFO - Setting next_dagrun for tutorial to 2026-04-07T00:00:00+00:00, run_after=2026-04-08T00:00:00+00:00
[2026-04-08T13:53:04.586+0000] {processor.py:183} INFO - Processing /home/airflow/.local/lib/python3.8/site-packages/airflow/example_dags/tutorial.py took 0.069 seconds
[2026-04-08T13:53:34.910+0000] {processor.py:161} INFO - Started process (PID=12549) to work on /home/airflow/.local/lib/python3.8/site-packages/airflow/example_dags/tutorial.py
[2026-04-08T13:53:34.911+0000] {processor.py:830} INFO - Processing file /home/airflow/.local/lib/python3.8/site-packages/airflow/example_dags/tutorial.py for tasks to queue
[2026-04-08T13:53:34.912+0000] {logging_mixin.py:188} INFO - [2026-04-08T13:53:34.912+0000] {dagbag.py:538} INFO - Filling up the DagBag from /home/airflow/.local/lib/python3.8/site-packages/airflow/example_dags/tutorial.py
[2026-04-08T13:53:34.921+0000] {processor.py:840} INFO - DAG(s) 'tutorial' retrieved from /home/airflow/.local/lib/python3.8/site-packages/airflow/example_dags/tutorial.py
[2026-04-08T13:53:34.945+0000] {logging_mixin.py:188} INFO - [2026-04-08T13:53:34.945+0000] {dag.py:3033} INFO - Sync 1 DAGs
[2026-04-08T13:53:34.971+0000] {logging_mixin.py:188} INFO - [2026-04-08T13:53:34.971+0000] {dag.py:3820} INFO - Setting next_dagrun for tutorial to 2026-04-07T00:00:00+00:00, run_after=2026-04-08T00:00:00+00:00
[2026-04-08T13:53:34.990+0000] {processor.py:183} INFO - Processing /home/airflow/.local/lib/python3.8/site-packages/airflow/example_dags/tutorial.py took 0.084 seconds
[2026-04-08T13:54:05.404+0000] {processor.py:161} INFO - Started process (PID=12610) to work on /home/airflow/.local/lib/python3.8/site-packages/airflow/example_dags/tutorial.py
[2026-04-08T13:54:05.405+0000] {processor.py:830} INFO - Processing file /home/airflow/.local/lib/python3.8/site-packages/airflow/example_dags/tutorial.py for tasks to queue
[2026-04-08T13:54:05.406+0000] {logging_mixin.py:188} INFO - [2026-04-08T13:54:05.406+0000] {dagbag.py:538} INFO - Filling up the DagBag from /home/airflow/.local/lib/python3.8/site-packages/airflow/example_dags/tutorial.py
[2026-04-08T13:54:05.415+0000] {processor.py:840} INFO - DAG(s) 'tutorial' retrieved from /home/airflow/.local/lib/python3.8/site-packages/airflow/example_dags/tutorial.py
[2026-04-08T13:54:05.441+0000] {logging_mixin.py:188} INFO - [2026-04-08T13:54:05.441+0000] {dag.py:3033} INFO - Sync 1 DAGs
[2026-04-08T13:54:05.466+0000] {logging_mixin.py:188} INFO - [2026-04-08T13:54:05.466+0000] {dag.py:3820} INFO - Setting next_dagrun for tutorial to 2026-04-07T00:00:00+00:00, run_after=2026-04-08T00:00:00+00:00
[2026-04-08T13:54:05.483+0000] {processor.py:183} INFO - Processing /home/airflow/.local/lib/python3.8/site-packages/airflow/example_dags/tutorial.py took 0.083 seconds
[2026-04-08T13:54:35.930+0000] {processor.py:161} INFO - Started process (PID=12671) to work on /home/airflow/.local/lib/python3.8/site-packages/airflow/example_dags/tutorial.py
[2026-04-08T13:54:35.931+0000] {processor.py:830} INFO - Processing file /home/airflow/.local/lib/python3.8/site-packages/airflow/example_dags/tutorial.py for tasks to queue
[2026-04-08T13:54:35.932+0000] {logging_mixin.py:188} INFO - [2026-04-08T13:54:35.931+0000] {dagbag.py:538} INFO - Filling up the DagBag from /home/airflow/.local/lib/python3.8/site-packages/airflow/example_dags/tutorial.py
[2026-04-08T13:54:35.941+0000] {processor.py:840} INFO - DAG(s) 'tutorial' retrieved from /home/airflow/.local/lib/python3.8/site-packages/airflow/example_dags/tutorial.py
[2026-04-08T13:54:35.984+0000] {logging_mixin.py:188} INFO - [2026-04-08T13:54:35.983+0000] {dag.py:3033} INFO - Sync 1 DAGs
[2026-04-08T13:54:36.055+0000] {logging_mixin.py:188} INFO - [2026-04-08T13:54:36.055+0000] {dag.py:3820} INFO - Setting next_dagrun for tutorial to 2026-04-07T00:00:00+00:00, run_after=2026-04-08T00:00:00+00:00
[2026-04-08T13:54:36.085+0000] {processor.py:183} INFO - Processing /home/airflow/.local/lib/python3.8/site-packages/airflow/example_dags/tutorial.py took 0.160 seconds
[2026-04-08T13:55:06.122+0000] {processor.py:161} INFO - Started process (PID=12732) to work on /home/airflow/.local/lib/python3.8/site-packages/airflow/example_dags/tutorial.py
[2026-04-08T13:55:06.123+0000] {processor.py:830} INFO - Processing file /home/airflow/.local/lib/python3.8/site-packages/airflow/example_dags/tutorial.py for tasks to queue
[2026-04-08T13:55:06.124+0000] {logging_mixin.py:188} INFO - [2026-04-08T13:55:06.124+0000] {dagbag.py:538} INFO - Filling up the DagBag from /home/airflow/.local/lib/python3.8/site-packages/airflow/example_dags/tutorial.py
[2026-04-08T13:55:06.132+0000] {processor.py:840} INFO - DAG(s) 'tutorial' retrieved from /home/airflow/.local/lib/python3.8/site-packages/airflow/example_dags/tutorial.py
[2026-04-08T13:55:06.156+0000] {logging_mixin.py:188} INFO - [2026-04-08T13:55:06.155+0000] {dag.py:3033} INFO - Sync 1 DAGs
[2026-04-08T13:55:06.182+0000] {logging_mixin.py:188} INFO - [2026-04-08T13:55:06.181+0000] {dag.py:3820} INFO - Setting next_dagrun for tutorial to 2026-04-07T00:00:00+00:00, run_after=2026-04-08T00:00:00+00:00
[2026-04-08T13:55:06.201+0000] {processor.py:183} INFO - Processing /home/airflow/.local/lib/python3.8/site-packages/airflow/example_dags/tutorial.py took 0.083 seconds
[2026-04-08T13:55:37.062+0000] {processor.py:161} INFO - Started process (PID=12793) to work on /home/airflow/.local/lib/python3.8/site-packages/airflow/example_dags/tutorial.py
[2026-04-08T13:55:37.063+0000] {processor.py:830} INFO - Processing file /home/airflow/.local/lib/python3.8/site-packages/airflow/example_dags/tutorial.py for tasks to queue
[2026-04-08T13:55:37.064+0000] {logging_mixin.py:188} INFO - [2026-04-08T13:55:37.064+0000] {dagbag.py:538} INFO - Filling up the DagBag from /home/airflow/.local/lib/python3.8/site-packages/airflow/example_dags/tutorial.py
[2026-04-08T13:55:37.070+0000] {processor.py:840} INFO - DAG(s) 'tutorial' retrieved from /home/airflow/.local/lib/python3.8/site-packages/airflow/example_dags/tutorial.py
[2026-04-08T13:55:37.088+0000] {logging_mixin.py:188} INFO - [2026-04-08T13:55:37.087+0000] {dag.py:3033} INFO - Sync 1 DAGs
[2026-04-08T13:55:37.106+0000] {logging_mixin.py:188} INFO - [2026-04-08T13:55:37.106+0000] {dag.py:3820} INFO - Setting next_dagrun for tutorial to 2026-04-07T00:00:00+00:00, run_after=2026-04-08T00:00:00+00:00
[2026-04-08T13:55:37.124+0000] {processor.py:183} INFO - Processing /home/airflow/.local/lib/python3.8/site-packages/airflow/example_dags/tutorial.py took 0.065 seconds
[2026-04-08T13:56:07.423+0000] {processor.py:161} INFO - Started process (PID=12854) to work on /home/airflow/.local/lib/python3.8/site-packages/airflow/example_dags/tutorial.py
[2026-04-08T13:56:07.423+0000] {processor.py:830} INFO - Processing file /home/airflow/.local/lib/python3.8/site-packages/airflow/example_dags/tutorial.py for tasks to queue
[2026-04-08T13:56:07.424+0000] {logging_mixin.py:188} INFO - [2026-04-08T13:56:07.424+0000] {dagbag.py:538} INFO - Filling up the DagBag from /home/airflow/.local/lib/python3.8/site-packages/airflow/example_dags/tutorial.py
[2026-04-08T13:56:07.432+0000] {processor.py:840} INFO - DAG(s) 'tutorial' retrieved from /home/airflow/.local/lib/python3.8/site-packages/airflow/example_dags/tutorial.py
[2026-04-08T13:56:07.449+0000] {logging_mixin.py:188} INFO - [2026-04-08T13:56:07.449+0000] {dag.py:3033} INFO - Sync 1 DAGs
[2026-04-08T13:56:07.466+0000] {logging_mixin.py:188} INFO - [2026-04-08T13:56:07.466+0000] {dag.py:3820} INFO - Setting next_dagrun for tutorial to 2026-04-07T00:00:00+00:00, run_after=2026-04-08T00:00:00+00:00
[2026-04-08T13:56:07.480+0000] {processor.py:183} INFO - Processing /home/airflow/.local/lib/python3.8/site-packages/airflow/example_dags/tutorial.py took 0.061 seconds
[2026-04-08T13:56:38.375+0000] {processor.py:161} INFO - Started process (PID=12915) to work on /home/airflow/.local/lib/python3.8/site-packages/airflow/example_dags/tutorial.py
[2026-04-08T13:56:38.376+0000] {processor.py:830} INFO - Processing file /home/airflow/.local/lib/python3.8/site-packages/airflow/example_dags/tutorial.py for tasks to queue
[2026-04-08T13:56:38.377+0000] {logging_mixin.py:188} INFO - [2026-04-08T13:56:38.377+0000] {dagbag.py:538} INFO - Filling up the DagBag from /home/airflow/.local/lib/python3.8/site-packages/airflow/example_dags/tutorial.py
[2026-04-08T13:56:38.388+0000] {processor.py:840} INFO - DAG(s) 'tutorial' retrieved from /home/airflow/.local/lib/python3.8/site-packages/airflow/example_dags/tutorial.py
[2026-04-08T13:56:38.420+0000] {logging_mixin.py:188} INFO - [2026-04-08T13:56:38.419+0000] {dag.py:3033} INFO - Sync 1 DAGs
[2026-04-08T13:56:38.451+0000] {logging_mixin.py:188} INFO - [2026-04-08T13:56:38.451+0000] {dag.py:3820} INFO - Setting next_dagrun for tutorial to 2026-04-07T00:00:00+00:00, run_after=2026-04-08T00:00:00+00:00
[2026-04-08T13:56:38.467+0000] {processor.py:183} INFO - Processing /home/airflow/.local/lib/python3.8/site-packages/airflow/example_dags/tutorial.py took 0.097 seconds
[2026-04-08T13:57:08.647+0000] {processor.py:161} INFO - Started process (PID=12976) to work on /home/airflow/.local/lib/python3.8/site-packages/airflow/example_dags/tutorial.py
[2026-04-08T13:57:08.648+0000] {processor.py:830} INFO - Processing file /home/airflow/.local/lib/python3.8/site-packages/airflow/example_dags/tutorial.py for tasks to queue
[2026-04-08T13:57:08.649+0000] {logging_mixin.py:188} INFO - [2026-04-08T13:57:08.649+0000] {dagbag.py:538} INFO - Filling up the DagBag from /home/airflow/.local/lib/python3.8/site-packages/airflow/example_dags/tutorial.py
[2026-04-08T13:57:08.658+0000] {processor.py:840} INFO - DAG(s) 'tutorial' retrieved from /home/airflow/.local/lib/python3.8/site-packages/airflow/example_dags/tutorial.py
[2026-04-08T13:57:08.681+0000] {logging_mixin.py:188} INFO - [2026-04-08T13:57:08.681+0000] {dag.py:3033} INFO - Sync 1 DAGs
[2026-04-08T13:57:08.706+0000] {logging_mixin.py:188} INFO - [2026-04-08T13:57:08.706+0000] {dag.py:3820} INFO - Setting next_dagrun for tutorial to 2026-04-07T00:00:00+00:00, run_after=2026-04-08T00:00:00+00:00
[2026-04-08T13:57:08.724+0000] {processor.py:183} INFO - Processing /home/airflow/.local/lib/python3.8/site-packages/airflow/example_dags/tutorial.py took 0.081 seconds
[2026-04-08T13:57:39.468+0000] {processor.py:161} INFO - Started process (PID=13037) to work on /home/airflow/.local/lib/python3.8/site-packages/airflow/example_dags/tutorial.py
[2026-04-08T13:57:39.469+0000] {processor.py:830} INFO - Processing file /home/airflow/.local/lib/python3.8/site-packages/airflow/example_dags/tutorial.py for tasks to queue
[2026-04-08T13:57:39.470+0000] {logging_mixin.py:188} INFO - [2026-04-08T13:57:39.470+0000] {dagbag.py:538} INFO - Filling up the DagBag from /home/airflow/.local/lib/python3.8/site-packages/airflow/example_dags/tutorial.py
[2026-04-08T13:57:39.478+0000] {processor.py:840} INFO - DAG(s) 'tutorial' retrieved from /home/airflow/.local/lib/python3.8/site-packages/airflow/example_dags/tutorial.py
[2026-04-08T13:57:39.502+0000] {logging_mixin.py:188} INFO - [2026-04-08T13:57:39.502+0000] {dag.py:3033} INFO - Sync 1 DAGs
[2026-04-08T13:57:39.528+0000] {logging_mixin.py:188} INFO - [2026-04-08T13:57:39.527+0000] {dag.py:3820} INFO - Setting next_dagrun for tutorial to 2026-04-07T00:00:00+00:00, run_after=2026-04-08T00:00:00+00:00
[2026-04-08T13:57:39.545+0000] {processor.py:183} INFO - Processing /home/airflow/.local/lib/python3.8/site-packages/airflow/example_dags/tutorial.py took 0.082 seconds
[2026-04-08T13:58:10.224+0000] {processor.py:161} INFO - Started process (PID=13098) to work on /home/airflow/.local/lib/python3.8/site-packages/airflow/example_dags/tutorial.py
[2026-04-08T13:58:10.225+0000] {processor.py:830} INFO - Processing file /home/airflow/.local/lib/python3.8/site-packages/airflow/example_dags/tutorial.py for tasks to queue
[2026-04-08T13:58:10.226+0000] {logging_mixin.py:188} INFO - [2026-04-08T13:58:10.226+0000] {dagbag.py:538} INFO - Filling up the DagBag from /home/airflow/.local/lib/python3.8/site-packages/airflow/example_dags/tutorial.py
[2026-04-08T13:58:10.234+0000] {processor.py:840} INFO - DAG(s) 'tutorial' retrieved from /home/airflow/.local/lib/python3.8/site-packages/airflow/example_dags/tutorial.py
[2026-04-08T13:58:10.258+0000] {logging_mixin.py:188} INFO - [2026-04-08T13:58:10.258+0000] {dag.py:3033} INFO - Sync 1 DAGs
[2026-04-08T13:58:10.284+0000] {logging_mixin.py:188} INFO - [2026-04-08T13:58:10.283+0000] {dag.py:3820} INFO - Setting next_dagrun for tutorial to 2026-04-07T00:00:00+00:00, run_after=2026-04-08T00:00:00+00:00
[2026-04-08T13:58:10.302+0000] {processor.py:183} INFO - Processing /home/airflow/.local/lib/python3.8/site-packages/airflow/example_dags/tutorial.py took 0.082 seconds
[2026-04-08T13:58:40.482+0000] {processor.py:161} INFO - Started process (PID=13159) to work on /home/airflow/.local/lib/python3.8/site-packages/airflow/example_dags/tutorial.py
[2026-04-08T13:58:40.485+0000] {processor.py:830} INFO - Processing file /home/airflow/.local/lib/python3.8/site-packages/airflow/example_dags/tutorial.py for tasks to queue
[2026-04-08T13:58:40.486+0000] {logging_mixin.py:188} INFO - [2026-04-08T13:58:40.486+0000] {dagbag.py:538} INFO - Filling up the DagBag from /home/airflow/.local/lib/python3.8/site-packages/airflow/example_dags/tutorial.py
[2026-04-08T13:58:40.497+0000] {processor.py:840} INFO - DAG(s) 'tutorial' retrieved from /home/airflow/.local/lib/python3.8/site-packages/airflow/example_dags/tutorial.py
[2026-04-08T13:58:40.520+0000] {logging_mixin.py:188} INFO - [2026-04-08T13:58:40.519+0000] {dag.py:3033} INFO - Sync 1 DAGs
[2026-04-08T13:58:40.550+0000] {logging_mixin.py:188} INFO - [2026-04-08T13:58:40.550+0000] {dag.py:3820} INFO - Setting next_dagrun for tutorial to 2026-04-07T00:00:00+00:00, run_after=2026-04-08T00:00:00+00:00
[2026-04-08T13:58:40.573+0000] {processor.py:183} INFO - Processing /home/airflow/.local/lib/python3.8/site-packages/airflow/example_dags/tutorial.py took 0.095 seconds
[2026-04-08T13:59:11.085+0000] {processor.py:161} INFO - Started process (PID=13220) to work on /home/airflow/.local/lib/python3.8/site-packages/airflow/example_dags/tutorial.py
[2026-04-08T13:59:11.086+0000] {processor.py:830} INFO - Processing file /home/airflow/.local/lib/python3.8/site-packages/airflow/example_dags/tutorial.py for tasks to queue
[2026-04-08T13:59:11.087+0000] {logging_mixin.py:188} INFO - [2026-04-08T13:59:11.087+0000] {dagbag.py:538} INFO - Filling up the DagBag from /home/airflow/.local/lib/python3.8/site-packages/airflow/example_dags/tutorial.py
[2026-04-08T13:59:11.096+0000] {processor.py:840} INFO - DAG(s) 'tutorial' retrieved from /home/airflow/.local/lib/python3.8/site-packages/airflow/example_dags/tutorial.py
[2026-04-08T13:59:11.119+0000] {logging_mixin.py:188} INFO - [2026-04-08T13:59:11.119+0000] {dag.py:3033} INFO - Sync 1 DAGs
[2026-04-08T13:59:11.145+0000] {logging_mixin.py:188} INFO - [2026-04-08T13:59:11.145+0000] {dag.py:3820} INFO - Setting next_dagrun for tutorial to 2026-04-07T00:00:00+00:00, run_after=2026-04-08T00:00:00+00:00
[2026-04-08T13:59:11.163+0000] {processor.py:183} INFO - Processing /home/airflow/.local/lib/python3.8/site-packages/airflow/example_dags/tutorial.py took 0.083 seconds
[2026-04-08T13:59:41.766+0000] {processor.py:161} INFO - Started process (PID=13281) to work on /home/airflow/.local/lib/python3.8/site-packages/airflow/example_dags/tutorial.py
[2026-04-08T13:59:41.769+0000] {processor.py:830} INFO - Processing file /home/airflow/.local/lib/python3.8/site-packages/airflow/example_dags/tutorial.py for tasks to queue
[2026-04-08T13:59:41.772+0000] {logging_mixin.py:188} INFO - [2026-04-08T13:59:41.771+0000] {dagbag.py:538} INFO - Filling up the DagBag from /home/airflow/.local/lib/python3.8/site-packages/airflow/example_dags/tutorial.py
[2026-04-08T13:59:41.791+0000] {processor.py:840} INFO - DAG(s) 'tutorial' retrieved from /home/airflow/.local/lib/python3.8/site-packages/airflow/example_dags/tutorial.py
[2026-04-08T13:59:41.823+0000] {logging_mixin.py:188} INFO - [2026-04-08T13:59:41.823+0000] {dag.py:3033} INFO - Sync 1 DAGs
[2026-04-08T13:59:41.853+0000] {logging_mixin.py:188} INFO - [2026-04-08T13:59:41.853+0000] {dag.py:3820} INFO - Setting next_dagrun for tutorial to 2026-04-07T00:00:00+00:00, run_after=2026-04-08T00:00:00+00:00
[2026-04-08T13:59:41.873+0000] {processor.py:183} INFO - Processing /home/airflow/.local/lib/python3.8/site-packages/airflow/example_dags/tutorial.py took 0.117 seconds
[2026-04-08T14:00:12.583+0000] {processor.py:161} INFO - Started process (PID=13342) to work on /home/airflow/.local/lib/python3.8/site-packages/airflow/example_dags/tutorial.py
[2026-04-08T14:00:12.584+0000] {processor.py:830} INFO - Processing file /home/airflow/.local/lib/python3.8/site-packages/airflow/example_dags/tutorial.py for tasks to queue
[2026-04-08T14:00:12.587+0000] {logging_mixin.py:188} INFO - [2026-04-08T14:00:12.587+0000] {dagbag.py:538} INFO - Filling up the DagBag from /home/airflow/.local/lib/python3.8/site-packages/airflow/example_dags/tutorial.py
[2026-04-08T14:00:12.608+0000] {processor.py:840} INFO - DAG(s) 'tutorial' retrieved from /home/airflow/.local/lib/python3.8/site-packages/airflow/example_dags/tutorial.py
[2026-04-08T14:00:12.662+0000] {logging_mixin.py:188} INFO - [2026-04-08T14:00:12.662+0000] {dag.py:3033} INFO - Sync 1 DAGs
[2026-04-08T14:00:12.692+0000] {logging_mixin.py:188} INFO - [2026-04-08T14:00:12.692+0000] {dag.py:3820} INFO - Setting next_dagrun for tutorial to 2026-04-07T00:00:00+00:00, run_after=2026-04-08T00:00:00+00:00
[2026-04-08T14:00:12.767+0000] {processor.py:183} INFO - Processing /home/airflow/.local/lib/python3.8/site-packages/airflow/example_dags/tutorial.py took 0.192 seconds
[2026-04-08T14:00:43.571+0000] {processor.py:161} INFO - Started process (PID=13403) to work on /home/airflow/.local/lib/python3.8/site-packages/airflow/example_dags/tutorial.py
[2026-04-08T14:00:43.572+0000] {processor.py:830} INFO - Processing file /home/airflow/.local/lib/python3.8/site-packages/airflow/example_dags/tutorial.py for tasks to queue
[2026-04-08T14:00:43.573+0000] {logging_mixin.py:188} INFO - [2026-04-08T14:00:43.573+0000] {dagbag.py:538} INFO - Filling up the DagBag from /home/airflow/.local/lib/python3.8/site-packages/airflow/example_dags/tutorial.py
[2026-04-08T14:00:43.579+0000] {processor.py:840} INFO - DAG(s) 'tutorial' retrieved from /home/airflow/.local/lib/python3.8/site-packages/airflow/example_dags/tutorial.py
[2026-04-08T14:00:43.596+0000] {logging_mixin.py:188} INFO - [2026-04-08T14:00:43.596+0000] {dag.py:3033} INFO - Sync 1 DAGs
[2026-04-08T14:00:43.614+0000] {logging_mixin.py:188} INFO - [2026-04-08T14:00:43.614+0000] {dag.py:3820} INFO - Setting next_dagrun for tutorial to 2026-04-07T00:00:00+00:00, run_after=2026-04-08T00:00:00+00:00
[2026-04-08T14:00:43.632+0000] {processor.py:183} INFO - Processing /home/airflow/.local/lib/python3.8/site-packages/airflow/example_dags/tutorial.py took 0.064 seconds
[2026-04-08T14:01:13.885+0000] {processor.py:161} INFO - Started process (PID=13464) to work on /home/airflow/.local/lib/python3.8/site-packages/airflow/example_dags/tutorial.py
[2026-04-08T14:01:13.886+0000] {processor.py:830} INFO - Processing file /home/airflow/.local/lib/python3.8/site-packages/airflow/example_dags/tutorial.py for tasks to queue
[2026-04-08T14:01:13.886+0000] {logging_mixin.py:188} INFO - [2026-04-08T14:01:13.886+0000] {dagbag.py:538} INFO - Filling up the DagBag from /home/airflow/.local/lib/python3.8/site-packages/airflow/example_dags/tutorial.py
[2026-04-08T14:01:13.893+0000] {processor.py:840} INFO - DAG(s) 'tutorial' retrieved from /home/airflow/.local/lib/python3.8/site-packages/airflow/example_dags/tutorial.py
[2026-04-08T14:01:13.912+0000] {logging_mixin.py:188} INFO - [2026-04-08T14:01:13.912+0000] {dag.py:3033} INFO - Sync 1 DAGs
[2026-04-08T14:01:13.930+0000] {logging_mixin.py:188} INFO - [2026-04-08T14:01:13.930+0000] {dag.py:3820} INFO - Setting next_dagrun for tutorial to 2026-04-07T00:00:00+00:00, run_after=2026-04-08T00:00:00+00:00
[2026-04-08T14:01:13.944+0000] {processor.py:183} INFO - Processing /home/airflow/.local/lib/python3.8/site-packages/airflow/example_dags/tutorial.py took 0.062 seconds
[2026-04-08T14:01:44.556+0000] {processor.py:161} INFO - Started process (PID=13525) to work on /home/airflow/.local/lib/python3.8/site-packages/airflow/example_dags/tutorial.py
[2026-04-08T14:01:44.558+0000] {processor.py:830} INFO - Processing file /home/airflow/.local/lib/python3.8/site-packages/airflow/example_dags/tutorial.py for tasks to queue
[2026-04-08T14:01:44.561+0000] {logging_mixin.py:188} INFO - [2026-04-08T14:01:44.560+0000] {dagbag.py:538} INFO - Filling up the DagBag from /home/airflow/.local/lib/python3.8/site-packages/airflow/example_dags/tutorial.py
[2026-04-08T14:01:44.570+0000] {processor.py:840} INFO - DAG(s) 'tutorial' retrieved from /home/airflow/.local/lib/python3.8/site-packages/airflow/example_dags/tutorial.py
[2026-04-08T14:01:44.607+0000] {logging_mixin.py:188} INFO - [2026-04-08T14:01:44.606+0000] {dag.py:3033} INFO - Sync 1 DAGs
[2026-04-08T14:01:44.640+0000] {logging_mixin.py:188} INFO - [2026-04-08T14:01:44.640+0000] {dag.py:3820} INFO - Setting next_dagrun for tutorial to 2026-04-07T00:00:00+00:00, run_after=2026-04-08T00:00:00+00:00
[2026-04-08T14:01:44.655+0000] {processor.py:183} INFO - Processing /home/airflow/.local/lib/python3.8/site-packages/airflow/example_dags/tutorial.py took 0.118 seconds
[2026-04-08T14:02:15.047+0000] {processor.py:161} INFO - Started process (PID=13586) to work on /home/airflow/.local/lib/python3.8/site-packages/airflow/example_dags/tutorial.py
[2026-04-08T14:02:15.048+0000] {processor.py:830} INFO - Processing file /home/airflow/.local/lib/python3.8/site-packages/airflow/example_dags/tutorial.py for tasks to queue
[2026-04-08T14:02:15.049+0000] {logging_mixin.py:188} INFO - [2026-04-08T14:02:15.049+0000] {dagbag.py:538} INFO - Filling up the DagBag from /home/airflow/.local/lib/python3.8/site-packages/airflow/example_dags/tutorial.py
[2026-04-08T14:02:15.057+0000] {processor.py:840} INFO - DAG(s) 'tutorial' retrieved from /home/airflow/.local/lib/python3.8/site-packages/airflow/example_dags/tutorial.py
[2026-04-08T14:02:15.074+0000] {logging_mixin.py:188} INFO - [2026-04-08T14:02:15.074+0000] {dag.py:3033} INFO - Sync 1 DAGs
[2026-04-08T14:02:15.092+0000] {logging_mixin.py:188} INFO - [2026-04-08T14:02:15.092+0000] {dag.py:3820} INFO - Setting next_dagrun for tutorial to 2026-04-07T00:00:00+00:00, run_after=2026-04-08T00:00:00+00:00
[2026-04-08T14:02:15.107+0000] {processor.py:183} INFO - Processing /home/airflow/.local/lib/python3.8/site-packages/airflow/example_dags/tutorial.py took 0.064 seconds
[2026-04-08T14:25:56.332+0000] {processor.py:161} INFO - Started process (PID=116) to work on /home/airflow/.local/lib/python3.8/site-packages/airflow/example_dags/tutorial.py
[2026-04-08T14:25:56.333+0000] {processor.py:830} INFO - Processing file /home/airflow/.local/lib/python3.8/site-packages/airflow/example_dags/tutorial.py for tasks to queue
[2026-04-08T14:25:56.339+0000] {logging_mixin.py:188} INFO - [2026-04-08T14:25:56.338+0000] {dagbag.py:538} INFO - Filling up the DagBag from /home/airflow/.local/lib/python3.8/site-packages/airflow/example_dags/tutorial.py
[2026-04-08T14:25:56.354+0000] {processor.py:840} INFO - DAG(s) 'tutorial' retrieved from /home/airflow/.local/lib/python3.8/site-packages/airflow/example_dags/tutorial.py
[2026-04-08T14:25:56.409+0000] {logging_mixin.py:188} INFO - [2026-04-08T14:25:56.408+0000] {dag.py:3033} INFO - Sync 1 DAGs
[2026-04-08T14:25:56.477+0000] {logging_mixin.py:188} INFO - [2026-04-08T14:25:56.476+0000] {dag.py:3820} INFO - Setting next_dagrun for tutorial to 2026-04-07T00:00:00+00:00, run_after=2026-04-08T00:00:00+00:00
[2026-04-08T14:25:56.518+0000] {processor.py:183} INFO - Processing /home/airflow/.local/lib/python3.8/site-packages/airflow/example_dags/tutorial.py took 0.194 seconds
[2026-04-08T14:26:27.638+0000] {processor.py:161} INFO - Started process (PID=177) to work on /home/airflow/.local/lib/python3.8/site-packages/airflow/example_dags/tutorial.py
[2026-04-08T14:26:27.641+0000] {processor.py:830} INFO - Processing file /home/airflow/.local/lib/python3.8/site-packages/airflow/example_dags/tutorial.py for tasks to queue
[2026-04-08T14:26:27.646+0000] {logging_mixin.py:188} INFO - [2026-04-08T14:26:27.646+0000] {dagbag.py:538} INFO - Filling up the DagBag from /home/airflow/.local/lib/python3.8/site-packages/airflow/example_dags/tutorial.py
[2026-04-08T14:26:27.659+0000] {processor.py:840} INFO - DAG(s) 'tutorial' retrieved from /home/airflow/.local/lib/python3.8/site-packages/airflow/example_dags/tutorial.py
[2026-04-08T14:26:27.715+0000] {logging_mixin.py:188} INFO - [2026-04-08T14:26:27.714+0000] {dag.py:3033} INFO - Sync 1 DAGs
[2026-04-08T14:26:27.789+0000] {logging_mixin.py:188} INFO - [2026-04-08T14:26:27.786+0000] {dag.py:3820} INFO - Setting next_dagrun for tutorial to 2026-04-07T00:00:00+00:00, run_after=2026-04-08T00:00:00+00:00
[2026-04-08T14:26:27.840+0000] {processor.py:183} INFO - Processing /home/airflow/.local/lib/python3.8/site-packages/airflow/example_dags/tutorial.py took 0.210 seconds
[2026-04-08T14:26:58.321+0000] {processor.py:161} INFO - Started process (PID=238) to work on /home/airflow/.local/lib/python3.8/site-packages/airflow/example_dags/tutorial.py
[2026-04-08T14:26:58.323+0000] {processor.py:830} INFO - Processing file /home/airflow/.local/lib/python3.8/site-packages/airflow/example_dags/tutorial.py for tasks to queue
[2026-04-08T14:26:58.329+0000] {logging_mixin.py:188} INFO - [2026-04-08T14:26:58.328+0000] {dagbag.py:538} INFO - Filling up the DagBag from /home/airflow/.local/lib/python3.8/site-packages/airflow/example_dags/tutorial.py
[2026-04-08T14:26:58.346+0000] {processor.py:840} INFO - DAG(s) 'tutorial' retrieved from /home/airflow/.local/lib/python3.8/site-packages/airflow/example_dags/tutorial.py
[2026-04-08T14:26:58.419+0000] {logging_mixin.py:188} INFO - [2026-04-08T14:26:58.419+0000] {dag.py:3033} INFO - Sync 1 DAGs
[2026-04-08T14:26:58.541+0000] {logging_mixin.py:188} INFO - [2026-04-08T14:26:58.541+0000] {dag.py:3820} INFO - Setting next_dagrun for tutorial to 2026-04-07T00:00:00+00:00, run_after=2026-04-08T00:00:00+00:00
[2026-04-08T14:26:58.620+0000] {processor.py:183} INFO - Processing /home/airflow/.local/lib/python3.8/site-packages/airflow/example_dags/tutorial.py took 0.332 seconds
[2026-04-08T14:27:28.691+0000] {processor.py:161} INFO - Started process (PID=298) to work on /home/airflow/.local/lib/python3.8/site-packages/airflow/example_dags/tutorial.py
[2026-04-08T14:27:28.692+0000] {processor.py:830} INFO - Processing file /home/airflow/.local/lib/python3.8/site-packages/airflow/example_dags/tutorial.py for tasks to queue
[2026-04-08T14:27:28.708+0000] {logging_mixin.py:188} INFO - [2026-04-08T14:27:28.708+0000] {dagbag.py:538} INFO - Filling up the DagBag from /home/airflow/.local/lib/python3.8/site-packages/airflow/example_dags/tutorial.py
[2026-04-08T14:27:28.729+0000] {processor.py:840} INFO - DAG(s) 'tutorial' retrieved from /home/airflow/.local/lib/python3.8/site-packages/airflow/example_dags/tutorial.py
[2026-04-08T14:27:28.775+0000] {logging_mixin.py:188} INFO - [2026-04-08T14:27:28.774+0000] {dag.py:3033} INFO - Sync 1 DAGs
[2026-04-08T14:27:28.859+0000] {logging_mixin.py:188} INFO - [2026-04-08T14:27:28.859+0000] {dag.py:3820} INFO - Setting next_dagrun for tutorial to 2026-04-07T00:00:00+00:00, run_after=2026-04-08T00:00:00+00:00
[2026-04-08T14:27:28.921+0000] {processor.py:183} INFO - Processing /home/airflow/.local/lib/python3.8/site-packages/airflow/example_dags/tutorial.py took 0.234 seconds
[2026-04-08T14:27:58.970+0000] {processor.py:161} INFO - Started process (PID=359) to work on /home/airflow/.local/lib/python3.8/site-packages/airflow/example_dags/tutorial.py
[2026-04-08T14:27:58.975+0000] {processor.py:830} INFO - Processing file /home/airflow/.local/lib/python3.8/site-packages/airflow/example_dags/tutorial.py for tasks to queue
[2026-04-08T14:27:58.978+0000] {logging_mixin.py:188} INFO - [2026-04-08T14:27:58.977+0000] {dagbag.py:538} INFO - Filling up the DagBag from /home/airflow/.local/lib/python3.8/site-packages/airflow/example_dags/tutorial.py
[2026-04-08T14:27:58.984+0000] {processor.py:840} INFO - DAG(s) 'tutorial' retrieved from /home/airflow/.local/lib/python3.8/site-packages/airflow/example_dags/tutorial.py
[2026-04-08T14:27:59.020+0000] {logging_mixin.py:188} INFO - [2026-04-08T14:27:59.019+0000] {dag.py:3033} INFO - Sync 1 DAGs
[2026-04-08T14:27:59.048+0000] {logging_mixin.py:188} INFO - [2026-04-08T14:27:59.048+0000] {dag.py:3820} INFO - Setting next_dagrun for tutorial to 2026-04-07T00:00:00+00:00, run_after=2026-04-08T00:00:00+00:00
[2026-04-08T14:27:59.067+0000] {processor.py:183} INFO - Processing /home/airflow/.local/lib/python3.8/site-packages/airflow/example_dags/tutorial.py took 0.105 seconds
[2026-04-08T14:28:29.395+0000] {processor.py:161} INFO - Started process (PID=420) to work on /home/airflow/.local/lib/python3.8/site-packages/airflow/example_dags/tutorial.py
[2026-04-08T14:28:29.395+0000] {processor.py:830} INFO - Processing file /home/airflow/.local/lib/python3.8/site-packages/airflow/example_dags/tutorial.py for tasks to queue
[2026-04-08T14:28:29.398+0000] {logging_mixin.py:188} INFO - [2026-04-08T14:28:29.397+0000] {dagbag.py:538} INFO - Filling up the DagBag from /home/airflow/.local/lib/python3.8/site-packages/airflow/example_dags/tutorial.py
[2026-04-08T14:28:29.404+0000] {processor.py:840} INFO - DAG(s) 'tutorial' retrieved from /home/airflow/.local/lib/python3.8/site-packages/airflow/example_dags/tutorial.py
[2026-04-08T14:28:29.423+0000] {logging_mixin.py:188} INFO - [2026-04-08T14:28:29.423+0000] {dag.py:3033} INFO - Sync 1 DAGs
[2026-04-08T14:28:29.443+0000] {logging_mixin.py:188} INFO - [2026-04-08T14:28:29.443+0000] {dag.py:3820} INFO - Setting next_dagrun for tutorial to 2026-04-07T00:00:00+00:00, run_after=2026-04-08T00:00:00+00:00
[2026-04-08T14:28:29.458+0000] {processor.py:183} INFO - Processing /home/airflow/.local/lib/python3.8/site-packages/airflow/example_dags/tutorial.py took 0.067 seconds
[2026-04-08T14:29:00.224+0000] {processor.py:161} INFO - Started process (PID=480) to work on /home/airflow/.local/lib/python3.8/site-packages/airflow/example_dags/tutorial.py
[2026-04-08T14:29:00.225+0000] {processor.py:830} INFO - Processing file /home/airflow/.local/lib/python3.8/site-packages/airflow/example_dags/tutorial.py for tasks to queue
[2026-04-08T14:29:00.227+0000] {logging_mixin.py:188} INFO - [2026-04-08T14:29:00.227+0000] {dagbag.py:538} INFO - Filling up the DagBag from /home/airflow/.local/lib/python3.8/site-packages/airflow/example_dags/tutorial.py
[2026-04-08T14:29:00.232+0000] {processor.py:840} INFO - DAG(s) 'tutorial' retrieved from /home/airflow/.local/lib/python3.8/site-packages/airflow/example_dags/tutorial.py
[2026-04-08T14:29:00.248+0000] {logging_mixin.py:188} INFO - [2026-04-08T14:29:00.248+0000] {dag.py:3033} INFO - Sync 1 DAGs
[2026-04-08T14:29:00.267+0000] {logging_mixin.py:188} INFO - [2026-04-08T14:29:00.267+0000] {dag.py:3820} INFO - Setting next_dagrun for tutorial to 2026-04-07T00:00:00+00:00, run_after=2026-04-08T00:00:00+00:00
[2026-04-08T14:29:00.283+0000] {processor.py:183} INFO - Processing /home/airflow/.local/lib/python3.8/site-packages/airflow/example_dags/tutorial.py took 0.062 seconds
[2026-04-08T14:29:31.228+0000] {processor.py:161} INFO - Started process (PID=541) to work on /home/airflow/.local/lib/python3.8/site-packages/airflow/example_dags/tutorial.py
[2026-04-08T14:29:31.229+0000] {processor.py:830} INFO - Processing file /home/airflow/.local/lib/python3.8/site-packages/airflow/example_dags/tutorial.py for tasks to queue
[2026-04-08T14:29:31.231+0000] {logging_mixin.py:188} INFO - [2026-04-08T14:29:31.231+0000] {dagbag.py:538} INFO - Filling up the DagBag from /home/airflow/.local/lib/python3.8/site-packages/airflow/example_dags/tutorial.py
[2026-04-08T14:29:31.238+0000] {processor.py:840} INFO - DAG(s) 'tutorial' retrieved from /home/airflow/.local/lib/python3.8/site-packages/airflow/example_dags/tutorial.py
[2026-04-08T14:29:31.262+0000] {logging_mixin.py:188} INFO - [2026-04-08T14:29:31.262+0000] {dag.py:3033} INFO - Sync 1 DAGs
[2026-04-08T14:29:31.287+0000] {logging_mixin.py:188} INFO - [2026-04-08T14:29:31.287+0000] {dag.py:3820} INFO - Setting next_dagrun for tutorial to 2026-04-07T00:00:00+00:00, run_after=2026-04-08T00:00:00+00:00
[2026-04-08T14:29:31.307+0000] {processor.py:183} INFO - Processing /home/airflow/.local/lib/python3.8/site-packages/airflow/example_dags/tutorial.py took 0.083 seconds
[2026-04-08T14:30:02.335+0000] {processor.py:161} INFO - Started process (PID=603) to work on /home/airflow/.local/lib/python3.8/site-packages/airflow/example_dags/tutorial.py
[2026-04-08T14:30:02.340+0000] {processor.py:830} INFO - Processing file /home/airflow/.local/lib/python3.8/site-packages/airflow/example_dags/tutorial.py for tasks to queue
[2026-04-08T14:30:02.346+0000] {logging_mixin.py:188} INFO - [2026-04-08T14:30:02.346+0000] {dagbag.py:538} INFO - Filling up the DagBag from /home/airflow/.local/lib/python3.8/site-packages/airflow/example_dags/tutorial.py
[2026-04-08T14:30:02.377+0000] {processor.py:840} INFO - DAG(s) 'tutorial' retrieved from /home/airflow/.local/lib/python3.8/site-packages/airflow/example_dags/tutorial.py
[2026-04-08T14:30:02.426+0000] {logging_mixin.py:188} INFO - [2026-04-08T14:30:02.426+0000] {dag.py:3033} INFO - Sync 1 DAGs
[2026-04-08T14:30:02.505+0000] {logging_mixin.py:188} INFO - [2026-04-08T14:30:02.505+0000] {dag.py:3820} INFO - Setting next_dagrun for tutorial to 2026-04-07T00:00:00+00:00, run_after=2026-04-08T00:00:00+00:00
[2026-04-08T14:30:02.582+0000] {processor.py:183} INFO - Processing /home/airflow/.local/lib/python3.8/site-packages/airflow/example_dags/tutorial.py took 0.263 seconds
[2026-04-08T14:30:33.260+0000] {processor.py:161} INFO - Started process (PID=664) to work on /home/airflow/.local/lib/python3.8/site-packages/airflow/example_dags/tutorial.py
[2026-04-08T14:30:33.261+0000] {processor.py:830} INFO - Processing file /home/airflow/.local/lib/python3.8/site-packages/airflow/example_dags/tutorial.py for tasks to queue
[2026-04-08T14:30:33.263+0000] {logging_mixin.py:188} INFO - [2026-04-08T14:30:33.263+0000] {dagbag.py:538} INFO - Filling up the DagBag from /home/airflow/.local/lib/python3.8/site-packages/airflow/example_dags/tutorial.py
[2026-04-08T14:30:33.276+0000] {processor.py:840} INFO - DAG(s) 'tutorial' retrieved from /home/airflow/.local/lib/python3.8/site-packages/airflow/example_dags/tutorial.py
[2026-04-08T14:30:33.306+0000] {logging_mixin.py:188} INFO - [2026-04-08T14:30:33.306+0000] {dag.py:3033} INFO - Sync 1 DAGs
[2026-04-08T14:30:33.338+0000] {logging_mixin.py:188} INFO - [2026-04-08T14:30:33.338+0000] {dag.py:3820} INFO - Setting next_dagrun for tutorial to 2026-04-07T00:00:00+00:00, run_after=2026-04-08T00:00:00+00:00
[2026-04-08T14:30:33.370+0000] {processor.py:183} INFO - Processing /home/airflow/.local/lib/python3.8/site-packages/airflow/example_dags/tutorial.py took 0.114 seconds
[2026-04-08T14:31:03.420+0000] {processor.py:161} INFO - Started process (PID=724) to work on /home/airflow/.local/lib/python3.8/site-packages/airflow/example_dags/tutorial.py
[2026-04-08T14:31:03.421+0000] {processor.py:830} INFO - Processing file /home/airflow/.local/lib/python3.8/site-packages/airflow/example_dags/tutorial.py for tasks to queue
[2026-04-08T14:31:03.422+0000] {logging_mixin.py:188} INFO - [2026-04-08T14:31:03.422+0000] {dagbag.py:538} INFO - Filling up the DagBag from /home/airflow/.local/lib/python3.8/site-packages/airflow/example_dags/tutorial.py
[2026-04-08T14:31:03.427+0000] {processor.py:840} INFO - DAG(s) 'tutorial' retrieved from /home/airflow/.local/lib/python3.8/site-packages/airflow/example_dags/tutorial.py
[2026-04-08T14:31:03.443+0000] {logging_mixin.py:188} INFO - [2026-04-08T14:31:03.443+0000] {dag.py:3033} INFO - Sync 1 DAGs
[2026-04-08T14:31:03.460+0000] {logging_mixin.py:188} INFO - [2026-04-08T14:31:03.460+0000] {dag.py:3820} INFO - Setting next_dagrun for tutorial to 2026-04-07T00:00:00+00:00, run_after=2026-04-08T00:00:00+00:00
[2026-04-08T14:31:03.475+0000] {processor.py:183} INFO - Processing /home/airflow/.local/lib/python3.8/site-packages/airflow/example_dags/tutorial.py took 0.058 seconds
[2026-04-08T14:31:34.368+0000] {processor.py:161} INFO - Started process (PID=785) to work on /home/airflow/.local/lib/python3.8/site-packages/airflow/example_dags/tutorial.py
[2026-04-08T14:31:34.370+0000] {processor.py:830} INFO - Processing file /home/airflow/.local/lib/python3.8/site-packages/airflow/example_dags/tutorial.py for tasks to queue
[2026-04-08T14:31:34.372+0000] {logging_mixin.py:188} INFO - [2026-04-08T14:31:34.372+0000] {dagbag.py:538} INFO - Filling up the DagBag from /home/airflow/.local/lib/python3.8/site-packages/airflow/example_dags/tutorial.py
[2026-04-08T14:31:34.379+0000] {processor.py:840} INFO - DAG(s) 'tutorial' retrieved from /home/airflow/.local/lib/python3.8/site-packages/airflow/example_dags/tutorial.py
[2026-04-08T14:31:34.397+0000] {logging_mixin.py:188} INFO - [2026-04-08T14:31:34.397+0000] {dag.py:3033} INFO - Sync 1 DAGs
[2026-04-08T14:31:34.416+0000] {logging_mixin.py:188} INFO - [2026-04-08T14:31:34.415+0000] {dag.py:3820} INFO - Setting next_dagrun for tutorial to 2026-04-07T00:00:00+00:00, run_after=2026-04-08T00:00:00+00:00
[2026-04-08T14:31:34.431+0000] {processor.py:183} INFO - Processing /home/airflow/.local/lib/python3.8/site-packages/airflow/example_dags/tutorial.py took 0.066 seconds
[2026-04-08T14:32:04.838+0000] {processor.py:161} INFO - Started process (PID=846) to work on /home/airflow/.local/lib/python3.8/site-packages/airflow/example_dags/tutorial.py
[2026-04-08T14:32:04.841+0000] {processor.py:830} INFO - Processing file /home/airflow/.local/lib/python3.8/site-packages/airflow/example_dags/tutorial.py for tasks to queue
[2026-04-08T14:32:04.843+0000] {logging_mixin.py:188} INFO - [2026-04-08T14:32:04.843+0000] {dagbag.py:538} INFO - Filling up the DagBag from /home/airflow/.local/lib/python3.8/site-packages/airflow/example_dags/tutorial.py
[2026-04-08T14:32:04.857+0000] {processor.py:840} INFO - DAG(s) 'tutorial' retrieved from /home/airflow/.local/lib/python3.8/site-packages/airflow/example_dags/tutorial.py
[2026-04-08T14:32:04.880+0000] {logging_mixin.py:188} INFO - [2026-04-08T14:32:04.880+0000] {dag.py:3033} INFO - Sync 1 DAGs
[2026-04-08T14:32:04.898+0000] {logging_mixin.py:188} INFO - [2026-04-08T14:32:04.898+0000] {dag.py:3820} INFO - Setting next_dagrun for tutorial to 2026-04-07T00:00:00+00:00, run_after=2026-04-08T00:00:00+00:00
[2026-04-08T14:32:04.912+0000] {processor.py:183} INFO - Processing /home/airflow/.local/lib/python3.8/site-packages/airflow/example_dags/tutorial.py took 0.078 seconds
[2026-04-08T14:32:35.306+0000] {processor.py:161} INFO - Started process (PID=907) to work on /home/airflow/.local/lib/python3.8/site-packages/airflow/example_dags/tutorial.py
[2026-04-08T14:32:35.307+0000] {processor.py:830} INFO - Processing file /home/airflow/.local/lib/python3.8/site-packages/airflow/example_dags/tutorial.py for tasks to queue
[2026-04-08T14:32:35.308+0000] {logging_mixin.py:188} INFO - [2026-04-08T14:32:35.308+0000] {dagbag.py:538} INFO - Filling up the DagBag from /home/airflow/.local/lib/python3.8/site-packages/airflow/example_dags/tutorial.py
[2026-04-08T14:32:35.313+0000] {processor.py:840} INFO - DAG(s) 'tutorial' retrieved from /home/airflow/.local/lib/python3.8/site-packages/airflow/example_dags/tutorial.py
[2026-04-08T14:32:35.330+0000] {logging_mixin.py:188} INFO - [2026-04-08T14:32:35.330+0000] {dag.py:3033} INFO - Sync 1 DAGs
[2026-04-08T14:32:35.348+0000] {logging_mixin.py:188} INFO - [2026-04-08T14:32:35.348+0000] {dag.py:3820} INFO - Setting next_dagrun for tutorial to 2026-04-07T00:00:00+00:00, run_after=2026-04-08T00:00:00+00:00
[2026-04-08T14:32:35.365+0000] {processor.py:183} INFO - Processing /home/airflow/.local/lib/python3.8/site-packages/airflow/example_dags/tutorial.py took 0.062 seconds
[2026-04-08T14:33:05.424+0000] {processor.py:161} INFO - Started process (PID=968) to work on /home/airflow/.local/lib/python3.8/site-packages/airflow/example_dags/tutorial.py
[2026-04-08T14:33:05.425+0000] {processor.py:830} INFO - Processing file /home/airflow/.local/lib/python3.8/site-packages/airflow/example_dags/tutorial.py for tasks to queue
[2026-04-08T14:33:05.426+0000] {logging_mixin.py:188} INFO - [2026-04-08T14:33:05.426+0000] {dagbag.py:538} INFO - Filling up the DagBag from /home/airflow/.local/lib/python3.8/site-packages/airflow/example_dags/tutorial.py
[2026-04-08T14:33:05.431+0000] {processor.py:840} INFO - DAG(s) 'tutorial' retrieved from /home/airflow/.local/lib/python3.8/site-packages/airflow/example_dags/tutorial.py
[2026-04-08T14:33:05.449+0000] {logging_mixin.py:188} INFO - [2026-04-08T14:33:05.448+0000] {dag.py:3033} INFO - Sync 1 DAGs
[2026-04-08T14:33:05.472+0000] {logging_mixin.py:188} INFO - [2026-04-08T14:33:05.472+0000] {dag.py:3820} INFO - Setting next_dagrun for tutorial to 2026-04-07T00:00:00+00:00, run_after=2026-04-08T00:00:00+00:00
[2026-04-08T14:33:05.488+0000] {processor.py:183} INFO - Processing /home/airflow/.local/lib/python3.8/site-packages/airflow/example_dags/tutorial.py took 0.066 seconds
[2026-04-08T14:33:36.005+0000] {processor.py:161} INFO - Started process (PID=1029) to work on /home/airflow/.local/lib/python3.8/site-packages/airflow/example_dags/tutorial.py
[2026-04-08T14:33:36.006+0000] {processor.py:830} INFO - Processing file /home/airflow/.local/lib/python3.8/site-packages/airflow/example_dags/tutorial.py for tasks to queue
[2026-04-08T14:33:36.008+0000] {logging_mixin.py:188} INFO - [2026-04-08T14:33:36.007+0000] {dagbag.py:538} INFO - Filling up the DagBag from /home/airflow/.local/lib/python3.8/site-packages/airflow/example_dags/tutorial.py
[2026-04-08T14:33:36.012+0000] {processor.py:840} INFO - DAG(s) 'tutorial' retrieved from /home/airflow/.local/lib/python3.8/site-packages/airflow/example_dags/tutorial.py
[2026-04-08T14:33:36.028+0000] {logging_mixin.py:188} INFO - [2026-04-08T14:33:36.028+0000] {dag.py:3033} INFO - Sync 1 DAGs
[2026-04-08T14:33:36.048+0000] {logging_mixin.py:188} INFO - [2026-04-08T14:33:36.048+0000] {dag.py:3820} INFO - Setting next_dagrun for tutorial to 2026-04-07T00:00:00+00:00, run_after=2026-04-08T00:00:00+00:00
[2026-04-08T14:33:36.064+0000] {processor.py:183} INFO - Processing /home/airflow/.local/lib/python3.8/site-packages/airflow/example_dags/tutorial.py took 0.062 seconds
[2026-04-08T14:34:07.530+0000] {processor.py:161} INFO - Started process (PID=1091) to work on /home/airflow/.local/lib/python3.8/site-packages/airflow/example_dags/tutorial.py
[2026-04-08T14:34:07.531+0000] {processor.py:830} INFO - Processing file /home/airflow/.local/lib/python3.8/site-packages/airflow/example_dags/tutorial.py for tasks to queue
[2026-04-08T14:34:07.534+0000] {logging_mixin.py:188} INFO - [2026-04-08T14:34:07.533+0000] {dagbag.py:538} INFO - Filling up the DagBag from /home/airflow/.local/lib/python3.8/site-packages/airflow/example_dags/tutorial.py
[2026-04-08T14:34:07.545+0000] {processor.py:840} INFO - DAG(s) 'tutorial' retrieved from /home/airflow/.local/lib/python3.8/site-packages/airflow/example_dags/tutorial.py
[2026-04-08T14:34:07.570+0000] {logging_mixin.py:188} INFO - [2026-04-08T14:34:07.570+0000] {dag.py:3033} INFO - Sync 1 DAGs
[2026-04-08T14:34:07.859+0000] {logging_mixin.py:188} INFO - [2026-04-08T14:34:07.859+0000] {dag.py:3820} INFO - Setting next_dagrun for tutorial to 2026-04-07T00:00:00+00:00, run_after=2026-04-08T00:00:00+00:00
[2026-04-08T14:34:07.920+0000] {processor.py:183} INFO - Processing /home/airflow/.local/lib/python3.8/site-packages/airflow/example_dags/tutorial.py took 0.394 seconds
[2026-04-08T14:34:38.318+0000] {processor.py:161} INFO - Started process (PID=1152) to work on /home/airflow/.local/lib/python3.8/site-packages/airflow/example_dags/tutorial.py
[2026-04-08T14:34:38.319+0000] {processor.py:830} INFO - Processing file /home/airflow/.local/lib/python3.8/site-packages/airflow/example_dags/tutorial.py for tasks to queue
[2026-04-08T14:34:38.321+0000] {logging_mixin.py:188} INFO - [2026-04-08T14:34:38.321+0000] {dagbag.py:538} INFO - Filling up the DagBag from /home/airflow/.local/lib/python3.8/site-packages/airflow/example_dags/tutorial.py
[2026-04-08T14:34:38.328+0000] {processor.py:840} INFO - DAG(s) 'tutorial' retrieved from /home/airflow/.local/lib/python3.8/site-packages/airflow/example_dags/tutorial.py
[2026-04-08T14:34:38.353+0000] {logging_mixin.py:188} INFO - [2026-04-08T14:34:38.352+0000] {dag.py:3033} INFO - Sync 1 DAGs
[2026-04-08T14:34:38.645+0000] {logging_mixin.py:188} INFO - [2026-04-08T14:34:38.644+0000] {dag.py:3820} INFO - Setting next_dagrun for tutorial to 2026-04-07T00:00:00+00:00, run_after=2026-04-08T00:00:00+00:00
[2026-04-08T14:34:38.664+0000] {processor.py:183} INFO - Processing /home/airflow/.local/lib/python3.8/site-packages/airflow/example_dags/tutorial.py took 0.349 seconds
[2026-04-08T14:35:09.293+0000] {processor.py:161} INFO - Started process (PID=1213) to work on /home/airflow/.local/lib/python3.8/site-packages/airflow/example_dags/tutorial.py
[2026-04-08T14:35:09.294+0000] {processor.py:830} INFO - Processing file /home/airflow/.local/lib/python3.8/site-packages/airflow/example_dags/tutorial.py for tasks to queue
[2026-04-08T14:35:09.297+0000] {logging_mixin.py:188} INFO - [2026-04-08T14:35:09.296+0000] {dagbag.py:538} INFO - Filling up the DagBag from /home/airflow/.local/lib/python3.8/site-packages/airflow/example_dags/tutorial.py
[2026-04-08T14:35:09.304+0000] {processor.py:840} INFO - DAG(s) 'tutorial' retrieved from /home/airflow/.local/lib/python3.8/site-packages/airflow/example_dags/tutorial.py
[2026-04-08T14:35:09.581+0000] {logging_mixin.py:188} INFO - [2026-04-08T14:35:09.580+0000] {dag.py:3033} INFO - Sync 1 DAGs
[2026-04-08T14:35:09.649+0000] {logging_mixin.py:188} INFO - [2026-04-08T14:35:09.649+0000] {dag.py:3820} INFO - Setting next_dagrun for tutorial to 2026-04-07T00:00:00+00:00, run_after=2026-04-08T00:00:00+00:00
[2026-04-08T14:35:09.671+0000] {processor.py:183} INFO - Processing /home/airflow/.local/lib/python3.8/site-packages/airflow/example_dags/tutorial.py took 0.382 seconds
[2026-04-08T14:35:39.851+0000] {processor.py:161} INFO - Started process (PID=1274) to work on /home/airflow/.local/lib/python3.8/site-packages/airflow/example_dags/tutorial.py
[2026-04-08T14:35:39.852+0000] {processor.py:830} INFO - Processing file /home/airflow/.local/lib/python3.8/site-packages/airflow/example_dags/tutorial.py for tasks to queue
[2026-04-08T14:35:39.854+0000] {logging_mixin.py:188} INFO - [2026-04-08T14:35:39.854+0000] {dagbag.py:538} INFO - Filling up the DagBag from /home/airflow/.local/lib/python3.8/site-packages/airflow/example_dags/tutorial.py
[2026-04-08T14:35:39.861+0000] {processor.py:840} INFO - DAG(s) 'tutorial' retrieved from /home/airflow/.local/lib/python3.8/site-packages/airflow/example_dags/tutorial.py
[2026-04-08T14:35:40.061+0000] {logging_mixin.py:188} INFO - [2026-04-08T14:35:40.061+0000] {dag.py:3033} INFO - Sync 1 DAGs
[2026-04-08T14:35:40.090+0000] {logging_mixin.py:188} INFO - [2026-04-08T14:35:40.090+0000] {dag.py:3820} INFO - Setting next_dagrun for tutorial to 2026-04-07T00:00:00+00:00, run_after=2026-04-08T00:00:00+00:00
[2026-04-08T14:35:40.109+0000] {processor.py:183} INFO - Processing /home/airflow/.local/lib/python3.8/site-packages/airflow/example_dags/tutorial.py took 0.262 seconds
[2026-04-08T14:36:10.435+0000] {processor.py:161} INFO - Started process (PID=1335) to work on /home/airflow/.local/lib/python3.8/site-packages/airflow/example_dags/tutorial.py
[2026-04-08T14:36:10.436+0000] {processor.py:830} INFO - Processing file /home/airflow/.local/lib/python3.8/site-packages/airflow/example_dags/tutorial.py for tasks to queue
[2026-04-08T14:36:10.439+0000] {logging_mixin.py:188} INFO - [2026-04-08T14:36:10.438+0000] {dagbag.py:538} INFO - Filling up the DagBag from /home/airflow/.local/lib/python3.8/site-packages/airflow/example_dags/tutorial.py
[2026-04-08T14:36:10.446+0000] {processor.py:840} INFO - DAG(s) 'tutorial' retrieved from /home/airflow/.local/lib/python3.8/site-packages/airflow/example_dags/tutorial.py
[2026-04-08T14:36:10.469+0000] {logging_mixin.py:188} INFO - [2026-04-08T14:36:10.469+0000] {dag.py:3033} INFO - Sync 1 DAGs
[2026-04-08T14:36:10.496+0000] {logging_mixin.py:188} INFO - [2026-04-08T14:36:10.496+0000] {dag.py:3820} INFO - Setting next_dagrun for tutorial to 2026-04-07T00:00:00+00:00, run_after=2026-04-08T00:00:00+00:00
[2026-04-08T14:36:10.518+0000] {processor.py:183} INFO - Processing /home/airflow/.local/lib/python3.8/site-packages/airflow/example_dags/tutorial.py took 0.087 seconds
[2026-04-08T14:36:41.696+0000] {processor.py:161} INFO - Started process (PID=1396) to work on /home/airflow/.local/lib/python3.8/site-packages/airflow/example_dags/tutorial.py
[2026-04-08T14:36:41.697+0000] {processor.py:830} INFO - Processing file /home/airflow/.local/lib/python3.8/site-packages/airflow/example_dags/tutorial.py for tasks to queue
[2026-04-08T14:36:41.700+0000] {logging_mixin.py:188} INFO - [2026-04-08T14:36:41.699+0000] {dagbag.py:538} INFO - Filling up the DagBag from /home/airflow/.local/lib/python3.8/site-packages/airflow/example_dags/tutorial.py
[2026-04-08T14:36:41.707+0000] {processor.py:840} INFO - DAG(s) 'tutorial' retrieved from /home/airflow/.local/lib/python3.8/site-packages/airflow/example_dags/tutorial.py
[2026-04-08T14:36:41.749+0000] {logging_mixin.py:188} INFO - [2026-04-08T14:36:41.749+0000] {dag.py:3033} INFO - Sync 1 DAGs
[2026-04-08T14:36:41.776+0000] {logging_mixin.py:188} INFO - [2026-04-08T14:36:41.776+0000] {dag.py:3820} INFO - Setting next_dagrun for tutorial to 2026-04-07T00:00:00+00:00, run_after=2026-04-08T00:00:00+00:00
[2026-04-08T14:36:41.804+0000] {processor.py:183} INFO - Processing /home/airflow/.local/lib/python3.8/site-packages/airflow/example_dags/tutorial.py took 0.111 seconds
[2026-04-08T14:37:13.927+0000] {processor.py:161} INFO - Started process (PID=1457) to work on /home/airflow/.local/lib/python3.8/site-packages/airflow/example_dags/tutorial.py
[2026-04-08T14:37:13.928+0000] {processor.py:830} INFO - Processing file /home/airflow/.local/lib/python3.8/site-packages/airflow/example_dags/tutorial.py for tasks to queue
[2026-04-08T14:37:13.931+0000] {logging_mixin.py:188} INFO - [2026-04-08T14:37:13.930+0000] {dagbag.py:538} INFO - Filling up the DagBag from /home/airflow/.local/lib/python3.8/site-packages/airflow/example_dags/tutorial.py
[2026-04-08T14:37:13.938+0000] {processor.py:840} INFO - DAG(s) 'tutorial' retrieved from /home/airflow/.local/lib/python3.8/site-packages/airflow/example_dags/tutorial.py
[2026-04-08T14:37:14.024+0000] {logging_mixin.py:188} INFO - [2026-04-08T14:37:14.024+0000] {dag.py:3033} INFO - Sync 1 DAGs
[2026-04-08T14:37:14.054+0000] {logging_mixin.py:188} INFO - [2026-04-08T14:37:14.054+0000] {dag.py:3820} INFO - Setting next_dagrun for tutorial to 2026-04-07T00:00:00+00:00, run_after=2026-04-08T00:00:00+00:00
[2026-04-08T14:37:14.092+0000] {processor.py:183} INFO - Processing /home/airflow/.local/lib/python3.8/site-packages/airflow/example_dags/tutorial.py took 0.169 seconds
[2026-04-08T14:37:44.999+0000] {processor.py:161} INFO - Started process (PID=1518) to work on /home/airflow/.local/lib/python3.8/site-packages/airflow/example_dags/tutorial.py
[2026-04-08T14:37:45.001+0000] {processor.py:830} INFO - Processing file /home/airflow/.local/lib/python3.8/site-packages/airflow/example_dags/tutorial.py for tasks to queue
[2026-04-08T14:37:45.008+0000] {logging_mixin.py:188} INFO - [2026-04-08T14:37:45.007+0000] {dagbag.py:538} INFO - Filling up the DagBag from /home/airflow/.local/lib/python3.8/site-packages/airflow/example_dags/tutorial.py
[2026-04-08T14:37:45.023+0000] {processor.py:840} INFO - DAG(s) 'tutorial' retrieved from /home/airflow/.local/lib/python3.8/site-packages/airflow/example_dags/tutorial.py
[2026-04-08T14:37:45.075+0000] {logging_mixin.py:188} INFO - [2026-04-08T14:37:45.075+0000] {dag.py:3033} INFO - Sync 1 DAGs
[2026-04-08T14:37:45.125+0000] {logging_mixin.py:188} INFO - [2026-04-08T14:37:45.125+0000] {dag.py:3820} INFO - Setting next_dagrun for tutorial to 2026-04-07T00:00:00+00:00, run_after=2026-04-08T00:00:00+00:00
[2026-04-08T14:37:45.172+0000] {processor.py:183} INFO - Processing /home/airflow/.local/lib/python3.8/site-packages/airflow/example_dags/tutorial.py took 0.177 seconds
[2026-04-08T14:38:15.614+0000] {processor.py:161} INFO - Started process (PID=1579) to work on /home/airflow/.local/lib/python3.8/site-packages/airflow/example_dags/tutorial.py
[2026-04-08T14:38:15.615+0000] {processor.py:830} INFO - Processing file /home/airflow/.local/lib/python3.8/site-packages/airflow/example_dags/tutorial.py for tasks to queue
[2026-04-08T14:38:15.617+0000] {logging_mixin.py:188} INFO - [2026-04-08T14:38:15.617+0000] {dagbag.py:538} INFO - Filling up the DagBag from /home/airflow/.local/lib/python3.8/site-packages/airflow/example_dags/tutorial.py
[2026-04-08T14:38:15.623+0000] {processor.py:840} INFO - DAG(s) 'tutorial' retrieved from /home/airflow/.local/lib/python3.8/site-packages/airflow/example_dags/tutorial.py
[2026-04-08T14:38:15.651+0000] {logging_mixin.py:188} INFO - [2026-04-08T14:38:15.651+0000] {dag.py:3033} INFO - Sync 1 DAGs
[2026-04-08T14:38:15.678+0000] {logging_mixin.py:188} INFO - [2026-04-08T14:38:15.678+0000] {dag.py:3820} INFO - Setting next_dagrun for tutorial to 2026-04-07T00:00:00+00:00, run_after=2026-04-08T00:00:00+00:00
[2026-04-08T14:38:15.701+0000] {processor.py:183} INFO - Processing /home/airflow/.local/lib/python3.8/site-packages/airflow/example_dags/tutorial.py took 0.091 seconds
[2026-04-08T14:38:45.846+0000] {processor.py:161} INFO - Started process (PID=1640) to work on /home/airflow/.local/lib/python3.8/site-packages/airflow/example_dags/tutorial.py
[2026-04-08T14:38:45.847+0000] {processor.py:830} INFO - Processing file /home/airflow/.local/lib/python3.8/site-packages/airflow/example_dags/tutorial.py for tasks to queue
[2026-04-08T14:38:45.849+0000] {logging_mixin.py:188} INFO - [2026-04-08T14:38:45.849+0000] {dagbag.py:538} INFO - Filling up the DagBag from /home/airflow/.local/lib/python3.8/site-packages/airflow/example_dags/tutorial.py
[2026-04-08T14:38:45.856+0000] {processor.py:840} INFO - DAG(s) 'tutorial' retrieved from /home/airflow/.local/lib/python3.8/site-packages/airflow/example_dags/tutorial.py
[2026-04-08T14:38:45.879+0000] {logging_mixin.py:188} INFO - [2026-04-08T14:38:45.879+0000] {dag.py:3033} INFO - Sync 1 DAGs
[2026-04-08T14:38:45.906+0000] {logging_mixin.py:188} INFO - [2026-04-08T14:38:45.905+0000] {dag.py:3820} INFO - Setting next_dagrun for tutorial to 2026-04-07T00:00:00+00:00, run_after=2026-04-08T00:00:00+00:00
[2026-04-08T14:38:45.927+0000] {processor.py:183} INFO - Processing /home/airflow/.local/lib/python3.8/site-packages/airflow/example_dags/tutorial.py took 0.084 seconds
[2026-04-08T14:39:16.818+0000] {processor.py:161} INFO - Started process (PID=1701) to work on /home/airflow/.local/lib/python3.8/site-packages/airflow/example_dags/tutorial.py
[2026-04-08T14:39:16.819+0000] {processor.py:830} INFO - Processing file /home/airflow/.local/lib/python3.8/site-packages/airflow/example_dags/tutorial.py for tasks to queue
[2026-04-08T14:39:16.822+0000] {logging_mixin.py:188} INFO - [2026-04-08T14:39:16.821+0000] {dagbag.py:538} INFO - Filling up the DagBag from /home/airflow/.local/lib/python3.8/site-packages/airflow/example_dags/tutorial.py
[2026-04-08T14:39:16.829+0000] {processor.py:840} INFO - DAG(s) 'tutorial' retrieved from /home/airflow/.local/lib/python3.8/site-packages/airflow/example_dags/tutorial.py
[2026-04-08T14:39:16.852+0000] {logging_mixin.py:188} INFO - [2026-04-08T14:39:16.852+0000] {dag.py:3033} INFO - Sync 1 DAGs
[2026-04-08T14:39:16.879+0000] {logging_mixin.py:188} INFO - [2026-04-08T14:39:16.879+0000] {dag.py:3820} INFO - Setting next_dagrun for tutorial to 2026-04-07T00:00:00+00:00, run_after=2026-04-08T00:00:00+00:00
[2026-04-08T14:39:16.901+0000] {processor.py:183} INFO - Processing /home/airflow/.local/lib/python3.8/site-packages/airflow/example_dags/tutorial.py took 0.086 seconds
[2026-04-08T14:39:47.400+0000] {processor.py:161} INFO - Started process (PID=1762) to work on /home/airflow/.local/lib/python3.8/site-packages/airflow/example_dags/tutorial.py
[2026-04-08T14:39:47.401+0000] {processor.py:830} INFO - Processing file /home/airflow/.local/lib/python3.8/site-packages/airflow/example_dags/tutorial.py for tasks to queue
[2026-04-08T14:39:47.404+0000] {logging_mixin.py:188} INFO - [2026-04-08T14:39:47.403+0000] {dagbag.py:538} INFO - Filling up the DagBag from /home/airflow/.local/lib/python3.8/site-packages/airflow/example_dags/tutorial.py
[2026-04-08T14:39:47.411+0000] {processor.py:840} INFO - DAG(s) 'tutorial' retrieved from /home/airflow/.local/lib/python3.8/site-packages/airflow/example_dags/tutorial.py
[2026-04-08T14:39:47.436+0000] {logging_mixin.py:188} INFO - [2026-04-08T14:39:47.436+0000] {dag.py:3033} INFO - Sync 1 DAGs
[2026-04-08T14:39:47.463+0000] {logging_mixin.py:188} INFO - [2026-04-08T14:39:47.463+0000] {dag.py:3820} INFO - Setting next_dagrun for tutorial to 2026-04-07T00:00:00+00:00, run_after=2026-04-08T00:00:00+00:00
[2026-04-08T14:39:47.481+0000] {processor.py:183} INFO - Processing /home/airflow/.local/lib/python3.8/site-packages/airflow/example_dags/tutorial.py took 0.084 seconds
[2026-04-08T14:40:18.268+0000] {processor.py:161} INFO - Started process (PID=1823) to work on /home/airflow/.local/lib/python3.8/site-packages/airflow/example_dags/tutorial.py
[2026-04-08T14:40:18.269+0000] {processor.py:830} INFO - Processing file /home/airflow/.local/lib/python3.8/site-packages/airflow/example_dags/tutorial.py for tasks to queue
[2026-04-08T14:40:18.272+0000] {logging_mixin.py:188} INFO - [2026-04-08T14:40:18.271+0000] {dagbag.py:538} INFO - Filling up the DagBag from /home/airflow/.local/lib/python3.8/site-packages/airflow/example_dags/tutorial.py
[2026-04-08T14:40:18.281+0000] {processor.py:840} INFO - DAG(s) 'tutorial' retrieved from /home/airflow/.local/lib/python3.8/site-packages/airflow/example_dags/tutorial.py
[2026-04-08T14:40:18.306+0000] {logging_mixin.py:188} INFO - [2026-04-08T14:40:18.305+0000] {dag.py:3033} INFO - Sync 1 DAGs
[2026-04-08T14:40:18.348+0000] {logging_mixin.py:188} INFO - [2026-04-08T14:40:18.347+0000] {dag.py:3820} INFO - Setting next_dagrun for tutorial to 2026-04-07T00:00:00+00:00, run_after=2026-04-08T00:00:00+00:00
[2026-04-08T14:40:18.392+0000] {processor.py:183} INFO - Processing /home/airflow/.local/lib/python3.8/site-packages/airflow/example_dags/tutorial.py took 0.127 seconds
[2026-04-08T14:40:48.557+0000] {processor.py:161} INFO - Started process (PID=1883) to work on /home/airflow/.local/lib/python3.8/site-packages/airflow/example_dags/tutorial.py
[2026-04-08T14:40:48.558+0000] {processor.py:830} INFO - Processing file /home/airflow/.local/lib/python3.8/site-packages/airflow/example_dags/tutorial.py for tasks to queue
[2026-04-08T14:40:48.562+0000] {logging_mixin.py:188} INFO - [2026-04-08T14:40:48.561+0000] {dagbag.py:538} INFO - Filling up the DagBag from /home/airflow/.local/lib/python3.8/site-packages/airflow/example_dags/tutorial.py
[2026-04-08T14:40:48.569+0000] {processor.py:840} INFO - DAG(s) 'tutorial' retrieved from /home/airflow/.local/lib/python3.8/site-packages/airflow/example_dags/tutorial.py
[2026-04-08T14:40:48.593+0000] {logging_mixin.py:188} INFO - [2026-04-08T14:40:48.593+0000] {dag.py:3033} INFO - Sync 1 DAGs
[2026-04-08T14:40:48.620+0000] {logging_mixin.py:188} INFO - [2026-04-08T14:40:48.620+0000] {dag.py:3820} INFO - Setting next_dagrun for tutorial to 2026-04-07T00:00:00+00:00, run_after=2026-04-08T00:00:00+00:00
[2026-04-08T14:40:48.642+0000] {processor.py:183} INFO - Processing /home/airflow/.local/lib/python3.8/site-packages/airflow/example_dags/tutorial.py took 0.088 seconds
[2026-04-08T14:41:19.045+0000] {processor.py:161} INFO - Started process (PID=1944) to work on /home/airflow/.local/lib/python3.8/site-packages/airflow/example_dags/tutorial.py
[2026-04-08T14:41:19.046+0000] {processor.py:830} INFO - Processing file /home/airflow/.local/lib/python3.8/site-packages/airflow/example_dags/tutorial.py for tasks to queue
[2026-04-08T14:41:19.048+0000] {logging_mixin.py:188} INFO - [2026-04-08T14:41:19.048+0000] {dagbag.py:538} INFO - Filling up the DagBag from /home/airflow/.local/lib/python3.8/site-packages/airflow/example_dags/tutorial.py
[2026-04-08T14:41:19.054+0000] {processor.py:840} INFO - DAG(s) 'tutorial' retrieved from /home/airflow/.local/lib/python3.8/site-packages/airflow/example_dags/tutorial.py
[2026-04-08T14:41:19.079+0000] {logging_mixin.py:188} INFO - [2026-04-08T14:41:19.079+0000] {dag.py:3033} INFO - Sync 1 DAGs
[2026-04-08T14:41:19.106+0000] {logging_mixin.py:188} INFO - [2026-04-08T14:41:19.106+0000] {dag.py:3820} INFO - Setting next_dagrun for tutorial to 2026-04-07T00:00:00+00:00, run_after=2026-04-08T00:00:00+00:00
[2026-04-08T14:41:19.129+0000] {processor.py:183} INFO - Processing /home/airflow/.local/lib/python3.8/site-packages/airflow/example_dags/tutorial.py took 0.089 seconds
[2026-04-08T14:41:50.061+0000] {processor.py:161} INFO - Started process (PID=2005) to work on /home/airflow/.local/lib/python3.8/site-packages/airflow/example_dags/tutorial.py
[2026-04-08T14:41:50.062+0000] {processor.py:830} INFO - Processing file /home/airflow/.local/lib/python3.8/site-packages/airflow/example_dags/tutorial.py for tasks to queue
[2026-04-08T14:41:50.065+0000] {logging_mixin.py:188} INFO - [2026-04-08T14:41:50.065+0000] {dagbag.py:538} INFO - Filling up the DagBag from /home/airflow/.local/lib/python3.8/site-packages/airflow/example_dags/tutorial.py
[2026-04-08T14:41:50.083+0000] {processor.py:840} INFO - DAG(s) 'tutorial' retrieved from /home/airflow/.local/lib/python3.8/site-packages/airflow/example_dags/tutorial.py
[2026-04-08T14:41:50.136+0000] {logging_mixin.py:188} INFO - [2026-04-08T14:41:50.136+0000] {dag.py:3033} INFO - Sync 1 DAGs
[2026-04-08T14:41:50.172+0000] {logging_mixin.py:188} INFO - [2026-04-08T14:41:50.172+0000] {dag.py:3820} INFO - Setting next_dagrun for tutorial to 2026-04-07T00:00:00+00:00, run_after=2026-04-08T00:00:00+00:00
[2026-04-08T14:41:50.214+0000] {processor.py:183} INFO - Processing /home/airflow/.local/lib/python3.8/site-packages/airflow/example_dags/tutorial.py took 0.156 seconds
[2026-04-08T14:42:22.861+0000] {processor.py:161} INFO - Started process (PID=2066) to work on /home/airflow/.local/lib/python3.8/site-packages/airflow/example_dags/tutorial.py
[2026-04-08T14:42:22.866+0000] {processor.py:830} INFO - Processing file /home/airflow/.local/lib/python3.8/site-packages/airflow/example_dags/tutorial.py for tasks to queue
[2026-04-08T14:42:22.882+0000] {logging_mixin.py:188} INFO - [2026-04-08T14:42:22.876+0000] {dagbag.py:538} INFO - Filling up the DagBag from /home/airflow/.local/lib/python3.8/site-packages/airflow/example_dags/tutorial.py
[2026-04-08T14:42:22.907+0000] {processor.py:840} INFO - DAG(s) 'tutorial' retrieved from /home/airflow/.local/lib/python3.8/site-packages/airflow/example_dags/tutorial.py
[2026-04-08T14:42:22.948+0000] {logging_mixin.py:188} INFO - [2026-04-08T14:42:22.948+0000] {dag.py:3033} INFO - Sync 1 DAGs
[2026-04-08T14:42:22.974+0000] {logging_mixin.py:188} INFO - [2026-04-08T14:42:22.974+0000] {dag.py:3820} INFO - Setting next_dagrun for tutorial to 2026-04-07T00:00:00+00:00, run_after=2026-04-08T00:00:00+00:00
[2026-04-08T14:42:22.996+0000] {processor.py:183} INFO - Processing /home/airflow/.local/lib/python3.8/site-packages/airflow/example_dags/tutorial.py took 0.148 seconds
[2026-04-08T14:42:53.557+0000] {processor.py:161} INFO - Started process (PID=2127) to work on /home/airflow/.local/lib/python3.8/site-packages/airflow/example_dags/tutorial.py
[2026-04-08T14:42:53.564+0000] {processor.py:830} INFO - Processing file /home/airflow/.local/lib/python3.8/site-packages/airflow/example_dags/tutorial.py for tasks to queue
[2026-04-08T14:42:53.573+0000] {logging_mixin.py:188} INFO - [2026-04-08T14:42:53.571+0000] {dagbag.py:538} INFO - Filling up the DagBag from /home/airflow/.local/lib/python3.8/site-packages/airflow/example_dags/tutorial.py
[2026-04-08T14:42:53.597+0000] {processor.py:840} INFO - DAG(s) 'tutorial' retrieved from /home/airflow/.local/lib/python3.8/site-packages/airflow/example_dags/tutorial.py
[2026-04-08T14:42:53.692+0000] {logging_mixin.py:188} INFO - [2026-04-08T14:42:53.691+0000] {dag.py:3033} INFO - Sync 1 DAGs
[2026-04-08T14:42:53.937+0000] {logging_mixin.py:188} INFO - [2026-04-08T14:42:53.933+0000] {dag.py:3820} INFO - Setting next_dagrun for tutorial to 2026-04-07T00:00:00+00:00, run_after=2026-04-08T00:00:00+00:00
[2026-04-08T14:42:54.207+0000] {processor.py:183} INFO - Processing /home/airflow/.local/lib/python3.8/site-packages/airflow/example_dags/tutorial.py took 0.668 seconds
[2026-04-08T14:43:24.658+0000] {processor.py:161} INFO - Started process (PID=2194) to work on /home/airflow/.local/lib/python3.8/site-packages/airflow/example_dags/tutorial.py
[2026-04-08T14:43:24.659+0000] {processor.py:830} INFO - Processing file /home/airflow/.local/lib/python3.8/site-packages/airflow/example_dags/tutorial.py for tasks to queue
[2026-04-08T14:43:24.662+0000] {logging_mixin.py:188} INFO - [2026-04-08T14:43:24.662+0000] {dagbag.py:538} INFO - Filling up the DagBag from /home/airflow/.local/lib/python3.8/site-packages/airflow/example_dags/tutorial.py
[2026-04-08T14:43:24.669+0000] {processor.py:840} INFO - DAG(s) 'tutorial' retrieved from /home/airflow/.local/lib/python3.8/site-packages/airflow/example_dags/tutorial.py
[2026-04-08T14:43:24.692+0000] {logging_mixin.py:188} INFO - [2026-04-08T14:43:24.692+0000] {dag.py:3033} INFO - Sync 1 DAGs
[2026-04-08T14:43:24.723+0000] {logging_mixin.py:188} INFO - [2026-04-08T14:43:24.723+0000] {dag.py:3820} INFO - Setting next_dagrun for tutorial to 2026-04-07T00:00:00+00:00, run_after=2026-04-08T00:00:00+00:00
[2026-04-08T14:43:24.749+0000] {processor.py:183} INFO - Processing /home/airflow/.local/lib/python3.8/site-packages/airflow/example_dags/tutorial.py took 0.094 seconds
[2026-04-08T14:43:55.078+0000] {processor.py:161} INFO - Started process (PID=2255) to work on /home/airflow/.local/lib/python3.8/site-packages/airflow/example_dags/tutorial.py
[2026-04-08T14:43:55.079+0000] {processor.py:830} INFO - Processing file /home/airflow/.local/lib/python3.8/site-packages/airflow/example_dags/tutorial.py for tasks to queue
[2026-04-08T14:43:55.087+0000] {logging_mixin.py:188} INFO - [2026-04-08T14:43:55.087+0000] {dagbag.py:538} INFO - Filling up the DagBag from /home/airflow/.local/lib/python3.8/site-packages/airflow/example_dags/tutorial.py
[2026-04-08T14:43:55.125+0000] {processor.py:840} INFO - DAG(s) 'tutorial' retrieved from /home/airflow/.local/lib/python3.8/site-packages/airflow/example_dags/tutorial.py
[2026-04-08T14:43:55.153+0000] {logging_mixin.py:188} INFO - [2026-04-08T14:43:55.153+0000] {dag.py:3033} INFO - Sync 1 DAGs
[2026-04-08T14:43:55.197+0000] {logging_mixin.py:188} INFO - [2026-04-08T14:43:55.193+0000] {dag.py:3820} INFO - Setting next_dagrun for tutorial to 2026-04-07T00:00:00+00:00, run_after=2026-04-08T00:00:00+00:00
[2026-04-08T14:43:55.228+0000] {processor.py:183} INFO - Processing /home/airflow/.local/lib/python3.8/site-packages/airflow/example_dags/tutorial.py took 0.170 seconds
[2026-04-08T14:44:26.017+0000] {processor.py:161} INFO - Started process (PID=2317) to work on /home/airflow/.local/lib/python3.8/site-packages/airflow/example_dags/tutorial.py
[2026-04-08T14:44:26.018+0000] {processor.py:830} INFO - Processing file /home/airflow/.local/lib/python3.8/site-packages/airflow/example_dags/tutorial.py for tasks to queue
[2026-04-08T14:44:26.020+0000] {logging_mixin.py:188} INFO - [2026-04-08T14:44:26.020+0000] {dagbag.py:538} INFO - Filling up the DagBag from /home/airflow/.local/lib/python3.8/site-packages/airflow/example_dags/tutorial.py
[2026-04-08T14:44:26.027+0000] {processor.py:840} INFO - DAG(s) 'tutorial' retrieved from /home/airflow/.local/lib/python3.8/site-packages/airflow/example_dags/tutorial.py
[2026-04-08T14:44:26.049+0000] {logging_mixin.py:188} INFO - [2026-04-08T14:44:26.049+0000] {dag.py:3033} INFO - Sync 1 DAGs
[2026-04-08T14:44:26.076+0000] {logging_mixin.py:188} INFO - [2026-04-08T14:44:26.076+0000] {dag.py:3820} INFO - Setting next_dagrun for tutorial to 2026-04-07T00:00:00+00:00, run_after=2026-04-08T00:00:00+00:00
[2026-04-08T14:44:26.106+0000] {processor.py:183} INFO - Processing /home/airflow/.local/lib/python3.8/site-packages/airflow/example_dags/tutorial.py took 0.093 seconds
[2026-04-08T14:44:57.125+0000] {processor.py:161} INFO - Started process (PID=2378) to work on /home/airflow/.local/lib/python3.8/site-packages/airflow/example_dags/tutorial.py
[2026-04-08T14:44:57.126+0000] {processor.py:830} INFO - Processing file /home/airflow/.local/lib/python3.8/site-packages/airflow/example_dags/tutorial.py for tasks to queue
[2026-04-08T14:44:57.128+0000] {logging_mixin.py:188} INFO - [2026-04-08T14:44:57.128+0000] {dagbag.py:538} INFO - Filling up the DagBag from /home/airflow/.local/lib/python3.8/site-packages/airflow/example_dags/tutorial.py
[2026-04-08T14:44:57.135+0000] {processor.py:840} INFO - DAG(s) 'tutorial' retrieved from /home/airflow/.local/lib/python3.8/site-packages/airflow/example_dags/tutorial.py
[2026-04-08T14:44:57.156+0000] {logging_mixin.py:188} INFO - [2026-04-08T14:44:57.156+0000] {dag.py:3033} INFO - Sync 1 DAGs
[2026-04-08T14:44:57.181+0000] {logging_mixin.py:188} INFO - [2026-04-08T14:44:57.181+0000] {dag.py:3820} INFO - Setting next_dagrun for tutorial to 2026-04-07T00:00:00+00:00, run_after=2026-04-08T00:00:00+00:00
[2026-04-08T14:44:57.201+0000] {processor.py:183} INFO - Processing /home/airflow/.local/lib/python3.8/site-packages/airflow/example_dags/tutorial.py took 0.080 seconds
[2026-04-08T14:45:28.051+0000] {processor.py:161} INFO - Started process (PID=2439) to work on /home/airflow/.local/lib/python3.8/site-packages/airflow/example_dags/tutorial.py
[2026-04-08T14:45:28.052+0000] {processor.py:830} INFO - Processing file /home/airflow/.local/lib/python3.8/site-packages/airflow/example_dags/tutorial.py for tasks to queue
[2026-04-08T14:45:28.058+0000] {logging_mixin.py:188} INFO - [2026-04-08T14:45:28.058+0000] {dagbag.py:538} INFO - Filling up the DagBag from /home/airflow/.local/lib/python3.8/site-packages/airflow/example_dags/tutorial.py
[2026-04-08T14:45:28.079+0000] {processor.py:840} INFO - DAG(s) 'tutorial' retrieved from /home/airflow/.local/lib/python3.8/site-packages/airflow/example_dags/tutorial.py
[2026-04-08T14:45:28.130+0000] {logging_mixin.py:188} INFO - [2026-04-08T14:45:28.130+0000] {dag.py:3033} INFO - Sync 1 DAGs
[2026-04-08T14:45:28.174+0000] {logging_mixin.py:188} INFO - [2026-04-08T14:45:28.173+0000] {dag.py:3820} INFO - Setting next_dagrun for tutorial to 2026-04-07T00:00:00+00:00, run_after=2026-04-08T00:00:00+00:00
[2026-04-08T14:45:28.204+0000] {processor.py:183} INFO - Processing /home/airflow/.local/lib/python3.8/site-packages/airflow/example_dags/tutorial.py took 0.166 seconds
[2026-04-08T14:45:58.976+0000] {processor.py:161} INFO - Started process (PID=2500) to work on /home/airflow/.local/lib/python3.8/site-packages/airflow/example_dags/tutorial.py
[2026-04-08T14:45:58.978+0000] {processor.py:830} INFO - Processing file /home/airflow/.local/lib/python3.8/site-packages/airflow/example_dags/tutorial.py for tasks to queue
[2026-04-08T14:45:58.982+0000] {logging_mixin.py:188} INFO - [2026-04-08T14:45:58.982+0000] {dagbag.py:538} INFO - Filling up the DagBag from /home/airflow/.local/lib/python3.8/site-packages/airflow/example_dags/tutorial.py
[2026-04-08T14:45:59.015+0000] {processor.py:840} INFO - DAG(s) 'tutorial' retrieved from /home/airflow/.local/lib/python3.8/site-packages/airflow/example_dags/tutorial.py
[2026-04-08T14:45:59.044+0000] {logging_mixin.py:188} INFO - [2026-04-08T14:45:59.044+0000] {dag.py:3033} INFO - Sync 1 DAGs
[2026-04-08T14:45:59.073+0000] {logging_mixin.py:188} INFO - [2026-04-08T14:45:59.073+0000] {dag.py:3820} INFO - Setting next_dagrun for tutorial to 2026-04-07T00:00:00+00:00, run_after=2026-04-08T00:00:00+00:00
[2026-04-08T14:45:59.093+0000] {processor.py:183} INFO - Processing /home/airflow/.local/lib/python3.8/site-packages/airflow/example_dags/tutorial.py took 0.127 seconds
[2026-04-08T14:46:29.881+0000] {processor.py:161} INFO - Started process (PID=2562) to work on /home/airflow/.local/lib/python3.8/site-packages/airflow/example_dags/tutorial.py
[2026-04-08T14:46:29.883+0000] {processor.py:830} INFO - Processing file /home/airflow/.local/lib/python3.8/site-packages/airflow/example_dags/tutorial.py for tasks to queue
[2026-04-08T14:46:29.889+0000] {logging_mixin.py:188} INFO - [2026-04-08T14:46:29.889+0000] {dagbag.py:538} INFO - Filling up the DagBag from /home/airflow/.local/lib/python3.8/site-packages/airflow/example_dags/tutorial.py
[2026-04-08T14:46:29.912+0000] {processor.py:840} INFO - DAG(s) 'tutorial' retrieved from /home/airflow/.local/lib/python3.8/site-packages/airflow/example_dags/tutorial.py
[2026-04-08T14:46:30.036+0000] {logging_mixin.py:188} INFO - [2026-04-08T14:46:30.036+0000] {dag.py:3033} INFO - Sync 1 DAGs
[2026-04-08T14:46:30.099+0000] {logging_mixin.py:188} INFO - [2026-04-08T14:46:30.099+0000] {dag.py:3820} INFO - Setting next_dagrun for tutorial to 2026-04-07T00:00:00+00:00, run_after=2026-04-08T00:00:00+00:00
[2026-04-08T14:46:30.130+0000] {processor.py:183} INFO - Processing /home/airflow/.local/lib/python3.8/site-packages/airflow/example_dags/tutorial.py took 0.256 seconds
[2026-04-08T14:47:00.341+0000] {processor.py:161} INFO - Started process (PID=2623) to work on /home/airflow/.local/lib/python3.8/site-packages/airflow/example_dags/tutorial.py
[2026-04-08T14:47:00.344+0000] {processor.py:830} INFO - Processing file /home/airflow/.local/lib/python3.8/site-packages/airflow/example_dags/tutorial.py for tasks to queue
[2026-04-08T14:47:00.353+0000] {logging_mixin.py:188} INFO - [2026-04-08T14:47:00.352+0000] {dagbag.py:538} INFO - Filling up the DagBag from /home/airflow/.local/lib/python3.8/site-packages/airflow/example_dags/tutorial.py
[2026-04-08T14:47:00.381+0000] {processor.py:840} INFO - DAG(s) 'tutorial' retrieved from /home/airflow/.local/lib/python3.8/site-packages/airflow/example_dags/tutorial.py
[2026-04-08T14:47:00.424+0000] {logging_mixin.py:188} INFO - [2026-04-08T14:47:00.424+0000] {dag.py:3033} INFO - Sync 1 DAGs
[2026-04-08T14:47:00.493+0000] {logging_mixin.py:188} INFO - [2026-04-08T14:47:00.493+0000] {dag.py:3820} INFO - Setting next_dagrun for tutorial to 2026-04-07T00:00:00+00:00, run_after=2026-04-08T00:00:00+00:00
[2026-04-08T14:47:00.545+0000] {processor.py:183} INFO - Processing /home/airflow/.local/lib/python3.8/site-packages/airflow/example_dags/tutorial.py took 0.218 seconds
[2026-04-08T14:47:31.446+0000] {processor.py:161} INFO - Started process (PID=2684) to work on /home/airflow/.local/lib/python3.8/site-packages/airflow/example_dags/tutorial.py
[2026-04-08T14:47:31.447+0000] {processor.py:830} INFO - Processing file /home/airflow/.local/lib/python3.8/site-packages/airflow/example_dags/tutorial.py for tasks to queue
[2026-04-08T14:47:31.451+0000] {logging_mixin.py:188} INFO - [2026-04-08T14:47:31.451+0000] {dagbag.py:538} INFO - Filling up the DagBag from /home/airflow/.local/lib/python3.8/site-packages/airflow/example_dags/tutorial.py
[2026-04-08T14:47:31.458+0000] {processor.py:840} INFO - DAG(s) 'tutorial' retrieved from /home/airflow/.local/lib/python3.8/site-packages/airflow/example_dags/tutorial.py
[2026-04-08T14:47:31.479+0000] {logging_mixin.py:188} INFO - [2026-04-08T14:47:31.478+0000] {dag.py:3033} INFO - Sync 1 DAGs
[2026-04-08T14:47:31.505+0000] {logging_mixin.py:188} INFO - [2026-04-08T14:47:31.505+0000] {dag.py:3820} INFO - Setting next_dagrun for tutorial to 2026-04-07T00:00:00+00:00, run_after=2026-04-08T00:00:00+00:00
[2026-04-08T14:47:31.525+0000] {processor.py:183} INFO - Processing /home/airflow/.local/lib/python3.8/site-packages/airflow/example_dags/tutorial.py took 0.083 seconds
[2026-04-08T14:48:01.720+0000] {processor.py:161} INFO - Started process (PID=2745) to work on /home/airflow/.local/lib/python3.8/site-packages/airflow/example_dags/tutorial.py
[2026-04-08T14:48:01.722+0000] {processor.py:830} INFO - Processing file /home/airflow/.local/lib/python3.8/site-packages/airflow/example_dags/tutorial.py for tasks to queue
[2026-04-08T14:48:01.727+0000] {logging_mixin.py:188} INFO - [2026-04-08T14:48:01.726+0000] {dagbag.py:538} INFO - Filling up the DagBag from /home/airflow/.local/lib/python3.8/site-packages/airflow/example_dags/tutorial.py
[2026-04-08T14:48:01.743+0000] {processor.py:840} INFO - DAG(s) 'tutorial' retrieved from /home/airflow/.local/lib/python3.8/site-packages/airflow/example_dags/tutorial.py
[2026-04-08T14:48:01.790+0000] {logging_mixin.py:188} INFO - [2026-04-08T14:48:01.789+0000] {dag.py:3033} INFO - Sync 1 DAGs
[2026-04-08T14:48:01.852+0000] {logging_mixin.py:188} INFO - [2026-04-08T14:48:01.851+0000] {dag.py:3820} INFO - Setting next_dagrun for tutorial to 2026-04-07T00:00:00+00:00, run_after=2026-04-08T00:00:00+00:00
[2026-04-08T14:48:01.907+0000] {processor.py:183} INFO - Processing /home/airflow/.local/lib/python3.8/site-packages/airflow/example_dags/tutorial.py took 0.198 seconds
[2026-04-08T14:48:32.585+0000] {processor.py:161} INFO - Started process (PID=2806) to work on /home/airflow/.local/lib/python3.8/site-packages/airflow/example_dags/tutorial.py
[2026-04-08T14:48:32.586+0000] {processor.py:830} INFO - Processing file /home/airflow/.local/lib/python3.8/site-packages/airflow/example_dags/tutorial.py for tasks to queue
[2026-04-08T14:48:32.588+0000] {logging_mixin.py:188} INFO - [2026-04-08T14:48:32.588+0000] {dagbag.py:538} INFO - Filling up the DagBag from /home/airflow/.local/lib/python3.8/site-packages/airflow/example_dags/tutorial.py
[2026-04-08T14:48:32.596+0000] {processor.py:840} INFO - DAG(s) 'tutorial' retrieved from /home/airflow/.local/lib/python3.8/site-packages/airflow/example_dags/tutorial.py
[2026-04-08T14:48:32.620+0000] {logging_mixin.py:188} INFO - [2026-04-08T14:48:32.620+0000] {dag.py:3033} INFO - Sync 1 DAGs
[2026-04-08T14:48:32.647+0000] {logging_mixin.py:188} INFO - [2026-04-08T14:48:32.647+0000] {dag.py:3820} INFO - Setting next_dagrun for tutorial to 2026-04-07T00:00:00+00:00, run_after=2026-04-08T00:00:00+00:00
[2026-04-08T14:48:32.673+0000] {processor.py:183} INFO - Processing /home/airflow/.local/lib/python3.8/site-packages/airflow/example_dags/tutorial.py took 0.092 seconds
[2026-04-08T14:49:03.048+0000] {processor.py:161} INFO - Started process (PID=2867) to work on /home/airflow/.local/lib/python3.8/site-packages/airflow/example_dags/tutorial.py
[2026-04-08T14:49:03.052+0000] {processor.py:830} INFO - Processing file /home/airflow/.local/lib/python3.8/site-packages/airflow/example_dags/tutorial.py for tasks to queue
[2026-04-08T14:49:03.059+0000] {logging_mixin.py:188} INFO - [2026-04-08T14:49:03.058+0000] {dagbag.py:538} INFO - Filling up the DagBag from /home/airflow/.local/lib/python3.8/site-packages/airflow/example_dags/tutorial.py
[2026-04-08T14:49:03.078+0000] {processor.py:840} INFO - DAG(s) 'tutorial' retrieved from /home/airflow/.local/lib/python3.8/site-packages/airflow/example_dags/tutorial.py
[2026-04-08T14:49:03.134+0000] {logging_mixin.py:188} INFO - [2026-04-08T14:49:03.133+0000] {dag.py:3033} INFO - Sync 1 DAGs
[2026-04-08T14:49:03.210+0000] {logging_mixin.py:188} INFO - [2026-04-08T14:49:03.210+0000] {dag.py:3820} INFO - Setting next_dagrun for tutorial to 2026-04-07T00:00:00+00:00, run_after=2026-04-08T00:00:00+00:00
[2026-04-08T14:49:03.261+0000] {processor.py:183} INFO - Processing /home/airflow/.local/lib/python3.8/site-packages/airflow/example_dags/tutorial.py took 0.222 seconds
[2026-04-08T14:49:34.179+0000] {processor.py:161} INFO - Started process (PID=2928) to work on /home/airflow/.local/lib/python3.8/site-packages/airflow/example_dags/tutorial.py
[2026-04-08T14:49:34.182+0000] {processor.py:830} INFO - Processing file /home/airflow/.local/lib/python3.8/site-packages/airflow/example_dags/tutorial.py for tasks to queue
[2026-04-08T14:49:34.190+0000] {logging_mixin.py:188} INFO - [2026-04-08T14:49:34.189+0000] {dagbag.py:538} INFO - Filling up the DagBag from /home/airflow/.local/lib/python3.8/site-packages/airflow/example_dags/tutorial.py
[2026-04-08T14:49:34.212+0000] {processor.py:840} INFO - DAG(s) 'tutorial' retrieved from /home/airflow/.local/lib/python3.8/site-packages/airflow/example_dags/tutorial.py
[2026-04-08T14:49:34.257+0000] {logging_mixin.py:188} INFO - [2026-04-08T14:49:34.257+0000] {dag.py:3033} INFO - Sync 1 DAGs
[2026-04-08T14:49:34.308+0000] {logging_mixin.py:188} INFO - [2026-04-08T14:49:34.307+0000] {dag.py:3820} INFO - Setting next_dagrun for tutorial to 2026-04-07T00:00:00+00:00, run_after=2026-04-08T00:00:00+00:00
[2026-04-08T14:49:34.359+0000] {processor.py:183} INFO - Processing /home/airflow/.local/lib/python3.8/site-packages/airflow/example_dags/tutorial.py took 0.200 seconds
[2026-04-08T14:50:04.637+0000] {processor.py:161} INFO - Started process (PID=2989) to work on /home/airflow/.local/lib/python3.8/site-packages/airflow/example_dags/tutorial.py
[2026-04-08T14:50:04.638+0000] {processor.py:830} INFO - Processing file /home/airflow/.local/lib/python3.8/site-packages/airflow/example_dags/tutorial.py for tasks to queue
[2026-04-08T14:50:04.642+0000] {logging_mixin.py:188} INFO - [2026-04-08T14:50:04.640+0000] {dagbag.py:538} INFO - Filling up the DagBag from /home/airflow/.local/lib/python3.8/site-packages/airflow/example_dags/tutorial.py
[2026-04-08T14:50:04.648+0000] {processor.py:840} INFO - DAG(s) 'tutorial' retrieved from /home/airflow/.local/lib/python3.8/site-packages/airflow/example_dags/tutorial.py
[2026-04-08T14:50:04.671+0000] {logging_mixin.py:188} INFO - [2026-04-08T14:50:04.671+0000] {dag.py:3033} INFO - Sync 1 DAGs
[2026-04-08T14:50:04.699+0000] {logging_mixin.py:188} INFO - [2026-04-08T14:50:04.698+0000] {dag.py:3820} INFO - Setting next_dagrun for tutorial to 2026-04-07T00:00:00+00:00, run_after=2026-04-08T00:00:00+00:00
[2026-04-08T14:50:04.719+0000] {processor.py:183} INFO - Processing /home/airflow/.local/lib/python3.8/site-packages/airflow/example_dags/tutorial.py took 0.088 seconds
[2026-04-08T14:50:35.336+0000] {processor.py:161} INFO - Started process (PID=3050) to work on /home/airflow/.local/lib/python3.8/site-packages/airflow/example_dags/tutorial.py
[2026-04-08T14:50:35.339+0000] {processor.py:830} INFO - Processing file /home/airflow/.local/lib/python3.8/site-packages/airflow/example_dags/tutorial.py for tasks to queue
[2026-04-08T14:50:35.341+0000] {logging_mixin.py:188} INFO - [2026-04-08T14:50:35.341+0000] {dagbag.py:538} INFO - Filling up the DagBag from /home/airflow/.local/lib/python3.8/site-packages/airflow/example_dags/tutorial.py
[2026-04-08T14:50:35.349+0000] {processor.py:840} INFO - DAG(s) 'tutorial' retrieved from /home/airflow/.local/lib/python3.8/site-packages/airflow/example_dags/tutorial.py
[2026-04-08T14:50:35.490+0000] {logging_mixin.py:188} INFO - [2026-04-08T14:50:35.489+0000] {dag.py:3033} INFO - Sync 1 DAGs
[2026-04-08T14:50:35.586+0000] {logging_mixin.py:188} INFO - [2026-04-08T14:50:35.586+0000] {dag.py:3820} INFO - Setting next_dagrun for tutorial to 2026-04-07T00:00:00+00:00, run_after=2026-04-08T00:00:00+00:00
[2026-04-08T14:50:35.626+0000] {processor.py:183} INFO - Processing /home/airflow/.local/lib/python3.8/site-packages/airflow/example_dags/tutorial.py took 0.307 seconds
[2026-04-08T14:51:05.710+0000] {processor.py:161} INFO - Started process (PID=3111) to work on /home/airflow/.local/lib/python3.8/site-packages/airflow/example_dags/tutorial.py
[2026-04-08T14:51:05.711+0000] {processor.py:830} INFO - Processing file /home/airflow/.local/lib/python3.8/site-packages/airflow/example_dags/tutorial.py for tasks to queue
[2026-04-08T14:51:05.713+0000] {logging_mixin.py:188} INFO - [2026-04-08T14:51:05.713+0000] {dagbag.py:538} INFO - Filling up the DagBag from /home/airflow/.local/lib/python3.8/site-packages/airflow/example_dags/tutorial.py
[2026-04-08T14:51:05.721+0000] {processor.py:840} INFO - DAG(s) 'tutorial' retrieved from /home/airflow/.local/lib/python3.8/site-packages/airflow/example_dags/tutorial.py
[2026-04-08T14:51:05.743+0000] {logging_mixin.py:188} INFO - [2026-04-08T14:51:05.743+0000] {dag.py:3033} INFO - Sync 1 DAGs
[2026-04-08T14:51:05.773+0000] {logging_mixin.py:188} INFO - [2026-04-08T14:51:05.772+0000] {dag.py:3820} INFO - Setting next_dagrun for tutorial to 2026-04-07T00:00:00+00:00, run_after=2026-04-08T00:00:00+00:00
[2026-04-08T14:51:05.796+0000] {processor.py:183} INFO - Processing /home/airflow/.local/lib/python3.8/site-packages/airflow/example_dags/tutorial.py took 0.090 seconds
[2026-04-08T14:51:36.422+0000] {processor.py:161} INFO - Started process (PID=3172) to work on /home/airflow/.local/lib/python3.8/site-packages/airflow/example_dags/tutorial.py
[2026-04-08T14:51:36.425+0000] {processor.py:830} INFO - Processing file /home/airflow/.local/lib/python3.8/site-packages/airflow/example_dags/tutorial.py for tasks to queue
[2026-04-08T14:51:36.427+0000] {logging_mixin.py:188} INFO - [2026-04-08T14:51:36.427+0000] {dagbag.py:538} INFO - Filling up the DagBag from /home/airflow/.local/lib/python3.8/site-packages/airflow/example_dags/tutorial.py
[2026-04-08T14:51:36.434+0000] {processor.py:840} INFO - DAG(s) 'tutorial' retrieved from /home/airflow/.local/lib/python3.8/site-packages/airflow/example_dags/tutorial.py
[2026-04-08T14:51:36.456+0000] {logging_mixin.py:188} INFO - [2026-04-08T14:51:36.456+0000] {dag.py:3033} INFO - Sync 1 DAGs
[2026-04-08T14:51:36.494+0000] {logging_mixin.py:188} INFO - [2026-04-08T14:51:36.494+0000] {dag.py:3820} INFO - Setting next_dagrun for tutorial to 2026-04-07T00:00:00+00:00, run_after=2026-04-08T00:00:00+00:00
[2026-04-08T14:51:36.515+0000] {processor.py:183} INFO - Processing /home/airflow/.local/lib/python3.8/site-packages/airflow/example_dags/tutorial.py took 0.098 seconds
[2026-04-08T14:52:06.607+0000] {processor.py:161} INFO - Started process (PID=3233) to work on /home/airflow/.local/lib/python3.8/site-packages/airflow/example_dags/tutorial.py
[2026-04-08T14:52:06.608+0000] {processor.py:830} INFO - Processing file /home/airflow/.local/lib/python3.8/site-packages/airflow/example_dags/tutorial.py for tasks to queue
[2026-04-08T14:52:06.610+0000] {logging_mixin.py:188} INFO - [2026-04-08T14:52:06.610+0000] {dagbag.py:538} INFO - Filling up the DagBag from /home/airflow/.local/lib/python3.8/site-packages/airflow/example_dags/tutorial.py
[2026-04-08T14:52:06.617+0000] {processor.py:840} INFO - DAG(s) 'tutorial' retrieved from /home/airflow/.local/lib/python3.8/site-packages/airflow/example_dags/tutorial.py
[2026-04-08T14:52:06.640+0000] {logging_mixin.py:188} INFO - [2026-04-08T14:52:06.639+0000] {dag.py:3033} INFO - Sync 1 DAGs
[2026-04-08T14:52:06.666+0000] {logging_mixin.py:188} INFO - [2026-04-08T14:52:06.666+0000] {dag.py:3820} INFO - Setting next_dagrun for tutorial to 2026-04-07T00:00:00+00:00, run_after=2026-04-08T00:00:00+00:00
[2026-04-08T14:52:06.688+0000] {processor.py:183} INFO - Processing /home/airflow/.local/lib/python3.8/site-packages/airflow/example_dags/tutorial.py took 0.085 seconds
[2026-04-08T14:52:37.111+0000] {processor.py:161} INFO - Started process (PID=3294) to work on /home/airflow/.local/lib/python3.8/site-packages/airflow/example_dags/tutorial.py
[2026-04-08T14:52:37.113+0000] {processor.py:830} INFO - Processing file /home/airflow/.local/lib/python3.8/site-packages/airflow/example_dags/tutorial.py for tasks to queue
[2026-04-08T14:52:37.118+0000] {logging_mixin.py:188} INFO - [2026-04-08T14:52:37.118+0000] {dagbag.py:538} INFO - Filling up the DagBag from /home/airflow/.local/lib/python3.8/site-packages/airflow/example_dags/tutorial.py
[2026-04-08T14:52:37.126+0000] {processor.py:840} INFO - DAG(s) 'tutorial' retrieved from /home/airflow/.local/lib/python3.8/site-packages/airflow/example_dags/tutorial.py
[2026-04-08T14:52:37.147+0000] {logging_mixin.py:188} INFO - [2026-04-08T14:52:37.147+0000] {dag.py:3033} INFO - Sync 1 DAGs
[2026-04-08T14:52:37.175+0000] {logging_mixin.py:188} INFO - [2026-04-08T14:52:37.175+0000] {dag.py:3820} INFO - Setting next_dagrun for tutorial to 2026-04-07T00:00:00+00:00, run_after=2026-04-08T00:00:00+00:00
[2026-04-08T14:52:37.201+0000] {processor.py:183} INFO - Processing /home/airflow/.local/lib/python3.8/site-packages/airflow/example_dags/tutorial.py took 0.096 seconds
[2026-04-08T14:53:07.651+0000] {processor.py:161} INFO - Started process (PID=3355) to work on /home/airflow/.local/lib/python3.8/site-packages/airflow/example_dags/tutorial.py
[2026-04-08T14:53:07.652+0000] {processor.py:830} INFO - Processing file /home/airflow/.local/lib/python3.8/site-packages/airflow/example_dags/tutorial.py for tasks to queue
[2026-04-08T14:53:07.655+0000] {logging_mixin.py:188} INFO - [2026-04-08T14:53:07.654+0000] {dagbag.py:538} INFO - Filling up the DagBag from /home/airflow/.local/lib/python3.8/site-packages/airflow/example_dags/tutorial.py
[2026-04-08T14:53:07.662+0000] {processor.py:840} INFO - DAG(s) 'tutorial' retrieved from /home/airflow/.local/lib/python3.8/site-packages/airflow/example_dags/tutorial.py
[2026-04-08T14:53:07.684+0000] {logging_mixin.py:188} INFO - [2026-04-08T14:53:07.684+0000] {dag.py:3033} INFO - Sync 1 DAGs
[2026-04-08T14:53:07.710+0000] {logging_mixin.py:188} INFO - [2026-04-08T14:53:07.710+0000] {dag.py:3820} INFO - Setting next_dagrun for tutorial to 2026-04-07T00:00:00+00:00, run_after=2026-04-08T00:00:00+00:00
[2026-04-08T14:53:07.734+0000] {processor.py:183} INFO - Processing /home/airflow/.local/lib/python3.8/site-packages/airflow/example_dags/tutorial.py took 0.087 seconds
[2026-04-08T14:53:38.332+0000] {processor.py:161} INFO - Started process (PID=3416) to work on /home/airflow/.local/lib/python3.8/site-packages/airflow/example_dags/tutorial.py
[2026-04-08T14:53:38.333+0000] {processor.py:830} INFO - Processing file /home/airflow/.local/lib/python3.8/site-packages/airflow/example_dags/tutorial.py for tasks to queue
[2026-04-08T14:53:38.336+0000] {logging_mixin.py:188} INFO - [2026-04-08T14:53:38.335+0000] {dagbag.py:538} INFO - Filling up the DagBag from /home/airflow/.local/lib/python3.8/site-packages/airflow/example_dags/tutorial.py
[2026-04-08T14:53:38.342+0000] {processor.py:840} INFO - DAG(s) 'tutorial' retrieved from /home/airflow/.local/lib/python3.8/site-packages/airflow/example_dags/tutorial.py
[2026-04-08T14:53:38.365+0000] {logging_mixin.py:188} INFO - [2026-04-08T14:53:38.365+0000] {dag.py:3033} INFO - Sync 1 DAGs
[2026-04-08T14:53:38.392+0000] {logging_mixin.py:188} INFO - [2026-04-08T14:53:38.392+0000] {dag.py:3820} INFO - Setting next_dagrun for tutorial to 2026-04-07T00:00:00+00:00, run_after=2026-04-08T00:00:00+00:00
[2026-04-08T14:53:38.413+0000] {processor.py:183} INFO - Processing /home/airflow/.local/lib/python3.8/site-packages/airflow/example_dags/tutorial.py took 0.087 seconds
[2026-04-08T14:54:09.221+0000] {processor.py:161} INFO - Started process (PID=3477) to work on /home/airflow/.local/lib/python3.8/site-packages/airflow/example_dags/tutorial.py
[2026-04-08T14:54:09.222+0000] {processor.py:830} INFO - Processing file /home/airflow/.local/lib/python3.8/site-packages/airflow/example_dags/tutorial.py for tasks to queue
[2026-04-08T14:54:09.225+0000] {logging_mixin.py:188} INFO - [2026-04-08T14:54:09.225+0000] {dagbag.py:538} INFO - Filling up the DagBag from /home/airflow/.local/lib/python3.8/site-packages/airflow/example_dags/tutorial.py
[2026-04-08T14:54:09.232+0000] {processor.py:840} INFO - DAG(s) 'tutorial' retrieved from /home/airflow/.local/lib/python3.8/site-packages/airflow/example_dags/tutorial.py
[2026-04-08T14:54:09.254+0000] {logging_mixin.py:188} INFO - [2026-04-08T14:54:09.254+0000] {dag.py:3033} INFO - Sync 1 DAGs
[2026-04-08T14:54:09.282+0000] {logging_mixin.py:188} INFO - [2026-04-08T14:54:09.281+0000] {dag.py:3820} INFO - Setting next_dagrun for tutorial to 2026-04-07T00:00:00+00:00, run_after=2026-04-08T00:00:00+00:00
[2026-04-08T14:54:09.304+0000] {processor.py:183} INFO - Processing /home/airflow/.local/lib/python3.8/site-packages/airflow/example_dags/tutorial.py took 0.088 seconds
[2026-04-08T14:54:39.612+0000] {processor.py:161} INFO - Started process (PID=3538) to work on /home/airflow/.local/lib/python3.8/site-packages/airflow/example_dags/tutorial.py
[2026-04-08T14:54:39.613+0000] {processor.py:830} INFO - Processing file /home/airflow/.local/lib/python3.8/site-packages/airflow/example_dags/tutorial.py for tasks to queue
[2026-04-08T14:54:39.615+0000] {logging_mixin.py:188} INFO - [2026-04-08T14:54:39.615+0000] {dagbag.py:538} INFO - Filling up the DagBag from /home/airflow/.local/lib/python3.8/site-packages/airflow/example_dags/tutorial.py
[2026-04-08T14:54:39.622+0000] {processor.py:840} INFO - DAG(s) 'tutorial' retrieved from /home/airflow/.local/lib/python3.8/site-packages/airflow/example_dags/tutorial.py
[2026-04-08T14:54:39.652+0000] {logging_mixin.py:188} INFO - [2026-04-08T14:54:39.652+0000] {dag.py:3033} INFO - Sync 1 DAGs
[2026-04-08T14:54:39.680+0000] {logging_mixin.py:188} INFO - [2026-04-08T14:54:39.680+0000] {dag.py:3820} INFO - Setting next_dagrun for tutorial to 2026-04-07T00:00:00+00:00, run_after=2026-04-08T00:00:00+00:00
[2026-04-08T14:54:39.702+0000] {processor.py:183} INFO - Processing /home/airflow/.local/lib/python3.8/site-packages/airflow/example_dags/tutorial.py took 0.093 seconds
[2026-04-08T14:55:10.544+0000] {processor.py:161} INFO - Started process (PID=3599) to work on /home/airflow/.local/lib/python3.8/site-packages/airflow/example_dags/tutorial.py
[2026-04-08T14:55:10.546+0000] {processor.py:830} INFO - Processing file /home/airflow/.local/lib/python3.8/site-packages/airflow/example_dags/tutorial.py for tasks to queue
[2026-04-08T14:55:10.552+0000] {logging_mixin.py:188} INFO - [2026-04-08T14:55:10.549+0000] {dagbag.py:538} INFO - Filling up the DagBag from /home/airflow/.local/lib/python3.8/site-packages/airflow/example_dags/tutorial.py
[2026-04-08T14:55:10.574+0000] {processor.py:840} INFO - DAG(s) 'tutorial' retrieved from /home/airflow/.local/lib/python3.8/site-packages/airflow/example_dags/tutorial.py
[2026-04-08T14:55:10.599+0000] {logging_mixin.py:188} INFO - [2026-04-08T14:55:10.599+0000] {dag.py:3033} INFO - Sync 1 DAGs
[2026-04-08T14:55:10.631+0000] {logging_mixin.py:188} INFO - [2026-04-08T14:55:10.631+0000] {dag.py:3820} INFO - Setting next_dagrun for tutorial to 2026-04-07T00:00:00+00:00, run_after=2026-04-08T00:00:00+00:00
[2026-04-08T14:55:10.653+0000] {processor.py:183} INFO - Processing /home/airflow/.local/lib/python3.8/site-packages/airflow/example_dags/tutorial.py took 0.118 seconds
