[2026-04-09T08:04:39.862+0000] {processor.py:161} INFO - Started process (PID=64) to work on /opt/airflow/dags/energie_meteo_dag.py
[2026-04-09T08:04:39.873+0000] {processor.py:830} INFO - Processing file /opt/airflow/dags/energie_meteo_dag.py for tasks to queue
[2026-04-09T08:04:39.886+0000] {logging_mixin.py:188} INFO - [2026-04-09T08:04:39.886+0000] {dagbag.py:538} INFO - Filling up the DagBag from /opt/airflow/dags/energie_meteo_dag.py
[2026-04-09T08:04:40.043+0000] {processor.py:840} INFO - DAG(s) 'energie_meteo_dag' retrieved from /opt/airflow/dags/energie_meteo_dag.py
[2026-04-09T08:04:40.368+0000] {logging_mixin.py:188} INFO - [2026-04-09T08:04:40.368+0000] {dag.py:3033} INFO - Sync 1 DAGs
[2026-04-09T08:04:40.786+0000] {logging_mixin.py:188} INFO - [2026-04-09T08:04:40.777+0000] {dag.py:3820} INFO - Setting next_dagrun for energie_meteo_dag to 2026-04-09T04:00:00+00:00, run_after=2026-04-10T04:00:00+00:00
[2026-04-09T08:04:40.964+0000] {processor.py:183} INFO - Processing /opt/airflow/dags/energie_meteo_dag.py took 1.124 seconds
[2026-04-09T08:05:11.968+0000] {processor.py:161} INFO - Started process (PID=125) to work on /opt/airflow/dags/energie_meteo_dag.py
[2026-04-09T08:05:11.976+0000] {processor.py:830} INFO - Processing file /opt/airflow/dags/energie_meteo_dag.py for tasks to queue
[2026-04-09T08:05:12.000+0000] {logging_mixin.py:188} INFO - [2026-04-09T08:05:11.988+0000] {dagbag.py:538} INFO - Filling up the DagBag from /opt/airflow/dags/energie_meteo_dag.py
[2026-04-09T08:05:12.257+0000] {processor.py:840} INFO - DAG(s) 'energie_meteo_dag' retrieved from /opt/airflow/dags/energie_meteo_dag.py
[2026-04-09T08:05:12.270+0000] {logging_mixin.py:188} INFO - [2026-04-09T08:05:12.260+0000] {dagbag.py:538} INFO - Filling up the DagBag from /opt/airflow/dags/energie_meteo_dag.py
[2026-04-09T08:05:12.507+0000] {logging_mixin.py:188} INFO - [2026-04-09T08:05:12.507+0000] {processor.py:431} INFO - Running SLA Checks for energie_meteo_dag
[2026-04-09T08:05:12.850+0000] {logging_mixin.py:188} INFO - [2026-04-09T08:05:12.850+0000] {processor.py:529} INFO - Calling SLA miss callback <function sla_miss_callback at 0x7f70c7e18ca0>
[2026-04-09T08:05:12.853+0000] {logging_mixin.py:188} INFO - [2026-04-09T08:05:12.853+0000] {energie_meteo_dag.py:37} WARNING - [SLA MISS] DAG=energie_meteo_dag delayed_tasks=[]
[2026-04-09T08:05:12.854+0000] {logging_mixin.py:188} INFO - [2026-04-09T08:05:12.853+0000] {energie_meteo_dag.py:51} WARNING - [ALERTE SLA] event=('energie_meteo_dag', 'analyser_correlation', '2026-04-09T04:00:00+00:00')
[2026-04-09T08:05:12.856+0000] {logging_mixin.py:188} INFO - [2026-04-09T08:05:12.856+0000] {energie_meteo_dag.py:51} WARNING - [ALERTE SLA] event=('energie_meteo_dag', 'collecter_meteo_regions', '2026-04-09T04:00:00+00:00')
[2026-04-09T08:05:12.856+0000] {logging_mixin.py:188} INFO - [2026-04-09T08:05:12.856+0000] {energie_meteo_dag.py:51} WARNING - [ALERTE SLA] event=('energie_meteo_dag', 'collecter_production_electrique', '2026-04-09T04:00:00+00:00')
[2026-04-09T08:05:12.857+0000] {logging_mixin.py:188} INFO - [2026-04-09T08:05:12.856+0000] {energie_meteo_dag.py:51} WARNING - [ALERTE SLA] event=('energie_meteo_dag', 'generer_rapport_energie', '2026-04-09T04:00:00+00:00')
[2026-04-09T08:05:12.857+0000] {logging_mixin.py:188} INFO - [2026-04-09T08:05:12.857+0000] {energie_meteo_dag.py:51} WARNING - [ALERTE SLA] event=('energie_meteo_dag', 'verifier_apis', '2026-04-09T04:00:00+00:00')
[2026-04-09T08:05:12.926+0000] {logging_mixin.py:188} INFO - [2026-04-09T08:05:12.926+0000] {dag.py:3033} INFO - Sync 1 DAGs
[2026-04-09T08:05:13.052+0000] {logging_mixin.py:188} INFO - [2026-04-09T08:05:13.052+0000] {dag.py:3820} INFO - Setting next_dagrun for energie_meteo_dag to 2026-04-09T04:00:00+00:00, run_after=2026-04-10T04:00:00+00:00
[2026-04-09T08:05:13.165+0000] {processor.py:183} INFO - Processing /opt/airflow/dags/energie_meteo_dag.py took 1.218 seconds
[2026-04-09T08:05:43.445+0000] {processor.py:161} INFO - Started process (PID=184) to work on /opt/airflow/dags/energie_meteo_dag.py
[2026-04-09T08:05:43.447+0000] {processor.py:830} INFO - Processing file /opt/airflow/dags/energie_meteo_dag.py for tasks to queue
[2026-04-09T08:05:43.453+0000] {logging_mixin.py:188} INFO - [2026-04-09T08:05:43.452+0000] {dagbag.py:538} INFO - Filling up the DagBag from /opt/airflow/dags/energie_meteo_dag.py
[2026-04-09T08:05:43.496+0000] {processor.py:840} INFO - DAG(s) 'energie_meteo_dag' retrieved from /opt/airflow/dags/energie_meteo_dag.py
[2026-04-09T08:05:43.502+0000] {logging_mixin.py:188} INFO - [2026-04-09T08:05:43.502+0000] {dagbag.py:538} INFO - Filling up the DagBag from /opt/airflow/dags/energie_meteo_dag.py
[2026-04-09T08:05:43.580+0000] {logging_mixin.py:188} INFO - [2026-04-09T08:05:43.580+0000] {processor.py:431} INFO - Running SLA Checks for energie_meteo_dag
[2026-04-09T08:05:43.765+0000] {logging_mixin.py:188} INFO - [2026-04-09T08:05:43.765+0000] {dag.py:3033} INFO - Sync 1 DAGs
[2026-04-09T08:05:43.821+0000] {logging_mixin.py:188} INFO - [2026-04-09T08:05:43.820+0000] {dag.py:3820} INFO - Setting next_dagrun for energie_meteo_dag to 2026-04-09T04:00:00+00:00, run_after=2026-04-10T04:00:00+00:00
[2026-04-09T08:05:43.866+0000] {processor.py:183} INFO - Processing /opt/airflow/dags/energie_meteo_dag.py took 0.430 seconds
[2026-04-09T08:06:14.511+0000] {processor.py:161} INFO - Started process (PID=245) to work on /opt/airflow/dags/energie_meteo_dag.py
[2026-04-09T08:06:14.512+0000] {processor.py:830} INFO - Processing file /opt/airflow/dags/energie_meteo_dag.py for tasks to queue
[2026-04-09T08:06:14.515+0000] {logging_mixin.py:188} INFO - [2026-04-09T08:06:14.514+0000] {dagbag.py:538} INFO - Filling up the DagBag from /opt/airflow/dags/energie_meteo_dag.py
[2026-04-09T08:06:14.537+0000] {processor.py:840} INFO - DAG(s) 'energie_meteo_dag' retrieved from /opt/airflow/dags/energie_meteo_dag.py
[2026-04-09T08:06:14.539+0000] {logging_mixin.py:188} INFO - [2026-04-09T08:06:14.539+0000] {dagbag.py:538} INFO - Filling up the DagBag from /opt/airflow/dags/energie_meteo_dag.py
[2026-04-09T08:06:14.560+0000] {logging_mixin.py:188} INFO - [2026-04-09T08:06:14.560+0000] {processor.py:431} INFO - Running SLA Checks for energie_meteo_dag
[2026-04-09T08:06:14.616+0000] {logging_mixin.py:188} INFO - [2026-04-09T08:06:14.615+0000] {dag.py:3033} INFO - Sync 1 DAGs
[2026-04-09T08:06:14.635+0000] {logging_mixin.py:188} INFO - [2026-04-09T08:06:14.635+0000] {dag.py:3820} INFO - Setting next_dagrun for energie_meteo_dag to 2026-04-09T04:00:00+00:00, run_after=2026-04-10T04:00:00+00:00
[2026-04-09T08:06:14.650+0000] {processor.py:183} INFO - Processing /opt/airflow/dags/energie_meteo_dag.py took 0.142 seconds
[2026-04-09T08:06:44.820+0000] {processor.py:161} INFO - Started process (PID=306) to work on /opt/airflow/dags/energie_meteo_dag.py
[2026-04-09T08:06:44.821+0000] {processor.py:830} INFO - Processing file /opt/airflow/dags/energie_meteo_dag.py for tasks to queue
[2026-04-09T08:06:44.823+0000] {logging_mixin.py:188} INFO - [2026-04-09T08:06:44.823+0000] {dagbag.py:538} INFO - Filling up the DagBag from /opt/airflow/dags/energie_meteo_dag.py
[2026-04-09T08:06:44.838+0000] {processor.py:840} INFO - DAG(s) 'energie_meteo_dag' retrieved from /opt/airflow/dags/energie_meteo_dag.py
[2026-04-09T08:06:44.838+0000] {logging_mixin.py:188} INFO - [2026-04-09T08:06:44.838+0000] {dagbag.py:538} INFO - Filling up the DagBag from /opt/airflow/dags/energie_meteo_dag.py
[2026-04-09T08:06:44.858+0000] {logging_mixin.py:188} INFO - [2026-04-09T08:06:44.858+0000] {processor.py:431} INFO - Running SLA Checks for energie_meteo_dag
[2026-04-09T08:06:44.915+0000] {logging_mixin.py:188} INFO - [2026-04-09T08:06:44.915+0000] {dag.py:3033} INFO - Sync 1 DAGs
[2026-04-09T08:06:44.955+0000] {logging_mixin.py:188} INFO - [2026-04-09T08:06:44.955+0000] {dag.py:3820} INFO - Setting next_dagrun for energie_meteo_dag to 2026-04-09T04:00:00+00:00, run_after=2026-04-10T04:00:00+00:00
[2026-04-09T08:06:44.973+0000] {processor.py:183} INFO - Processing /opt/airflow/dags/energie_meteo_dag.py took 0.156 seconds
[2026-04-09T08:07:15.251+0000] {processor.py:161} INFO - Started process (PID=368) to work on /opt/airflow/dags/energie_meteo_dag.py
[2026-04-09T08:07:15.253+0000] {processor.py:830} INFO - Processing file /opt/airflow/dags/energie_meteo_dag.py for tasks to queue
[2026-04-09T08:07:15.255+0000] {logging_mixin.py:188} INFO - [2026-04-09T08:07:15.255+0000] {dagbag.py:538} INFO - Filling up the DagBag from /opt/airflow/dags/energie_meteo_dag.py
[2026-04-09T08:07:15.274+0000] {processor.py:840} INFO - DAG(s) 'energie_meteo_dag' retrieved from /opt/airflow/dags/energie_meteo_dag.py
[2026-04-09T08:07:15.275+0000] {logging_mixin.py:188} INFO - [2026-04-09T08:07:15.275+0000] {dagbag.py:538} INFO - Filling up the DagBag from /opt/airflow/dags/energie_meteo_dag.py
[2026-04-09T08:07:15.304+0000] {logging_mixin.py:188} INFO - [2026-04-09T08:07:15.303+0000] {processor.py:431} INFO - Running SLA Checks for energie_meteo_dag
[2026-04-09T08:07:15.389+0000] {logging_mixin.py:188} INFO - [2026-04-09T08:07:15.389+0000] {dag.py:3033} INFO - Sync 1 DAGs
[2026-04-09T08:07:15.433+0000] {logging_mixin.py:188} INFO - [2026-04-09T08:07:15.433+0000] {dag.py:3820} INFO - Setting next_dagrun for energie_meteo_dag to 2026-04-09T04:00:00+00:00, run_after=2026-04-10T04:00:00+00:00
[2026-04-09T08:07:15.454+0000] {processor.py:183} INFO - Processing /opt/airflow/dags/energie_meteo_dag.py took 0.206 seconds
[2026-04-09T08:07:45.529+0000] {processor.py:161} INFO - Started process (PID=430) to work on /opt/airflow/dags/energie_meteo_dag.py
[2026-04-09T08:07:45.530+0000] {processor.py:830} INFO - Processing file /opt/airflow/dags/energie_meteo_dag.py for tasks to queue
[2026-04-09T08:07:45.532+0000] {logging_mixin.py:188} INFO - [2026-04-09T08:07:45.532+0000] {dagbag.py:538} INFO - Filling up the DagBag from /opt/airflow/dags/energie_meteo_dag.py
[2026-04-09T08:07:45.546+0000] {processor.py:840} INFO - DAG(s) 'energie_meteo_dag' retrieved from /opt/airflow/dags/energie_meteo_dag.py
[2026-04-09T08:07:45.546+0000] {logging_mixin.py:188} INFO - [2026-04-09T08:07:45.546+0000] {dagbag.py:538} INFO - Filling up the DagBag from /opt/airflow/dags/energie_meteo_dag.py
[2026-04-09T08:07:45.558+0000] {logging_mixin.py:188} INFO - [2026-04-09T08:07:45.558+0000] {processor.py:431} INFO - Running SLA Checks for energie_meteo_dag
[2026-04-09T08:07:45.591+0000] {logging_mixin.py:188} INFO - [2026-04-09T08:07:45.591+0000] {dag.py:3033} INFO - Sync 1 DAGs
[2026-04-09T08:07:45.606+0000] {logging_mixin.py:188} INFO - [2026-04-09T08:07:45.605+0000] {dag.py:3820} INFO - Setting next_dagrun for energie_meteo_dag to 2026-04-09T04:00:00+00:00, run_after=2026-04-10T04:00:00+00:00
[2026-04-09T08:07:45.622+0000] {processor.py:183} INFO - Processing /opt/airflow/dags/energie_meteo_dag.py took 0.097 seconds
[2026-04-09T08:08:15.651+0000] {processor.py:161} INFO - Started process (PID=490) to work on /opt/airflow/dags/energie_meteo_dag.py
[2026-04-09T08:08:15.652+0000] {processor.py:830} INFO - Processing file /opt/airflow/dags/energie_meteo_dag.py for tasks to queue
[2026-04-09T08:08:15.654+0000] {logging_mixin.py:188} INFO - [2026-04-09T08:08:15.654+0000] {dagbag.py:538} INFO - Filling up the DagBag from /opt/airflow/dags/energie_meteo_dag.py
[2026-04-09T08:08:15.669+0000] {processor.py:840} INFO - DAG(s) 'energie_meteo_dag' retrieved from /opt/airflow/dags/energie_meteo_dag.py
[2026-04-09T08:08:15.670+0000] {logging_mixin.py:188} INFO - [2026-04-09T08:08:15.670+0000] {dagbag.py:538} INFO - Filling up the DagBag from /opt/airflow/dags/energie_meteo_dag.py
[2026-04-09T08:08:15.687+0000] {logging_mixin.py:188} INFO - [2026-04-09T08:08:15.687+0000] {processor.py:431} INFO - Running SLA Checks for energie_meteo_dag
[2026-04-09T08:08:15.745+0000] {logging_mixin.py:188} INFO - [2026-04-09T08:08:15.744+0000] {dag.py:3033} INFO - Sync 1 DAGs
[2026-04-09T08:08:15.767+0000] {logging_mixin.py:188} INFO - [2026-04-09T08:08:15.767+0000] {dag.py:3820} INFO - Setting next_dagrun for energie_meteo_dag to 2026-04-09T04:00:00+00:00, run_after=2026-04-10T04:00:00+00:00
[2026-04-09T08:08:15.787+0000] {processor.py:183} INFO - Processing /opt/airflow/dags/energie_meteo_dag.py took 0.139 seconds
[2026-04-09T08:08:45.936+0000] {processor.py:161} INFO - Started process (PID=551) to work on /opt/airflow/dags/energie_meteo_dag.py
[2026-04-09T08:08:45.937+0000] {processor.py:830} INFO - Processing file /opt/airflow/dags/energie_meteo_dag.py for tasks to queue
[2026-04-09T08:08:45.939+0000] {logging_mixin.py:188} INFO - [2026-04-09T08:08:45.939+0000] {dagbag.py:538} INFO - Filling up the DagBag from /opt/airflow/dags/energie_meteo_dag.py
[2026-04-09T08:08:45.954+0000] {processor.py:840} INFO - DAG(s) 'energie_meteo_dag' retrieved from /opt/airflow/dags/energie_meteo_dag.py
[2026-04-09T08:08:45.955+0000] {logging_mixin.py:188} INFO - [2026-04-09T08:08:45.954+0000] {dagbag.py:538} INFO - Filling up the DagBag from /opt/airflow/dags/energie_meteo_dag.py
[2026-04-09T08:08:45.975+0000] {logging_mixin.py:188} INFO - [2026-04-09T08:08:45.974+0000] {processor.py:431} INFO - Running SLA Checks for energie_meteo_dag
[2026-04-09T08:08:46.105+0000] {logging_mixin.py:188} INFO - [2026-04-09T08:08:46.105+0000] {dag.py:3033} INFO - Sync 1 DAGs
[2026-04-09T08:08:46.130+0000] {logging_mixin.py:188} INFO - [2026-04-09T08:08:46.130+0000] {dag.py:3820} INFO - Setting next_dagrun for energie_meteo_dag to 2026-04-09T04:00:00+00:00, run_after=2026-04-10T04:00:00+00:00
[2026-04-09T08:08:46.151+0000] {processor.py:183} INFO - Processing /opt/airflow/dags/energie_meteo_dag.py took 0.218 seconds
[2026-04-09T08:09:16.287+0000] {processor.py:161} INFO - Started process (PID=612) to work on /opt/airflow/dags/energie_meteo_dag.py
[2026-04-09T08:09:16.298+0000] {processor.py:830} INFO - Processing file /opt/airflow/dags/energie_meteo_dag.py for tasks to queue
[2026-04-09T08:09:16.302+0000] {logging_mixin.py:188} INFO - [2026-04-09T08:09:16.302+0000] {dagbag.py:538} INFO - Filling up the DagBag from /opt/airflow/dags/energie_meteo_dag.py
[2026-04-09T08:09:16.364+0000] {processor.py:840} INFO - DAG(s) 'energie_meteo_dag' retrieved from /opt/airflow/dags/energie_meteo_dag.py
[2026-04-09T08:09:16.367+0000] {logging_mixin.py:188} INFO - [2026-04-09T08:09:16.367+0000] {dagbag.py:538} INFO - Filling up the DagBag from /opt/airflow/dags/energie_meteo_dag.py
[2026-04-09T08:09:16.541+0000] {logging_mixin.py:188} INFO - [2026-04-09T08:09:16.541+0000] {processor.py:431} INFO - Running SLA Checks for energie_meteo_dag
[2026-04-09T08:09:16.886+0000] {logging_mixin.py:188} INFO - [2026-04-09T08:09:16.886+0000] {dag.py:3033} INFO - Sync 1 DAGs
[2026-04-09T08:09:16.972+0000] {logging_mixin.py:188} INFO - [2026-04-09T08:09:16.971+0000] {dag.py:3820} INFO - Setting next_dagrun for energie_meteo_dag to 2026-04-09T04:00:00+00:00, run_after=2026-04-10T04:00:00+00:00
[2026-04-09T08:09:17.005+0000] {processor.py:183} INFO - Processing /opt/airflow/dags/energie_meteo_dag.py took 0.727 seconds
[2026-04-09T08:09:47.471+0000] {processor.py:161} INFO - Started process (PID=673) to work on /opt/airflow/dags/energie_meteo_dag.py
[2026-04-09T08:09:47.474+0000] {processor.py:830} INFO - Processing file /opt/airflow/dags/energie_meteo_dag.py for tasks to queue
[2026-04-09T08:09:47.479+0000] {logging_mixin.py:188} INFO - [2026-04-09T08:09:47.479+0000] {dagbag.py:538} INFO - Filling up the DagBag from /opt/airflow/dags/energie_meteo_dag.py
[2026-04-09T08:09:47.518+0000] {processor.py:840} INFO - DAG(s) 'energie_meteo_dag' retrieved from /opt/airflow/dags/energie_meteo_dag.py
[2026-04-09T08:09:47.518+0000] {logging_mixin.py:188} INFO - [2026-04-09T08:09:47.518+0000] {dagbag.py:538} INFO - Filling up the DagBag from /opt/airflow/dags/energie_meteo_dag.py
[2026-04-09T08:09:47.569+0000] {logging_mixin.py:188} INFO - [2026-04-09T08:09:47.568+0000] {processor.py:431} INFO - Running SLA Checks for energie_meteo_dag
[2026-04-09T08:09:47.769+0000] {logging_mixin.py:188} INFO - [2026-04-09T08:09:47.769+0000] {dag.py:3033} INFO - Sync 1 DAGs
[2026-04-09T08:09:47.877+0000] {logging_mixin.py:188} INFO - [2026-04-09T08:09:47.877+0000] {dag.py:3820} INFO - Setting next_dagrun for energie_meteo_dag to 2026-04-09T04:00:00+00:00, run_after=2026-04-10T04:00:00+00:00
[2026-04-09T08:09:47.914+0000] {processor.py:183} INFO - Processing /opt/airflow/dags/energie_meteo_dag.py took 0.448 seconds
[2026-04-09T08:10:18.645+0000] {processor.py:161} INFO - Started process (PID=734) to work on /opt/airflow/dags/energie_meteo_dag.py
[2026-04-09T08:10:18.646+0000] {processor.py:830} INFO - Processing file /opt/airflow/dags/energie_meteo_dag.py for tasks to queue
[2026-04-09T08:10:18.648+0000] {logging_mixin.py:188} INFO - [2026-04-09T08:10:18.648+0000] {dagbag.py:538} INFO - Filling up the DagBag from /opt/airflow/dags/energie_meteo_dag.py
[2026-04-09T08:10:18.669+0000] {processor.py:840} INFO - DAG(s) 'energie_meteo_dag' retrieved from /opt/airflow/dags/energie_meteo_dag.py
[2026-04-09T08:10:18.670+0000] {logging_mixin.py:188} INFO - [2026-04-09T08:10:18.670+0000] {dagbag.py:538} INFO - Filling up the DagBag from /opt/airflow/dags/energie_meteo_dag.py
[2026-04-09T08:10:18.686+0000] {logging_mixin.py:188} INFO - [2026-04-09T08:10:18.686+0000] {processor.py:431} INFO - Running SLA Checks for energie_meteo_dag
[2026-04-09T08:10:18.750+0000] {logging_mixin.py:188} INFO - [2026-04-09T08:10:18.750+0000] {dag.py:3033} INFO - Sync 1 DAGs
[2026-04-09T08:10:18.768+0000] {logging_mixin.py:188} INFO - [2026-04-09T08:10:18.768+0000] {dag.py:3820} INFO - Setting next_dagrun for energie_meteo_dag to 2026-04-09T04:00:00+00:00, run_after=2026-04-10T04:00:00+00:00
[2026-04-09T08:10:18.787+0000] {processor.py:183} INFO - Processing /opt/airflow/dags/energie_meteo_dag.py took 0.145 seconds
[2026-04-09T08:10:48.943+0000] {processor.py:161} INFO - Started process (PID=794) to work on /opt/airflow/dags/energie_meteo_dag.py
[2026-04-09T08:10:48.943+0000] {processor.py:830} INFO - Processing file /opt/airflow/dags/energie_meteo_dag.py for tasks to queue
[2026-04-09T08:10:48.947+0000] {logging_mixin.py:188} INFO - [2026-04-09T08:10:48.947+0000] {dagbag.py:538} INFO - Filling up the DagBag from /opt/airflow/dags/energie_meteo_dag.py
[2026-04-09T08:10:48.964+0000] {processor.py:840} INFO - DAG(s) 'energie_meteo_dag' retrieved from /opt/airflow/dags/energie_meteo_dag.py
[2026-04-09T08:10:48.964+0000] {logging_mixin.py:188} INFO - [2026-04-09T08:10:48.964+0000] {dagbag.py:538} INFO - Filling up the DagBag from /opt/airflow/dags/energie_meteo_dag.py
[2026-04-09T08:10:48.983+0000] {logging_mixin.py:188} INFO - [2026-04-09T08:10:48.983+0000] {processor.py:431} INFO - Running SLA Checks for energie_meteo_dag
[2026-04-09T08:10:49.067+0000] {logging_mixin.py:188} INFO - [2026-04-09T08:10:49.067+0000] {dag.py:3033} INFO - Sync 1 DAGs
[2026-04-09T08:10:49.100+0000] {logging_mixin.py:188} INFO - [2026-04-09T08:10:49.096+0000] {dag.py:3820} INFO - Setting next_dagrun for energie_meteo_dag to 2026-04-09T04:00:00+00:00, run_after=2026-04-10T04:00:00+00:00
[2026-04-09T08:10:49.176+0000] {processor.py:183} INFO - Processing /opt/airflow/dags/energie_meteo_dag.py took 0.237 seconds
[2026-04-09T08:11:19.456+0000] {processor.py:161} INFO - Started process (PID=854) to work on /opt/airflow/dags/energie_meteo_dag.py
[2026-04-09T08:11:19.457+0000] {processor.py:830} INFO - Processing file /opt/airflow/dags/energie_meteo_dag.py for tasks to queue
[2026-04-09T08:11:19.460+0000] {logging_mixin.py:188} INFO - [2026-04-09T08:11:19.459+0000] {dagbag.py:538} INFO - Filling up the DagBag from /opt/airflow/dags/energie_meteo_dag.py
[2026-04-09T08:11:19.476+0000] {processor.py:840} INFO - DAG(s) 'energie_meteo_dag' retrieved from /opt/airflow/dags/energie_meteo_dag.py
[2026-04-09T08:11:19.477+0000] {logging_mixin.py:188} INFO - [2026-04-09T08:11:19.477+0000] {dagbag.py:538} INFO - Filling up the DagBag from /opt/airflow/dags/energie_meteo_dag.py
[2026-04-09T08:11:19.495+0000] {logging_mixin.py:188} INFO - [2026-04-09T08:11:19.495+0000] {processor.py:431} INFO - Running SLA Checks for energie_meteo_dag
[2026-04-09T08:11:19.550+0000] {logging_mixin.py:188} INFO - [2026-04-09T08:11:19.550+0000] {dag.py:3033} INFO - Sync 1 DAGs
[2026-04-09T08:11:19.571+0000] {logging_mixin.py:188} INFO - [2026-04-09T08:11:19.571+0000] {dag.py:3820} INFO - Setting next_dagrun for energie_meteo_dag to 2026-04-09T04:00:00+00:00, run_after=2026-04-10T04:00:00+00:00
[2026-04-09T08:11:19.825+0000] {processor.py:183} INFO - Processing /opt/airflow/dags/energie_meteo_dag.py took 0.372 seconds
[2026-04-09T08:11:50.711+0000] {processor.py:161} INFO - Started process (PID=916) to work on /opt/airflow/dags/energie_meteo_dag.py
[2026-04-09T08:11:50.711+0000] {processor.py:830} INFO - Processing file /opt/airflow/dags/energie_meteo_dag.py for tasks to queue
[2026-04-09T08:11:50.713+0000] {logging_mixin.py:188} INFO - [2026-04-09T08:11:50.713+0000] {dagbag.py:538} INFO - Filling up the DagBag from /opt/airflow/dags/energie_meteo_dag.py
[2026-04-09T08:11:50.727+0000] {processor.py:840} INFO - DAG(s) 'energie_meteo_dag' retrieved from /opt/airflow/dags/energie_meteo_dag.py
[2026-04-09T08:11:50.750+0000] {logging_mixin.py:188} INFO - [2026-04-09T08:11:50.750+0000] {dag.py:3033} INFO - Sync 1 DAGs
[2026-04-09T08:11:50.784+0000] {logging_mixin.py:188} INFO - [2026-04-09T08:11:50.783+0000] {dag.py:3820} INFO - Setting next_dagrun for energie_meteo_dag to 2026-04-09T04:00:00+00:00, run_after=2026-04-10T04:00:00+00:00
[2026-04-09T08:11:50.932+0000] {processor.py:183} INFO - Processing /opt/airflow/dags/energie_meteo_dag.py took 0.225 seconds
[2026-04-09T08:12:21.150+0000] {processor.py:161} INFO - Started process (PID=977) to work on /opt/airflow/dags/energie_meteo_dag.py
[2026-04-09T08:12:21.150+0000] {processor.py:830} INFO - Processing file /opt/airflow/dags/energie_meteo_dag.py for tasks to queue
[2026-04-09T08:12:21.153+0000] {logging_mixin.py:188} INFO - [2026-04-09T08:12:21.152+0000] {dagbag.py:538} INFO - Filling up the DagBag from /opt/airflow/dags/energie_meteo_dag.py
[2026-04-09T08:12:21.167+0000] {processor.py:840} INFO - DAG(s) 'energie_meteo_dag' retrieved from /opt/airflow/dags/energie_meteo_dag.py
[2026-04-09T08:12:21.190+0000] {logging_mixin.py:188} INFO - [2026-04-09T08:12:21.190+0000] {dag.py:3033} INFO - Sync 1 DAGs
[2026-04-09T08:12:21.218+0000] {logging_mixin.py:188} INFO - [2026-04-09T08:12:21.218+0000] {dag.py:3820} INFO - Setting next_dagrun for energie_meteo_dag to 2026-04-09T04:00:00+00:00, run_after=2026-04-10T04:00:00+00:00
[2026-04-09T08:12:21.240+0000] {processor.py:183} INFO - Processing /opt/airflow/dags/energie_meteo_dag.py took 0.094 seconds
[2026-04-09T08:12:51.636+0000] {processor.py:161} INFO - Started process (PID=1038) to work on /opt/airflow/dags/energie_meteo_dag.py
[2026-04-09T08:12:51.637+0000] {processor.py:830} INFO - Processing file /opt/airflow/dags/energie_meteo_dag.py for tasks to queue
[2026-04-09T08:12:51.639+0000] {logging_mixin.py:188} INFO - [2026-04-09T08:12:51.639+0000] {dagbag.py:538} INFO - Filling up the DagBag from /opt/airflow/dags/energie_meteo_dag.py
[2026-04-09T08:12:51.654+0000] {processor.py:840} INFO - DAG(s) 'energie_meteo_dag' retrieved from /opt/airflow/dags/energie_meteo_dag.py
[2026-04-09T08:12:51.677+0000] {logging_mixin.py:188} INFO - [2026-04-09T08:12:51.677+0000] {dag.py:3033} INFO - Sync 1 DAGs
[2026-04-09T08:12:51.704+0000] {logging_mixin.py:188} INFO - [2026-04-09T08:12:51.704+0000] {dag.py:3820} INFO - Setting next_dagrun for energie_meteo_dag to 2026-04-09T04:00:00+00:00, run_after=2026-04-10T04:00:00+00:00
[2026-04-09T08:12:51.735+0000] {processor.py:183} INFO - Processing /opt/airflow/dags/energie_meteo_dag.py took 0.102 seconds
[2026-04-09T08:13:22.425+0000] {processor.py:161} INFO - Started process (PID=1099) to work on /opt/airflow/dags/energie_meteo_dag.py
[2026-04-09T08:13:22.426+0000] {processor.py:830} INFO - Processing file /opt/airflow/dags/energie_meteo_dag.py for tasks to queue
[2026-04-09T08:13:22.428+0000] {logging_mixin.py:188} INFO - [2026-04-09T08:13:22.428+0000] {dagbag.py:538} INFO - Filling up the DagBag from /opt/airflow/dags/energie_meteo_dag.py
[2026-04-09T08:13:22.443+0000] {processor.py:840} INFO - DAG(s) 'energie_meteo_dag' retrieved from /opt/airflow/dags/energie_meteo_dag.py
[2026-04-09T08:13:22.467+0000] {logging_mixin.py:188} INFO - [2026-04-09T08:13:22.466+0000] {dag.py:3033} INFO - Sync 1 DAGs
[2026-04-09T08:13:22.494+0000] {logging_mixin.py:188} INFO - [2026-04-09T08:13:22.494+0000] {dag.py:3820} INFO - Setting next_dagrun for energie_meteo_dag to 2026-04-09T04:00:00+00:00, run_after=2026-04-10T04:00:00+00:00
[2026-04-09T08:13:22.513+0000] {processor.py:183} INFO - Processing /opt/airflow/dags/energie_meteo_dag.py took 0.091 seconds
[2026-04-09T08:13:53.187+0000] {processor.py:161} INFO - Started process (PID=1161) to work on /opt/airflow/dags/energie_meteo_dag.py
[2026-04-09T08:13:53.187+0000] {processor.py:830} INFO - Processing file /opt/airflow/dags/energie_meteo_dag.py for tasks to queue
[2026-04-09T08:13:53.190+0000] {logging_mixin.py:188} INFO - [2026-04-09T08:13:53.189+0000] {dagbag.py:538} INFO - Filling up the DagBag from /opt/airflow/dags/energie_meteo_dag.py
[2026-04-09T08:13:53.204+0000] {processor.py:840} INFO - DAG(s) 'energie_meteo_dag' retrieved from /opt/airflow/dags/energie_meteo_dag.py
[2026-04-09T08:13:53.227+0000] {logging_mixin.py:188} INFO - [2026-04-09T08:13:53.227+0000] {dag.py:3033} INFO - Sync 1 DAGs
[2026-04-09T08:13:53.257+0000] {logging_mixin.py:188} INFO - [2026-04-09T08:13:53.257+0000] {dag.py:3820} INFO - Setting next_dagrun for energie_meteo_dag to 2026-04-09T04:00:00+00:00, run_after=2026-04-10T04:00:00+00:00
[2026-04-09T08:13:53.480+0000] {processor.py:183} INFO - Processing /opt/airflow/dags/energie_meteo_dag.py took 0.297 seconds
[2026-04-09T08:14:23.952+0000] {processor.py:161} INFO - Started process (PID=1222) to work on /opt/airflow/dags/energie_meteo_dag.py
[2026-04-09T08:14:23.955+0000] {processor.py:830} INFO - Processing file /opt/airflow/dags/energie_meteo_dag.py for tasks to queue
[2026-04-09T08:14:23.960+0000] {logging_mixin.py:188} INFO - [2026-04-09T08:14:23.959+0000] {dagbag.py:538} INFO - Filling up the DagBag from /opt/airflow/dags/energie_meteo_dag.py
[2026-04-09T08:14:23.976+0000] {processor.py:840} INFO - DAG(s) 'energie_meteo_dag' retrieved from /opt/airflow/dags/energie_meteo_dag.py
[2026-04-09T08:14:24.002+0000] {logging_mixin.py:188} INFO - [2026-04-09T08:14:24.002+0000] {dag.py:3033} INFO - Sync 1 DAGs
[2026-04-09T08:14:24.507+0000] {logging_mixin.py:188} INFO - [2026-04-09T08:14:24.505+0000] {dag.py:3820} INFO - Setting next_dagrun for energie_meteo_dag to 2026-04-09T04:00:00+00:00, run_after=2026-04-10T04:00:00+00:00
[2026-04-09T08:14:24.535+0000] {processor.py:183} INFO - Processing /opt/airflow/dags/energie_meteo_dag.py took 0.589 seconds
[2026-04-09T08:14:55.179+0000] {processor.py:161} INFO - Started process (PID=1283) to work on /opt/airflow/dags/energie_meteo_dag.py
[2026-04-09T08:14:55.186+0000] {processor.py:830} INFO - Processing file /opt/airflow/dags/energie_meteo_dag.py for tasks to queue
[2026-04-09T08:14:55.210+0000] {logging_mixin.py:188} INFO - [2026-04-09T08:14:55.209+0000] {dagbag.py:538} INFO - Filling up the DagBag from /opt/airflow/dags/energie_meteo_dag.py
[2026-04-09T08:14:55.296+0000] {processor.py:840} INFO - DAG(s) 'energie_meteo_dag' retrieved from /opt/airflow/dags/energie_meteo_dag.py
[2026-04-09T08:14:55.388+0000] {logging_mixin.py:188} INFO - [2026-04-09T08:14:55.388+0000] {dag.py:3033} INFO - Sync 1 DAGs
[2026-04-09T08:14:55.449+0000] {logging_mixin.py:188} INFO - [2026-04-09T08:14:55.449+0000] {dag.py:3820} INFO - Setting next_dagrun for energie_meteo_dag to 2026-04-09T04:00:00+00:00, run_after=2026-04-10T04:00:00+00:00
[2026-04-09T08:14:55.506+0000] {processor.py:183} INFO - Processing /opt/airflow/dags/energie_meteo_dag.py took 0.343 seconds
[2026-04-09T08:15:25.646+0000] {processor.py:161} INFO - Started process (PID=1344) to work on /opt/airflow/dags/energie_meteo_dag.py
[2026-04-09T08:15:25.649+0000] {processor.py:830} INFO - Processing file /opt/airflow/dags/energie_meteo_dag.py for tasks to queue
[2026-04-09T08:15:25.666+0000] {logging_mixin.py:188} INFO - [2026-04-09T08:15:25.657+0000] {dagbag.py:538} INFO - Filling up the DagBag from /opt/airflow/dags/energie_meteo_dag.py
[2026-04-09T08:15:25.740+0000] {processor.py:840} INFO - DAG(s) 'energie_meteo_dag' retrieved from /opt/airflow/dags/energie_meteo_dag.py
[2026-04-09T08:15:25.805+0000] {logging_mixin.py:188} INFO - [2026-04-09T08:15:25.805+0000] {dag.py:3033} INFO - Sync 1 DAGs
[2026-04-09T08:15:25.854+0000] {logging_mixin.py:188} INFO - [2026-04-09T08:15:25.853+0000] {dag.py:3820} INFO - Setting next_dagrun for energie_meteo_dag to 2026-04-09T04:00:00+00:00, run_after=2026-04-10T04:00:00+00:00
[2026-04-09T08:15:25.906+0000] {processor.py:183} INFO - Processing /opt/airflow/dags/energie_meteo_dag.py took 0.272 seconds
[2026-04-09T08:15:56.850+0000] {processor.py:161} INFO - Started process (PID=1405) to work on /opt/airflow/dags/energie_meteo_dag.py
[2026-04-09T08:15:56.850+0000] {processor.py:830} INFO - Processing file /opt/airflow/dags/energie_meteo_dag.py for tasks to queue
[2026-04-09T08:15:56.853+0000] {logging_mixin.py:188} INFO - [2026-04-09T08:15:56.852+0000] {dagbag.py:538} INFO - Filling up the DagBag from /opt/airflow/dags/energie_meteo_dag.py
[2026-04-09T08:15:56.868+0000] {processor.py:840} INFO - DAG(s) 'energie_meteo_dag' retrieved from /opt/airflow/dags/energie_meteo_dag.py
[2026-04-09T08:15:56.892+0000] {logging_mixin.py:188} INFO - [2026-04-09T08:15:56.892+0000] {dag.py:3033} INFO - Sync 1 DAGs
[2026-04-09T08:15:56.925+0000] {logging_mixin.py:188} INFO - [2026-04-09T08:15:56.925+0000] {dag.py:3820} INFO - Setting next_dagrun for energie_meteo_dag to 2026-04-09T04:00:00+00:00, run_after=2026-04-10T04:00:00+00:00
[2026-04-09T08:15:56.947+0000] {processor.py:183} INFO - Processing /opt/airflow/dags/energie_meteo_dag.py took 0.101 seconds
[2026-04-09T08:16:27.410+0000] {processor.py:161} INFO - Started process (PID=1466) to work on /opt/airflow/dags/energie_meteo_dag.py
[2026-04-09T08:16:27.411+0000] {processor.py:830} INFO - Processing file /opt/airflow/dags/energie_meteo_dag.py for tasks to queue
[2026-04-09T08:16:27.413+0000] {logging_mixin.py:188} INFO - [2026-04-09T08:16:27.413+0000] {dagbag.py:538} INFO - Filling up the DagBag from /opt/airflow/dags/energie_meteo_dag.py
[2026-04-09T08:16:27.428+0000] {processor.py:840} INFO - DAG(s) 'energie_meteo_dag' retrieved from /opt/airflow/dags/energie_meteo_dag.py
[2026-04-09T08:16:27.458+0000] {logging_mixin.py:188} INFO - [2026-04-09T08:16:27.458+0000] {dag.py:3033} INFO - Sync 1 DAGs
[2026-04-09T08:16:27.488+0000] {logging_mixin.py:188} INFO - [2026-04-09T08:16:27.488+0000] {dag.py:3820} INFO - Setting next_dagrun for energie_meteo_dag to 2026-04-09T04:00:00+00:00, run_after=2026-04-10T04:00:00+00:00
[2026-04-09T08:16:27.523+0000] {processor.py:183} INFO - Processing /opt/airflow/dags/energie_meteo_dag.py took 0.116 seconds
[2026-04-09T08:16:57.804+0000] {processor.py:161} INFO - Started process (PID=1527) to work on /opt/airflow/dags/energie_meteo_dag.py
[2026-04-09T08:16:57.805+0000] {processor.py:830} INFO - Processing file /opt/airflow/dags/energie_meteo_dag.py for tasks to queue
[2026-04-09T08:16:57.807+0000] {logging_mixin.py:188} INFO - [2026-04-09T08:16:57.806+0000] {dagbag.py:538} INFO - Filling up the DagBag from /opt/airflow/dags/energie_meteo_dag.py
[2026-04-09T08:16:57.822+0000] {processor.py:840} INFO - DAG(s) 'energie_meteo_dag' retrieved from /opt/airflow/dags/energie_meteo_dag.py
[2026-04-09T08:16:57.847+0000] {logging_mixin.py:188} INFO - [2026-04-09T08:16:57.847+0000] {dag.py:3033} INFO - Sync 1 DAGs
[2026-04-09T08:16:57.878+0000] {logging_mixin.py:188} INFO - [2026-04-09T08:16:57.877+0000] {dag.py:3820} INFO - Setting next_dagrun for energie_meteo_dag to 2026-04-09T04:00:00+00:00, run_after=2026-04-10T04:00:00+00:00
[2026-04-09T08:16:57.905+0000] {processor.py:183} INFO - Processing /opt/airflow/dags/energie_meteo_dag.py took 0.104 seconds
[2026-04-09T08:17:28.550+0000] {processor.py:161} INFO - Started process (PID=1588) to work on /opt/airflow/dags/energie_meteo_dag.py
[2026-04-09T08:17:28.550+0000] {processor.py:830} INFO - Processing file /opt/airflow/dags/energie_meteo_dag.py for tasks to queue
[2026-04-09T08:17:28.552+0000] {logging_mixin.py:188} INFO - [2026-04-09T08:17:28.552+0000] {dagbag.py:538} INFO - Filling up the DagBag from /opt/airflow/dags/energie_meteo_dag.py
[2026-04-09T08:17:28.568+0000] {processor.py:840} INFO - DAG(s) 'energie_meteo_dag' retrieved from /opt/airflow/dags/energie_meteo_dag.py
[2026-04-09T08:17:28.592+0000] {logging_mixin.py:188} INFO - [2026-04-09T08:17:28.592+0000] {dag.py:3033} INFO - Sync 1 DAGs
[2026-04-09T08:17:28.621+0000] {logging_mixin.py:188} INFO - [2026-04-09T08:17:28.621+0000] {dag.py:3820} INFO - Setting next_dagrun for energie_meteo_dag to 2026-04-09T04:00:00+00:00, run_after=2026-04-10T04:00:00+00:00
[2026-04-09T08:17:28.642+0000] {processor.py:183} INFO - Processing /opt/airflow/dags/energie_meteo_dag.py took 0.096 seconds
[2026-04-09T08:17:59.359+0000] {processor.py:161} INFO - Started process (PID=1649) to work on /opt/airflow/dags/energie_meteo_dag.py
[2026-04-09T08:17:59.360+0000] {processor.py:830} INFO - Processing file /opt/airflow/dags/energie_meteo_dag.py for tasks to queue
[2026-04-09T08:17:59.362+0000] {logging_mixin.py:188} INFO - [2026-04-09T08:17:59.362+0000] {dagbag.py:538} INFO - Filling up the DagBag from /opt/airflow/dags/energie_meteo_dag.py
[2026-04-09T08:17:59.377+0000] {processor.py:840} INFO - DAG(s) 'energie_meteo_dag' retrieved from /opt/airflow/dags/energie_meteo_dag.py
[2026-04-09T08:17:59.402+0000] {logging_mixin.py:188} INFO - [2026-04-09T08:17:59.401+0000] {dag.py:3033} INFO - Sync 1 DAGs
[2026-04-09T08:17:59.444+0000] {logging_mixin.py:188} INFO - [2026-04-09T08:17:59.444+0000] {dag.py:3820} INFO - Setting next_dagrun for energie_meteo_dag to 2026-04-09T04:00:00+00:00, run_after=2026-04-10T04:00:00+00:00
[2026-04-09T08:17:59.466+0000] {processor.py:183} INFO - Processing /opt/airflow/dags/energie_meteo_dag.py took 0.112 seconds
[2026-04-09T08:18:29.874+0000] {processor.py:161} INFO - Started process (PID=1710) to work on /opt/airflow/dags/energie_meteo_dag.py
[2026-04-09T08:18:29.875+0000] {processor.py:830} INFO - Processing file /opt/airflow/dags/energie_meteo_dag.py for tasks to queue
[2026-04-09T08:18:29.878+0000] {logging_mixin.py:188} INFO - [2026-04-09T08:18:29.877+0000] {dagbag.py:538} INFO - Filling up the DagBag from /opt/airflow/dags/energie_meteo_dag.py
[2026-04-09T08:18:29.910+0000] {processor.py:840} INFO - DAG(s) 'energie_meteo_dag' retrieved from /opt/airflow/dags/energie_meteo_dag.py
[2026-04-09T08:18:29.989+0000] {logging_mixin.py:188} INFO - [2026-04-09T08:18:29.989+0000] {dag.py:3033} INFO - Sync 1 DAGs
[2026-04-09T08:18:30.020+0000] {logging_mixin.py:188} INFO - [2026-04-09T08:18:30.020+0000] {dag.py:3820} INFO - Setting next_dagrun for energie_meteo_dag to 2026-04-09T04:00:00+00:00, run_after=2026-04-10T04:00:00+00:00
[2026-04-09T08:18:30.046+0000] {processor.py:183} INFO - Processing /opt/airflow/dags/energie_meteo_dag.py took 0.176 seconds
[2026-04-09T08:19:00.141+0000] {processor.py:161} INFO - Started process (PID=1771) to work on /opt/airflow/dags/energie_meteo_dag.py
[2026-04-09T08:19:00.142+0000] {processor.py:830} INFO - Processing file /opt/airflow/dags/energie_meteo_dag.py for tasks to queue
[2026-04-09T08:19:00.144+0000] {logging_mixin.py:188} INFO - [2026-04-09T08:19:00.144+0000] {dagbag.py:538} INFO - Filling up the DagBag from /opt/airflow/dags/energie_meteo_dag.py
[2026-04-09T08:19:00.161+0000] {processor.py:840} INFO - DAG(s) 'energie_meteo_dag' retrieved from /opt/airflow/dags/energie_meteo_dag.py
[2026-04-09T08:19:00.185+0000] {logging_mixin.py:188} INFO - [2026-04-09T08:19:00.184+0000] {dag.py:3033} INFO - Sync 1 DAGs
[2026-04-09T08:19:00.217+0000] {logging_mixin.py:188} INFO - [2026-04-09T08:19:00.217+0000] {dag.py:3820} INFO - Setting next_dagrun for energie_meteo_dag to 2026-04-09T04:00:00+00:00, run_after=2026-04-10T04:00:00+00:00
[2026-04-09T08:19:00.267+0000] {processor.py:183} INFO - Processing /opt/airflow/dags/energie_meteo_dag.py took 0.129 seconds
[2026-04-09T08:19:30.386+0000] {processor.py:161} INFO - Started process (PID=1832) to work on /opt/airflow/dags/energie_meteo_dag.py
[2026-04-09T08:19:30.388+0000] {processor.py:830} INFO - Processing file /opt/airflow/dags/energie_meteo_dag.py for tasks to queue
[2026-04-09T08:19:30.396+0000] {logging_mixin.py:188} INFO - [2026-04-09T08:19:30.396+0000] {dagbag.py:538} INFO - Filling up the DagBag from /opt/airflow/dags/energie_meteo_dag.py
[2026-04-09T08:19:30.455+0000] {processor.py:840} INFO - DAG(s) 'energie_meteo_dag' retrieved from /opt/airflow/dags/energie_meteo_dag.py
[2026-04-09T08:19:30.598+0000] {logging_mixin.py:188} INFO - [2026-04-09T08:19:30.598+0000] {dag.py:3033} INFO - Sync 1 DAGs
[2026-04-09T08:19:30.689+0000] {logging_mixin.py:188} INFO - [2026-04-09T08:19:30.689+0000] {dag.py:3820} INFO - Setting next_dagrun for energie_meteo_dag to 2026-04-09T04:00:00+00:00, run_after=2026-04-10T04:00:00+00:00
[2026-04-09T08:19:30.735+0000] {processor.py:183} INFO - Processing /opt/airflow/dags/energie_meteo_dag.py took 0.363 seconds
[2026-04-09T08:20:01.310+0000] {processor.py:161} INFO - Started process (PID=1893) to work on /opt/airflow/dags/energie_meteo_dag.py
[2026-04-09T08:20:01.313+0000] {processor.py:830} INFO - Processing file /opt/airflow/dags/energie_meteo_dag.py for tasks to queue
[2026-04-09T08:20:01.320+0000] {logging_mixin.py:188} INFO - [2026-04-09T08:20:01.319+0000] {dagbag.py:538} INFO - Filling up the DagBag from /opt/airflow/dags/energie_meteo_dag.py
[2026-04-09T08:20:01.349+0000] {processor.py:840} INFO - DAG(s) 'energie_meteo_dag' retrieved from /opt/airflow/dags/energie_meteo_dag.py
[2026-04-09T08:20:01.419+0000] {logging_mixin.py:188} INFO - [2026-04-09T08:20:01.419+0000] {dag.py:3033} INFO - Sync 1 DAGs
[2026-04-09T08:20:01.597+0000] {logging_mixin.py:188} INFO - [2026-04-09T08:20:01.597+0000] {dag.py:3820} INFO - Setting next_dagrun for energie_meteo_dag to 2026-04-09T04:00:00+00:00, run_after=2026-04-10T04:00:00+00:00
[2026-04-09T08:20:01.766+0000] {processor.py:183} INFO - Processing /opt/airflow/dags/energie_meteo_dag.py took 0.464 seconds
[2026-04-09T08:20:31.921+0000] {processor.py:161} INFO - Started process (PID=1955) to work on /opt/airflow/dags/energie_meteo_dag.py
[2026-04-09T08:20:31.922+0000] {processor.py:830} INFO - Processing file /opt/airflow/dags/energie_meteo_dag.py for tasks to queue
[2026-04-09T08:20:31.924+0000] {logging_mixin.py:188} INFO - [2026-04-09T08:20:31.924+0000] {dagbag.py:538} INFO - Filling up the DagBag from /opt/airflow/dags/energie_meteo_dag.py
[2026-04-09T08:20:31.944+0000] {processor.py:840} INFO - DAG(s) 'energie_meteo_dag' retrieved from /opt/airflow/dags/energie_meteo_dag.py
[2026-04-09T08:20:31.968+0000] {logging_mixin.py:188} INFO - [2026-04-09T08:20:31.967+0000] {dag.py:3033} INFO - Sync 1 DAGs
[2026-04-09T08:20:32.000+0000] {logging_mixin.py:188} INFO - [2026-04-09T08:20:31.999+0000] {dag.py:3820} INFO - Setting next_dagrun for energie_meteo_dag to 2026-04-09T04:00:00+00:00, run_after=2026-04-10T04:00:00+00:00
[2026-04-09T08:20:32.020+0000] {processor.py:183} INFO - Processing /opt/airflow/dags/energie_meteo_dag.py took 0.102 seconds
[2026-04-09T08:21:02.528+0000] {processor.py:161} INFO - Started process (PID=2016) to work on /opt/airflow/dags/energie_meteo_dag.py
[2026-04-09T08:21:02.533+0000] {processor.py:830} INFO - Processing file /opt/airflow/dags/energie_meteo_dag.py for tasks to queue
[2026-04-09T08:21:02.538+0000] {logging_mixin.py:188} INFO - [2026-04-09T08:21:02.538+0000] {dagbag.py:538} INFO - Filling up the DagBag from /opt/airflow/dags/energie_meteo_dag.py
[2026-04-09T08:21:02.735+0000] {processor.py:840} INFO - DAG(s) 'energie_meteo_dag' retrieved from /opt/airflow/dags/energie_meteo_dag.py
[2026-04-09T08:21:03.640+0000] {logging_mixin.py:188} INFO - [2026-04-09T08:21:03.640+0000] {dag.py:3033} INFO - Sync 1 DAGs
[2026-04-09T08:21:03.871+0000] {logging_mixin.py:188} INFO - [2026-04-09T08:21:03.871+0000] {dag.py:3820} INFO - Setting next_dagrun for energie_meteo_dag to 2026-04-09T04:00:00+00:00, run_after=2026-04-10T04:00:00+00:00
[2026-04-09T08:21:03.992+0000] {processor.py:183} INFO - Processing /opt/airflow/dags/energie_meteo_dag.py took 1.475 seconds
[2026-04-09T08:21:34.129+0000] {processor.py:161} INFO - Started process (PID=2076) to work on /opt/airflow/dags/energie_meteo_dag.py
[2026-04-09T08:21:34.130+0000] {processor.py:830} INFO - Processing file /opt/airflow/dags/energie_meteo_dag.py for tasks to queue
[2026-04-09T08:21:34.135+0000] {logging_mixin.py:188} INFO - [2026-04-09T08:21:34.133+0000] {dagbag.py:538} INFO - Filling up the DagBag from /opt/airflow/dags/energie_meteo_dag.py
[2026-04-09T08:21:34.181+0000] {processor.py:840} INFO - DAG(s) 'energie_meteo_dag' retrieved from /opt/airflow/dags/energie_meteo_dag.py
[2026-04-09T08:21:34.246+0000] {logging_mixin.py:188} INFO - [2026-04-09T08:21:34.246+0000] {dag.py:3033} INFO - Sync 1 DAGs
[2026-04-09T08:21:34.303+0000] {logging_mixin.py:188} INFO - [2026-04-09T08:21:34.302+0000] {dag.py:3820} INFO - Setting next_dagrun for energie_meteo_dag to 2026-04-09T04:00:00+00:00, run_after=2026-04-10T04:00:00+00:00
[2026-04-09T08:21:34.324+0000] {processor.py:183} INFO - Processing /opt/airflow/dags/energie_meteo_dag.py took 0.199 seconds
[2026-04-09T08:22:05.094+0000] {processor.py:161} INFO - Started process (PID=2137) to work on /opt/airflow/dags/energie_meteo_dag.py
[2026-04-09T08:22:05.098+0000] {processor.py:830} INFO - Processing file /opt/airflow/dags/energie_meteo_dag.py for tasks to queue
[2026-04-09T08:22:05.115+0000] {logging_mixin.py:188} INFO - [2026-04-09T08:22:05.114+0000] {dagbag.py:538} INFO - Filling up the DagBag from /opt/airflow/dags/energie_meteo_dag.py
[2026-04-09T08:22:05.129+0000] {processor.py:840} INFO - DAG(s) 'energie_meteo_dag' retrieved from /opt/airflow/dags/energie_meteo_dag.py
[2026-04-09T08:22:05.187+0000] {logging_mixin.py:188} INFO - [2026-04-09T08:22:05.187+0000] {dag.py:3033} INFO - Sync 1 DAGs
[2026-04-09T08:22:05.341+0000] {logging_mixin.py:188} INFO - [2026-04-09T08:22:05.341+0000] {dag.py:3820} INFO - Setting next_dagrun for energie_meteo_dag to 2026-04-09T04:00:00+00:00, run_after=2026-04-10T04:00:00+00:00
[2026-04-09T08:22:05.362+0000] {processor.py:183} INFO - Processing /opt/airflow/dags/energie_meteo_dag.py took 0.277 seconds
[2026-04-09T08:22:35.724+0000] {processor.py:161} INFO - Started process (PID=2204) to work on /opt/airflow/dags/energie_meteo_dag.py
[2026-04-09T08:22:35.725+0000] {processor.py:830} INFO - Processing file /opt/airflow/dags/energie_meteo_dag.py for tasks to queue
[2026-04-09T08:22:35.732+0000] {logging_mixin.py:188} INFO - [2026-04-09T08:22:35.727+0000] {dagbag.py:538} INFO - Filling up the DagBag from /opt/airflow/dags/energie_meteo_dag.py
[2026-04-09T08:22:35.774+0000] {processor.py:840} INFO - DAG(s) 'energie_meteo_dag' retrieved from /opt/airflow/dags/energie_meteo_dag.py
[2026-04-09T08:22:35.866+0000] {logging_mixin.py:188} INFO - [2026-04-09T08:22:35.866+0000] {dag.py:3033} INFO - Sync 1 DAGs
[2026-04-09T08:22:35.953+0000] {logging_mixin.py:188} INFO - [2026-04-09T08:22:35.953+0000] {dag.py:3820} INFO - Setting next_dagrun for energie_meteo_dag to 2026-04-09T04:00:00+00:00, run_after=2026-04-10T04:00:00+00:00
[2026-04-09T08:22:35.991+0000] {processor.py:183} INFO - Processing /opt/airflow/dags/energie_meteo_dag.py took 0.272 seconds
[2026-04-09T08:23:06.635+0000] {processor.py:161} INFO - Started process (PID=2266) to work on /opt/airflow/dags/energie_meteo_dag.py
[2026-04-09T08:23:06.636+0000] {processor.py:830} INFO - Processing file /opt/airflow/dags/energie_meteo_dag.py for tasks to queue
[2026-04-09T08:23:06.638+0000] {logging_mixin.py:188} INFO - [2026-04-09T08:23:06.638+0000] {dagbag.py:538} INFO - Filling up the DagBag from /opt/airflow/dags/energie_meteo_dag.py
[2026-04-09T08:23:06.653+0000] {processor.py:840} INFO - DAG(s) 'energie_meteo_dag' retrieved from /opt/airflow/dags/energie_meteo_dag.py
[2026-04-09T08:23:06.704+0000] {logging_mixin.py:188} INFO - [2026-04-09T08:23:06.704+0000] {dag.py:3033} INFO - Sync 1 DAGs
[2026-04-09T08:23:06.733+0000] {logging_mixin.py:188} INFO - [2026-04-09T08:23:06.732+0000] {dag.py:3820} INFO - Setting next_dagrun for energie_meteo_dag to 2026-04-09T04:00:00+00:00, run_after=2026-04-10T04:00:00+00:00
[2026-04-09T08:23:06.804+0000] {processor.py:183} INFO - Processing /opt/airflow/dags/energie_meteo_dag.py took 0.172 seconds
[2026-04-09T08:23:37.006+0000] {processor.py:161} INFO - Started process (PID=2327) to work on /opt/airflow/dags/energie_meteo_dag.py
[2026-04-09T08:23:37.007+0000] {processor.py:830} INFO - Processing file /opt/airflow/dags/energie_meteo_dag.py for tasks to queue
[2026-04-09T08:23:37.009+0000] {logging_mixin.py:188} INFO - [2026-04-09T08:23:37.009+0000] {dagbag.py:538} INFO - Filling up the DagBag from /opt/airflow/dags/energie_meteo_dag.py
[2026-04-09T08:23:37.024+0000] {processor.py:840} INFO - DAG(s) 'energie_meteo_dag' retrieved from /opt/airflow/dags/energie_meteo_dag.py
[2026-04-09T08:23:37.049+0000] {logging_mixin.py:188} INFO - [2026-04-09T08:23:37.049+0000] {dag.py:3033} INFO - Sync 1 DAGs
[2026-04-09T08:23:37.076+0000] {logging_mixin.py:188} INFO - [2026-04-09T08:23:37.075+0000] {dag.py:3820} INFO - Setting next_dagrun for energie_meteo_dag to 2026-04-09T04:00:00+00:00, run_after=2026-04-10T04:00:00+00:00
[2026-04-09T08:23:37.095+0000] {processor.py:183} INFO - Processing /opt/airflow/dags/energie_meteo_dag.py took 0.093 seconds
[2026-04-09T08:24:07.160+0000] {processor.py:161} INFO - Started process (PID=2388) to work on /opt/airflow/dags/energie_meteo_dag.py
[2026-04-09T08:24:07.161+0000] {processor.py:830} INFO - Processing file /opt/airflow/dags/energie_meteo_dag.py for tasks to queue
[2026-04-09T08:24:07.163+0000] {logging_mixin.py:188} INFO - [2026-04-09T08:24:07.162+0000] {dagbag.py:538} INFO - Filling up the DagBag from /opt/airflow/dags/energie_meteo_dag.py
[2026-04-09T08:24:07.179+0000] {processor.py:840} INFO - DAG(s) 'energie_meteo_dag' retrieved from /opt/airflow/dags/energie_meteo_dag.py
[2026-04-09T08:24:07.202+0000] {logging_mixin.py:188} INFO - [2026-04-09T08:24:07.201+0000] {dag.py:3033} INFO - Sync 1 DAGs
[2026-04-09T08:24:07.229+0000] {logging_mixin.py:188} INFO - [2026-04-09T08:24:07.228+0000] {dag.py:3820} INFO - Setting next_dagrun for energie_meteo_dag to 2026-04-09T04:00:00+00:00, run_after=2026-04-10T04:00:00+00:00
[2026-04-09T08:24:07.250+0000] {processor.py:183} INFO - Processing /opt/airflow/dags/energie_meteo_dag.py took 0.101 seconds
[2026-04-09T08:24:37.681+0000] {processor.py:161} INFO - Started process (PID=2449) to work on /opt/airflow/dags/energie_meteo_dag.py
[2026-04-09T08:24:37.682+0000] {processor.py:830} INFO - Processing file /opt/airflow/dags/energie_meteo_dag.py for tasks to queue
[2026-04-09T08:24:37.683+0000] {logging_mixin.py:188} INFO - [2026-04-09T08:24:37.683+0000] {dagbag.py:538} INFO - Filling up the DagBag from /opt/airflow/dags/energie_meteo_dag.py
[2026-04-09T08:24:37.699+0000] {processor.py:840} INFO - DAG(s) 'energie_meteo_dag' retrieved from /opt/airflow/dags/energie_meteo_dag.py
[2026-04-09T08:24:37.722+0000] {logging_mixin.py:188} INFO - [2026-04-09T08:24:37.722+0000] {dag.py:3033} INFO - Sync 1 DAGs
[2026-04-09T08:24:37.749+0000] {logging_mixin.py:188} INFO - [2026-04-09T08:24:37.749+0000] {dag.py:3820} INFO - Setting next_dagrun for energie_meteo_dag to 2026-04-09T04:00:00+00:00, run_after=2026-04-10T04:00:00+00:00
[2026-04-09T08:24:37.772+0000] {processor.py:183} INFO - Processing /opt/airflow/dags/energie_meteo_dag.py took 0.094 seconds
[2026-04-09T08:25:08.720+0000] {processor.py:161} INFO - Started process (PID=2510) to work on /opt/airflow/dags/energie_meteo_dag.py
[2026-04-09T08:25:08.721+0000] {processor.py:830} INFO - Processing file /opt/airflow/dags/energie_meteo_dag.py for tasks to queue
[2026-04-09T08:25:08.723+0000] {logging_mixin.py:188} INFO - [2026-04-09T08:25:08.723+0000] {dagbag.py:538} INFO - Filling up the DagBag from /opt/airflow/dags/energie_meteo_dag.py
[2026-04-09T08:25:08.738+0000] {processor.py:840} INFO - DAG(s) 'energie_meteo_dag' retrieved from /opt/airflow/dags/energie_meteo_dag.py
[2026-04-09T08:25:08.761+0000] {logging_mixin.py:188} INFO - [2026-04-09T08:25:08.760+0000] {dag.py:3033} INFO - Sync 1 DAGs
[2026-04-09T08:25:08.790+0000] {logging_mixin.py:188} INFO - [2026-04-09T08:25:08.790+0000] {dag.py:3820} INFO - Setting next_dagrun for energie_meteo_dag to 2026-04-09T04:00:00+00:00, run_after=2026-04-10T04:00:00+00:00
[2026-04-09T08:25:08.809+0000] {processor.py:183} INFO - Processing /opt/airflow/dags/energie_meteo_dag.py took 0.092 seconds
[2026-04-09T08:25:39.729+0000] {processor.py:161} INFO - Started process (PID=2571) to work on /opt/airflow/dags/energie_meteo_dag.py
[2026-04-09T08:25:39.732+0000] {processor.py:830} INFO - Processing file /opt/airflow/dags/energie_meteo_dag.py for tasks to queue
[2026-04-09T08:25:39.735+0000] {logging_mixin.py:188} INFO - [2026-04-09T08:25:39.735+0000] {dagbag.py:538} INFO - Filling up the DagBag from /opt/airflow/dags/energie_meteo_dag.py
[2026-04-09T08:25:39.753+0000] {processor.py:840} INFO - DAG(s) 'energie_meteo_dag' retrieved from /opt/airflow/dags/energie_meteo_dag.py
[2026-04-09T08:25:39.778+0000] {logging_mixin.py:188} INFO - [2026-04-09T08:25:39.778+0000] {dag.py:3033} INFO - Sync 1 DAGs
[2026-04-09T08:25:39.812+0000] {logging_mixin.py:188} INFO - [2026-04-09T08:25:39.812+0000] {dag.py:3820} INFO - Setting next_dagrun for energie_meteo_dag to 2026-04-09T04:00:00+00:00, run_after=2026-04-10T04:00:00+00:00
[2026-04-09T08:25:39.833+0000] {processor.py:183} INFO - Processing /opt/airflow/dags/energie_meteo_dag.py took 0.112 seconds
[2026-04-09T08:26:10.273+0000] {processor.py:161} INFO - Started process (PID=2632) to work on /opt/airflow/dags/energie_meteo_dag.py
[2026-04-09T08:26:10.273+0000] {processor.py:830} INFO - Processing file /opt/airflow/dags/energie_meteo_dag.py for tasks to queue
[2026-04-09T08:26:10.276+0000] {logging_mixin.py:188} INFO - [2026-04-09T08:26:10.275+0000] {dagbag.py:538} INFO - Filling up the DagBag from /opt/airflow/dags/energie_meteo_dag.py
[2026-04-09T08:26:10.291+0000] {processor.py:840} INFO - DAG(s) 'energie_meteo_dag' retrieved from /opt/airflow/dags/energie_meteo_dag.py
[2026-04-09T08:26:10.319+0000] {logging_mixin.py:188} INFO - [2026-04-09T08:26:10.318+0000] {dag.py:3033} INFO - Sync 1 DAGs
[2026-04-09T08:26:10.352+0000] {logging_mixin.py:188} INFO - [2026-04-09T08:26:10.352+0000] {dag.py:3820} INFO - Setting next_dagrun for energie_meteo_dag to 2026-04-09T04:00:00+00:00, run_after=2026-04-10T04:00:00+00:00
[2026-04-09T08:26:10.395+0000] {processor.py:183} INFO - Processing /opt/airflow/dags/energie_meteo_dag.py took 0.126 seconds
[2026-04-09T08:26:40.554+0000] {processor.py:161} INFO - Started process (PID=2693) to work on /opt/airflow/dags/energie_meteo_dag.py
[2026-04-09T08:26:40.554+0000] {processor.py:830} INFO - Processing file /opt/airflow/dags/energie_meteo_dag.py for tasks to queue
[2026-04-09T08:26:40.556+0000] {logging_mixin.py:188} INFO - [2026-04-09T08:26:40.556+0000] {dagbag.py:538} INFO - Filling up the DagBag from /opt/airflow/dags/energie_meteo_dag.py
[2026-04-09T08:26:40.579+0000] {processor.py:840} INFO - DAG(s) 'energie_meteo_dag' retrieved from /opt/airflow/dags/energie_meteo_dag.py
[2026-04-09T08:26:40.603+0000] {logging_mixin.py:188} INFO - [2026-04-09T08:26:40.602+0000] {dag.py:3033} INFO - Sync 1 DAGs
[2026-04-09T08:26:40.629+0000] {logging_mixin.py:188} INFO - [2026-04-09T08:26:40.628+0000] {dag.py:3820} INFO - Setting next_dagrun for energie_meteo_dag to 2026-04-09T04:00:00+00:00, run_after=2026-04-10T04:00:00+00:00
[2026-04-09T08:26:40.651+0000] {processor.py:183} INFO - Processing /opt/airflow/dags/energie_meteo_dag.py took 0.101 seconds
[2026-04-09T08:27:10.888+0000] {processor.py:161} INFO - Started process (PID=2754) to work on /opt/airflow/dags/energie_meteo_dag.py
[2026-04-09T08:27:10.889+0000] {processor.py:830} INFO - Processing file /opt/airflow/dags/energie_meteo_dag.py for tasks to queue
[2026-04-09T08:27:10.892+0000] {logging_mixin.py:188} INFO - [2026-04-09T08:27:10.890+0000] {dagbag.py:538} INFO - Filling up the DagBag from /opt/airflow/dags/energie_meteo_dag.py
[2026-04-09T08:27:10.906+0000] {processor.py:840} INFO - DAG(s) 'energie_meteo_dag' retrieved from /opt/airflow/dags/energie_meteo_dag.py
[2026-04-09T08:27:10.930+0000] {logging_mixin.py:188} INFO - [2026-04-09T08:27:10.929+0000] {dag.py:3033} INFO - Sync 1 DAGs
[2026-04-09T08:27:10.958+0000] {logging_mixin.py:188} INFO - [2026-04-09T08:27:10.958+0000] {dag.py:3820} INFO - Setting next_dagrun for energie_meteo_dag to 2026-04-09T04:00:00+00:00, run_after=2026-04-10T04:00:00+00:00
[2026-04-09T08:27:10.983+0000] {processor.py:183} INFO - Processing /opt/airflow/dags/energie_meteo_dag.py took 0.099 seconds
[2026-04-09T08:27:41.388+0000] {processor.py:161} INFO - Started process (PID=2815) to work on /opt/airflow/dags/energie_meteo_dag.py
[2026-04-09T08:27:41.389+0000] {processor.py:830} INFO - Processing file /opt/airflow/dags/energie_meteo_dag.py for tasks to queue
[2026-04-09T08:27:41.391+0000] {logging_mixin.py:188} INFO - [2026-04-09T08:27:41.391+0000] {dagbag.py:538} INFO - Filling up the DagBag from /opt/airflow/dags/energie_meteo_dag.py
[2026-04-09T08:27:41.405+0000] {processor.py:840} INFO - DAG(s) 'energie_meteo_dag' retrieved from /opt/airflow/dags/energie_meteo_dag.py
[2026-04-09T08:27:41.432+0000] {logging_mixin.py:188} INFO - [2026-04-09T08:27:41.431+0000] {dag.py:3033} INFO - Sync 1 DAGs
[2026-04-09T08:27:41.483+0000] {logging_mixin.py:188} INFO - [2026-04-09T08:27:41.482+0000] {dag.py:3820} INFO - Setting next_dagrun for energie_meteo_dag to 2026-04-09T04:00:00+00:00, run_after=2026-04-10T04:00:00+00:00
[2026-04-09T08:27:41.507+0000] {processor.py:183} INFO - Processing /opt/airflow/dags/energie_meteo_dag.py took 0.122 seconds
[2026-04-09T08:28:11.577+0000] {processor.py:161} INFO - Started process (PID=2876) to work on /opt/airflow/dags/energie_meteo_dag.py
[2026-04-09T08:28:11.578+0000] {processor.py:830} INFO - Processing file /opt/airflow/dags/energie_meteo_dag.py for tasks to queue
[2026-04-09T08:28:11.580+0000] {logging_mixin.py:188} INFO - [2026-04-09T08:28:11.580+0000] {dagbag.py:538} INFO - Filling up the DagBag from /opt/airflow/dags/energie_meteo_dag.py
[2026-04-09T08:28:11.595+0000] {processor.py:840} INFO - DAG(s) 'energie_meteo_dag' retrieved from /opt/airflow/dags/energie_meteo_dag.py
[2026-04-09T08:28:11.619+0000] {logging_mixin.py:188} INFO - [2026-04-09T08:28:11.619+0000] {dag.py:3033} INFO - Sync 1 DAGs
[2026-04-09T08:28:11.657+0000] {logging_mixin.py:188} INFO - [2026-04-09T08:28:11.654+0000] {dag.py:3820} INFO - Setting next_dagrun for energie_meteo_dag to 2026-04-09T04:00:00+00:00, run_after=2026-04-10T04:00:00+00:00
[2026-04-09T08:28:11.685+0000] {processor.py:183} INFO - Processing /opt/airflow/dags/energie_meteo_dag.py took 0.111 seconds
[2026-04-09T08:28:41.869+0000] {processor.py:161} INFO - Started process (PID=2937) to work on /opt/airflow/dags/energie_meteo_dag.py
[2026-04-09T08:28:41.870+0000] {processor.py:830} INFO - Processing file /opt/airflow/dags/energie_meteo_dag.py for tasks to queue
[2026-04-09T08:28:41.872+0000] {logging_mixin.py:188} INFO - [2026-04-09T08:28:41.872+0000] {dagbag.py:538} INFO - Filling up the DagBag from /opt/airflow/dags/energie_meteo_dag.py
[2026-04-09T08:28:41.886+0000] {processor.py:840} INFO - DAG(s) 'energie_meteo_dag' retrieved from /opt/airflow/dags/energie_meteo_dag.py
[2026-04-09T08:28:41.911+0000] {logging_mixin.py:188} INFO - [2026-04-09T08:28:41.910+0000] {dag.py:3033} INFO - Sync 1 DAGs
[2026-04-09T08:28:41.936+0000] {logging_mixin.py:188} INFO - [2026-04-09T08:28:41.936+0000] {dag.py:3820} INFO - Setting next_dagrun for energie_meteo_dag to 2026-04-09T04:00:00+00:00, run_after=2026-04-10T04:00:00+00:00
[2026-04-09T08:28:41.958+0000] {processor.py:183} INFO - Processing /opt/airflow/dags/energie_meteo_dag.py took 0.093 seconds
[2026-04-09T08:29:12.451+0000] {processor.py:161} INFO - Started process (PID=2998) to work on /opt/airflow/dags/energie_meteo_dag.py
[2026-04-09T08:29:12.452+0000] {processor.py:830} INFO - Processing file /opt/airflow/dags/energie_meteo_dag.py for tasks to queue
[2026-04-09T08:29:12.454+0000] {logging_mixin.py:188} INFO - [2026-04-09T08:29:12.454+0000] {dagbag.py:538} INFO - Filling up the DagBag from /opt/airflow/dags/energie_meteo_dag.py
[2026-04-09T08:29:12.469+0000] {processor.py:840} INFO - DAG(s) 'energie_meteo_dag' retrieved from /opt/airflow/dags/energie_meteo_dag.py
[2026-04-09T08:29:12.493+0000] {logging_mixin.py:188} INFO - [2026-04-09T08:29:12.492+0000] {dag.py:3033} INFO - Sync 1 DAGs
[2026-04-09T08:29:12.524+0000] {logging_mixin.py:188} INFO - [2026-04-09T08:29:12.524+0000] {dag.py:3820} INFO - Setting next_dagrun for energie_meteo_dag to 2026-04-09T04:00:00+00:00, run_after=2026-04-10T04:00:00+00:00
[2026-04-09T08:29:12.566+0000] {processor.py:183} INFO - Processing /opt/airflow/dags/energie_meteo_dag.py took 0.119 seconds
[2026-04-09T08:29:43.333+0000] {processor.py:161} INFO - Started process (PID=3058) to work on /opt/airflow/dags/energie_meteo_dag.py
[2026-04-09T08:29:43.336+0000] {processor.py:830} INFO - Processing file /opt/airflow/dags/energie_meteo_dag.py for tasks to queue
[2026-04-09T08:29:43.341+0000] {logging_mixin.py:188} INFO - [2026-04-09T08:29:43.340+0000] {dagbag.py:538} INFO - Filling up the DagBag from /opt/airflow/dags/energie_meteo_dag.py
[2026-04-09T08:29:43.385+0000] {processor.py:840} INFO - DAG(s) 'energie_meteo_dag' retrieved from /opt/airflow/dags/energie_meteo_dag.py
[2026-04-09T08:29:43.438+0000] {logging_mixin.py:188} INFO - [2026-04-09T08:29:43.438+0000] {dag.py:3033} INFO - Sync 1 DAGs
[2026-04-09T08:29:43.968+0000] {logging_mixin.py:188} INFO - [2026-04-09T08:29:43.949+0000] {dag.py:3820} INFO - Setting next_dagrun for energie_meteo_dag to 2026-04-09T04:00:00+00:00, run_after=2026-04-10T04:00:00+00:00
[2026-04-09T08:29:44.142+0000] {processor.py:183} INFO - Processing /opt/airflow/dags/energie_meteo_dag.py took 0.815 seconds
[2026-04-09T08:30:14.348+0000] {processor.py:161} INFO - Started process (PID=3119) to work on /opt/airflow/dags/energie_meteo_dag.py
[2026-04-09T08:30:14.349+0000] {processor.py:830} INFO - Processing file /opt/airflow/dags/energie_meteo_dag.py for tasks to queue
[2026-04-09T08:30:14.351+0000] {logging_mixin.py:188} INFO - [2026-04-09T08:30:14.351+0000] {dagbag.py:538} INFO - Filling up the DagBag from /opt/airflow/dags/energie_meteo_dag.py
[2026-04-09T08:30:14.366+0000] {processor.py:840} INFO - DAG(s) 'energie_meteo_dag' retrieved from /opt/airflow/dags/energie_meteo_dag.py
[2026-04-09T08:30:14.396+0000] {logging_mixin.py:188} INFO - [2026-04-09T08:30:14.396+0000] {dag.py:3033} INFO - Sync 1 DAGs
[2026-04-09T08:30:14.444+0000] {logging_mixin.py:188} INFO - [2026-04-09T08:30:14.443+0000] {dag.py:3820} INFO - Setting next_dagrun for energie_meteo_dag to 2026-04-09T04:00:00+00:00, run_after=2026-04-10T04:00:00+00:00
[2026-04-09T08:30:14.464+0000] {processor.py:183} INFO - Processing /opt/airflow/dags/energie_meteo_dag.py took 0.121 seconds
[2026-04-09T08:30:44.578+0000] {processor.py:161} INFO - Started process (PID=3180) to work on /opt/airflow/dags/energie_meteo_dag.py
[2026-04-09T08:30:44.582+0000] {processor.py:830} INFO - Processing file /opt/airflow/dags/energie_meteo_dag.py for tasks to queue
[2026-04-09T08:30:44.590+0000] {logging_mixin.py:188} INFO - [2026-04-09T08:30:44.590+0000] {dagbag.py:538} INFO - Filling up the DagBag from /opt/airflow/dags/energie_meteo_dag.py
[2026-04-09T08:30:44.612+0000] {processor.py:840} INFO - DAG(s) 'energie_meteo_dag' retrieved from /opt/airflow/dags/energie_meteo_dag.py
[2026-04-09T08:30:44.642+0000] {logging_mixin.py:188} INFO - [2026-04-09T08:30:44.642+0000] {dag.py:3033} INFO - Sync 1 DAGs
[2026-04-09T08:30:44.668+0000] {logging_mixin.py:188} INFO - [2026-04-09T08:30:44.668+0000] {dag.py:3820} INFO - Setting next_dagrun for energie_meteo_dag to 2026-04-09T04:00:00+00:00, run_after=2026-04-10T04:00:00+00:00
[2026-04-09T08:30:44.691+0000] {processor.py:183} INFO - Processing /opt/airflow/dags/energie_meteo_dag.py took 0.122 seconds
[2026-04-09T08:31:14.801+0000] {processor.py:161} INFO - Started process (PID=3241) to work on /opt/airflow/dags/energie_meteo_dag.py
[2026-04-09T08:31:14.802+0000] {processor.py:830} INFO - Processing file /opt/airflow/dags/energie_meteo_dag.py for tasks to queue
[2026-04-09T08:31:14.805+0000] {logging_mixin.py:188} INFO - [2026-04-09T08:31:14.804+0000] {dagbag.py:538} INFO - Filling up the DagBag from /opt/airflow/dags/energie_meteo_dag.py
[2026-04-09T08:31:14.819+0000] {processor.py:840} INFO - DAG(s) 'energie_meteo_dag' retrieved from /opt/airflow/dags/energie_meteo_dag.py
[2026-04-09T08:31:14.846+0000] {logging_mixin.py:188} INFO - [2026-04-09T08:31:14.846+0000] {dag.py:3033} INFO - Sync 1 DAGs
[2026-04-09T08:31:14.880+0000] {logging_mixin.py:188} INFO - [2026-04-09T08:31:14.880+0000] {dag.py:3820} INFO - Setting next_dagrun for energie_meteo_dag to 2026-04-09T04:00:00+00:00, run_after=2026-04-10T04:00:00+00:00
[2026-04-09T08:31:14.904+0000] {processor.py:183} INFO - Processing /opt/airflow/dags/energie_meteo_dag.py took 0.106 seconds
[2026-04-09T08:31:45.686+0000] {processor.py:161} INFO - Started process (PID=3302) to work on /opt/airflow/dags/energie_meteo_dag.py
[2026-04-09T08:31:45.689+0000] {processor.py:830} INFO - Processing file /opt/airflow/dags/energie_meteo_dag.py for tasks to queue
[2026-04-09T08:31:45.694+0000] {logging_mixin.py:188} INFO - [2026-04-09T08:31:45.693+0000] {dagbag.py:538} INFO - Filling up the DagBag from /opt/airflow/dags/energie_meteo_dag.py
[2026-04-09T08:31:45.711+0000] {processor.py:840} INFO - DAG(s) 'energie_meteo_dag' retrieved from /opt/airflow/dags/energie_meteo_dag.py
[2026-04-09T08:31:45.734+0000] {logging_mixin.py:188} INFO - [2026-04-09T08:31:45.734+0000] {dag.py:3033} INFO - Sync 1 DAGs
[2026-04-09T08:31:45.781+0000] {logging_mixin.py:188} INFO - [2026-04-09T08:31:45.781+0000] {dag.py:3820} INFO - Setting next_dagrun for energie_meteo_dag to 2026-04-09T04:00:00+00:00, run_after=2026-04-10T04:00:00+00:00
[2026-04-09T08:31:45.803+0000] {processor.py:183} INFO - Processing /opt/airflow/dags/energie_meteo_dag.py took 0.123 seconds
[2026-04-09T08:32:16.089+0000] {processor.py:161} INFO - Started process (PID=3364) to work on /opt/airflow/dags/energie_meteo_dag.py
[2026-04-09T08:32:16.114+0000] {processor.py:830} INFO - Processing file /opt/airflow/dags/energie_meteo_dag.py for tasks to queue
[2026-04-09T08:32:16.120+0000] {logging_mixin.py:188} INFO - [2026-04-09T08:32:16.120+0000] {dagbag.py:538} INFO - Filling up the DagBag from /opt/airflow/dags/energie_meteo_dag.py
[2026-04-09T08:32:16.148+0000] {processor.py:840} INFO - DAG(s) 'energie_meteo_dag' retrieved from /opt/airflow/dags/energie_meteo_dag.py
[2026-04-09T08:32:16.238+0000] {logging_mixin.py:188} INFO - [2026-04-09T08:32:16.237+0000] {dag.py:3033} INFO - Sync 1 DAGs
[2026-04-09T08:32:16.328+0000] {logging_mixin.py:188} INFO - [2026-04-09T08:32:16.327+0000] {dag.py:3820} INFO - Setting next_dagrun for energie_meteo_dag to 2026-04-09T04:00:00+00:00, run_after=2026-04-10T04:00:00+00:00
[2026-04-09T08:32:16.362+0000] {processor.py:183} INFO - Processing /opt/airflow/dags/energie_meteo_dag.py took 0.277 seconds
[2026-04-09T08:32:46.818+0000] {processor.py:161} INFO - Started process (PID=3425) to work on /opt/airflow/dags/energie_meteo_dag.py
[2026-04-09T08:32:46.821+0000] {processor.py:830} INFO - Processing file /opt/airflow/dags/energie_meteo_dag.py for tasks to queue
[2026-04-09T08:32:46.824+0000] {logging_mixin.py:188} INFO - [2026-04-09T08:32:46.824+0000] {dagbag.py:538} INFO - Filling up the DagBag from /opt/airflow/dags/energie_meteo_dag.py
[2026-04-09T08:32:46.844+0000] {processor.py:840} INFO - DAG(s) 'energie_meteo_dag' retrieved from /opt/airflow/dags/energie_meteo_dag.py
[2026-04-09T08:32:46.879+0000] {logging_mixin.py:188} INFO - [2026-04-09T08:32:46.878+0000] {dag.py:3033} INFO - Sync 1 DAGs
[2026-04-09T08:32:46.913+0000] {logging_mixin.py:188} INFO - [2026-04-09T08:32:46.913+0000] {dag.py:3820} INFO - Setting next_dagrun for energie_meteo_dag to 2026-04-09T04:00:00+00:00, run_after=2026-04-10T04:00:00+00:00
[2026-04-09T08:32:46.930+0000] {processor.py:183} INFO - Processing /opt/airflow/dags/energie_meteo_dag.py took 0.117 seconds
[2026-04-09T08:33:17.285+0000] {processor.py:161} INFO - Started process (PID=3486) to work on /opt/airflow/dags/energie_meteo_dag.py
[2026-04-09T08:33:17.289+0000] {processor.py:830} INFO - Processing file /opt/airflow/dags/energie_meteo_dag.py for tasks to queue
[2026-04-09T08:33:17.292+0000] {logging_mixin.py:188} INFO - [2026-04-09T08:33:17.292+0000] {dagbag.py:538} INFO - Filling up the DagBag from /opt/airflow/dags/energie_meteo_dag.py
[2026-04-09T08:33:17.308+0000] {processor.py:840} INFO - DAG(s) 'energie_meteo_dag' retrieved from /opt/airflow/dags/energie_meteo_dag.py
[2026-04-09T08:33:17.346+0000] {logging_mixin.py:188} INFO - [2026-04-09T08:33:17.346+0000] {dag.py:3033} INFO - Sync 1 DAGs
[2026-04-09T08:33:17.461+0000] {logging_mixin.py:188} INFO - [2026-04-09T08:33:17.461+0000] {dag.py:3820} INFO - Setting next_dagrun for energie_meteo_dag to 2026-04-09T04:00:00+00:00, run_after=2026-04-10T04:00:00+00:00
[2026-04-09T08:33:17.551+0000] {processor.py:183} INFO - Processing /opt/airflow/dags/energie_meteo_dag.py took 0.270 seconds
[2026-04-09T08:33:47.968+0000] {processor.py:161} INFO - Started process (PID=3547) to work on /opt/airflow/dags/energie_meteo_dag.py
[2026-04-09T08:33:47.974+0000] {processor.py:830} INFO - Processing file /opt/airflow/dags/energie_meteo_dag.py for tasks to queue
[2026-04-09T08:33:47.980+0000] {logging_mixin.py:188} INFO - [2026-04-09T08:33:47.979+0000] {dagbag.py:538} INFO - Filling up the DagBag from /opt/airflow/dags/energie_meteo_dag.py
[2026-04-09T08:33:48.033+0000] {processor.py:840} INFO - DAG(s) 'energie_meteo_dag' retrieved from /opt/airflow/dags/energie_meteo_dag.py
[2026-04-09T08:33:48.082+0000] {logging_mixin.py:188} INFO - [2026-04-09T08:33:48.081+0000] {dag.py:3033} INFO - Sync 1 DAGs
[2026-04-09T08:33:48.184+0000] {logging_mixin.py:188} INFO - [2026-04-09T08:33:48.182+0000] {dag.py:3820} INFO - Setting next_dagrun for energie_meteo_dag to 2026-04-09T04:00:00+00:00, run_after=2026-04-10T04:00:00+00:00
[2026-04-09T08:33:48.246+0000] {processor.py:183} INFO - Processing /opt/airflow/dags/energie_meteo_dag.py took 0.287 seconds
[2026-04-09T08:34:18.675+0000] {processor.py:161} INFO - Started process (PID=3606) to work on /opt/airflow/dags/energie_meteo_dag.py
[2026-04-09T08:34:18.676+0000] {processor.py:830} INFO - Processing file /opt/airflow/dags/energie_meteo_dag.py for tasks to queue
[2026-04-09T08:34:18.681+0000] {logging_mixin.py:188} INFO - [2026-04-09T08:34:18.681+0000] {dagbag.py:538} INFO - Filling up the DagBag from /opt/airflow/dags/energie_meteo_dag.py
[2026-04-09T08:34:18.699+0000] {processor.py:840} INFO - DAG(s) 'energie_meteo_dag' retrieved from /opt/airflow/dags/energie_meteo_dag.py
[2026-04-09T08:34:18.724+0000] {logging_mixin.py:188} INFO - [2026-04-09T08:34:18.723+0000] {dag.py:3033} INFO - Sync 1 DAGs
[2026-04-09T08:34:18.754+0000] {logging_mixin.py:188} INFO - [2026-04-09T08:34:18.753+0000] {dag.py:3820} INFO - Setting next_dagrun for energie_meteo_dag to 2026-04-09T04:00:00+00:00, run_after=2026-04-10T04:00:00+00:00
[2026-04-09T08:34:18.775+0000] {processor.py:183} INFO - Processing /opt/airflow/dags/energie_meteo_dag.py took 0.103 seconds
[2026-04-09T08:34:49.366+0000] {processor.py:161} INFO - Started process (PID=3667) to work on /opt/airflow/dags/energie_meteo_dag.py
[2026-04-09T08:34:49.367+0000] {processor.py:830} INFO - Processing file /opt/airflow/dags/energie_meteo_dag.py for tasks to queue
[2026-04-09T08:34:49.369+0000] {logging_mixin.py:188} INFO - [2026-04-09T08:34:49.369+0000] {dagbag.py:538} INFO - Filling up the DagBag from /opt/airflow/dags/energie_meteo_dag.py
[2026-04-09T08:34:49.389+0000] {processor.py:840} INFO - DAG(s) 'energie_meteo_dag' retrieved from /opt/airflow/dags/energie_meteo_dag.py
[2026-04-09T08:34:49.414+0000] {logging_mixin.py:188} INFO - [2026-04-09T08:34:49.414+0000] {dag.py:3033} INFO - Sync 1 DAGs
[2026-04-09T08:34:49.445+0000] {logging_mixin.py:188} INFO - [2026-04-09T08:34:49.444+0000] {dag.py:3820} INFO - Setting next_dagrun for energie_meteo_dag to 2026-04-09T04:00:00+00:00, run_after=2026-04-10T04:00:00+00:00
[2026-04-09T08:34:49.473+0000] {processor.py:183} INFO - Processing /opt/airflow/dags/energie_meteo_dag.py took 0.111 seconds
[2026-04-09T08:35:19.804+0000] {processor.py:161} INFO - Started process (PID=3728) to work on /opt/airflow/dags/energie_meteo_dag.py
[2026-04-09T08:35:19.839+0000] {processor.py:830} INFO - Processing file /opt/airflow/dags/energie_meteo_dag.py for tasks to queue
[2026-04-09T08:35:19.852+0000] {logging_mixin.py:188} INFO - [2026-04-09T08:35:19.851+0000] {dagbag.py:538} INFO - Filling up the DagBag from /opt/airflow/dags/energie_meteo_dag.py
[2026-04-09T08:35:19.949+0000] {processor.py:840} INFO - DAG(s) 'energie_meteo_dag' retrieved from /opt/airflow/dags/energie_meteo_dag.py
[2026-04-09T08:35:20.029+0000] {logging_mixin.py:188} INFO - [2026-04-09T08:35:20.028+0000] {dag.py:3033} INFO - Sync 1 DAGs
[2026-04-09T08:35:20.096+0000] {logging_mixin.py:188} INFO - [2026-04-09T08:35:20.096+0000] {dag.py:3820} INFO - Setting next_dagrun for energie_meteo_dag to 2026-04-09T04:00:00+00:00, run_after=2026-04-10T04:00:00+00:00
[2026-04-09T08:35:20.132+0000] {processor.py:183} INFO - Processing /opt/airflow/dags/energie_meteo_dag.py took 0.342 seconds
[2026-04-09T08:35:50.221+0000] {processor.py:161} INFO - Started process (PID=3789) to work on /opt/airflow/dags/energie_meteo_dag.py
[2026-04-09T08:35:50.226+0000] {processor.py:830} INFO - Processing file /opt/airflow/dags/energie_meteo_dag.py for tasks to queue
[2026-04-09T08:35:50.234+0000] {logging_mixin.py:188} INFO - [2026-04-09T08:35:50.234+0000] {dagbag.py:538} INFO - Filling up the DagBag from /opt/airflow/dags/energie_meteo_dag.py
[2026-04-09T08:35:50.268+0000] {processor.py:840} INFO - DAG(s) 'energie_meteo_dag' retrieved from /opt/airflow/dags/energie_meteo_dag.py
[2026-04-09T08:35:50.296+0000] {logging_mixin.py:188} INFO - [2026-04-09T08:35:50.296+0000] {dag.py:3033} INFO - Sync 1 DAGs
[2026-04-09T08:35:50.365+0000] {logging_mixin.py:188} INFO - [2026-04-09T08:35:50.365+0000] {dag.py:3820} INFO - Setting next_dagrun for energie_meteo_dag to 2026-04-09T04:00:00+00:00, run_after=2026-04-10T04:00:00+00:00
[2026-04-09T08:35:50.399+0000] {processor.py:183} INFO - Processing /opt/airflow/dags/energie_meteo_dag.py took 0.188 seconds
[2026-04-09T08:36:20.958+0000] {processor.py:161} INFO - Started process (PID=3850) to work on /opt/airflow/dags/energie_meteo_dag.py
[2026-04-09T08:36:20.959+0000] {processor.py:830} INFO - Processing file /opt/airflow/dags/energie_meteo_dag.py for tasks to queue
[2026-04-09T08:36:20.962+0000] {logging_mixin.py:188} INFO - [2026-04-09T08:36:20.960+0000] {dagbag.py:538} INFO - Filling up the DagBag from /opt/airflow/dags/energie_meteo_dag.py
[2026-04-09T08:36:20.986+0000] {processor.py:840} INFO - DAG(s) 'energie_meteo_dag' retrieved from /opt/airflow/dags/energie_meteo_dag.py
[2026-04-09T08:36:21.016+0000] {logging_mixin.py:188} INFO - [2026-04-09T08:36:21.015+0000] {dag.py:3033} INFO - Sync 1 DAGs
[2026-04-09T08:36:21.063+0000] {logging_mixin.py:188} INFO - [2026-04-09T08:36:21.063+0000] {dag.py:3820} INFO - Setting next_dagrun for energie_meteo_dag to 2026-04-09T04:00:00+00:00, run_after=2026-04-10T04:00:00+00:00
[2026-04-09T08:36:21.103+0000] {processor.py:183} INFO - Processing /opt/airflow/dags/energie_meteo_dag.py took 0.149 seconds
[2026-04-09T08:36:51.295+0000] {processor.py:161} INFO - Started process (PID=3911) to work on /opt/airflow/dags/energie_meteo_dag.py
[2026-04-09T08:36:51.296+0000] {processor.py:830} INFO - Processing file /opt/airflow/dags/energie_meteo_dag.py for tasks to queue
[2026-04-09T08:36:51.299+0000] {logging_mixin.py:188} INFO - [2026-04-09T08:36:51.298+0000] {dagbag.py:538} INFO - Filling up the DagBag from /opt/airflow/dags/energie_meteo_dag.py
[2026-04-09T08:36:51.315+0000] {processor.py:840} INFO - DAG(s) 'energie_meteo_dag' retrieved from /opt/airflow/dags/energie_meteo_dag.py
[2026-04-09T08:36:51.342+0000] {logging_mixin.py:188} INFO - [2026-04-09T08:36:51.340+0000] {dag.py:3033} INFO - Sync 1 DAGs
[2026-04-09T08:36:51.393+0000] {logging_mixin.py:188} INFO - [2026-04-09T08:36:51.392+0000] {dag.py:3820} INFO - Setting next_dagrun for energie_meteo_dag to 2026-04-09T04:00:00+00:00, run_after=2026-04-10T04:00:00+00:00
[2026-04-09T08:36:51.420+0000] {processor.py:183} INFO - Processing /opt/airflow/dags/energie_meteo_dag.py took 0.129 seconds
[2026-04-09T08:37:21.935+0000] {processor.py:161} INFO - Started process (PID=3972) to work on /opt/airflow/dags/energie_meteo_dag.py
[2026-04-09T08:37:21.939+0000] {processor.py:830} INFO - Processing file /opt/airflow/dags/energie_meteo_dag.py for tasks to queue
[2026-04-09T08:37:21.946+0000] {logging_mixin.py:188} INFO - [2026-04-09T08:37:21.946+0000] {dagbag.py:538} INFO - Filling up the DagBag from /opt/airflow/dags/energie_meteo_dag.py
[2026-04-09T08:37:21.962+0000] {processor.py:840} INFO - DAG(s) 'energie_meteo_dag' retrieved from /opt/airflow/dags/energie_meteo_dag.py
[2026-04-09T08:37:22.010+0000] {logging_mixin.py:188} INFO - [2026-04-09T08:37:22.009+0000] {dag.py:3033} INFO - Sync 1 DAGs
[2026-04-09T08:37:22.042+0000] {logging_mixin.py:188} INFO - [2026-04-09T08:37:22.042+0000] {dag.py:3820} INFO - Setting next_dagrun for energie_meteo_dag to 2026-04-09T04:00:00+00:00, run_after=2026-04-10T04:00:00+00:00
[2026-04-09T08:37:22.061+0000] {processor.py:183} INFO - Processing /opt/airflow/dags/energie_meteo_dag.py took 0.133 seconds
[2026-04-09T08:37:52.460+0000] {processor.py:161} INFO - Started process (PID=4033) to work on /opt/airflow/dags/energie_meteo_dag.py
[2026-04-09T08:37:52.461+0000] {processor.py:830} INFO - Processing file /opt/airflow/dags/energie_meteo_dag.py for tasks to queue
[2026-04-09T08:37:52.463+0000] {logging_mixin.py:188} INFO - [2026-04-09T08:37:52.462+0000] {dagbag.py:538} INFO - Filling up the DagBag from /opt/airflow/dags/energie_meteo_dag.py
[2026-04-09T08:37:52.477+0000] {processor.py:840} INFO - DAG(s) 'energie_meteo_dag' retrieved from /opt/airflow/dags/energie_meteo_dag.py
[2026-04-09T08:37:52.509+0000] {logging_mixin.py:188} INFO - [2026-04-09T08:37:52.509+0000] {dag.py:3033} INFO - Sync 1 DAGs
[2026-04-09T08:37:52.549+0000] {logging_mixin.py:188} INFO - [2026-04-09T08:37:52.549+0000] {dag.py:3820} INFO - Setting next_dagrun for energie_meteo_dag to 2026-04-09T04:00:00+00:00, run_after=2026-04-10T04:00:00+00:00
[2026-04-09T08:37:52.567+0000] {processor.py:183} INFO - Processing /opt/airflow/dags/energie_meteo_dag.py took 0.110 seconds
[2026-04-09T08:38:23.073+0000] {processor.py:161} INFO - Started process (PID=4094) to work on /opt/airflow/dags/energie_meteo_dag.py
[2026-04-09T08:38:23.074+0000] {processor.py:830} INFO - Processing file /opt/airflow/dags/energie_meteo_dag.py for tasks to queue
[2026-04-09T08:38:23.076+0000] {logging_mixin.py:188} INFO - [2026-04-09T08:38:23.076+0000] {dagbag.py:538} INFO - Filling up the DagBag from /opt/airflow/dags/energie_meteo_dag.py
[2026-04-09T08:38:23.091+0000] {processor.py:840} INFO - DAG(s) 'energie_meteo_dag' retrieved from /opt/airflow/dags/energie_meteo_dag.py
[2026-04-09T08:38:23.114+0000] {logging_mixin.py:188} INFO - [2026-04-09T08:38:23.114+0000] {dag.py:3033} INFO - Sync 1 DAGs
[2026-04-09T08:38:23.143+0000] {logging_mixin.py:188} INFO - [2026-04-09T08:38:23.143+0000] {dag.py:3820} INFO - Setting next_dagrun for energie_meteo_dag to 2026-04-09T04:00:00+00:00, run_after=2026-04-10T04:00:00+00:00
[2026-04-09T08:38:23.165+0000] {processor.py:183} INFO - Processing /opt/airflow/dags/energie_meteo_dag.py took 0.096 seconds
[2026-04-09T08:38:53.579+0000] {processor.py:161} INFO - Started process (PID=4155) to work on /opt/airflow/dags/energie_meteo_dag.py
[2026-04-09T08:38:53.582+0000] {processor.py:830} INFO - Processing file /opt/airflow/dags/energie_meteo_dag.py for tasks to queue
[2026-04-09T08:38:53.586+0000] {logging_mixin.py:188} INFO - [2026-04-09T08:38:53.586+0000] {dagbag.py:538} INFO - Filling up the DagBag from /opt/airflow/dags/energie_meteo_dag.py
[2026-04-09T08:38:53.608+0000] {processor.py:840} INFO - DAG(s) 'energie_meteo_dag' retrieved from /opt/airflow/dags/energie_meteo_dag.py
[2026-04-09T08:38:53.658+0000] {logging_mixin.py:188} INFO - [2026-04-09T08:38:53.658+0000] {dag.py:3033} INFO - Sync 1 DAGs
[2026-04-09T08:38:53.716+0000] {logging_mixin.py:188} INFO - [2026-04-09T08:38:53.716+0000] {dag.py:3820} INFO - Setting next_dagrun for energie_meteo_dag to 2026-04-09T04:00:00+00:00, run_after=2026-04-10T04:00:00+00:00
[2026-04-09T08:38:53.766+0000] {processor.py:183} INFO - Processing /opt/airflow/dags/energie_meteo_dag.py took 0.194 seconds
[2026-04-09T08:39:23.807+0000] {processor.py:161} INFO - Started process (PID=4216) to work on /opt/airflow/dags/energie_meteo_dag.py
[2026-04-09T08:39:23.808+0000] {processor.py:830} INFO - Processing file /opt/airflow/dags/energie_meteo_dag.py for tasks to queue
[2026-04-09T08:39:23.810+0000] {logging_mixin.py:188} INFO - [2026-04-09T08:39:23.810+0000] {dagbag.py:538} INFO - Filling up the DagBag from /opt/airflow/dags/energie_meteo_dag.py
[2026-04-09T08:39:23.821+0000] {processor.py:840} INFO - DAG(s) 'energie_meteo_dag' retrieved from /opt/airflow/dags/energie_meteo_dag.py
[2026-04-09T08:39:23.844+0000] {logging_mixin.py:188} INFO - [2026-04-09T08:39:23.844+0000] {dag.py:3033} INFO - Sync 1 DAGs
[2026-04-09T08:39:23.872+0000] {logging_mixin.py:188} INFO - [2026-04-09T08:39:23.872+0000] {dag.py:3820} INFO - Setting next_dagrun for energie_meteo_dag to 2026-04-09T04:00:00+00:00, run_after=2026-04-10T04:00:00+00:00
[2026-04-09T08:39:23.890+0000] {processor.py:183} INFO - Processing /opt/airflow/dags/energie_meteo_dag.py took 0.085 seconds
[2026-04-09T08:39:54.422+0000] {processor.py:161} INFO - Started process (PID=4277) to work on /opt/airflow/dags/energie_meteo_dag.py
[2026-04-09T08:39:54.423+0000] {processor.py:830} INFO - Processing file /opt/airflow/dags/energie_meteo_dag.py for tasks to queue
[2026-04-09T08:39:54.425+0000] {logging_mixin.py:188} INFO - [2026-04-09T08:39:54.425+0000] {dagbag.py:538} INFO - Filling up the DagBag from /opt/airflow/dags/energie_meteo_dag.py
[2026-04-09T08:39:54.440+0000] {processor.py:840} INFO - DAG(s) 'energie_meteo_dag' retrieved from /opt/airflow/dags/energie_meteo_dag.py
[2026-04-09T08:39:54.463+0000] {logging_mixin.py:188} INFO - [2026-04-09T08:39:54.463+0000] {dag.py:3033} INFO - Sync 1 DAGs
[2026-04-09T08:39:54.491+0000] {logging_mixin.py:188} INFO - [2026-04-09T08:39:54.490+0000] {dag.py:3820} INFO - Setting next_dagrun for energie_meteo_dag to 2026-04-09T04:00:00+00:00, run_after=2026-04-10T04:00:00+00:00
[2026-04-09T08:39:54.511+0000] {processor.py:183} INFO - Processing /opt/airflow/dags/energie_meteo_dag.py took 0.093 seconds
[2026-04-09T08:40:24.740+0000] {processor.py:161} INFO - Started process (PID=4338) to work on /opt/airflow/dags/energie_meteo_dag.py
[2026-04-09T08:40:24.741+0000] {processor.py:830} INFO - Processing file /opt/airflow/dags/energie_meteo_dag.py for tasks to queue
[2026-04-09T08:40:24.743+0000] {logging_mixin.py:188} INFO - [2026-04-09T08:40:24.742+0000] {dagbag.py:538} INFO - Filling up the DagBag from /opt/airflow/dags/energie_meteo_dag.py
[2026-04-09T08:40:24.757+0000] {processor.py:840} INFO - DAG(s) 'energie_meteo_dag' retrieved from /opt/airflow/dags/energie_meteo_dag.py
[2026-04-09T08:40:24.782+0000] {logging_mixin.py:188} INFO - [2026-04-09T08:40:24.782+0000] {dag.py:3033} INFO - Sync 1 DAGs
[2026-04-09T08:40:24.809+0000] {logging_mixin.py:188} INFO - [2026-04-09T08:40:24.809+0000] {dag.py:3820} INFO - Setting next_dagrun for energie_meteo_dag to 2026-04-09T04:00:00+00:00, run_after=2026-04-10T04:00:00+00:00
[2026-04-09T08:40:24.829+0000] {processor.py:183} INFO - Processing /opt/airflow/dags/energie_meteo_dag.py took 0.093 seconds
[2026-04-09T08:40:55.847+0000] {processor.py:161} INFO - Started process (PID=4399) to work on /opt/airflow/dags/energie_meteo_dag.py
[2026-04-09T08:40:55.848+0000] {processor.py:830} INFO - Processing file /opt/airflow/dags/energie_meteo_dag.py for tasks to queue
[2026-04-09T08:40:55.850+0000] {logging_mixin.py:188} INFO - [2026-04-09T08:40:55.850+0000] {dagbag.py:538} INFO - Filling up the DagBag from /opt/airflow/dags/energie_meteo_dag.py
[2026-04-09T08:40:55.865+0000] {processor.py:840} INFO - DAG(s) 'energie_meteo_dag' retrieved from /opt/airflow/dags/energie_meteo_dag.py
[2026-04-09T08:40:55.887+0000] {logging_mixin.py:188} INFO - [2026-04-09T08:40:55.887+0000] {dag.py:3033} INFO - Sync 1 DAGs
[2026-04-09T08:40:55.917+0000] {logging_mixin.py:188} INFO - [2026-04-09T08:40:55.916+0000] {dag.py:3820} INFO - Setting next_dagrun for energie_meteo_dag to 2026-04-09T04:00:00+00:00, run_after=2026-04-10T04:00:00+00:00
[2026-04-09T08:40:55.937+0000] {processor.py:183} INFO - Processing /opt/airflow/dags/energie_meteo_dag.py took 0.094 seconds
[2026-04-09T08:41:26.897+0000] {processor.py:161} INFO - Started process (PID=4460) to work on /opt/airflow/dags/energie_meteo_dag.py
[2026-04-09T08:41:26.899+0000] {processor.py:830} INFO - Processing file /opt/airflow/dags/energie_meteo_dag.py for tasks to queue
[2026-04-09T08:41:26.906+0000] {logging_mixin.py:188} INFO - [2026-04-09T08:41:26.906+0000] {dagbag.py:538} INFO - Filling up the DagBag from /opt/airflow/dags/energie_meteo_dag.py
[2026-04-09T08:41:26.989+0000] {processor.py:840} INFO - DAG(s) 'energie_meteo_dag' retrieved from /opt/airflow/dags/energie_meteo_dag.py
[2026-04-09T08:41:27.046+0000] {logging_mixin.py:188} INFO - [2026-04-09T08:41:27.045+0000] {dag.py:3033} INFO - Sync 1 DAGs
[2026-04-09T08:41:27.090+0000] {logging_mixin.py:188} INFO - [2026-04-09T08:41:27.089+0000] {dag.py:3820} INFO - Setting next_dagrun for energie_meteo_dag to 2026-04-09T04:00:00+00:00, run_after=2026-04-10T04:00:00+00:00
[2026-04-09T08:41:27.125+0000] {processor.py:183} INFO - Processing /opt/airflow/dags/energie_meteo_dag.py took 0.235 seconds
[2026-04-09T08:41:57.900+0000] {processor.py:161} INFO - Started process (PID=4521) to work on /opt/airflow/dags/energie_meteo_dag.py
[2026-04-09T08:41:57.901+0000] {processor.py:830} INFO - Processing file /opt/airflow/dags/energie_meteo_dag.py for tasks to queue
[2026-04-09T08:41:57.903+0000] {logging_mixin.py:188} INFO - [2026-04-09T08:41:57.903+0000] {dagbag.py:538} INFO - Filling up the DagBag from /opt/airflow/dags/energie_meteo_dag.py
[2026-04-09T08:41:57.918+0000] {processor.py:840} INFO - DAG(s) 'energie_meteo_dag' retrieved from /opt/airflow/dags/energie_meteo_dag.py
[2026-04-09T08:41:57.941+0000] {logging_mixin.py:188} INFO - [2026-04-09T08:41:57.940+0000] {dag.py:3033} INFO - Sync 1 DAGs
[2026-04-09T08:41:57.979+0000] {logging_mixin.py:188} INFO - [2026-04-09T08:41:57.979+0000] {dag.py:3820} INFO - Setting next_dagrun for energie_meteo_dag to 2026-04-09T04:00:00+00:00, run_after=2026-04-10T04:00:00+00:00
[2026-04-09T08:41:58.000+0000] {processor.py:183} INFO - Processing /opt/airflow/dags/energie_meteo_dag.py took 0.104 seconds
[2026-04-09T08:42:28.076+0000] {processor.py:161} INFO - Started process (PID=4582) to work on /opt/airflow/dags/energie_meteo_dag.py
[2026-04-09T08:42:28.077+0000] {processor.py:830} INFO - Processing file /opt/airflow/dags/energie_meteo_dag.py for tasks to queue
[2026-04-09T08:42:28.079+0000] {logging_mixin.py:188} INFO - [2026-04-09T08:42:28.079+0000] {dagbag.py:538} INFO - Filling up the DagBag from /opt/airflow/dags/energie_meteo_dag.py
[2026-04-09T08:42:28.094+0000] {processor.py:840} INFO - DAG(s) 'energie_meteo_dag' retrieved from /opt/airflow/dags/energie_meteo_dag.py
[2026-04-09T08:42:28.120+0000] {logging_mixin.py:188} INFO - [2026-04-09T08:42:28.120+0000] {dag.py:3033} INFO - Sync 1 DAGs
[2026-04-09T08:42:28.148+0000] {logging_mixin.py:188} INFO - [2026-04-09T08:42:28.148+0000] {dag.py:3820} INFO - Setting next_dagrun for energie_meteo_dag to 2026-04-09T04:00:00+00:00, run_after=2026-04-10T04:00:00+00:00
[2026-04-09T08:42:28.169+0000] {processor.py:183} INFO - Processing /opt/airflow/dags/energie_meteo_dag.py took 0.096 seconds
[2026-04-09T08:42:58.817+0000] {processor.py:161} INFO - Started process (PID=4643) to work on /opt/airflow/dags/energie_meteo_dag.py
[2026-04-09T08:42:58.818+0000] {processor.py:830} INFO - Processing file /opt/airflow/dags/energie_meteo_dag.py for tasks to queue
[2026-04-09T08:42:58.820+0000] {logging_mixin.py:188} INFO - [2026-04-09T08:42:58.820+0000] {dagbag.py:538} INFO - Filling up the DagBag from /opt/airflow/dags/energie_meteo_dag.py
[2026-04-09T08:42:58.836+0000] {processor.py:840} INFO - DAG(s) 'energie_meteo_dag' retrieved from /opt/airflow/dags/energie_meteo_dag.py
[2026-04-09T08:42:58.860+0000] {logging_mixin.py:188} INFO - [2026-04-09T08:42:58.859+0000] {dag.py:3033} INFO - Sync 1 DAGs
[2026-04-09T08:42:58.901+0000] {logging_mixin.py:188} INFO - [2026-04-09T08:42:58.900+0000] {dag.py:3820} INFO - Setting next_dagrun for energie_meteo_dag to 2026-04-09T04:00:00+00:00, run_after=2026-04-10T04:00:00+00:00
[2026-04-09T08:42:58.920+0000] {processor.py:183} INFO - Processing /opt/airflow/dags/energie_meteo_dag.py took 0.106 seconds
[2026-04-09T08:43:29.397+0000] {processor.py:161} INFO - Started process (PID=4704) to work on /opt/airflow/dags/energie_meteo_dag.py
[2026-04-09T08:43:29.398+0000] {processor.py:830} INFO - Processing file /opt/airflow/dags/energie_meteo_dag.py for tasks to queue
[2026-04-09T08:43:29.400+0000] {logging_mixin.py:188} INFO - [2026-04-09T08:43:29.399+0000] {dagbag.py:538} INFO - Filling up the DagBag from /opt/airflow/dags/energie_meteo_dag.py
[2026-04-09T08:43:29.415+0000] {processor.py:840} INFO - DAG(s) 'energie_meteo_dag' retrieved from /opt/airflow/dags/energie_meteo_dag.py
[2026-04-09T08:43:29.438+0000] {logging_mixin.py:188} INFO - [2026-04-09T08:43:29.438+0000] {dag.py:3033} INFO - Sync 1 DAGs
[2026-04-09T08:43:29.466+0000] {logging_mixin.py:188} INFO - [2026-04-09T08:43:29.465+0000] {dag.py:3820} INFO - Setting next_dagrun for energie_meteo_dag to 2026-04-09T04:00:00+00:00, run_after=2026-04-10T04:00:00+00:00
[2026-04-09T08:43:29.486+0000] {processor.py:183} INFO - Processing /opt/airflow/dags/energie_meteo_dag.py took 0.093 seconds
[2026-04-09T08:43:59.869+0000] {processor.py:161} INFO - Started process (PID=4765) to work on /opt/airflow/dags/energie_meteo_dag.py
[2026-04-09T08:43:59.870+0000] {processor.py:830} INFO - Processing file /opt/airflow/dags/energie_meteo_dag.py for tasks to queue
[2026-04-09T08:43:59.872+0000] {logging_mixin.py:188} INFO - [2026-04-09T08:43:59.871+0000] {dagbag.py:538} INFO - Filling up the DagBag from /opt/airflow/dags/energie_meteo_dag.py
[2026-04-09T08:43:59.887+0000] {processor.py:840} INFO - DAG(s) 'energie_meteo_dag' retrieved from /opt/airflow/dags/energie_meteo_dag.py
[2026-04-09T08:43:59.915+0000] {logging_mixin.py:188} INFO - [2026-04-09T08:43:59.915+0000] {dag.py:3033} INFO - Sync 1 DAGs
[2026-04-09T08:43:59.942+0000] {logging_mixin.py:188} INFO - [2026-04-09T08:43:59.942+0000] {dag.py:3820} INFO - Setting next_dagrun for energie_meteo_dag to 2026-04-09T04:00:00+00:00, run_after=2026-04-10T04:00:00+00:00
[2026-04-09T08:43:59.960+0000] {processor.py:183} INFO - Processing /opt/airflow/dags/energie_meteo_dag.py took 0.095 seconds
[2026-04-09T08:44:30.707+0000] {processor.py:161} INFO - Started process (PID=4826) to work on /opt/airflow/dags/energie_meteo_dag.py
[2026-04-09T08:44:30.708+0000] {processor.py:830} INFO - Processing file /opt/airflow/dags/energie_meteo_dag.py for tasks to queue
[2026-04-09T08:44:30.710+0000] {logging_mixin.py:188} INFO - [2026-04-09T08:44:30.710+0000] {dagbag.py:538} INFO - Filling up the DagBag from /opt/airflow/dags/energie_meteo_dag.py
[2026-04-09T08:44:30.727+0000] {processor.py:840} INFO - DAG(s) 'energie_meteo_dag' retrieved from /opt/airflow/dags/energie_meteo_dag.py
[2026-04-09T08:44:30.751+0000] {logging_mixin.py:188} INFO - [2026-04-09T08:44:30.751+0000] {dag.py:3033} INFO - Sync 1 DAGs
[2026-04-09T08:44:30.777+0000] {logging_mixin.py:188} INFO - [2026-04-09T08:44:30.777+0000] {dag.py:3820} INFO - Setting next_dagrun for energie_meteo_dag to 2026-04-09T04:00:00+00:00, run_after=2026-04-10T04:00:00+00:00
[2026-04-09T08:44:30.972+0000] {processor.py:183} INFO - Processing /opt/airflow/dags/energie_meteo_dag.py took 0.268 seconds
[2026-04-09T08:45:01.178+0000] {processor.py:161} INFO - Started process (PID=4888) to work on /opt/airflow/dags/energie_meteo_dag.py
[2026-04-09T08:45:01.180+0000] {processor.py:830} INFO - Processing file /opt/airflow/dags/energie_meteo_dag.py for tasks to queue
[2026-04-09T08:45:01.196+0000] {logging_mixin.py:188} INFO - [2026-04-09T08:45:01.193+0000] {dagbag.py:538} INFO - Filling up the DagBag from /opt/airflow/dags/energie_meteo_dag.py
[2026-04-09T08:45:01.255+0000] {processor.py:840} INFO - DAG(s) 'energie_meteo_dag' retrieved from /opt/airflow/dags/energie_meteo_dag.py
[2026-04-09T08:45:01.335+0000] {logging_mixin.py:188} INFO - [2026-04-09T08:45:01.335+0000] {dag.py:3033} INFO - Sync 1 DAGs
[2026-04-09T08:45:01.786+0000] {logging_mixin.py:188} INFO - [2026-04-09T08:45:01.785+0000] {dag.py:3820} INFO - Setting next_dagrun for energie_meteo_dag to 2026-04-09T04:00:00+00:00, run_after=2026-04-10T04:00:00+00:00
[2026-04-09T08:45:01.832+0000] {processor.py:183} INFO - Processing /opt/airflow/dags/energie_meteo_dag.py took 0.662 seconds
[2026-04-09T08:45:32.210+0000] {processor.py:161} INFO - Started process (PID=4949) to work on /opt/airflow/dags/energie_meteo_dag.py
[2026-04-09T08:45:32.211+0000] {processor.py:830} INFO - Processing file /opt/airflow/dags/energie_meteo_dag.py for tasks to queue
[2026-04-09T08:45:32.213+0000] {logging_mixin.py:188} INFO - [2026-04-09T08:45:32.213+0000] {dagbag.py:538} INFO - Filling up the DagBag from /opt/airflow/dags/energie_meteo_dag.py
[2026-04-09T08:45:32.228+0000] {processor.py:840} INFO - DAG(s) 'energie_meteo_dag' retrieved from /opt/airflow/dags/energie_meteo_dag.py
[2026-04-09T08:45:32.251+0000] {logging_mixin.py:188} INFO - [2026-04-09T08:45:32.251+0000] {dag.py:3033} INFO - Sync 1 DAGs
[2026-04-09T08:45:32.278+0000] {logging_mixin.py:188} INFO - [2026-04-09T08:45:32.278+0000] {dag.py:3820} INFO - Setting next_dagrun for energie_meteo_dag to 2026-04-09T04:00:00+00:00, run_after=2026-04-10T04:00:00+00:00
[2026-04-09T08:45:32.299+0000] {processor.py:183} INFO - Processing /opt/airflow/dags/energie_meteo_dag.py took 0.092 seconds
[2026-04-09T08:46:02.686+0000] {processor.py:161} INFO - Started process (PID=5010) to work on /opt/airflow/dags/energie_meteo_dag.py
[2026-04-09T08:46:02.686+0000] {processor.py:830} INFO - Processing file /opt/airflow/dags/energie_meteo_dag.py for tasks to queue
[2026-04-09T08:46:02.688+0000] {logging_mixin.py:188} INFO - [2026-04-09T08:46:02.688+0000] {dagbag.py:538} INFO - Filling up the DagBag from /opt/airflow/dags/energie_meteo_dag.py
[2026-04-09T08:46:02.703+0000] {processor.py:840} INFO - DAG(s) 'energie_meteo_dag' retrieved from /opt/airflow/dags/energie_meteo_dag.py
[2026-04-09T08:46:02.725+0000] {logging_mixin.py:188} INFO - [2026-04-09T08:46:02.725+0000] {dag.py:3033} INFO - Sync 1 DAGs
[2026-04-09T08:46:02.788+0000] {logging_mixin.py:188} INFO - [2026-04-09T08:46:02.788+0000] {dag.py:3820} INFO - Setting next_dagrun for energie_meteo_dag to 2026-04-09T04:00:00+00:00, run_after=2026-04-10T04:00:00+00:00
[2026-04-09T08:46:02.924+0000] {processor.py:183} INFO - Processing /opt/airflow/dags/energie_meteo_dag.py took 0.242 seconds
[2026-04-09T08:46:33.947+0000] {processor.py:161} INFO - Started process (PID=5071) to work on /opt/airflow/dags/energie_meteo_dag.py
[2026-04-09T08:46:33.948+0000] {processor.py:830} INFO - Processing file /opt/airflow/dags/energie_meteo_dag.py for tasks to queue
[2026-04-09T08:46:33.950+0000] {logging_mixin.py:188} INFO - [2026-04-09T08:46:33.949+0000] {dagbag.py:538} INFO - Filling up the DagBag from /opt/airflow/dags/energie_meteo_dag.py
[2026-04-09T08:46:33.964+0000] {processor.py:840} INFO - DAG(s) 'energie_meteo_dag' retrieved from /opt/airflow/dags/energie_meteo_dag.py
[2026-04-09T08:46:33.987+0000] {logging_mixin.py:188} INFO - [2026-04-09T08:46:33.987+0000] {dag.py:3033} INFO - Sync 1 DAGs
[2026-04-09T08:46:34.014+0000] {logging_mixin.py:188} INFO - [2026-04-09T08:46:34.014+0000] {dag.py:3820} INFO - Setting next_dagrun for energie_meteo_dag to 2026-04-09T04:00:00+00:00, run_after=2026-04-10T04:00:00+00:00
[2026-04-09T08:46:34.035+0000] {processor.py:183} INFO - Processing /opt/airflow/dags/energie_meteo_dag.py took 0.092 seconds
[2026-04-09T08:47:04.131+0000] {processor.py:161} INFO - Started process (PID=5132) to work on /opt/airflow/dags/energie_meteo_dag.py
[2026-04-09T08:47:04.132+0000] {processor.py:830} INFO - Processing file /opt/airflow/dags/energie_meteo_dag.py for tasks to queue
[2026-04-09T08:47:04.134+0000] {logging_mixin.py:188} INFO - [2026-04-09T08:47:04.134+0000] {dagbag.py:538} INFO - Filling up the DagBag from /opt/airflow/dags/energie_meteo_dag.py
[2026-04-09T08:47:04.146+0000] {processor.py:840} INFO - DAG(s) 'energie_meteo_dag' retrieved from /opt/airflow/dags/energie_meteo_dag.py
[2026-04-09T08:47:04.162+0000] {logging_mixin.py:188} INFO - [2026-04-09T08:47:04.162+0000] {dag.py:3033} INFO - Sync 1 DAGs
[2026-04-09T08:47:04.181+0000] {logging_mixin.py:188} INFO - [2026-04-09T08:47:04.181+0000] {dag.py:3820} INFO - Setting next_dagrun for energie_meteo_dag to 2026-04-09T04:00:00+00:00, run_after=2026-04-10T04:00:00+00:00
[2026-04-09T08:47:04.316+0000] {processor.py:183} INFO - Processing /opt/airflow/dags/energie_meteo_dag.py took 0.189 seconds
[2026-04-09T08:47:34.562+0000] {processor.py:161} INFO - Started process (PID=5193) to work on /opt/airflow/dags/energie_meteo_dag.py
[2026-04-09T08:47:34.575+0000] {processor.py:830} INFO - Processing file /opt/airflow/dags/energie_meteo_dag.py for tasks to queue
[2026-04-09T08:47:34.580+0000] {logging_mixin.py:188} INFO - [2026-04-09T08:47:34.580+0000] {dagbag.py:538} INFO - Filling up the DagBag from /opt/airflow/dags/energie_meteo_dag.py
[2026-04-09T08:47:34.640+0000] {processor.py:840} INFO - DAG(s) 'energie_meteo_dag' retrieved from /opt/airflow/dags/energie_meteo_dag.py
[2026-04-09T08:47:34.686+0000] {logging_mixin.py:188} INFO - [2026-04-09T08:47:34.686+0000] {dag.py:3033} INFO - Sync 1 DAGs
[2026-04-09T08:47:35.021+0000] {logging_mixin.py:188} INFO - [2026-04-09T08:47:35.018+0000] {dag.py:3820} INFO - Setting next_dagrun for energie_meteo_dag to 2026-04-09T04:00:00+00:00, run_after=2026-04-10T04:00:00+00:00
[2026-04-09T08:47:35.100+0000] {processor.py:183} INFO - Processing /opt/airflow/dags/energie_meteo_dag.py took 0.550 seconds
[2026-04-09T08:48:05.141+0000] {processor.py:161} INFO - Started process (PID=5255) to work on /opt/airflow/dags/energie_meteo_dag.py
[2026-04-09T08:48:05.142+0000] {processor.py:830} INFO - Processing file /opt/airflow/dags/energie_meteo_dag.py for tasks to queue
[2026-04-09T08:48:05.144+0000] {logging_mixin.py:188} INFO - [2026-04-09T08:48:05.143+0000] {dagbag.py:538} INFO - Filling up the DagBag from /opt/airflow/dags/energie_meteo_dag.py
[2026-04-09T08:48:05.153+0000] {processor.py:840} INFO - DAG(s) 'energie_meteo_dag' retrieved from /opt/airflow/dags/energie_meteo_dag.py
[2026-04-09T08:48:05.314+0000] {logging_mixin.py:188} INFO - [2026-04-09T08:48:05.314+0000] {dag.py:3033} INFO - Sync 1 DAGs
[2026-04-09T08:48:05.335+0000] {logging_mixin.py:188} INFO - [2026-04-09T08:48:05.335+0000] {dag.py:3820} INFO - Setting next_dagrun for energie_meteo_dag to 2026-04-09T04:00:00+00:00, run_after=2026-04-10T04:00:00+00:00
[2026-04-09T08:48:05.348+0000] {processor.py:183} INFO - Processing /opt/airflow/dags/energie_meteo_dag.py took 0.210 seconds
[2026-04-09T08:48:35.668+0000] {processor.py:161} INFO - Started process (PID=5315) to work on /opt/airflow/dags/energie_meteo_dag.py
[2026-04-09T08:48:35.672+0000] {processor.py:830} INFO - Processing file /opt/airflow/dags/energie_meteo_dag.py for tasks to queue
[2026-04-09T08:48:35.677+0000] {logging_mixin.py:188} INFO - [2026-04-09T08:48:35.677+0000] {dagbag.py:538} INFO - Filling up the DagBag from /opt/airflow/dags/energie_meteo_dag.py
[2026-04-09T08:48:35.943+0000] {processor.py:840} INFO - DAG(s) 'energie_meteo_dag' retrieved from /opt/airflow/dags/energie_meteo_dag.py
[2026-04-09T08:48:35.962+0000] {logging_mixin.py:188} INFO - [2026-04-09T08:48:35.962+0000] {dag.py:3033} INFO - Sync 1 DAGs
[2026-04-09T08:48:35.986+0000] {logging_mixin.py:188} INFO - [2026-04-09T08:48:35.986+0000] {dag.py:3820} INFO - Setting next_dagrun for energie_meteo_dag to 2026-04-09T04:00:00+00:00, run_after=2026-04-10T04:00:00+00:00
[2026-04-09T08:48:35.999+0000] {processor.py:183} INFO - Processing /opt/airflow/dags/energie_meteo_dag.py took 0.336 seconds
[2026-04-09T08:49:06.057+0000] {processor.py:161} INFO - Started process (PID=5376) to work on /opt/airflow/dags/energie_meteo_dag.py
[2026-04-09T08:49:06.058+0000] {processor.py:830} INFO - Processing file /opt/airflow/dags/energie_meteo_dag.py for tasks to queue
[2026-04-09T08:49:06.064+0000] {logging_mixin.py:188} INFO - [2026-04-09T08:49:06.064+0000] {dagbag.py:538} INFO - Filling up the DagBag from /opt/airflow/dags/energie_meteo_dag.py
[2026-04-09T08:49:06.098+0000] {processor.py:840} INFO - DAG(s) 'energie_meteo_dag' retrieved from /opt/airflow/dags/energie_meteo_dag.py
[2026-04-09T08:49:06.147+0000] {logging_mixin.py:188} INFO - [2026-04-09T08:49:06.146+0000] {dag.py:3033} INFO - Sync 1 DAGs
[2026-04-09T08:49:06.181+0000] {logging_mixin.py:188} INFO - [2026-04-09T08:49:06.180+0000] {dag.py:3820} INFO - Setting next_dagrun for energie_meteo_dag to 2026-04-09T04:00:00+00:00, run_after=2026-04-10T04:00:00+00:00
[2026-04-09T08:49:06.196+0000] {processor.py:183} INFO - Processing /opt/airflow/dags/energie_meteo_dag.py took 0.142 seconds
[2026-04-09T08:49:36.386+0000] {processor.py:161} INFO - Started process (PID=5437) to work on /opt/airflow/dags/energie_meteo_dag.py
[2026-04-09T08:49:36.389+0000] {processor.py:830} INFO - Processing file /opt/airflow/dags/energie_meteo_dag.py for tasks to queue
[2026-04-09T08:49:36.392+0000] {logging_mixin.py:188} INFO - [2026-04-09T08:49:36.392+0000] {dagbag.py:538} INFO - Filling up the DagBag from /opt/airflow/dags/energie_meteo_dag.py
[2026-04-09T08:49:36.411+0000] {processor.py:840} INFO - DAG(s) 'energie_meteo_dag' retrieved from /opt/airflow/dags/energie_meteo_dag.py
[2026-04-09T08:49:36.432+0000] {logging_mixin.py:188} INFO - [2026-04-09T08:49:36.432+0000] {dag.py:3033} INFO - Sync 1 DAGs
[2026-04-09T08:49:36.459+0000] {logging_mixin.py:188} INFO - [2026-04-09T08:49:36.459+0000] {dag.py:3820} INFO - Setting next_dagrun for energie_meteo_dag to 2026-04-09T04:00:00+00:00, run_after=2026-04-10T04:00:00+00:00
[2026-04-09T08:49:36.479+0000] {processor.py:183} INFO - Processing /opt/airflow/dags/energie_meteo_dag.py took 0.097 seconds
[2026-04-09T08:50:06.569+0000] {processor.py:161} INFO - Started process (PID=5498) to work on /opt/airflow/dags/energie_meteo_dag.py
[2026-04-09T08:50:06.573+0000] {processor.py:830} INFO - Processing file /opt/airflow/dags/energie_meteo_dag.py for tasks to queue
[2026-04-09T08:50:06.583+0000] {logging_mixin.py:188} INFO - [2026-04-09T08:50:06.581+0000] {dagbag.py:538} INFO - Filling up the DagBag from /opt/airflow/dags/energie_meteo_dag.py
[2026-04-09T08:50:06.681+0000] {processor.py:840} INFO - DAG(s) 'energie_meteo_dag' retrieved from /opt/airflow/dags/energie_meteo_dag.py
[2026-04-09T08:50:06.771+0000] {logging_mixin.py:188} INFO - [2026-04-09T08:50:06.771+0000] {dag.py:3033} INFO - Sync 1 DAGs
[2026-04-09T08:50:06.832+0000] {logging_mixin.py:188} INFO - [2026-04-09T08:50:06.832+0000] {dag.py:3820} INFO - Setting next_dagrun for energie_meteo_dag to 2026-04-09T04:00:00+00:00, run_after=2026-04-10T04:00:00+00:00
[2026-04-09T08:50:06.927+0000] {processor.py:183} INFO - Processing /opt/airflow/dags/energie_meteo_dag.py took 0.365 seconds
[2026-04-09T08:50:37.617+0000] {processor.py:161} INFO - Started process (PID=5559) to work on /opt/airflow/dags/energie_meteo_dag.py
[2026-04-09T08:50:37.619+0000] {processor.py:830} INFO - Processing file /opt/airflow/dags/energie_meteo_dag.py for tasks to queue
[2026-04-09T08:50:37.621+0000] {logging_mixin.py:188} INFO - [2026-04-09T08:50:37.621+0000] {dagbag.py:538} INFO - Filling up the DagBag from /opt/airflow/dags/energie_meteo_dag.py
[2026-04-09T08:50:37.637+0000] {processor.py:840} INFO - DAG(s) 'energie_meteo_dag' retrieved from /opt/airflow/dags/energie_meteo_dag.py
[2026-04-09T08:50:37.662+0000] {logging_mixin.py:188} INFO - [2026-04-09T08:50:37.662+0000] {dag.py:3033} INFO - Sync 1 DAGs
[2026-04-09T08:50:37.690+0000] {logging_mixin.py:188} INFO - [2026-04-09T08:50:37.690+0000] {dag.py:3820} INFO - Setting next_dagrun for energie_meteo_dag to 2026-04-09T04:00:00+00:00, run_after=2026-04-10T04:00:00+00:00
[2026-04-09T08:50:37.711+0000] {processor.py:183} INFO - Processing /opt/airflow/dags/energie_meteo_dag.py took 0.097 seconds
[2026-04-09T08:51:07.818+0000] {processor.py:161} INFO - Started process (PID=5620) to work on /opt/airflow/dags/energie_meteo_dag.py
[2026-04-09T08:51:07.819+0000] {processor.py:830} INFO - Processing file /opt/airflow/dags/energie_meteo_dag.py for tasks to queue
[2026-04-09T08:51:07.821+0000] {logging_mixin.py:188} INFO - [2026-04-09T08:51:07.821+0000] {dagbag.py:538} INFO - Filling up the DagBag from /opt/airflow/dags/energie_meteo_dag.py
[2026-04-09T08:51:07.845+0000] {processor.py:840} INFO - DAG(s) 'energie_meteo_dag' retrieved from /opt/airflow/dags/energie_meteo_dag.py
[2026-04-09T08:51:07.900+0000] {logging_mixin.py:188} INFO - [2026-04-09T08:51:07.900+0000] {dag.py:3033} INFO - Sync 1 DAGs
[2026-04-09T08:51:07.988+0000] {logging_mixin.py:188} INFO - [2026-04-09T08:51:07.987+0000] {dag.py:3820} INFO - Setting next_dagrun for energie_meteo_dag to 2026-04-09T04:00:00+00:00, run_after=2026-04-10T04:00:00+00:00
[2026-04-09T08:51:08.046+0000] {processor.py:183} INFO - Processing /opt/airflow/dags/energie_meteo_dag.py took 0.231 seconds
[2026-04-09T08:51:38.446+0000] {processor.py:161} INFO - Started process (PID=5681) to work on /opt/airflow/dags/energie_meteo_dag.py
[2026-04-09T08:51:38.447+0000] {processor.py:830} INFO - Processing file /opt/airflow/dags/energie_meteo_dag.py for tasks to queue
[2026-04-09T08:51:38.450+0000] {logging_mixin.py:188} INFO - [2026-04-09T08:51:38.449+0000] {dagbag.py:538} INFO - Filling up the DagBag from /opt/airflow/dags/energie_meteo_dag.py
[2026-04-09T08:51:38.464+0000] {processor.py:840} INFO - DAG(s) 'energie_meteo_dag' retrieved from /opt/airflow/dags/energie_meteo_dag.py
[2026-04-09T08:51:38.489+0000] {logging_mixin.py:188} INFO - [2026-04-09T08:51:38.489+0000] {dag.py:3033} INFO - Sync 1 DAGs
[2026-04-09T08:51:38.531+0000] {logging_mixin.py:188} INFO - [2026-04-09T08:51:38.531+0000] {dag.py:3820} INFO - Setting next_dagrun for energie_meteo_dag to 2026-04-09T04:00:00+00:00, run_after=2026-04-10T04:00:00+00:00
[2026-04-09T08:51:38.547+0000] {processor.py:183} INFO - Processing /opt/airflow/dags/energie_meteo_dag.py took 0.104 seconds
[2026-04-09T08:52:09.080+0000] {processor.py:161} INFO - Started process (PID=5742) to work on /opt/airflow/dags/energie_meteo_dag.py
[2026-04-09T08:52:09.081+0000] {processor.py:830} INFO - Processing file /opt/airflow/dags/energie_meteo_dag.py for tasks to queue
[2026-04-09T08:52:09.083+0000] {logging_mixin.py:188} INFO - [2026-04-09T08:52:09.083+0000] {dagbag.py:538} INFO - Filling up the DagBag from /opt/airflow/dags/energie_meteo_dag.py
[2026-04-09T08:52:09.098+0000] {processor.py:840} INFO - DAG(s) 'energie_meteo_dag' retrieved from /opt/airflow/dags/energie_meteo_dag.py
[2026-04-09T08:52:09.120+0000] {logging_mixin.py:188} INFO - [2026-04-09T08:52:09.120+0000] {dag.py:3033} INFO - Sync 1 DAGs
[2026-04-09T08:52:09.147+0000] {logging_mixin.py:188} INFO - [2026-04-09T08:52:09.147+0000] {dag.py:3820} INFO - Setting next_dagrun for energie_meteo_dag to 2026-04-09T04:00:00+00:00, run_after=2026-04-10T04:00:00+00:00
[2026-04-09T08:52:09.169+0000] {processor.py:183} INFO - Processing /opt/airflow/dags/energie_meteo_dag.py took 0.091 seconds
[2026-04-09T08:52:39.618+0000] {processor.py:161} INFO - Started process (PID=5803) to work on /opt/airflow/dags/energie_meteo_dag.py
[2026-04-09T08:52:39.621+0000] {processor.py:830} INFO - Processing file /opt/airflow/dags/energie_meteo_dag.py for tasks to queue
[2026-04-09T08:52:39.628+0000] {logging_mixin.py:188} INFO - [2026-04-09T08:52:39.627+0000] {dagbag.py:538} INFO - Filling up the DagBag from /opt/airflow/dags/energie_meteo_dag.py
[2026-04-09T08:52:39.649+0000] {processor.py:840} INFO - DAG(s) 'energie_meteo_dag' retrieved from /opt/airflow/dags/energie_meteo_dag.py
[2026-04-09T08:52:39.670+0000] {logging_mixin.py:188} INFO - [2026-04-09T08:52:39.669+0000] {dag.py:3033} INFO - Sync 1 DAGs
[2026-04-09T08:52:39.697+0000] {logging_mixin.py:188} INFO - [2026-04-09T08:52:39.696+0000] {dag.py:3820} INFO - Setting next_dagrun for energie_meteo_dag to 2026-04-09T04:00:00+00:00, run_after=2026-04-10T04:00:00+00:00
[2026-04-09T08:52:39.721+0000] {processor.py:183} INFO - Processing /opt/airflow/dags/energie_meteo_dag.py took 0.110 seconds
[2026-04-09T08:53:10.397+0000] {processor.py:161} INFO - Started process (PID=5864) to work on /opt/airflow/dags/energie_meteo_dag.py
[2026-04-09T08:53:10.398+0000] {processor.py:830} INFO - Processing file /opt/airflow/dags/energie_meteo_dag.py for tasks to queue
[2026-04-09T08:53:10.401+0000] {logging_mixin.py:188} INFO - [2026-04-09T08:53:10.401+0000] {dagbag.py:538} INFO - Filling up the DagBag from /opt/airflow/dags/energie_meteo_dag.py
[2026-04-09T08:53:10.416+0000] {processor.py:840} INFO - DAG(s) 'energie_meteo_dag' retrieved from /opt/airflow/dags/energie_meteo_dag.py
[2026-04-09T08:53:10.437+0000] {logging_mixin.py:188} INFO - [2026-04-09T08:53:10.437+0000] {dag.py:3033} INFO - Sync 1 DAGs
[2026-04-09T08:53:10.466+0000] {logging_mixin.py:188} INFO - [2026-04-09T08:53:10.466+0000] {dag.py:3820} INFO - Setting next_dagrun for energie_meteo_dag to 2026-04-09T04:00:00+00:00, run_after=2026-04-10T04:00:00+00:00
[2026-04-09T08:53:10.486+0000] {processor.py:183} INFO - Processing /opt/airflow/dags/energie_meteo_dag.py took 0.093 seconds
[2026-04-09T08:53:41.373+0000] {processor.py:161} INFO - Started process (PID=5925) to work on /opt/airflow/dags/energie_meteo_dag.py
[2026-04-09T08:53:41.374+0000] {processor.py:830} INFO - Processing file /opt/airflow/dags/energie_meteo_dag.py for tasks to queue
[2026-04-09T08:53:41.376+0000] {logging_mixin.py:188} INFO - [2026-04-09T08:53:41.376+0000] {dagbag.py:538} INFO - Filling up the DagBag from /opt/airflow/dags/energie_meteo_dag.py
[2026-04-09T08:53:41.392+0000] {processor.py:840} INFO - DAG(s) 'energie_meteo_dag' retrieved from /opt/airflow/dags/energie_meteo_dag.py
[2026-04-09T08:53:41.421+0000] {logging_mixin.py:188} INFO - [2026-04-09T08:53:41.421+0000] {dag.py:3033} INFO - Sync 1 DAGs
[2026-04-09T08:53:41.447+0000] {logging_mixin.py:188} INFO - [2026-04-09T08:53:41.447+0000] {dag.py:3820} INFO - Setting next_dagrun for energie_meteo_dag to 2026-04-09T04:00:00+00:00, run_after=2026-04-10T04:00:00+00:00
[2026-04-09T08:53:41.467+0000] {processor.py:183} INFO - Processing /opt/airflow/dags/energie_meteo_dag.py took 0.097 seconds
[2026-04-09T08:54:11.587+0000] {processor.py:161} INFO - Started process (PID=5986) to work on /opt/airflow/dags/energie_meteo_dag.py
[2026-04-09T08:54:11.588+0000] {processor.py:830} INFO - Processing file /opt/airflow/dags/energie_meteo_dag.py for tasks to queue
[2026-04-09T08:54:11.590+0000] {logging_mixin.py:188} INFO - [2026-04-09T08:54:11.590+0000] {dagbag.py:538} INFO - Filling up the DagBag from /opt/airflow/dags/energie_meteo_dag.py
[2026-04-09T08:54:11.605+0000] {processor.py:840} INFO - DAG(s) 'energie_meteo_dag' retrieved from /opt/airflow/dags/energie_meteo_dag.py
[2026-04-09T08:54:11.628+0000] {logging_mixin.py:188} INFO - [2026-04-09T08:54:11.628+0000] {dag.py:3033} INFO - Sync 1 DAGs
[2026-04-09T08:54:11.655+0000] {logging_mixin.py:188} INFO - [2026-04-09T08:54:11.655+0000] {dag.py:3820} INFO - Setting next_dagrun for energie_meteo_dag to 2026-04-09T04:00:00+00:00, run_after=2026-04-10T04:00:00+00:00
[2026-04-09T08:54:11.675+0000] {processor.py:183} INFO - Processing /opt/airflow/dags/energie_meteo_dag.py took 0.091 seconds
[2026-04-09T08:54:42.594+0000] {processor.py:161} INFO - Started process (PID=6053) to work on /opt/airflow/dags/energie_meteo_dag.py
[2026-04-09T08:54:42.595+0000] {processor.py:830} INFO - Processing file /opt/airflow/dags/energie_meteo_dag.py for tasks to queue
[2026-04-09T08:54:42.598+0000] {logging_mixin.py:188} INFO - [2026-04-09T08:54:42.597+0000] {dagbag.py:538} INFO - Filling up the DagBag from /opt/airflow/dags/energie_meteo_dag.py
[2026-04-09T08:54:42.614+0000] {processor.py:840} INFO - DAG(s) 'energie_meteo_dag' retrieved from /opt/airflow/dags/energie_meteo_dag.py
[2026-04-09T08:54:42.637+0000] {logging_mixin.py:188} INFO - [2026-04-09T08:54:42.637+0000] {dag.py:3033} INFO - Sync 1 DAGs
[2026-04-09T08:54:42.666+0000] {logging_mixin.py:188} INFO - [2026-04-09T08:54:42.666+0000] {dag.py:3820} INFO - Setting next_dagrun for energie_meteo_dag to 2026-04-09T04:00:00+00:00, run_after=2026-04-10T04:00:00+00:00
[2026-04-09T08:54:42.686+0000] {processor.py:183} INFO - Processing /opt/airflow/dags/energie_meteo_dag.py took 0.095 seconds
[2026-04-09T08:55:12.957+0000] {processor.py:161} INFO - Started process (PID=6114) to work on /opt/airflow/dags/energie_meteo_dag.py
[2026-04-09T08:55:12.960+0000] {processor.py:830} INFO - Processing file /opt/airflow/dags/energie_meteo_dag.py for tasks to queue
[2026-04-09T08:55:12.965+0000] {logging_mixin.py:188} INFO - [2026-04-09T08:55:12.964+0000] {dagbag.py:538} INFO - Filling up the DagBag from /opt/airflow/dags/energie_meteo_dag.py
[2026-04-09T08:55:12.990+0000] {processor.py:840} INFO - DAG(s) 'energie_meteo_dag' retrieved from /opt/airflow/dags/energie_meteo_dag.py
[2026-04-09T08:55:13.047+0000] {logging_mixin.py:188} INFO - [2026-04-09T08:55:13.046+0000] {dag.py:3033} INFO - Sync 1 DAGs
[2026-04-09T08:55:13.097+0000] {logging_mixin.py:188} INFO - [2026-04-09T08:55:13.097+0000] {dag.py:3820} INFO - Setting next_dagrun for energie_meteo_dag to 2026-04-09T04:00:00+00:00, run_after=2026-04-10T04:00:00+00:00
[2026-04-09T08:55:13.118+0000] {processor.py:183} INFO - Processing /opt/airflow/dags/energie_meteo_dag.py took 0.169 seconds
[2026-04-09T08:55:43.651+0000] {processor.py:161} INFO - Started process (PID=6175) to work on /opt/airflow/dags/energie_meteo_dag.py
[2026-04-09T08:55:43.651+0000] {processor.py:830} INFO - Processing file /opt/airflow/dags/energie_meteo_dag.py for tasks to queue
[2026-04-09T08:55:43.654+0000] {logging_mixin.py:188} INFO - [2026-04-09T08:55:43.654+0000] {dagbag.py:538} INFO - Filling up the DagBag from /opt/airflow/dags/energie_meteo_dag.py
[2026-04-09T08:55:43.670+0000] {processor.py:840} INFO - DAG(s) 'energie_meteo_dag' retrieved from /opt/airflow/dags/energie_meteo_dag.py
[2026-04-09T08:55:43.695+0000] {logging_mixin.py:188} INFO - [2026-04-09T08:55:43.694+0000] {dag.py:3033} INFO - Sync 1 DAGs
[2026-04-09T08:55:43.723+0000] {logging_mixin.py:188} INFO - [2026-04-09T08:55:43.722+0000] {dag.py:3820} INFO - Setting next_dagrun for energie_meteo_dag to 2026-04-09T04:00:00+00:00, run_after=2026-04-10T04:00:00+00:00
[2026-04-09T08:55:43.743+0000] {processor.py:183} INFO - Processing /opt/airflow/dags/energie_meteo_dag.py took 0.095 seconds
[2026-04-09T08:56:13.909+0000] {processor.py:161} INFO - Started process (PID=6236) to work on /opt/airflow/dags/energie_meteo_dag.py
[2026-04-09T08:56:13.910+0000] {processor.py:830} INFO - Processing file /opt/airflow/dags/energie_meteo_dag.py for tasks to queue
[2026-04-09T08:56:13.912+0000] {logging_mixin.py:188} INFO - [2026-04-09T08:56:13.912+0000] {dagbag.py:538} INFO - Filling up the DagBag from /opt/airflow/dags/energie_meteo_dag.py
[2026-04-09T08:56:13.928+0000] {processor.py:840} INFO - DAG(s) 'energie_meteo_dag' retrieved from /opt/airflow/dags/energie_meteo_dag.py
[2026-04-09T08:56:13.952+0000] {logging_mixin.py:188} INFO - [2026-04-09T08:56:13.951+0000] {dag.py:3033} INFO - Sync 1 DAGs
[2026-04-09T08:56:13.979+0000] {logging_mixin.py:188} INFO - [2026-04-09T08:56:13.979+0000] {dag.py:3820} INFO - Setting next_dagrun for energie_meteo_dag to 2026-04-09T04:00:00+00:00, run_after=2026-04-10T04:00:00+00:00
[2026-04-09T08:56:13.999+0000] {processor.py:183} INFO - Processing /opt/airflow/dags/energie_meteo_dag.py took 0.093 seconds
[2026-04-09T08:56:44.762+0000] {processor.py:161} INFO - Started process (PID=6297) to work on /opt/airflow/dags/energie_meteo_dag.py
[2026-04-09T08:56:44.763+0000] {processor.py:830} INFO - Processing file /opt/airflow/dags/energie_meteo_dag.py for tasks to queue
[2026-04-09T08:56:44.765+0000] {logging_mixin.py:188} INFO - [2026-04-09T08:56:44.765+0000] {dagbag.py:538} INFO - Filling up the DagBag from /opt/airflow/dags/energie_meteo_dag.py
[2026-04-09T08:56:44.782+0000] {processor.py:840} INFO - DAG(s) 'energie_meteo_dag' retrieved from /opt/airflow/dags/energie_meteo_dag.py
[2026-04-09T08:56:44.806+0000] {logging_mixin.py:188} INFO - [2026-04-09T08:56:44.806+0000] {dag.py:3033} INFO - Sync 1 DAGs
[2026-04-09T08:56:44.838+0000] {logging_mixin.py:188} INFO - [2026-04-09T08:56:44.838+0000] {dag.py:3820} INFO - Setting next_dagrun for energie_meteo_dag to 2026-04-09T04:00:00+00:00, run_after=2026-04-10T04:00:00+00:00
[2026-04-09T08:56:44.868+0000] {processor.py:183} INFO - Processing /opt/airflow/dags/energie_meteo_dag.py took 0.109 seconds
[2026-04-09T08:57:15.582+0000] {processor.py:161} INFO - Started process (PID=6358) to work on /opt/airflow/dags/energie_meteo_dag.py
[2026-04-09T08:57:15.583+0000] {processor.py:830} INFO - Processing file /opt/airflow/dags/energie_meteo_dag.py for tasks to queue
[2026-04-09T08:57:15.585+0000] {logging_mixin.py:188} INFO - [2026-04-09T08:57:15.585+0000] {dagbag.py:538} INFO - Filling up the DagBag from /opt/airflow/dags/energie_meteo_dag.py
[2026-04-09T08:57:15.606+0000] {processor.py:840} INFO - DAG(s) 'energie_meteo_dag' retrieved from /opt/airflow/dags/energie_meteo_dag.py
[2026-04-09T08:57:15.629+0000] {logging_mixin.py:188} INFO - [2026-04-09T08:57:15.629+0000] {dag.py:3033} INFO - Sync 1 DAGs
[2026-04-09T08:57:15.657+0000] {logging_mixin.py:188} INFO - [2026-04-09T08:57:15.657+0000] {dag.py:3820} INFO - Setting next_dagrun for energie_meteo_dag to 2026-04-09T04:00:00+00:00, run_after=2026-04-10T04:00:00+00:00
[2026-04-09T08:57:15.678+0000] {processor.py:183} INFO - Processing /opt/airflow/dags/energie_meteo_dag.py took 0.099 seconds
[2026-04-09T08:57:45.721+0000] {processor.py:161} INFO - Started process (PID=6419) to work on /opt/airflow/dags/energie_meteo_dag.py
[2026-04-09T08:57:45.723+0000] {processor.py:830} INFO - Processing file /opt/airflow/dags/energie_meteo_dag.py for tasks to queue
[2026-04-09T08:57:45.728+0000] {logging_mixin.py:188} INFO - [2026-04-09T08:57:45.728+0000] {dagbag.py:538} INFO - Filling up the DagBag from /opt/airflow/dags/energie_meteo_dag.py
[2026-04-09T08:57:45.750+0000] {processor.py:840} INFO - DAG(s) 'energie_meteo_dag' retrieved from /opt/airflow/dags/energie_meteo_dag.py
[2026-04-09T08:57:45.772+0000] {logging_mixin.py:188} INFO - [2026-04-09T08:57:45.772+0000] {dag.py:3033} INFO - Sync 1 DAGs
[2026-04-09T08:57:45.805+0000] {logging_mixin.py:188} INFO - [2026-04-09T08:57:45.805+0000] {dag.py:3820} INFO - Setting next_dagrun for energie_meteo_dag to 2026-04-09T04:00:00+00:00, run_after=2026-04-10T04:00:00+00:00
[2026-04-09T08:57:45.831+0000] {processor.py:183} INFO - Processing /opt/airflow/dags/energie_meteo_dag.py took 0.113 seconds
[2026-04-09T08:58:16.783+0000] {processor.py:161} INFO - Started process (PID=6480) to work on /opt/airflow/dags/energie_meteo_dag.py
[2026-04-09T08:58:16.788+0000] {processor.py:830} INFO - Processing file /opt/airflow/dags/energie_meteo_dag.py for tasks to queue
[2026-04-09T08:58:16.792+0000] {logging_mixin.py:188} INFO - [2026-04-09T08:58:16.791+0000] {dagbag.py:538} INFO - Filling up the DagBag from /opt/airflow/dags/energie_meteo_dag.py
[2026-04-09T08:58:16.825+0000] {processor.py:840} INFO - DAG(s) 'energie_meteo_dag' retrieved from /opt/airflow/dags/energie_meteo_dag.py
[2026-04-09T08:58:16.860+0000] {logging_mixin.py:188} INFO - [2026-04-09T08:58:16.860+0000] {dag.py:3033} INFO - Sync 1 DAGs
[2026-04-09T08:58:16.886+0000] {logging_mixin.py:188} INFO - [2026-04-09T08:58:16.886+0000] {dag.py:3820} INFO - Setting next_dagrun for energie_meteo_dag to 2026-04-09T04:00:00+00:00, run_after=2026-04-10T04:00:00+00:00
[2026-04-09T08:58:16.900+0000] {processor.py:183} INFO - Processing /opt/airflow/dags/energie_meteo_dag.py took 0.121 seconds
[2026-04-09T08:58:47.065+0000] {processor.py:161} INFO - Started process (PID=6541) to work on /opt/airflow/dags/energie_meteo_dag.py
[2026-04-09T08:58:47.069+0000] {processor.py:830} INFO - Processing file /opt/airflow/dags/energie_meteo_dag.py for tasks to queue
[2026-04-09T08:58:47.076+0000] {logging_mixin.py:188} INFO - [2026-04-09T08:58:47.076+0000] {dagbag.py:538} INFO - Filling up the DagBag from /opt/airflow/dags/energie_meteo_dag.py
[2026-04-09T08:58:47.105+0000] {processor.py:840} INFO - DAG(s) 'energie_meteo_dag' retrieved from /opt/airflow/dags/energie_meteo_dag.py
[2026-04-09T08:58:47.154+0000] {logging_mixin.py:188} INFO - [2026-04-09T08:58:47.153+0000] {dag.py:3033} INFO - Sync 1 DAGs
[2026-04-09T08:58:47.212+0000] {logging_mixin.py:188} INFO - [2026-04-09T08:58:47.212+0000] {dag.py:3820} INFO - Setting next_dagrun for energie_meteo_dag to 2026-04-09T04:00:00+00:00, run_after=2026-04-10T04:00:00+00:00
[2026-04-09T08:58:47.245+0000] {processor.py:183} INFO - Processing /opt/airflow/dags/energie_meteo_dag.py took 0.186 seconds
[2026-04-09T08:59:18.198+0000] {processor.py:161} INFO - Started process (PID=6602) to work on /opt/airflow/dags/energie_meteo_dag.py
[2026-04-09T08:59:18.209+0000] {processor.py:830} INFO - Processing file /opt/airflow/dags/energie_meteo_dag.py for tasks to queue
[2026-04-09T08:59:18.223+0000] {logging_mixin.py:188} INFO - [2026-04-09T08:59:18.219+0000] {dagbag.py:538} INFO - Filling up the DagBag from /opt/airflow/dags/energie_meteo_dag.py
[2026-04-09T08:59:18.304+0000] {processor.py:840} INFO - DAG(s) 'energie_meteo_dag' retrieved from /opt/airflow/dags/energie_meteo_dag.py
[2026-04-09T08:59:18.370+0000] {logging_mixin.py:188} INFO - [2026-04-09T08:59:18.370+0000] {dag.py:3033} INFO - Sync 1 DAGs
[2026-04-09T08:59:18.429+0000] {logging_mixin.py:188} INFO - [2026-04-09T08:59:18.429+0000] {dag.py:3820} INFO - Setting next_dagrun for energie_meteo_dag to 2026-04-09T04:00:00+00:00, run_after=2026-04-10T04:00:00+00:00
[2026-04-09T08:59:18.472+0000] {processor.py:183} INFO - Processing /opt/airflow/dags/energie_meteo_dag.py took 0.292 seconds
[2026-04-09T08:59:48.749+0000] {processor.py:161} INFO - Started process (PID=6663) to work on /opt/airflow/dags/energie_meteo_dag.py
[2026-04-09T08:59:48.749+0000] {processor.py:830} INFO - Processing file /opt/airflow/dags/energie_meteo_dag.py for tasks to queue
[2026-04-09T08:59:48.752+0000] {logging_mixin.py:188} INFO - [2026-04-09T08:59:48.752+0000] {dagbag.py:538} INFO - Filling up the DagBag from /opt/airflow/dags/energie_meteo_dag.py
[2026-04-09T08:59:48.784+0000] {processor.py:840} INFO - DAG(s) 'energie_meteo_dag' retrieved from /opt/airflow/dags/energie_meteo_dag.py
[2026-04-09T08:59:48.837+0000] {logging_mixin.py:188} INFO - [2026-04-09T08:59:48.836+0000] {dag.py:3033} INFO - Sync 1 DAGs
[2026-04-09T08:59:48.870+0000] {logging_mixin.py:188} INFO - [2026-04-09T08:59:48.869+0000] {dag.py:3820} INFO - Setting next_dagrun for energie_meteo_dag to 2026-04-09T04:00:00+00:00, run_after=2026-04-10T04:00:00+00:00
[2026-04-09T08:59:48.886+0000] {processor.py:183} INFO - Processing /opt/airflow/dags/energie_meteo_dag.py took 0.144 seconds
[2026-04-09T09:00:19.669+0000] {processor.py:161} INFO - Started process (PID=6724) to work on /opt/airflow/dags/energie_meteo_dag.py
[2026-04-09T09:00:19.670+0000] {processor.py:830} INFO - Processing file /opt/airflow/dags/energie_meteo_dag.py for tasks to queue
[2026-04-09T09:00:19.672+0000] {logging_mixin.py:188} INFO - [2026-04-09T09:00:19.672+0000] {dagbag.py:538} INFO - Filling up the DagBag from /opt/airflow/dags/energie_meteo_dag.py
[2026-04-09T09:00:19.695+0000] {processor.py:840} INFO - DAG(s) 'energie_meteo_dag' retrieved from /opt/airflow/dags/energie_meteo_dag.py
[2026-04-09T09:00:19.753+0000] {logging_mixin.py:188} INFO - [2026-04-09T09:00:19.753+0000] {dag.py:3033} INFO - Sync 1 DAGs
[2026-04-09T09:00:19.781+0000] {logging_mixin.py:188} INFO - [2026-04-09T09:00:19.781+0000] {dag.py:3820} INFO - Setting next_dagrun for energie_meteo_dag to 2026-04-09T04:00:00+00:00, run_after=2026-04-10T04:00:00+00:00
[2026-04-09T09:00:19.799+0000] {processor.py:183} INFO - Processing /opt/airflow/dags/energie_meteo_dag.py took 0.133 seconds
[2026-04-09T09:00:50.397+0000] {processor.py:161} INFO - Started process (PID=6785) to work on /opt/airflow/dags/energie_meteo_dag.py
[2026-04-09T09:00:50.397+0000] {processor.py:830} INFO - Processing file /opt/airflow/dags/energie_meteo_dag.py for tasks to queue
[2026-04-09T09:00:50.400+0000] {logging_mixin.py:188} INFO - [2026-04-09T09:00:50.399+0000] {dagbag.py:538} INFO - Filling up the DagBag from /opt/airflow/dags/energie_meteo_dag.py
[2026-04-09T09:00:50.417+0000] {processor.py:840} INFO - DAG(s) 'energie_meteo_dag' retrieved from /opt/airflow/dags/energie_meteo_dag.py
[2026-04-09T09:00:50.439+0000] {logging_mixin.py:188} INFO - [2026-04-09T09:00:50.439+0000] {dag.py:3033} INFO - Sync 1 DAGs
[2026-04-09T09:00:50.465+0000] {logging_mixin.py:188} INFO - [2026-04-09T09:00:50.465+0000] {dag.py:3820} INFO - Setting next_dagrun for energie_meteo_dag to 2026-04-09T04:00:00+00:00, run_after=2026-04-10T04:00:00+00:00
[2026-04-09T09:00:50.485+0000] {processor.py:183} INFO - Processing /opt/airflow/dags/energie_meteo_dag.py took 0.091 seconds
[2026-04-09T09:01:21.103+0000] {processor.py:161} INFO - Started process (PID=6846) to work on /opt/airflow/dags/energie_meteo_dag.py
[2026-04-09T09:01:21.104+0000] {processor.py:830} INFO - Processing file /opt/airflow/dags/energie_meteo_dag.py for tasks to queue
[2026-04-09T09:01:21.106+0000] {logging_mixin.py:188} INFO - [2026-04-09T09:01:21.106+0000] {dagbag.py:538} INFO - Filling up the DagBag from /opt/airflow/dags/energie_meteo_dag.py
[2026-04-09T09:01:21.121+0000] {processor.py:840} INFO - DAG(s) 'energie_meteo_dag' retrieved from /opt/airflow/dags/energie_meteo_dag.py
[2026-04-09T09:01:21.144+0000] {logging_mixin.py:188} INFO - [2026-04-09T09:01:21.144+0000] {dag.py:3033} INFO - Sync 1 DAGs
[2026-04-09T09:01:21.171+0000] {logging_mixin.py:188} INFO - [2026-04-09T09:01:21.171+0000] {dag.py:3820} INFO - Setting next_dagrun for energie_meteo_dag to 2026-04-09T04:00:00+00:00, run_after=2026-04-10T04:00:00+00:00
[2026-04-09T09:01:21.201+0000] {processor.py:183} INFO - Processing /opt/airflow/dags/energie_meteo_dag.py took 0.102 seconds
[2026-04-09T09:01:51.791+0000] {processor.py:161} INFO - Started process (PID=6907) to work on /opt/airflow/dags/energie_meteo_dag.py
[2026-04-09T09:01:51.791+0000] {processor.py:830} INFO - Processing file /opt/airflow/dags/energie_meteo_dag.py for tasks to queue
[2026-04-09T09:01:51.794+0000] {logging_mixin.py:188} INFO - [2026-04-09T09:01:51.793+0000] {dagbag.py:538} INFO - Filling up the DagBag from /opt/airflow/dags/energie_meteo_dag.py
[2026-04-09T09:01:51.808+0000] {processor.py:840} INFO - DAG(s) 'energie_meteo_dag' retrieved from /opt/airflow/dags/energie_meteo_dag.py
[2026-04-09T09:01:51.832+0000] {logging_mixin.py:188} INFO - [2026-04-09T09:01:51.832+0000] {dag.py:3033} INFO - Sync 1 DAGs
[2026-04-09T09:01:51.859+0000] {logging_mixin.py:188} INFO - [2026-04-09T09:01:51.859+0000] {dag.py:3820} INFO - Setting next_dagrun for energie_meteo_dag to 2026-04-09T04:00:00+00:00, run_after=2026-04-10T04:00:00+00:00
[2026-04-09T09:01:51.878+0000] {processor.py:183} INFO - Processing /opt/airflow/dags/energie_meteo_dag.py took 0.091 seconds
[2026-04-09T09:02:21.903+0000] {processor.py:161} INFO - Started process (PID=6968) to work on /opt/airflow/dags/energie_meteo_dag.py
[2026-04-09T09:02:21.903+0000] {processor.py:830} INFO - Processing file /opt/airflow/dags/energie_meteo_dag.py for tasks to queue
[2026-04-09T09:02:21.906+0000] {logging_mixin.py:188} INFO - [2026-04-09T09:02:21.905+0000] {dagbag.py:538} INFO - Filling up the DagBag from /opt/airflow/dags/energie_meteo_dag.py
[2026-04-09T09:02:21.920+0000] {processor.py:840} INFO - DAG(s) 'energie_meteo_dag' retrieved from /opt/airflow/dags/energie_meteo_dag.py
[2026-04-09T09:02:21.950+0000] {logging_mixin.py:188} INFO - [2026-04-09T09:02:21.950+0000] {dag.py:3033} INFO - Sync 1 DAGs
[2026-04-09T09:02:21.978+0000] {logging_mixin.py:188} INFO - [2026-04-09T09:02:21.978+0000] {dag.py:3820} INFO - Setting next_dagrun for energie_meteo_dag to 2026-04-09T04:00:00+00:00, run_after=2026-04-10T04:00:00+00:00
[2026-04-09T09:02:21.998+0000] {processor.py:183} INFO - Processing /opt/airflow/dags/energie_meteo_dag.py took 0.098 seconds
[2026-04-09T09:02:52.334+0000] {processor.py:161} INFO - Started process (PID=7029) to work on /opt/airflow/dags/energie_meteo_dag.py
[2026-04-09T09:02:52.335+0000] {processor.py:830} INFO - Processing file /opt/airflow/dags/energie_meteo_dag.py for tasks to queue
[2026-04-09T09:02:52.337+0000] {logging_mixin.py:188} INFO - [2026-04-09T09:02:52.337+0000] {dagbag.py:538} INFO - Filling up the DagBag from /opt/airflow/dags/energie_meteo_dag.py
[2026-04-09T09:02:52.353+0000] {processor.py:840} INFO - DAG(s) 'energie_meteo_dag' retrieved from /opt/airflow/dags/energie_meteo_dag.py
[2026-04-09T09:02:52.377+0000] {logging_mixin.py:188} INFO - [2026-04-09T09:02:52.377+0000] {dag.py:3033} INFO - Sync 1 DAGs
[2026-04-09T09:02:52.407+0000] {logging_mixin.py:188} INFO - [2026-04-09T09:02:52.407+0000] {dag.py:3820} INFO - Setting next_dagrun for energie_meteo_dag to 2026-04-09T04:00:00+00:00, run_after=2026-04-10T04:00:00+00:00
[2026-04-09T09:02:52.429+0000] {processor.py:183} INFO - Processing /opt/airflow/dags/energie_meteo_dag.py took 0.099 seconds
[2026-04-09T09:03:23.050+0000] {processor.py:161} INFO - Started process (PID=7090) to work on /opt/airflow/dags/energie_meteo_dag.py
[2026-04-09T09:03:23.051+0000] {processor.py:830} INFO - Processing file /opt/airflow/dags/energie_meteo_dag.py for tasks to queue
[2026-04-09T09:03:23.053+0000] {logging_mixin.py:188} INFO - [2026-04-09T09:03:23.053+0000] {dagbag.py:538} INFO - Filling up the DagBag from /opt/airflow/dags/energie_meteo_dag.py
[2026-04-09T09:03:23.068+0000] {processor.py:840} INFO - DAG(s) 'energie_meteo_dag' retrieved from /opt/airflow/dags/energie_meteo_dag.py
[2026-04-09T09:03:23.091+0000] {logging_mixin.py:188} INFO - [2026-04-09T09:03:23.091+0000] {dag.py:3033} INFO - Sync 1 DAGs
[2026-04-09T09:03:23.118+0000] {logging_mixin.py:188} INFO - [2026-04-09T09:03:23.118+0000] {dag.py:3820} INFO - Setting next_dagrun for energie_meteo_dag to 2026-04-09T04:00:00+00:00, run_after=2026-04-10T04:00:00+00:00
[2026-04-09T09:03:23.138+0000] {processor.py:183} INFO - Processing /opt/airflow/dags/energie_meteo_dag.py took 0.091 seconds
[2026-04-09T09:03:53.571+0000] {processor.py:161} INFO - Started process (PID=7152) to work on /opt/airflow/dags/energie_meteo_dag.py
[2026-04-09T09:03:53.572+0000] {processor.py:830} INFO - Processing file /opt/airflow/dags/energie_meteo_dag.py for tasks to queue
[2026-04-09T09:03:53.575+0000] {logging_mixin.py:188} INFO - [2026-04-09T09:03:53.574+0000] {dagbag.py:538} INFO - Filling up the DagBag from /opt/airflow/dags/energie_meteo_dag.py
[2026-04-09T09:03:53.592+0000] {processor.py:840} INFO - DAG(s) 'energie_meteo_dag' retrieved from /opt/airflow/dags/energie_meteo_dag.py
[2026-04-09T09:03:53.614+0000] {logging_mixin.py:188} INFO - [2026-04-09T09:03:53.614+0000] {dag.py:3033} INFO - Sync 1 DAGs
[2026-04-09T09:03:53.641+0000] {logging_mixin.py:188} INFO - [2026-04-09T09:03:53.641+0000] {dag.py:3820} INFO - Setting next_dagrun for energie_meteo_dag to 2026-04-09T04:00:00+00:00, run_after=2026-04-10T04:00:00+00:00
[2026-04-09T09:03:53.660+0000] {processor.py:183} INFO - Processing /opt/airflow/dags/energie_meteo_dag.py took 0.092 seconds
[2026-04-09T09:04:23.989+0000] {processor.py:161} INFO - Started process (PID=7213) to work on /opt/airflow/dags/energie_meteo_dag.py
[2026-04-09T09:04:23.992+0000] {processor.py:830} INFO - Processing file /opt/airflow/dags/energie_meteo_dag.py for tasks to queue
[2026-04-09T09:04:23.999+0000] {logging_mixin.py:188} INFO - [2026-04-09T09:04:23.999+0000] {dagbag.py:538} INFO - Filling up the DagBag from /opt/airflow/dags/energie_meteo_dag.py
[2026-04-09T09:04:24.032+0000] {processor.py:840} INFO - DAG(s) 'energie_meteo_dag' retrieved from /opt/airflow/dags/energie_meteo_dag.py
[2026-04-09T09:04:24.087+0000] {logging_mixin.py:188} INFO - [2026-04-09T09:04:24.087+0000] {dag.py:3033} INFO - Sync 1 DAGs
[2026-04-09T09:04:24.152+0000] {logging_mixin.py:188} INFO - [2026-04-09T09:04:24.152+0000] {dag.py:3820} INFO - Setting next_dagrun for energie_meteo_dag to 2026-04-09T04:00:00+00:00, run_after=2026-04-10T04:00:00+00:00
[2026-04-09T09:04:24.176+0000] {processor.py:183} INFO - Processing /opt/airflow/dags/energie_meteo_dag.py took 0.193 seconds
[2026-04-09T09:04:55.073+0000] {processor.py:161} INFO - Started process (PID=7274) to work on /opt/airflow/dags/energie_meteo_dag.py
[2026-04-09T09:04:55.074+0000] {processor.py:830} INFO - Processing file /opt/airflow/dags/energie_meteo_dag.py for tasks to queue
[2026-04-09T09:04:55.076+0000] {logging_mixin.py:188} INFO - [2026-04-09T09:04:55.076+0000] {dagbag.py:538} INFO - Filling up the DagBag from /opt/airflow/dags/energie_meteo_dag.py
[2026-04-09T09:04:55.091+0000] {processor.py:840} INFO - DAG(s) 'energie_meteo_dag' retrieved from /opt/airflow/dags/energie_meteo_dag.py
[2026-04-09T09:04:55.114+0000] {logging_mixin.py:188} INFO - [2026-04-09T09:04:55.114+0000] {dag.py:3033} INFO - Sync 1 DAGs
[2026-04-09T09:04:55.155+0000] {logging_mixin.py:188} INFO - [2026-04-09T09:04:55.154+0000] {dag.py:3820} INFO - Setting next_dagrun for energie_meteo_dag to 2026-04-09T04:00:00+00:00, run_after=2026-04-10T04:00:00+00:00
[2026-04-09T09:04:55.172+0000] {processor.py:183} INFO - Processing /opt/airflow/dags/energie_meteo_dag.py took 0.102 seconds
[2026-04-09T09:05:25.755+0000] {processor.py:161} INFO - Started process (PID=7335) to work on /opt/airflow/dags/energie_meteo_dag.py
[2026-04-09T09:05:25.756+0000] {processor.py:830} INFO - Processing file /opt/airflow/dags/energie_meteo_dag.py for tasks to queue
[2026-04-09T09:05:25.758+0000] {logging_mixin.py:188} INFO - [2026-04-09T09:05:25.758+0000] {dagbag.py:538} INFO - Filling up the DagBag from /opt/airflow/dags/energie_meteo_dag.py
[2026-04-09T09:05:25.776+0000] {processor.py:840} INFO - DAG(s) 'energie_meteo_dag' retrieved from /opt/airflow/dags/energie_meteo_dag.py
[2026-04-09T09:05:25.800+0000] {logging_mixin.py:188} INFO - [2026-04-09T09:05:25.800+0000] {dag.py:3033} INFO - Sync 1 DAGs
[2026-04-09T09:05:25.828+0000] {logging_mixin.py:188} INFO - [2026-04-09T09:05:25.827+0000] {dag.py:3820} INFO - Setting next_dagrun for energie_meteo_dag to 2026-04-09T04:00:00+00:00, run_after=2026-04-10T04:00:00+00:00
[2026-04-09T09:05:25.848+0000] {processor.py:183} INFO - Processing /opt/airflow/dags/energie_meteo_dag.py took 0.097 seconds
[2026-04-09T09:05:56.222+0000] {processor.py:161} INFO - Started process (PID=7396) to work on /opt/airflow/dags/energie_meteo_dag.py
[2026-04-09T09:05:56.223+0000] {processor.py:830} INFO - Processing file /opt/airflow/dags/energie_meteo_dag.py for tasks to queue
[2026-04-09T09:05:56.225+0000] {logging_mixin.py:188} INFO - [2026-04-09T09:05:56.225+0000] {dagbag.py:538} INFO - Filling up the DagBag from /opt/airflow/dags/energie_meteo_dag.py
[2026-04-09T09:05:56.243+0000] {processor.py:840} INFO - DAG(s) 'energie_meteo_dag' retrieved from /opt/airflow/dags/energie_meteo_dag.py
[2026-04-09T09:05:56.280+0000] {logging_mixin.py:188} INFO - [2026-04-09T09:05:56.280+0000] {dag.py:3033} INFO - Sync 1 DAGs
[2026-04-09T09:05:56.309+0000] {logging_mixin.py:188} INFO - [2026-04-09T09:05:56.309+0000] {dag.py:3820} INFO - Setting next_dagrun for energie_meteo_dag to 2026-04-09T04:00:00+00:00, run_after=2026-04-10T04:00:00+00:00
[2026-04-09T09:05:56.324+0000] {processor.py:183} INFO - Processing /opt/airflow/dags/energie_meteo_dag.py took 0.105 seconds
[2026-04-09T09:06:26.467+0000] {processor.py:161} INFO - Started process (PID=7457) to work on /opt/airflow/dags/energie_meteo_dag.py
[2026-04-09T09:06:26.468+0000] {processor.py:830} INFO - Processing file /opt/airflow/dags/energie_meteo_dag.py for tasks to queue
[2026-04-09T09:06:26.470+0000] {logging_mixin.py:188} INFO - [2026-04-09T09:06:26.470+0000] {dagbag.py:538} INFO - Filling up the DagBag from /opt/airflow/dags/energie_meteo_dag.py
[2026-04-09T09:06:26.486+0000] {processor.py:840} INFO - DAG(s) 'energie_meteo_dag' retrieved from /opt/airflow/dags/energie_meteo_dag.py
[2026-04-09T09:06:26.509+0000] {logging_mixin.py:188} INFO - [2026-04-09T09:06:26.509+0000] {dag.py:3033} INFO - Sync 1 DAGs
[2026-04-09T09:06:26.535+0000] {logging_mixin.py:188} INFO - [2026-04-09T09:06:26.535+0000] {dag.py:3820} INFO - Setting next_dagrun for energie_meteo_dag to 2026-04-09T04:00:00+00:00, run_after=2026-04-10T04:00:00+00:00
[2026-04-09T09:06:26.553+0000] {processor.py:183} INFO - Processing /opt/airflow/dags/energie_meteo_dag.py took 0.089 seconds
[2026-04-09T09:06:57.013+0000] {processor.py:161} INFO - Started process (PID=7518) to work on /opt/airflow/dags/energie_meteo_dag.py
[2026-04-09T09:06:57.013+0000] {processor.py:830} INFO - Processing file /opt/airflow/dags/energie_meteo_dag.py for tasks to queue
[2026-04-09T09:06:57.016+0000] {logging_mixin.py:188} INFO - [2026-04-09T09:06:57.015+0000] {dagbag.py:538} INFO - Filling up the DagBag from /opt/airflow/dags/energie_meteo_dag.py
[2026-04-09T09:06:57.031+0000] {processor.py:840} INFO - DAG(s) 'energie_meteo_dag' retrieved from /opt/airflow/dags/energie_meteo_dag.py
[2026-04-09T09:06:57.055+0000] {logging_mixin.py:188} INFO - [2026-04-09T09:06:57.055+0000] {dag.py:3033} INFO - Sync 1 DAGs
[2026-04-09T09:06:57.082+0000] {logging_mixin.py:188} INFO - [2026-04-09T09:06:57.082+0000] {dag.py:3820} INFO - Setting next_dagrun for energie_meteo_dag to 2026-04-09T04:00:00+00:00, run_after=2026-04-10T04:00:00+00:00
[2026-04-09T09:06:57.100+0000] {processor.py:183} INFO - Processing /opt/airflow/dags/energie_meteo_dag.py took 0.091 seconds
[2026-04-09T09:07:27.519+0000] {processor.py:161} INFO - Started process (PID=7579) to work on /opt/airflow/dags/energie_meteo_dag.py
[2026-04-09T09:07:27.524+0000] {processor.py:830} INFO - Processing file /opt/airflow/dags/energie_meteo_dag.py for tasks to queue
[2026-04-09T09:07:27.528+0000] {logging_mixin.py:188} INFO - [2026-04-09T09:07:27.527+0000] {dagbag.py:538} INFO - Filling up the DagBag from /opt/airflow/dags/energie_meteo_dag.py
[2026-04-09T09:07:27.570+0000] {processor.py:840} INFO - DAG(s) 'energie_meteo_dag' retrieved from /opt/airflow/dags/energie_meteo_dag.py
[2026-04-09T09:07:27.636+0000] {logging_mixin.py:188} INFO - [2026-04-09T09:07:27.636+0000] {dag.py:3033} INFO - Sync 1 DAGs
[2026-04-09T09:07:27.684+0000] {logging_mixin.py:188} INFO - [2026-04-09T09:07:27.684+0000] {dag.py:3820} INFO - Setting next_dagrun for energie_meteo_dag to 2026-04-09T04:00:00+00:00, run_after=2026-04-10T04:00:00+00:00
[2026-04-09T09:07:27.705+0000] {processor.py:183} INFO - Processing /opt/airflow/dags/energie_meteo_dag.py took 0.196 seconds
[2026-04-09T09:07:58.067+0000] {processor.py:161} INFO - Started process (PID=7640) to work on /opt/airflow/dags/energie_meteo_dag.py
[2026-04-09T09:07:58.068+0000] {processor.py:830} INFO - Processing file /opt/airflow/dags/energie_meteo_dag.py for tasks to queue
[2026-04-09T09:07:58.070+0000] {logging_mixin.py:188} INFO - [2026-04-09T09:07:58.070+0000] {dagbag.py:538} INFO - Filling up the DagBag from /opt/airflow/dags/energie_meteo_dag.py
[2026-04-09T09:07:58.086+0000] {processor.py:840} INFO - DAG(s) 'energie_meteo_dag' retrieved from /opt/airflow/dags/energie_meteo_dag.py
[2026-04-09T09:07:58.110+0000] {logging_mixin.py:188} INFO - [2026-04-09T09:07:58.110+0000] {dag.py:3033} INFO - Sync 1 DAGs
[2026-04-09T09:07:58.141+0000] {logging_mixin.py:188} INFO - [2026-04-09T09:07:58.141+0000] {dag.py:3820} INFO - Setting next_dagrun for energie_meteo_dag to 2026-04-09T04:00:00+00:00, run_after=2026-04-10T04:00:00+00:00
[2026-04-09T09:07:58.160+0000] {processor.py:183} INFO - Processing /opt/airflow/dags/energie_meteo_dag.py took 0.096 seconds
[2026-04-09T09:08:28.489+0000] {processor.py:161} INFO - Started process (PID=7701) to work on /opt/airflow/dags/energie_meteo_dag.py
[2026-04-09T09:08:28.490+0000] {processor.py:830} INFO - Processing file /opt/airflow/dags/energie_meteo_dag.py for tasks to queue
[2026-04-09T09:08:28.493+0000] {logging_mixin.py:188} INFO - [2026-04-09T09:08:28.493+0000] {dagbag.py:538} INFO - Filling up the DagBag from /opt/airflow/dags/energie_meteo_dag.py
[2026-04-09T09:08:28.509+0000] {processor.py:840} INFO - DAG(s) 'energie_meteo_dag' retrieved from /opt/airflow/dags/energie_meteo_dag.py
[2026-04-09T09:08:28.535+0000] {logging_mixin.py:188} INFO - [2026-04-09T09:08:28.535+0000] {dag.py:3033} INFO - Sync 1 DAGs
[2026-04-09T09:08:28.563+0000] {logging_mixin.py:188} INFO - [2026-04-09T09:08:28.562+0000] {dag.py:3820} INFO - Setting next_dagrun for energie_meteo_dag to 2026-04-09T04:00:00+00:00, run_after=2026-04-10T04:00:00+00:00
[2026-04-09T09:08:28.583+0000] {processor.py:183} INFO - Processing /opt/airflow/dags/energie_meteo_dag.py took 0.098 seconds
[2026-04-09T09:08:58.809+0000] {processor.py:161} INFO - Started process (PID=7761) to work on /opt/airflow/dags/energie_meteo_dag.py
[2026-04-09T09:08:58.812+0000] {processor.py:830} INFO - Processing file /opt/airflow/dags/energie_meteo_dag.py for tasks to queue
[2026-04-09T09:08:58.818+0000] {logging_mixin.py:188} INFO - [2026-04-09T09:08:58.818+0000] {dagbag.py:538} INFO - Filling up the DagBag from /opt/airflow/dags/energie_meteo_dag.py
[2026-04-09T09:08:58.849+0000] {processor.py:840} INFO - DAG(s) 'energie_meteo_dag' retrieved from /opt/airflow/dags/energie_meteo_dag.py
[2026-04-09T09:08:58.895+0000] {logging_mixin.py:188} INFO - [2026-04-09T09:08:58.895+0000] {dag.py:3033} INFO - Sync 1 DAGs
[2026-04-09T09:08:58.953+0000] {logging_mixin.py:188} INFO - [2026-04-09T09:08:58.953+0000] {dag.py:3820} INFO - Setting next_dagrun for energie_meteo_dag to 2026-04-09T04:00:00+00:00, run_after=2026-04-10T04:00:00+00:00
[2026-04-09T09:08:58.979+0000] {processor.py:183} INFO - Processing /opt/airflow/dags/energie_meteo_dag.py took 0.176 seconds
[2026-04-09T09:09:29.322+0000] {processor.py:161} INFO - Started process (PID=7822) to work on /opt/airflow/dags/energie_meteo_dag.py
[2026-04-09T09:09:29.325+0000] {processor.py:830} INFO - Processing file /opt/airflow/dags/energie_meteo_dag.py for tasks to queue
[2026-04-09T09:09:29.330+0000] {logging_mixin.py:188} INFO - [2026-04-09T09:09:29.330+0000] {dagbag.py:538} INFO - Filling up the DagBag from /opt/airflow/dags/energie_meteo_dag.py
[2026-04-09T09:09:29.350+0000] {processor.py:840} INFO - DAG(s) 'energie_meteo_dag' retrieved from /opt/airflow/dags/energie_meteo_dag.py
[2026-04-09T09:09:29.374+0000] {logging_mixin.py:188} INFO - [2026-04-09T09:09:29.374+0000] {dag.py:3033} INFO - Sync 1 DAGs
[2026-04-09T09:09:29.403+0000] {logging_mixin.py:188} INFO - [2026-04-09T09:09:29.403+0000] {dag.py:3820} INFO - Setting next_dagrun for energie_meteo_dag to 2026-04-09T04:00:00+00:00, run_after=2026-04-10T04:00:00+00:00
[2026-04-09T09:09:29.423+0000] {processor.py:183} INFO - Processing /opt/airflow/dags/energie_meteo_dag.py took 0.109 seconds
[2026-04-09T09:09:59.673+0000] {processor.py:161} INFO - Started process (PID=7883) to work on /opt/airflow/dags/energie_meteo_dag.py
[2026-04-09T09:09:59.674+0000] {processor.py:830} INFO - Processing file /opt/airflow/dags/energie_meteo_dag.py for tasks to queue
[2026-04-09T09:09:59.676+0000] {logging_mixin.py:188} INFO - [2026-04-09T09:09:59.676+0000] {dagbag.py:538} INFO - Filling up the DagBag from /opt/airflow/dags/energie_meteo_dag.py
[2026-04-09T09:09:59.691+0000] {processor.py:840} INFO - DAG(s) 'energie_meteo_dag' retrieved from /opt/airflow/dags/energie_meteo_dag.py
[2026-04-09T09:09:59.717+0000] {logging_mixin.py:188} INFO - [2026-04-09T09:09:59.717+0000] {dag.py:3033} INFO - Sync 1 DAGs
[2026-04-09T09:09:59.746+0000] {logging_mixin.py:188} INFO - [2026-04-09T09:09:59.746+0000] {dag.py:3820} INFO - Setting next_dagrun for energie_meteo_dag to 2026-04-09T04:00:00+00:00, run_after=2026-04-10T04:00:00+00:00
[2026-04-09T09:09:59.767+0000] {processor.py:183} INFO - Processing /opt/airflow/dags/energie_meteo_dag.py took 0.097 seconds
[2026-04-09T09:10:30.120+0000] {processor.py:161} INFO - Started process (PID=7944) to work on /opt/airflow/dags/energie_meteo_dag.py
[2026-04-09T09:10:30.121+0000] {processor.py:830} INFO - Processing file /opt/airflow/dags/energie_meteo_dag.py for tasks to queue
[2026-04-09T09:10:30.123+0000] {logging_mixin.py:188} INFO - [2026-04-09T09:10:30.123+0000] {dagbag.py:538} INFO - Filling up the DagBag from /opt/airflow/dags/energie_meteo_dag.py
[2026-04-09T09:10:30.138+0000] {processor.py:840} INFO - DAG(s) 'energie_meteo_dag' retrieved from /opt/airflow/dags/energie_meteo_dag.py
[2026-04-09T09:10:30.161+0000] {logging_mixin.py:188} INFO - [2026-04-09T09:10:30.161+0000] {dag.py:3033} INFO - Sync 1 DAGs
[2026-04-09T09:10:30.188+0000] {logging_mixin.py:188} INFO - [2026-04-09T09:10:30.188+0000] {dag.py:3820} INFO - Setting next_dagrun for energie_meteo_dag to 2026-04-09T04:00:00+00:00, run_after=2026-04-10T04:00:00+00:00
[2026-04-09T09:10:30.211+0000] {processor.py:183} INFO - Processing /opt/airflow/dags/energie_meteo_dag.py took 0.095 seconds
[2026-04-09T09:11:00.431+0000] {processor.py:161} INFO - Started process (PID=8005) to work on /opt/airflow/dags/energie_meteo_dag.py
[2026-04-09T09:11:00.436+0000] {processor.py:830} INFO - Processing file /opt/airflow/dags/energie_meteo_dag.py for tasks to queue
[2026-04-09T09:11:00.441+0000] {logging_mixin.py:188} INFO - [2026-04-09T09:11:00.440+0000] {dagbag.py:538} INFO - Filling up the DagBag from /opt/airflow/dags/energie_meteo_dag.py
[2026-04-09T09:11:00.474+0000] {processor.py:840} INFO - DAG(s) 'energie_meteo_dag' retrieved from /opt/airflow/dags/energie_meteo_dag.py
[2026-04-09T09:11:00.532+0000] {logging_mixin.py:188} INFO - [2026-04-09T09:11:00.532+0000] {dag.py:3033} INFO - Sync 1 DAGs
[2026-04-09T09:11:00.637+0000] {logging_mixin.py:188} INFO - [2026-04-09T09:11:00.633+0000] {dag.py:3820} INFO - Setting next_dagrun for energie_meteo_dag to 2026-04-09T04:00:00+00:00, run_after=2026-04-10T04:00:00+00:00
[2026-04-09T09:11:00.680+0000] {processor.py:183} INFO - Processing /opt/airflow/dags/energie_meteo_dag.py took 0.260 seconds
[2026-04-09T09:11:31.555+0000] {processor.py:161} INFO - Started process (PID=8066) to work on /opt/airflow/dags/energie_meteo_dag.py
[2026-04-09T09:11:31.556+0000] {processor.py:830} INFO - Processing file /opt/airflow/dags/energie_meteo_dag.py for tasks to queue
[2026-04-09T09:11:31.558+0000] {logging_mixin.py:188} INFO - [2026-04-09T09:11:31.558+0000] {dagbag.py:538} INFO - Filling up the DagBag from /opt/airflow/dags/energie_meteo_dag.py
[2026-04-09T09:11:31.573+0000] {processor.py:840} INFO - DAG(s) 'energie_meteo_dag' retrieved from /opt/airflow/dags/energie_meteo_dag.py
[2026-04-09T09:11:31.597+0000] {logging_mixin.py:188} INFO - [2026-04-09T09:11:31.596+0000] {dag.py:3033} INFO - Sync 1 DAGs
[2026-04-09T09:11:31.623+0000] {logging_mixin.py:188} INFO - [2026-04-09T09:11:31.623+0000] {dag.py:3820} INFO - Setting next_dagrun for energie_meteo_dag to 2026-04-09T04:00:00+00:00, run_after=2026-04-10T04:00:00+00:00
[2026-04-09T09:11:31.652+0000] {processor.py:183} INFO - Processing /opt/airflow/dags/energie_meteo_dag.py took 0.101 seconds
[2026-04-09T09:12:01.975+0000] {processor.py:161} INFO - Started process (PID=8127) to work on /opt/airflow/dags/energie_meteo_dag.py
[2026-04-09T09:12:01.977+0000] {processor.py:830} INFO - Processing file /opt/airflow/dags/energie_meteo_dag.py for tasks to queue
[2026-04-09T09:12:01.981+0000] {logging_mixin.py:188} INFO - [2026-04-09T09:12:01.979+0000] {dagbag.py:538} INFO - Filling up the DagBag from /opt/airflow/dags/energie_meteo_dag.py
[2026-04-09T09:12:02.010+0000] {processor.py:840} INFO - DAG(s) 'energie_meteo_dag' retrieved from /opt/airflow/dags/energie_meteo_dag.py
[2026-04-09T09:12:02.031+0000] {logging_mixin.py:188} INFO - [2026-04-09T09:12:02.031+0000] {dag.py:3033} INFO - Sync 1 DAGs
[2026-04-09T09:12:02.057+0000] {logging_mixin.py:188} INFO - [2026-04-09T09:12:02.056+0000] {dag.py:3820} INFO - Setting next_dagrun for energie_meteo_dag to 2026-04-09T04:00:00+00:00, run_after=2026-04-10T04:00:00+00:00
[2026-04-09T09:12:02.073+0000] {processor.py:183} INFO - Processing /opt/airflow/dags/energie_meteo_dag.py took 0.104 seconds
[2026-04-09T09:12:32.922+0000] {processor.py:161} INFO - Started process (PID=8188) to work on /opt/airflow/dags/energie_meteo_dag.py
[2026-04-09T09:12:32.924+0000] {processor.py:830} INFO - Processing file /opt/airflow/dags/energie_meteo_dag.py for tasks to queue
[2026-04-09T09:12:32.926+0000] {logging_mixin.py:188} INFO - [2026-04-09T09:12:32.926+0000] {dagbag.py:538} INFO - Filling up the DagBag from /opt/airflow/dags/energie_meteo_dag.py
[2026-04-09T09:12:32.946+0000] {processor.py:840} INFO - DAG(s) 'energie_meteo_dag' retrieved from /opt/airflow/dags/energie_meteo_dag.py
[2026-04-09T09:12:32.966+0000] {logging_mixin.py:188} INFO - [2026-04-09T09:12:32.966+0000] {dag.py:3033} INFO - Sync 1 DAGs
[2026-04-09T09:12:32.992+0000] {logging_mixin.py:188} INFO - [2026-04-09T09:12:32.992+0000] {dag.py:3820} INFO - Setting next_dagrun for energie_meteo_dag to 2026-04-09T04:00:00+00:00, run_after=2026-04-10T04:00:00+00:00
[2026-04-09T09:12:33.010+0000] {processor.py:183} INFO - Processing /opt/airflow/dags/energie_meteo_dag.py took 0.092 seconds
[2026-04-09T09:13:03.342+0000] {processor.py:161} INFO - Started process (PID=8249) to work on /opt/airflow/dags/energie_meteo_dag.py
[2026-04-09T09:13:03.343+0000] {processor.py:830} INFO - Processing file /opt/airflow/dags/energie_meteo_dag.py for tasks to queue
[2026-04-09T09:13:03.347+0000] {logging_mixin.py:188} INFO - [2026-04-09T09:13:03.346+0000] {dagbag.py:538} INFO - Filling up the DagBag from /opt/airflow/dags/energie_meteo_dag.py
[2026-04-09T09:13:03.374+0000] {processor.py:840} INFO - DAG(s) 'energie_meteo_dag' retrieved from /opt/airflow/dags/energie_meteo_dag.py
[2026-04-09T09:13:03.457+0000] {logging_mixin.py:188} INFO - [2026-04-09T09:13:03.457+0000] {dag.py:3033} INFO - Sync 1 DAGs
[2026-04-09T09:13:03.500+0000] {logging_mixin.py:188} INFO - [2026-04-09T09:13:03.500+0000] {dag.py:3820} INFO - Setting next_dagrun for energie_meteo_dag to 2026-04-09T04:00:00+00:00, run_after=2026-04-10T04:00:00+00:00
[2026-04-09T09:13:03.542+0000] {processor.py:183} INFO - Processing /opt/airflow/dags/energie_meteo_dag.py took 0.208 seconds
[2026-04-09T09:13:33.692+0000] {processor.py:161} INFO - Started process (PID=8309) to work on /opt/airflow/dags/energie_meteo_dag.py
[2026-04-09T09:13:33.693+0000] {processor.py:830} INFO - Processing file /opt/airflow/dags/energie_meteo_dag.py for tasks to queue
[2026-04-09T09:13:33.696+0000] {logging_mixin.py:188} INFO - [2026-04-09T09:13:33.695+0000] {dagbag.py:538} INFO - Filling up the DagBag from /opt/airflow/dags/energie_meteo_dag.py
[2026-04-09T09:13:33.711+0000] {processor.py:840} INFO - DAG(s) 'energie_meteo_dag' retrieved from /opt/airflow/dags/energie_meteo_dag.py
[2026-04-09T09:13:33.734+0000] {logging_mixin.py:188} INFO - [2026-04-09T09:13:33.733+0000] {dag.py:3033} INFO - Sync 1 DAGs
[2026-04-09T09:13:33.760+0000] {logging_mixin.py:188} INFO - [2026-04-09T09:13:33.760+0000] {dag.py:3820} INFO - Setting next_dagrun for energie_meteo_dag to 2026-04-09T04:00:00+00:00, run_after=2026-04-10T04:00:00+00:00
[2026-04-09T09:13:33.784+0000] {processor.py:183} INFO - Processing /opt/airflow/dags/energie_meteo_dag.py took 0.097 seconds
[2026-04-09T09:14:04.622+0000] {processor.py:161} INFO - Started process (PID=8370) to work on /opt/airflow/dags/energie_meteo_dag.py
[2026-04-09T09:14:04.623+0000] {processor.py:830} INFO - Processing file /opt/airflow/dags/energie_meteo_dag.py for tasks to queue
[2026-04-09T09:14:04.628+0000] {logging_mixin.py:188} INFO - [2026-04-09T09:14:04.627+0000] {dagbag.py:538} INFO - Filling up the DagBag from /opt/airflow/dags/energie_meteo_dag.py
[2026-04-09T09:14:04.646+0000] {processor.py:840} INFO - DAG(s) 'energie_meteo_dag' retrieved from /opt/airflow/dags/energie_meteo_dag.py
[2026-04-09T09:14:04.668+0000] {logging_mixin.py:188} INFO - [2026-04-09T09:14:04.668+0000] {dag.py:3033} INFO - Sync 1 DAGs
[2026-04-09T09:14:04.696+0000] {logging_mixin.py:188} INFO - [2026-04-09T09:14:04.696+0000] {dag.py:3820} INFO - Setting next_dagrun for energie_meteo_dag to 2026-04-09T04:00:00+00:00, run_after=2026-04-10T04:00:00+00:00
[2026-04-09T09:14:04.721+0000] {processor.py:183} INFO - Processing /opt/airflow/dags/energie_meteo_dag.py took 0.102 seconds
[2026-04-09T09:14:35.642+0000] {processor.py:161} INFO - Started process (PID=8431) to work on /opt/airflow/dags/energie_meteo_dag.py
[2026-04-09T09:14:35.642+0000] {processor.py:830} INFO - Processing file /opt/airflow/dags/energie_meteo_dag.py for tasks to queue
[2026-04-09T09:14:35.645+0000] {logging_mixin.py:188} INFO - [2026-04-09T09:14:35.644+0000] {dagbag.py:538} INFO - Filling up the DagBag from /opt/airflow/dags/energie_meteo_dag.py
[2026-04-09T09:14:35.659+0000] {processor.py:840} INFO - DAG(s) 'energie_meteo_dag' retrieved from /opt/airflow/dags/energie_meteo_dag.py
[2026-04-09T09:14:35.682+0000] {logging_mixin.py:188} INFO - [2026-04-09T09:14:35.681+0000] {dag.py:3033} INFO - Sync 1 DAGs
[2026-04-09T09:14:35.730+0000] {logging_mixin.py:188} INFO - [2026-04-09T09:14:35.730+0000] {dag.py:3820} INFO - Setting next_dagrun for energie_meteo_dag to 2026-04-09T04:00:00+00:00, run_after=2026-04-10T04:00:00+00:00
[2026-04-09T09:14:35.774+0000] {processor.py:183} INFO - Processing /opt/airflow/dags/energie_meteo_dag.py took 0.136 seconds
[2026-04-09T09:15:06.109+0000] {processor.py:161} INFO - Started process (PID=8492) to work on /opt/airflow/dags/energie_meteo_dag.py
[2026-04-09T09:15:06.110+0000] {processor.py:830} INFO - Processing file /opt/airflow/dags/energie_meteo_dag.py for tasks to queue
[2026-04-09T09:15:06.112+0000] {logging_mixin.py:188} INFO - [2026-04-09T09:15:06.112+0000] {dagbag.py:538} INFO - Filling up the DagBag from /opt/airflow/dags/energie_meteo_dag.py
[2026-04-09T09:15:06.127+0000] {processor.py:840} INFO - DAG(s) 'energie_meteo_dag' retrieved from /opt/airflow/dags/energie_meteo_dag.py
[2026-04-09T09:15:06.149+0000] {logging_mixin.py:188} INFO - [2026-04-09T09:15:06.149+0000] {dag.py:3033} INFO - Sync 1 DAGs
[2026-04-09T09:15:06.176+0000] {logging_mixin.py:188} INFO - [2026-04-09T09:15:06.176+0000] {dag.py:3820} INFO - Setting next_dagrun for energie_meteo_dag to 2026-04-09T04:00:00+00:00, run_after=2026-04-10T04:00:00+00:00
[2026-04-09T09:15:06.219+0000] {processor.py:183} INFO - Processing /opt/airflow/dags/energie_meteo_dag.py took 0.113 seconds
[2026-04-09T09:15:36.617+0000] {processor.py:161} INFO - Started process (PID=8553) to work on /opt/airflow/dags/energie_meteo_dag.py
[2026-04-09T09:15:36.618+0000] {processor.py:830} INFO - Processing file /opt/airflow/dags/energie_meteo_dag.py for tasks to queue
[2026-04-09T09:15:36.621+0000] {logging_mixin.py:188} INFO - [2026-04-09T09:15:36.620+0000] {dagbag.py:538} INFO - Filling up the DagBag from /opt/airflow/dags/energie_meteo_dag.py
[2026-04-09T09:15:36.636+0000] {processor.py:840} INFO - DAG(s) 'energie_meteo_dag' retrieved from /opt/airflow/dags/energie_meteo_dag.py
[2026-04-09T09:15:36.662+0000] {logging_mixin.py:188} INFO - [2026-04-09T09:15:36.661+0000] {dag.py:3033} INFO - Sync 1 DAGs
[2026-04-09T09:15:36.693+0000] {logging_mixin.py:188} INFO - [2026-04-09T09:15:36.693+0000] {dag.py:3820} INFO - Setting next_dagrun for energie_meteo_dag to 2026-04-09T04:00:00+00:00, run_after=2026-04-10T04:00:00+00:00
[2026-04-09T09:15:36.716+0000] {processor.py:183} INFO - Processing /opt/airflow/dags/energie_meteo_dag.py took 0.102 seconds
[2026-04-09T09:16:06.936+0000] {processor.py:161} INFO - Started process (PID=8614) to work on /opt/airflow/dags/energie_meteo_dag.py
[2026-04-09T09:16:06.945+0000] {processor.py:830} INFO - Processing file /opt/airflow/dags/energie_meteo_dag.py for tasks to queue
[2026-04-09T09:16:06.960+0000] {logging_mixin.py:188} INFO - [2026-04-09T09:16:06.953+0000] {dagbag.py:538} INFO - Filling up the DagBag from /opt/airflow/dags/energie_meteo_dag.py
[2026-04-09T09:16:07.059+0000] {processor.py:840} INFO - DAG(s) 'energie_meteo_dag' retrieved from /opt/airflow/dags/energie_meteo_dag.py
[2026-04-09T09:16:07.278+0000] {logging_mixin.py:188} INFO - [2026-04-09T09:16:07.275+0000] {dag.py:3033} INFO - Sync 1 DAGs
[2026-04-09T09:16:07.401+0000] {logging_mixin.py:188} INFO - [2026-04-09T09:16:07.400+0000] {dag.py:3820} INFO - Setting next_dagrun for energie_meteo_dag to 2026-04-09T04:00:00+00:00, run_after=2026-04-10T04:00:00+00:00
[2026-04-09T09:16:07.428+0000] {processor.py:183} INFO - Processing /opt/airflow/dags/energie_meteo_dag.py took 0.501 seconds
[2026-04-09T09:16:38.193+0000] {processor.py:161} INFO - Started process (PID=8675) to work on /opt/airflow/dags/energie_meteo_dag.py
[2026-04-09T09:16:38.195+0000] {processor.py:830} INFO - Processing file /opt/airflow/dags/energie_meteo_dag.py for tasks to queue
[2026-04-09T09:16:38.201+0000] {logging_mixin.py:188} INFO - [2026-04-09T09:16:38.201+0000] {dagbag.py:538} INFO - Filling up the DagBag from /opt/airflow/dags/energie_meteo_dag.py
[2026-04-09T09:16:38.221+0000] {processor.py:840} INFO - DAG(s) 'energie_meteo_dag' retrieved from /opt/airflow/dags/energie_meteo_dag.py
[2026-04-09T09:16:38.264+0000] {logging_mixin.py:188} INFO - [2026-04-09T09:16:38.263+0000] {dag.py:3033} INFO - Sync 1 DAGs
[2026-04-09T09:16:38.297+0000] {logging_mixin.py:188} INFO - [2026-04-09T09:16:38.297+0000] {dag.py:3820} INFO - Setting next_dagrun for energie_meteo_dag to 2026-04-09T04:00:00+00:00, run_after=2026-04-10T04:00:00+00:00
[2026-04-09T09:16:38.313+0000] {processor.py:183} INFO - Processing /opt/airflow/dags/energie_meteo_dag.py took 0.123 seconds
[2026-04-09T09:17:08.347+0000] {processor.py:161} INFO - Started process (PID=8736) to work on /opt/airflow/dags/energie_meteo_dag.py
[2026-04-09T09:17:08.348+0000] {processor.py:830} INFO - Processing file /opt/airflow/dags/energie_meteo_dag.py for tasks to queue
[2026-04-09T09:17:08.350+0000] {logging_mixin.py:188} INFO - [2026-04-09T09:17:08.350+0000] {dagbag.py:538} INFO - Filling up the DagBag from /opt/airflow/dags/energie_meteo_dag.py
[2026-04-09T09:17:08.370+0000] {processor.py:840} INFO - DAG(s) 'energie_meteo_dag' retrieved from /opt/airflow/dags/energie_meteo_dag.py
[2026-04-09T09:17:08.408+0000] {logging_mixin.py:188} INFO - [2026-04-09T09:17:08.405+0000] {dag.py:3033} INFO - Sync 1 DAGs
[2026-04-09T09:17:08.452+0000] {logging_mixin.py:188} INFO - [2026-04-09T09:17:08.452+0000] {dag.py:3820} INFO - Setting next_dagrun for energie_meteo_dag to 2026-04-09T04:00:00+00:00, run_after=2026-04-10T04:00:00+00:00
[2026-04-09T09:17:08.478+0000] {processor.py:183} INFO - Processing /opt/airflow/dags/energie_meteo_dag.py took 0.134 seconds
[2026-04-09T09:17:39.117+0000] {processor.py:161} INFO - Started process (PID=8797) to work on /opt/airflow/dags/energie_meteo_dag.py
[2026-04-09T09:17:39.118+0000] {processor.py:830} INFO - Processing file /opt/airflow/dags/energie_meteo_dag.py for tasks to queue
[2026-04-09T09:17:39.120+0000] {logging_mixin.py:188} INFO - [2026-04-09T09:17:39.120+0000] {dagbag.py:538} INFO - Filling up the DagBag from /opt/airflow/dags/energie_meteo_dag.py
[2026-04-09T09:17:39.135+0000] {processor.py:840} INFO - DAG(s) 'energie_meteo_dag' retrieved from /opt/airflow/dags/energie_meteo_dag.py
[2026-04-09T09:17:39.159+0000] {logging_mixin.py:188} INFO - [2026-04-09T09:17:39.158+0000] {dag.py:3033} INFO - Sync 1 DAGs
[2026-04-09T09:17:39.188+0000] {logging_mixin.py:188} INFO - [2026-04-09T09:17:39.188+0000] {dag.py:3820} INFO - Setting next_dagrun for energie_meteo_dag to 2026-04-09T04:00:00+00:00, run_after=2026-04-10T04:00:00+00:00
[2026-04-09T09:17:39.208+0000] {processor.py:183} INFO - Processing /opt/airflow/dags/energie_meteo_dag.py took 0.094 seconds
[2026-04-09T09:18:09.303+0000] {processor.py:161} INFO - Started process (PID=8858) to work on /opt/airflow/dags/energie_meteo_dag.py
[2026-04-09T09:18:09.303+0000] {processor.py:830} INFO - Processing file /opt/airflow/dags/energie_meteo_dag.py for tasks to queue
[2026-04-09T09:18:09.306+0000] {logging_mixin.py:188} INFO - [2026-04-09T09:18:09.305+0000] {dagbag.py:538} INFO - Filling up the DagBag from /opt/airflow/dags/energie_meteo_dag.py
[2026-04-09T09:18:09.322+0000] {processor.py:840} INFO - DAG(s) 'energie_meteo_dag' retrieved from /opt/airflow/dags/energie_meteo_dag.py
[2026-04-09T09:18:09.346+0000] {logging_mixin.py:188} INFO - [2026-04-09T09:18:09.346+0000] {dag.py:3033} INFO - Sync 1 DAGs
[2026-04-09T09:18:09.374+0000] {logging_mixin.py:188} INFO - [2026-04-09T09:18:09.373+0000] {dag.py:3820} INFO - Setting next_dagrun for energie_meteo_dag to 2026-04-09T04:00:00+00:00, run_after=2026-04-10T04:00:00+00:00
[2026-04-09T09:18:09.396+0000] {processor.py:183} INFO - Processing /opt/airflow/dags/energie_meteo_dag.py took 0.097 seconds
[2026-04-09T09:18:39.539+0000] {processor.py:161} INFO - Started process (PID=8919) to work on /opt/airflow/dags/energie_meteo_dag.py
[2026-04-09T09:18:39.541+0000] {processor.py:830} INFO - Processing file /opt/airflow/dags/energie_meteo_dag.py for tasks to queue
[2026-04-09T09:18:39.547+0000] {logging_mixin.py:188} INFO - [2026-04-09T09:18:39.546+0000] {dagbag.py:538} INFO - Filling up the DagBag from /opt/airflow/dags/energie_meteo_dag.py
[2026-04-09T09:18:39.569+0000] {processor.py:840} INFO - DAG(s) 'energie_meteo_dag' retrieved from /opt/airflow/dags/energie_meteo_dag.py
[2026-04-09T09:18:39.631+0000] {logging_mixin.py:188} INFO - [2026-04-09T09:18:39.631+0000] {dag.py:3033} INFO - Sync 1 DAGs
[2026-04-09T09:18:39.680+0000] {logging_mixin.py:188} INFO - [2026-04-09T09:18:39.680+0000] {dag.py:3820} INFO - Setting next_dagrun for energie_meteo_dag to 2026-04-09T04:00:00+00:00, run_after=2026-04-10T04:00:00+00:00
[2026-04-09T09:18:39.737+0000] {processor.py:183} INFO - Processing /opt/airflow/dags/energie_meteo_dag.py took 0.206 seconds
[2026-04-09T09:19:10.540+0000] {processor.py:161} INFO - Started process (PID=8980) to work on /opt/airflow/dags/energie_meteo_dag.py
[2026-04-09T09:19:10.541+0000] {processor.py:830} INFO - Processing file /opt/airflow/dags/energie_meteo_dag.py for tasks to queue
[2026-04-09T09:19:10.543+0000] {logging_mixin.py:188} INFO - [2026-04-09T09:19:10.543+0000] {dagbag.py:538} INFO - Filling up the DagBag from /opt/airflow/dags/energie_meteo_dag.py
[2026-04-09T09:19:10.557+0000] {processor.py:840} INFO - DAG(s) 'energie_meteo_dag' retrieved from /opt/airflow/dags/energie_meteo_dag.py
[2026-04-09T09:19:10.582+0000] {logging_mixin.py:188} INFO - [2026-04-09T09:19:10.581+0000] {dag.py:3033} INFO - Sync 1 DAGs
[2026-04-09T09:19:10.609+0000] {logging_mixin.py:188} INFO - [2026-04-09T09:19:10.608+0000] {dag.py:3820} INFO - Setting next_dagrun for energie_meteo_dag to 2026-04-09T04:00:00+00:00, run_after=2026-04-10T04:00:00+00:00
[2026-04-09T09:19:10.630+0000] {processor.py:183} INFO - Processing /opt/airflow/dags/energie_meteo_dag.py took 0.093 seconds
[2026-04-09T09:19:40.834+0000] {processor.py:161} INFO - Started process (PID=9041) to work on /opt/airflow/dags/energie_meteo_dag.py
[2026-04-09T09:19:40.835+0000] {processor.py:830} INFO - Processing file /opt/airflow/dags/energie_meteo_dag.py for tasks to queue
[2026-04-09T09:19:40.837+0000] {logging_mixin.py:188} INFO - [2026-04-09T09:19:40.837+0000] {dagbag.py:538} INFO - Filling up the DagBag from /opt/airflow/dags/energie_meteo_dag.py
[2026-04-09T09:19:40.853+0000] {processor.py:840} INFO - DAG(s) 'energie_meteo_dag' retrieved from /opt/airflow/dags/energie_meteo_dag.py
[2026-04-09T09:19:40.876+0000] {logging_mixin.py:188} INFO - [2026-04-09T09:19:40.875+0000] {dag.py:3033} INFO - Sync 1 DAGs
[2026-04-09T09:19:40.903+0000] {logging_mixin.py:188} INFO - [2026-04-09T09:19:40.902+0000] {dag.py:3820} INFO - Setting next_dagrun for energie_meteo_dag to 2026-04-09T04:00:00+00:00, run_after=2026-04-10T04:00:00+00:00
[2026-04-09T09:19:40.922+0000] {processor.py:183} INFO - Processing /opt/airflow/dags/energie_meteo_dag.py took 0.092 seconds
[2026-04-09T09:20:11.282+0000] {processor.py:161} INFO - Started process (PID=9102) to work on /opt/airflow/dags/energie_meteo_dag.py
[2026-04-09T09:20:11.283+0000] {processor.py:830} INFO - Processing file /opt/airflow/dags/energie_meteo_dag.py for tasks to queue
[2026-04-09T09:20:11.285+0000] {logging_mixin.py:188} INFO - [2026-04-09T09:20:11.285+0000] {dagbag.py:538} INFO - Filling up the DagBag from /opt/airflow/dags/energie_meteo_dag.py
[2026-04-09T09:20:11.300+0000] {processor.py:840} INFO - DAG(s) 'energie_meteo_dag' retrieved from /opt/airflow/dags/energie_meteo_dag.py
[2026-04-09T09:20:11.323+0000] {logging_mixin.py:188} INFO - [2026-04-09T09:20:11.323+0000] {dag.py:3033} INFO - Sync 1 DAGs
[2026-04-09T09:20:11.350+0000] {logging_mixin.py:188} INFO - [2026-04-09T09:20:11.350+0000] {dag.py:3820} INFO - Setting next_dagrun for energie_meteo_dag to 2026-04-09T04:00:00+00:00, run_after=2026-04-10T04:00:00+00:00
[2026-04-09T09:20:11.372+0000] {processor.py:183} INFO - Processing /opt/airflow/dags/energie_meteo_dag.py took 0.094 seconds
[2026-04-09T09:20:41.909+0000] {processor.py:161} INFO - Started process (PID=9163) to work on /opt/airflow/dags/energie_meteo_dag.py
[2026-04-09T09:20:41.911+0000] {processor.py:830} INFO - Processing file /opt/airflow/dags/energie_meteo_dag.py for tasks to queue
[2026-04-09T09:20:41.915+0000] {logging_mixin.py:188} INFO - [2026-04-09T09:20:41.915+0000] {dagbag.py:538} INFO - Filling up the DagBag from /opt/airflow/dags/energie_meteo_dag.py
[2026-04-09T09:20:41.932+0000] {processor.py:840} INFO - DAG(s) 'energie_meteo_dag' retrieved from /opt/airflow/dags/energie_meteo_dag.py
[2026-04-09T09:20:41.955+0000] {logging_mixin.py:188} INFO - [2026-04-09T09:20:41.954+0000] {dag.py:3033} INFO - Sync 1 DAGs
[2026-04-09T09:20:42.184+0000] {logging_mixin.py:188} INFO - [2026-04-09T09:20:42.183+0000] {dag.py:3820} INFO - Setting next_dagrun for energie_meteo_dag to 2026-04-09T04:00:00+00:00, run_after=2026-04-10T04:00:00+00:00
[2026-04-09T09:20:42.202+0000] {processor.py:183} INFO - Processing /opt/airflow/dags/energie_meteo_dag.py took 0.301 seconds
[2026-04-09T09:21:12.638+0000] {processor.py:161} INFO - Started process (PID=9224) to work on /opt/airflow/dags/energie_meteo_dag.py
[2026-04-09T09:21:12.640+0000] {processor.py:830} INFO - Processing file /opt/airflow/dags/energie_meteo_dag.py for tasks to queue
[2026-04-09T09:21:12.642+0000] {logging_mixin.py:188} INFO - [2026-04-09T09:21:12.642+0000] {dagbag.py:538} INFO - Filling up the DagBag from /opt/airflow/dags/energie_meteo_dag.py
[2026-04-09T09:21:12.660+0000] {processor.py:840} INFO - DAG(s) 'energie_meteo_dag' retrieved from /opt/airflow/dags/energie_meteo_dag.py
[2026-04-09T09:21:12.698+0000] {logging_mixin.py:188} INFO - [2026-04-09T09:21:12.698+0000] {dag.py:3033} INFO - Sync 1 DAGs
[2026-04-09T09:21:12.725+0000] {logging_mixin.py:188} INFO - [2026-04-09T09:21:12.725+0000] {dag.py:3820} INFO - Setting next_dagrun for energie_meteo_dag to 2026-04-09T04:00:00+00:00, run_after=2026-04-10T04:00:00+00:00
[2026-04-09T09:21:12.744+0000] {processor.py:183} INFO - Processing /opt/airflow/dags/energie_meteo_dag.py took 0.113 seconds
[2026-04-09T09:21:42.779+0000] {processor.py:161} INFO - Started process (PID=9285) to work on /opt/airflow/dags/energie_meteo_dag.py
[2026-04-09T09:21:42.780+0000] {processor.py:830} INFO - Processing file /opt/airflow/dags/energie_meteo_dag.py for tasks to queue
[2026-04-09T09:21:42.782+0000] {logging_mixin.py:188} INFO - [2026-04-09T09:21:42.782+0000] {dagbag.py:538} INFO - Filling up the DagBag from /opt/airflow/dags/energie_meteo_dag.py
[2026-04-09T09:21:42.792+0000] {processor.py:840} INFO - DAG(s) 'energie_meteo_dag' retrieved from /opt/airflow/dags/energie_meteo_dag.py
[2026-04-09T09:21:42.810+0000] {logging_mixin.py:188} INFO - [2026-04-09T09:21:42.810+0000] {dag.py:3033} INFO - Sync 1 DAGs
[2026-04-09T09:21:42.839+0000] {logging_mixin.py:188} INFO - [2026-04-09T09:21:42.839+0000] {dag.py:3820} INFO - Setting next_dagrun for energie_meteo_dag to 2026-04-09T04:00:00+00:00, run_after=2026-04-10T04:00:00+00:00
[2026-04-09T09:21:42.859+0000] {processor.py:183} INFO - Processing /opt/airflow/dags/energie_meteo_dag.py took 0.082 seconds
[2026-04-09T09:22:13.600+0000] {processor.py:161} INFO - Started process (PID=9344) to work on /opt/airflow/dags/energie_meteo_dag.py
[2026-04-09T09:22:13.601+0000] {processor.py:830} INFO - Processing file /opt/airflow/dags/energie_meteo_dag.py for tasks to queue
[2026-04-09T09:22:13.603+0000] {logging_mixin.py:188} INFO - [2026-04-09T09:22:13.603+0000] {dagbag.py:538} INFO - Filling up the DagBag from /opt/airflow/dags/energie_meteo_dag.py
[2026-04-09T09:22:13.618+0000] {processor.py:840} INFO - DAG(s) 'energie_meteo_dag' retrieved from /opt/airflow/dags/energie_meteo_dag.py
[2026-04-09T09:22:13.642+0000] {logging_mixin.py:188} INFO - [2026-04-09T09:22:13.642+0000] {dag.py:3033} INFO - Sync 1 DAGs
[2026-04-09T09:22:13.674+0000] {logging_mixin.py:188} INFO - [2026-04-09T09:22:13.673+0000] {dag.py:3820} INFO - Setting next_dagrun for energie_meteo_dag to 2026-04-09T04:00:00+00:00, run_after=2026-04-10T04:00:00+00:00
[2026-04-09T09:22:13.865+0000] {processor.py:183} INFO - Processing /opt/airflow/dags/energie_meteo_dag.py took 0.268 seconds
[2026-04-09T09:22:44.737+0000] {processor.py:161} INFO - Started process (PID=9405) to work on /opt/airflow/dags/energie_meteo_dag.py
[2026-04-09T09:22:44.738+0000] {processor.py:830} INFO - Processing file /opt/airflow/dags/energie_meteo_dag.py for tasks to queue
[2026-04-09T09:22:44.740+0000] {logging_mixin.py:188} INFO - [2026-04-09T09:22:44.740+0000] {dagbag.py:538} INFO - Filling up the DagBag from /opt/airflow/dags/energie_meteo_dag.py
[2026-04-09T09:22:44.754+0000] {processor.py:840} INFO - DAG(s) 'energie_meteo_dag' retrieved from /opt/airflow/dags/energie_meteo_dag.py
[2026-04-09T09:22:44.780+0000] {logging_mixin.py:188} INFO - [2026-04-09T09:22:44.779+0000] {dag.py:3033} INFO - Sync 1 DAGs
[2026-04-09T09:22:45.030+0000] {logging_mixin.py:188} INFO - [2026-04-09T09:22:45.030+0000] {dag.py:3820} INFO - Setting next_dagrun for energie_meteo_dag to 2026-04-09T04:00:00+00:00, run_after=2026-04-10T04:00:00+00:00
[2026-04-09T09:22:45.050+0000] {processor.py:183} INFO - Processing /opt/airflow/dags/energie_meteo_dag.py took 0.316 seconds
[2026-04-09T09:23:15.575+0000] {processor.py:161} INFO - Started process (PID=9466) to work on /opt/airflow/dags/energie_meteo_dag.py
[2026-04-09T09:23:15.576+0000] {processor.py:830} INFO - Processing file /opt/airflow/dags/energie_meteo_dag.py for tasks to queue
[2026-04-09T09:23:15.578+0000] {logging_mixin.py:188} INFO - [2026-04-09T09:23:15.578+0000] {dagbag.py:538} INFO - Filling up the DagBag from /opt/airflow/dags/energie_meteo_dag.py
[2026-04-09T09:23:15.593+0000] {processor.py:840} INFO - DAG(s) 'energie_meteo_dag' retrieved from /opt/airflow/dags/energie_meteo_dag.py
[2026-04-09T09:23:15.782+0000] {logging_mixin.py:188} INFO - [2026-04-09T09:23:15.782+0000] {dag.py:3033} INFO - Sync 1 DAGs
[2026-04-09T09:23:15.808+0000] {logging_mixin.py:188} INFO - [2026-04-09T09:23:15.808+0000] {dag.py:3820} INFO - Setting next_dagrun for energie_meteo_dag to 2026-04-09T04:00:00+00:00, run_after=2026-04-10T04:00:00+00:00
[2026-04-09T09:23:15.827+0000] {processor.py:183} INFO - Processing /opt/airflow/dags/energie_meteo_dag.py took 0.256 seconds
[2026-04-09T09:23:46.145+0000] {processor.py:161} INFO - Started process (PID=9533) to work on /opt/airflow/dags/energie_meteo_dag.py
[2026-04-09T09:23:46.146+0000] {processor.py:830} INFO - Processing file /opt/airflow/dags/energie_meteo_dag.py for tasks to queue
[2026-04-09T09:23:46.148+0000] {logging_mixin.py:188} INFO - [2026-04-09T09:23:46.148+0000] {dagbag.py:538} INFO - Filling up the DagBag from /opt/airflow/dags/energie_meteo_dag.py
[2026-04-09T09:23:46.166+0000] {processor.py:840} INFO - DAG(s) 'energie_meteo_dag' retrieved from /opt/airflow/dags/energie_meteo_dag.py
[2026-04-09T09:23:46.193+0000] {logging_mixin.py:188} INFO - [2026-04-09T09:23:46.193+0000] {dag.py:3033} INFO - Sync 1 DAGs
[2026-04-09T09:23:46.267+0000] {logging_mixin.py:188} INFO - [2026-04-09T09:23:46.265+0000] {dag.py:3820} INFO - Setting next_dagrun for energie_meteo_dag to 2026-04-09T04:00:00+00:00, run_after=2026-04-10T04:00:00+00:00
[2026-04-09T09:23:46.310+0000] {processor.py:183} INFO - Processing /opt/airflow/dags/energie_meteo_dag.py took 0.168 seconds
[2026-04-09T09:24:16.677+0000] {processor.py:161} INFO - Started process (PID=9594) to work on /opt/airflow/dags/energie_meteo_dag.py
[2026-04-09T09:24:16.678+0000] {processor.py:830} INFO - Processing file /opt/airflow/dags/energie_meteo_dag.py for tasks to queue
[2026-04-09T09:24:16.680+0000] {logging_mixin.py:188} INFO - [2026-04-09T09:24:16.680+0000] {dagbag.py:538} INFO - Filling up the DagBag from /opt/airflow/dags/energie_meteo_dag.py
[2026-04-09T09:24:16.695+0000] {processor.py:840} INFO - DAG(s) 'energie_meteo_dag' retrieved from /opt/airflow/dags/energie_meteo_dag.py
[2026-04-09T09:24:16.718+0000] {logging_mixin.py:188} INFO - [2026-04-09T09:24:16.718+0000] {dag.py:3033} INFO - Sync 1 DAGs
[2026-04-09T09:24:16.746+0000] {logging_mixin.py:188} INFO - [2026-04-09T09:24:16.746+0000] {dag.py:3820} INFO - Setting next_dagrun for energie_meteo_dag to 2026-04-09T04:00:00+00:00, run_after=2026-04-10T04:00:00+00:00
[2026-04-09T09:24:16.768+0000] {processor.py:183} INFO - Processing /opt/airflow/dags/energie_meteo_dag.py took 0.094 seconds
[2026-04-09T09:24:46.812+0000] {processor.py:161} INFO - Started process (PID=9655) to work on /opt/airflow/dags/energie_meteo_dag.py
[2026-04-09T09:24:46.813+0000] {processor.py:830} INFO - Processing file /opt/airflow/dags/energie_meteo_dag.py for tasks to queue
[2026-04-09T09:24:46.815+0000] {logging_mixin.py:188} INFO - [2026-04-09T09:24:46.815+0000] {dagbag.py:538} INFO - Filling up the DagBag from /opt/airflow/dags/energie_meteo_dag.py
[2026-04-09T09:24:46.830+0000] {processor.py:840} INFO - DAG(s) 'energie_meteo_dag' retrieved from /opt/airflow/dags/energie_meteo_dag.py
[2026-04-09T09:24:46.853+0000] {logging_mixin.py:188} INFO - [2026-04-09T09:24:46.853+0000] {dag.py:3033} INFO - Sync 1 DAGs
[2026-04-09T09:24:46.882+0000] {logging_mixin.py:188} INFO - [2026-04-09T09:24:46.882+0000] {dag.py:3820} INFO - Setting next_dagrun for energie_meteo_dag to 2026-04-09T04:00:00+00:00, run_after=2026-04-10T04:00:00+00:00
[2026-04-09T09:24:46.904+0000] {processor.py:183} INFO - Processing /opt/airflow/dags/energie_meteo_dag.py took 0.095 seconds
[2026-04-09T09:25:17.132+0000] {processor.py:161} INFO - Started process (PID=9716) to work on /opt/airflow/dags/energie_meteo_dag.py
[2026-04-09T09:25:17.133+0000] {processor.py:830} INFO - Processing file /opt/airflow/dags/energie_meteo_dag.py for tasks to queue
[2026-04-09T09:25:17.135+0000] {logging_mixin.py:188} INFO - [2026-04-09T09:25:17.135+0000] {dagbag.py:538} INFO - Filling up the DagBag from /opt/airflow/dags/energie_meteo_dag.py
[2026-04-09T09:25:17.151+0000] {processor.py:840} INFO - DAG(s) 'energie_meteo_dag' retrieved from /opt/airflow/dags/energie_meteo_dag.py
[2026-04-09T09:25:17.174+0000] {logging_mixin.py:188} INFO - [2026-04-09T09:25:17.173+0000] {dag.py:3033} INFO - Sync 1 DAGs
[2026-04-09T09:25:17.201+0000] {logging_mixin.py:188} INFO - [2026-04-09T09:25:17.201+0000] {dag.py:3820} INFO - Setting next_dagrun for energie_meteo_dag to 2026-04-09T04:00:00+00:00, run_after=2026-04-10T04:00:00+00:00
[2026-04-09T09:25:17.222+0000] {processor.py:183} INFO - Processing /opt/airflow/dags/energie_meteo_dag.py took 0.093 seconds
[2026-04-09T09:25:47.911+0000] {processor.py:161} INFO - Started process (PID=9777) to work on /opt/airflow/dags/energie_meteo_dag.py
[2026-04-09T09:25:47.911+0000] {processor.py:830} INFO - Processing file /opt/airflow/dags/energie_meteo_dag.py for tasks to queue
[2026-04-09T09:25:47.913+0000] {logging_mixin.py:188} INFO - [2026-04-09T09:25:47.913+0000] {dagbag.py:538} INFO - Filling up the DagBag from /opt/airflow/dags/energie_meteo_dag.py
[2026-04-09T09:25:47.928+0000] {processor.py:840} INFO - DAG(s) 'energie_meteo_dag' retrieved from /opt/airflow/dags/energie_meteo_dag.py
[2026-04-09T09:25:47.950+0000] {logging_mixin.py:188} INFO - [2026-04-09T09:25:47.950+0000] {dag.py:3033} INFO - Sync 1 DAGs
[2026-04-09T09:25:47.976+0000] {logging_mixin.py:188} INFO - [2026-04-09T09:25:47.976+0000] {dag.py:3820} INFO - Setting next_dagrun for energie_meteo_dag to 2026-04-09T04:00:00+00:00, run_after=2026-04-10T04:00:00+00:00
[2026-04-09T09:25:47.997+0000] {processor.py:183} INFO - Processing /opt/airflow/dags/energie_meteo_dag.py took 0.090 seconds
[2026-04-09T09:26:18.550+0000] {processor.py:161} INFO - Started process (PID=9838) to work on /opt/airflow/dags/energie_meteo_dag.py
[2026-04-09T09:26:18.550+0000] {processor.py:830} INFO - Processing file /opt/airflow/dags/energie_meteo_dag.py for tasks to queue
[2026-04-09T09:26:18.552+0000] {logging_mixin.py:188} INFO - [2026-04-09T09:26:18.552+0000] {dagbag.py:538} INFO - Filling up the DagBag from /opt/airflow/dags/energie_meteo_dag.py
[2026-04-09T09:26:18.567+0000] {processor.py:840} INFO - DAG(s) 'energie_meteo_dag' retrieved from /opt/airflow/dags/energie_meteo_dag.py
[2026-04-09T09:26:18.590+0000] {logging_mixin.py:188} INFO - [2026-04-09T09:26:18.590+0000] {dag.py:3033} INFO - Sync 1 DAGs
[2026-04-09T09:26:18.619+0000] {logging_mixin.py:188} INFO - [2026-04-09T09:26:18.619+0000] {dag.py:3820} INFO - Setting next_dagrun for energie_meteo_dag to 2026-04-09T04:00:00+00:00, run_after=2026-04-10T04:00:00+00:00
[2026-04-09T09:26:18.639+0000] {processor.py:183} INFO - Processing /opt/airflow/dags/energie_meteo_dag.py took 0.093 seconds
[2026-04-09T09:26:49.232+0000] {processor.py:161} INFO - Started process (PID=9899) to work on /opt/airflow/dags/energie_meteo_dag.py
[2026-04-09T09:26:49.233+0000] {processor.py:830} INFO - Processing file /opt/airflow/dags/energie_meteo_dag.py for tasks to queue
[2026-04-09T09:26:49.235+0000] {logging_mixin.py:188} INFO - [2026-04-09T09:26:49.234+0000] {dagbag.py:538} INFO - Filling up the DagBag from /opt/airflow/dags/energie_meteo_dag.py
[2026-04-09T09:26:49.250+0000] {processor.py:840} INFO - DAG(s) 'energie_meteo_dag' retrieved from /opt/airflow/dags/energie_meteo_dag.py
[2026-04-09T09:26:49.272+0000] {logging_mixin.py:188} INFO - [2026-04-09T09:26:49.272+0000] {dag.py:3033} INFO - Sync 1 DAGs
[2026-04-09T09:26:49.301+0000] {logging_mixin.py:188} INFO - [2026-04-09T09:26:49.301+0000] {dag.py:3820} INFO - Setting next_dagrun for energie_meteo_dag to 2026-04-09T04:00:00+00:00, run_after=2026-04-10T04:00:00+00:00
[2026-04-09T09:26:49.322+0000] {processor.py:183} INFO - Processing /opt/airflow/dags/energie_meteo_dag.py took 0.093 seconds
[2026-04-09T09:27:20.186+0000] {processor.py:161} INFO - Started process (PID=9960) to work on /opt/airflow/dags/energie_meteo_dag.py
[2026-04-09T09:27:20.187+0000] {processor.py:830} INFO - Processing file /opt/airflow/dags/energie_meteo_dag.py for tasks to queue
[2026-04-09T09:27:20.189+0000] {logging_mixin.py:188} INFO - [2026-04-09T09:27:20.188+0000] {dagbag.py:538} INFO - Filling up the DagBag from /opt/airflow/dags/energie_meteo_dag.py
[2026-04-09T09:27:20.203+0000] {processor.py:840} INFO - DAG(s) 'energie_meteo_dag' retrieved from /opt/airflow/dags/energie_meteo_dag.py
[2026-04-09T09:27:20.226+0000] {logging_mixin.py:188} INFO - [2026-04-09T09:27:20.226+0000] {dag.py:3033} INFO - Sync 1 DAGs
[2026-04-09T09:27:20.255+0000] {logging_mixin.py:188} INFO - [2026-04-09T09:27:20.255+0000] {dag.py:3820} INFO - Setting next_dagrun for energie_meteo_dag to 2026-04-09T04:00:00+00:00, run_after=2026-04-10T04:00:00+00:00
[2026-04-09T09:27:20.306+0000] {processor.py:183} INFO - Processing /opt/airflow/dags/energie_meteo_dag.py took 0.123 seconds
[2026-04-09T09:27:51.087+0000] {processor.py:161} INFO - Started process (PID=10021) to work on /opt/airflow/dags/energie_meteo_dag.py
[2026-04-09T09:27:51.088+0000] {processor.py:830} INFO - Processing file /opt/airflow/dags/energie_meteo_dag.py for tasks to queue
[2026-04-09T09:27:51.090+0000] {logging_mixin.py:188} INFO - [2026-04-09T09:27:51.090+0000] {dagbag.py:538} INFO - Filling up the DagBag from /opt/airflow/dags/energie_meteo_dag.py
[2026-04-09T09:27:51.106+0000] {processor.py:840} INFO - DAG(s) 'energie_meteo_dag' retrieved from /opt/airflow/dags/energie_meteo_dag.py
[2026-04-09T09:27:51.132+0000] {logging_mixin.py:188} INFO - [2026-04-09T09:27:51.132+0000] {dag.py:3033} INFO - Sync 1 DAGs
[2026-04-09T09:27:51.161+0000] {logging_mixin.py:188} INFO - [2026-04-09T09:27:51.161+0000] {dag.py:3820} INFO - Setting next_dagrun for energie_meteo_dag to 2026-04-09T04:00:00+00:00, run_after=2026-04-10T04:00:00+00:00
[2026-04-09T09:27:51.180+0000] {processor.py:183} INFO - Processing /opt/airflow/dags/energie_meteo_dag.py took 0.096 seconds
[2026-04-09T09:28:21.442+0000] {processor.py:161} INFO - Started process (PID=10082) to work on /opt/airflow/dags/energie_meteo_dag.py
[2026-04-09T09:28:21.445+0000] {processor.py:830} INFO - Processing file /opt/airflow/dags/energie_meteo_dag.py for tasks to queue
[2026-04-09T09:28:21.449+0000] {logging_mixin.py:188} INFO - [2026-04-09T09:28:21.449+0000] {dagbag.py:538} INFO - Filling up the DagBag from /opt/airflow/dags/energie_meteo_dag.py
[2026-04-09T09:28:21.482+0000] {processor.py:840} INFO - DAG(s) 'energie_meteo_dag' retrieved from /opt/airflow/dags/energie_meteo_dag.py
[2026-04-09T09:28:21.534+0000] {logging_mixin.py:188} INFO - [2026-04-09T09:28:21.534+0000] {dag.py:3033} INFO - Sync 1 DAGs
[2026-04-09T09:28:21.590+0000] {logging_mixin.py:188} INFO - [2026-04-09T09:28:21.588+0000] {dag.py:3820} INFO - Setting next_dagrun for energie_meteo_dag to 2026-04-09T04:00:00+00:00, run_after=2026-04-10T04:00:00+00:00
[2026-04-09T09:28:21.644+0000] {processor.py:183} INFO - Processing /opt/airflow/dags/energie_meteo_dag.py took 0.209 seconds
[2026-04-09T09:28:52.074+0000] {processor.py:161} INFO - Started process (PID=10143) to work on /opt/airflow/dags/energie_meteo_dag.py
[2026-04-09T09:28:52.075+0000] {processor.py:830} INFO - Processing file /opt/airflow/dags/energie_meteo_dag.py for tasks to queue
[2026-04-09T09:28:52.077+0000] {logging_mixin.py:188} INFO - [2026-04-09T09:28:52.077+0000] {dagbag.py:538} INFO - Filling up the DagBag from /opt/airflow/dags/energie_meteo_dag.py
[2026-04-09T09:28:52.092+0000] {processor.py:840} INFO - DAG(s) 'energie_meteo_dag' retrieved from /opt/airflow/dags/energie_meteo_dag.py
[2026-04-09T09:28:52.116+0000] {logging_mixin.py:188} INFO - [2026-04-09T09:28:52.116+0000] {dag.py:3033} INFO - Sync 1 DAGs
[2026-04-09T09:28:52.143+0000] {logging_mixin.py:188} INFO - [2026-04-09T09:28:52.143+0000] {dag.py:3820} INFO - Setting next_dagrun for energie_meteo_dag to 2026-04-09T04:00:00+00:00, run_after=2026-04-10T04:00:00+00:00
[2026-04-09T09:28:52.163+0000] {processor.py:183} INFO - Processing /opt/airflow/dags/energie_meteo_dag.py took 0.093 seconds
[2026-04-09T09:29:22.635+0000] {processor.py:161} INFO - Started process (PID=10204) to work on /opt/airflow/dags/energie_meteo_dag.py
[2026-04-09T09:29:22.639+0000] {processor.py:830} INFO - Processing file /opt/airflow/dags/energie_meteo_dag.py for tasks to queue
[2026-04-09T09:29:22.643+0000] {logging_mixin.py:188} INFO - [2026-04-09T09:29:22.643+0000] {dagbag.py:538} INFO - Filling up the DagBag from /opt/airflow/dags/energie_meteo_dag.py
[2026-04-09T09:29:22.663+0000] {processor.py:840} INFO - DAG(s) 'energie_meteo_dag' retrieved from /opt/airflow/dags/energie_meteo_dag.py
[2026-04-09T09:29:22.686+0000] {logging_mixin.py:188} INFO - [2026-04-09T09:29:22.686+0000] {dag.py:3033} INFO - Sync 1 DAGs
[2026-04-09T09:29:22.713+0000] {logging_mixin.py:188} INFO - [2026-04-09T09:29:22.712+0000] {dag.py:3820} INFO - Setting next_dagrun for energie_meteo_dag to 2026-04-09T04:00:00+00:00, run_after=2026-04-10T04:00:00+00:00
[2026-04-09T09:29:22.822+0000] {processor.py:183} INFO - Processing /opt/airflow/dags/energie_meteo_dag.py took 0.195 seconds
[2026-04-09T09:29:52.874+0000] {processor.py:161} INFO - Started process (PID=10265) to work on /opt/airflow/dags/energie_meteo_dag.py
[2026-04-09T09:29:52.874+0000] {processor.py:830} INFO - Processing file /opt/airflow/dags/energie_meteo_dag.py for tasks to queue
[2026-04-09T09:29:52.876+0000] {logging_mixin.py:188} INFO - [2026-04-09T09:29:52.876+0000] {dagbag.py:538} INFO - Filling up the DagBag from /opt/airflow/dags/energie_meteo_dag.py
[2026-04-09T09:29:52.886+0000] {processor.py:840} INFO - DAG(s) 'energie_meteo_dag' retrieved from /opt/airflow/dags/energie_meteo_dag.py
[2026-04-09T09:29:52.902+0000] {logging_mixin.py:188} INFO - [2026-04-09T09:29:52.902+0000] {dag.py:3033} INFO - Sync 1 DAGs
[2026-04-09T09:29:52.922+0000] {logging_mixin.py:188} INFO - [2026-04-09T09:29:52.922+0000] {dag.py:3820} INFO - Setting next_dagrun for energie_meteo_dag to 2026-04-09T04:00:00+00:00, run_after=2026-04-10T04:00:00+00:00
[2026-04-09T09:29:52.941+0000] {processor.py:183} INFO - Processing /opt/airflow/dags/energie_meteo_dag.py took 0.070 seconds
[2026-04-09T09:30:23.824+0000] {processor.py:161} INFO - Started process (PID=10327) to work on /opt/airflow/dags/energie_meteo_dag.py
[2026-04-09T09:30:23.825+0000] {processor.py:830} INFO - Processing file /opt/airflow/dags/energie_meteo_dag.py for tasks to queue
[2026-04-09T09:30:23.827+0000] {logging_mixin.py:188} INFO - [2026-04-09T09:30:23.827+0000] {dagbag.py:538} INFO - Filling up the DagBag from /opt/airflow/dags/energie_meteo_dag.py
[2026-04-09T09:30:23.842+0000] {processor.py:840} INFO - DAG(s) 'energie_meteo_dag' retrieved from /opt/airflow/dags/energie_meteo_dag.py
[2026-04-09T09:30:23.864+0000] {logging_mixin.py:188} INFO - [2026-04-09T09:30:23.864+0000] {dag.py:3033} INFO - Sync 1 DAGs
[2026-04-09T09:30:23.891+0000] {logging_mixin.py:188} INFO - [2026-04-09T09:30:23.891+0000] {dag.py:3820} INFO - Setting next_dagrun for energie_meteo_dag to 2026-04-09T04:00:00+00:00, run_after=2026-04-10T04:00:00+00:00
[2026-04-09T09:30:23.912+0000] {processor.py:183} INFO - Processing /opt/airflow/dags/energie_meteo_dag.py took 0.091 seconds
[2026-04-09T09:30:54.119+0000] {processor.py:161} INFO - Started process (PID=10388) to work on /opt/airflow/dags/energie_meteo_dag.py
[2026-04-09T09:30:54.120+0000] {processor.py:830} INFO - Processing file /opt/airflow/dags/energie_meteo_dag.py for tasks to queue
[2026-04-09T09:30:54.122+0000] {logging_mixin.py:188} INFO - [2026-04-09T09:30:54.122+0000] {dagbag.py:538} INFO - Filling up the DagBag from /opt/airflow/dags/energie_meteo_dag.py
[2026-04-09T09:30:54.137+0000] {processor.py:840} INFO - DAG(s) 'energie_meteo_dag' retrieved from /opt/airflow/dags/energie_meteo_dag.py
[2026-04-09T09:30:54.161+0000] {logging_mixin.py:188} INFO - [2026-04-09T09:30:54.161+0000] {dag.py:3033} INFO - Sync 1 DAGs
[2026-04-09T09:30:54.188+0000] {logging_mixin.py:188} INFO - [2026-04-09T09:30:54.188+0000] {dag.py:3820} INFO - Setting next_dagrun for energie_meteo_dag to 2026-04-09T04:00:00+00:00, run_after=2026-04-10T04:00:00+00:00
[2026-04-09T09:30:54.210+0000] {processor.py:183} INFO - Processing /opt/airflow/dags/energie_meteo_dag.py took 0.094 seconds
[2026-04-09T09:31:24.380+0000] {processor.py:161} INFO - Started process (PID=10449) to work on /opt/airflow/dags/energie_meteo_dag.py
[2026-04-09T09:31:24.381+0000] {processor.py:830} INFO - Processing file /opt/airflow/dags/energie_meteo_dag.py for tasks to queue
[2026-04-09T09:31:24.383+0000] {logging_mixin.py:188} INFO - [2026-04-09T09:31:24.383+0000] {dagbag.py:538} INFO - Filling up the DagBag from /opt/airflow/dags/energie_meteo_dag.py
[2026-04-09T09:31:24.398+0000] {processor.py:840} INFO - DAG(s) 'energie_meteo_dag' retrieved from /opt/airflow/dags/energie_meteo_dag.py
[2026-04-09T09:31:24.420+0000] {logging_mixin.py:188} INFO - [2026-04-09T09:31:24.419+0000] {dag.py:3033} INFO - Sync 1 DAGs
[2026-04-09T09:31:24.451+0000] {logging_mixin.py:188} INFO - [2026-04-09T09:31:24.449+0000] {dag.py:3820} INFO - Setting next_dagrun for energie_meteo_dag to 2026-04-09T04:00:00+00:00, run_after=2026-04-10T04:00:00+00:00
[2026-04-09T09:31:24.471+0000] {processor.py:183} INFO - Processing /opt/airflow/dags/energie_meteo_dag.py took 0.094 seconds
[2026-04-09T09:31:54.533+0000] {processor.py:161} INFO - Started process (PID=10510) to work on /opt/airflow/dags/energie_meteo_dag.py
[2026-04-09T09:31:54.534+0000] {processor.py:830} INFO - Processing file /opt/airflow/dags/energie_meteo_dag.py for tasks to queue
[2026-04-09T09:31:54.536+0000] {logging_mixin.py:188} INFO - [2026-04-09T09:31:54.535+0000] {dagbag.py:538} INFO - Filling up the DagBag from /opt/airflow/dags/energie_meteo_dag.py
[2026-04-09T09:31:54.551+0000] {processor.py:840} INFO - DAG(s) 'energie_meteo_dag' retrieved from /opt/airflow/dags/energie_meteo_dag.py
[2026-04-09T09:31:54.573+0000] {logging_mixin.py:188} INFO - [2026-04-09T09:31:54.573+0000] {dag.py:3033} INFO - Sync 1 DAGs
[2026-04-09T09:31:54.603+0000] {logging_mixin.py:188} INFO - [2026-04-09T09:31:54.602+0000] {dag.py:3820} INFO - Setting next_dagrun for energie_meteo_dag to 2026-04-09T04:00:00+00:00, run_after=2026-04-10T04:00:00+00:00
[2026-04-09T09:31:54.626+0000] {processor.py:183} INFO - Processing /opt/airflow/dags/energie_meteo_dag.py took 0.097 seconds
[2026-04-09T09:32:25.152+0000] {processor.py:161} INFO - Started process (PID=10571) to work on /opt/airflow/dags/energie_meteo_dag.py
[2026-04-09T09:32:25.153+0000] {processor.py:830} INFO - Processing file /opt/airflow/dags/energie_meteo_dag.py for tasks to queue
[2026-04-09T09:32:25.155+0000] {logging_mixin.py:188} INFO - [2026-04-09T09:32:25.155+0000] {dagbag.py:538} INFO - Filling up the DagBag from /opt/airflow/dags/energie_meteo_dag.py
[2026-04-09T09:32:25.170+0000] {processor.py:840} INFO - DAG(s) 'energie_meteo_dag' retrieved from /opt/airflow/dags/energie_meteo_dag.py
[2026-04-09T09:32:25.193+0000] {logging_mixin.py:188} INFO - [2026-04-09T09:32:25.193+0000] {dag.py:3033} INFO - Sync 1 DAGs
[2026-04-09T09:32:25.220+0000] {logging_mixin.py:188} INFO - [2026-04-09T09:32:25.220+0000] {dag.py:3820} INFO - Setting next_dagrun for energie_meteo_dag to 2026-04-09T04:00:00+00:00, run_after=2026-04-10T04:00:00+00:00
[2026-04-09T09:32:25.240+0000] {processor.py:183} INFO - Processing /opt/airflow/dags/energie_meteo_dag.py took 0.091 seconds
[2026-04-09T09:32:55.545+0000] {processor.py:161} INFO - Started process (PID=10632) to work on /opt/airflow/dags/energie_meteo_dag.py
[2026-04-09T09:32:55.546+0000] {processor.py:830} INFO - Processing file /opt/airflow/dags/energie_meteo_dag.py for tasks to queue
[2026-04-09T09:32:55.548+0000] {logging_mixin.py:188} INFO - [2026-04-09T09:32:55.548+0000] {dagbag.py:538} INFO - Filling up the DagBag from /opt/airflow/dags/energie_meteo_dag.py
[2026-04-09T09:32:55.563+0000] {processor.py:840} INFO - DAG(s) 'energie_meteo_dag' retrieved from /opt/airflow/dags/energie_meteo_dag.py
[2026-04-09T09:32:55.585+0000] {logging_mixin.py:188} INFO - [2026-04-09T09:32:55.585+0000] {dag.py:3033} INFO - Sync 1 DAGs
[2026-04-09T09:32:55.611+0000] {logging_mixin.py:188} INFO - [2026-04-09T09:32:55.611+0000] {dag.py:3820} INFO - Setting next_dagrun for energie_meteo_dag to 2026-04-09T04:00:00+00:00, run_after=2026-04-10T04:00:00+00:00
[2026-04-09T09:32:55.633+0000] {processor.py:183} INFO - Processing /opt/airflow/dags/energie_meteo_dag.py took 0.091 seconds
[2026-04-09T09:33:26.164+0000] {processor.py:161} INFO - Started process (PID=10693) to work on /opt/airflow/dags/energie_meteo_dag.py
[2026-04-09T09:33:26.164+0000] {processor.py:830} INFO - Processing file /opt/airflow/dags/energie_meteo_dag.py for tasks to queue
[2026-04-09T09:33:26.167+0000] {logging_mixin.py:188} INFO - [2026-04-09T09:33:26.166+0000] {dagbag.py:538} INFO - Filling up the DagBag from /opt/airflow/dags/energie_meteo_dag.py
[2026-04-09T09:33:26.182+0000] {processor.py:840} INFO - DAG(s) 'energie_meteo_dag' retrieved from /opt/airflow/dags/energie_meteo_dag.py
[2026-04-09T09:33:26.206+0000] {logging_mixin.py:188} INFO - [2026-04-09T09:33:26.206+0000] {dag.py:3033} INFO - Sync 1 DAGs
[2026-04-09T09:33:26.235+0000] {logging_mixin.py:188} INFO - [2026-04-09T09:33:26.235+0000] {dag.py:3820} INFO - Setting next_dagrun for energie_meteo_dag to 2026-04-09T04:00:00+00:00, run_after=2026-04-10T04:00:00+00:00
[2026-04-09T09:33:26.256+0000] {processor.py:183} INFO - Processing /opt/airflow/dags/energie_meteo_dag.py took 0.096 seconds
[2026-04-09T09:33:56.573+0000] {processor.py:161} INFO - Started process (PID=10754) to work on /opt/airflow/dags/energie_meteo_dag.py
[2026-04-09T09:33:56.573+0000] {processor.py:830} INFO - Processing file /opt/airflow/dags/energie_meteo_dag.py for tasks to queue
[2026-04-09T09:33:56.575+0000] {logging_mixin.py:188} INFO - [2026-04-09T09:33:56.575+0000] {dagbag.py:538} INFO - Filling up the DagBag from /opt/airflow/dags/energie_meteo_dag.py
[2026-04-09T09:33:56.589+0000] {processor.py:840} INFO - DAG(s) 'energie_meteo_dag' retrieved from /opt/airflow/dags/energie_meteo_dag.py
[2026-04-09T09:33:56.612+0000] {logging_mixin.py:188} INFO - [2026-04-09T09:33:56.612+0000] {dag.py:3033} INFO - Sync 1 DAGs
[2026-04-09T09:33:56.639+0000] {logging_mixin.py:188} INFO - [2026-04-09T09:33:56.639+0000] {dag.py:3820} INFO - Setting next_dagrun for energie_meteo_dag to 2026-04-09T04:00:00+00:00, run_after=2026-04-10T04:00:00+00:00
[2026-04-09T09:33:56.657+0000] {processor.py:183} INFO - Processing /opt/airflow/dags/energie_meteo_dag.py took 0.088 seconds
[2026-04-09T09:34:27.159+0000] {processor.py:161} INFO - Started process (PID=10815) to work on /opt/airflow/dags/energie_meteo_dag.py
[2026-04-09T09:34:27.160+0000] {processor.py:830} INFO - Processing file /opt/airflow/dags/energie_meteo_dag.py for tasks to queue
[2026-04-09T09:34:27.162+0000] {logging_mixin.py:188} INFO - [2026-04-09T09:34:27.162+0000] {dagbag.py:538} INFO - Filling up the DagBag from /opt/airflow/dags/energie_meteo_dag.py
[2026-04-09T09:34:27.193+0000] {processor.py:840} INFO - DAG(s) 'energie_meteo_dag' retrieved from /opt/airflow/dags/energie_meteo_dag.py
[2026-04-09T09:34:27.216+0000] {logging_mixin.py:188} INFO - [2026-04-09T09:34:27.216+0000] {dag.py:3033} INFO - Sync 1 DAGs
[2026-04-09T09:34:27.245+0000] {logging_mixin.py:188} INFO - [2026-04-09T09:34:27.245+0000] {dag.py:3820} INFO - Setting next_dagrun for energie_meteo_dag to 2026-04-09T04:00:00+00:00, run_after=2026-04-10T04:00:00+00:00
[2026-04-09T09:34:27.264+0000] {processor.py:183} INFO - Processing /opt/airflow/dags/energie_meteo_dag.py took 0.108 seconds
[2026-04-09T09:34:57.437+0000] {processor.py:161} INFO - Started process (PID=10876) to work on /opt/airflow/dags/energie_meteo_dag.py
[2026-04-09T09:34:57.437+0000] {processor.py:830} INFO - Processing file /opt/airflow/dags/energie_meteo_dag.py for tasks to queue
[2026-04-09T09:34:57.440+0000] {logging_mixin.py:188} INFO - [2026-04-09T09:34:57.439+0000] {dagbag.py:538} INFO - Filling up the DagBag from /opt/airflow/dags/energie_meteo_dag.py
[2026-04-09T09:34:57.457+0000] {processor.py:840} INFO - DAG(s) 'energie_meteo_dag' retrieved from /opt/airflow/dags/energie_meteo_dag.py
[2026-04-09T09:34:57.483+0000] {logging_mixin.py:188} INFO - [2026-04-09T09:34:57.482+0000] {dag.py:3033} INFO - Sync 1 DAGs
[2026-04-09T09:34:57.512+0000] {logging_mixin.py:188} INFO - [2026-04-09T09:34:57.512+0000] {dag.py:3820} INFO - Setting next_dagrun for energie_meteo_dag to 2026-04-09T04:00:00+00:00, run_after=2026-04-10T04:00:00+00:00
[2026-04-09T09:34:57.562+0000] {processor.py:183} INFO - Processing /opt/airflow/dags/energie_meteo_dag.py took 0.129 seconds
[2026-04-09T09:35:28.040+0000] {processor.py:161} INFO - Started process (PID=10937) to work on /opt/airflow/dags/energie_meteo_dag.py
[2026-04-09T09:35:28.040+0000] {processor.py:830} INFO - Processing file /opt/airflow/dags/energie_meteo_dag.py for tasks to queue
[2026-04-09T09:35:28.042+0000] {logging_mixin.py:188} INFO - [2026-04-09T09:35:28.042+0000] {dagbag.py:538} INFO - Filling up the DagBag from /opt/airflow/dags/energie_meteo_dag.py
[2026-04-09T09:35:28.063+0000] {processor.py:840} INFO - DAG(s) 'energie_meteo_dag' retrieved from /opt/airflow/dags/energie_meteo_dag.py
[2026-04-09T09:35:28.127+0000] {logging_mixin.py:188} INFO - [2026-04-09T09:35:28.127+0000] {dag.py:3033} INFO - Sync 1 DAGs
[2026-04-09T09:35:28.158+0000] {logging_mixin.py:188} INFO - [2026-04-09T09:35:28.158+0000] {dag.py:3820} INFO - Setting next_dagrun for energie_meteo_dag to 2026-04-09T04:00:00+00:00, run_after=2026-04-10T04:00:00+00:00
[2026-04-09T09:35:28.179+0000] {processor.py:183} INFO - Processing /opt/airflow/dags/energie_meteo_dag.py took 0.142 seconds
[2026-04-09T09:35:58.491+0000] {processor.py:161} INFO - Started process (PID=10998) to work on /opt/airflow/dags/energie_meteo_dag.py
[2026-04-09T09:35:58.492+0000] {processor.py:830} INFO - Processing file /opt/airflow/dags/energie_meteo_dag.py for tasks to queue
[2026-04-09T09:35:58.494+0000] {logging_mixin.py:188} INFO - [2026-04-09T09:35:58.494+0000] {dagbag.py:538} INFO - Filling up the DagBag from /opt/airflow/dags/energie_meteo_dag.py
[2026-04-09T09:35:58.513+0000] {processor.py:840} INFO - DAG(s) 'energie_meteo_dag' retrieved from /opt/airflow/dags/energie_meteo_dag.py
[2026-04-09T09:35:58.536+0000] {logging_mixin.py:188} INFO - [2026-04-09T09:35:58.535+0000] {dag.py:3033} INFO - Sync 1 DAGs
[2026-04-09T09:35:58.580+0000] {logging_mixin.py:188} INFO - [2026-04-09T09:35:58.580+0000] {dag.py:3820} INFO - Setting next_dagrun for energie_meteo_dag to 2026-04-09T04:00:00+00:00, run_after=2026-04-10T04:00:00+00:00
[2026-04-09T09:35:58.629+0000] {processor.py:183} INFO - Processing /opt/airflow/dags/energie_meteo_dag.py took 0.141 seconds
[2026-04-09T09:36:29.144+0000] {processor.py:161} INFO - Started process (PID=11059) to work on /opt/airflow/dags/energie_meteo_dag.py
[2026-04-09T09:36:29.145+0000] {processor.py:830} INFO - Processing file /opt/airflow/dags/energie_meteo_dag.py for tasks to queue
[2026-04-09T09:36:29.147+0000] {logging_mixin.py:188} INFO - [2026-04-09T09:36:29.147+0000] {dagbag.py:538} INFO - Filling up the DagBag from /opt/airflow/dags/energie_meteo_dag.py
[2026-04-09T09:36:29.162+0000] {processor.py:840} INFO - DAG(s) 'energie_meteo_dag' retrieved from /opt/airflow/dags/energie_meteo_dag.py
[2026-04-09T09:36:29.183+0000] {logging_mixin.py:188} INFO - [2026-04-09T09:36:29.183+0000] {dag.py:3033} INFO - Sync 1 DAGs
[2026-04-09T09:36:29.210+0000] {logging_mixin.py:188} INFO - [2026-04-09T09:36:29.210+0000] {dag.py:3820} INFO - Setting next_dagrun for energie_meteo_dag to 2026-04-09T04:00:00+00:00, run_after=2026-04-10T04:00:00+00:00
[2026-04-09T09:36:29.229+0000] {processor.py:183} INFO - Processing /opt/airflow/dags/energie_meteo_dag.py took 0.089 seconds
[2026-04-09T09:36:59.345+0000] {processor.py:161} INFO - Started process (PID=11120) to work on /opt/airflow/dags/energie_meteo_dag.py
[2026-04-09T09:36:59.346+0000] {processor.py:830} INFO - Processing file /opt/airflow/dags/energie_meteo_dag.py for tasks to queue
[2026-04-09T09:36:59.349+0000] {logging_mixin.py:188} INFO - [2026-04-09T09:36:59.348+0000] {dagbag.py:538} INFO - Filling up the DagBag from /opt/airflow/dags/energie_meteo_dag.py
[2026-04-09T09:36:59.374+0000] {processor.py:840} INFO - DAG(s) 'energie_meteo_dag' retrieved from /opt/airflow/dags/energie_meteo_dag.py
[2026-04-09T09:36:59.436+0000] {logging_mixin.py:188} INFO - [2026-04-09T09:36:59.435+0000] {dag.py:3033} INFO - Sync 1 DAGs
[2026-04-09T09:36:59.493+0000] {logging_mixin.py:188} INFO - [2026-04-09T09:36:59.490+0000] {dag.py:3820} INFO - Setting next_dagrun for energie_meteo_dag to 2026-04-09T04:00:00+00:00, run_after=2026-04-10T04:00:00+00:00
[2026-04-09T09:36:59.538+0000] {processor.py:183} INFO - Processing /opt/airflow/dags/energie_meteo_dag.py took 0.200 seconds
[2026-04-09T09:37:30.518+0000] {processor.py:161} INFO - Started process (PID=11181) to work on /opt/airflow/dags/energie_meteo_dag.py
[2026-04-09T09:37:30.521+0000] {processor.py:830} INFO - Processing file /opt/airflow/dags/energie_meteo_dag.py for tasks to queue
[2026-04-09T09:37:30.526+0000] {logging_mixin.py:188} INFO - [2026-04-09T09:37:30.526+0000] {dagbag.py:538} INFO - Filling up the DagBag from /opt/airflow/dags/energie_meteo_dag.py
[2026-04-09T09:37:30.575+0000] {processor.py:840} INFO - DAG(s) 'energie_meteo_dag' retrieved from /opt/airflow/dags/energie_meteo_dag.py
[2026-04-09T09:37:30.664+0000] {logging_mixin.py:188} INFO - [2026-04-09T09:37:30.664+0000] {dag.py:3033} INFO - Sync 1 DAGs
[2026-04-09T09:37:30.794+0000] {logging_mixin.py:188} INFO - [2026-04-09T09:37:30.794+0000] {dag.py:3820} INFO - Setting next_dagrun for energie_meteo_dag to 2026-04-09T04:00:00+00:00, run_after=2026-04-10T04:00:00+00:00
[2026-04-09T09:37:30.911+0000] {processor.py:183} INFO - Processing /opt/airflow/dags/energie_meteo_dag.py took 0.403 seconds
[2026-04-09T09:38:01.071+0000] {processor.py:161} INFO - Started process (PID=11242) to work on /opt/airflow/dags/energie_meteo_dag.py
[2026-04-09T09:38:01.071+0000] {processor.py:830} INFO - Processing file /opt/airflow/dags/energie_meteo_dag.py for tasks to queue
[2026-04-09T09:38:01.073+0000] {logging_mixin.py:188} INFO - [2026-04-09T09:38:01.073+0000] {dagbag.py:538} INFO - Filling up the DagBag from /opt/airflow/dags/energie_meteo_dag.py
[2026-04-09T09:38:01.088+0000] {processor.py:840} INFO - DAG(s) 'energie_meteo_dag' retrieved from /opt/airflow/dags/energie_meteo_dag.py
[2026-04-09T09:38:01.140+0000] {logging_mixin.py:188} INFO - [2026-04-09T09:38:01.139+0000] {dag.py:3033} INFO - Sync 1 DAGs
[2026-04-09T09:38:01.216+0000] {logging_mixin.py:188} INFO - [2026-04-09T09:38:01.216+0000] {dag.py:3820} INFO - Setting next_dagrun for energie_meteo_dag to 2026-04-09T04:00:00+00:00, run_after=2026-04-10T04:00:00+00:00
[2026-04-09T09:38:01.350+0000] {processor.py:183} INFO - Processing /opt/airflow/dags/energie_meteo_dag.py took 0.283 seconds
[2026-04-09T09:38:31.832+0000] {processor.py:161} INFO - Started process (PID=11303) to work on /opt/airflow/dags/energie_meteo_dag.py
[2026-04-09T09:38:31.836+0000] {processor.py:830} INFO - Processing file /opt/airflow/dags/energie_meteo_dag.py for tasks to queue
[2026-04-09T09:38:31.840+0000] {logging_mixin.py:188} INFO - [2026-04-09T09:38:31.840+0000] {dagbag.py:538} INFO - Filling up the DagBag from /opt/airflow/dags/energie_meteo_dag.py
[2026-04-09T09:38:31.859+0000] {processor.py:840} INFO - DAG(s) 'energie_meteo_dag' retrieved from /opt/airflow/dags/energie_meteo_dag.py
[2026-04-09T09:38:31.882+0000] {logging_mixin.py:188} INFO - [2026-04-09T09:38:31.881+0000] {dag.py:3033} INFO - Sync 1 DAGs
[2026-04-09T09:38:31.911+0000] {logging_mixin.py:188} INFO - [2026-04-09T09:38:31.910+0000] {dag.py:3820} INFO - Setting next_dagrun for energie_meteo_dag to 2026-04-09T04:00:00+00:00, run_after=2026-04-10T04:00:00+00:00
[2026-04-09T09:38:31.930+0000] {processor.py:183} INFO - Processing /opt/airflow/dags/energie_meteo_dag.py took 0.105 seconds
[2026-04-09T09:39:02.601+0000] {processor.py:161} INFO - Started process (PID=11364) to work on /opt/airflow/dags/energie_meteo_dag.py
[2026-04-09T09:39:02.601+0000] {processor.py:830} INFO - Processing file /opt/airflow/dags/energie_meteo_dag.py for tasks to queue
[2026-04-09T09:39:02.603+0000] {logging_mixin.py:188} INFO - [2026-04-09T09:39:02.603+0000] {dagbag.py:538} INFO - Filling up the DagBag from /opt/airflow/dags/energie_meteo_dag.py
[2026-04-09T09:39:02.619+0000] {processor.py:840} INFO - DAG(s) 'energie_meteo_dag' retrieved from /opt/airflow/dags/energie_meteo_dag.py
[2026-04-09T09:39:02.644+0000] {logging_mixin.py:188} INFO - [2026-04-09T09:39:02.644+0000] {dag.py:3033} INFO - Sync 1 DAGs
[2026-04-09T09:39:02.690+0000] {logging_mixin.py:188} INFO - [2026-04-09T09:39:02.688+0000] {dag.py:3820} INFO - Setting next_dagrun for energie_meteo_dag to 2026-04-09T04:00:00+00:00, run_after=2026-04-10T04:00:00+00:00
[2026-04-09T09:39:02.710+0000] {processor.py:183} INFO - Processing /opt/airflow/dags/energie_meteo_dag.py took 0.113 seconds
[2026-04-09T09:39:33.292+0000] {processor.py:161} INFO - Started process (PID=11425) to work on /opt/airflow/dags/energie_meteo_dag.py
[2026-04-09T09:39:33.292+0000] {processor.py:830} INFO - Processing file /opt/airflow/dags/energie_meteo_dag.py for tasks to queue
[2026-04-09T09:39:33.295+0000] {logging_mixin.py:188} INFO - [2026-04-09T09:39:33.294+0000] {dagbag.py:538} INFO - Filling up the DagBag from /opt/airflow/dags/energie_meteo_dag.py
[2026-04-09T09:39:33.310+0000] {processor.py:840} INFO - DAG(s) 'energie_meteo_dag' retrieved from /opt/airflow/dags/energie_meteo_dag.py
[2026-04-09T09:39:33.334+0000] {logging_mixin.py:188} INFO - [2026-04-09T09:39:33.334+0000] {dag.py:3033} INFO - Sync 1 DAGs
[2026-04-09T09:39:33.361+0000] {logging_mixin.py:188} INFO - [2026-04-09T09:39:33.361+0000] {dag.py:3820} INFO - Setting next_dagrun for energie_meteo_dag to 2026-04-09T04:00:00+00:00, run_after=2026-04-10T04:00:00+00:00
[2026-04-09T09:39:33.380+0000] {processor.py:183} INFO - Processing /opt/airflow/dags/energie_meteo_dag.py took 0.092 seconds
[2026-04-09T09:40:03.959+0000] {processor.py:161} INFO - Started process (PID=11486) to work on /opt/airflow/dags/energie_meteo_dag.py
[2026-04-09T09:40:03.960+0000] {processor.py:830} INFO - Processing file /opt/airflow/dags/energie_meteo_dag.py for tasks to queue
[2026-04-09T09:40:03.962+0000] {logging_mixin.py:188} INFO - [2026-04-09T09:40:03.961+0000] {dagbag.py:538} INFO - Filling up the DagBag from /opt/airflow/dags/energie_meteo_dag.py
[2026-04-09T09:40:03.976+0000] {processor.py:840} INFO - DAG(s) 'energie_meteo_dag' retrieved from /opt/airflow/dags/energie_meteo_dag.py
[2026-04-09T09:40:04.007+0000] {logging_mixin.py:188} INFO - [2026-04-09T09:40:04.007+0000] {dag.py:3033} INFO - Sync 1 DAGs
[2026-04-09T09:40:04.039+0000] {logging_mixin.py:188} INFO - [2026-04-09T09:40:04.039+0000] {dag.py:3820} INFO - Setting next_dagrun for energie_meteo_dag to 2026-04-09T04:00:00+00:00, run_after=2026-04-10T04:00:00+00:00
[2026-04-09T09:40:04.059+0000] {processor.py:183} INFO - Processing /opt/airflow/dags/energie_meteo_dag.py took 0.103 seconds
[2026-04-09T09:40:34.099+0000] {processor.py:161} INFO - Started process (PID=11547) to work on /opt/airflow/dags/energie_meteo_dag.py
[2026-04-09T09:40:34.100+0000] {processor.py:830} INFO - Processing file /opt/airflow/dags/energie_meteo_dag.py for tasks to queue
[2026-04-09T09:40:34.102+0000] {logging_mixin.py:188} INFO - [2026-04-09T09:40:34.102+0000] {dagbag.py:538} INFO - Filling up the DagBag from /opt/airflow/dags/energie_meteo_dag.py
[2026-04-09T09:40:34.118+0000] {processor.py:840} INFO - DAG(s) 'energie_meteo_dag' retrieved from /opt/airflow/dags/energie_meteo_dag.py
[2026-04-09T09:40:34.141+0000] {logging_mixin.py:188} INFO - [2026-04-09T09:40:34.140+0000] {dag.py:3033} INFO - Sync 1 DAGs
[2026-04-09T09:40:34.169+0000] {logging_mixin.py:188} INFO - [2026-04-09T09:40:34.169+0000] {dag.py:3820} INFO - Setting next_dagrun for energie_meteo_dag to 2026-04-09T04:00:00+00:00, run_after=2026-04-10T04:00:00+00:00
[2026-04-09T09:40:34.242+0000] {processor.py:183} INFO - Processing /opt/airflow/dags/energie_meteo_dag.py took 0.147 seconds
[2026-04-09T09:41:04.631+0000] {processor.py:161} INFO - Started process (PID=11608) to work on /opt/airflow/dags/energie_meteo_dag.py
[2026-04-09T09:41:04.633+0000] {processor.py:830} INFO - Processing file /opt/airflow/dags/energie_meteo_dag.py for tasks to queue
[2026-04-09T09:41:04.646+0000] {logging_mixin.py:188} INFO - [2026-04-09T09:41:04.646+0000] {dagbag.py:538} INFO - Filling up the DagBag from /opt/airflow/dags/energie_meteo_dag.py
[2026-04-09T09:41:04.701+0000] {processor.py:840} INFO - DAG(s) 'energie_meteo_dag' retrieved from /opt/airflow/dags/energie_meteo_dag.py
[2026-04-09T09:41:04.767+0000] {logging_mixin.py:188} INFO - [2026-04-09T09:41:04.767+0000] {dag.py:3033} INFO - Sync 1 DAGs
[2026-04-09T09:41:04.812+0000] {logging_mixin.py:188} INFO - [2026-04-09T09:41:04.812+0000] {dag.py:3820} INFO - Setting next_dagrun for energie_meteo_dag to 2026-04-09T04:00:00+00:00, run_after=2026-04-10T04:00:00+00:00
[2026-04-09T09:41:04.830+0000] {processor.py:183} INFO - Processing /opt/airflow/dags/energie_meteo_dag.py took 0.210 seconds
[2026-04-09T09:41:35.148+0000] {processor.py:161} INFO - Started process (PID=11669) to work on /opt/airflow/dags/energie_meteo_dag.py
[2026-04-09T09:41:35.149+0000] {processor.py:830} INFO - Processing file /opt/airflow/dags/energie_meteo_dag.py for tasks to queue
[2026-04-09T09:41:35.151+0000] {logging_mixin.py:188} INFO - [2026-04-09T09:41:35.151+0000] {dagbag.py:538} INFO - Filling up the DagBag from /opt/airflow/dags/energie_meteo_dag.py
[2026-04-09T09:41:35.166+0000] {processor.py:840} INFO - DAG(s) 'energie_meteo_dag' retrieved from /opt/airflow/dags/energie_meteo_dag.py
[2026-04-09T09:41:35.190+0000] {logging_mixin.py:188} INFO - [2026-04-09T09:41:35.190+0000] {dag.py:3033} INFO - Sync 1 DAGs
[2026-04-09T09:41:35.228+0000] {logging_mixin.py:188} INFO - [2026-04-09T09:41:35.228+0000] {dag.py:3820} INFO - Setting next_dagrun for energie_meteo_dag to 2026-04-09T04:00:00+00:00, run_after=2026-04-10T04:00:00+00:00
[2026-04-09T09:41:35.288+0000] {processor.py:183} INFO - Processing /opt/airflow/dags/energie_meteo_dag.py took 0.143 seconds
[2026-04-09T09:42:05.374+0000] {processor.py:161} INFO - Started process (PID=11730) to work on /opt/airflow/dags/energie_meteo_dag.py
[2026-04-09T09:42:05.375+0000] {processor.py:830} INFO - Processing file /opt/airflow/dags/energie_meteo_dag.py for tasks to queue
[2026-04-09T09:42:05.377+0000] {logging_mixin.py:188} INFO - [2026-04-09T09:42:05.377+0000] {dagbag.py:538} INFO - Filling up the DagBag from /opt/airflow/dags/energie_meteo_dag.py
[2026-04-09T09:42:05.392+0000] {processor.py:840} INFO - DAG(s) 'energie_meteo_dag' retrieved from /opt/airflow/dags/energie_meteo_dag.py
[2026-04-09T09:42:05.437+0000] {logging_mixin.py:188} INFO - [2026-04-09T09:42:05.437+0000] {dag.py:3033} INFO - Sync 1 DAGs
[2026-04-09T09:42:05.474+0000] {logging_mixin.py:188} INFO - [2026-04-09T09:42:05.474+0000] {dag.py:3820} INFO - Setting next_dagrun for energie_meteo_dag to 2026-04-09T04:00:00+00:00, run_after=2026-04-10T04:00:00+00:00
[2026-04-09T09:42:05.499+0000] {processor.py:183} INFO - Processing /opt/airflow/dags/energie_meteo_dag.py took 0.128 seconds
[2026-04-09T09:42:36.506+0000] {processor.py:161} INFO - Started process (PID=11791) to work on /opt/airflow/dags/energie_meteo_dag.py
[2026-04-09T09:42:36.509+0000] {processor.py:830} INFO - Processing file /opt/airflow/dags/energie_meteo_dag.py for tasks to queue
[2026-04-09T09:42:36.515+0000] {logging_mixin.py:188} INFO - [2026-04-09T09:42:36.515+0000] {dagbag.py:538} INFO - Filling up the DagBag from /opt/airflow/dags/energie_meteo_dag.py
[2026-04-09T09:42:36.562+0000] {processor.py:840} INFO - DAG(s) 'energie_meteo_dag' retrieved from /opt/airflow/dags/energie_meteo_dag.py
[2026-04-09T09:42:36.605+0000] {logging_mixin.py:188} INFO - [2026-04-09T09:42:36.605+0000] {dag.py:3033} INFO - Sync 1 DAGs
[2026-04-09T09:42:36.636+0000] {logging_mixin.py:188} INFO - [2026-04-09T09:42:36.633+0000] {dag.py:3820} INFO - Setting next_dagrun for energie_meteo_dag to 2026-04-09T04:00:00+00:00, run_after=2026-04-10T04:00:00+00:00
[2026-04-09T09:42:36.686+0000] {processor.py:183} INFO - Processing /opt/airflow/dags/energie_meteo_dag.py took 0.190 seconds
[2026-04-09T09:43:07.065+0000] {processor.py:161} INFO - Started process (PID=11852) to work on /opt/airflow/dags/energie_meteo_dag.py
[2026-04-09T09:43:07.066+0000] {processor.py:830} INFO - Processing file /opt/airflow/dags/energie_meteo_dag.py for tasks to queue
[2026-04-09T09:43:07.071+0000] {logging_mixin.py:188} INFO - [2026-04-09T09:43:07.071+0000] {dagbag.py:538} INFO - Filling up the DagBag from /opt/airflow/dags/energie_meteo_dag.py
[2026-04-09T09:43:07.105+0000] {processor.py:840} INFO - DAG(s) 'energie_meteo_dag' retrieved from /opt/airflow/dags/energie_meteo_dag.py
[2026-04-09T09:43:07.132+0000] {logging_mixin.py:188} INFO - [2026-04-09T09:43:07.132+0000] {dag.py:3033} INFO - Sync 1 DAGs
[2026-04-09T09:43:07.161+0000] {logging_mixin.py:188} INFO - [2026-04-09T09:43:07.161+0000] {dag.py:3820} INFO - Setting next_dagrun for energie_meteo_dag to 2026-04-09T04:00:00+00:00, run_after=2026-04-10T04:00:00+00:00
[2026-04-09T09:43:07.204+0000] {processor.py:183} INFO - Processing /opt/airflow/dags/energie_meteo_dag.py took 0.146 seconds
[2026-04-09T09:43:37.326+0000] {processor.py:161} INFO - Started process (PID=11913) to work on /opt/airflow/dags/energie_meteo_dag.py
[2026-04-09T09:43:37.327+0000] {processor.py:830} INFO - Processing file /opt/airflow/dags/energie_meteo_dag.py for tasks to queue
[2026-04-09T09:43:37.336+0000] {logging_mixin.py:188} INFO - [2026-04-09T09:43:37.335+0000] {dagbag.py:538} INFO - Filling up the DagBag from /opt/airflow/dags/energie_meteo_dag.py
[2026-04-09T09:43:37.359+0000] {processor.py:840} INFO - DAG(s) 'energie_meteo_dag' retrieved from /opt/airflow/dags/energie_meteo_dag.py
[2026-04-09T09:43:37.381+0000] {logging_mixin.py:188} INFO - [2026-04-09T09:43:37.381+0000] {dag.py:3033} INFO - Sync 1 DAGs
[2026-04-09T09:43:37.409+0000] {logging_mixin.py:188} INFO - [2026-04-09T09:43:37.409+0000] {dag.py:3820} INFO - Setting next_dagrun for energie_meteo_dag to 2026-04-09T04:00:00+00:00, run_after=2026-04-10T04:00:00+00:00
[2026-04-09T09:43:37.427+0000] {processor.py:183} INFO - Processing /opt/airflow/dags/energie_meteo_dag.py took 0.118 seconds
[2026-04-09T09:44:07.777+0000] {processor.py:161} INFO - Started process (PID=11973) to work on /opt/airflow/dags/energie_meteo_dag.py
[2026-04-09T09:44:07.780+0000] {processor.py:830} INFO - Processing file /opt/airflow/dags/energie_meteo_dag.py for tasks to queue
[2026-04-09T09:44:07.786+0000] {logging_mixin.py:188} INFO - [2026-04-09T09:44:07.786+0000] {dagbag.py:538} INFO - Filling up the DagBag from /opt/airflow/dags/energie_meteo_dag.py
[2026-04-09T09:44:07.812+0000] {processor.py:840} INFO - DAG(s) 'energie_meteo_dag' retrieved from /opt/airflow/dags/energie_meteo_dag.py
[2026-04-09T09:44:07.835+0000] {logging_mixin.py:188} INFO - [2026-04-09T09:44:07.835+0000] {dag.py:3033} INFO - Sync 1 DAGs
[2026-04-09T09:44:07.864+0000] {logging_mixin.py:188} INFO - [2026-04-09T09:44:07.864+0000] {dag.py:3820} INFO - Setting next_dagrun for energie_meteo_dag to 2026-04-09T04:00:00+00:00, run_after=2026-04-10T04:00:00+00:00
[2026-04-09T09:44:07.882+0000] {processor.py:183} INFO - Processing /opt/airflow/dags/energie_meteo_dag.py took 0.113 seconds
[2026-04-09T09:44:37.958+0000] {processor.py:161} INFO - Started process (PID=12034) to work on /opt/airflow/dags/energie_meteo_dag.py
[2026-04-09T09:44:37.959+0000] {processor.py:830} INFO - Processing file /opt/airflow/dags/energie_meteo_dag.py for tasks to queue
[2026-04-09T09:44:37.961+0000] {logging_mixin.py:188} INFO - [2026-04-09T09:44:37.961+0000] {dagbag.py:538} INFO - Filling up the DagBag from /opt/airflow/dags/energie_meteo_dag.py
[2026-04-09T09:44:37.976+0000] {processor.py:840} INFO - DAG(s) 'energie_meteo_dag' retrieved from /opt/airflow/dags/energie_meteo_dag.py
[2026-04-09T09:44:38.001+0000] {logging_mixin.py:188} INFO - [2026-04-09T09:44:38.000+0000] {dag.py:3033} INFO - Sync 1 DAGs
[2026-04-09T09:44:38.029+0000] {logging_mixin.py:188} INFO - [2026-04-09T09:44:38.029+0000] {dag.py:3820} INFO - Setting next_dagrun for energie_meteo_dag to 2026-04-09T04:00:00+00:00, run_after=2026-04-10T04:00:00+00:00
[2026-04-09T09:44:38.049+0000] {processor.py:183} INFO - Processing /opt/airflow/dags/energie_meteo_dag.py took 0.094 seconds
[2026-04-09T09:45:08.313+0000] {processor.py:161} INFO - Started process (PID=12090) to work on /opt/airflow/dags/energie_meteo_dag.py
[2026-04-09T09:45:08.319+0000] {processor.py:830} INFO - Processing file /opt/airflow/dags/energie_meteo_dag.py for tasks to queue
[2026-04-09T09:45:08.334+0000] {logging_mixin.py:188} INFO - [2026-04-09T09:45:08.329+0000] {dagbag.py:538} INFO - Filling up the DagBag from /opt/airflow/dags/energie_meteo_dag.py
[2026-04-09T09:45:08.392+0000] {processor.py:840} INFO - DAG(s) 'energie_meteo_dag' retrieved from /opt/airflow/dags/energie_meteo_dag.py
[2026-04-09T09:45:08.428+0000] {logging_mixin.py:188} INFO - [2026-04-09T09:45:08.428+0000] {dag.py:3033} INFO - Sync 1 DAGs
[2026-04-09T09:45:08.459+0000] {logging_mixin.py:188} INFO - [2026-04-09T09:45:08.459+0000] {dag.py:3820} INFO - Setting next_dagrun for energie_meteo_dag to 2026-04-09T04:00:00+00:00, run_after=2026-04-10T04:00:00+00:00
[2026-04-09T09:45:08.477+0000] {processor.py:183} INFO - Processing /opt/airflow/dags/energie_meteo_dag.py took 0.174 seconds
[2026-04-09T09:45:38.544+0000] {processor.py:161} INFO - Started process (PID=12151) to work on /opt/airflow/dags/energie_meteo_dag.py
[2026-04-09T09:45:38.544+0000] {processor.py:830} INFO - Processing file /opt/airflow/dags/energie_meteo_dag.py for tasks to queue
[2026-04-09T09:45:38.546+0000] {logging_mixin.py:188} INFO - [2026-04-09T09:45:38.546+0000] {dagbag.py:538} INFO - Filling up the DagBag from /opt/airflow/dags/energie_meteo_dag.py
[2026-04-09T09:45:38.561+0000] {processor.py:840} INFO - DAG(s) 'energie_meteo_dag' retrieved from /opt/airflow/dags/energie_meteo_dag.py
[2026-04-09T09:45:38.584+0000] {logging_mixin.py:188} INFO - [2026-04-09T09:45:38.584+0000] {dag.py:3033} INFO - Sync 1 DAGs
[2026-04-09T09:45:38.611+0000] {logging_mixin.py:188} INFO - [2026-04-09T09:45:38.611+0000] {dag.py:3820} INFO - Setting next_dagrun for energie_meteo_dag to 2026-04-09T04:00:00+00:00, run_after=2026-04-10T04:00:00+00:00
[2026-04-09T09:45:38.632+0000] {processor.py:183} INFO - Processing /opt/airflow/dags/energie_meteo_dag.py took 0.092 seconds
[2026-04-09T09:46:09.174+0000] {processor.py:161} INFO - Started process (PID=12212) to work on /opt/airflow/dags/energie_meteo_dag.py
[2026-04-09T09:46:09.177+0000] {processor.py:830} INFO - Processing file /opt/airflow/dags/energie_meteo_dag.py for tasks to queue
[2026-04-09T09:46:09.181+0000] {logging_mixin.py:188} INFO - [2026-04-09T09:46:09.181+0000] {dagbag.py:538} INFO - Filling up the DagBag from /opt/airflow/dags/energie_meteo_dag.py
[2026-04-09T09:46:09.208+0000] {processor.py:840} INFO - DAG(s) 'energie_meteo_dag' retrieved from /opt/airflow/dags/energie_meteo_dag.py
[2026-04-09T09:46:09.235+0000] {logging_mixin.py:188} INFO - [2026-04-09T09:46:09.234+0000] {dag.py:3033} INFO - Sync 1 DAGs
[2026-04-09T09:46:09.265+0000] {logging_mixin.py:188} INFO - [2026-04-09T09:46:09.265+0000] {dag.py:3820} INFO - Setting next_dagrun for energie_meteo_dag to 2026-04-09T04:00:00+00:00, run_after=2026-04-10T04:00:00+00:00
[2026-04-09T09:46:09.291+0000] {processor.py:183} INFO - Processing /opt/airflow/dags/energie_meteo_dag.py took 0.126 seconds
[2026-04-09T09:46:39.805+0000] {processor.py:161} INFO - Started process (PID=12273) to work on /opt/airflow/dags/energie_meteo_dag.py
[2026-04-09T09:46:39.806+0000] {processor.py:830} INFO - Processing file /opt/airflow/dags/energie_meteo_dag.py for tasks to queue
[2026-04-09T09:46:39.809+0000] {logging_mixin.py:188} INFO - [2026-04-09T09:46:39.808+0000] {dagbag.py:538} INFO - Filling up the DagBag from /opt/airflow/dags/energie_meteo_dag.py
[2026-04-09T09:46:39.827+0000] {processor.py:840} INFO - DAG(s) 'energie_meteo_dag' retrieved from /opt/airflow/dags/energie_meteo_dag.py
[2026-04-09T09:46:39.853+0000] {logging_mixin.py:188} INFO - [2026-04-09T09:46:39.853+0000] {dag.py:3033} INFO - Sync 1 DAGs
[2026-04-09T09:46:39.884+0000] {logging_mixin.py:188} INFO - [2026-04-09T09:46:39.884+0000] {dag.py:3820} INFO - Setting next_dagrun for energie_meteo_dag to 2026-04-09T04:00:00+00:00, run_after=2026-04-10T04:00:00+00:00
[2026-04-09T09:46:39.902+0000] {processor.py:183} INFO - Processing /opt/airflow/dags/energie_meteo_dag.py took 0.100 seconds
[2026-04-09T09:47:10.839+0000] {processor.py:161} INFO - Started process (PID=12334) to work on /opt/airflow/dags/energie_meteo_dag.py
[2026-04-09T09:47:10.839+0000] {processor.py:830} INFO - Processing file /opt/airflow/dags/energie_meteo_dag.py for tasks to queue
[2026-04-09T09:47:10.841+0000] {logging_mixin.py:188} INFO - [2026-04-09T09:47:10.841+0000] {dagbag.py:538} INFO - Filling up the DagBag from /opt/airflow/dags/energie_meteo_dag.py
[2026-04-09T09:47:10.857+0000] {processor.py:840} INFO - DAG(s) 'energie_meteo_dag' retrieved from /opt/airflow/dags/energie_meteo_dag.py
[2026-04-09T09:47:10.879+0000] {logging_mixin.py:188} INFO - [2026-04-09T09:47:10.879+0000] {dag.py:3033} INFO - Sync 1 DAGs
[2026-04-09T09:47:10.908+0000] {logging_mixin.py:188} INFO - [2026-04-09T09:47:10.908+0000] {dag.py:3820} INFO - Setting next_dagrun for energie_meteo_dag to 2026-04-09T04:00:00+00:00, run_after=2026-04-10T04:00:00+00:00
[2026-04-09T09:47:10.931+0000] {processor.py:183} INFO - Processing /opt/airflow/dags/energie_meteo_dag.py took 0.099 seconds
[2026-04-09T09:47:40.964+0000] {processor.py:161} INFO - Started process (PID=12395) to work on /opt/airflow/dags/energie_meteo_dag.py
[2026-04-09T09:47:40.964+0000] {processor.py:830} INFO - Processing file /opt/airflow/dags/energie_meteo_dag.py for tasks to queue
[2026-04-09T09:47:40.966+0000] {logging_mixin.py:188} INFO - [2026-04-09T09:47:40.966+0000] {dagbag.py:538} INFO - Filling up the DagBag from /opt/airflow/dags/energie_meteo_dag.py
[2026-04-09T09:47:40.976+0000] {processor.py:840} INFO - DAG(s) 'energie_meteo_dag' retrieved from /opt/airflow/dags/energie_meteo_dag.py
[2026-04-09T09:47:40.993+0000] {logging_mixin.py:188} INFO - [2026-04-09T09:47:40.992+0000] {dag.py:3033} INFO - Sync 1 DAGs
[2026-04-09T09:47:41.010+0000] {logging_mixin.py:188} INFO - [2026-04-09T09:47:41.010+0000] {dag.py:3820} INFO - Setting next_dagrun for energie_meteo_dag to 2026-04-09T04:00:00+00:00, run_after=2026-04-10T04:00:00+00:00
[2026-04-09T09:47:41.028+0000] {processor.py:183} INFO - Processing /opt/airflow/dags/energie_meteo_dag.py took 0.067 seconds
[2026-04-09T09:48:11.714+0000] {processor.py:161} INFO - Started process (PID=12456) to work on /opt/airflow/dags/energie_meteo_dag.py
[2026-04-09T09:48:11.715+0000] {processor.py:830} INFO - Processing file /opt/airflow/dags/energie_meteo_dag.py for tasks to queue
[2026-04-09T09:48:11.717+0000] {logging_mixin.py:188} INFO - [2026-04-09T09:48:11.717+0000] {dagbag.py:538} INFO - Filling up the DagBag from /opt/airflow/dags/energie_meteo_dag.py
[2026-04-09T09:48:11.732+0000] {processor.py:840} INFO - DAG(s) 'energie_meteo_dag' retrieved from /opt/airflow/dags/energie_meteo_dag.py
[2026-04-09T09:48:11.761+0000] {logging_mixin.py:188} INFO - [2026-04-09T09:48:11.761+0000] {dag.py:3033} INFO - Sync 1 DAGs
[2026-04-09T09:48:11.800+0000] {logging_mixin.py:188} INFO - [2026-04-09T09:48:11.800+0000] {dag.py:3820} INFO - Setting next_dagrun for energie_meteo_dag to 2026-04-09T04:00:00+00:00, run_after=2026-04-10T04:00:00+00:00
[2026-04-09T09:48:11.883+0000] {processor.py:183} INFO - Processing /opt/airflow/dags/energie_meteo_dag.py took 0.172 seconds
[2026-04-09T09:48:42.049+0000] {processor.py:161} INFO - Started process (PID=12517) to work on /opt/airflow/dags/energie_meteo_dag.py
[2026-04-09T09:48:42.050+0000] {processor.py:830} INFO - Processing file /opt/airflow/dags/energie_meteo_dag.py for tasks to queue
[2026-04-09T09:48:42.052+0000] {logging_mixin.py:188} INFO - [2026-04-09T09:48:42.052+0000] {dagbag.py:538} INFO - Filling up the DagBag from /opt/airflow/dags/energie_meteo_dag.py
[2026-04-09T09:48:42.067+0000] {processor.py:840} INFO - DAG(s) 'energie_meteo_dag' retrieved from /opt/airflow/dags/energie_meteo_dag.py
[2026-04-09T09:48:42.092+0000] {logging_mixin.py:188} INFO - [2026-04-09T09:48:42.092+0000] {dag.py:3033} INFO - Sync 1 DAGs
[2026-04-09T09:48:42.120+0000] {logging_mixin.py:188} INFO - [2026-04-09T09:48:42.120+0000] {dag.py:3820} INFO - Setting next_dagrun for energie_meteo_dag to 2026-04-09T04:00:00+00:00, run_after=2026-04-10T04:00:00+00:00
[2026-04-09T09:48:42.142+0000] {processor.py:183} INFO - Processing /opt/airflow/dags/energie_meteo_dag.py took 0.096 seconds
[2026-04-09T09:49:12.897+0000] {processor.py:161} INFO - Started process (PID=12578) to work on /opt/airflow/dags/energie_meteo_dag.py
[2026-04-09T09:49:12.899+0000] {processor.py:830} INFO - Processing file /opt/airflow/dags/energie_meteo_dag.py for tasks to queue
[2026-04-09T09:49:12.907+0000] {logging_mixin.py:188} INFO - [2026-04-09T09:49:12.906+0000] {dagbag.py:538} INFO - Filling up the DagBag from /opt/airflow/dags/energie_meteo_dag.py
[2026-04-09T09:49:12.928+0000] {processor.py:840} INFO - DAG(s) 'energie_meteo_dag' retrieved from /opt/airflow/dags/energie_meteo_dag.py
[2026-04-09T09:49:12.969+0000] {logging_mixin.py:188} INFO - [2026-04-09T09:49:12.969+0000] {dag.py:3033} INFO - Sync 1 DAGs
[2026-04-09T09:49:13.013+0000] {logging_mixin.py:188} INFO - [2026-04-09T09:49:13.013+0000] {dag.py:3820} INFO - Setting next_dagrun for energie_meteo_dag to 2026-04-09T04:00:00+00:00, run_after=2026-04-10T04:00:00+00:00
[2026-04-09T09:49:13.033+0000] {processor.py:183} INFO - Processing /opt/airflow/dags/energie_meteo_dag.py took 0.153 seconds
[2026-04-09T09:49:43.140+0000] {processor.py:161} INFO - Started process (PID=12639) to work on /opt/airflow/dags/energie_meteo_dag.py
[2026-04-09T09:49:43.141+0000] {processor.py:830} INFO - Processing file /opt/airflow/dags/energie_meteo_dag.py for tasks to queue
[2026-04-09T09:49:43.144+0000] {logging_mixin.py:188} INFO - [2026-04-09T09:49:43.143+0000] {dagbag.py:538} INFO - Filling up the DagBag from /opt/airflow/dags/energie_meteo_dag.py
[2026-04-09T09:49:43.168+0000] {processor.py:840} INFO - DAG(s) 'energie_meteo_dag' retrieved from /opt/airflow/dags/energie_meteo_dag.py
[2026-04-09T09:49:43.277+0000] {logging_mixin.py:188} INFO - [2026-04-09T09:49:43.277+0000] {dag.py:3033} INFO - Sync 1 DAGs
[2026-04-09T09:49:43.352+0000] {logging_mixin.py:188} INFO - [2026-04-09T09:49:43.352+0000] {dag.py:3820} INFO - Setting next_dagrun for energie_meteo_dag to 2026-04-09T04:00:00+00:00, run_after=2026-04-10T04:00:00+00:00
[2026-04-09T09:49:43.595+0000] {processor.py:183} INFO - Processing /opt/airflow/dags/energie_meteo_dag.py took 0.459 seconds
[2026-04-09T09:50:14.490+0000] {processor.py:161} INFO - Started process (PID=12700) to work on /opt/airflow/dags/energie_meteo_dag.py
[2026-04-09T09:50:14.491+0000] {processor.py:830} INFO - Processing file /opt/airflow/dags/energie_meteo_dag.py for tasks to queue
[2026-04-09T09:50:14.495+0000] {logging_mixin.py:188} INFO - [2026-04-09T09:50:14.493+0000] {dagbag.py:538} INFO - Filling up the DagBag from /opt/airflow/dags/energie_meteo_dag.py
[2026-04-09T09:50:14.529+0000] {processor.py:840} INFO - DAG(s) 'energie_meteo_dag' retrieved from /opt/airflow/dags/energie_meteo_dag.py
[2026-04-09T09:50:14.574+0000] {logging_mixin.py:188} INFO - [2026-04-09T09:50:14.574+0000] {dag.py:3033} INFO - Sync 1 DAGs
[2026-04-09T09:50:14.852+0000] {logging_mixin.py:188} INFO - [2026-04-09T09:50:14.852+0000] {dag.py:3820} INFO - Setting next_dagrun for energie_meteo_dag to 2026-04-09T04:00:00+00:00, run_after=2026-04-10T04:00:00+00:00
[2026-04-09T09:50:14.869+0000] {processor.py:183} INFO - Processing /opt/airflow/dags/energie_meteo_dag.py took 0.389 seconds
[2026-04-09T09:50:45.256+0000] {processor.py:161} INFO - Started process (PID=12761) to work on /opt/airflow/dags/energie_meteo_dag.py
[2026-04-09T09:50:45.257+0000] {processor.py:830} INFO - Processing file /opt/airflow/dags/energie_meteo_dag.py for tasks to queue
[2026-04-09T09:50:45.259+0000] {logging_mixin.py:188} INFO - [2026-04-09T09:50:45.258+0000] {dagbag.py:538} INFO - Filling up the DagBag from /opt/airflow/dags/energie_meteo_dag.py
[2026-04-09T09:50:45.274+0000] {processor.py:840} INFO - DAG(s) 'energie_meteo_dag' retrieved from /opt/airflow/dags/energie_meteo_dag.py
[2026-04-09T09:50:45.296+0000] {logging_mixin.py:188} INFO - [2026-04-09T09:50:45.296+0000] {dag.py:3033} INFO - Sync 1 DAGs
[2026-04-09T09:50:45.325+0000] {logging_mixin.py:188} INFO - [2026-04-09T09:50:45.324+0000] {dag.py:3820} INFO - Setting next_dagrun for energie_meteo_dag to 2026-04-09T04:00:00+00:00, run_after=2026-04-10T04:00:00+00:00
[2026-04-09T09:50:45.343+0000] {processor.py:183} INFO - Processing /opt/airflow/dags/energie_meteo_dag.py took 0.091 seconds
[2026-04-09T09:51:16.157+0000] {processor.py:161} INFO - Started process (PID=12822) to work on /opt/airflow/dags/energie_meteo_dag.py
[2026-04-09T09:51:16.158+0000] {processor.py:830} INFO - Processing file /opt/airflow/dags/energie_meteo_dag.py for tasks to queue
[2026-04-09T09:51:16.160+0000] {logging_mixin.py:188} INFO - [2026-04-09T09:51:16.160+0000] {dagbag.py:538} INFO - Filling up the DagBag from /opt/airflow/dags/energie_meteo_dag.py
[2026-04-09T09:51:16.176+0000] {processor.py:840} INFO - DAG(s) 'energie_meteo_dag' retrieved from /opt/airflow/dags/energie_meteo_dag.py
[2026-04-09T09:51:16.203+0000] {logging_mixin.py:188} INFO - [2026-04-09T09:51:16.203+0000] {dag.py:3033} INFO - Sync 1 DAGs
[2026-04-09T09:51:16.232+0000] {logging_mixin.py:188} INFO - [2026-04-09T09:51:16.231+0000] {dag.py:3820} INFO - Setting next_dagrun for energie_meteo_dag to 2026-04-09T04:00:00+00:00, run_after=2026-04-10T04:00:00+00:00
[2026-04-09T09:51:16.252+0000] {processor.py:183} INFO - Processing /opt/airflow/dags/energie_meteo_dag.py took 0.098 seconds
[2026-04-09T09:51:47.132+0000] {processor.py:161} INFO - Started process (PID=12883) to work on /opt/airflow/dags/energie_meteo_dag.py
[2026-04-09T09:51:47.133+0000] {processor.py:830} INFO - Processing file /opt/airflow/dags/energie_meteo_dag.py for tasks to queue
[2026-04-09T09:51:47.136+0000] {logging_mixin.py:188} INFO - [2026-04-09T09:51:47.136+0000] {dagbag.py:538} INFO - Filling up the DagBag from /opt/airflow/dags/energie_meteo_dag.py
[2026-04-09T09:51:47.153+0000] {processor.py:840} INFO - DAG(s) 'energie_meteo_dag' retrieved from /opt/airflow/dags/energie_meteo_dag.py
[2026-04-09T09:51:47.306+0000] {logging_mixin.py:188} INFO - [2026-04-09T09:51:47.306+0000] {dag.py:3033} INFO - Sync 1 DAGs
[2026-04-09T09:51:47.386+0000] {logging_mixin.py:188} INFO - [2026-04-09T09:51:47.383+0000] {dag.py:3820} INFO - Setting next_dagrun for energie_meteo_dag to 2026-04-09T04:00:00+00:00, run_after=2026-04-10T04:00:00+00:00
[2026-04-09T09:51:48.514+0000] {processor.py:183} INFO - Processing /opt/airflow/dags/energie_meteo_dag.py took 1.390 seconds
[2026-04-09T10:26:18.155+0000] {processor.py:161} INFO - Started process (PID=65) to work on /opt/airflow/dags/energie_meteo_dag.py
[2026-04-09T10:26:18.255+0000] {processor.py:830} INFO - Processing file /opt/airflow/dags/energie_meteo_dag.py for tasks to queue
[2026-04-09T10:26:18.264+0000] {logging_mixin.py:188} INFO - [2026-04-09T10:26:18.264+0000] {dagbag.py:538} INFO - Filling up the DagBag from /opt/airflow/dags/energie_meteo_dag.py
[2026-04-09T10:26:18.375+0000] {processor.py:840} INFO - DAG(s) 'energie_meteo_dag' retrieved from /opt/airflow/dags/energie_meteo_dag.py
[2026-04-09T10:26:18.598+0000] {logging_mixin.py:188} INFO - [2026-04-09T10:26:18.598+0000] {dag.py:3033} INFO - Sync 1 DAGs
[2026-04-09T10:26:18.769+0000] {logging_mixin.py:188} INFO - [2026-04-09T10:26:18.768+0000] {dag.py:3820} INFO - Setting next_dagrun for energie_meteo_dag to 2026-04-09T04:00:00+00:00, run_after=2026-04-10T04:00:00+00:00
[2026-04-09T10:26:18.882+0000] {processor.py:183} INFO - Processing /opt/airflow/dags/energie_meteo_dag.py took 0.754 seconds
[2026-04-09T10:26:49.659+0000] {processor.py:161} INFO - Started process (PID=126) to work on /opt/airflow/dags/energie_meteo_dag.py
[2026-04-09T10:26:49.659+0000] {processor.py:830} INFO - Processing file /opt/airflow/dags/energie_meteo_dag.py for tasks to queue
[2026-04-09T10:26:49.661+0000] {logging_mixin.py:188} INFO - [2026-04-09T10:26:49.661+0000] {dagbag.py:538} INFO - Filling up the DagBag from /opt/airflow/dags/energie_meteo_dag.py
[2026-04-09T10:26:49.682+0000] {processor.py:840} INFO - DAG(s) 'energie_meteo_dag' retrieved from /opt/airflow/dags/energie_meteo_dag.py
[2026-04-09T10:26:49.705+0000] {logging_mixin.py:188} INFO - [2026-04-09T10:26:49.705+0000] {dag.py:3033} INFO - Sync 1 DAGs
[2026-04-09T10:26:49.732+0000] {logging_mixin.py:188} INFO - [2026-04-09T10:26:49.732+0000] {dag.py:3820} INFO - Setting next_dagrun for energie_meteo_dag to 2026-04-09T04:00:00+00:00, run_after=2026-04-10T04:00:00+00:00
[2026-04-09T10:26:49.750+0000] {processor.py:183} INFO - Processing /opt/airflow/dags/energie_meteo_dag.py took 0.095 seconds
[2026-04-09T10:27:20.456+0000] {processor.py:161} INFO - Started process (PID=186) to work on /opt/airflow/dags/energie_meteo_dag.py
[2026-04-09T10:27:20.457+0000] {processor.py:830} INFO - Processing file /opt/airflow/dags/energie_meteo_dag.py for tasks to queue
[2026-04-09T10:27:20.459+0000] {logging_mixin.py:188} INFO - [2026-04-09T10:27:20.459+0000] {dagbag.py:538} INFO - Filling up the DagBag from /opt/airflow/dags/energie_meteo_dag.py
[2026-04-09T10:27:20.473+0000] {processor.py:840} INFO - DAG(s) 'energie_meteo_dag' retrieved from /opt/airflow/dags/energie_meteo_dag.py
[2026-04-09T10:27:20.495+0000] {logging_mixin.py:188} INFO - [2026-04-09T10:27:20.495+0000] {dag.py:3033} INFO - Sync 1 DAGs
[2026-04-09T10:27:20.523+0000] {logging_mixin.py:188} INFO - [2026-04-09T10:27:20.523+0000] {dag.py:3820} INFO - Setting next_dagrun for energie_meteo_dag to 2026-04-09T04:00:00+00:00, run_after=2026-04-10T04:00:00+00:00
[2026-04-09T10:27:20.541+0000] {processor.py:183} INFO - Processing /opt/airflow/dags/energie_meteo_dag.py took 0.089 seconds
[2026-04-09T10:27:50.712+0000] {processor.py:161} INFO - Started process (PID=247) to work on /opt/airflow/dags/energie_meteo_dag.py
[2026-04-09T10:27:50.713+0000] {processor.py:830} INFO - Processing file /opt/airflow/dags/energie_meteo_dag.py for tasks to queue
[2026-04-09T10:27:50.715+0000] {logging_mixin.py:188} INFO - [2026-04-09T10:27:50.715+0000] {dagbag.py:538} INFO - Filling up the DagBag from /opt/airflow/dags/energie_meteo_dag.py
[2026-04-09T10:27:50.729+0000] {processor.py:840} INFO - DAG(s) 'energie_meteo_dag' retrieved from /opt/airflow/dags/energie_meteo_dag.py
[2026-04-09T10:27:50.751+0000] {logging_mixin.py:188} INFO - [2026-04-09T10:27:50.751+0000] {dag.py:3033} INFO - Sync 1 DAGs
[2026-04-09T10:27:50.782+0000] {logging_mixin.py:188} INFO - [2026-04-09T10:27:50.782+0000] {dag.py:3820} INFO - Setting next_dagrun for energie_meteo_dag to 2026-04-09T04:00:00+00:00, run_after=2026-04-10T04:00:00+00:00
[2026-04-09T10:27:50.801+0000] {processor.py:183} INFO - Processing /opt/airflow/dags/energie_meteo_dag.py took 0.093 seconds
[2026-04-09T10:28:20.952+0000] {processor.py:161} INFO - Started process (PID=307) to work on /opt/airflow/dags/energie_meteo_dag.py
[2026-04-09T10:28:20.952+0000] {processor.py:830} INFO - Processing file /opt/airflow/dags/energie_meteo_dag.py for tasks to queue
[2026-04-09T10:28:20.955+0000] {logging_mixin.py:188} INFO - [2026-04-09T10:28:20.954+0000] {dagbag.py:538} INFO - Filling up the DagBag from /opt/airflow/dags/energie_meteo_dag.py
[2026-04-09T10:28:20.969+0000] {processor.py:840} INFO - DAG(s) 'energie_meteo_dag' retrieved from /opt/airflow/dags/energie_meteo_dag.py
[2026-04-09T10:28:20.990+0000] {logging_mixin.py:188} INFO - [2026-04-09T10:28:20.990+0000] {dag.py:3033} INFO - Sync 1 DAGs
[2026-04-09T10:28:21.018+0000] {logging_mixin.py:188} INFO - [2026-04-09T10:28:21.018+0000] {dag.py:3820} INFO - Setting next_dagrun for energie_meteo_dag to 2026-04-09T04:00:00+00:00, run_after=2026-04-10T04:00:00+00:00
[2026-04-09T10:28:21.037+0000] {processor.py:183} INFO - Processing /opt/airflow/dags/energie_meteo_dag.py took 0.089 seconds
[2026-04-09T10:28:51.362+0000] {processor.py:161} INFO - Started process (PID=368) to work on /opt/airflow/dags/energie_meteo_dag.py
[2026-04-09T10:28:51.363+0000] {processor.py:830} INFO - Processing file /opt/airflow/dags/energie_meteo_dag.py for tasks to queue
[2026-04-09T10:28:51.365+0000] {logging_mixin.py:188} INFO - [2026-04-09T10:28:51.365+0000] {dagbag.py:538} INFO - Filling up the DagBag from /opt/airflow/dags/energie_meteo_dag.py
[2026-04-09T10:28:51.382+0000] {processor.py:840} INFO - DAG(s) 'energie_meteo_dag' retrieved from /opt/airflow/dags/energie_meteo_dag.py
[2026-04-09T10:28:51.404+0000] {logging_mixin.py:188} INFO - [2026-04-09T10:28:51.403+0000] {dag.py:3033} INFO - Sync 1 DAGs
[2026-04-09T10:28:51.431+0000] {logging_mixin.py:188} INFO - [2026-04-09T10:28:51.431+0000] {dag.py:3820} INFO - Setting next_dagrun for energie_meteo_dag to 2026-04-09T04:00:00+00:00, run_after=2026-04-10T04:00:00+00:00
[2026-04-09T10:28:51.452+0000] {processor.py:183} INFO - Processing /opt/airflow/dags/energie_meteo_dag.py took 0.093 seconds
[2026-04-09T10:29:21.864+0000] {processor.py:161} INFO - Started process (PID=429) to work on /opt/airflow/dags/energie_meteo_dag.py
[2026-04-09T10:29:21.865+0000] {processor.py:830} INFO - Processing file /opt/airflow/dags/energie_meteo_dag.py for tasks to queue
[2026-04-09T10:29:21.867+0000] {logging_mixin.py:188} INFO - [2026-04-09T10:29:21.867+0000] {dagbag.py:538} INFO - Filling up the DagBag from /opt/airflow/dags/energie_meteo_dag.py
[2026-04-09T10:29:21.881+0000] {processor.py:840} INFO - DAG(s) 'energie_meteo_dag' retrieved from /opt/airflow/dags/energie_meteo_dag.py
[2026-04-09T10:29:21.903+0000] {logging_mixin.py:188} INFO - [2026-04-09T10:29:21.903+0000] {dag.py:3033} INFO - Sync 1 DAGs
[2026-04-09T10:29:21.929+0000] {logging_mixin.py:188} INFO - [2026-04-09T10:29:21.929+0000] {dag.py:3820} INFO - Setting next_dagrun for energie_meteo_dag to 2026-04-09T04:00:00+00:00, run_after=2026-04-10T04:00:00+00:00
[2026-04-09T10:29:21.950+0000] {processor.py:183} INFO - Processing /opt/airflow/dags/energie_meteo_dag.py took 0.090 seconds
[2026-04-09T10:29:52.113+0000] {processor.py:161} INFO - Started process (PID=490) to work on /opt/airflow/dags/energie_meteo_dag.py
[2026-04-09T10:29:52.114+0000] {processor.py:830} INFO - Processing file /opt/airflow/dags/energie_meteo_dag.py for tasks to queue
[2026-04-09T10:29:52.116+0000] {logging_mixin.py:188} INFO - [2026-04-09T10:29:52.115+0000] {dagbag.py:538} INFO - Filling up the DagBag from /opt/airflow/dags/energie_meteo_dag.py
[2026-04-09T10:29:52.130+0000] {processor.py:840} INFO - DAG(s) 'energie_meteo_dag' retrieved from /opt/airflow/dags/energie_meteo_dag.py
[2026-04-09T10:29:52.151+0000] {logging_mixin.py:188} INFO - [2026-04-09T10:29:52.151+0000] {dag.py:3033} INFO - Sync 1 DAGs
[2026-04-09T10:29:52.178+0000] {logging_mixin.py:188} INFO - [2026-04-09T10:29:52.177+0000] {dag.py:3820} INFO - Setting next_dagrun for energie_meteo_dag to 2026-04-09T04:00:00+00:00, run_after=2026-04-10T04:00:00+00:00
[2026-04-09T10:29:52.203+0000] {processor.py:183} INFO - Processing /opt/airflow/dags/energie_meteo_dag.py took 0.094 seconds
[2026-04-09T10:30:22.510+0000] {processor.py:161} INFO - Started process (PID=551) to work on /opt/airflow/dags/energie_meteo_dag.py
[2026-04-09T10:30:22.511+0000] {processor.py:830} INFO - Processing file /opt/airflow/dags/energie_meteo_dag.py for tasks to queue
[2026-04-09T10:30:22.513+0000] {logging_mixin.py:188} INFO - [2026-04-09T10:30:22.513+0000] {dagbag.py:538} INFO - Filling up the DagBag from /opt/airflow/dags/energie_meteo_dag.py
[2026-04-09T10:30:22.529+0000] {processor.py:840} INFO - DAG(s) 'energie_meteo_dag' retrieved from /opt/airflow/dags/energie_meteo_dag.py
[2026-04-09T10:30:22.550+0000] {logging_mixin.py:188} INFO - [2026-04-09T10:30:22.549+0000] {dag.py:3033} INFO - Sync 1 DAGs
[2026-04-09T10:30:22.583+0000] {logging_mixin.py:188} INFO - [2026-04-09T10:30:22.582+0000] {dag.py:3820} INFO - Setting next_dagrun for energie_meteo_dag to 2026-04-09T04:00:00+00:00, run_after=2026-04-10T04:00:00+00:00
[2026-04-09T10:30:22.600+0000] {processor.py:183} INFO - Processing /opt/airflow/dags/energie_meteo_dag.py took 0.093 seconds
[2026-04-09T10:30:52.996+0000] {processor.py:161} INFO - Started process (PID=612) to work on /opt/airflow/dags/energie_meteo_dag.py
[2026-04-09T10:30:52.997+0000] {processor.py:830} INFO - Processing file /opt/airflow/dags/energie_meteo_dag.py for tasks to queue
[2026-04-09T10:30:52.999+0000] {logging_mixin.py:188} INFO - [2026-04-09T10:30:52.998+0000] {dagbag.py:538} INFO - Filling up the DagBag from /opt/airflow/dags/energie_meteo_dag.py
[2026-04-09T10:30:53.013+0000] {processor.py:840} INFO - DAG(s) 'energie_meteo_dag' retrieved from /opt/airflow/dags/energie_meteo_dag.py
[2026-04-09T10:30:53.035+0000] {logging_mixin.py:188} INFO - [2026-04-09T10:30:53.035+0000] {dag.py:3033} INFO - Sync 1 DAGs
[2026-04-09T10:30:53.063+0000] {logging_mixin.py:188} INFO - [2026-04-09T10:30:53.062+0000] {dag.py:3820} INFO - Setting next_dagrun for energie_meteo_dag to 2026-04-09T04:00:00+00:00, run_after=2026-04-10T04:00:00+00:00
[2026-04-09T10:30:53.083+0000] {processor.py:183} INFO - Processing /opt/airflow/dags/energie_meteo_dag.py took 0.090 seconds
[2026-04-09T10:31:23.339+0000] {processor.py:161} INFO - Started process (PID=673) to work on /opt/airflow/dags/energie_meteo_dag.py
[2026-04-09T10:31:23.340+0000] {processor.py:830} INFO - Processing file /opt/airflow/dags/energie_meteo_dag.py for tasks to queue
[2026-04-09T10:31:23.342+0000] {logging_mixin.py:188} INFO - [2026-04-09T10:31:23.342+0000] {dagbag.py:538} INFO - Filling up the DagBag from /opt/airflow/dags/energie_meteo_dag.py
[2026-04-09T10:31:23.356+0000] {processor.py:840} INFO - DAG(s) 'energie_meteo_dag' retrieved from /opt/airflow/dags/energie_meteo_dag.py
[2026-04-09T10:31:23.378+0000] {logging_mixin.py:188} INFO - [2026-04-09T10:31:23.378+0000] {dag.py:3033} INFO - Sync 1 DAGs
[2026-04-09T10:31:23.405+0000] {logging_mixin.py:188} INFO - [2026-04-09T10:31:23.405+0000] {dag.py:3820} INFO - Setting next_dagrun for energie_meteo_dag to 2026-04-09T04:00:00+00:00, run_after=2026-04-10T04:00:00+00:00
[2026-04-09T10:31:23.426+0000] {processor.py:183} INFO - Processing /opt/airflow/dags/energie_meteo_dag.py took 0.090 seconds
[2026-04-09T10:31:53.509+0000] {processor.py:161} INFO - Started process (PID=733) to work on /opt/airflow/dags/energie_meteo_dag.py
[2026-04-09T10:31:53.510+0000] {processor.py:830} INFO - Processing file /opt/airflow/dags/energie_meteo_dag.py for tasks to queue
[2026-04-09T10:31:53.512+0000] {logging_mixin.py:188} INFO - [2026-04-09T10:31:53.512+0000] {dagbag.py:538} INFO - Filling up the DagBag from /opt/airflow/dags/energie_meteo_dag.py
[2026-04-09T10:31:53.521+0000] {processor.py:840} INFO - DAG(s) 'energie_meteo_dag' retrieved from /opt/airflow/dags/energie_meteo_dag.py
[2026-04-09T10:31:53.540+0000] {logging_mixin.py:188} INFO - [2026-04-09T10:31:53.540+0000] {dag.py:3033} INFO - Sync 1 DAGs
[2026-04-09T10:31:53.558+0000] {logging_mixin.py:188} INFO - [2026-04-09T10:31:53.558+0000] {dag.py:3820} INFO - Setting next_dagrun for energie_meteo_dag to 2026-04-09T04:00:00+00:00, run_after=2026-04-10T04:00:00+00:00
[2026-04-09T10:31:53.572+0000] {processor.py:183} INFO - Processing /opt/airflow/dags/energie_meteo_dag.py took 0.065 seconds
[2026-04-09T10:32:23.595+0000] {processor.py:161} INFO - Started process (PID=794) to work on /opt/airflow/dags/energie_meteo_dag.py
[2026-04-09T10:32:23.596+0000] {processor.py:830} INFO - Processing file /opt/airflow/dags/energie_meteo_dag.py for tasks to queue
[2026-04-09T10:32:23.597+0000] {logging_mixin.py:188} INFO - [2026-04-09T10:32:23.597+0000] {dagbag.py:538} INFO - Filling up the DagBag from /opt/airflow/dags/energie_meteo_dag.py
[2026-04-09T10:32:23.606+0000] {processor.py:840} INFO - DAG(s) 'energie_meteo_dag' retrieved from /opt/airflow/dags/energie_meteo_dag.py
[2026-04-09T10:32:23.625+0000] {logging_mixin.py:188} INFO - [2026-04-09T10:32:23.624+0000] {dag.py:3033} INFO - Sync 1 DAGs
[2026-04-09T10:32:23.646+0000] {logging_mixin.py:188} INFO - [2026-04-09T10:32:23.646+0000] {dag.py:3820} INFO - Setting next_dagrun for energie_meteo_dag to 2026-04-09T04:00:00+00:00, run_after=2026-04-10T04:00:00+00:00
[2026-04-09T10:32:23.659+0000] {processor.py:183} INFO - Processing /opt/airflow/dags/energie_meteo_dag.py took 0.067 seconds
[2026-04-09T10:32:53.865+0000] {processor.py:161} INFO - Started process (PID=855) to work on /opt/airflow/dags/energie_meteo_dag.py
[2026-04-09T10:32:53.867+0000] {processor.py:830} INFO - Processing file /opt/airflow/dags/energie_meteo_dag.py for tasks to queue
[2026-04-09T10:32:53.873+0000] {logging_mixin.py:188} INFO - [2026-04-09T10:32:53.873+0000] {dagbag.py:538} INFO - Filling up the DagBag from /opt/airflow/dags/energie_meteo_dag.py
[2026-04-09T10:32:53.913+0000] {processor.py:840} INFO - DAG(s) 'energie_meteo_dag' retrieved from /opt/airflow/dags/energie_meteo_dag.py
[2026-04-09T10:32:53.962+0000] {logging_mixin.py:188} INFO - [2026-04-09T10:32:53.962+0000] {dag.py:3033} INFO - Sync 1 DAGs
[2026-04-09T10:32:54.020+0000] {logging_mixin.py:188} INFO - [2026-04-09T10:32:54.020+0000] {dag.py:3820} INFO - Setting next_dagrun for energie_meteo_dag to 2026-04-09T04:00:00+00:00, run_after=2026-04-10T04:00:00+00:00
[2026-04-09T10:32:54.065+0000] {processor.py:183} INFO - Processing /opt/airflow/dags/energie_meteo_dag.py took 0.208 seconds
[2026-04-09T10:33:24.337+0000] {processor.py:161} INFO - Started process (PID=916) to work on /opt/airflow/dags/energie_meteo_dag.py
[2026-04-09T10:33:24.338+0000] {processor.py:830} INFO - Processing file /opt/airflow/dags/energie_meteo_dag.py for tasks to queue
[2026-04-09T10:33:24.340+0000] {logging_mixin.py:188} INFO - [2026-04-09T10:33:24.340+0000] {dagbag.py:538} INFO - Filling up the DagBag from /opt/airflow/dags/energie_meteo_dag.py
[2026-04-09T10:33:24.350+0000] {processor.py:840} INFO - DAG(s) 'energie_meteo_dag' retrieved from /opt/airflow/dags/energie_meteo_dag.py
[2026-04-09T10:33:24.366+0000] {logging_mixin.py:188} INFO - [2026-04-09T10:33:24.366+0000] {dag.py:3033} INFO - Sync 1 DAGs
[2026-04-09T10:33:24.385+0000] {logging_mixin.py:188} INFO - [2026-04-09T10:33:24.384+0000] {dag.py:3820} INFO - Setting next_dagrun for energie_meteo_dag to 2026-04-09T04:00:00+00:00, run_after=2026-04-10T04:00:00+00:00
[2026-04-09T10:33:24.399+0000] {processor.py:183} INFO - Processing /opt/airflow/dags/energie_meteo_dag.py took 0.064 seconds
[2026-04-09T10:33:55.015+0000] {processor.py:161} INFO - Started process (PID=977) to work on /opt/airflow/dags/energie_meteo_dag.py
[2026-04-09T10:33:55.016+0000] {processor.py:830} INFO - Processing file /opt/airflow/dags/energie_meteo_dag.py for tasks to queue
[2026-04-09T10:33:55.018+0000] {logging_mixin.py:188} INFO - [2026-04-09T10:33:55.017+0000] {dagbag.py:538} INFO - Filling up the DagBag from /opt/airflow/dags/energie_meteo_dag.py
[2026-04-09T10:33:55.027+0000] {processor.py:840} INFO - DAG(s) 'energie_meteo_dag' retrieved from /opt/airflow/dags/energie_meteo_dag.py
[2026-04-09T10:33:55.044+0000] {logging_mixin.py:188} INFO - [2026-04-09T10:33:55.044+0000] {dag.py:3033} INFO - Sync 1 DAGs
[2026-04-09T10:33:55.062+0000] {logging_mixin.py:188} INFO - [2026-04-09T10:33:55.062+0000] {dag.py:3820} INFO - Setting next_dagrun for energie_meteo_dag to 2026-04-09T04:00:00+00:00, run_after=2026-04-10T04:00:00+00:00
[2026-04-09T10:33:55.076+0000] {processor.py:183} INFO - Processing /opt/airflow/dags/energie_meteo_dag.py took 0.064 seconds
[2026-04-09T10:34:25.445+0000] {processor.py:161} INFO - Started process (PID=1038) to work on /opt/airflow/dags/energie_meteo_dag.py
[2026-04-09T10:34:25.446+0000] {processor.py:830} INFO - Processing file /opt/airflow/dags/energie_meteo_dag.py for tasks to queue
[2026-04-09T10:34:25.448+0000] {logging_mixin.py:188} INFO - [2026-04-09T10:34:25.447+0000] {dagbag.py:538} INFO - Filling up the DagBag from /opt/airflow/dags/energie_meteo_dag.py
[2026-04-09T10:34:25.457+0000] {processor.py:840} INFO - DAG(s) 'energie_meteo_dag' retrieved from /opt/airflow/dags/energie_meteo_dag.py
[2026-04-09T10:34:25.473+0000] {logging_mixin.py:188} INFO - [2026-04-09T10:34:25.473+0000] {dag.py:3033} INFO - Sync 1 DAGs
[2026-04-09T10:34:25.613+0000] {logging_mixin.py:188} INFO - [2026-04-09T10:34:25.613+0000] {dag.py:3820} INFO - Setting next_dagrun for energie_meteo_dag to 2026-04-09T04:00:00+00:00, run_after=2026-04-10T04:00:00+00:00
[2026-04-09T10:34:25.626+0000] {processor.py:183} INFO - Processing /opt/airflow/dags/energie_meteo_dag.py took 0.184 seconds
[2026-04-09T10:34:55.783+0000] {processor.py:161} INFO - Started process (PID=1099) to work on /opt/airflow/dags/energie_meteo_dag.py
[2026-04-09T10:34:55.784+0000] {processor.py:830} INFO - Processing file /opt/airflow/dags/energie_meteo_dag.py for tasks to queue
[2026-04-09T10:34:55.785+0000] {logging_mixin.py:188} INFO - [2026-04-09T10:34:55.785+0000] {dagbag.py:538} INFO - Filling up the DagBag from /opt/airflow/dags/energie_meteo_dag.py
[2026-04-09T10:34:55.794+0000] {processor.py:840} INFO - DAG(s) 'energie_meteo_dag' retrieved from /opt/airflow/dags/energie_meteo_dag.py
[2026-04-09T10:34:55.811+0000] {logging_mixin.py:188} INFO - [2026-04-09T10:34:55.810+0000] {dag.py:3033} INFO - Sync 1 DAGs
[2026-04-09T10:34:55.951+0000] {logging_mixin.py:188} INFO - [2026-04-09T10:34:55.951+0000] {dag.py:3820} INFO - Setting next_dagrun for energie_meteo_dag to 2026-04-09T04:00:00+00:00, run_after=2026-04-10T04:00:00+00:00
[2026-04-09T10:34:55.964+0000] {processor.py:183} INFO - Processing /opt/airflow/dags/energie_meteo_dag.py took 0.183 seconds
[2026-04-09T10:35:26.650+0000] {processor.py:161} INFO - Started process (PID=1160) to work on /opt/airflow/dags/energie_meteo_dag.py
[2026-04-09T10:35:26.650+0000] {processor.py:830} INFO - Processing file /opt/airflow/dags/energie_meteo_dag.py for tasks to queue
[2026-04-09T10:35:26.652+0000] {logging_mixin.py:188} INFO - [2026-04-09T10:35:26.652+0000] {dagbag.py:538} INFO - Filling up the DagBag from /opt/airflow/dags/energie_meteo_dag.py
[2026-04-09T10:35:26.661+0000] {processor.py:840} INFO - DAG(s) 'energie_meteo_dag' retrieved from /opt/airflow/dags/energie_meteo_dag.py
[2026-04-09T10:35:26.788+0000] {logging_mixin.py:188} INFO - [2026-04-09T10:35:26.788+0000] {dag.py:3033} INFO - Sync 1 DAGs
[2026-04-09T10:35:26.807+0000] {logging_mixin.py:188} INFO - [2026-04-09T10:35:26.806+0000] {dag.py:3820} INFO - Setting next_dagrun for energie_meteo_dag to 2026-04-09T04:00:00+00:00, run_after=2026-04-10T04:00:00+00:00
[2026-04-09T10:35:26.822+0000] {processor.py:183} INFO - Processing /opt/airflow/dags/energie_meteo_dag.py took 0.175 seconds
[2026-04-09T10:35:57.717+0000] {processor.py:161} INFO - Started process (PID=1221) to work on /opt/airflow/dags/energie_meteo_dag.py
[2026-04-09T10:35:57.718+0000] {processor.py:830} INFO - Processing file /opt/airflow/dags/energie_meteo_dag.py for tasks to queue
[2026-04-09T10:35:57.720+0000] {logging_mixin.py:188} INFO - [2026-04-09T10:35:57.719+0000] {dagbag.py:538} INFO - Filling up the DagBag from /opt/airflow/dags/energie_meteo_dag.py
[2026-04-09T10:35:57.729+0000] {processor.py:840} INFO - DAG(s) 'energie_meteo_dag' retrieved from /opt/airflow/dags/energie_meteo_dag.py
[2026-04-09T10:35:57.745+0000] {logging_mixin.py:188} INFO - [2026-04-09T10:35:57.745+0000] {dag.py:3033} INFO - Sync 1 DAGs
[2026-04-09T10:35:57.763+0000] {logging_mixin.py:188} INFO - [2026-04-09T10:35:57.763+0000] {dag.py:3820} INFO - Setting next_dagrun for energie_meteo_dag to 2026-04-09T04:00:00+00:00, run_after=2026-04-10T04:00:00+00:00
[2026-04-09T10:35:57.776+0000] {processor.py:183} INFO - Processing /opt/airflow/dags/energie_meteo_dag.py took 0.062 seconds
[2026-04-09T10:36:28.233+0000] {processor.py:161} INFO - Started process (PID=1283) to work on /opt/airflow/dags/energie_meteo_dag.py
[2026-04-09T10:36:28.234+0000] {processor.py:830} INFO - Processing file /opt/airflow/dags/energie_meteo_dag.py for tasks to queue
[2026-04-09T10:36:28.236+0000] {logging_mixin.py:188} INFO - [2026-04-09T10:36:28.235+0000] {dagbag.py:538} INFO - Filling up the DagBag from /opt/airflow/dags/energie_meteo_dag.py
[2026-04-09T10:36:28.245+0000] {processor.py:840} INFO - DAG(s) 'energie_meteo_dag' retrieved from /opt/airflow/dags/energie_meteo_dag.py
[2026-04-09T10:36:28.265+0000] {logging_mixin.py:188} INFO - [2026-04-09T10:36:28.265+0000] {dag.py:3033} INFO - Sync 1 DAGs
[2026-04-09T10:36:28.286+0000] {logging_mixin.py:188} INFO - [2026-04-09T10:36:28.286+0000] {dag.py:3820} INFO - Setting next_dagrun for energie_meteo_dag to 2026-04-09T04:00:00+00:00, run_after=2026-04-10T04:00:00+00:00
[2026-04-09T10:36:28.301+0000] {processor.py:183} INFO - Processing /opt/airflow/dags/energie_meteo_dag.py took 0.071 seconds
[2026-04-09T10:36:58.484+0000] {processor.py:161} INFO - Started process (PID=1345) to work on /opt/airflow/dags/energie_meteo_dag.py
[2026-04-09T10:36:58.485+0000] {processor.py:830} INFO - Processing file /opt/airflow/dags/energie_meteo_dag.py for tasks to queue
[2026-04-09T10:36:58.486+0000] {logging_mixin.py:188} INFO - [2026-04-09T10:36:58.486+0000] {dagbag.py:538} INFO - Filling up the DagBag from /opt/airflow/dags/energie_meteo_dag.py
[2026-04-09T10:36:58.496+0000] {processor.py:840} INFO - DAG(s) 'energie_meteo_dag' retrieved from /opt/airflow/dags/energie_meteo_dag.py
[2026-04-09T10:36:58.512+0000] {logging_mixin.py:188} INFO - [2026-04-09T10:36:58.512+0000] {dag.py:3033} INFO - Sync 1 DAGs
[2026-04-09T10:36:58.533+0000] {logging_mixin.py:188} INFO - [2026-04-09T10:36:58.533+0000] {dag.py:3820} INFO - Setting next_dagrun for energie_meteo_dag to 2026-04-09T04:00:00+00:00, run_after=2026-04-10T04:00:00+00:00
[2026-04-09T10:36:58.546+0000] {processor.py:183} INFO - Processing /opt/airflow/dags/energie_meteo_dag.py took 0.065 seconds
[2026-04-09T10:37:28.642+0000] {processor.py:161} INFO - Started process (PID=1406) to work on /opt/airflow/dags/energie_meteo_dag.py
[2026-04-09T10:37:28.642+0000] {processor.py:830} INFO - Processing file /opt/airflow/dags/energie_meteo_dag.py for tasks to queue
[2026-04-09T10:37:28.644+0000] {logging_mixin.py:188} INFO - [2026-04-09T10:37:28.644+0000] {dagbag.py:538} INFO - Filling up the DagBag from /opt/airflow/dags/energie_meteo_dag.py
[2026-04-09T10:37:28.654+0000] {processor.py:840} INFO - DAG(s) 'energie_meteo_dag' retrieved from /opt/airflow/dags/energie_meteo_dag.py
[2026-04-09T10:37:28.670+0000] {logging_mixin.py:188} INFO - [2026-04-09T10:37:28.670+0000] {dag.py:3033} INFO - Sync 1 DAGs
[2026-04-09T10:37:28.688+0000] {logging_mixin.py:188} INFO - [2026-04-09T10:37:28.687+0000] {dag.py:3820} INFO - Setting next_dagrun for energie_meteo_dag to 2026-04-09T04:00:00+00:00, run_after=2026-04-10T04:00:00+00:00
[2026-04-09T10:37:28.701+0000] {processor.py:183} INFO - Processing /opt/airflow/dags/energie_meteo_dag.py took 0.062 seconds
[2026-04-09T10:37:58.732+0000] {processor.py:161} INFO - Started process (PID=1467) to work on /opt/airflow/dags/energie_meteo_dag.py
[2026-04-09T10:37:58.733+0000] {processor.py:830} INFO - Processing file /opt/airflow/dags/energie_meteo_dag.py for tasks to queue
[2026-04-09T10:37:58.735+0000] {logging_mixin.py:188} INFO - [2026-04-09T10:37:58.734+0000] {dagbag.py:538} INFO - Filling up the DagBag from /opt/airflow/dags/energie_meteo_dag.py
[2026-04-09T10:37:58.744+0000] {processor.py:840} INFO - DAG(s) 'energie_meteo_dag' retrieved from /opt/airflow/dags/energie_meteo_dag.py
[2026-04-09T10:37:58.760+0000] {logging_mixin.py:188} INFO - [2026-04-09T10:37:58.760+0000] {dag.py:3033} INFO - Sync 1 DAGs
[2026-04-09T10:37:58.781+0000] {logging_mixin.py:188} INFO - [2026-04-09T10:37:58.781+0000] {dag.py:3820} INFO - Setting next_dagrun for energie_meteo_dag to 2026-04-09T04:00:00+00:00, run_after=2026-04-10T04:00:00+00:00
[2026-04-09T10:37:58.796+0000] {processor.py:183} INFO - Processing /opt/airflow/dags/energie_meteo_dag.py took 0.067 seconds
[2026-04-09T10:38:29.172+0000] {processor.py:161} INFO - Started process (PID=1528) to work on /opt/airflow/dags/energie_meteo_dag.py
[2026-04-09T10:38:29.173+0000] {processor.py:830} INFO - Processing file /opt/airflow/dags/energie_meteo_dag.py for tasks to queue
[2026-04-09T10:38:29.175+0000] {logging_mixin.py:188} INFO - [2026-04-09T10:38:29.175+0000] {dagbag.py:538} INFO - Filling up the DagBag from /opt/airflow/dags/energie_meteo_dag.py
[2026-04-09T10:38:29.189+0000] {processor.py:840} INFO - DAG(s) 'energie_meteo_dag' retrieved from /opt/airflow/dags/energie_meteo_dag.py
[2026-04-09T10:38:29.211+0000] {logging_mixin.py:188} INFO - [2026-04-09T10:38:29.211+0000] {dag.py:3033} INFO - Sync 1 DAGs
[2026-04-09T10:38:29.231+0000] {logging_mixin.py:188} INFO - [2026-04-09T10:38:29.231+0000] {dag.py:3820} INFO - Setting next_dagrun for energie_meteo_dag to 2026-04-09T04:00:00+00:00, run_after=2026-04-10T04:00:00+00:00
[2026-04-09T10:38:29.245+0000] {processor.py:183} INFO - Processing /opt/airflow/dags/energie_meteo_dag.py took 0.077 seconds
[2026-04-09T10:38:59.438+0000] {processor.py:161} INFO - Started process (PID=1589) to work on /opt/airflow/dags/energie_meteo_dag.py
[2026-04-09T10:38:59.441+0000] {processor.py:830} INFO - Processing file /opt/airflow/dags/energie_meteo_dag.py for tasks to queue
[2026-04-09T10:38:59.446+0000] {logging_mixin.py:188} INFO - [2026-04-09T10:38:59.446+0000] {dagbag.py:538} INFO - Filling up the DagBag from /opt/airflow/dags/energie_meteo_dag.py
[2026-04-09T10:38:59.489+0000] {processor.py:840} INFO - DAG(s) 'energie_meteo_dag' retrieved from /opt/airflow/dags/energie_meteo_dag.py
[2026-04-09T10:38:59.533+0000] {logging_mixin.py:188} INFO - [2026-04-09T10:38:59.533+0000] {dag.py:3033} INFO - Sync 1 DAGs
[2026-04-09T10:38:59.569+0000] {logging_mixin.py:188} INFO - [2026-04-09T10:38:59.568+0000] {dag.py:3820} INFO - Setting next_dagrun for energie_meteo_dag to 2026-04-09T04:00:00+00:00, run_after=2026-04-10T04:00:00+00:00
[2026-04-09T10:38:59.588+0000] {processor.py:183} INFO - Processing /opt/airflow/dags/energie_meteo_dag.py took 0.160 seconds
[2026-04-09T10:39:29.785+0000] {processor.py:161} INFO - Started process (PID=1650) to work on /opt/airflow/dags/energie_meteo_dag.py
[2026-04-09T10:39:29.786+0000] {processor.py:830} INFO - Processing file /opt/airflow/dags/energie_meteo_dag.py for tasks to queue
[2026-04-09T10:39:29.788+0000] {logging_mixin.py:188} INFO - [2026-04-09T10:39:29.788+0000] {dagbag.py:538} INFO - Filling up the DagBag from /opt/airflow/dags/energie_meteo_dag.py
[2026-04-09T10:39:29.802+0000] {processor.py:840} INFO - DAG(s) 'energie_meteo_dag' retrieved from /opt/airflow/dags/energie_meteo_dag.py
[2026-04-09T10:39:29.826+0000] {logging_mixin.py:188} INFO - [2026-04-09T10:39:29.825+0000] {dag.py:3033} INFO - Sync 1 DAGs
[2026-04-09T10:39:29.854+0000] {logging_mixin.py:188} INFO - [2026-04-09T10:39:29.854+0000] {dag.py:3820} INFO - Setting next_dagrun for energie_meteo_dag to 2026-04-09T04:00:00+00:00, run_after=2026-04-10T04:00:00+00:00
[2026-04-09T10:39:29.872+0000] {processor.py:183} INFO - Processing /opt/airflow/dags/energie_meteo_dag.py took 0.091 seconds
[2026-04-09T10:40:00.039+0000] {processor.py:161} INFO - Started process (PID=1711) to work on /opt/airflow/dags/energie_meteo_dag.py
[2026-04-09T10:40:00.039+0000] {processor.py:830} INFO - Processing file /opt/airflow/dags/energie_meteo_dag.py for tasks to queue
[2026-04-09T10:40:00.042+0000] {logging_mixin.py:188} INFO - [2026-04-09T10:40:00.042+0000] {dagbag.py:538} INFO - Filling up the DagBag from /opt/airflow/dags/energie_meteo_dag.py
[2026-04-09T10:40:00.054+0000] {processor.py:840} INFO - DAG(s) 'energie_meteo_dag' retrieved from /opt/airflow/dags/energie_meteo_dag.py
[2026-04-09T10:40:00.071+0000] {logging_mixin.py:188} INFO - [2026-04-09T10:40:00.071+0000] {dag.py:3033} INFO - Sync 1 DAGs
[2026-04-09T10:40:00.090+0000] {logging_mixin.py:188} INFO - [2026-04-09T10:40:00.089+0000] {dag.py:3820} INFO - Setting next_dagrun for energie_meteo_dag to 2026-04-09T04:00:00+00:00, run_after=2026-04-10T04:00:00+00:00
[2026-04-09T10:40:00.103+0000] {processor.py:183} INFO - Processing /opt/airflow/dags/energie_meteo_dag.py took 0.068 seconds
[2026-04-09T10:40:30.137+0000] {processor.py:161} INFO - Started process (PID=1772) to work on /opt/airflow/dags/energie_meteo_dag.py
[2026-04-09T10:40:30.138+0000] {processor.py:830} INFO - Processing file /opt/airflow/dags/energie_meteo_dag.py for tasks to queue
[2026-04-09T10:40:30.139+0000] {logging_mixin.py:188} INFO - [2026-04-09T10:40:30.139+0000] {dagbag.py:538} INFO - Filling up the DagBag from /opt/airflow/dags/energie_meteo_dag.py
[2026-04-09T10:40:30.149+0000] {processor.py:840} INFO - DAG(s) 'energie_meteo_dag' retrieved from /opt/airflow/dags/energie_meteo_dag.py
[2026-04-09T10:40:30.169+0000] {logging_mixin.py:188} INFO - [2026-04-09T10:40:30.169+0000] {dag.py:3033} INFO - Sync 1 DAGs
[2026-04-09T10:40:30.197+0000] {logging_mixin.py:188} INFO - [2026-04-09T10:40:30.197+0000] {dag.py:3820} INFO - Setting next_dagrun for energie_meteo_dag to 2026-04-09T04:00:00+00:00, run_after=2026-04-10T04:00:00+00:00
[2026-04-09T10:40:30.216+0000] {processor.py:183} INFO - Processing /opt/airflow/dags/energie_meteo_dag.py took 0.082 seconds
[2026-04-09T10:41:00.681+0000] {processor.py:161} INFO - Started process (PID=1833) to work on /opt/airflow/dags/energie_meteo_dag.py
[2026-04-09T10:41:00.682+0000] {processor.py:830} INFO - Processing file /opt/airflow/dags/energie_meteo_dag.py for tasks to queue
[2026-04-09T10:41:00.684+0000] {logging_mixin.py:188} INFO - [2026-04-09T10:41:00.684+0000] {dagbag.py:538} INFO - Filling up the DagBag from /opt/airflow/dags/energie_meteo_dag.py
[2026-04-09T10:41:00.694+0000] {processor.py:840} INFO - DAG(s) 'energie_meteo_dag' retrieved from /opt/airflow/dags/energie_meteo_dag.py
[2026-04-09T10:41:00.710+0000] {logging_mixin.py:188} INFO - [2026-04-09T10:41:00.710+0000] {dag.py:3033} INFO - Sync 1 DAGs
[2026-04-09T10:41:00.728+0000] {logging_mixin.py:188} INFO - [2026-04-09T10:41:00.728+0000] {dag.py:3820} INFO - Setting next_dagrun for energie_meteo_dag to 2026-04-09T04:00:00+00:00, run_after=2026-04-10T04:00:00+00:00
[2026-04-09T10:41:00.743+0000] {processor.py:183} INFO - Processing /opt/airflow/dags/energie_meteo_dag.py took 0.065 seconds
[2026-04-09T10:41:31.194+0000] {processor.py:161} INFO - Started process (PID=1894) to work on /opt/airflow/dags/energie_meteo_dag.py
[2026-04-09T10:41:31.195+0000] {processor.py:830} INFO - Processing file /opt/airflow/dags/energie_meteo_dag.py for tasks to queue
[2026-04-09T10:41:31.196+0000] {logging_mixin.py:188} INFO - [2026-04-09T10:41:31.196+0000] {dagbag.py:538} INFO - Filling up the DagBag from /opt/airflow/dags/energie_meteo_dag.py
[2026-04-09T10:41:31.206+0000] {processor.py:840} INFO - DAG(s) 'energie_meteo_dag' retrieved from /opt/airflow/dags/energie_meteo_dag.py
[2026-04-09T10:41:31.222+0000] {logging_mixin.py:188} INFO - [2026-04-09T10:41:31.222+0000] {dag.py:3033} INFO - Sync 1 DAGs
[2026-04-09T10:41:31.241+0000] {logging_mixin.py:188} INFO - [2026-04-09T10:41:31.241+0000] {dag.py:3820} INFO - Setting next_dagrun for energie_meteo_dag to 2026-04-09T04:00:00+00:00, run_after=2026-04-10T04:00:00+00:00
[2026-04-09T10:41:31.255+0000] {processor.py:183} INFO - Processing /opt/airflow/dags/energie_meteo_dag.py took 0.063 seconds
[2026-04-09T10:42:01.770+0000] {processor.py:161} INFO - Started process (PID=1955) to work on /opt/airflow/dags/energie_meteo_dag.py
[2026-04-09T10:42:01.771+0000] {processor.py:830} INFO - Processing file /opt/airflow/dags/energie_meteo_dag.py for tasks to queue
[2026-04-09T10:42:01.773+0000] {logging_mixin.py:188} INFO - [2026-04-09T10:42:01.773+0000] {dagbag.py:538} INFO - Filling up the DagBag from /opt/airflow/dags/energie_meteo_dag.py
[2026-04-09T10:42:01.783+0000] {processor.py:840} INFO - DAG(s) 'energie_meteo_dag' retrieved from /opt/airflow/dags/energie_meteo_dag.py
[2026-04-09T10:42:01.799+0000] {logging_mixin.py:188} INFO - [2026-04-09T10:42:01.799+0000] {dag.py:3033} INFO - Sync 1 DAGs
[2026-04-09T10:42:01.817+0000] {logging_mixin.py:188} INFO - [2026-04-09T10:42:01.817+0000] {dag.py:3820} INFO - Setting next_dagrun for energie_meteo_dag to 2026-04-09T04:00:00+00:00, run_after=2026-04-10T04:00:00+00:00
[2026-04-09T10:42:01.830+0000] {processor.py:183} INFO - Processing /opt/airflow/dags/energie_meteo_dag.py took 0.063 seconds
[2026-04-09T10:42:32.408+0000] {processor.py:161} INFO - Started process (PID=2016) to work on /opt/airflow/dags/energie_meteo_dag.py
[2026-04-09T10:42:32.409+0000] {processor.py:830} INFO - Processing file /opt/airflow/dags/energie_meteo_dag.py for tasks to queue
[2026-04-09T10:42:32.410+0000] {logging_mixin.py:188} INFO - [2026-04-09T10:42:32.410+0000] {dagbag.py:538} INFO - Filling up the DagBag from /opt/airflow/dags/energie_meteo_dag.py
[2026-04-09T10:42:32.420+0000] {processor.py:840} INFO - DAG(s) 'energie_meteo_dag' retrieved from /opt/airflow/dags/energie_meteo_dag.py
[2026-04-09T10:42:32.437+0000] {logging_mixin.py:188} INFO - [2026-04-09T10:42:32.436+0000] {dag.py:3033} INFO - Sync 1 DAGs
[2026-04-09T10:42:32.455+0000] {logging_mixin.py:188} INFO - [2026-04-09T10:42:32.454+0000] {dag.py:3820} INFO - Setting next_dagrun for energie_meteo_dag to 2026-04-09T04:00:00+00:00, run_after=2026-04-10T04:00:00+00:00
[2026-04-09T10:42:32.468+0000] {processor.py:183} INFO - Processing /opt/airflow/dags/energie_meteo_dag.py took 0.063 seconds
[2026-04-09T10:43:02.723+0000] {processor.py:161} INFO - Started process (PID=2077) to work on /opt/airflow/dags/energie_meteo_dag.py
[2026-04-09T10:43:02.724+0000] {processor.py:830} INFO - Processing file /opt/airflow/dags/energie_meteo_dag.py for tasks to queue
[2026-04-09T10:43:02.725+0000] {logging_mixin.py:188} INFO - [2026-04-09T10:43:02.725+0000] {dagbag.py:538} INFO - Filling up the DagBag from /opt/airflow/dags/energie_meteo_dag.py
[2026-04-09T10:43:02.735+0000] {processor.py:840} INFO - DAG(s) 'energie_meteo_dag' retrieved from /opt/airflow/dags/energie_meteo_dag.py
[2026-04-09T10:43:02.751+0000] {logging_mixin.py:188} INFO - [2026-04-09T10:43:02.751+0000] {dag.py:3033} INFO - Sync 1 DAGs
[2026-04-09T10:43:02.769+0000] {logging_mixin.py:188} INFO - [2026-04-09T10:43:02.769+0000] {dag.py:3820} INFO - Setting next_dagrun for energie_meteo_dag to 2026-04-09T04:00:00+00:00, run_after=2026-04-10T04:00:00+00:00
[2026-04-09T10:43:02.783+0000] {processor.py:183} INFO - Processing /opt/airflow/dags/energie_meteo_dag.py took 0.063 seconds
[2026-04-09T10:43:33.499+0000] {processor.py:161} INFO - Started process (PID=2138) to work on /opt/airflow/dags/energie_meteo_dag.py
[2026-04-09T10:43:33.500+0000] {processor.py:830} INFO - Processing file /opt/airflow/dags/energie_meteo_dag.py for tasks to queue
[2026-04-09T10:43:33.501+0000] {logging_mixin.py:188} INFO - [2026-04-09T10:43:33.501+0000] {dagbag.py:538} INFO - Filling up the DagBag from /opt/airflow/dags/energie_meteo_dag.py
[2026-04-09T10:43:33.511+0000] {processor.py:840} INFO - DAG(s) 'energie_meteo_dag' retrieved from /opt/airflow/dags/energie_meteo_dag.py
[2026-04-09T10:43:33.527+0000] {logging_mixin.py:188} INFO - [2026-04-09T10:43:33.527+0000] {dag.py:3033} INFO - Sync 1 DAGs
[2026-04-09T10:43:33.545+0000] {logging_mixin.py:188} INFO - [2026-04-09T10:43:33.544+0000] {dag.py:3820} INFO - Setting next_dagrun for energie_meteo_dag to 2026-04-09T04:00:00+00:00, run_after=2026-04-10T04:00:00+00:00
[2026-04-09T10:43:33.558+0000] {processor.py:183} INFO - Processing /opt/airflow/dags/energie_meteo_dag.py took 0.062 seconds
[2026-04-09T10:44:04.064+0000] {processor.py:161} INFO - Started process (PID=2199) to work on /opt/airflow/dags/energie_meteo_dag.py
[2026-04-09T10:44:04.064+0000] {processor.py:830} INFO - Processing file /opt/airflow/dags/energie_meteo_dag.py for tasks to queue
[2026-04-09T10:44:04.067+0000] {logging_mixin.py:188} INFO - [2026-04-09T10:44:04.066+0000] {dagbag.py:538} INFO - Filling up the DagBag from /opt/airflow/dags/energie_meteo_dag.py
[2026-04-09T10:44:04.082+0000] {processor.py:840} INFO - DAG(s) 'energie_meteo_dag' retrieved from /opt/airflow/dags/energie_meteo_dag.py
[2026-04-09T10:44:04.103+0000] {logging_mixin.py:188} INFO - [2026-04-09T10:44:04.103+0000] {dag.py:3033} INFO - Sync 1 DAGs
[2026-04-09T10:44:04.121+0000] {logging_mixin.py:188} INFO - [2026-04-09T10:44:04.121+0000] {dag.py:3820} INFO - Setting next_dagrun for energie_meteo_dag to 2026-04-09T04:00:00+00:00, run_after=2026-04-10T04:00:00+00:00
[2026-04-09T10:44:04.135+0000] {processor.py:183} INFO - Processing /opt/airflow/dags/energie_meteo_dag.py took 0.075 seconds
[2026-04-09T10:44:34.466+0000] {processor.py:161} INFO - Started process (PID=2260) to work on /opt/airflow/dags/energie_meteo_dag.py
[2026-04-09T10:44:34.467+0000] {processor.py:830} INFO - Processing file /opt/airflow/dags/energie_meteo_dag.py for tasks to queue
[2026-04-09T10:44:34.469+0000] {logging_mixin.py:188} INFO - [2026-04-09T10:44:34.469+0000] {dagbag.py:538} INFO - Filling up the DagBag from /opt/airflow/dags/energie_meteo_dag.py
[2026-04-09T10:44:34.481+0000] {processor.py:840} INFO - DAG(s) 'energie_meteo_dag' retrieved from /opt/airflow/dags/energie_meteo_dag.py
[2026-04-09T10:44:34.496+0000] {logging_mixin.py:188} INFO - [2026-04-09T10:44:34.496+0000] {dag.py:3033} INFO - Sync 1 DAGs
[2026-04-09T10:44:34.514+0000] {logging_mixin.py:188} INFO - [2026-04-09T10:44:34.514+0000] {dag.py:3820} INFO - Setting next_dagrun for energie_meteo_dag to 2026-04-09T04:00:00+00:00, run_after=2026-04-10T04:00:00+00:00
[2026-04-09T10:44:34.528+0000] {processor.py:183} INFO - Processing /opt/airflow/dags/energie_meteo_dag.py took 0.064 seconds
[2026-04-09T10:45:05.077+0000] {processor.py:161} INFO - Started process (PID=2321) to work on /opt/airflow/dags/energie_meteo_dag.py
[2026-04-09T10:45:05.077+0000] {processor.py:830} INFO - Processing file /opt/airflow/dags/energie_meteo_dag.py for tasks to queue
[2026-04-09T10:45:05.079+0000] {logging_mixin.py:188} INFO - [2026-04-09T10:45:05.079+0000] {dagbag.py:538} INFO - Filling up the DagBag from /opt/airflow/dags/energie_meteo_dag.py
[2026-04-09T10:45:05.088+0000] {processor.py:840} INFO - DAG(s) 'energie_meteo_dag' retrieved from /opt/airflow/dags/energie_meteo_dag.py
[2026-04-09T10:45:05.104+0000] {logging_mixin.py:188} INFO - [2026-04-09T10:45:05.104+0000] {dag.py:3033} INFO - Sync 1 DAGs
[2026-04-09T10:45:05.123+0000] {logging_mixin.py:188} INFO - [2026-04-09T10:45:05.122+0000] {dag.py:3820} INFO - Setting next_dagrun for energie_meteo_dag to 2026-04-09T04:00:00+00:00, run_after=2026-04-10T04:00:00+00:00
[2026-04-09T10:45:05.136+0000] {processor.py:183} INFO - Processing /opt/airflow/dags/energie_meteo_dag.py took 0.062 seconds
[2026-04-09T10:45:35.372+0000] {processor.py:161} INFO - Started process (PID=2382) to work on /opt/airflow/dags/energie_meteo_dag.py
[2026-04-09T10:45:35.373+0000] {processor.py:830} INFO - Processing file /opt/airflow/dags/energie_meteo_dag.py for tasks to queue
[2026-04-09T10:45:35.375+0000] {logging_mixin.py:188} INFO - [2026-04-09T10:45:35.375+0000] {dagbag.py:538} INFO - Filling up the DagBag from /opt/airflow/dags/energie_meteo_dag.py
[2026-04-09T10:45:35.389+0000] {processor.py:840} INFO - DAG(s) 'energie_meteo_dag' retrieved from /opt/airflow/dags/energie_meteo_dag.py
[2026-04-09T10:45:35.406+0000] {logging_mixin.py:188} INFO - [2026-04-09T10:45:35.406+0000] {dag.py:3033} INFO - Sync 1 DAGs
[2026-04-09T10:45:35.424+0000] {logging_mixin.py:188} INFO - [2026-04-09T10:45:35.423+0000] {dag.py:3820} INFO - Setting next_dagrun for energie_meteo_dag to 2026-04-09T04:00:00+00:00, run_after=2026-04-10T04:00:00+00:00
[2026-04-09T10:45:35.438+0000] {processor.py:183} INFO - Processing /opt/airflow/dags/energie_meteo_dag.py took 0.069 seconds
[2026-04-09T10:46:05.611+0000] {processor.py:161} INFO - Started process (PID=2443) to work on /opt/airflow/dags/energie_meteo_dag.py
[2026-04-09T10:46:05.612+0000] {processor.py:830} INFO - Processing file /opt/airflow/dags/energie_meteo_dag.py for tasks to queue
[2026-04-09T10:46:05.613+0000] {logging_mixin.py:188} INFO - [2026-04-09T10:46:05.613+0000] {dagbag.py:538} INFO - Filling up the DagBag from /opt/airflow/dags/energie_meteo_dag.py
[2026-04-09T10:46:05.623+0000] {processor.py:840} INFO - DAG(s) 'energie_meteo_dag' retrieved from /opt/airflow/dags/energie_meteo_dag.py
[2026-04-09T10:46:05.642+0000] {logging_mixin.py:188} INFO - [2026-04-09T10:46:05.642+0000] {dag.py:3033} INFO - Sync 1 DAGs
[2026-04-09T10:46:05.660+0000] {logging_mixin.py:188} INFO - [2026-04-09T10:46:05.660+0000] {dag.py:3820} INFO - Setting next_dagrun for energie_meteo_dag to 2026-04-09T04:00:00+00:00, run_after=2026-04-10T04:00:00+00:00
[2026-04-09T10:46:05.674+0000] {processor.py:183} INFO - Processing /opt/airflow/dags/energie_meteo_dag.py took 0.066 seconds
[2026-04-09T10:46:35.717+0000] {processor.py:161} INFO - Started process (PID=2504) to work on /opt/airflow/dags/energie_meteo_dag.py
[2026-04-09T10:46:35.718+0000] {processor.py:830} INFO - Processing file /opt/airflow/dags/energie_meteo_dag.py for tasks to queue
[2026-04-09T10:46:35.720+0000] {logging_mixin.py:188} INFO - [2026-04-09T10:46:35.720+0000] {dagbag.py:538} INFO - Filling up the DagBag from /opt/airflow/dags/energie_meteo_dag.py
[2026-04-09T10:46:35.737+0000] {processor.py:840} INFO - DAG(s) 'energie_meteo_dag' retrieved from /opt/airflow/dags/energie_meteo_dag.py
[2026-04-09T10:46:35.753+0000] {logging_mixin.py:188} INFO - [2026-04-09T10:46:35.753+0000] {dag.py:3033} INFO - Sync 1 DAGs
[2026-04-09T10:46:35.771+0000] {logging_mixin.py:188} INFO - [2026-04-09T10:46:35.771+0000] {dag.py:3820} INFO - Setting next_dagrun for energie_meteo_dag to 2026-04-09T04:00:00+00:00, run_after=2026-04-10T04:00:00+00:00
[2026-04-09T10:46:35.785+0000] {processor.py:183} INFO - Processing /opt/airflow/dags/energie_meteo_dag.py took 0.072 seconds
[2026-04-09T10:47:06.021+0000] {processor.py:161} INFO - Started process (PID=2565) to work on /opt/airflow/dags/energie_meteo_dag.py
[2026-04-09T10:47:06.021+0000] {processor.py:830} INFO - Processing file /opt/airflow/dags/energie_meteo_dag.py for tasks to queue
[2026-04-09T10:47:06.024+0000] {logging_mixin.py:188} INFO - [2026-04-09T10:47:06.024+0000] {dagbag.py:538} INFO - Filling up the DagBag from /opt/airflow/dags/energie_meteo_dag.py
[2026-04-09T10:47:06.053+0000] {processor.py:840} INFO - DAG(s) 'energie_meteo_dag' retrieved from /opt/airflow/dags/energie_meteo_dag.py
[2026-04-09T10:47:06.092+0000] {logging_mixin.py:188} INFO - [2026-04-09T10:47:06.092+0000] {dag.py:3033} INFO - Sync 1 DAGs
[2026-04-09T10:47:06.127+0000] {logging_mixin.py:188} INFO - [2026-04-09T10:47:06.127+0000] {dag.py:3820} INFO - Setting next_dagrun for energie_meteo_dag to 2026-04-09T04:00:00+00:00, run_after=2026-04-10T04:00:00+00:00
[2026-04-09T10:47:06.146+0000] {processor.py:183} INFO - Processing /opt/airflow/dags/energie_meteo_dag.py took 0.133 seconds
[2026-04-09T10:47:36.188+0000] {processor.py:161} INFO - Started process (PID=2626) to work on /opt/airflow/dags/energie_meteo_dag.py
[2026-04-09T10:47:36.189+0000] {processor.py:830} INFO - Processing file /opt/airflow/dags/energie_meteo_dag.py for tasks to queue
[2026-04-09T10:47:36.190+0000] {logging_mixin.py:188} INFO - [2026-04-09T10:47:36.190+0000] {dagbag.py:538} INFO - Filling up the DagBag from /opt/airflow/dags/energie_meteo_dag.py
[2026-04-09T10:47:36.205+0000] {processor.py:840} INFO - DAG(s) 'energie_meteo_dag' retrieved from /opt/airflow/dags/energie_meteo_dag.py
[2026-04-09T10:47:36.221+0000] {logging_mixin.py:188} INFO - [2026-04-09T10:47:36.221+0000] {dag.py:3033} INFO - Sync 1 DAGs
[2026-04-09T10:47:36.240+0000] {logging_mixin.py:188} INFO - [2026-04-09T10:47:36.240+0000] {dag.py:3820} INFO - Setting next_dagrun for energie_meteo_dag to 2026-04-09T04:00:00+00:00, run_after=2026-04-10T04:00:00+00:00
[2026-04-09T10:47:36.253+0000] {processor.py:183} INFO - Processing /opt/airflow/dags/energie_meteo_dag.py took 0.068 seconds
[2026-04-09T10:48:06.296+0000] {processor.py:161} INFO - Started process (PID=2687) to work on /opt/airflow/dags/energie_meteo_dag.py
[2026-04-09T10:48:06.297+0000] {processor.py:830} INFO - Processing file /opt/airflow/dags/energie_meteo_dag.py for tasks to queue
[2026-04-09T10:48:06.299+0000] {logging_mixin.py:188} INFO - [2026-04-09T10:48:06.298+0000] {dagbag.py:538} INFO - Filling up the DagBag from /opt/airflow/dags/energie_meteo_dag.py
[2026-04-09T10:48:06.308+0000] {processor.py:840} INFO - DAG(s) 'energie_meteo_dag' retrieved from /opt/airflow/dags/energie_meteo_dag.py
[2026-04-09T10:48:06.325+0000] {logging_mixin.py:188} INFO - [2026-04-09T10:48:06.324+0000] {dag.py:3033} INFO - Sync 1 DAGs
[2026-04-09T10:48:06.344+0000] {logging_mixin.py:188} INFO - [2026-04-09T10:48:06.343+0000] {dag.py:3820} INFO - Setting next_dagrun for energie_meteo_dag to 2026-04-09T04:00:00+00:00, run_after=2026-04-10T04:00:00+00:00
[2026-04-09T10:48:06.358+0000] {processor.py:183} INFO - Processing /opt/airflow/dags/energie_meteo_dag.py took 0.065 seconds
[2026-04-09T10:48:36.828+0000] {processor.py:161} INFO - Started process (PID=2748) to work on /opt/airflow/dags/energie_meteo_dag.py
[2026-04-09T10:48:36.829+0000] {processor.py:830} INFO - Processing file /opt/airflow/dags/energie_meteo_dag.py for tasks to queue
[2026-04-09T10:48:36.832+0000] {logging_mixin.py:188} INFO - [2026-04-09T10:48:36.831+0000] {dagbag.py:538} INFO - Filling up the DagBag from /opt/airflow/dags/energie_meteo_dag.py
[2026-04-09T10:48:36.847+0000] {processor.py:840} INFO - DAG(s) 'energie_meteo_dag' retrieved from /opt/airflow/dags/energie_meteo_dag.py
[2026-04-09T10:48:36.871+0000] {logging_mixin.py:188} INFO - [2026-04-09T10:48:36.871+0000] {dag.py:3033} INFO - Sync 1 DAGs
[2026-04-09T10:48:36.900+0000] {logging_mixin.py:188} INFO - [2026-04-09T10:48:36.899+0000] {dag.py:3820} INFO - Setting next_dagrun for energie_meteo_dag to 2026-04-09T04:00:00+00:00, run_after=2026-04-10T04:00:00+00:00
[2026-04-09T10:48:36.922+0000] {processor.py:183} INFO - Processing /opt/airflow/dags/energie_meteo_dag.py took 0.097 seconds
[2026-04-09T10:49:07.115+0000] {processor.py:161} INFO - Started process (PID=2809) to work on /opt/airflow/dags/energie_meteo_dag.py
[2026-04-09T10:49:07.116+0000] {processor.py:830} INFO - Processing file /opt/airflow/dags/energie_meteo_dag.py for tasks to queue
[2026-04-09T10:49:07.118+0000] {logging_mixin.py:188} INFO - [2026-04-09T10:49:07.118+0000] {dagbag.py:538} INFO - Filling up the DagBag from /opt/airflow/dags/energie_meteo_dag.py
[2026-04-09T10:49:07.128+0000] {processor.py:840} INFO - DAG(s) 'energie_meteo_dag' retrieved from /opt/airflow/dags/energie_meteo_dag.py
[2026-04-09T10:49:07.144+0000] {logging_mixin.py:188} INFO - [2026-04-09T10:49:07.144+0000] {dag.py:3033} INFO - Sync 1 DAGs
[2026-04-09T10:49:07.162+0000] {logging_mixin.py:188} INFO - [2026-04-09T10:49:07.162+0000] {dag.py:3820} INFO - Setting next_dagrun for energie_meteo_dag to 2026-04-09T04:00:00+00:00, run_after=2026-04-10T04:00:00+00:00
[2026-04-09T10:49:07.176+0000] {processor.py:183} INFO - Processing /opt/airflow/dags/energie_meteo_dag.py took 0.063 seconds
[2026-04-09T10:49:37.899+0000] {processor.py:161} INFO - Started process (PID=2870) to work on /opt/airflow/dags/energie_meteo_dag.py
[2026-04-09T10:49:37.900+0000] {processor.py:830} INFO - Processing file /opt/airflow/dags/energie_meteo_dag.py for tasks to queue
[2026-04-09T10:49:37.901+0000] {logging_mixin.py:188} INFO - [2026-04-09T10:49:37.901+0000] {dagbag.py:538} INFO - Filling up the DagBag from /opt/airflow/dags/energie_meteo_dag.py
[2026-04-09T10:49:37.911+0000] {processor.py:840} INFO - DAG(s) 'energie_meteo_dag' retrieved from /opt/airflow/dags/energie_meteo_dag.py
[2026-04-09T10:49:37.928+0000] {logging_mixin.py:188} INFO - [2026-04-09T10:49:37.928+0000] {dag.py:3033} INFO - Sync 1 DAGs
[2026-04-09T10:49:37.946+0000] {logging_mixin.py:188} INFO - [2026-04-09T10:49:37.946+0000] {dag.py:3820} INFO - Setting next_dagrun for energie_meteo_dag to 2026-04-09T04:00:00+00:00, run_after=2026-04-10T04:00:00+00:00
[2026-04-09T10:49:37.960+0000] {processor.py:183} INFO - Processing /opt/airflow/dags/energie_meteo_dag.py took 0.064 seconds
[2026-04-09T10:50:08.077+0000] {processor.py:161} INFO - Started process (PID=2931) to work on /opt/airflow/dags/energie_meteo_dag.py
[2026-04-09T10:50:08.078+0000] {processor.py:830} INFO - Processing file /opt/airflow/dags/energie_meteo_dag.py for tasks to queue
[2026-04-09T10:50:08.079+0000] {logging_mixin.py:188} INFO - [2026-04-09T10:50:08.079+0000] {dagbag.py:538} INFO - Filling up the DagBag from /opt/airflow/dags/energie_meteo_dag.py
[2026-04-09T10:50:08.089+0000] {processor.py:840} INFO - DAG(s) 'energie_meteo_dag' retrieved from /opt/airflow/dags/energie_meteo_dag.py
[2026-04-09T10:50:08.106+0000] {logging_mixin.py:188} INFO - [2026-04-09T10:50:08.106+0000] {dag.py:3033} INFO - Sync 1 DAGs
[2026-04-09T10:50:08.125+0000] {logging_mixin.py:188} INFO - [2026-04-09T10:50:08.124+0000] {dag.py:3820} INFO - Setting next_dagrun for energie_meteo_dag to 2026-04-09T04:00:00+00:00, run_after=2026-04-10T04:00:00+00:00
[2026-04-09T10:50:08.138+0000] {processor.py:183} INFO - Processing /opt/airflow/dags/energie_meteo_dag.py took 0.064 seconds
[2026-04-09T10:50:38.438+0000] {processor.py:161} INFO - Started process (PID=2992) to work on /opt/airflow/dags/energie_meteo_dag.py
[2026-04-09T10:50:38.439+0000] {processor.py:830} INFO - Processing file /opt/airflow/dags/energie_meteo_dag.py for tasks to queue
[2026-04-09T10:50:38.440+0000] {logging_mixin.py:188} INFO - [2026-04-09T10:50:38.440+0000] {dagbag.py:538} INFO - Filling up the DagBag from /opt/airflow/dags/energie_meteo_dag.py
[2026-04-09T10:50:38.450+0000] {processor.py:840} INFO - DAG(s) 'energie_meteo_dag' retrieved from /opt/airflow/dags/energie_meteo_dag.py
[2026-04-09T10:50:38.467+0000] {logging_mixin.py:188} INFO - [2026-04-09T10:50:38.467+0000] {dag.py:3033} INFO - Sync 1 DAGs
[2026-04-09T10:50:38.485+0000] {logging_mixin.py:188} INFO - [2026-04-09T10:50:38.485+0000] {dag.py:3820} INFO - Setting next_dagrun for energie_meteo_dag to 2026-04-09T04:00:00+00:00, run_after=2026-04-10T04:00:00+00:00
[2026-04-09T10:50:38.503+0000] {processor.py:183} INFO - Processing /opt/airflow/dags/energie_meteo_dag.py took 0.067 seconds
[2026-04-09T10:51:08.794+0000] {processor.py:161} INFO - Started process (PID=3053) to work on /opt/airflow/dags/energie_meteo_dag.py
[2026-04-09T10:51:08.794+0000] {processor.py:830} INFO - Processing file /opt/airflow/dags/energie_meteo_dag.py for tasks to queue
[2026-04-09T10:51:08.796+0000] {logging_mixin.py:188} INFO - [2026-04-09T10:51:08.796+0000] {dagbag.py:538} INFO - Filling up the DagBag from /opt/airflow/dags/energie_meteo_dag.py
[2026-04-09T10:51:08.806+0000] {processor.py:840} INFO - DAG(s) 'energie_meteo_dag' retrieved from /opt/airflow/dags/energie_meteo_dag.py
[2026-04-09T10:51:08.822+0000] {logging_mixin.py:188} INFO - [2026-04-09T10:51:08.822+0000] {dag.py:3033} INFO - Sync 1 DAGs
[2026-04-09T10:51:08.840+0000] {logging_mixin.py:188} INFO - [2026-04-09T10:51:08.840+0000] {dag.py:3820} INFO - Setting next_dagrun for energie_meteo_dag to 2026-04-09T04:00:00+00:00, run_after=2026-04-10T04:00:00+00:00
[2026-04-09T10:51:08.854+0000] {processor.py:183} INFO - Processing /opt/airflow/dags/energie_meteo_dag.py took 0.063 seconds
[2026-04-09T10:51:38.891+0000] {processor.py:161} INFO - Started process (PID=3114) to work on /opt/airflow/dags/energie_meteo_dag.py
[2026-04-09T10:51:38.892+0000] {processor.py:830} INFO - Processing file /opt/airflow/dags/energie_meteo_dag.py for tasks to queue
[2026-04-09T10:51:38.894+0000] {logging_mixin.py:188} INFO - [2026-04-09T10:51:38.894+0000] {dagbag.py:538} INFO - Filling up the DagBag from /opt/airflow/dags/energie_meteo_dag.py
[2026-04-09T10:51:38.904+0000] {processor.py:840} INFO - DAG(s) 'energie_meteo_dag' retrieved from /opt/airflow/dags/energie_meteo_dag.py
[2026-04-09T10:51:38.920+0000] {logging_mixin.py:188} INFO - [2026-04-09T10:51:38.919+0000] {dag.py:3033} INFO - Sync 1 DAGs
[2026-04-09T10:51:38.938+0000] {logging_mixin.py:188} INFO - [2026-04-09T10:51:38.937+0000] {dag.py:3820} INFO - Setting next_dagrun for energie_meteo_dag to 2026-04-09T04:00:00+00:00, run_after=2026-04-10T04:00:00+00:00
[2026-04-09T10:51:38.951+0000] {processor.py:183} INFO - Processing /opt/airflow/dags/energie_meteo_dag.py took 0.062 seconds
[2026-04-09T10:52:09.034+0000] {processor.py:161} INFO - Started process (PID=3175) to work on /opt/airflow/dags/energie_meteo_dag.py
[2026-04-09T10:52:09.034+0000] {processor.py:830} INFO - Processing file /opt/airflow/dags/energie_meteo_dag.py for tasks to queue
[2026-04-09T10:52:09.036+0000] {logging_mixin.py:188} INFO - [2026-04-09T10:52:09.036+0000] {dagbag.py:538} INFO - Filling up the DagBag from /opt/airflow/dags/energie_meteo_dag.py
[2026-04-09T10:52:09.046+0000] {processor.py:840} INFO - DAG(s) 'energie_meteo_dag' retrieved from /opt/airflow/dags/energie_meteo_dag.py
[2026-04-09T10:52:09.062+0000] {logging_mixin.py:188} INFO - [2026-04-09T10:52:09.062+0000] {dag.py:3033} INFO - Sync 1 DAGs
[2026-04-09T10:52:09.084+0000] {logging_mixin.py:188} INFO - [2026-04-09T10:52:09.084+0000] {dag.py:3820} INFO - Setting next_dagrun for energie_meteo_dag to 2026-04-09T04:00:00+00:00, run_after=2026-04-10T04:00:00+00:00
[2026-04-09T10:52:09.098+0000] {processor.py:183} INFO - Processing /opt/airflow/dags/energie_meteo_dag.py took 0.068 seconds
[2026-04-09T10:52:39.279+0000] {processor.py:161} INFO - Started process (PID=3236) to work on /opt/airflow/dags/energie_meteo_dag.py
[2026-04-09T10:52:39.280+0000] {processor.py:830} INFO - Processing file /opt/airflow/dags/energie_meteo_dag.py for tasks to queue
[2026-04-09T10:52:39.282+0000] {logging_mixin.py:188} INFO - [2026-04-09T10:52:39.281+0000] {dagbag.py:538} INFO - Filling up the DagBag from /opt/airflow/dags/energie_meteo_dag.py
[2026-04-09T10:52:39.291+0000] {processor.py:840} INFO - DAG(s) 'energie_meteo_dag' retrieved from /opt/airflow/dags/energie_meteo_dag.py
[2026-04-09T10:52:39.309+0000] {logging_mixin.py:188} INFO - [2026-04-09T10:52:39.309+0000] {dag.py:3033} INFO - Sync 1 DAGs
[2026-04-09T10:52:39.327+0000] {logging_mixin.py:188} INFO - [2026-04-09T10:52:39.327+0000] {dag.py:3820} INFO - Setting next_dagrun for energie_meteo_dag to 2026-04-09T04:00:00+00:00, run_after=2026-04-10T04:00:00+00:00
[2026-04-09T10:52:39.341+0000] {processor.py:183} INFO - Processing /opt/airflow/dags/energie_meteo_dag.py took 0.065 seconds
[2026-04-09T10:53:09.409+0000] {processor.py:161} INFO - Started process (PID=3297) to work on /opt/airflow/dags/energie_meteo_dag.py
[2026-04-09T10:53:09.410+0000] {processor.py:830} INFO - Processing file /opt/airflow/dags/energie_meteo_dag.py for tasks to queue
[2026-04-09T10:53:09.412+0000] {logging_mixin.py:188} INFO - [2026-04-09T10:53:09.411+0000] {dagbag.py:538} INFO - Filling up the DagBag from /opt/airflow/dags/energie_meteo_dag.py
[2026-04-09T10:53:09.422+0000] {processor.py:840} INFO - DAG(s) 'energie_meteo_dag' retrieved from /opt/airflow/dags/energie_meteo_dag.py
[2026-04-09T10:53:09.439+0000] {logging_mixin.py:188} INFO - [2026-04-09T10:53:09.439+0000] {dag.py:3033} INFO - Sync 1 DAGs
[2026-04-09T10:53:09.457+0000] {logging_mixin.py:188} INFO - [2026-04-09T10:53:09.457+0000] {dag.py:3820} INFO - Setting next_dagrun for energie_meteo_dag to 2026-04-09T04:00:00+00:00, run_after=2026-04-10T04:00:00+00:00
[2026-04-09T10:53:09.471+0000] {processor.py:183} INFO - Processing /opt/airflow/dags/energie_meteo_dag.py took 0.065 seconds
[2026-04-09T10:53:39.808+0000] {processor.py:161} INFO - Started process (PID=3356) to work on /opt/airflow/dags/energie_meteo_dag.py
[2026-04-09T10:53:39.808+0000] {processor.py:830} INFO - Processing file /opt/airflow/dags/energie_meteo_dag.py for tasks to queue
[2026-04-09T10:53:39.810+0000] {logging_mixin.py:188} INFO - [2026-04-09T10:53:39.810+0000] {dagbag.py:538} INFO - Filling up the DagBag from /opt/airflow/dags/energie_meteo_dag.py
[2026-04-09T10:53:39.826+0000] {processor.py:840} INFO - DAG(s) 'energie_meteo_dag' retrieved from /opt/airflow/dags/energie_meteo_dag.py
[2026-04-09T10:53:39.849+0000] {logging_mixin.py:188} INFO - [2026-04-09T10:53:39.849+0000] {dag.py:3033} INFO - Sync 1 DAGs
[2026-04-09T10:53:39.876+0000] {logging_mixin.py:188} INFO - [2026-04-09T10:53:39.876+0000] {dag.py:3820} INFO - Setting next_dagrun for energie_meteo_dag to 2026-04-09T04:00:00+00:00, run_after=2026-04-10T04:00:00+00:00
[2026-04-09T10:53:39.897+0000] {processor.py:183} INFO - Processing /opt/airflow/dags/energie_meteo_dag.py took 0.093 seconds
[2026-04-09T10:54:10.079+0000] {processor.py:161} INFO - Started process (PID=3417) to work on /opt/airflow/dags/energie_meteo_dag.py
[2026-04-09T10:54:10.080+0000] {processor.py:830} INFO - Processing file /opt/airflow/dags/energie_meteo_dag.py for tasks to queue
[2026-04-09T10:54:10.081+0000] {logging_mixin.py:188} INFO - [2026-04-09T10:54:10.081+0000] {dagbag.py:538} INFO - Filling up the DagBag from /opt/airflow/dags/energie_meteo_dag.py
[2026-04-09T10:54:10.094+0000] {processor.py:840} INFO - DAG(s) 'energie_meteo_dag' retrieved from /opt/airflow/dags/energie_meteo_dag.py
[2026-04-09T10:54:10.116+0000] {logging_mixin.py:188} INFO - [2026-04-09T10:54:10.116+0000] {dag.py:3033} INFO - Sync 1 DAGs
[2026-04-09T10:54:10.143+0000] {logging_mixin.py:188} INFO - [2026-04-09T10:54:10.142+0000] {dag.py:3820} INFO - Setting next_dagrun for energie_meteo_dag to 2026-04-09T04:00:00+00:00, run_after=2026-04-10T04:00:00+00:00
[2026-04-09T10:54:10.164+0000] {processor.py:183} INFO - Processing /opt/airflow/dags/energie_meteo_dag.py took 0.088 seconds
[2026-04-09T10:54:40.778+0000] {processor.py:161} INFO - Started process (PID=3478) to work on /opt/airflow/dags/energie_meteo_dag.py
[2026-04-09T10:54:40.778+0000] {processor.py:830} INFO - Processing file /opt/airflow/dags/energie_meteo_dag.py for tasks to queue
[2026-04-09T10:54:40.781+0000] {logging_mixin.py:188} INFO - [2026-04-09T10:54:40.781+0000] {dagbag.py:538} INFO - Filling up the DagBag from /opt/airflow/dags/energie_meteo_dag.py
[2026-04-09T10:54:40.796+0000] {processor.py:840} INFO - DAG(s) 'energie_meteo_dag' retrieved from /opt/airflow/dags/energie_meteo_dag.py
[2026-04-09T10:54:40.818+0000] {logging_mixin.py:188} INFO - [2026-04-09T10:54:40.818+0000] {dag.py:3033} INFO - Sync 1 DAGs
[2026-04-09T10:54:40.845+0000] {logging_mixin.py:188} INFO - [2026-04-09T10:54:40.845+0000] {dag.py:3820} INFO - Setting next_dagrun for energie_meteo_dag to 2026-04-09T04:00:00+00:00, run_after=2026-04-10T04:00:00+00:00
[2026-04-09T10:54:40.863+0000] {processor.py:183} INFO - Processing /opt/airflow/dags/energie_meteo_dag.py took 0.089 seconds
[2026-04-09T10:55:11.387+0000] {processor.py:161} INFO - Started process (PID=3539) to work on /opt/airflow/dags/energie_meteo_dag.py
[2026-04-09T10:55:11.388+0000] {processor.py:830} INFO - Processing file /opt/airflow/dags/energie_meteo_dag.py for tasks to queue
[2026-04-09T10:55:11.395+0000] {logging_mixin.py:188} INFO - [2026-04-09T10:55:11.394+0000] {dagbag.py:538} INFO - Filling up the DagBag from /opt/airflow/dags/energie_meteo_dag.py
[2026-04-09T10:55:11.426+0000] {processor.py:840} INFO - DAG(s) 'energie_meteo_dag' retrieved from /opt/airflow/dags/energie_meteo_dag.py
[2026-04-09T10:55:11.519+0000] {logging_mixin.py:188} INFO - [2026-04-09T10:55:11.519+0000] {dag.py:3033} INFO - Sync 1 DAGs
[2026-04-09T10:55:11.547+0000] {logging_mixin.py:188} INFO - [2026-04-09T10:55:11.547+0000] {dag.py:3820} INFO - Setting next_dagrun for energie_meteo_dag to 2026-04-09T04:00:00+00:00, run_after=2026-04-10T04:00:00+00:00
[2026-04-09T10:55:11.583+0000] {processor.py:183} INFO - Processing /opt/airflow/dags/energie_meteo_dag.py took 0.204 seconds
[2026-04-09T10:55:41.858+0000] {processor.py:161} INFO - Started process (PID=3600) to work on /opt/airflow/dags/energie_meteo_dag.py
[2026-04-09T10:55:41.859+0000] {processor.py:830} INFO - Processing file /opt/airflow/dags/energie_meteo_dag.py for tasks to queue
[2026-04-09T10:55:41.861+0000] {logging_mixin.py:188} INFO - [2026-04-09T10:55:41.860+0000] {dagbag.py:538} INFO - Filling up the DagBag from /opt/airflow/dags/energie_meteo_dag.py
[2026-04-09T10:55:41.871+0000] {processor.py:840} INFO - DAG(s) 'energie_meteo_dag' retrieved from /opt/airflow/dags/energie_meteo_dag.py
[2026-04-09T10:55:41.887+0000] {logging_mixin.py:188} INFO - [2026-04-09T10:55:41.887+0000] {dag.py:3033} INFO - Sync 1 DAGs
[2026-04-09T10:55:41.905+0000] {logging_mixin.py:188} INFO - [2026-04-09T10:55:41.905+0000] {dag.py:3820} INFO - Setting next_dagrun for energie_meteo_dag to 2026-04-09T04:00:00+00:00, run_after=2026-04-10T04:00:00+00:00
[2026-04-09T10:55:41.919+0000] {processor.py:183} INFO - Processing /opt/airflow/dags/energie_meteo_dag.py took 0.063 seconds
[2026-04-09T10:56:12.877+0000] {processor.py:161} INFO - Started process (PID=3661) to work on /opt/airflow/dags/energie_meteo_dag.py
[2026-04-09T10:56:12.878+0000] {processor.py:830} INFO - Processing file /opt/airflow/dags/energie_meteo_dag.py for tasks to queue
[2026-04-09T10:56:12.880+0000] {logging_mixin.py:188} INFO - [2026-04-09T10:56:12.880+0000] {dagbag.py:538} INFO - Filling up the DagBag from /opt/airflow/dags/energie_meteo_dag.py
[2026-04-09T10:56:12.895+0000] {processor.py:840} INFO - DAG(s) 'energie_meteo_dag' retrieved from /opt/airflow/dags/energie_meteo_dag.py
[2026-04-09T10:56:12.917+0000] {logging_mixin.py:188} INFO - [2026-04-09T10:56:12.917+0000] {dag.py:3033} INFO - Sync 1 DAGs
[2026-04-09T10:56:12.945+0000] {logging_mixin.py:188} INFO - [2026-04-09T10:56:12.945+0000] {dag.py:3820} INFO - Setting next_dagrun for energie_meteo_dag to 2026-04-09T04:00:00+00:00, run_after=2026-04-10T04:00:00+00:00
[2026-04-09T10:56:12.966+0000] {processor.py:183} INFO - Processing /opt/airflow/dags/energie_meteo_dag.py took 0.092 seconds
[2026-04-09T10:56:43.199+0000] {processor.py:161} INFO - Started process (PID=3722) to work on /opt/airflow/dags/energie_meteo_dag.py
[2026-04-09T10:56:43.199+0000] {processor.py:830} INFO - Processing file /opt/airflow/dags/energie_meteo_dag.py for tasks to queue
[2026-04-09T10:56:43.201+0000] {logging_mixin.py:188} INFO - [2026-04-09T10:56:43.201+0000] {dagbag.py:538} INFO - Filling up the DagBag from /opt/airflow/dags/energie_meteo_dag.py
[2026-04-09T10:56:43.211+0000] {processor.py:840} INFO - DAG(s) 'energie_meteo_dag' retrieved from /opt/airflow/dags/energie_meteo_dag.py
[2026-04-09T10:56:43.226+0000] {logging_mixin.py:188} INFO - [2026-04-09T10:56:43.226+0000] {dag.py:3033} INFO - Sync 1 DAGs
[2026-04-09T10:56:43.244+0000] {logging_mixin.py:188} INFO - [2026-04-09T10:56:43.243+0000] {dag.py:3820} INFO - Setting next_dagrun for energie_meteo_dag to 2026-04-09T04:00:00+00:00, run_after=2026-04-10T04:00:00+00:00
[2026-04-09T10:56:43.258+0000] {processor.py:183} INFO - Processing /opt/airflow/dags/energie_meteo_dag.py took 0.062 seconds
[2026-04-09T10:57:13.640+0000] {processor.py:161} INFO - Started process (PID=3783) to work on /opt/airflow/dags/energie_meteo_dag.py
[2026-04-09T10:57:13.641+0000] {processor.py:830} INFO - Processing file /opt/airflow/dags/energie_meteo_dag.py for tasks to queue
[2026-04-09T10:57:13.643+0000] {logging_mixin.py:188} INFO - [2026-04-09T10:57:13.643+0000] {dagbag.py:538} INFO - Filling up the DagBag from /opt/airflow/dags/energie_meteo_dag.py
[2026-04-09T10:57:13.658+0000] {processor.py:840} INFO - DAG(s) 'energie_meteo_dag' retrieved from /opt/airflow/dags/energie_meteo_dag.py
[2026-04-09T10:57:13.680+0000] {logging_mixin.py:188} INFO - [2026-04-09T10:57:13.680+0000] {dag.py:3033} INFO - Sync 1 DAGs
[2026-04-09T10:57:13.709+0000] {logging_mixin.py:188} INFO - [2026-04-09T10:57:13.708+0000] {dag.py:3820} INFO - Setting next_dagrun for energie_meteo_dag to 2026-04-09T04:00:00+00:00, run_after=2026-04-10T04:00:00+00:00
[2026-04-09T10:57:13.727+0000] {processor.py:183} INFO - Processing /opt/airflow/dags/energie_meteo_dag.py took 0.090 seconds
[2026-04-09T10:57:44.047+0000] {processor.py:161} INFO - Started process (PID=3844) to work on /opt/airflow/dags/energie_meteo_dag.py
[2026-04-09T10:57:44.047+0000] {processor.py:830} INFO - Processing file /opt/airflow/dags/energie_meteo_dag.py for tasks to queue
[2026-04-09T10:57:44.050+0000] {logging_mixin.py:188} INFO - [2026-04-09T10:57:44.049+0000] {dagbag.py:538} INFO - Filling up the DagBag from /opt/airflow/dags/energie_meteo_dag.py
[2026-04-09T10:57:44.064+0000] {processor.py:840} INFO - DAG(s) 'energie_meteo_dag' retrieved from /opt/airflow/dags/energie_meteo_dag.py
[2026-04-09T10:57:44.085+0000] {logging_mixin.py:188} INFO - [2026-04-09T10:57:44.085+0000] {dag.py:3033} INFO - Sync 1 DAGs
[2026-04-09T10:57:44.113+0000] {logging_mixin.py:188} INFO - [2026-04-09T10:57:44.113+0000] {dag.py:3820} INFO - Setting next_dagrun for energie_meteo_dag to 2026-04-09T04:00:00+00:00, run_after=2026-04-10T04:00:00+00:00
[2026-04-09T10:57:44.133+0000] {processor.py:183} INFO - Processing /opt/airflow/dags/energie_meteo_dag.py took 0.089 seconds
[2026-04-09T10:58:14.327+0000] {processor.py:161} INFO - Started process (PID=3905) to work on /opt/airflow/dags/energie_meteo_dag.py
[2026-04-09T10:58:14.332+0000] {processor.py:830} INFO - Processing file /opt/airflow/dags/energie_meteo_dag.py for tasks to queue
[2026-04-09T10:58:14.336+0000] {logging_mixin.py:188} INFO - [2026-04-09T10:58:14.336+0000] {dagbag.py:538} INFO - Filling up the DagBag from /opt/airflow/dags/energie_meteo_dag.py
[2026-04-09T10:58:14.365+0000] {processor.py:840} INFO - DAG(s) 'energie_meteo_dag' retrieved from /opt/airflow/dags/energie_meteo_dag.py
[2026-04-09T10:58:14.414+0000] {logging_mixin.py:188} INFO - [2026-04-09T10:58:14.410+0000] {dag.py:3033} INFO - Sync 1 DAGs
[2026-04-09T10:58:14.476+0000] {logging_mixin.py:188} INFO - [2026-04-09T10:58:14.476+0000] {dag.py:3820} INFO - Setting next_dagrun for energie_meteo_dag to 2026-04-09T04:00:00+00:00, run_after=2026-04-10T04:00:00+00:00
[2026-04-09T10:58:14.496+0000] {processor.py:183} INFO - Processing /opt/airflow/dags/energie_meteo_dag.py took 0.182 seconds
[2026-04-09T10:58:44.581+0000] {processor.py:161} INFO - Started process (PID=3966) to work on /opt/airflow/dags/energie_meteo_dag.py
[2026-04-09T10:58:44.581+0000] {processor.py:830} INFO - Processing file /opt/airflow/dags/energie_meteo_dag.py for tasks to queue
[2026-04-09T10:58:44.583+0000] {logging_mixin.py:188} INFO - [2026-04-09T10:58:44.583+0000] {dagbag.py:538} INFO - Filling up the DagBag from /opt/airflow/dags/energie_meteo_dag.py
[2026-04-09T10:58:44.596+0000] {processor.py:840} INFO - DAG(s) 'energie_meteo_dag' retrieved from /opt/airflow/dags/energie_meteo_dag.py
[2026-04-09T10:58:44.617+0000] {logging_mixin.py:188} INFO - [2026-04-09T10:58:44.617+0000] {dag.py:3033} INFO - Sync 1 DAGs
[2026-04-09T10:58:44.644+0000] {logging_mixin.py:188} INFO - [2026-04-09T10:58:44.644+0000] {dag.py:3820} INFO - Setting next_dagrun for energie_meteo_dag to 2026-04-09T04:00:00+00:00, run_after=2026-04-10T04:00:00+00:00
[2026-04-09T10:58:44.664+0000] {processor.py:183} INFO - Processing /opt/airflow/dags/energie_meteo_dag.py took 0.086 seconds
[2026-04-09T12:02:45.147+0000] {processor.py:161} INFO - Started process (PID=59) to work on /opt/airflow/dags/energie_meteo_dag.py
[2026-04-09T12:02:45.152+0000] {processor.py:830} INFO - Processing file /opt/airflow/dags/energie_meteo_dag.py for tasks to queue
[2026-04-09T12:02:45.163+0000] {logging_mixin.py:188} INFO - [2026-04-09T12:02:45.162+0000] {dagbag.py:538} INFO - Filling up the DagBag from /opt/airflow/dags/energie_meteo_dag.py
[2026-04-09T12:02:45.249+0000] {processor.py:840} INFO - DAG(s) 'energie_meteo_dag' retrieved from /opt/airflow/dags/energie_meteo_dag.py
[2026-04-09T12:02:45.402+0000] {logging_mixin.py:188} INFO - [2026-04-09T12:02:45.401+0000] {dag.py:3033} INFO - Sync 1 DAGs
[2026-04-09T12:02:45.484+0000] {logging_mixin.py:188} INFO - [2026-04-09T12:02:45.481+0000] {dag.py:3820} INFO - Setting next_dagrun for energie_meteo_dag to 2026-04-09T04:00:00+00:00, run_after=2026-04-10T04:00:00+00:00
[2026-04-09T12:02:45.622+0000] {processor.py:183} INFO - Processing /opt/airflow/dags/energie_meteo_dag.py took 0.509 seconds
[2026-04-09T12:03:15.805+0000] {processor.py:161} INFO - Started process (PID=119) to work on /opt/airflow/dags/energie_meteo_dag.py
[2026-04-09T12:03:15.806+0000] {processor.py:830} INFO - Processing file /opt/airflow/dags/energie_meteo_dag.py for tasks to queue
[2026-04-09T12:03:15.807+0000] {logging_mixin.py:188} INFO - [2026-04-09T12:03:15.807+0000] {dagbag.py:538} INFO - Filling up the DagBag from /opt/airflow/dags/energie_meteo_dag.py
[2026-04-09T12:03:15.817+0000] {processor.py:840} INFO - DAG(s) 'energie_meteo_dag' retrieved from /opt/airflow/dags/energie_meteo_dag.py
[2026-04-09T12:03:15.834+0000] {logging_mixin.py:188} INFO - [2026-04-09T12:03:15.834+0000] {dag.py:3033} INFO - Sync 1 DAGs
[2026-04-09T12:03:15.852+0000] {logging_mixin.py:188} INFO - [2026-04-09T12:03:15.852+0000] {dag.py:3820} INFO - Setting next_dagrun for energie_meteo_dag to 2026-04-09T04:00:00+00:00, run_after=2026-04-10T04:00:00+00:00
[2026-04-09T12:03:15.865+0000] {processor.py:183} INFO - Processing /opt/airflow/dags/energie_meteo_dag.py took 0.063 seconds
[2026-04-09T12:03:46.163+0000] {processor.py:161} INFO - Started process (PID=180) to work on /opt/airflow/dags/energie_meteo_dag.py
[2026-04-09T12:03:46.164+0000] {processor.py:830} INFO - Processing file /opt/airflow/dags/energie_meteo_dag.py for tasks to queue
[2026-04-09T12:03:46.165+0000] {logging_mixin.py:188} INFO - [2026-04-09T12:03:46.165+0000] {dagbag.py:538} INFO - Filling up the DagBag from /opt/airflow/dags/energie_meteo_dag.py
[2026-04-09T12:03:46.175+0000] {processor.py:840} INFO - DAG(s) 'energie_meteo_dag' retrieved from /opt/airflow/dags/energie_meteo_dag.py
[2026-04-09T12:03:46.191+0000] {logging_mixin.py:188} INFO - [2026-04-09T12:03:46.191+0000] {dag.py:3033} INFO - Sync 1 DAGs
[2026-04-09T12:03:46.209+0000] {logging_mixin.py:188} INFO - [2026-04-09T12:03:46.209+0000] {dag.py:3820} INFO - Setting next_dagrun for energie_meteo_dag to 2026-04-09T04:00:00+00:00, run_after=2026-04-10T04:00:00+00:00
[2026-04-09T12:03:46.223+0000] {processor.py:183} INFO - Processing /opt/airflow/dags/energie_meteo_dag.py took 0.063 seconds
[2026-04-09T12:04:16.416+0000] {processor.py:161} INFO - Started process (PID=241) to work on /opt/airflow/dags/energie_meteo_dag.py
[2026-04-09T12:04:16.417+0000] {processor.py:830} INFO - Processing file /opt/airflow/dags/energie_meteo_dag.py for tasks to queue
[2026-04-09T12:04:16.418+0000] {logging_mixin.py:188} INFO - [2026-04-09T12:04:16.418+0000] {dagbag.py:538} INFO - Filling up the DagBag from /opt/airflow/dags/energie_meteo_dag.py
[2026-04-09T12:04:16.428+0000] {processor.py:840} INFO - DAG(s) 'energie_meteo_dag' retrieved from /opt/airflow/dags/energie_meteo_dag.py
[2026-04-09T12:04:16.444+0000] {logging_mixin.py:188} INFO - [2026-04-09T12:04:16.444+0000] {dag.py:3033} INFO - Sync 1 DAGs
[2026-04-09T12:04:16.462+0000] {logging_mixin.py:188} INFO - [2026-04-09T12:04:16.462+0000] {dag.py:3820} INFO - Setting next_dagrun for energie_meteo_dag to 2026-04-09T04:00:00+00:00, run_after=2026-04-10T04:00:00+00:00
[2026-04-09T12:04:16.477+0000] {processor.py:183} INFO - Processing /opt/airflow/dags/energie_meteo_dag.py took 0.063 seconds
[2026-04-09T12:04:46.716+0000] {processor.py:161} INFO - Started process (PID=302) to work on /opt/airflow/dags/energie_meteo_dag.py
[2026-04-09T12:04:46.716+0000] {processor.py:830} INFO - Processing file /opt/airflow/dags/energie_meteo_dag.py for tasks to queue
[2026-04-09T12:04:46.718+0000] {logging_mixin.py:188} INFO - [2026-04-09T12:04:46.718+0000] {dagbag.py:538} INFO - Filling up the DagBag from /opt/airflow/dags/energie_meteo_dag.py
[2026-04-09T12:04:46.727+0000] {processor.py:840} INFO - DAG(s) 'energie_meteo_dag' retrieved from /opt/airflow/dags/energie_meteo_dag.py
[2026-04-09T12:04:46.744+0000] {logging_mixin.py:188} INFO - [2026-04-09T12:04:46.743+0000] {dag.py:3033} INFO - Sync 1 DAGs
[2026-04-09T12:04:46.763+0000] {logging_mixin.py:188} INFO - [2026-04-09T12:04:46.763+0000] {dag.py:3820} INFO - Setting next_dagrun for energie_meteo_dag to 2026-04-09T04:00:00+00:00, run_after=2026-04-10T04:00:00+00:00
[2026-04-09T12:04:46.776+0000] {processor.py:183} INFO - Processing /opt/airflow/dags/energie_meteo_dag.py took 0.063 seconds
[2026-04-09T12:05:17.162+0000] {processor.py:161} INFO - Started process (PID=363) to work on /opt/airflow/dags/energie_meteo_dag.py
[2026-04-09T12:05:17.162+0000] {processor.py:830} INFO - Processing file /opt/airflow/dags/energie_meteo_dag.py for tasks to queue
[2026-04-09T12:05:17.164+0000] {logging_mixin.py:188} INFO - [2026-04-09T12:05:17.164+0000] {dagbag.py:538} INFO - Filling up the DagBag from /opt/airflow/dags/energie_meteo_dag.py
[2026-04-09T12:05:17.173+0000] {processor.py:840} INFO - DAG(s) 'energie_meteo_dag' retrieved from /opt/airflow/dags/energie_meteo_dag.py
[2026-04-09T12:05:17.189+0000] {logging_mixin.py:188} INFO - [2026-04-09T12:05:17.189+0000] {dag.py:3033} INFO - Sync 1 DAGs
[2026-04-09T12:05:17.207+0000] {logging_mixin.py:188} INFO - [2026-04-09T12:05:17.207+0000] {dag.py:3820} INFO - Setting next_dagrun for energie_meteo_dag to 2026-04-09T04:00:00+00:00, run_after=2026-04-10T04:00:00+00:00
[2026-04-09T12:05:17.220+0000] {processor.py:183} INFO - Processing /opt/airflow/dags/energie_meteo_dag.py took 0.061 seconds
[2026-04-09T12:05:47.265+0000] {processor.py:161} INFO - Started process (PID=424) to work on /opt/airflow/dags/energie_meteo_dag.py
[2026-04-09T12:05:47.267+0000] {processor.py:830} INFO - Processing file /opt/airflow/dags/energie_meteo_dag.py for tasks to queue
[2026-04-09T12:05:47.272+0000] {logging_mixin.py:188} INFO - [2026-04-09T12:05:47.272+0000] {dagbag.py:538} INFO - Filling up the DagBag from /opt/airflow/dags/energie_meteo_dag.py
[2026-04-09T12:05:47.290+0000] {processor.py:840} INFO - DAG(s) 'energie_meteo_dag' retrieved from /opt/airflow/dags/energie_meteo_dag.py
[2026-04-09T12:05:47.313+0000] {logging_mixin.py:188} INFO - [2026-04-09T12:05:47.313+0000] {dag.py:3033} INFO - Sync 1 DAGs
[2026-04-09T12:05:47.332+0000] {logging_mixin.py:188} INFO - [2026-04-09T12:05:47.331+0000] {dag.py:3820} INFO - Setting next_dagrun for energie_meteo_dag to 2026-04-09T04:00:00+00:00, run_after=2026-04-10T04:00:00+00:00
[2026-04-09T12:05:47.345+0000] {processor.py:183} INFO - Processing /opt/airflow/dags/energie_meteo_dag.py took 0.087 seconds
[2026-04-09T12:06:17.516+0000] {processor.py:161} INFO - Started process (PID=485) to work on /opt/airflow/dags/energie_meteo_dag.py
[2026-04-09T12:06:17.520+0000] {processor.py:830} INFO - Processing file /opt/airflow/dags/energie_meteo_dag.py for tasks to queue
[2026-04-09T12:06:17.524+0000] {logging_mixin.py:188} INFO - [2026-04-09T12:06:17.524+0000] {dagbag.py:538} INFO - Filling up the DagBag from /opt/airflow/dags/energie_meteo_dag.py
[2026-04-09T12:06:17.568+0000] {processor.py:840} INFO - DAG(s) 'energie_meteo_dag' retrieved from /opt/airflow/dags/energie_meteo_dag.py
[2026-04-09T12:06:17.616+0000] {logging_mixin.py:188} INFO - [2026-04-09T12:06:17.616+0000] {dag.py:3033} INFO - Sync 1 DAGs
[2026-04-09T12:06:17.670+0000] {logging_mixin.py:188} INFO - [2026-04-09T12:06:17.670+0000] {dag.py:3820} INFO - Setting next_dagrun for energie_meteo_dag to 2026-04-09T04:00:00+00:00, run_after=2026-04-10T04:00:00+00:00
[2026-04-09T12:06:17.722+0000] {processor.py:183} INFO - Processing /opt/airflow/dags/energie_meteo_dag.py took 0.215 seconds
[2026-04-09T12:06:47.992+0000] {processor.py:161} INFO - Started process (PID=546) to work on /opt/airflow/dags/energie_meteo_dag.py
[2026-04-09T12:06:47.993+0000] {processor.py:830} INFO - Processing file /opt/airflow/dags/energie_meteo_dag.py for tasks to queue
[2026-04-09T12:06:47.995+0000] {logging_mixin.py:188} INFO - [2026-04-09T12:06:47.994+0000] {dagbag.py:538} INFO - Filling up the DagBag from /opt/airflow/dags/energie_meteo_dag.py
[2026-04-09T12:06:48.006+0000] {processor.py:840} INFO - DAG(s) 'energie_meteo_dag' retrieved from /opt/airflow/dags/energie_meteo_dag.py
[2026-04-09T12:06:48.022+0000] {logging_mixin.py:188} INFO - [2026-04-09T12:06:48.022+0000] {dag.py:3033} INFO - Sync 1 DAGs
[2026-04-09T12:06:48.041+0000] {logging_mixin.py:188} INFO - [2026-04-09T12:06:48.040+0000] {dag.py:3820} INFO - Setting next_dagrun for energie_meteo_dag to 2026-04-09T04:00:00+00:00, run_after=2026-04-10T04:00:00+00:00
[2026-04-09T12:06:48.055+0000] {processor.py:183} INFO - Processing /opt/airflow/dags/energie_meteo_dag.py took 0.066 seconds
[2026-04-09T12:07:18.085+0000] {processor.py:161} INFO - Started process (PID=607) to work on /opt/airflow/dags/energie_meteo_dag.py
[2026-04-09T12:07:18.085+0000] {processor.py:830} INFO - Processing file /opt/airflow/dags/energie_meteo_dag.py for tasks to queue
[2026-04-09T12:07:18.087+0000] {logging_mixin.py:188} INFO - [2026-04-09T12:07:18.087+0000] {dagbag.py:538} INFO - Filling up the DagBag from /opt/airflow/dags/energie_meteo_dag.py
[2026-04-09T12:07:18.099+0000] {processor.py:840} INFO - DAG(s) 'energie_meteo_dag' retrieved from /opt/airflow/dags/energie_meteo_dag.py
[2026-04-09T12:07:18.115+0000] {logging_mixin.py:188} INFO - [2026-04-09T12:07:18.115+0000] {dag.py:3033} INFO - Sync 1 DAGs
[2026-04-09T12:07:18.134+0000] {logging_mixin.py:188} INFO - [2026-04-09T12:07:18.134+0000] {dag.py:3820} INFO - Setting next_dagrun for energie_meteo_dag to 2026-04-09T04:00:00+00:00, run_after=2026-04-10T04:00:00+00:00
[2026-04-09T12:07:18.148+0000] {processor.py:183} INFO - Processing /opt/airflow/dags/energie_meteo_dag.py took 0.067 seconds
[2026-04-09T12:07:48.532+0000] {processor.py:161} INFO - Started process (PID=668) to work on /opt/airflow/dags/energie_meteo_dag.py
[2026-04-09T12:07:48.533+0000] {processor.py:830} INFO - Processing file /opt/airflow/dags/energie_meteo_dag.py for tasks to queue
[2026-04-09T12:07:48.534+0000] {logging_mixin.py:188} INFO - [2026-04-09T12:07:48.534+0000] {dagbag.py:538} INFO - Filling up the DagBag from /opt/airflow/dags/energie_meteo_dag.py
[2026-04-09T12:07:48.544+0000] {processor.py:840} INFO - DAG(s) 'energie_meteo_dag' retrieved from /opt/airflow/dags/energie_meteo_dag.py
[2026-04-09T12:07:48.560+0000] {logging_mixin.py:188} INFO - [2026-04-09T12:07:48.560+0000] {dag.py:3033} INFO - Sync 1 DAGs
[2026-04-09T12:07:48.579+0000] {logging_mixin.py:188} INFO - [2026-04-09T12:07:48.579+0000] {dag.py:3820} INFO - Setting next_dagrun for energie_meteo_dag to 2026-04-09T04:00:00+00:00, run_after=2026-04-10T04:00:00+00:00
[2026-04-09T12:07:48.596+0000] {processor.py:183} INFO - Processing /opt/airflow/dags/energie_meteo_dag.py took 0.067 seconds
[2026-04-09T12:08:18.674+0000] {processor.py:161} INFO - Started process (PID=729) to work on /opt/airflow/dags/energie_meteo_dag.py
[2026-04-09T12:08:18.675+0000] {processor.py:830} INFO - Processing file /opt/airflow/dags/energie_meteo_dag.py for tasks to queue
[2026-04-09T12:08:18.677+0000] {logging_mixin.py:188} INFO - [2026-04-09T12:08:18.677+0000] {dagbag.py:538} INFO - Filling up the DagBag from /opt/airflow/dags/energie_meteo_dag.py
[2026-04-09T12:08:18.693+0000] {processor.py:840} INFO - DAG(s) 'energie_meteo_dag' retrieved from /opt/airflow/dags/energie_meteo_dag.py
[2026-04-09T12:08:18.709+0000] {logging_mixin.py:188} INFO - [2026-04-09T12:08:18.709+0000] {dag.py:3033} INFO - Sync 1 DAGs
[2026-04-09T12:08:18.728+0000] {logging_mixin.py:188} INFO - [2026-04-09T12:08:18.728+0000] {dag.py:3820} INFO - Setting next_dagrun for energie_meteo_dag to 2026-04-09T04:00:00+00:00, run_after=2026-04-10T04:00:00+00:00
[2026-04-09T12:08:18.742+0000] {processor.py:183} INFO - Processing /opt/airflow/dags/energie_meteo_dag.py took 0.073 seconds
[2026-04-09T12:08:49.166+0000] {processor.py:161} INFO - Started process (PID=790) to work on /opt/airflow/dags/energie_meteo_dag.py
[2026-04-09T12:08:49.167+0000] {processor.py:830} INFO - Processing file /opt/airflow/dags/energie_meteo_dag.py for tasks to queue
[2026-04-09T12:08:49.169+0000] {logging_mixin.py:188} INFO - [2026-04-09T12:08:49.169+0000] {dagbag.py:538} INFO - Filling up the DagBag from /opt/airflow/dags/energie_meteo_dag.py
[2026-04-09T12:08:49.180+0000] {processor.py:840} INFO - DAG(s) 'energie_meteo_dag' retrieved from /opt/airflow/dags/energie_meteo_dag.py
[2026-04-09T12:08:49.197+0000] {logging_mixin.py:188} INFO - [2026-04-09T12:08:49.197+0000] {dag.py:3033} INFO - Sync 1 DAGs
[2026-04-09T12:08:49.216+0000] {logging_mixin.py:188} INFO - [2026-04-09T12:08:49.216+0000] {dag.py:3820} INFO - Setting next_dagrun for energie_meteo_dag to 2026-04-09T04:00:00+00:00, run_after=2026-04-10T04:00:00+00:00
[2026-04-09T12:08:49.230+0000] {processor.py:183} INFO - Processing /opt/airflow/dags/energie_meteo_dag.py took 0.067 seconds
[2026-04-09T12:09:19.566+0000] {processor.py:161} INFO - Started process (PID=851) to work on /opt/airflow/dags/energie_meteo_dag.py
[2026-04-09T12:09:19.567+0000] {processor.py:830} INFO - Processing file /opt/airflow/dags/energie_meteo_dag.py for tasks to queue
[2026-04-09T12:09:19.569+0000] {logging_mixin.py:188} INFO - [2026-04-09T12:09:19.568+0000] {dagbag.py:538} INFO - Filling up the DagBag from /opt/airflow/dags/energie_meteo_dag.py
[2026-04-09T12:09:19.580+0000] {processor.py:840} INFO - DAG(s) 'energie_meteo_dag' retrieved from /opt/airflow/dags/energie_meteo_dag.py
[2026-04-09T12:09:19.597+0000] {logging_mixin.py:188} INFO - [2026-04-09T12:09:19.597+0000] {dag.py:3033} INFO - Sync 1 DAGs
[2026-04-09T12:09:19.617+0000] {logging_mixin.py:188} INFO - [2026-04-09T12:09:19.617+0000] {dag.py:3820} INFO - Setting next_dagrun for energie_meteo_dag to 2026-04-09T04:00:00+00:00, run_after=2026-04-10T04:00:00+00:00
[2026-04-09T12:09:19.632+0000] {processor.py:183} INFO - Processing /opt/airflow/dags/energie_meteo_dag.py took 0.070 seconds
[2026-04-09T12:09:49.958+0000] {processor.py:161} INFO - Started process (PID=912) to work on /opt/airflow/dags/energie_meteo_dag.py
[2026-04-09T12:09:49.959+0000] {processor.py:830} INFO - Processing file /opt/airflow/dags/energie_meteo_dag.py for tasks to queue
[2026-04-09T12:09:49.961+0000] {logging_mixin.py:188} INFO - [2026-04-09T12:09:49.960+0000] {dagbag.py:538} INFO - Filling up the DagBag from /opt/airflow/dags/energie_meteo_dag.py
[2026-04-09T12:09:49.972+0000] {processor.py:840} INFO - DAG(s) 'energie_meteo_dag' retrieved from /opt/airflow/dags/energie_meteo_dag.py
[2026-04-09T12:09:49.989+0000] {logging_mixin.py:188} INFO - [2026-04-09T12:09:49.989+0000] {dag.py:3033} INFO - Sync 1 DAGs
[2026-04-09T12:09:50.008+0000] {logging_mixin.py:188} INFO - [2026-04-09T12:09:50.008+0000] {dag.py:3820} INFO - Setting next_dagrun for energie_meteo_dag to 2026-04-09T04:00:00+00:00, run_after=2026-04-10T04:00:00+00:00
[2026-04-09T12:09:50.022+0000] {processor.py:183} INFO - Processing /opt/airflow/dags/energie_meteo_dag.py took 0.068 seconds
[2026-04-09T12:10:20.203+0000] {processor.py:161} INFO - Started process (PID=973) to work on /opt/airflow/dags/energie_meteo_dag.py
[2026-04-09T12:10:20.204+0000] {processor.py:830} INFO - Processing file /opt/airflow/dags/energie_meteo_dag.py for tasks to queue
[2026-04-09T12:10:20.206+0000] {logging_mixin.py:188} INFO - [2026-04-09T12:10:20.206+0000] {dagbag.py:538} INFO - Filling up the DagBag from /opt/airflow/dags/energie_meteo_dag.py
[2026-04-09T12:10:20.218+0000] {processor.py:840} INFO - DAG(s) 'energie_meteo_dag' retrieved from /opt/airflow/dags/energie_meteo_dag.py
[2026-04-09T12:10:20.234+0000] {logging_mixin.py:188} INFO - [2026-04-09T12:10:20.234+0000] {dag.py:3033} INFO - Sync 1 DAGs
[2026-04-09T12:10:20.258+0000] {logging_mixin.py:188} INFO - [2026-04-09T12:10:20.258+0000] {dag.py:3820} INFO - Setting next_dagrun for energie_meteo_dag to 2026-04-09T04:00:00+00:00, run_after=2026-04-10T04:00:00+00:00
[2026-04-09T12:10:20.272+0000] {processor.py:183} INFO - Processing /opt/airflow/dags/energie_meteo_dag.py took 0.072 seconds
[2026-04-09T12:10:50.356+0000] {processor.py:161} INFO - Started process (PID=1034) to work on /opt/airflow/dags/energie_meteo_dag.py
[2026-04-09T12:10:50.357+0000] {processor.py:830} INFO - Processing file /opt/airflow/dags/energie_meteo_dag.py for tasks to queue
[2026-04-09T12:10:50.359+0000] {logging_mixin.py:188} INFO - [2026-04-09T12:10:50.359+0000] {dagbag.py:538} INFO - Filling up the DagBag from /opt/airflow/dags/energie_meteo_dag.py
[2026-04-09T12:10:50.370+0000] {processor.py:840} INFO - DAG(s) 'energie_meteo_dag' retrieved from /opt/airflow/dags/energie_meteo_dag.py
[2026-04-09T12:10:50.387+0000] {logging_mixin.py:188} INFO - [2026-04-09T12:10:50.387+0000] {dag.py:3033} INFO - Sync 1 DAGs
[2026-04-09T12:10:50.407+0000] {logging_mixin.py:188} INFO - [2026-04-09T12:10:50.406+0000] {dag.py:3820} INFO - Setting next_dagrun for energie_meteo_dag to 2026-04-09T04:00:00+00:00, run_after=2026-04-10T04:00:00+00:00
[2026-04-09T12:10:50.421+0000] {processor.py:183} INFO - Processing /opt/airflow/dags/energie_meteo_dag.py took 0.069 seconds
[2026-04-09T12:11:20.847+0000] {processor.py:161} INFO - Started process (PID=1095) to work on /opt/airflow/dags/energie_meteo_dag.py
[2026-04-09T12:11:20.847+0000] {processor.py:830} INFO - Processing file /opt/airflow/dags/energie_meteo_dag.py for tasks to queue
[2026-04-09T12:11:20.849+0000] {logging_mixin.py:188} INFO - [2026-04-09T12:11:20.849+0000] {dagbag.py:538} INFO - Filling up the DagBag from /opt/airflow/dags/energie_meteo_dag.py
[2026-04-09T12:11:20.861+0000] {processor.py:840} INFO - DAG(s) 'energie_meteo_dag' retrieved from /opt/airflow/dags/energie_meteo_dag.py
[2026-04-09T12:11:20.878+0000] {logging_mixin.py:188} INFO - [2026-04-09T12:11:20.878+0000] {dag.py:3033} INFO - Sync 1 DAGs
[2026-04-09T12:11:20.900+0000] {logging_mixin.py:188} INFO - [2026-04-09T12:11:20.900+0000] {dag.py:3820} INFO - Setting next_dagrun for energie_meteo_dag to 2026-04-09T04:00:00+00:00, run_after=2026-04-10T04:00:00+00:00
[2026-04-09T12:11:21.040+0000] {processor.py:183} INFO - Processing /opt/airflow/dags/energie_meteo_dag.py took 0.197 seconds
[2026-04-09T12:11:51.073+0000] {processor.py:161} INFO - Started process (PID=1156) to work on /opt/airflow/dags/energie_meteo_dag.py
[2026-04-09T12:11:51.074+0000] {processor.py:830} INFO - Processing file /opt/airflow/dags/energie_meteo_dag.py for tasks to queue
[2026-04-09T12:11:51.076+0000] {logging_mixin.py:188} INFO - [2026-04-09T12:11:51.076+0000] {dagbag.py:538} INFO - Filling up the DagBag from /opt/airflow/dags/energie_meteo_dag.py
[2026-04-09T12:11:51.088+0000] {processor.py:840} INFO - DAG(s) 'energie_meteo_dag' retrieved from /opt/airflow/dags/energie_meteo_dag.py
[2026-04-09T12:11:51.104+0000] {logging_mixin.py:188} INFO - [2026-04-09T12:11:51.104+0000] {dag.py:3033} INFO - Sync 1 DAGs
[2026-04-09T12:11:51.127+0000] {logging_mixin.py:188} INFO - [2026-04-09T12:11:51.127+0000] {dag.py:3820} INFO - Setting next_dagrun for energie_meteo_dag to 2026-04-09T04:00:00+00:00, run_after=2026-04-10T04:00:00+00:00
[2026-04-09T12:11:51.144+0000] {processor.py:183} INFO - Processing /opt/airflow/dags/energie_meteo_dag.py took 0.074 seconds
[2026-04-09T12:12:21.465+0000] {processor.py:161} INFO - Started process (PID=1217) to work on /opt/airflow/dags/energie_meteo_dag.py
[2026-04-09T12:12:21.466+0000] {processor.py:830} INFO - Processing file /opt/airflow/dags/energie_meteo_dag.py for tasks to queue
[2026-04-09T12:12:21.468+0000] {logging_mixin.py:188} INFO - [2026-04-09T12:12:21.468+0000] {dagbag.py:538} INFO - Filling up the DagBag from /opt/airflow/dags/energie_meteo_dag.py
[2026-04-09T12:12:21.479+0000] {processor.py:840} INFO - DAG(s) 'energie_meteo_dag' retrieved from /opt/airflow/dags/energie_meteo_dag.py
[2026-04-09T12:12:21.496+0000] {logging_mixin.py:188} INFO - [2026-04-09T12:12:21.496+0000] {dag.py:3033} INFO - Sync 1 DAGs
[2026-04-09T12:12:21.516+0000] {logging_mixin.py:188} INFO - [2026-04-09T12:12:21.516+0000] {dag.py:3820} INFO - Setting next_dagrun for energie_meteo_dag to 2026-04-09T04:00:00+00:00, run_after=2026-04-10T04:00:00+00:00
[2026-04-09T12:12:21.531+0000] {processor.py:183} INFO - Processing /opt/airflow/dags/energie_meteo_dag.py took 0.069 seconds
[2026-04-09T12:12:51.899+0000] {processor.py:161} INFO - Started process (PID=1278) to work on /opt/airflow/dags/energie_meteo_dag.py
[2026-04-09T12:12:51.900+0000] {processor.py:830} INFO - Processing file /opt/airflow/dags/energie_meteo_dag.py for tasks to queue
[2026-04-09T12:12:51.902+0000] {logging_mixin.py:188} INFO - [2026-04-09T12:12:51.902+0000] {dagbag.py:538} INFO - Filling up the DagBag from /opt/airflow/dags/energie_meteo_dag.py
[2026-04-09T12:12:51.913+0000] {processor.py:840} INFO - DAG(s) 'energie_meteo_dag' retrieved from /opt/airflow/dags/energie_meteo_dag.py
[2026-04-09T12:12:51.930+0000] {logging_mixin.py:188} INFO - [2026-04-09T12:12:51.930+0000] {dag.py:3033} INFO - Sync 1 DAGs
[2026-04-09T12:12:51.948+0000] {logging_mixin.py:188} INFO - [2026-04-09T12:12:51.948+0000] {dag.py:3820} INFO - Setting next_dagrun for energie_meteo_dag to 2026-04-09T04:00:00+00:00, run_after=2026-04-10T04:00:00+00:00
[2026-04-09T12:12:51.962+0000] {processor.py:183} INFO - Processing /opt/airflow/dags/energie_meteo_dag.py took 0.066 seconds
[2026-04-09T12:13:22.305+0000] {processor.py:161} INFO - Started process (PID=1339) to work on /opt/airflow/dags/energie_meteo_dag.py
[2026-04-09T12:13:22.306+0000] {processor.py:830} INFO - Processing file /opt/airflow/dags/energie_meteo_dag.py for tasks to queue
[2026-04-09T12:13:22.307+0000] {logging_mixin.py:188} INFO - [2026-04-09T12:13:22.307+0000] {dagbag.py:538} INFO - Filling up the DagBag from /opt/airflow/dags/energie_meteo_dag.py
[2026-04-09T12:13:22.317+0000] {processor.py:840} INFO - DAG(s) 'energie_meteo_dag' retrieved from /opt/airflow/dags/energie_meteo_dag.py
[2026-04-09T12:13:22.333+0000] {logging_mixin.py:188} INFO - [2026-04-09T12:13:22.333+0000] {dag.py:3033} INFO - Sync 1 DAGs
[2026-04-09T12:13:22.351+0000] {logging_mixin.py:188} INFO - [2026-04-09T12:13:22.351+0000] {dag.py:3820} INFO - Setting next_dagrun for energie_meteo_dag to 2026-04-09T04:00:00+00:00, run_after=2026-04-10T04:00:00+00:00
[2026-04-09T12:13:22.365+0000] {processor.py:183} INFO - Processing /opt/airflow/dags/energie_meteo_dag.py took 0.065 seconds
[2026-04-09T12:13:53.012+0000] {processor.py:161} INFO - Started process (PID=1400) to work on /opt/airflow/dags/energie_meteo_dag.py
[2026-04-09T12:13:53.013+0000] {processor.py:830} INFO - Processing file /opt/airflow/dags/energie_meteo_dag.py for tasks to queue
[2026-04-09T12:13:53.015+0000] {logging_mixin.py:188} INFO - [2026-04-09T12:13:53.015+0000] {dagbag.py:538} INFO - Filling up the DagBag from /opt/airflow/dags/energie_meteo_dag.py
[2026-04-09T12:13:53.029+0000] {processor.py:840} INFO - DAG(s) 'energie_meteo_dag' retrieved from /opt/airflow/dags/energie_meteo_dag.py
[2026-04-09T12:13:53.067+0000] {logging_mixin.py:188} INFO - [2026-04-09T12:13:53.066+0000] {dag.py:3033} INFO - Sync 1 DAGs
[2026-04-09T12:13:53.097+0000] {logging_mixin.py:188} INFO - [2026-04-09T12:13:53.096+0000] {dag.py:3820} INFO - Setting next_dagrun for energie_meteo_dag to 2026-04-09T04:00:00+00:00, run_after=2026-04-10T04:00:00+00:00
[2026-04-09T12:13:53.264+0000] {processor.py:183} INFO - Processing /opt/airflow/dags/energie_meteo_dag.py took 0.256 seconds
[2026-04-09T12:14:23.917+0000] {processor.py:161} INFO - Started process (PID=1461) to work on /opt/airflow/dags/energie_meteo_dag.py
[2026-04-09T12:14:23.918+0000] {processor.py:830} INFO - Processing file /opt/airflow/dags/energie_meteo_dag.py for tasks to queue
[2026-04-09T12:14:23.919+0000] {logging_mixin.py:188} INFO - [2026-04-09T12:14:23.919+0000] {dagbag.py:538} INFO - Filling up the DagBag from /opt/airflow/dags/energie_meteo_dag.py
[2026-04-09T12:14:23.929+0000] {processor.py:840} INFO - DAG(s) 'energie_meteo_dag' retrieved from /opt/airflow/dags/energie_meteo_dag.py
[2026-04-09T12:14:23.953+0000] {logging_mixin.py:188} INFO - [2026-04-09T12:14:23.953+0000] {dag.py:3033} INFO - Sync 1 DAGs
[2026-04-09T12:14:24.133+0000] {logging_mixin.py:188} INFO - [2026-04-09T12:14:24.133+0000] {dag.py:3820} INFO - Setting next_dagrun for energie_meteo_dag to 2026-04-09T04:00:00+00:00, run_after=2026-04-10T04:00:00+00:00
[2026-04-09T12:14:24.152+0000] {processor.py:183} INFO - Processing /opt/airflow/dags/energie_meteo_dag.py took 0.238 seconds
[2026-04-09T12:14:54.708+0000] {processor.py:161} INFO - Started process (PID=1522) to work on /opt/airflow/dags/energie_meteo_dag.py
[2026-04-09T12:14:54.709+0000] {processor.py:830} INFO - Processing file /opt/airflow/dags/energie_meteo_dag.py for tasks to queue
[2026-04-09T12:14:54.711+0000] {logging_mixin.py:188} INFO - [2026-04-09T12:14:54.711+0000] {dagbag.py:538} INFO - Filling up the DagBag from /opt/airflow/dags/energie_meteo_dag.py
[2026-04-09T12:14:54.721+0000] {processor.py:840} INFO - DAG(s) 'energie_meteo_dag' retrieved from /opt/airflow/dags/energie_meteo_dag.py
[2026-04-09T12:14:54.738+0000] {logging_mixin.py:188} INFO - [2026-04-09T12:14:54.738+0000] {dag.py:3033} INFO - Sync 1 DAGs
[2026-04-09T12:14:54.756+0000] {logging_mixin.py:188} INFO - [2026-04-09T12:14:54.756+0000] {dag.py:3820} INFO - Setting next_dagrun for energie_meteo_dag to 2026-04-09T04:00:00+00:00, run_after=2026-04-10T04:00:00+00:00
[2026-04-09T12:14:54.770+0000] {processor.py:183} INFO - Processing /opt/airflow/dags/energie_meteo_dag.py took 0.064 seconds
[2026-04-09T12:15:25.256+0000] {processor.py:161} INFO - Started process (PID=1583) to work on /opt/airflow/dags/energie_meteo_dag.py
[2026-04-09T12:15:25.257+0000] {processor.py:830} INFO - Processing file /opt/airflow/dags/energie_meteo_dag.py for tasks to queue
[2026-04-09T12:15:25.259+0000] {logging_mixin.py:188} INFO - [2026-04-09T12:15:25.258+0000] {dagbag.py:538} INFO - Filling up the DagBag from /opt/airflow/dags/energie_meteo_dag.py
[2026-04-09T12:15:25.274+0000] {processor.py:840} INFO - DAG(s) 'energie_meteo_dag' retrieved from /opt/airflow/dags/energie_meteo_dag.py
[2026-04-09T12:15:25.296+0000] {logging_mixin.py:188} INFO - [2026-04-09T12:15:25.296+0000] {dag.py:3033} INFO - Sync 1 DAGs
[2026-04-09T12:15:25.323+0000] {logging_mixin.py:188} INFO - [2026-04-09T12:15:25.323+0000] {dag.py:3820} INFO - Setting next_dagrun for energie_meteo_dag to 2026-04-09T04:00:00+00:00, run_after=2026-04-10T04:00:00+00:00
[2026-04-09T12:15:25.342+0000] {processor.py:183} INFO - Processing /opt/airflow/dags/energie_meteo_dag.py took 0.089 seconds
[2026-04-09T12:15:55.388+0000] {processor.py:161} INFO - Started process (PID=1644) to work on /opt/airflow/dags/energie_meteo_dag.py
[2026-04-09T12:15:55.389+0000] {processor.py:830} INFO - Processing file /opt/airflow/dags/energie_meteo_dag.py for tasks to queue
[2026-04-09T12:15:55.391+0000] {logging_mixin.py:188} INFO - [2026-04-09T12:15:55.390+0000] {dagbag.py:538} INFO - Filling up the DagBag from /opt/airflow/dags/energie_meteo_dag.py
[2026-04-09T12:15:55.400+0000] {processor.py:840} INFO - DAG(s) 'energie_meteo_dag' retrieved from /opt/airflow/dags/energie_meteo_dag.py
[2026-04-09T12:15:55.417+0000] {logging_mixin.py:188} INFO - [2026-04-09T12:15:55.417+0000] {dag.py:3033} INFO - Sync 1 DAGs
[2026-04-09T12:15:55.437+0000] {logging_mixin.py:188} INFO - [2026-04-09T12:15:55.437+0000] {dag.py:3820} INFO - Setting next_dagrun for energie_meteo_dag to 2026-04-09T04:00:00+00:00, run_after=2026-04-10T04:00:00+00:00
[2026-04-09T12:15:55.452+0000] {processor.py:183} INFO - Processing /opt/airflow/dags/energie_meteo_dag.py took 0.066 seconds
[2026-04-09T12:16:26.061+0000] {processor.py:161} INFO - Started process (PID=1705) to work on /opt/airflow/dags/energie_meteo_dag.py
[2026-04-09T12:16:26.061+0000] {processor.py:830} INFO - Processing file /opt/airflow/dags/energie_meteo_dag.py for tasks to queue
[2026-04-09T12:16:26.063+0000] {logging_mixin.py:188} INFO - [2026-04-09T12:16:26.063+0000] {dagbag.py:538} INFO - Filling up the DagBag from /opt/airflow/dags/energie_meteo_dag.py
[2026-04-09T12:16:26.074+0000] {processor.py:840} INFO - DAG(s) 'energie_meteo_dag' retrieved from /opt/airflow/dags/energie_meteo_dag.py
[2026-04-09T12:16:26.092+0000] {logging_mixin.py:188} INFO - [2026-04-09T12:16:26.092+0000] {dag.py:3033} INFO - Sync 1 DAGs
[2026-04-09T12:16:26.112+0000] {logging_mixin.py:188} INFO - [2026-04-09T12:16:26.111+0000] {dag.py:3820} INFO - Setting next_dagrun for energie_meteo_dag to 2026-04-09T04:00:00+00:00, run_after=2026-04-10T04:00:00+00:00
[2026-04-09T12:16:26.126+0000] {processor.py:183} INFO - Processing /opt/airflow/dags/energie_meteo_dag.py took 0.069 seconds
[2026-04-09T12:16:56.385+0000] {processor.py:161} INFO - Started process (PID=1766) to work on /opt/airflow/dags/energie_meteo_dag.py
[2026-04-09T12:16:56.385+0000] {processor.py:830} INFO - Processing file /opt/airflow/dags/energie_meteo_dag.py for tasks to queue
[2026-04-09T12:16:56.387+0000] {logging_mixin.py:188} INFO - [2026-04-09T12:16:56.387+0000] {dagbag.py:538} INFO - Filling up the DagBag from /opt/airflow/dags/energie_meteo_dag.py
[2026-04-09T12:16:56.397+0000] {processor.py:840} INFO - DAG(s) 'energie_meteo_dag' retrieved from /opt/airflow/dags/energie_meteo_dag.py
[2026-04-09T12:16:56.414+0000] {logging_mixin.py:188} INFO - [2026-04-09T12:16:56.414+0000] {dag.py:3033} INFO - Sync 1 DAGs
[2026-04-09T12:16:56.433+0000] {logging_mixin.py:188} INFO - [2026-04-09T12:16:56.433+0000] {dag.py:3820} INFO - Setting next_dagrun for energie_meteo_dag to 2026-04-09T04:00:00+00:00, run_after=2026-04-10T04:00:00+00:00
[2026-04-09T12:16:56.447+0000] {processor.py:183} INFO - Processing /opt/airflow/dags/energie_meteo_dag.py took 0.065 seconds
[2026-04-09T12:17:26.606+0000] {processor.py:161} INFO - Started process (PID=1827) to work on /opt/airflow/dags/energie_meteo_dag.py
[2026-04-09T12:17:26.607+0000] {processor.py:830} INFO - Processing file /opt/airflow/dags/energie_meteo_dag.py for tasks to queue
[2026-04-09T12:17:26.609+0000] {logging_mixin.py:188} INFO - [2026-04-09T12:17:26.608+0000] {dagbag.py:538} INFO - Filling up the DagBag from /opt/airflow/dags/energie_meteo_dag.py
[2026-04-09T12:17:26.620+0000] {processor.py:840} INFO - DAG(s) 'energie_meteo_dag' retrieved from /opt/airflow/dags/energie_meteo_dag.py
[2026-04-09T12:17:26.639+0000] {logging_mixin.py:188} INFO - [2026-04-09T12:17:26.638+0000] {dag.py:3033} INFO - Sync 1 DAGs
[2026-04-09T12:17:26.658+0000] {logging_mixin.py:188} INFO - [2026-04-09T12:17:26.658+0000] {dag.py:3820} INFO - Setting next_dagrun for energie_meteo_dag to 2026-04-09T04:00:00+00:00, run_after=2026-04-10T04:00:00+00:00
[2026-04-09T12:17:26.672+0000] {processor.py:183} INFO - Processing /opt/airflow/dags/energie_meteo_dag.py took 0.068 seconds
[2026-04-09T12:17:57.059+0000] {processor.py:161} INFO - Started process (PID=1888) to work on /opt/airflow/dags/energie_meteo_dag.py
[2026-04-09T12:17:57.060+0000] {processor.py:830} INFO - Processing file /opt/airflow/dags/energie_meteo_dag.py for tasks to queue
[2026-04-09T12:17:57.062+0000] {logging_mixin.py:188} INFO - [2026-04-09T12:17:57.062+0000] {dagbag.py:538} INFO - Filling up the DagBag from /opt/airflow/dags/energie_meteo_dag.py
[2026-04-09T12:17:57.071+0000] {processor.py:840} INFO - DAG(s) 'energie_meteo_dag' retrieved from /opt/airflow/dags/energie_meteo_dag.py
[2026-04-09T12:17:57.088+0000] {logging_mixin.py:188} INFO - [2026-04-09T12:17:57.087+0000] {dag.py:3033} INFO - Sync 1 DAGs
[2026-04-09T12:17:57.105+0000] {logging_mixin.py:188} INFO - [2026-04-09T12:17:57.105+0000] {dag.py:3820} INFO - Setting next_dagrun for energie_meteo_dag to 2026-04-09T04:00:00+00:00, run_after=2026-04-10T04:00:00+00:00
[2026-04-09T12:17:57.119+0000] {processor.py:183} INFO - Processing /opt/airflow/dags/energie_meteo_dag.py took 0.062 seconds
[2026-04-09T12:18:27.515+0000] {processor.py:161} INFO - Started process (PID=1949) to work on /opt/airflow/dags/energie_meteo_dag.py
[2026-04-09T12:18:27.515+0000] {processor.py:830} INFO - Processing file /opt/airflow/dags/energie_meteo_dag.py for tasks to queue
[2026-04-09T12:18:27.517+0000] {logging_mixin.py:188} INFO - [2026-04-09T12:18:27.517+0000] {dagbag.py:538} INFO - Filling up the DagBag from /opt/airflow/dags/energie_meteo_dag.py
[2026-04-09T12:18:27.531+0000] {processor.py:840} INFO - DAG(s) 'energie_meteo_dag' retrieved from /opt/airflow/dags/energie_meteo_dag.py
[2026-04-09T12:18:27.548+0000] {logging_mixin.py:188} INFO - [2026-04-09T12:18:27.548+0000] {dag.py:3033} INFO - Sync 1 DAGs
[2026-04-09T12:18:27.567+0000] {logging_mixin.py:188} INFO - [2026-04-09T12:18:27.567+0000] {dag.py:3820} INFO - Setting next_dagrun for energie_meteo_dag to 2026-04-09T04:00:00+00:00, run_after=2026-04-10T04:00:00+00:00
[2026-04-09T12:18:27.583+0000] {processor.py:183} INFO - Processing /opt/airflow/dags/energie_meteo_dag.py took 0.071 seconds
[2026-04-09T12:18:57.981+0000] {processor.py:161} INFO - Started process (PID=2010) to work on /opt/airflow/dags/energie_meteo_dag.py
[2026-04-09T12:18:57.982+0000] {processor.py:830} INFO - Processing file /opt/airflow/dags/energie_meteo_dag.py for tasks to queue
[2026-04-09T12:18:57.984+0000] {logging_mixin.py:188} INFO - [2026-04-09T12:18:57.984+0000] {dagbag.py:538} INFO - Filling up the DagBag from /opt/airflow/dags/energie_meteo_dag.py
[2026-04-09T12:18:57.993+0000] {processor.py:840} INFO - DAG(s) 'energie_meteo_dag' retrieved from /opt/airflow/dags/energie_meteo_dag.py
[2026-04-09T12:18:58.012+0000] {logging_mixin.py:188} INFO - [2026-04-09T12:18:58.011+0000] {dag.py:3033} INFO - Sync 1 DAGs
[2026-04-09T12:18:58.029+0000] {logging_mixin.py:188} INFO - [2026-04-09T12:18:58.029+0000] {dag.py:3820} INFO - Setting next_dagrun for energie_meteo_dag to 2026-04-09T04:00:00+00:00, run_after=2026-04-10T04:00:00+00:00
[2026-04-09T12:18:58.044+0000] {processor.py:183} INFO - Processing /opt/airflow/dags/energie_meteo_dag.py took 0.065 seconds
[2026-04-09T12:19:28.770+0000] {processor.py:161} INFO - Started process (PID=2071) to work on /opt/airflow/dags/energie_meteo_dag.py
[2026-04-09T12:19:28.771+0000] {processor.py:830} INFO - Processing file /opt/airflow/dags/energie_meteo_dag.py for tasks to queue
[2026-04-09T12:19:28.772+0000] {logging_mixin.py:188} INFO - [2026-04-09T12:19:28.772+0000] {dagbag.py:538} INFO - Filling up the DagBag from /opt/airflow/dags/energie_meteo_dag.py
[2026-04-09T12:19:28.782+0000] {processor.py:840} INFO - DAG(s) 'energie_meteo_dag' retrieved from /opt/airflow/dags/energie_meteo_dag.py
[2026-04-09T12:19:28.798+0000] {logging_mixin.py:188} INFO - [2026-04-09T12:19:28.798+0000] {dag.py:3033} INFO - Sync 1 DAGs
[2026-04-09T12:19:28.816+0000] {logging_mixin.py:188} INFO - [2026-04-09T12:19:28.816+0000] {dag.py:3820} INFO - Setting next_dagrun for energie_meteo_dag to 2026-04-09T04:00:00+00:00, run_after=2026-04-10T04:00:00+00:00
[2026-04-09T12:19:28.830+0000] {processor.py:183} INFO - Processing /opt/airflow/dags/energie_meteo_dag.py took 0.063 seconds
[2026-04-09T12:19:59.036+0000] {processor.py:161} INFO - Started process (PID=2132) to work on /opt/airflow/dags/energie_meteo_dag.py
[2026-04-09T12:19:59.036+0000] {processor.py:830} INFO - Processing file /opt/airflow/dags/energie_meteo_dag.py for tasks to queue
[2026-04-09T12:19:59.038+0000] {logging_mixin.py:188} INFO - [2026-04-09T12:19:59.038+0000] {dagbag.py:538} INFO - Filling up the DagBag from /opt/airflow/dags/energie_meteo_dag.py
[2026-04-09T12:19:59.047+0000] {processor.py:840} INFO - DAG(s) 'energie_meteo_dag' retrieved from /opt/airflow/dags/energie_meteo_dag.py
[2026-04-09T12:19:59.064+0000] {logging_mixin.py:188} INFO - [2026-04-09T12:19:59.063+0000] {dag.py:3033} INFO - Sync 1 DAGs
[2026-04-09T12:19:59.082+0000] {logging_mixin.py:188} INFO - [2026-04-09T12:19:59.082+0000] {dag.py:3820} INFO - Setting next_dagrun for energie_meteo_dag to 2026-04-09T04:00:00+00:00, run_after=2026-04-10T04:00:00+00:00
[2026-04-09T12:19:59.095+0000] {processor.py:183} INFO - Processing /opt/airflow/dags/energie_meteo_dag.py took 0.062 seconds
[2026-04-09T12:20:29.262+0000] {processor.py:161} INFO - Started process (PID=2193) to work on /opt/airflow/dags/energie_meteo_dag.py
[2026-04-09T12:20:29.263+0000] {processor.py:830} INFO - Processing file /opt/airflow/dags/energie_meteo_dag.py for tasks to queue
[2026-04-09T12:20:29.265+0000] {logging_mixin.py:188} INFO - [2026-04-09T12:20:29.264+0000] {dagbag.py:538} INFO - Filling up the DagBag from /opt/airflow/dags/energie_meteo_dag.py
[2026-04-09T12:20:29.274+0000] {processor.py:840} INFO - DAG(s) 'energie_meteo_dag' retrieved from /opt/airflow/dags/energie_meteo_dag.py
[2026-04-09T12:20:29.293+0000] {logging_mixin.py:188} INFO - [2026-04-09T12:20:29.292+0000] {dag.py:3033} INFO - Sync 1 DAGs
[2026-04-09T12:20:29.316+0000] {logging_mixin.py:188} INFO - [2026-04-09T12:20:29.316+0000] {dag.py:3820} INFO - Setting next_dagrun for energie_meteo_dag to 2026-04-09T04:00:00+00:00, run_after=2026-04-10T04:00:00+00:00
[2026-04-09T12:20:29.330+0000] {processor.py:183} INFO - Processing /opt/airflow/dags/energie_meteo_dag.py took 0.070 seconds
[2026-04-09T12:20:59.352+0000] {processor.py:161} INFO - Started process (PID=2255) to work on /opt/airflow/dags/energie_meteo_dag.py
[2026-04-09T12:20:59.353+0000] {processor.py:830} INFO - Processing file /opt/airflow/dags/energie_meteo_dag.py for tasks to queue
[2026-04-09T12:20:59.354+0000] {logging_mixin.py:188} INFO - [2026-04-09T12:20:59.354+0000] {dagbag.py:538} INFO - Filling up the DagBag from /opt/airflow/dags/energie_meteo_dag.py
[2026-04-09T12:20:59.364+0000] {processor.py:840} INFO - DAG(s) 'energie_meteo_dag' retrieved from /opt/airflow/dags/energie_meteo_dag.py
[2026-04-09T12:20:59.380+0000] {logging_mixin.py:188} INFO - [2026-04-09T12:20:59.380+0000] {dag.py:3033} INFO - Sync 1 DAGs
[2026-04-09T12:20:59.398+0000] {logging_mixin.py:188} INFO - [2026-04-09T12:20:59.398+0000] {dag.py:3820} INFO - Setting next_dagrun for energie_meteo_dag to 2026-04-09T04:00:00+00:00, run_after=2026-04-10T04:00:00+00:00
[2026-04-09T12:20:59.412+0000] {processor.py:183} INFO - Processing /opt/airflow/dags/energie_meteo_dag.py took 0.062 seconds
[2026-04-09T12:21:29.454+0000] {processor.py:161} INFO - Started process (PID=2315) to work on /opt/airflow/dags/energie_meteo_dag.py
[2026-04-09T12:21:29.455+0000] {processor.py:830} INFO - Processing file /opt/airflow/dags/energie_meteo_dag.py for tasks to queue
[2026-04-09T12:21:29.456+0000] {logging_mixin.py:188} INFO - [2026-04-09T12:21:29.456+0000] {dagbag.py:538} INFO - Filling up the DagBag from /opt/airflow/dags/energie_meteo_dag.py
[2026-04-09T12:21:29.466+0000] {processor.py:840} INFO - DAG(s) 'energie_meteo_dag' retrieved from /opt/airflow/dags/energie_meteo_dag.py
[2026-04-09T12:21:29.482+0000] {logging_mixin.py:188} INFO - [2026-04-09T12:21:29.482+0000] {dag.py:3033} INFO - Sync 1 DAGs
[2026-04-09T12:21:29.500+0000] {logging_mixin.py:188} INFO - [2026-04-09T12:21:29.500+0000] {dag.py:3820} INFO - Setting next_dagrun for energie_meteo_dag to 2026-04-09T04:00:00+00:00, run_after=2026-04-10T04:00:00+00:00
[2026-04-09T12:21:29.514+0000] {processor.py:183} INFO - Processing /opt/airflow/dags/energie_meteo_dag.py took 0.062 seconds
[2026-04-09T12:21:59.680+0000] {processor.py:161} INFO - Started process (PID=2376) to work on /opt/airflow/dags/energie_meteo_dag.py
[2026-04-09T12:21:59.681+0000] {processor.py:830} INFO - Processing file /opt/airflow/dags/energie_meteo_dag.py for tasks to queue
[2026-04-09T12:21:59.682+0000] {logging_mixin.py:188} INFO - [2026-04-09T12:21:59.682+0000] {dagbag.py:538} INFO - Filling up the DagBag from /opt/airflow/dags/energie_meteo_dag.py
[2026-04-09T12:21:59.692+0000] {processor.py:840} INFO - DAG(s) 'energie_meteo_dag' retrieved from /opt/airflow/dags/energie_meteo_dag.py
[2026-04-09T12:21:59.708+0000] {logging_mixin.py:188} INFO - [2026-04-09T12:21:59.708+0000] {dag.py:3033} INFO - Sync 1 DAGs
[2026-04-09T12:21:59.727+0000] {logging_mixin.py:188} INFO - [2026-04-09T12:21:59.727+0000] {dag.py:3820} INFO - Setting next_dagrun for energie_meteo_dag to 2026-04-09T04:00:00+00:00, run_after=2026-04-10T04:00:00+00:00
[2026-04-09T12:21:59.742+0000] {processor.py:183} INFO - Processing /opt/airflow/dags/energie_meteo_dag.py took 0.064 seconds
[2026-04-09T12:22:29.822+0000] {processor.py:161} INFO - Started process (PID=2437) to work on /opt/airflow/dags/energie_meteo_dag.py
[2026-04-09T12:22:29.823+0000] {processor.py:830} INFO - Processing file /opt/airflow/dags/energie_meteo_dag.py for tasks to queue
[2026-04-09T12:22:29.825+0000] {logging_mixin.py:188} INFO - [2026-04-09T12:22:29.824+0000] {dagbag.py:538} INFO - Filling up the DagBag from /opt/airflow/dags/energie_meteo_dag.py
[2026-04-09T12:22:29.841+0000] {processor.py:840} INFO - DAG(s) 'energie_meteo_dag' retrieved from /opt/airflow/dags/energie_meteo_dag.py
[2026-04-09T12:22:29.864+0000] {logging_mixin.py:188} INFO - [2026-04-09T12:22:29.864+0000] {dag.py:3033} INFO - Sync 1 DAGs
[2026-04-09T12:22:29.896+0000] {logging_mixin.py:188} INFO - [2026-04-09T12:22:29.895+0000] {dag.py:3820} INFO - Setting next_dagrun for energie_meteo_dag to 2026-04-09T04:00:00+00:00, run_after=2026-04-10T04:00:00+00:00
[2026-04-09T12:22:29.929+0000] {processor.py:183} INFO - Processing /opt/airflow/dags/energie_meteo_dag.py took 0.111 seconds
[2026-04-09T12:23:00.073+0000] {processor.py:161} INFO - Started process (PID=2498) to work on /opt/airflow/dags/energie_meteo_dag.py
[2026-04-09T12:23:00.074+0000] {processor.py:830} INFO - Processing file /opt/airflow/dags/energie_meteo_dag.py for tasks to queue
[2026-04-09T12:23:00.075+0000] {logging_mixin.py:188} INFO - [2026-04-09T12:23:00.075+0000] {dagbag.py:538} INFO - Filling up the DagBag from /opt/airflow/dags/energie_meteo_dag.py
[2026-04-09T12:23:00.085+0000] {processor.py:840} INFO - DAG(s) 'energie_meteo_dag' retrieved from /opt/airflow/dags/energie_meteo_dag.py
[2026-04-09T12:23:00.102+0000] {logging_mixin.py:188} INFO - [2026-04-09T12:23:00.102+0000] {dag.py:3033} INFO - Sync 1 DAGs
[2026-04-09T12:23:00.120+0000] {logging_mixin.py:188} INFO - [2026-04-09T12:23:00.120+0000] {dag.py:3820} INFO - Setting next_dagrun for energie_meteo_dag to 2026-04-09T04:00:00+00:00, run_after=2026-04-10T04:00:00+00:00
[2026-04-09T12:23:00.133+0000] {processor.py:183} INFO - Processing /opt/airflow/dags/energie_meteo_dag.py took 0.063 seconds
[2026-04-09T12:23:30.467+0000] {processor.py:161} INFO - Started process (PID=2559) to work on /opt/airflow/dags/energie_meteo_dag.py
[2026-04-09T12:23:30.467+0000] {processor.py:830} INFO - Processing file /opt/airflow/dags/energie_meteo_dag.py for tasks to queue
[2026-04-09T12:23:30.469+0000] {logging_mixin.py:188} INFO - [2026-04-09T12:23:30.469+0000] {dagbag.py:538} INFO - Filling up the DagBag from /opt/airflow/dags/energie_meteo_dag.py
[2026-04-09T12:23:30.479+0000] {processor.py:840} INFO - DAG(s) 'energie_meteo_dag' retrieved from /opt/airflow/dags/energie_meteo_dag.py
[2026-04-09T12:23:30.495+0000] {logging_mixin.py:188} INFO - [2026-04-09T12:23:30.495+0000] {dag.py:3033} INFO - Sync 1 DAGs
[2026-04-09T12:23:30.514+0000] {logging_mixin.py:188} INFO - [2026-04-09T12:23:30.513+0000] {dag.py:3820} INFO - Setting next_dagrun for energie_meteo_dag to 2026-04-09T04:00:00+00:00, run_after=2026-04-10T04:00:00+00:00
[2026-04-09T12:23:30.529+0000] {processor.py:183} INFO - Processing /opt/airflow/dags/energie_meteo_dag.py took 0.065 seconds
[2026-04-09T12:24:00.786+0000] {processor.py:161} INFO - Started process (PID=2620) to work on /opt/airflow/dags/energie_meteo_dag.py
[2026-04-09T12:24:00.786+0000] {processor.py:830} INFO - Processing file /opt/airflow/dags/energie_meteo_dag.py for tasks to queue
[2026-04-09T12:24:00.788+0000] {logging_mixin.py:188} INFO - [2026-04-09T12:24:00.788+0000] {dagbag.py:538} INFO - Filling up the DagBag from /opt/airflow/dags/energie_meteo_dag.py
[2026-04-09T12:24:00.798+0000] {processor.py:840} INFO - DAG(s) 'energie_meteo_dag' retrieved from /opt/airflow/dags/energie_meteo_dag.py
[2026-04-09T12:24:00.814+0000] {logging_mixin.py:188} INFO - [2026-04-09T12:24:00.814+0000] {dag.py:3033} INFO - Sync 1 DAGs
[2026-04-09T12:24:00.832+0000] {logging_mixin.py:188} INFO - [2026-04-09T12:24:00.832+0000] {dag.py:3820} INFO - Setting next_dagrun for energie_meteo_dag to 2026-04-09T04:00:00+00:00, run_after=2026-04-10T04:00:00+00:00
[2026-04-09T12:24:00.845+0000] {processor.py:183} INFO - Processing /opt/airflow/dags/energie_meteo_dag.py took 0.062 seconds
[2026-04-09T12:24:31.047+0000] {processor.py:161} INFO - Started process (PID=2681) to work on /opt/airflow/dags/energie_meteo_dag.py
[2026-04-09T12:24:31.048+0000] {processor.py:830} INFO - Processing file /opt/airflow/dags/energie_meteo_dag.py for tasks to queue
[2026-04-09T12:24:31.050+0000] {logging_mixin.py:188} INFO - [2026-04-09T12:24:31.050+0000] {dagbag.py:538} INFO - Filling up the DagBag from /opt/airflow/dags/energie_meteo_dag.py
[2026-04-09T12:24:31.066+0000] {processor.py:840} INFO - DAG(s) 'energie_meteo_dag' retrieved from /opt/airflow/dags/energie_meteo_dag.py
[2026-04-09T12:24:31.092+0000] {logging_mixin.py:188} INFO - [2026-04-09T12:24:31.091+0000] {dag.py:3033} INFO - Sync 1 DAGs
[2026-04-09T12:24:31.120+0000] {logging_mixin.py:188} INFO - [2026-04-09T12:24:31.119+0000] {dag.py:3820} INFO - Setting next_dagrun for energie_meteo_dag to 2026-04-09T04:00:00+00:00, run_after=2026-04-10T04:00:00+00:00
[2026-04-09T12:24:31.139+0000] {processor.py:183} INFO - Processing /opt/airflow/dags/energie_meteo_dag.py took 0.095 seconds
[2026-04-09T12:25:01.228+0000] {processor.py:161} INFO - Started process (PID=2742) to work on /opt/airflow/dags/energie_meteo_dag.py
[2026-04-09T12:25:01.228+0000] {processor.py:830} INFO - Processing file /opt/airflow/dags/energie_meteo_dag.py for tasks to queue
[2026-04-09T12:25:01.230+0000] {logging_mixin.py:188} INFO - [2026-04-09T12:25:01.230+0000] {dagbag.py:538} INFO - Filling up the DagBag from /opt/airflow/dags/energie_meteo_dag.py
[2026-04-09T12:25:01.240+0000] {processor.py:840} INFO - DAG(s) 'energie_meteo_dag' retrieved from /opt/airflow/dags/energie_meteo_dag.py
[2026-04-09T12:25:01.256+0000] {logging_mixin.py:188} INFO - [2026-04-09T12:25:01.256+0000] {dag.py:3033} INFO - Sync 1 DAGs
[2026-04-09T12:25:01.275+0000] {logging_mixin.py:188} INFO - [2026-04-09T12:25:01.275+0000] {dag.py:3820} INFO - Setting next_dagrun for energie_meteo_dag to 2026-04-09T04:00:00+00:00, run_after=2026-04-10T04:00:00+00:00
[2026-04-09T12:25:01.290+0000] {processor.py:183} INFO - Processing /opt/airflow/dags/energie_meteo_dag.py took 0.065 seconds
[2026-04-09T12:25:31.519+0000] {processor.py:161} INFO - Started process (PID=2803) to work on /opt/airflow/dags/energie_meteo_dag.py
[2026-04-09T12:25:31.520+0000] {processor.py:830} INFO - Processing file /opt/airflow/dags/energie_meteo_dag.py for tasks to queue
[2026-04-09T12:25:31.521+0000] {logging_mixin.py:188} INFO - [2026-04-09T12:25:31.521+0000] {dagbag.py:538} INFO - Filling up the DagBag from /opt/airflow/dags/energie_meteo_dag.py
[2026-04-09T12:25:31.531+0000] {processor.py:840} INFO - DAG(s) 'energie_meteo_dag' retrieved from /opt/airflow/dags/energie_meteo_dag.py
[2026-04-09T12:25:31.547+0000] {logging_mixin.py:188} INFO - [2026-04-09T12:25:31.547+0000] {dag.py:3033} INFO - Sync 1 DAGs
[2026-04-09T12:25:31.567+0000] {logging_mixin.py:188} INFO - [2026-04-09T12:25:31.567+0000] {dag.py:3820} INFO - Setting next_dagrun for energie_meteo_dag to 2026-04-09T04:00:00+00:00, run_after=2026-04-10T04:00:00+00:00
[2026-04-09T12:25:31.581+0000] {processor.py:183} INFO - Processing /opt/airflow/dags/energie_meteo_dag.py took 0.065 seconds
[2026-04-09T12:26:02.046+0000] {processor.py:161} INFO - Started process (PID=2864) to work on /opt/airflow/dags/energie_meteo_dag.py
[2026-04-09T12:26:02.046+0000] {processor.py:830} INFO - Processing file /opt/airflow/dags/energie_meteo_dag.py for tasks to queue
[2026-04-09T12:26:02.048+0000] {logging_mixin.py:188} INFO - [2026-04-09T12:26:02.048+0000] {dagbag.py:538} INFO - Filling up the DagBag from /opt/airflow/dags/energie_meteo_dag.py
[2026-04-09T12:26:02.058+0000] {processor.py:840} INFO - DAG(s) 'energie_meteo_dag' retrieved from /opt/airflow/dags/energie_meteo_dag.py
[2026-04-09T12:26:02.075+0000] {logging_mixin.py:188} INFO - [2026-04-09T12:26:02.075+0000] {dag.py:3033} INFO - Sync 1 DAGs
[2026-04-09T12:26:02.095+0000] {logging_mixin.py:188} INFO - [2026-04-09T12:26:02.095+0000] {dag.py:3820} INFO - Setting next_dagrun for energie_meteo_dag to 2026-04-09T04:00:00+00:00, run_after=2026-04-10T04:00:00+00:00
[2026-04-09T12:26:02.110+0000] {processor.py:183} INFO - Processing /opt/airflow/dags/energie_meteo_dag.py took 0.067 seconds
[2026-04-09T12:26:32.821+0000] {processor.py:161} INFO - Started process (PID=2931) to work on /opt/airflow/dags/energie_meteo_dag.py
[2026-04-09T12:26:32.822+0000] {processor.py:830} INFO - Processing file /opt/airflow/dags/energie_meteo_dag.py for tasks to queue
[2026-04-09T12:26:32.824+0000] {logging_mixin.py:188} INFO - [2026-04-09T12:26:32.824+0000] {dagbag.py:538} INFO - Filling up the DagBag from /opt/airflow/dags/energie_meteo_dag.py
[2026-04-09T12:26:32.834+0000] {processor.py:840} INFO - DAG(s) 'energie_meteo_dag' retrieved from /opt/airflow/dags/energie_meteo_dag.py
[2026-04-09T12:26:32.850+0000] {logging_mixin.py:188} INFO - [2026-04-09T12:26:32.850+0000] {dag.py:3033} INFO - Sync 1 DAGs
[2026-04-09T12:26:32.869+0000] {logging_mixin.py:188} INFO - [2026-04-09T12:26:32.869+0000] {dag.py:3820} INFO - Setting next_dagrun for energie_meteo_dag to 2026-04-09T04:00:00+00:00, run_after=2026-04-10T04:00:00+00:00
[2026-04-09T12:26:32.883+0000] {processor.py:183} INFO - Processing /opt/airflow/dags/energie_meteo_dag.py took 0.064 seconds
[2026-04-09T12:27:03.481+0000] {processor.py:161} INFO - Started process (PID=2992) to work on /opt/airflow/dags/energie_meteo_dag.py
[2026-04-09T12:27:03.482+0000] {processor.py:830} INFO - Processing file /opt/airflow/dags/energie_meteo_dag.py for tasks to queue
[2026-04-09T12:27:03.483+0000] {logging_mixin.py:188} INFO - [2026-04-09T12:27:03.483+0000] {dagbag.py:538} INFO - Filling up the DagBag from /opt/airflow/dags/energie_meteo_dag.py
[2026-04-09T12:27:03.493+0000] {processor.py:840} INFO - DAG(s) 'energie_meteo_dag' retrieved from /opt/airflow/dags/energie_meteo_dag.py
[2026-04-09T12:27:03.509+0000] {logging_mixin.py:188} INFO - [2026-04-09T12:27:03.509+0000] {dag.py:3033} INFO - Sync 1 DAGs
[2026-04-09T12:27:03.528+0000] {logging_mixin.py:188} INFO - [2026-04-09T12:27:03.528+0000] {dag.py:3820} INFO - Setting next_dagrun for energie_meteo_dag to 2026-04-09T04:00:00+00:00, run_after=2026-04-10T04:00:00+00:00
[2026-04-09T12:27:03.542+0000] {processor.py:183} INFO - Processing /opt/airflow/dags/energie_meteo_dag.py took 0.064 seconds
[2026-04-09T12:27:33.763+0000] {processor.py:161} INFO - Started process (PID=3053) to work on /opt/airflow/dags/energie_meteo_dag.py
[2026-04-09T12:27:33.764+0000] {processor.py:830} INFO - Processing file /opt/airflow/dags/energie_meteo_dag.py for tasks to queue
[2026-04-09T12:27:33.766+0000] {logging_mixin.py:188} INFO - [2026-04-09T12:27:33.766+0000] {dagbag.py:538} INFO - Filling up the DagBag from /opt/airflow/dags/energie_meteo_dag.py
[2026-04-09T12:27:33.775+0000] {processor.py:840} INFO - DAG(s) 'energie_meteo_dag' retrieved from /opt/airflow/dags/energie_meteo_dag.py
[2026-04-09T12:27:33.791+0000] {logging_mixin.py:188} INFO - [2026-04-09T12:27:33.791+0000] {dag.py:3033} INFO - Sync 1 DAGs
[2026-04-09T12:27:33.810+0000] {logging_mixin.py:188} INFO - [2026-04-09T12:27:33.809+0000] {dag.py:3820} INFO - Setting next_dagrun for energie_meteo_dag to 2026-04-09T04:00:00+00:00, run_after=2026-04-10T04:00:00+00:00
[2026-04-09T12:27:33.823+0000] {processor.py:183} INFO - Processing /opt/airflow/dags/energie_meteo_dag.py took 0.062 seconds
[2026-04-09T12:28:03.852+0000] {processor.py:161} INFO - Started process (PID=3112) to work on /opt/airflow/dags/energie_meteo_dag.py
[2026-04-09T12:28:03.852+0000] {processor.py:830} INFO - Processing file /opt/airflow/dags/energie_meteo_dag.py for tasks to queue
[2026-04-09T12:28:03.855+0000] {logging_mixin.py:188} INFO - [2026-04-09T12:28:03.854+0000] {dagbag.py:538} INFO - Filling up the DagBag from /opt/airflow/dags/energie_meteo_dag.py
[2026-04-09T12:28:03.870+0000] {processor.py:840} INFO - DAG(s) 'energie_meteo_dag' retrieved from /opt/airflow/dags/energie_meteo_dag.py
[2026-04-09T12:28:03.893+0000] {logging_mixin.py:188} INFO - [2026-04-09T12:28:03.893+0000] {dag.py:3033} INFO - Sync 1 DAGs
[2026-04-09T12:28:03.920+0000] {logging_mixin.py:188} INFO - [2026-04-09T12:28:03.920+0000] {dag.py:3820} INFO - Setting next_dagrun for energie_meteo_dag to 2026-04-09T04:00:00+00:00, run_after=2026-04-10T04:00:00+00:00
[2026-04-09T12:28:03.940+0000] {processor.py:183} INFO - Processing /opt/airflow/dags/energie_meteo_dag.py took 0.091 seconds
[2026-04-09T12:28:33.963+0000] {processor.py:161} INFO - Started process (PID=3173) to work on /opt/airflow/dags/energie_meteo_dag.py
[2026-04-09T12:28:33.964+0000] {processor.py:830} INFO - Processing file /opt/airflow/dags/energie_meteo_dag.py for tasks to queue
[2026-04-09T12:28:33.966+0000] {logging_mixin.py:188} INFO - [2026-04-09T12:28:33.965+0000] {dagbag.py:538} INFO - Filling up the DagBag from /opt/airflow/dags/energie_meteo_dag.py
[2026-04-09T12:28:33.976+0000] {processor.py:840} INFO - DAG(s) 'energie_meteo_dag' retrieved from /opt/airflow/dags/energie_meteo_dag.py
[2026-04-09T12:28:33.993+0000] {logging_mixin.py:188} INFO - [2026-04-09T12:28:33.993+0000] {dag.py:3033} INFO - Sync 1 DAGs
[2026-04-09T12:28:34.012+0000] {logging_mixin.py:188} INFO - [2026-04-09T12:28:34.012+0000] {dag.py:3820} INFO - Setting next_dagrun for energie_meteo_dag to 2026-04-09T04:00:00+00:00, run_after=2026-04-10T04:00:00+00:00
[2026-04-09T12:28:34.027+0000] {processor.py:183} INFO - Processing /opt/airflow/dags/energie_meteo_dag.py took 0.067 seconds
[2026-04-09T12:29:04.549+0000] {processor.py:161} INFO - Started process (PID=3234) to work on /opt/airflow/dags/energie_meteo_dag.py
[2026-04-09T12:29:04.550+0000] {processor.py:830} INFO - Processing file /opt/airflow/dags/energie_meteo_dag.py for tasks to queue
[2026-04-09T12:29:04.551+0000] {logging_mixin.py:188} INFO - [2026-04-09T12:29:04.551+0000] {dagbag.py:538} INFO - Filling up the DagBag from /opt/airflow/dags/energie_meteo_dag.py
[2026-04-09T12:29:04.561+0000] {processor.py:840} INFO - DAG(s) 'energie_meteo_dag' retrieved from /opt/airflow/dags/energie_meteo_dag.py
[2026-04-09T12:29:04.580+0000] {logging_mixin.py:188} INFO - [2026-04-09T12:29:04.580+0000] {dag.py:3033} INFO - Sync 1 DAGs
[2026-04-09T12:29:04.601+0000] {logging_mixin.py:188} INFO - [2026-04-09T12:29:04.601+0000] {dag.py:3820} INFO - Setting next_dagrun for energie_meteo_dag to 2026-04-09T04:00:00+00:00, run_after=2026-04-10T04:00:00+00:00
[2026-04-09T12:29:04.614+0000] {processor.py:183} INFO - Processing /opt/airflow/dags/energie_meteo_dag.py took 0.068 seconds
[2026-04-09T12:29:35.568+0000] {processor.py:161} INFO - Started process (PID=3295) to work on /opt/airflow/dags/energie_meteo_dag.py
[2026-04-09T12:29:35.569+0000] {processor.py:830} INFO - Processing file /opt/airflow/dags/energie_meteo_dag.py for tasks to queue
[2026-04-09T12:29:35.570+0000] {logging_mixin.py:188} INFO - [2026-04-09T12:29:35.570+0000] {dagbag.py:538} INFO - Filling up the DagBag from /opt/airflow/dags/energie_meteo_dag.py
[2026-04-09T12:29:35.580+0000] {processor.py:840} INFO - DAG(s) 'energie_meteo_dag' retrieved from /opt/airflow/dags/energie_meteo_dag.py
[2026-04-09T12:29:35.596+0000] {logging_mixin.py:188} INFO - [2026-04-09T12:29:35.596+0000] {dag.py:3033} INFO - Sync 1 DAGs
[2026-04-09T12:29:35.615+0000] {logging_mixin.py:188} INFO - [2026-04-09T12:29:35.615+0000] {dag.py:3820} INFO - Setting next_dagrun for energie_meteo_dag to 2026-04-09T04:00:00+00:00, run_after=2026-04-10T04:00:00+00:00
[2026-04-09T12:29:35.629+0000] {processor.py:183} INFO - Processing /opt/airflow/dags/energie_meteo_dag.py took 0.064 seconds
[2026-04-09T12:30:05.705+0000] {processor.py:161} INFO - Started process (PID=3356) to work on /opt/airflow/dags/energie_meteo_dag.py
[2026-04-09T12:30:05.705+0000] {processor.py:830} INFO - Processing file /opt/airflow/dags/energie_meteo_dag.py for tasks to queue
[2026-04-09T12:30:05.707+0000] {logging_mixin.py:188} INFO - [2026-04-09T12:30:05.707+0000] {dagbag.py:538} INFO - Filling up the DagBag from /opt/airflow/dags/energie_meteo_dag.py
[2026-04-09T12:30:05.719+0000] {processor.py:840} INFO - DAG(s) 'energie_meteo_dag' retrieved from /opt/airflow/dags/energie_meteo_dag.py
[2026-04-09T12:30:05.738+0000] {logging_mixin.py:188} INFO - [2026-04-09T12:30:05.738+0000] {dag.py:3033} INFO - Sync 1 DAGs
[2026-04-09T12:30:05.758+0000] {logging_mixin.py:188} INFO - [2026-04-09T12:30:05.758+0000] {dag.py:3820} INFO - Setting next_dagrun for energie_meteo_dag to 2026-04-09T04:00:00+00:00, run_after=2026-04-10T04:00:00+00:00
[2026-04-09T12:30:05.772+0000] {processor.py:183} INFO - Processing /opt/airflow/dags/energie_meteo_dag.py took 0.070 seconds
[2026-04-09T12:30:36.148+0000] {processor.py:161} INFO - Started process (PID=3417) to work on /opt/airflow/dags/energie_meteo_dag.py
[2026-04-09T12:30:36.148+0000] {processor.py:830} INFO - Processing file /opt/airflow/dags/energie_meteo_dag.py for tasks to queue
[2026-04-09T12:30:36.152+0000] {logging_mixin.py:188} INFO - [2026-04-09T12:30:36.151+0000] {dagbag.py:538} INFO - Filling up the DagBag from /opt/airflow/dags/energie_meteo_dag.py
[2026-04-09T12:30:36.163+0000] {processor.py:840} INFO - DAG(s) 'energie_meteo_dag' retrieved from /opt/airflow/dags/energie_meteo_dag.py
[2026-04-09T12:30:36.181+0000] {logging_mixin.py:188} INFO - [2026-04-09T12:30:36.181+0000] {dag.py:3033} INFO - Sync 1 DAGs
[2026-04-09T12:30:36.202+0000] {logging_mixin.py:188} INFO - [2026-04-09T12:30:36.201+0000] {dag.py:3820} INFO - Setting next_dagrun for energie_meteo_dag to 2026-04-09T04:00:00+00:00, run_after=2026-04-10T04:00:00+00:00
[2026-04-09T12:30:36.218+0000] {processor.py:183} INFO - Processing /opt/airflow/dags/energie_meteo_dag.py took 0.079 seconds
[2026-04-09T12:31:06.652+0000] {processor.py:161} INFO - Started process (PID=3478) to work on /opt/airflow/dags/energie_meteo_dag.py
[2026-04-09T12:31:06.655+0000] {processor.py:830} INFO - Processing file /opt/airflow/dags/energie_meteo_dag.py for tasks to queue
[2026-04-09T12:31:06.657+0000] {logging_mixin.py:188} INFO - [2026-04-09T12:31:06.657+0000] {dagbag.py:538} INFO - Filling up the DagBag from /opt/airflow/dags/energie_meteo_dag.py
[2026-04-09T12:31:06.675+0000] {processor.py:840} INFO - DAG(s) 'energie_meteo_dag' retrieved from /opt/airflow/dags/energie_meteo_dag.py
[2026-04-09T12:31:06.701+0000] {logging_mixin.py:188} INFO - [2026-04-09T12:31:06.701+0000] {dag.py:3033} INFO - Sync 1 DAGs
[2026-04-09T12:31:06.735+0000] {logging_mixin.py:188} INFO - [2026-04-09T12:31:06.735+0000] {dag.py:3820} INFO - Setting next_dagrun for energie_meteo_dag to 2026-04-09T04:00:00+00:00, run_after=2026-04-10T04:00:00+00:00
[2026-04-09T12:31:06.766+0000] {processor.py:183} INFO - Processing /opt/airflow/dags/energie_meteo_dag.py took 0.119 seconds
[2026-04-09T12:31:37.076+0000] {processor.py:161} INFO - Started process (PID=3539) to work on /opt/airflow/dags/energie_meteo_dag.py
[2026-04-09T12:31:37.078+0000] {processor.py:830} INFO - Processing file /opt/airflow/dags/energie_meteo_dag.py for tasks to queue
[2026-04-09T12:31:37.080+0000] {logging_mixin.py:188} INFO - [2026-04-09T12:31:37.080+0000] {dagbag.py:538} INFO - Filling up the DagBag from /opt/airflow/dags/energie_meteo_dag.py
[2026-04-09T12:31:37.096+0000] {processor.py:840} INFO - DAG(s) 'energie_meteo_dag' retrieved from /opt/airflow/dags/energie_meteo_dag.py
[2026-04-09T12:31:37.120+0000] {logging_mixin.py:188} INFO - [2026-04-09T12:31:37.120+0000] {dag.py:3033} INFO - Sync 1 DAGs
[2026-04-09T12:31:37.158+0000] {logging_mixin.py:188} INFO - [2026-04-09T12:31:37.158+0000] {dag.py:3820} INFO - Setting next_dagrun for energie_meteo_dag to 2026-04-09T04:00:00+00:00, run_after=2026-04-10T04:00:00+00:00
[2026-04-09T12:31:37.181+0000] {processor.py:183} INFO - Processing /opt/airflow/dags/energie_meteo_dag.py took 0.114 seconds
[2026-04-09T12:46:08.148+0000] {processor.py:161} INFO - Started process (PID=65) to work on /opt/airflow/dags/energie_meteo_dag.py
[2026-04-09T12:46:08.154+0000] {processor.py:830} INFO - Processing file /opt/airflow/dags/energie_meteo_dag.py for tasks to queue
[2026-04-09T12:46:08.165+0000] {logging_mixin.py:188} INFO - [2026-04-09T12:46:08.165+0000] {dagbag.py:538} INFO - Filling up the DagBag from /opt/airflow/dags/energie_meteo_dag.py
[2026-04-09T12:46:08.301+0000] {processor.py:840} INFO - DAG(s) 'energie_meteo_dag' retrieved from /opt/airflow/dags/energie_meteo_dag.py
[2026-04-09T12:46:08.652+0000] {logging_mixin.py:188} INFO - [2026-04-09T12:46:08.652+0000] {dag.py:3033} INFO - Sync 1 DAGs
[2026-04-09T12:46:08.805+0000] {logging_mixin.py:188} INFO - [2026-04-09T12:46:08.805+0000] {dag.py:3820} INFO - Setting next_dagrun for energie_meteo_dag to 2026-04-09T04:00:00+00:00, run_after=2026-04-10T04:00:00+00:00
[2026-04-09T12:46:08.921+0000] {processor.py:183} INFO - Processing /opt/airflow/dags/energie_meteo_dag.py took 0.798 seconds
[2026-04-09T12:46:39.042+0000] {processor.py:161} INFO - Started process (PID=124) to work on /opt/airflow/dags/energie_meteo_dag.py
[2026-04-09T12:46:39.045+0000] {processor.py:830} INFO - Processing file /opt/airflow/dags/energie_meteo_dag.py for tasks to queue
[2026-04-09T12:46:39.050+0000] {logging_mixin.py:188} INFO - [2026-04-09T12:46:39.050+0000] {dagbag.py:538} INFO - Filling up the DagBag from /opt/airflow/dags/energie_meteo_dag.py
[2026-04-09T12:46:39.077+0000] {processor.py:840} INFO - DAG(s) 'energie_meteo_dag' retrieved from /opt/airflow/dags/energie_meteo_dag.py
[2026-04-09T12:46:39.120+0000] {logging_mixin.py:188} INFO - [2026-04-09T12:46:39.120+0000] {dag.py:3033} INFO - Sync 1 DAGs
[2026-04-09T12:46:39.162+0000] {logging_mixin.py:188} INFO - [2026-04-09T12:46:39.161+0000] {dag.py:3820} INFO - Setting next_dagrun for energie_meteo_dag to 2026-04-09T04:00:00+00:00, run_after=2026-04-10T04:00:00+00:00
[2026-04-09T12:46:39.181+0000] {processor.py:183} INFO - Processing /opt/airflow/dags/energie_meteo_dag.py took 0.147 seconds
[2026-04-09T12:47:09.884+0000] {processor.py:161} INFO - Started process (PID=184) to work on /opt/airflow/dags/energie_meteo_dag.py
[2026-04-09T12:47:09.888+0000] {processor.py:830} INFO - Processing file /opt/airflow/dags/energie_meteo_dag.py for tasks to queue
[2026-04-09T12:47:09.893+0000] {logging_mixin.py:188} INFO - [2026-04-09T12:47:09.892+0000] {dagbag.py:538} INFO - Filling up the DagBag from /opt/airflow/dags/energie_meteo_dag.py
[2026-04-09T12:47:09.927+0000] {processor.py:840} INFO - DAG(s) 'energie_meteo_dag' retrieved from /opt/airflow/dags/energie_meteo_dag.py
[2026-04-09T12:47:09.971+0000] {logging_mixin.py:188} INFO - [2026-04-09T12:47:09.971+0000] {dag.py:3033} INFO - Sync 1 DAGs
[2026-04-09T12:47:10.059+0000] {logging_mixin.py:188} INFO - [2026-04-09T12:47:10.059+0000] {dag.py:3820} INFO - Setting next_dagrun for energie_meteo_dag to 2026-04-09T04:00:00+00:00, run_after=2026-04-10T04:00:00+00:00
[2026-04-09T12:47:10.116+0000] {processor.py:183} INFO - Processing /opt/airflow/dags/energie_meteo_dag.py took 0.248 seconds
[2026-04-09T12:47:41.003+0000] {processor.py:161} INFO - Started process (PID=245) to work on /opt/airflow/dags/energie_meteo_dag.py
[2026-04-09T12:47:41.005+0000] {processor.py:830} INFO - Processing file /opt/airflow/dags/energie_meteo_dag.py for tasks to queue
[2026-04-09T12:47:41.010+0000] {logging_mixin.py:188} INFO - [2026-04-09T12:47:41.009+0000] {dagbag.py:538} INFO - Filling up the DagBag from /opt/airflow/dags/energie_meteo_dag.py
[2026-04-09T12:47:41.086+0000] {processor.py:840} INFO - DAG(s) 'energie_meteo_dag' retrieved from /opt/airflow/dags/energie_meteo_dag.py
[2026-04-09T12:47:41.163+0000] {logging_mixin.py:188} INFO - [2026-04-09T12:47:41.162+0000] {dag.py:3033} INFO - Sync 1 DAGs
[2026-04-09T12:47:41.244+0000] {logging_mixin.py:188} INFO - [2026-04-09T12:47:41.242+0000] {dag.py:3820} INFO - Setting next_dagrun for energie_meteo_dag to 2026-04-09T04:00:00+00:00, run_after=2026-04-10T04:00:00+00:00
[2026-04-09T12:47:41.296+0000] {processor.py:183} INFO - Processing /opt/airflow/dags/energie_meteo_dag.py took 0.300 seconds
[2026-04-09T12:48:11.352+0000] {processor.py:161} INFO - Started process (PID=306) to work on /opt/airflow/dags/energie_meteo_dag.py
[2026-04-09T12:48:11.356+0000] {processor.py:830} INFO - Processing file /opt/airflow/dags/energie_meteo_dag.py for tasks to queue
[2026-04-09T12:48:11.358+0000] {logging_mixin.py:188} INFO - [2026-04-09T12:48:11.358+0000] {dagbag.py:538} INFO - Filling up the DagBag from /opt/airflow/dags/energie_meteo_dag.py
[2026-04-09T12:48:11.385+0000] {processor.py:840} INFO - DAG(s) 'energie_meteo_dag' retrieved from /opt/airflow/dags/energie_meteo_dag.py
[2026-04-09T12:48:11.424+0000] {logging_mixin.py:188} INFO - [2026-04-09T12:48:11.423+0000] {dag.py:3033} INFO - Sync 1 DAGs
[2026-04-09T12:48:11.470+0000] {logging_mixin.py:188} INFO - [2026-04-09T12:48:11.470+0000] {dag.py:3820} INFO - Setting next_dagrun for energie_meteo_dag to 2026-04-09T04:00:00+00:00, run_after=2026-04-10T04:00:00+00:00
[2026-04-09T12:48:11.503+0000] {processor.py:183} INFO - Processing /opt/airflow/dags/energie_meteo_dag.py took 0.157 seconds
[2026-04-09T12:48:41.594+0000] {processor.py:161} INFO - Started process (PID=367) to work on /opt/airflow/dags/energie_meteo_dag.py
[2026-04-09T12:48:41.597+0000] {processor.py:830} INFO - Processing file /opt/airflow/dags/energie_meteo_dag.py for tasks to queue
[2026-04-09T12:48:41.600+0000] {logging_mixin.py:188} INFO - [2026-04-09T12:48:41.599+0000] {dagbag.py:538} INFO - Filling up the DagBag from /opt/airflow/dags/energie_meteo_dag.py
[2026-04-09T12:48:41.615+0000] {processor.py:840} INFO - DAG(s) 'energie_meteo_dag' retrieved from /opt/airflow/dags/energie_meteo_dag.py
[2026-04-09T12:48:41.639+0000] {logging_mixin.py:188} INFO - [2026-04-09T12:48:41.639+0000] {dag.py:3033} INFO - Sync 1 DAGs
[2026-04-09T12:48:41.668+0000] {logging_mixin.py:188} INFO - [2026-04-09T12:48:41.668+0000] {dag.py:3820} INFO - Setting next_dagrun for energie_meteo_dag to 2026-04-09T04:00:00+00:00, run_after=2026-04-10T04:00:00+00:00
[2026-04-09T12:48:41.688+0000] {processor.py:183} INFO - Processing /opt/airflow/dags/energie_meteo_dag.py took 0.100 seconds
[2026-04-09T12:49:12.228+0000] {processor.py:161} INFO - Started process (PID=427) to work on /opt/airflow/dags/energie_meteo_dag.py
[2026-04-09T12:49:12.230+0000] {processor.py:830} INFO - Processing file /opt/airflow/dags/energie_meteo_dag.py for tasks to queue
[2026-04-09T12:49:12.234+0000] {logging_mixin.py:188} INFO - [2026-04-09T12:49:12.233+0000] {dagbag.py:538} INFO - Filling up the DagBag from /opt/airflow/dags/energie_meteo_dag.py
[2026-04-09T12:49:12.248+0000] {processor.py:840} INFO - DAG(s) 'energie_meteo_dag' retrieved from /opt/airflow/dags/energie_meteo_dag.py
[2026-04-09T12:49:12.274+0000] {logging_mixin.py:188} INFO - [2026-04-09T12:49:12.274+0000] {dag.py:3033} INFO - Sync 1 DAGs
[2026-04-09T12:49:12.304+0000] {logging_mixin.py:188} INFO - [2026-04-09T12:49:12.304+0000] {dag.py:3820} INFO - Setting next_dagrun for energie_meteo_dag to 2026-04-09T04:00:00+00:00, run_after=2026-04-10T04:00:00+00:00
[2026-04-09T12:49:12.330+0000] {processor.py:183} INFO - Processing /opt/airflow/dags/energie_meteo_dag.py took 0.108 seconds
[2026-04-09T12:49:43.009+0000] {processor.py:161} INFO - Started process (PID=488) to work on /opt/airflow/dags/energie_meteo_dag.py
[2026-04-09T12:49:43.010+0000] {processor.py:830} INFO - Processing file /opt/airflow/dags/energie_meteo_dag.py for tasks to queue
[2026-04-09T12:49:43.015+0000] {logging_mixin.py:188} INFO - [2026-04-09T12:49:43.014+0000] {dagbag.py:538} INFO - Filling up the DagBag from /opt/airflow/dags/energie_meteo_dag.py
[2026-04-09T12:49:43.075+0000] {processor.py:840} INFO - DAG(s) 'energie_meteo_dag' retrieved from /opt/airflow/dags/energie_meteo_dag.py
[2026-04-09T12:49:43.134+0000] {logging_mixin.py:188} INFO - [2026-04-09T12:49:43.134+0000] {dag.py:3033} INFO - Sync 1 DAGs
[2026-04-09T12:49:43.213+0000] {logging_mixin.py:188} INFO - [2026-04-09T12:49:43.212+0000] {dag.py:3820} INFO - Setting next_dagrun for energie_meteo_dag to 2026-04-09T04:00:00+00:00, run_after=2026-04-10T04:00:00+00:00
[2026-04-09T12:49:43.266+0000] {processor.py:183} INFO - Processing /opt/airflow/dags/energie_meteo_dag.py took 0.267 seconds
