[2026-04-08T08:24:52.930+0000] {processor.py:161} INFO - Started process (PID=118) to work on /home/airflow/.local/lib/python3.8/site-packages/airflow/example_dags/plugins/event_listener.py
[2026-04-08T08:24:52.931+0000] {processor.py:830} INFO - Processing file /home/airflow/.local/lib/python3.8/site-packages/airflow/example_dags/plugins/event_listener.py for tasks to queue
[2026-04-08T08:24:52.934+0000] {logging_mixin.py:188} INFO - [2026-04-08T08:24:52.934+0000] {dagbag.py:538} INFO - Filling up the DagBag from /home/airflow/.local/lib/python3.8/site-packages/airflow/example_dags/plugins/event_listener.py
[2026-04-08T08:24:52.943+0000] {processor.py:842} WARNING - No viable dags retrieved from /home/airflow/.local/lib/python3.8/site-packages/airflow/example_dags/plugins/event_listener.py
[2026-04-08T08:24:53.013+0000] {processor.py:183} INFO - Processing /home/airflow/.local/lib/python3.8/site-packages/airflow/example_dags/plugins/event_listener.py took 0.092 seconds
[2026-04-08T08:25:23.684+0000] {processor.py:161} INFO - Started process (PID=172) to work on /home/airflow/.local/lib/python3.8/site-packages/airflow/example_dags/plugins/event_listener.py
[2026-04-08T08:25:23.686+0000] {processor.py:830} INFO - Processing file /home/airflow/.local/lib/python3.8/site-packages/airflow/example_dags/plugins/event_listener.py for tasks to queue
[2026-04-08T08:25:23.691+0000] {logging_mixin.py:188} INFO - [2026-04-08T08:25:23.691+0000] {dagbag.py:538} INFO - Filling up the DagBag from /home/airflow/.local/lib/python3.8/site-packages/airflow/example_dags/plugins/event_listener.py
[2026-04-08T08:25:23.699+0000] {processor.py:842} WARNING - No viable dags retrieved from /home/airflow/.local/lib/python3.8/site-packages/airflow/example_dags/plugins/event_listener.py
[2026-04-08T08:25:23.735+0000] {processor.py:183} INFO - Processing /home/airflow/.local/lib/python3.8/site-packages/airflow/example_dags/plugins/event_listener.py took 0.061 seconds
[2026-04-08T08:25:54.274+0000] {processor.py:161} INFO - Started process (PID=227) to work on /home/airflow/.local/lib/python3.8/site-packages/airflow/example_dags/plugins/event_listener.py
[2026-04-08T08:25:54.274+0000] {processor.py:830} INFO - Processing file /home/airflow/.local/lib/python3.8/site-packages/airflow/example_dags/plugins/event_listener.py for tasks to queue
[2026-04-08T08:25:54.277+0000] {logging_mixin.py:188} INFO - [2026-04-08T08:25:54.276+0000] {dagbag.py:538} INFO - Filling up the DagBag from /home/airflow/.local/lib/python3.8/site-packages/airflow/example_dags/plugins/event_listener.py
[2026-04-08T08:25:54.279+0000] {processor.py:842} WARNING - No viable dags retrieved from /home/airflow/.local/lib/python3.8/site-packages/airflow/example_dags/plugins/event_listener.py
[2026-04-08T08:25:54.294+0000] {processor.py:183} INFO - Processing /home/airflow/.local/lib/python3.8/site-packages/airflow/example_dags/plugins/event_listener.py took 0.023 seconds
[2026-04-08T08:26:24.512+0000] {processor.py:161} INFO - Started process (PID=282) to work on /home/airflow/.local/lib/python3.8/site-packages/airflow/example_dags/plugins/event_listener.py
[2026-04-08T08:26:24.513+0000] {processor.py:830} INFO - Processing file /home/airflow/.local/lib/python3.8/site-packages/airflow/example_dags/plugins/event_listener.py for tasks to queue
[2026-04-08T08:26:24.515+0000] {logging_mixin.py:188} INFO - [2026-04-08T08:26:24.514+0000] {dagbag.py:538} INFO - Filling up the DagBag from /home/airflow/.local/lib/python3.8/site-packages/airflow/example_dags/plugins/event_listener.py
[2026-04-08T08:26:24.517+0000] {processor.py:842} WARNING - No viable dags retrieved from /home/airflow/.local/lib/python3.8/site-packages/airflow/example_dags/plugins/event_listener.py
[2026-04-08T08:26:24.531+0000] {processor.py:183} INFO - Processing /home/airflow/.local/lib/python3.8/site-packages/airflow/example_dags/plugins/event_listener.py took 0.022 seconds
[2026-04-08T08:26:54.740+0000] {processor.py:161} INFO - Started process (PID=337) to work on /home/airflow/.local/lib/python3.8/site-packages/airflow/example_dags/plugins/event_listener.py
[2026-04-08T08:26:54.742+0000] {processor.py:830} INFO - Processing file /home/airflow/.local/lib/python3.8/site-packages/airflow/example_dags/plugins/event_listener.py for tasks to queue
[2026-04-08T08:26:54.747+0000] {logging_mixin.py:188} INFO - [2026-04-08T08:26:54.745+0000] {dagbag.py:538} INFO - Filling up the DagBag from /home/airflow/.local/lib/python3.8/site-packages/airflow/example_dags/plugins/event_listener.py
[2026-04-08T08:26:54.750+0000] {processor.py:842} WARNING - No viable dags retrieved from /home/airflow/.local/lib/python3.8/site-packages/airflow/example_dags/plugins/event_listener.py
[2026-04-08T08:26:54.777+0000] {processor.py:183} INFO - Processing /home/airflow/.local/lib/python3.8/site-packages/airflow/example_dags/plugins/event_listener.py took 0.044 seconds
[2026-04-08T08:27:25.325+0000] {processor.py:161} INFO - Started process (PID=392) to work on /home/airflow/.local/lib/python3.8/site-packages/airflow/example_dags/plugins/event_listener.py
[2026-04-08T08:27:25.325+0000] {processor.py:830} INFO - Processing file /home/airflow/.local/lib/python3.8/site-packages/airflow/example_dags/plugins/event_listener.py for tasks to queue
[2026-04-08T08:27:25.327+0000] {logging_mixin.py:188} INFO - [2026-04-08T08:27:25.327+0000] {dagbag.py:538} INFO - Filling up the DagBag from /home/airflow/.local/lib/python3.8/site-packages/airflow/example_dags/plugins/event_listener.py
[2026-04-08T08:27:25.329+0000] {processor.py:842} WARNING - No viable dags retrieved from /home/airflow/.local/lib/python3.8/site-packages/airflow/example_dags/plugins/event_listener.py
[2026-04-08T08:27:25.342+0000] {processor.py:183} INFO - Processing /home/airflow/.local/lib/python3.8/site-packages/airflow/example_dags/plugins/event_listener.py took 0.020 seconds
[2026-04-08T08:27:55.515+0000] {processor.py:161} INFO - Started process (PID=447) to work on /home/airflow/.local/lib/python3.8/site-packages/airflow/example_dags/plugins/event_listener.py
[2026-04-08T08:27:55.516+0000] {processor.py:830} INFO - Processing file /home/airflow/.local/lib/python3.8/site-packages/airflow/example_dags/plugins/event_listener.py for tasks to queue
[2026-04-08T08:27:55.518+0000] {logging_mixin.py:188} INFO - [2026-04-08T08:27:55.517+0000] {dagbag.py:538} INFO - Filling up the DagBag from /home/airflow/.local/lib/python3.8/site-packages/airflow/example_dags/plugins/event_listener.py
[2026-04-08T08:27:55.520+0000] {processor.py:842} WARNING - No viable dags retrieved from /home/airflow/.local/lib/python3.8/site-packages/airflow/example_dags/plugins/event_listener.py
[2026-04-08T08:27:55.532+0000] {processor.py:183} INFO - Processing /home/airflow/.local/lib/python3.8/site-packages/airflow/example_dags/plugins/event_listener.py took 0.020 seconds
[2026-04-08T08:28:26.061+0000] {processor.py:161} INFO - Started process (PID=502) to work on /home/airflow/.local/lib/python3.8/site-packages/airflow/example_dags/plugins/event_listener.py
[2026-04-08T08:28:26.062+0000] {processor.py:830} INFO - Processing file /home/airflow/.local/lib/python3.8/site-packages/airflow/example_dags/plugins/event_listener.py for tasks to queue
[2026-04-08T08:28:26.064+0000] {logging_mixin.py:188} INFO - [2026-04-08T08:28:26.064+0000] {dagbag.py:538} INFO - Filling up the DagBag from /home/airflow/.local/lib/python3.8/site-packages/airflow/example_dags/plugins/event_listener.py
[2026-04-08T08:28:26.066+0000] {processor.py:842} WARNING - No viable dags retrieved from /home/airflow/.local/lib/python3.8/site-packages/airflow/example_dags/plugins/event_listener.py
[2026-04-08T08:28:26.079+0000] {processor.py:183} INFO - Processing /home/airflow/.local/lib/python3.8/site-packages/airflow/example_dags/plugins/event_listener.py took 0.021 seconds
[2026-04-08T08:28:57.046+0000] {processor.py:161} INFO - Started process (PID=557) to work on /home/airflow/.local/lib/python3.8/site-packages/airflow/example_dags/plugins/event_listener.py
[2026-04-08T08:28:57.047+0000] {processor.py:830} INFO - Processing file /home/airflow/.local/lib/python3.8/site-packages/airflow/example_dags/plugins/event_listener.py for tasks to queue
[2026-04-08T08:28:57.049+0000] {logging_mixin.py:188} INFO - [2026-04-08T08:28:57.048+0000] {dagbag.py:538} INFO - Filling up the DagBag from /home/airflow/.local/lib/python3.8/site-packages/airflow/example_dags/plugins/event_listener.py
[2026-04-08T08:28:57.051+0000] {processor.py:842} WARNING - No viable dags retrieved from /home/airflow/.local/lib/python3.8/site-packages/airflow/example_dags/plugins/event_listener.py
[2026-04-08T08:28:57.066+0000] {processor.py:183} INFO - Processing /home/airflow/.local/lib/python3.8/site-packages/airflow/example_dags/plugins/event_listener.py took 0.023 seconds
[2026-04-08T08:29:27.674+0000] {processor.py:161} INFO - Started process (PID=612) to work on /home/airflow/.local/lib/python3.8/site-packages/airflow/example_dags/plugins/event_listener.py
[2026-04-08T08:29:27.675+0000] {processor.py:830} INFO - Processing file /home/airflow/.local/lib/python3.8/site-packages/airflow/example_dags/plugins/event_listener.py for tasks to queue
[2026-04-08T08:29:27.679+0000] {logging_mixin.py:188} INFO - [2026-04-08T08:29:27.679+0000] {dagbag.py:538} INFO - Filling up the DagBag from /home/airflow/.local/lib/python3.8/site-packages/airflow/example_dags/plugins/event_listener.py
[2026-04-08T08:29:27.681+0000] {processor.py:842} WARNING - No viable dags retrieved from /home/airflow/.local/lib/python3.8/site-packages/airflow/example_dags/plugins/event_listener.py
[2026-04-08T08:29:27.695+0000] {processor.py:183} INFO - Processing /home/airflow/.local/lib/python3.8/site-packages/airflow/example_dags/plugins/event_listener.py took 0.024 seconds
[2026-04-08T08:29:57.915+0000] {processor.py:161} INFO - Started process (PID=667) to work on /home/airflow/.local/lib/python3.8/site-packages/airflow/example_dags/plugins/event_listener.py
[2026-04-08T08:29:57.916+0000] {processor.py:830} INFO - Processing file /home/airflow/.local/lib/python3.8/site-packages/airflow/example_dags/plugins/event_listener.py for tasks to queue
[2026-04-08T08:29:57.919+0000] {logging_mixin.py:188} INFO - [2026-04-08T08:29:57.919+0000] {dagbag.py:538} INFO - Filling up the DagBag from /home/airflow/.local/lib/python3.8/site-packages/airflow/example_dags/plugins/event_listener.py
[2026-04-08T08:29:57.921+0000] {processor.py:842} WARNING - No viable dags retrieved from /home/airflow/.local/lib/python3.8/site-packages/airflow/example_dags/plugins/event_listener.py
[2026-04-08T08:29:57.940+0000] {processor.py:183} INFO - Processing /home/airflow/.local/lib/python3.8/site-packages/airflow/example_dags/plugins/event_listener.py took 0.028 seconds
[2026-04-08T08:30:28.686+0000] {processor.py:161} INFO - Started process (PID=722) to work on /home/airflow/.local/lib/python3.8/site-packages/airflow/example_dags/plugins/event_listener.py
[2026-04-08T08:30:28.687+0000] {processor.py:830} INFO - Processing file /home/airflow/.local/lib/python3.8/site-packages/airflow/example_dags/plugins/event_listener.py for tasks to queue
[2026-04-08T08:30:28.689+0000] {logging_mixin.py:188} INFO - [2026-04-08T08:30:28.689+0000] {dagbag.py:538} INFO - Filling up the DagBag from /home/airflow/.local/lib/python3.8/site-packages/airflow/example_dags/plugins/event_listener.py
[2026-04-08T08:30:28.691+0000] {processor.py:842} WARNING - No viable dags retrieved from /home/airflow/.local/lib/python3.8/site-packages/airflow/example_dags/plugins/event_listener.py
[2026-04-08T08:30:28.704+0000] {processor.py:183} INFO - Processing /home/airflow/.local/lib/python3.8/site-packages/airflow/example_dags/plugins/event_listener.py took 0.021 seconds
[2026-04-08T08:30:59.534+0000] {processor.py:161} INFO - Started process (PID=776) to work on /home/airflow/.local/lib/python3.8/site-packages/airflow/example_dags/plugins/event_listener.py
[2026-04-08T08:30:59.535+0000] {processor.py:830} INFO - Processing file /home/airflow/.local/lib/python3.8/site-packages/airflow/example_dags/plugins/event_listener.py for tasks to queue
[2026-04-08T08:30:59.537+0000] {logging_mixin.py:188} INFO - [2026-04-08T08:30:59.537+0000] {dagbag.py:538} INFO - Filling up the DagBag from /home/airflow/.local/lib/python3.8/site-packages/airflow/example_dags/plugins/event_listener.py
[2026-04-08T08:30:59.540+0000] {processor.py:842} WARNING - No viable dags retrieved from /home/airflow/.local/lib/python3.8/site-packages/airflow/example_dags/plugins/event_listener.py
[2026-04-08T08:30:59.556+0000] {processor.py:183} INFO - Processing /home/airflow/.local/lib/python3.8/site-packages/airflow/example_dags/plugins/event_listener.py took 0.026 seconds
[2026-04-08T08:31:30.151+0000] {processor.py:161} INFO - Started process (PID=831) to work on /home/airflow/.local/lib/python3.8/site-packages/airflow/example_dags/plugins/event_listener.py
[2026-04-08T08:31:30.156+0000] {processor.py:830} INFO - Processing file /home/airflow/.local/lib/python3.8/site-packages/airflow/example_dags/plugins/event_listener.py for tasks to queue
[2026-04-08T08:31:30.160+0000] {logging_mixin.py:188} INFO - [2026-04-08T08:31:30.160+0000] {dagbag.py:538} INFO - Filling up the DagBag from /home/airflow/.local/lib/python3.8/site-packages/airflow/example_dags/plugins/event_listener.py
[2026-04-08T08:31:30.171+0000] {processor.py:842} WARNING - No viable dags retrieved from /home/airflow/.local/lib/python3.8/site-packages/airflow/example_dags/plugins/event_listener.py
[2026-04-08T08:31:30.220+0000] {processor.py:183} INFO - Processing /home/airflow/.local/lib/python3.8/site-packages/airflow/example_dags/plugins/event_listener.py took 0.077 seconds
[2026-04-08T08:32:00.698+0000] {processor.py:161} INFO - Started process (PID=885) to work on /home/airflow/.local/lib/python3.8/site-packages/airflow/example_dags/plugins/event_listener.py
[2026-04-08T08:32:00.699+0000] {processor.py:830} INFO - Processing file /home/airflow/.local/lib/python3.8/site-packages/airflow/example_dags/plugins/event_listener.py for tasks to queue
[2026-04-08T08:32:00.702+0000] {logging_mixin.py:188} INFO - [2026-04-08T08:32:00.702+0000] {dagbag.py:538} INFO - Filling up the DagBag from /home/airflow/.local/lib/python3.8/site-packages/airflow/example_dags/plugins/event_listener.py
[2026-04-08T08:32:00.704+0000] {processor.py:842} WARNING - No viable dags retrieved from /home/airflow/.local/lib/python3.8/site-packages/airflow/example_dags/plugins/event_listener.py
[2026-04-08T08:32:00.717+0000] {processor.py:183} INFO - Processing /home/airflow/.local/lib/python3.8/site-packages/airflow/example_dags/plugins/event_listener.py took 0.022 seconds
[2026-04-08T08:32:31.240+0000] {processor.py:161} INFO - Started process (PID=941) to work on /home/airflow/.local/lib/python3.8/site-packages/airflow/example_dags/plugins/event_listener.py
[2026-04-08T08:32:31.241+0000] {processor.py:830} INFO - Processing file /home/airflow/.local/lib/python3.8/site-packages/airflow/example_dags/plugins/event_listener.py for tasks to queue
[2026-04-08T08:32:31.243+0000] {logging_mixin.py:188} INFO - [2026-04-08T08:32:31.243+0000] {dagbag.py:538} INFO - Filling up the DagBag from /home/airflow/.local/lib/python3.8/site-packages/airflow/example_dags/plugins/event_listener.py
[2026-04-08T08:32:31.245+0000] {processor.py:842} WARNING - No viable dags retrieved from /home/airflow/.local/lib/python3.8/site-packages/airflow/example_dags/plugins/event_listener.py
[2026-04-08T08:32:31.261+0000] {processor.py:183} INFO - Processing /home/airflow/.local/lib/python3.8/site-packages/airflow/example_dags/plugins/event_listener.py took 0.025 seconds
[2026-04-08T08:33:01.792+0000] {processor.py:161} INFO - Started process (PID=996) to work on /home/airflow/.local/lib/python3.8/site-packages/airflow/example_dags/plugins/event_listener.py
[2026-04-08T08:33:01.793+0000] {processor.py:830} INFO - Processing file /home/airflow/.local/lib/python3.8/site-packages/airflow/example_dags/plugins/event_listener.py for tasks to queue
[2026-04-08T08:33:01.795+0000] {logging_mixin.py:188} INFO - [2026-04-08T08:33:01.795+0000] {dagbag.py:538} INFO - Filling up the DagBag from /home/airflow/.local/lib/python3.8/site-packages/airflow/example_dags/plugins/event_listener.py
[2026-04-08T08:33:01.798+0000] {processor.py:842} WARNING - No viable dags retrieved from /home/airflow/.local/lib/python3.8/site-packages/airflow/example_dags/plugins/event_listener.py
[2026-04-08T08:33:01.814+0000] {processor.py:183} INFO - Processing /home/airflow/.local/lib/python3.8/site-packages/airflow/example_dags/plugins/event_listener.py took 0.025 seconds
[2026-04-08T08:33:32.201+0000] {processor.py:161} INFO - Started process (PID=1051) to work on /home/airflow/.local/lib/python3.8/site-packages/airflow/example_dags/plugins/event_listener.py
[2026-04-08T08:33:32.202+0000] {processor.py:830} INFO - Processing file /home/airflow/.local/lib/python3.8/site-packages/airflow/example_dags/plugins/event_listener.py for tasks to queue
[2026-04-08T08:33:32.204+0000] {logging_mixin.py:188} INFO - [2026-04-08T08:33:32.204+0000] {dagbag.py:538} INFO - Filling up the DagBag from /home/airflow/.local/lib/python3.8/site-packages/airflow/example_dags/plugins/event_listener.py
[2026-04-08T08:33:32.207+0000] {processor.py:842} WARNING - No viable dags retrieved from /home/airflow/.local/lib/python3.8/site-packages/airflow/example_dags/plugins/event_listener.py
[2026-04-08T08:33:32.220+0000] {processor.py:183} INFO - Processing /home/airflow/.local/lib/python3.8/site-packages/airflow/example_dags/plugins/event_listener.py took 0.023 seconds
[2026-04-08T08:34:03.231+0000] {processor.py:161} INFO - Started process (PID=1106) to work on /home/airflow/.local/lib/python3.8/site-packages/airflow/example_dags/plugins/event_listener.py
[2026-04-08T08:34:03.231+0000] {processor.py:830} INFO - Processing file /home/airflow/.local/lib/python3.8/site-packages/airflow/example_dags/plugins/event_listener.py for tasks to queue
[2026-04-08T08:34:03.233+0000] {logging_mixin.py:188} INFO - [2026-04-08T08:34:03.233+0000] {dagbag.py:538} INFO - Filling up the DagBag from /home/airflow/.local/lib/python3.8/site-packages/airflow/example_dags/plugins/event_listener.py
[2026-04-08T08:34:03.235+0000] {processor.py:842} WARNING - No viable dags retrieved from /home/airflow/.local/lib/python3.8/site-packages/airflow/example_dags/plugins/event_listener.py
[2026-04-08T08:34:03.248+0000] {processor.py:183} INFO - Processing /home/airflow/.local/lib/python3.8/site-packages/airflow/example_dags/plugins/event_listener.py took 0.021 seconds
[2026-04-08T08:34:34.007+0000] {processor.py:161} INFO - Started process (PID=1161) to work on /home/airflow/.local/lib/python3.8/site-packages/airflow/example_dags/plugins/event_listener.py
[2026-04-08T08:34:34.008+0000] {processor.py:830} INFO - Processing file /home/airflow/.local/lib/python3.8/site-packages/airflow/example_dags/plugins/event_listener.py for tasks to queue
[2026-04-08T08:34:34.010+0000] {logging_mixin.py:188} INFO - [2026-04-08T08:34:34.009+0000] {dagbag.py:538} INFO - Filling up the DagBag from /home/airflow/.local/lib/python3.8/site-packages/airflow/example_dags/plugins/event_listener.py
[2026-04-08T08:34:34.012+0000] {processor.py:842} WARNING - No viable dags retrieved from /home/airflow/.local/lib/python3.8/site-packages/airflow/example_dags/plugins/event_listener.py
[2026-04-08T08:34:34.025+0000] {processor.py:183} INFO - Processing /home/airflow/.local/lib/python3.8/site-packages/airflow/example_dags/plugins/event_listener.py took 0.022 seconds
[2026-04-08T08:35:04.153+0000] {processor.py:161} INFO - Started process (PID=1216) to work on /home/airflow/.local/lib/python3.8/site-packages/airflow/example_dags/plugins/event_listener.py
[2026-04-08T08:35:04.154+0000] {processor.py:830} INFO - Processing file /home/airflow/.local/lib/python3.8/site-packages/airflow/example_dags/plugins/event_listener.py for tasks to queue
[2026-04-08T08:35:04.156+0000] {logging_mixin.py:188} INFO - [2026-04-08T08:35:04.156+0000] {dagbag.py:538} INFO - Filling up the DagBag from /home/airflow/.local/lib/python3.8/site-packages/airflow/example_dags/plugins/event_listener.py
[2026-04-08T08:35:04.159+0000] {processor.py:842} WARNING - No viable dags retrieved from /home/airflow/.local/lib/python3.8/site-packages/airflow/example_dags/plugins/event_listener.py
[2026-04-08T08:35:04.172+0000] {processor.py:183} INFO - Processing /home/airflow/.local/lib/python3.8/site-packages/airflow/example_dags/plugins/event_listener.py took 0.022 seconds
[2026-04-08T08:35:34.623+0000] {processor.py:161} INFO - Started process (PID=1271) to work on /home/airflow/.local/lib/python3.8/site-packages/airflow/example_dags/plugins/event_listener.py
[2026-04-08T08:35:34.623+0000] {processor.py:830} INFO - Processing file /home/airflow/.local/lib/python3.8/site-packages/airflow/example_dags/plugins/event_listener.py for tasks to queue
[2026-04-08T08:35:34.626+0000] {logging_mixin.py:188} INFO - [2026-04-08T08:35:34.625+0000] {dagbag.py:538} INFO - Filling up the DagBag from /home/airflow/.local/lib/python3.8/site-packages/airflow/example_dags/plugins/event_listener.py
[2026-04-08T08:35:34.628+0000] {processor.py:842} WARNING - No viable dags retrieved from /home/airflow/.local/lib/python3.8/site-packages/airflow/example_dags/plugins/event_listener.py
[2026-04-08T08:35:34.641+0000] {processor.py:183} INFO - Processing /home/airflow/.local/lib/python3.8/site-packages/airflow/example_dags/plugins/event_listener.py took 0.022 seconds
[2026-04-08T08:36:05.626+0000] {processor.py:161} INFO - Started process (PID=1326) to work on /home/airflow/.local/lib/python3.8/site-packages/airflow/example_dags/plugins/event_listener.py
[2026-04-08T08:36:05.626+0000] {processor.py:830} INFO - Processing file /home/airflow/.local/lib/python3.8/site-packages/airflow/example_dags/plugins/event_listener.py for tasks to queue
[2026-04-08T08:36:05.628+0000] {logging_mixin.py:188} INFO - [2026-04-08T08:36:05.628+0000] {dagbag.py:538} INFO - Filling up the DagBag from /home/airflow/.local/lib/python3.8/site-packages/airflow/example_dags/plugins/event_listener.py
[2026-04-08T08:36:05.631+0000] {processor.py:842} WARNING - No viable dags retrieved from /home/airflow/.local/lib/python3.8/site-packages/airflow/example_dags/plugins/event_listener.py
[2026-04-08T08:36:05.645+0000] {processor.py:183} INFO - Processing /home/airflow/.local/lib/python3.8/site-packages/airflow/example_dags/plugins/event_listener.py took 0.023 seconds
[2026-04-08T08:36:35.778+0000] {processor.py:161} INFO - Started process (PID=1381) to work on /home/airflow/.local/lib/python3.8/site-packages/airflow/example_dags/plugins/event_listener.py
[2026-04-08T08:36:35.779+0000] {processor.py:830} INFO - Processing file /home/airflow/.local/lib/python3.8/site-packages/airflow/example_dags/plugins/event_listener.py for tasks to queue
[2026-04-08T08:36:35.781+0000] {logging_mixin.py:188} INFO - [2026-04-08T08:36:35.780+0000] {dagbag.py:538} INFO - Filling up the DagBag from /home/airflow/.local/lib/python3.8/site-packages/airflow/example_dags/plugins/event_listener.py
[2026-04-08T08:36:35.783+0000] {processor.py:842} WARNING - No viable dags retrieved from /home/airflow/.local/lib/python3.8/site-packages/airflow/example_dags/plugins/event_listener.py
[2026-04-08T08:36:35.796+0000] {processor.py:183} INFO - Processing /home/airflow/.local/lib/python3.8/site-packages/airflow/example_dags/plugins/event_listener.py took 0.022 seconds
[2026-04-08T08:37:06.680+0000] {processor.py:161} INFO - Started process (PID=1436) to work on /home/airflow/.local/lib/python3.8/site-packages/airflow/example_dags/plugins/event_listener.py
[2026-04-08T08:37:06.681+0000] {processor.py:830} INFO - Processing file /home/airflow/.local/lib/python3.8/site-packages/airflow/example_dags/plugins/event_listener.py for tasks to queue
[2026-04-08T08:37:06.683+0000] {logging_mixin.py:188} INFO - [2026-04-08T08:37:06.683+0000] {dagbag.py:538} INFO - Filling up the DagBag from /home/airflow/.local/lib/python3.8/site-packages/airflow/example_dags/plugins/event_listener.py
[2026-04-08T08:37:06.685+0000] {processor.py:842} WARNING - No viable dags retrieved from /home/airflow/.local/lib/python3.8/site-packages/airflow/example_dags/plugins/event_listener.py
[2026-04-08T08:37:06.698+0000] {processor.py:183} INFO - Processing /home/airflow/.local/lib/python3.8/site-packages/airflow/example_dags/plugins/event_listener.py took 0.021 seconds
[2026-04-08T08:37:37.457+0000] {processor.py:161} INFO - Started process (PID=1491) to work on /home/airflow/.local/lib/python3.8/site-packages/airflow/example_dags/plugins/event_listener.py
[2026-04-08T08:37:37.459+0000] {processor.py:830} INFO - Processing file /home/airflow/.local/lib/python3.8/site-packages/airflow/example_dags/plugins/event_listener.py for tasks to queue
[2026-04-08T08:37:37.469+0000] {logging_mixin.py:188} INFO - [2026-04-08T08:37:37.467+0000] {dagbag.py:538} INFO - Filling up the DagBag from /home/airflow/.local/lib/python3.8/site-packages/airflow/example_dags/plugins/event_listener.py
[2026-04-08T08:37:37.472+0000] {processor.py:842} WARNING - No viable dags retrieved from /home/airflow/.local/lib/python3.8/site-packages/airflow/example_dags/plugins/event_listener.py
[2026-04-08T08:37:37.490+0000] {processor.py:183} INFO - Processing /home/airflow/.local/lib/python3.8/site-packages/airflow/example_dags/plugins/event_listener.py took 0.036 seconds
[2026-04-08T08:38:07.996+0000] {processor.py:161} INFO - Started process (PID=1546) to work on /home/airflow/.local/lib/python3.8/site-packages/airflow/example_dags/plugins/event_listener.py
[2026-04-08T08:38:07.997+0000] {processor.py:830} INFO - Processing file /home/airflow/.local/lib/python3.8/site-packages/airflow/example_dags/plugins/event_listener.py for tasks to queue
[2026-04-08T08:38:07.999+0000] {logging_mixin.py:188} INFO - [2026-04-08T08:38:07.999+0000] {dagbag.py:538} INFO - Filling up the DagBag from /home/airflow/.local/lib/python3.8/site-packages/airflow/example_dags/plugins/event_listener.py
[2026-04-08T08:38:08.002+0000] {processor.py:842} WARNING - No viable dags retrieved from /home/airflow/.local/lib/python3.8/site-packages/airflow/example_dags/plugins/event_listener.py
[2026-04-08T08:38:08.015+0000] {processor.py:183} INFO - Processing /home/airflow/.local/lib/python3.8/site-packages/airflow/example_dags/plugins/event_listener.py took 0.023 seconds
[2026-04-08T08:38:38.724+0000] {processor.py:161} INFO - Started process (PID=1602) to work on /home/airflow/.local/lib/python3.8/site-packages/airflow/example_dags/plugins/event_listener.py
[2026-04-08T08:38:38.724+0000] {processor.py:830} INFO - Processing file /home/airflow/.local/lib/python3.8/site-packages/airflow/example_dags/plugins/event_listener.py for tasks to queue
[2026-04-08T08:38:38.729+0000] {logging_mixin.py:188} INFO - [2026-04-08T08:38:38.729+0000] {dagbag.py:538} INFO - Filling up the DagBag from /home/airflow/.local/lib/python3.8/site-packages/airflow/example_dags/plugins/event_listener.py
[2026-04-08T08:38:38.733+0000] {processor.py:842} WARNING - No viable dags retrieved from /home/airflow/.local/lib/python3.8/site-packages/airflow/example_dags/plugins/event_listener.py
[2026-04-08T08:38:38.747+0000] {processor.py:183} INFO - Processing /home/airflow/.local/lib/python3.8/site-packages/airflow/example_dags/plugins/event_listener.py took 0.026 seconds
[2026-04-08T08:39:09.241+0000] {processor.py:161} INFO - Started process (PID=1658) to work on /home/airflow/.local/lib/python3.8/site-packages/airflow/example_dags/plugins/event_listener.py
[2026-04-08T08:39:09.242+0000] {processor.py:830} INFO - Processing file /home/airflow/.local/lib/python3.8/site-packages/airflow/example_dags/plugins/event_listener.py for tasks to queue
[2026-04-08T08:39:09.244+0000] {logging_mixin.py:188} INFO - [2026-04-08T08:39:09.244+0000] {dagbag.py:538} INFO - Filling up the DagBag from /home/airflow/.local/lib/python3.8/site-packages/airflow/example_dags/plugins/event_listener.py
[2026-04-08T08:39:09.253+0000] {processor.py:842} WARNING - No viable dags retrieved from /home/airflow/.local/lib/python3.8/site-packages/airflow/example_dags/plugins/event_listener.py
[2026-04-08T08:39:09.281+0000] {processor.py:183} INFO - Processing /home/airflow/.local/lib/python3.8/site-packages/airflow/example_dags/plugins/event_listener.py took 0.047 seconds
[2026-04-08T08:39:39.736+0000] {processor.py:161} INFO - Started process (PID=1713) to work on /home/airflow/.local/lib/python3.8/site-packages/airflow/example_dags/plugins/event_listener.py
[2026-04-08T08:39:39.745+0000] {processor.py:830} INFO - Processing file /home/airflow/.local/lib/python3.8/site-packages/airflow/example_dags/plugins/event_listener.py for tasks to queue
[2026-04-08T08:39:39.751+0000] {logging_mixin.py:188} INFO - [2026-04-08T08:39:39.751+0000] {dagbag.py:538} INFO - Filling up the DagBag from /home/airflow/.local/lib/python3.8/site-packages/airflow/example_dags/plugins/event_listener.py
[2026-04-08T08:39:39.770+0000] {processor.py:842} WARNING - No viable dags retrieved from /home/airflow/.local/lib/python3.8/site-packages/airflow/example_dags/plugins/event_listener.py
[2026-04-08T08:39:39.833+0000] {processor.py:183} INFO - Processing /home/airflow/.local/lib/python3.8/site-packages/airflow/example_dags/plugins/event_listener.py took 0.108 seconds
[2026-04-08T08:40:10.203+0000] {processor.py:161} INFO - Started process (PID=1768) to work on /home/airflow/.local/lib/python3.8/site-packages/airflow/example_dags/plugins/event_listener.py
[2026-04-08T08:40:10.204+0000] {processor.py:830} INFO - Processing file /home/airflow/.local/lib/python3.8/site-packages/airflow/example_dags/plugins/event_listener.py for tasks to queue
[2026-04-08T08:40:10.206+0000] {logging_mixin.py:188} INFO - [2026-04-08T08:40:10.206+0000] {dagbag.py:538} INFO - Filling up the DagBag from /home/airflow/.local/lib/python3.8/site-packages/airflow/example_dags/plugins/event_listener.py
[2026-04-08T08:40:10.209+0000] {processor.py:842} WARNING - No viable dags retrieved from /home/airflow/.local/lib/python3.8/site-packages/airflow/example_dags/plugins/event_listener.py
[2026-04-08T08:40:10.222+0000] {processor.py:183} INFO - Processing /home/airflow/.local/lib/python3.8/site-packages/airflow/example_dags/plugins/event_listener.py took 0.022 seconds
[2026-04-08T08:40:41.148+0000] {processor.py:161} INFO - Started process (PID=1822) to work on /home/airflow/.local/lib/python3.8/site-packages/airflow/example_dags/plugins/event_listener.py
[2026-04-08T08:40:41.154+0000] {processor.py:830} INFO - Processing file /home/airflow/.local/lib/python3.8/site-packages/airflow/example_dags/plugins/event_listener.py for tasks to queue
[2026-04-08T08:40:41.161+0000] {logging_mixin.py:188} INFO - [2026-04-08T08:40:41.161+0000] {dagbag.py:538} INFO - Filling up the DagBag from /home/airflow/.local/lib/python3.8/site-packages/airflow/example_dags/plugins/event_listener.py
[2026-04-08T08:40:41.169+0000] {processor.py:842} WARNING - No viable dags retrieved from /home/airflow/.local/lib/python3.8/site-packages/airflow/example_dags/plugins/event_listener.py
[2026-04-08T08:40:41.191+0000] {processor.py:183} INFO - Processing /home/airflow/.local/lib/python3.8/site-packages/airflow/example_dags/plugins/event_listener.py took 0.052 seconds
[2026-04-08T08:41:11.756+0000] {processor.py:161} INFO - Started process (PID=1876) to work on /home/airflow/.local/lib/python3.8/site-packages/airflow/example_dags/plugins/event_listener.py
[2026-04-08T08:41:11.757+0000] {processor.py:830} INFO - Processing file /home/airflow/.local/lib/python3.8/site-packages/airflow/example_dags/plugins/event_listener.py for tasks to queue
[2026-04-08T08:41:11.759+0000] {logging_mixin.py:188} INFO - [2026-04-08T08:41:11.759+0000] {dagbag.py:538} INFO - Filling up the DagBag from /home/airflow/.local/lib/python3.8/site-packages/airflow/example_dags/plugins/event_listener.py
[2026-04-08T08:41:11.763+0000] {processor.py:842} WARNING - No viable dags retrieved from /home/airflow/.local/lib/python3.8/site-packages/airflow/example_dags/plugins/event_listener.py
[2026-04-08T08:41:11.790+0000] {processor.py:183} INFO - Processing /home/airflow/.local/lib/python3.8/site-packages/airflow/example_dags/plugins/event_listener.py took 0.037 seconds
[2026-04-08T08:41:42.423+0000] {processor.py:161} INFO - Started process (PID=1931) to work on /home/airflow/.local/lib/python3.8/site-packages/airflow/example_dags/plugins/event_listener.py
[2026-04-08T08:41:42.426+0000] {processor.py:830} INFO - Processing file /home/airflow/.local/lib/python3.8/site-packages/airflow/example_dags/plugins/event_listener.py for tasks to queue
[2026-04-08T08:41:42.431+0000] {logging_mixin.py:188} INFO - [2026-04-08T08:41:42.431+0000] {dagbag.py:538} INFO - Filling up the DagBag from /home/airflow/.local/lib/python3.8/site-packages/airflow/example_dags/plugins/event_listener.py
[2026-04-08T08:41:42.439+0000] {processor.py:842} WARNING - No viable dags retrieved from /home/airflow/.local/lib/python3.8/site-packages/airflow/example_dags/plugins/event_listener.py
[2026-04-08T08:41:42.460+0000] {processor.py:183} INFO - Processing /home/airflow/.local/lib/python3.8/site-packages/airflow/example_dags/plugins/event_listener.py took 0.047 seconds
[2026-04-08T08:42:12.971+0000] {processor.py:161} INFO - Started process (PID=1987) to work on /home/airflow/.local/lib/python3.8/site-packages/airflow/example_dags/plugins/event_listener.py
[2026-04-08T08:42:12.972+0000] {processor.py:830} INFO - Processing file /home/airflow/.local/lib/python3.8/site-packages/airflow/example_dags/plugins/event_listener.py for tasks to queue
[2026-04-08T08:42:12.974+0000] {logging_mixin.py:188} INFO - [2026-04-08T08:42:12.974+0000] {dagbag.py:538} INFO - Filling up the DagBag from /home/airflow/.local/lib/python3.8/site-packages/airflow/example_dags/plugins/event_listener.py
[2026-04-08T08:42:12.976+0000] {processor.py:842} WARNING - No viable dags retrieved from /home/airflow/.local/lib/python3.8/site-packages/airflow/example_dags/plugins/event_listener.py
[2026-04-08T08:42:12.990+0000] {processor.py:183} INFO - Processing /home/airflow/.local/lib/python3.8/site-packages/airflow/example_dags/plugins/event_listener.py took 0.022 seconds
[2026-04-08T08:42:44.352+0000] {processor.py:161} INFO - Started process (PID=2042) to work on /home/airflow/.local/lib/python3.8/site-packages/airflow/example_dags/plugins/event_listener.py
[2026-04-08T08:42:44.353+0000] {processor.py:830} INFO - Processing file /home/airflow/.local/lib/python3.8/site-packages/airflow/example_dags/plugins/event_listener.py for tasks to queue
[2026-04-08T08:42:44.355+0000] {logging_mixin.py:188} INFO - [2026-04-08T08:42:44.354+0000] {dagbag.py:538} INFO - Filling up the DagBag from /home/airflow/.local/lib/python3.8/site-packages/airflow/example_dags/plugins/event_listener.py
[2026-04-08T08:42:44.356+0000] {processor.py:842} WARNING - No viable dags retrieved from /home/airflow/.local/lib/python3.8/site-packages/airflow/example_dags/plugins/event_listener.py
[2026-04-08T08:42:44.366+0000] {processor.py:183} INFO - Processing /home/airflow/.local/lib/python3.8/site-packages/airflow/example_dags/plugins/event_listener.py took 0.016 seconds
[2026-04-08T08:43:15.413+0000] {processor.py:161} INFO - Started process (PID=2097) to work on /home/airflow/.local/lib/python3.8/site-packages/airflow/example_dags/plugins/event_listener.py
[2026-04-08T08:43:15.414+0000] {processor.py:830} INFO - Processing file /home/airflow/.local/lib/python3.8/site-packages/airflow/example_dags/plugins/event_listener.py for tasks to queue
[2026-04-08T08:43:15.416+0000] {logging_mixin.py:188} INFO - [2026-04-08T08:43:15.416+0000] {dagbag.py:538} INFO - Filling up the DagBag from /home/airflow/.local/lib/python3.8/site-packages/airflow/example_dags/plugins/event_listener.py
[2026-04-08T08:43:15.418+0000] {processor.py:842} WARNING - No viable dags retrieved from /home/airflow/.local/lib/python3.8/site-packages/airflow/example_dags/plugins/event_listener.py
[2026-04-08T08:43:15.431+0000] {processor.py:183} INFO - Processing /home/airflow/.local/lib/python3.8/site-packages/airflow/example_dags/plugins/event_listener.py took 0.021 seconds
[2026-04-08T08:43:45.894+0000] {processor.py:161} INFO - Started process (PID=2152) to work on /home/airflow/.local/lib/python3.8/site-packages/airflow/example_dags/plugins/event_listener.py
[2026-04-08T08:43:45.895+0000] {processor.py:830} INFO - Processing file /home/airflow/.local/lib/python3.8/site-packages/airflow/example_dags/plugins/event_listener.py for tasks to queue
[2026-04-08T08:43:45.897+0000] {logging_mixin.py:188} INFO - [2026-04-08T08:43:45.896+0000] {dagbag.py:538} INFO - Filling up the DagBag from /home/airflow/.local/lib/python3.8/site-packages/airflow/example_dags/plugins/event_listener.py
[2026-04-08T08:43:45.899+0000] {processor.py:842} WARNING - No viable dags retrieved from /home/airflow/.local/lib/python3.8/site-packages/airflow/example_dags/plugins/event_listener.py
[2026-04-08T08:43:45.912+0000] {processor.py:183} INFO - Processing /home/airflow/.local/lib/python3.8/site-packages/airflow/example_dags/plugins/event_listener.py took 0.021 seconds
[2026-04-08T08:44:16.814+0000] {processor.py:161} INFO - Started process (PID=2214) to work on /home/airflow/.local/lib/python3.8/site-packages/airflow/example_dags/plugins/event_listener.py
[2026-04-08T08:44:16.815+0000] {processor.py:830} INFO - Processing file /home/airflow/.local/lib/python3.8/site-packages/airflow/example_dags/plugins/event_listener.py for tasks to queue
[2026-04-08T08:44:16.817+0000] {logging_mixin.py:188} INFO - [2026-04-08T08:44:16.816+0000] {dagbag.py:538} INFO - Filling up the DagBag from /home/airflow/.local/lib/python3.8/site-packages/airflow/example_dags/plugins/event_listener.py
[2026-04-08T08:44:16.819+0000] {processor.py:842} WARNING - No viable dags retrieved from /home/airflow/.local/lib/python3.8/site-packages/airflow/example_dags/plugins/event_listener.py
[2026-04-08T08:44:16.833+0000] {processor.py:183} INFO - Processing /home/airflow/.local/lib/python3.8/site-packages/airflow/example_dags/plugins/event_listener.py took 0.023 seconds
[2026-04-08T08:44:46.982+0000] {processor.py:161} INFO - Started process (PID=2269) to work on /home/airflow/.local/lib/python3.8/site-packages/airflow/example_dags/plugins/event_listener.py
[2026-04-08T08:44:46.983+0000] {processor.py:830} INFO - Processing file /home/airflow/.local/lib/python3.8/site-packages/airflow/example_dags/plugins/event_listener.py for tasks to queue
[2026-04-08T08:44:46.986+0000] {logging_mixin.py:188} INFO - [2026-04-08T08:44:46.985+0000] {dagbag.py:538} INFO - Filling up the DagBag from /home/airflow/.local/lib/python3.8/site-packages/airflow/example_dags/plugins/event_listener.py
[2026-04-08T08:44:46.988+0000] {processor.py:842} WARNING - No viable dags retrieved from /home/airflow/.local/lib/python3.8/site-packages/airflow/example_dags/plugins/event_listener.py
[2026-04-08T08:44:47.007+0000] {processor.py:183} INFO - Processing /home/airflow/.local/lib/python3.8/site-packages/airflow/example_dags/plugins/event_listener.py took 0.028 seconds
[2026-04-08T08:45:18.061+0000] {processor.py:161} INFO - Started process (PID=2324) to work on /home/airflow/.local/lib/python3.8/site-packages/airflow/example_dags/plugins/event_listener.py
[2026-04-08T08:45:18.062+0000] {processor.py:830} INFO - Processing file /home/airflow/.local/lib/python3.8/site-packages/airflow/example_dags/plugins/event_listener.py for tasks to queue
[2026-04-08T08:45:18.064+0000] {logging_mixin.py:188} INFO - [2026-04-08T08:45:18.064+0000] {dagbag.py:538} INFO - Filling up the DagBag from /home/airflow/.local/lib/python3.8/site-packages/airflow/example_dags/plugins/event_listener.py
[2026-04-08T08:45:18.066+0000] {processor.py:842} WARNING - No viable dags retrieved from /home/airflow/.local/lib/python3.8/site-packages/airflow/example_dags/plugins/event_listener.py
[2026-04-08T08:45:18.079+0000] {processor.py:183} INFO - Processing /home/airflow/.local/lib/python3.8/site-packages/airflow/example_dags/plugins/event_listener.py took 0.021 seconds
[2026-04-08T08:45:48.199+0000] {processor.py:161} INFO - Started process (PID=2379) to work on /home/airflow/.local/lib/python3.8/site-packages/airflow/example_dags/plugins/event_listener.py
[2026-04-08T08:45:48.200+0000] {processor.py:830} INFO - Processing file /home/airflow/.local/lib/python3.8/site-packages/airflow/example_dags/plugins/event_listener.py for tasks to queue
[2026-04-08T08:45:48.202+0000] {logging_mixin.py:188} INFO - [2026-04-08T08:45:48.202+0000] {dagbag.py:538} INFO - Filling up the DagBag from /home/airflow/.local/lib/python3.8/site-packages/airflow/example_dags/plugins/event_listener.py
[2026-04-08T08:45:48.205+0000] {processor.py:842} WARNING - No viable dags retrieved from /home/airflow/.local/lib/python3.8/site-packages/airflow/example_dags/plugins/event_listener.py
[2026-04-08T08:45:48.217+0000] {processor.py:183} INFO - Processing /home/airflow/.local/lib/python3.8/site-packages/airflow/example_dags/plugins/event_listener.py took 0.022 seconds
[2026-04-08T08:46:18.489+0000] {processor.py:161} INFO - Started process (PID=2434) to work on /home/airflow/.local/lib/python3.8/site-packages/airflow/example_dags/plugins/event_listener.py
[2026-04-08T08:46:18.490+0000] {processor.py:830} INFO - Processing file /home/airflow/.local/lib/python3.8/site-packages/airflow/example_dags/plugins/event_listener.py for tasks to queue
[2026-04-08T08:46:18.492+0000] {logging_mixin.py:188} INFO - [2026-04-08T08:46:18.492+0000] {dagbag.py:538} INFO - Filling up the DagBag from /home/airflow/.local/lib/python3.8/site-packages/airflow/example_dags/plugins/event_listener.py
[2026-04-08T08:46:18.494+0000] {processor.py:842} WARNING - No viable dags retrieved from /home/airflow/.local/lib/python3.8/site-packages/airflow/example_dags/plugins/event_listener.py
[2026-04-08T08:46:18.509+0000] {processor.py:183} INFO - Processing /home/airflow/.local/lib/python3.8/site-packages/airflow/example_dags/plugins/event_listener.py took 0.023 seconds
[2026-04-08T08:46:48.986+0000] {processor.py:161} INFO - Started process (PID=2489) to work on /home/airflow/.local/lib/python3.8/site-packages/airflow/example_dags/plugins/event_listener.py
[2026-04-08T08:46:48.987+0000] {processor.py:830} INFO - Processing file /home/airflow/.local/lib/python3.8/site-packages/airflow/example_dags/plugins/event_listener.py for tasks to queue
[2026-04-08T08:46:48.989+0000] {logging_mixin.py:188} INFO - [2026-04-08T08:46:48.989+0000] {dagbag.py:538} INFO - Filling up the DagBag from /home/airflow/.local/lib/python3.8/site-packages/airflow/example_dags/plugins/event_listener.py
[2026-04-08T08:46:48.991+0000] {processor.py:842} WARNING - No viable dags retrieved from /home/airflow/.local/lib/python3.8/site-packages/airflow/example_dags/plugins/event_listener.py
[2026-04-08T08:46:49.004+0000] {processor.py:183} INFO - Processing /home/airflow/.local/lib/python3.8/site-packages/airflow/example_dags/plugins/event_listener.py took 0.021 seconds
[2026-04-08T08:47:19.597+0000] {processor.py:161} INFO - Started process (PID=2544) to work on /home/airflow/.local/lib/python3.8/site-packages/airflow/example_dags/plugins/event_listener.py
[2026-04-08T08:47:19.598+0000] {processor.py:830} INFO - Processing file /home/airflow/.local/lib/python3.8/site-packages/airflow/example_dags/plugins/event_listener.py for tasks to queue
[2026-04-08T08:47:19.600+0000] {logging_mixin.py:188} INFO - [2026-04-08T08:47:19.600+0000] {dagbag.py:538} INFO - Filling up the DagBag from /home/airflow/.local/lib/python3.8/site-packages/airflow/example_dags/plugins/event_listener.py
[2026-04-08T08:47:19.602+0000] {processor.py:842} WARNING - No viable dags retrieved from /home/airflow/.local/lib/python3.8/site-packages/airflow/example_dags/plugins/event_listener.py
[2026-04-08T08:47:19.615+0000] {processor.py:183} INFO - Processing /home/airflow/.local/lib/python3.8/site-packages/airflow/example_dags/plugins/event_listener.py took 0.021 seconds
[2026-04-08T08:47:49.946+0000] {processor.py:161} INFO - Started process (PID=2599) to work on /home/airflow/.local/lib/python3.8/site-packages/airflow/example_dags/plugins/event_listener.py
[2026-04-08T08:47:49.947+0000] {processor.py:830} INFO - Processing file /home/airflow/.local/lib/python3.8/site-packages/airflow/example_dags/plugins/event_listener.py for tasks to queue
[2026-04-08T08:47:49.949+0000] {logging_mixin.py:188} INFO - [2026-04-08T08:47:49.949+0000] {dagbag.py:538} INFO - Filling up the DagBag from /home/airflow/.local/lib/python3.8/site-packages/airflow/example_dags/plugins/event_listener.py
[2026-04-08T08:47:49.951+0000] {processor.py:842} WARNING - No viable dags retrieved from /home/airflow/.local/lib/python3.8/site-packages/airflow/example_dags/plugins/event_listener.py
[2026-04-08T08:47:49.964+0000] {processor.py:183} INFO - Processing /home/airflow/.local/lib/python3.8/site-packages/airflow/example_dags/plugins/event_listener.py took 0.022 seconds
[2026-04-08T08:48:20.140+0000] {processor.py:161} INFO - Started process (PID=2654) to work on /home/airflow/.local/lib/python3.8/site-packages/airflow/example_dags/plugins/event_listener.py
[2026-04-08T08:48:20.142+0000] {processor.py:830} INFO - Processing file /home/airflow/.local/lib/python3.8/site-packages/airflow/example_dags/plugins/event_listener.py for tasks to queue
[2026-04-08T08:48:20.144+0000] {logging_mixin.py:188} INFO - [2026-04-08T08:48:20.143+0000] {dagbag.py:538} INFO - Filling up the DagBag from /home/airflow/.local/lib/python3.8/site-packages/airflow/example_dags/plugins/event_listener.py
[2026-04-08T08:48:20.146+0000] {processor.py:842} WARNING - No viable dags retrieved from /home/airflow/.local/lib/python3.8/site-packages/airflow/example_dags/plugins/event_listener.py
[2026-04-08T08:48:20.161+0000] {processor.py:183} INFO - Processing /home/airflow/.local/lib/python3.8/site-packages/airflow/example_dags/plugins/event_listener.py took 0.024 seconds
[2026-04-08T08:48:50.614+0000] {processor.py:161} INFO - Started process (PID=2709) to work on /home/airflow/.local/lib/python3.8/site-packages/airflow/example_dags/plugins/event_listener.py
[2026-04-08T08:48:50.615+0000] {processor.py:830} INFO - Processing file /home/airflow/.local/lib/python3.8/site-packages/airflow/example_dags/plugins/event_listener.py for tasks to queue
[2026-04-08T08:48:50.617+0000] {logging_mixin.py:188} INFO - [2026-04-08T08:48:50.616+0000] {dagbag.py:538} INFO - Filling up the DagBag from /home/airflow/.local/lib/python3.8/site-packages/airflow/example_dags/plugins/event_listener.py
[2026-04-08T08:48:50.619+0000] {processor.py:842} WARNING - No viable dags retrieved from /home/airflow/.local/lib/python3.8/site-packages/airflow/example_dags/plugins/event_listener.py
[2026-04-08T08:48:50.632+0000] {processor.py:183} INFO - Processing /home/airflow/.local/lib/python3.8/site-packages/airflow/example_dags/plugins/event_listener.py took 0.021 seconds
[2026-04-08T08:49:21.732+0000] {processor.py:161} INFO - Started process (PID=2764) to work on /home/airflow/.local/lib/python3.8/site-packages/airflow/example_dags/plugins/event_listener.py
[2026-04-08T08:49:21.746+0000] {processor.py:830} INFO - Processing file /home/airflow/.local/lib/python3.8/site-packages/airflow/example_dags/plugins/event_listener.py for tasks to queue
[2026-04-08T08:49:21.768+0000] {logging_mixin.py:188} INFO - [2026-04-08T08:49:21.765+0000] {dagbag.py:538} INFO - Filling up the DagBag from /home/airflow/.local/lib/python3.8/site-packages/airflow/example_dags/plugins/event_listener.py
[2026-04-08T08:49:21.785+0000] {processor.py:842} WARNING - No viable dags retrieved from /home/airflow/.local/lib/python3.8/site-packages/airflow/example_dags/plugins/event_listener.py
[2026-04-08T08:49:21.854+0000] {processor.py:183} INFO - Processing /home/airflow/.local/lib/python3.8/site-packages/airflow/example_dags/plugins/event_listener.py took 0.133 seconds
[2026-04-08T08:49:52.861+0000] {processor.py:161} INFO - Started process (PID=2819) to work on /home/airflow/.local/lib/python3.8/site-packages/airflow/example_dags/plugins/event_listener.py
[2026-04-08T08:49:52.864+0000] {processor.py:830} INFO - Processing file /home/airflow/.local/lib/python3.8/site-packages/airflow/example_dags/plugins/event_listener.py for tasks to queue
[2026-04-08T08:49:52.871+0000] {logging_mixin.py:188} INFO - [2026-04-08T08:49:52.871+0000] {dagbag.py:538} INFO - Filling up the DagBag from /home/airflow/.local/lib/python3.8/site-packages/airflow/example_dags/plugins/event_listener.py
[2026-04-08T08:49:52.877+0000] {processor.py:842} WARNING - No viable dags retrieved from /home/airflow/.local/lib/python3.8/site-packages/airflow/example_dags/plugins/event_listener.py
[2026-04-08T08:49:52.917+0000] {processor.py:183} INFO - Processing /home/airflow/.local/lib/python3.8/site-packages/airflow/example_dags/plugins/event_listener.py took 0.068 seconds
[2026-04-08T08:50:23.650+0000] {processor.py:161} INFO - Started process (PID=2874) to work on /home/airflow/.local/lib/python3.8/site-packages/airflow/example_dags/plugins/event_listener.py
[2026-04-08T08:50:23.651+0000] {processor.py:830} INFO - Processing file /home/airflow/.local/lib/python3.8/site-packages/airflow/example_dags/plugins/event_listener.py for tasks to queue
[2026-04-08T08:50:23.653+0000] {logging_mixin.py:188} INFO - [2026-04-08T08:50:23.653+0000] {dagbag.py:538} INFO - Filling up the DagBag from /home/airflow/.local/lib/python3.8/site-packages/airflow/example_dags/plugins/event_listener.py
[2026-04-08T08:50:23.656+0000] {processor.py:842} WARNING - No viable dags retrieved from /home/airflow/.local/lib/python3.8/site-packages/airflow/example_dags/plugins/event_listener.py
[2026-04-08T08:50:23.670+0000] {processor.py:183} INFO - Processing /home/airflow/.local/lib/python3.8/site-packages/airflow/example_dags/plugins/event_listener.py took 0.023 seconds
[2026-04-08T08:50:54.379+0000] {processor.py:161} INFO - Started process (PID=2928) to work on /home/airflow/.local/lib/python3.8/site-packages/airflow/example_dags/plugins/event_listener.py
[2026-04-08T08:50:54.380+0000] {processor.py:830} INFO - Processing file /home/airflow/.local/lib/python3.8/site-packages/airflow/example_dags/plugins/event_listener.py for tasks to queue
[2026-04-08T08:50:54.382+0000] {logging_mixin.py:188} INFO - [2026-04-08T08:50:54.382+0000] {dagbag.py:538} INFO - Filling up the DagBag from /home/airflow/.local/lib/python3.8/site-packages/airflow/example_dags/plugins/event_listener.py
[2026-04-08T08:50:54.385+0000] {processor.py:842} WARNING - No viable dags retrieved from /home/airflow/.local/lib/python3.8/site-packages/airflow/example_dags/plugins/event_listener.py
[2026-04-08T08:50:54.400+0000] {processor.py:183} INFO - Processing /home/airflow/.local/lib/python3.8/site-packages/airflow/example_dags/plugins/event_listener.py took 0.024 seconds
[2026-04-08T08:51:24.697+0000] {processor.py:161} INFO - Started process (PID=2983) to work on /home/airflow/.local/lib/python3.8/site-packages/airflow/example_dags/plugins/event_listener.py
[2026-04-08T08:51:24.698+0000] {processor.py:830} INFO - Processing file /home/airflow/.local/lib/python3.8/site-packages/airflow/example_dags/plugins/event_listener.py for tasks to queue
[2026-04-08T08:51:24.700+0000] {logging_mixin.py:188} INFO - [2026-04-08T08:51:24.700+0000] {dagbag.py:538} INFO - Filling up the DagBag from /home/airflow/.local/lib/python3.8/site-packages/airflow/example_dags/plugins/event_listener.py
[2026-04-08T08:51:24.704+0000] {processor.py:842} WARNING - No viable dags retrieved from /home/airflow/.local/lib/python3.8/site-packages/airflow/example_dags/plugins/event_listener.py
[2026-04-08T08:51:24.727+0000] {processor.py:183} INFO - Processing /home/airflow/.local/lib/python3.8/site-packages/airflow/example_dags/plugins/event_listener.py took 0.033 seconds
[2026-04-08T08:51:55.467+0000] {processor.py:161} INFO - Started process (PID=3038) to work on /home/airflow/.local/lib/python3.8/site-packages/airflow/example_dags/plugins/event_listener.py
[2026-04-08T08:51:55.468+0000] {processor.py:830} INFO - Processing file /home/airflow/.local/lib/python3.8/site-packages/airflow/example_dags/plugins/event_listener.py for tasks to queue
[2026-04-08T08:51:55.470+0000] {logging_mixin.py:188} INFO - [2026-04-08T08:51:55.470+0000] {dagbag.py:538} INFO - Filling up the DagBag from /home/airflow/.local/lib/python3.8/site-packages/airflow/example_dags/plugins/event_listener.py
[2026-04-08T08:51:55.473+0000] {processor.py:842} WARNING - No viable dags retrieved from /home/airflow/.local/lib/python3.8/site-packages/airflow/example_dags/plugins/event_listener.py
[2026-04-08T08:51:55.501+0000] {processor.py:183} INFO - Processing /home/airflow/.local/lib/python3.8/site-packages/airflow/example_dags/plugins/event_listener.py took 0.037 seconds
[2026-04-08T08:52:26.372+0000] {processor.py:161} INFO - Started process (PID=3093) to work on /home/airflow/.local/lib/python3.8/site-packages/airflow/example_dags/plugins/event_listener.py
[2026-04-08T08:52:26.380+0000] {processor.py:830} INFO - Processing file /home/airflow/.local/lib/python3.8/site-packages/airflow/example_dags/plugins/event_listener.py for tasks to queue
[2026-04-08T08:52:26.405+0000] {logging_mixin.py:188} INFO - [2026-04-08T08:52:26.405+0000] {dagbag.py:538} INFO - Filling up the DagBag from /home/airflow/.local/lib/python3.8/site-packages/airflow/example_dags/plugins/event_listener.py
[2026-04-08T08:52:26.429+0000] {processor.py:842} WARNING - No viable dags retrieved from /home/airflow/.local/lib/python3.8/site-packages/airflow/example_dags/plugins/event_listener.py
[2026-04-08T08:52:26.528+0000] {processor.py:183} INFO - Processing /home/airflow/.local/lib/python3.8/site-packages/airflow/example_dags/plugins/event_listener.py took 0.166 seconds
[2026-04-08T08:52:57.071+0000] {processor.py:161} INFO - Started process (PID=3148) to work on /home/airflow/.local/lib/python3.8/site-packages/airflow/example_dags/plugins/event_listener.py
[2026-04-08T08:52:57.072+0000] {processor.py:830} INFO - Processing file /home/airflow/.local/lib/python3.8/site-packages/airflow/example_dags/plugins/event_listener.py for tasks to queue
[2026-04-08T08:52:57.075+0000] {logging_mixin.py:188} INFO - [2026-04-08T08:52:57.074+0000] {dagbag.py:538} INFO - Filling up the DagBag from /home/airflow/.local/lib/python3.8/site-packages/airflow/example_dags/plugins/event_listener.py
[2026-04-08T08:52:57.077+0000] {processor.py:842} WARNING - No viable dags retrieved from /home/airflow/.local/lib/python3.8/site-packages/airflow/example_dags/plugins/event_listener.py
[2026-04-08T08:52:57.092+0000] {processor.py:183} INFO - Processing /home/airflow/.local/lib/python3.8/site-packages/airflow/example_dags/plugins/event_listener.py took 0.024 seconds
[2026-04-08T08:53:27.915+0000] {processor.py:161} INFO - Started process (PID=3203) to work on /home/airflow/.local/lib/python3.8/site-packages/airflow/example_dags/plugins/event_listener.py
[2026-04-08T08:53:27.916+0000] {processor.py:830} INFO - Processing file /home/airflow/.local/lib/python3.8/site-packages/airflow/example_dags/plugins/event_listener.py for tasks to queue
[2026-04-08T08:53:27.919+0000] {logging_mixin.py:188} INFO - [2026-04-08T08:53:27.919+0000] {dagbag.py:538} INFO - Filling up the DagBag from /home/airflow/.local/lib/python3.8/site-packages/airflow/example_dags/plugins/event_listener.py
[2026-04-08T08:53:27.922+0000] {processor.py:842} WARNING - No viable dags retrieved from /home/airflow/.local/lib/python3.8/site-packages/airflow/example_dags/plugins/event_listener.py
[2026-04-08T08:53:27.965+0000] {processor.py:183} INFO - Processing /home/airflow/.local/lib/python3.8/site-packages/airflow/example_dags/plugins/event_listener.py took 0.053 seconds
[2026-04-08T09:13:15.850+0000] {processor.py:161} INFO - Started process (PID=110) to work on /home/airflow/.local/lib/python3.8/site-packages/airflow/example_dags/plugins/event_listener.py
[2026-04-08T09:13:15.909+0000] {processor.py:830} INFO - Processing file /home/airflow/.local/lib/python3.8/site-packages/airflow/example_dags/plugins/event_listener.py for tasks to queue
[2026-04-08T09:13:15.920+0000] {logging_mixin.py:188} INFO - [2026-04-08T09:13:15.918+0000] {dagbag.py:538} INFO - Filling up the DagBag from /home/airflow/.local/lib/python3.8/site-packages/airflow/example_dags/plugins/event_listener.py
[2026-04-08T09:13:15.926+0000] {processor.py:842} WARNING - No viable dags retrieved from /home/airflow/.local/lib/python3.8/site-packages/airflow/example_dags/plugins/event_listener.py
[2026-04-08T09:13:15.957+0000] {processor.py:183} INFO - Processing /home/airflow/.local/lib/python3.8/site-packages/airflow/example_dags/plugins/event_listener.py took 0.120 seconds
[2026-04-08T09:13:45.990+0000] {processor.py:161} INFO - Started process (PID=163) to work on /home/airflow/.local/lib/python3.8/site-packages/airflow/example_dags/plugins/event_listener.py
[2026-04-08T09:13:45.990+0000] {processor.py:830} INFO - Processing file /home/airflow/.local/lib/python3.8/site-packages/airflow/example_dags/plugins/event_listener.py for tasks to queue
[2026-04-08T09:13:45.993+0000] {logging_mixin.py:188} INFO - [2026-04-08T09:13:45.993+0000] {dagbag.py:538} INFO - Filling up the DagBag from /home/airflow/.local/lib/python3.8/site-packages/airflow/example_dags/plugins/event_listener.py
[2026-04-08T09:13:45.995+0000] {processor.py:842} WARNING - No viable dags retrieved from /home/airflow/.local/lib/python3.8/site-packages/airflow/example_dags/plugins/event_listener.py
[2026-04-08T09:13:46.014+0000] {processor.py:183} INFO - Processing /home/airflow/.local/lib/python3.8/site-packages/airflow/example_dags/plugins/event_listener.py took 0.028 seconds
[2026-04-08T09:14:16.775+0000] {processor.py:161} INFO - Started process (PID=217) to work on /home/airflow/.local/lib/python3.8/site-packages/airflow/example_dags/plugins/event_listener.py
[2026-04-08T09:14:16.776+0000] {processor.py:830} INFO - Processing file /home/airflow/.local/lib/python3.8/site-packages/airflow/example_dags/plugins/event_listener.py for tasks to queue
[2026-04-08T09:14:16.779+0000] {logging_mixin.py:188} INFO - [2026-04-08T09:14:16.778+0000] {dagbag.py:538} INFO - Filling up the DagBag from /home/airflow/.local/lib/python3.8/site-packages/airflow/example_dags/plugins/event_listener.py
[2026-04-08T09:14:16.781+0000] {processor.py:842} WARNING - No viable dags retrieved from /home/airflow/.local/lib/python3.8/site-packages/airflow/example_dags/plugins/event_listener.py
[2026-04-08T09:14:16.796+0000] {processor.py:183} INFO - Processing /home/airflow/.local/lib/python3.8/site-packages/airflow/example_dags/plugins/event_listener.py took 0.025 seconds
[2026-04-08T09:14:47.866+0000] {processor.py:161} INFO - Started process (PID=272) to work on /home/airflow/.local/lib/python3.8/site-packages/airflow/example_dags/plugins/event_listener.py
[2026-04-08T09:14:47.868+0000] {processor.py:830} INFO - Processing file /home/airflow/.local/lib/python3.8/site-packages/airflow/example_dags/plugins/event_listener.py for tasks to queue
[2026-04-08T09:14:47.871+0000] {logging_mixin.py:188} INFO - [2026-04-08T09:14:47.871+0000] {dagbag.py:538} INFO - Filling up the DagBag from /home/airflow/.local/lib/python3.8/site-packages/airflow/example_dags/plugins/event_listener.py
[2026-04-08T09:14:47.875+0000] {processor.py:842} WARNING - No viable dags retrieved from /home/airflow/.local/lib/python3.8/site-packages/airflow/example_dags/plugins/event_listener.py
[2026-04-08T09:14:47.904+0000] {processor.py:183} INFO - Processing /home/airflow/.local/lib/python3.8/site-packages/airflow/example_dags/plugins/event_listener.py took 0.051 seconds
[2026-04-08T09:15:18.441+0000] {processor.py:161} INFO - Started process (PID=327) to work on /home/airflow/.local/lib/python3.8/site-packages/airflow/example_dags/plugins/event_listener.py
[2026-04-08T09:15:18.467+0000] {processor.py:830} INFO - Processing file /home/airflow/.local/lib/python3.8/site-packages/airflow/example_dags/plugins/event_listener.py for tasks to queue
[2026-04-08T09:15:18.470+0000] {logging_mixin.py:188} INFO - [2026-04-08T09:15:18.470+0000] {dagbag.py:538} INFO - Filling up the DagBag from /home/airflow/.local/lib/python3.8/site-packages/airflow/example_dags/plugins/event_listener.py
[2026-04-08T09:15:18.473+0000] {processor.py:842} WARNING - No viable dags retrieved from /home/airflow/.local/lib/python3.8/site-packages/airflow/example_dags/plugins/event_listener.py
[2026-04-08T09:15:18.488+0000] {processor.py:183} INFO - Processing /home/airflow/.local/lib/python3.8/site-packages/airflow/example_dags/plugins/event_listener.py took 0.052 seconds
[2026-04-08T09:15:49.178+0000] {processor.py:161} INFO - Started process (PID=382) to work on /home/airflow/.local/lib/python3.8/site-packages/airflow/example_dags/plugins/event_listener.py
[2026-04-08T09:15:49.180+0000] {processor.py:830} INFO - Processing file /home/airflow/.local/lib/python3.8/site-packages/airflow/example_dags/plugins/event_listener.py for tasks to queue
[2026-04-08T09:15:49.183+0000] {logging_mixin.py:188} INFO - [2026-04-08T09:15:49.182+0000] {dagbag.py:538} INFO - Filling up the DagBag from /home/airflow/.local/lib/python3.8/site-packages/airflow/example_dags/plugins/event_listener.py
[2026-04-08T09:15:49.185+0000] {processor.py:842} WARNING - No viable dags retrieved from /home/airflow/.local/lib/python3.8/site-packages/airflow/example_dags/plugins/event_listener.py
[2026-04-08T09:15:49.214+0000] {processor.py:183} INFO - Processing /home/airflow/.local/lib/python3.8/site-packages/airflow/example_dags/plugins/event_listener.py took 0.040 seconds
[2026-04-08T09:16:19.267+0000] {processor.py:161} INFO - Started process (PID=436) to work on /home/airflow/.local/lib/python3.8/site-packages/airflow/example_dags/plugins/event_listener.py
[2026-04-08T09:16:19.268+0000] {processor.py:830} INFO - Processing file /home/airflow/.local/lib/python3.8/site-packages/airflow/example_dags/plugins/event_listener.py for tasks to queue
[2026-04-08T09:16:19.270+0000] {logging_mixin.py:188} INFO - [2026-04-08T09:16:19.270+0000] {dagbag.py:538} INFO - Filling up the DagBag from /home/airflow/.local/lib/python3.8/site-packages/airflow/example_dags/plugins/event_listener.py
[2026-04-08T09:16:19.273+0000] {processor.py:842} WARNING - No viable dags retrieved from /home/airflow/.local/lib/python3.8/site-packages/airflow/example_dags/plugins/event_listener.py
[2026-04-08T09:16:19.287+0000] {processor.py:183} INFO - Processing /home/airflow/.local/lib/python3.8/site-packages/airflow/example_dags/plugins/event_listener.py took 0.025 seconds
[2026-04-08T09:16:50.007+0000] {processor.py:161} INFO - Started process (PID=492) to work on /home/airflow/.local/lib/python3.8/site-packages/airflow/example_dags/plugins/event_listener.py
[2026-04-08T09:16:50.008+0000] {processor.py:830} INFO - Processing file /home/airflow/.local/lib/python3.8/site-packages/airflow/example_dags/plugins/event_listener.py for tasks to queue
[2026-04-08T09:16:50.010+0000] {logging_mixin.py:188} INFO - [2026-04-08T09:16:50.010+0000] {dagbag.py:538} INFO - Filling up the DagBag from /home/airflow/.local/lib/python3.8/site-packages/airflow/example_dags/plugins/event_listener.py
[2026-04-08T09:16:50.012+0000] {processor.py:842} WARNING - No viable dags retrieved from /home/airflow/.local/lib/python3.8/site-packages/airflow/example_dags/plugins/event_listener.py
[2026-04-08T09:16:50.024+0000] {processor.py:183} INFO - Processing /home/airflow/.local/lib/python3.8/site-packages/airflow/example_dags/plugins/event_listener.py took 0.019 seconds
[2026-04-08T09:17:20.135+0000] {processor.py:161} INFO - Started process (PID=547) to work on /home/airflow/.local/lib/python3.8/site-packages/airflow/example_dags/plugins/event_listener.py
[2026-04-08T09:17:20.136+0000] {processor.py:830} INFO - Processing file /home/airflow/.local/lib/python3.8/site-packages/airflow/example_dags/plugins/event_listener.py for tasks to queue
[2026-04-08T09:17:20.138+0000] {logging_mixin.py:188} INFO - [2026-04-08T09:17:20.138+0000] {dagbag.py:538} INFO - Filling up the DagBag from /home/airflow/.local/lib/python3.8/site-packages/airflow/example_dags/plugins/event_listener.py
[2026-04-08T09:17:20.146+0000] {processor.py:842} WARNING - No viable dags retrieved from /home/airflow/.local/lib/python3.8/site-packages/airflow/example_dags/plugins/event_listener.py
[2026-04-08T09:17:20.171+0000] {processor.py:183} INFO - Processing /home/airflow/.local/lib/python3.8/site-packages/airflow/example_dags/plugins/event_listener.py took 0.041 seconds
[2026-04-08T09:17:51.642+0000] {processor.py:161} INFO - Started process (PID=602) to work on /home/airflow/.local/lib/python3.8/site-packages/airflow/example_dags/plugins/event_listener.py
[2026-04-08T09:17:51.642+0000] {processor.py:830} INFO - Processing file /home/airflow/.local/lib/python3.8/site-packages/airflow/example_dags/plugins/event_listener.py for tasks to queue
[2026-04-08T09:17:51.652+0000] {logging_mixin.py:188} INFO - [2026-04-08T09:17:51.652+0000] {dagbag.py:538} INFO - Filling up the DagBag from /home/airflow/.local/lib/python3.8/site-packages/airflow/example_dags/plugins/event_listener.py
[2026-04-08T09:17:51.655+0000] {processor.py:842} WARNING - No viable dags retrieved from /home/airflow/.local/lib/python3.8/site-packages/airflow/example_dags/plugins/event_listener.py
[2026-04-08T09:17:51.677+0000] {processor.py:183} INFO - Processing /home/airflow/.local/lib/python3.8/site-packages/airflow/example_dags/plugins/event_listener.py took 0.046 seconds
[2026-04-08T09:18:23.860+0000] {processor.py:161} INFO - Started process (PID=658) to work on /home/airflow/.local/lib/python3.8/site-packages/airflow/example_dags/plugins/event_listener.py
[2026-04-08T09:18:23.867+0000] {processor.py:830} INFO - Processing file /home/airflow/.local/lib/python3.8/site-packages/airflow/example_dags/plugins/event_listener.py for tasks to queue
[2026-04-08T09:18:23.884+0000] {logging_mixin.py:188} INFO - [2026-04-08T09:18:23.884+0000] {dagbag.py:538} INFO - Filling up the DagBag from /home/airflow/.local/lib/python3.8/site-packages/airflow/example_dags/plugins/event_listener.py
[2026-04-08T09:18:23.931+0000] {processor.py:842} WARNING - No viable dags retrieved from /home/airflow/.local/lib/python3.8/site-packages/airflow/example_dags/plugins/event_listener.py
[2026-04-08T09:18:24.024+0000] {processor.py:183} INFO - Processing /home/airflow/.local/lib/python3.8/site-packages/airflow/example_dags/plugins/event_listener.py took 0.184 seconds
[2026-04-08T09:18:54.939+0000] {processor.py:161} INFO - Started process (PID=714) to work on /home/airflow/.local/lib/python3.8/site-packages/airflow/example_dags/plugins/event_listener.py
[2026-04-08T09:18:54.941+0000] {processor.py:830} INFO - Processing file /home/airflow/.local/lib/python3.8/site-packages/airflow/example_dags/plugins/event_listener.py for tasks to queue
[2026-04-08T09:18:54.943+0000] {logging_mixin.py:188} INFO - [2026-04-08T09:18:54.943+0000] {dagbag.py:538} INFO - Filling up the DagBag from /home/airflow/.local/lib/python3.8/site-packages/airflow/example_dags/plugins/event_listener.py
[2026-04-08T09:18:54.946+0000] {processor.py:842} WARNING - No viable dags retrieved from /home/airflow/.local/lib/python3.8/site-packages/airflow/example_dags/plugins/event_listener.py
[2026-04-08T09:18:54.962+0000] {processor.py:183} INFO - Processing /home/airflow/.local/lib/python3.8/site-packages/airflow/example_dags/plugins/event_listener.py took 0.031 seconds
[2026-04-08T09:19:25.556+0000] {processor.py:161} INFO - Started process (PID=770) to work on /home/airflow/.local/lib/python3.8/site-packages/airflow/example_dags/plugins/event_listener.py
[2026-04-08T09:19:25.557+0000] {processor.py:830} INFO - Processing file /home/airflow/.local/lib/python3.8/site-packages/airflow/example_dags/plugins/event_listener.py for tasks to queue
[2026-04-08T09:19:25.560+0000] {logging_mixin.py:188} INFO - [2026-04-08T09:19:25.560+0000] {dagbag.py:538} INFO - Filling up the DagBag from /home/airflow/.local/lib/python3.8/site-packages/airflow/example_dags/plugins/event_listener.py
[2026-04-08T09:19:25.563+0000] {processor.py:842} WARNING - No viable dags retrieved from /home/airflow/.local/lib/python3.8/site-packages/airflow/example_dags/plugins/event_listener.py
[2026-04-08T09:19:25.579+0000] {processor.py:183} INFO - Processing /home/airflow/.local/lib/python3.8/site-packages/airflow/example_dags/plugins/event_listener.py took 0.027 seconds
[2026-04-08T09:19:56.339+0000] {processor.py:161} INFO - Started process (PID=826) to work on /home/airflow/.local/lib/python3.8/site-packages/airflow/example_dags/plugins/event_listener.py
[2026-04-08T09:19:56.341+0000] {processor.py:830} INFO - Processing file /home/airflow/.local/lib/python3.8/site-packages/airflow/example_dags/plugins/event_listener.py for tasks to queue
[2026-04-08T09:19:56.345+0000] {logging_mixin.py:188} INFO - [2026-04-08T09:19:56.343+0000] {dagbag.py:538} INFO - Filling up the DagBag from /home/airflow/.local/lib/python3.8/site-packages/airflow/example_dags/plugins/event_listener.py
[2026-04-08T09:19:56.348+0000] {processor.py:842} WARNING - No viable dags retrieved from /home/airflow/.local/lib/python3.8/site-packages/airflow/example_dags/plugins/event_listener.py
[2026-04-08T09:19:56.364+0000] {processor.py:183} INFO - Processing /home/airflow/.local/lib/python3.8/site-packages/airflow/example_dags/plugins/event_listener.py took 0.036 seconds
[2026-04-08T09:20:26.442+0000] {processor.py:161} INFO - Started process (PID=882) to work on /home/airflow/.local/lib/python3.8/site-packages/airflow/example_dags/plugins/event_listener.py
[2026-04-08T09:20:26.444+0000] {processor.py:830} INFO - Processing file /home/airflow/.local/lib/python3.8/site-packages/airflow/example_dags/plugins/event_listener.py for tasks to queue
[2026-04-08T09:20:26.446+0000] {logging_mixin.py:188} INFO - [2026-04-08T09:20:26.446+0000] {dagbag.py:538} INFO - Filling up the DagBag from /home/airflow/.local/lib/python3.8/site-packages/airflow/example_dags/plugins/event_listener.py
[2026-04-08T09:20:26.449+0000] {processor.py:842} WARNING - No viable dags retrieved from /home/airflow/.local/lib/python3.8/site-packages/airflow/example_dags/plugins/event_listener.py
[2026-04-08T09:20:26.465+0000] {processor.py:183} INFO - Processing /home/airflow/.local/lib/python3.8/site-packages/airflow/example_dags/plugins/event_listener.py took 0.029 seconds
[2026-04-08T09:20:56.831+0000] {processor.py:161} INFO - Started process (PID=938) to work on /home/airflow/.local/lib/python3.8/site-packages/airflow/example_dags/plugins/event_listener.py
[2026-04-08T09:20:56.835+0000] {processor.py:830} INFO - Processing file /home/airflow/.local/lib/python3.8/site-packages/airflow/example_dags/plugins/event_listener.py for tasks to queue
[2026-04-08T09:20:56.839+0000] {logging_mixin.py:188} INFO - [2026-04-08T09:20:56.839+0000] {dagbag.py:538} INFO - Filling up the DagBag from /home/airflow/.local/lib/python3.8/site-packages/airflow/example_dags/plugins/event_listener.py
[2026-04-08T09:20:56.841+0000] {processor.py:842} WARNING - No viable dags retrieved from /home/airflow/.local/lib/python3.8/site-packages/airflow/example_dags/plugins/event_listener.py
[2026-04-08T09:20:56.857+0000] {processor.py:183} INFO - Processing /home/airflow/.local/lib/python3.8/site-packages/airflow/example_dags/plugins/event_listener.py took 0.029 seconds
[2026-04-08T09:21:27.810+0000] {processor.py:161} INFO - Started process (PID=993) to work on /home/airflow/.local/lib/python3.8/site-packages/airflow/example_dags/plugins/event_listener.py
[2026-04-08T09:21:27.811+0000] {processor.py:830} INFO - Processing file /home/airflow/.local/lib/python3.8/site-packages/airflow/example_dags/plugins/event_listener.py for tasks to queue
[2026-04-08T09:21:27.814+0000] {logging_mixin.py:188} INFO - [2026-04-08T09:21:27.813+0000] {dagbag.py:538} INFO - Filling up the DagBag from /home/airflow/.local/lib/python3.8/site-packages/airflow/example_dags/plugins/event_listener.py
[2026-04-08T09:21:27.816+0000] {processor.py:842} WARNING - No viable dags retrieved from /home/airflow/.local/lib/python3.8/site-packages/airflow/example_dags/plugins/event_listener.py
[2026-04-08T09:21:27.835+0000] {processor.py:183} INFO - Processing /home/airflow/.local/lib/python3.8/site-packages/airflow/example_dags/plugins/event_listener.py took 0.029 seconds
[2026-04-08T09:21:57.873+0000] {processor.py:161} INFO - Started process (PID=1052) to work on /home/airflow/.local/lib/python3.8/site-packages/airflow/example_dags/plugins/event_listener.py
[2026-04-08T09:21:57.873+0000] {processor.py:830} INFO - Processing file /home/airflow/.local/lib/python3.8/site-packages/airflow/example_dags/plugins/event_listener.py for tasks to queue
[2026-04-08T09:21:57.875+0000] {logging_mixin.py:188} INFO - [2026-04-08T09:21:57.875+0000] {dagbag.py:538} INFO - Filling up the DagBag from /home/airflow/.local/lib/python3.8/site-packages/airflow/example_dags/plugins/event_listener.py
[2026-04-08T09:21:57.877+0000] {processor.py:842} WARNING - No viable dags retrieved from /home/airflow/.local/lib/python3.8/site-packages/airflow/example_dags/plugins/event_listener.py
[2026-04-08T09:21:57.889+0000] {processor.py:183} INFO - Processing /home/airflow/.local/lib/python3.8/site-packages/airflow/example_dags/plugins/event_listener.py took 0.019 seconds
[2026-04-08T09:22:29.188+0000] {processor.py:161} INFO - Started process (PID=1114) to work on /home/airflow/.local/lib/python3.8/site-packages/airflow/example_dags/plugins/event_listener.py
[2026-04-08T09:22:29.189+0000] {processor.py:830} INFO - Processing file /home/airflow/.local/lib/python3.8/site-packages/airflow/example_dags/plugins/event_listener.py for tasks to queue
[2026-04-08T09:22:29.195+0000] {logging_mixin.py:188} INFO - [2026-04-08T09:22:29.195+0000] {dagbag.py:538} INFO - Filling up the DagBag from /home/airflow/.local/lib/python3.8/site-packages/airflow/example_dags/plugins/event_listener.py
[2026-04-08T09:22:29.204+0000] {processor.py:842} WARNING - No viable dags retrieved from /home/airflow/.local/lib/python3.8/site-packages/airflow/example_dags/plugins/event_listener.py
[2026-04-08T09:22:29.237+0000] {processor.py:183} INFO - Processing /home/airflow/.local/lib/python3.8/site-packages/airflow/example_dags/plugins/event_listener.py took 0.053 seconds
[2026-04-08T09:22:59.979+0000] {processor.py:161} INFO - Started process (PID=1169) to work on /home/airflow/.local/lib/python3.8/site-packages/airflow/example_dags/plugins/event_listener.py
[2026-04-08T09:22:59.983+0000] {processor.py:830} INFO - Processing file /home/airflow/.local/lib/python3.8/site-packages/airflow/example_dags/plugins/event_listener.py for tasks to queue
[2026-04-08T09:22:59.989+0000] {logging_mixin.py:188} INFO - [2026-04-08T09:22:59.989+0000] {dagbag.py:538} INFO - Filling up the DagBag from /home/airflow/.local/lib/python3.8/site-packages/airflow/example_dags/plugins/event_listener.py
[2026-04-08T09:22:59.995+0000] {processor.py:842} WARNING - No viable dags retrieved from /home/airflow/.local/lib/python3.8/site-packages/airflow/example_dags/plugins/event_listener.py
[2026-04-08T09:23:00.031+0000] {processor.py:183} INFO - Processing /home/airflow/.local/lib/python3.8/site-packages/airflow/example_dags/plugins/event_listener.py took 0.069 seconds
[2026-04-08T09:23:41.947+0000] {processor.py:161} INFO - Started process (PID=1231) to work on /home/airflow/.local/lib/python3.8/site-packages/airflow/example_dags/plugins/event_listener.py
[2026-04-08T09:23:41.950+0000] {processor.py:830} INFO - Processing file /home/airflow/.local/lib/python3.8/site-packages/airflow/example_dags/plugins/event_listener.py for tasks to queue
[2026-04-08T09:23:41.951+0000] {logging_mixin.py:188} INFO - [2026-04-08T09:23:41.951+0000] {dagbag.py:538} INFO - Filling up the DagBag from /home/airflow/.local/lib/python3.8/site-packages/airflow/example_dags/plugins/event_listener.py
[2026-04-08T09:23:41.960+0000] {processor.py:842} WARNING - No viable dags retrieved from /home/airflow/.local/lib/python3.8/site-packages/airflow/example_dags/plugins/event_listener.py
[2026-04-08T09:23:42.003+0000] {processor.py:183} INFO - Processing /home/airflow/.local/lib/python3.8/site-packages/airflow/example_dags/plugins/event_listener.py took 0.066 seconds
[2026-04-08T09:24:12.794+0000] {processor.py:161} INFO - Started process (PID=1287) to work on /home/airflow/.local/lib/python3.8/site-packages/airflow/example_dags/plugins/event_listener.py
[2026-04-08T09:24:12.797+0000] {processor.py:830} INFO - Processing file /home/airflow/.local/lib/python3.8/site-packages/airflow/example_dags/plugins/event_listener.py for tasks to queue
[2026-04-08T09:24:12.800+0000] {logging_mixin.py:188} INFO - [2026-04-08T09:24:12.800+0000] {dagbag.py:538} INFO - Filling up the DagBag from /home/airflow/.local/lib/python3.8/site-packages/airflow/example_dags/plugins/event_listener.py
[2026-04-08T09:24:12.808+0000] {processor.py:842} WARNING - No viable dags retrieved from /home/airflow/.local/lib/python3.8/site-packages/airflow/example_dags/plugins/event_listener.py
[2026-04-08T09:24:12.859+0000] {processor.py:183} INFO - Processing /home/airflow/.local/lib/python3.8/site-packages/airflow/example_dags/plugins/event_listener.py took 0.076 seconds
[2026-04-08T09:24:43.350+0000] {processor.py:161} INFO - Started process (PID=1342) to work on /home/airflow/.local/lib/python3.8/site-packages/airflow/example_dags/plugins/event_listener.py
[2026-04-08T09:24:43.352+0000] {processor.py:830} INFO - Processing file /home/airflow/.local/lib/python3.8/site-packages/airflow/example_dags/plugins/event_listener.py for tasks to queue
[2026-04-08T09:24:43.353+0000] {logging_mixin.py:188} INFO - [2026-04-08T09:24:43.353+0000] {dagbag.py:538} INFO - Filling up the DagBag from /home/airflow/.local/lib/python3.8/site-packages/airflow/example_dags/plugins/event_listener.py
[2026-04-08T09:24:43.356+0000] {processor.py:842} WARNING - No viable dags retrieved from /home/airflow/.local/lib/python3.8/site-packages/airflow/example_dags/plugins/event_listener.py
[2026-04-08T09:24:43.372+0000] {processor.py:183} INFO - Processing /home/airflow/.local/lib/python3.8/site-packages/airflow/example_dags/plugins/event_listener.py took 0.025 seconds
[2026-04-08T09:25:13.406+0000] {processor.py:161} INFO - Started process (PID=1396) to work on /home/airflow/.local/lib/python3.8/site-packages/airflow/example_dags/plugins/event_listener.py
[2026-04-08T09:25:13.406+0000] {processor.py:830} INFO - Processing file /home/airflow/.local/lib/python3.8/site-packages/airflow/example_dags/plugins/event_listener.py for tasks to queue
[2026-04-08T09:25:13.407+0000] {logging_mixin.py:188} INFO - [2026-04-08T09:25:13.407+0000] {dagbag.py:538} INFO - Filling up the DagBag from /home/airflow/.local/lib/python3.8/site-packages/airflow/example_dags/plugins/event_listener.py
[2026-04-08T09:25:13.409+0000] {processor.py:842} WARNING - No viable dags retrieved from /home/airflow/.local/lib/python3.8/site-packages/airflow/example_dags/plugins/event_listener.py
[2026-04-08T09:25:13.420+0000] {processor.py:183} INFO - Processing /home/airflow/.local/lib/python3.8/site-packages/airflow/example_dags/plugins/event_listener.py took 0.018 seconds
[2026-04-08T09:25:43.917+0000] {processor.py:161} INFO - Started process (PID=1468) to work on /home/airflow/.local/lib/python3.8/site-packages/airflow/example_dags/plugins/event_listener.py
[2026-04-08T09:25:43.918+0000] {processor.py:830} INFO - Processing file /home/airflow/.local/lib/python3.8/site-packages/airflow/example_dags/plugins/event_listener.py for tasks to queue
[2026-04-08T09:25:43.919+0000] {logging_mixin.py:188} INFO - [2026-04-08T09:25:43.919+0000] {dagbag.py:538} INFO - Filling up the DagBag from /home/airflow/.local/lib/python3.8/site-packages/airflow/example_dags/plugins/event_listener.py
[2026-04-08T09:25:43.922+0000] {processor.py:842} WARNING - No viable dags retrieved from /home/airflow/.local/lib/python3.8/site-packages/airflow/example_dags/plugins/event_listener.py
[2026-04-08T09:25:43.951+0000] {processor.py:183} INFO - Processing /home/airflow/.local/lib/python3.8/site-packages/airflow/example_dags/plugins/event_listener.py took 0.039 seconds
[2026-04-08T09:26:14.365+0000] {processor.py:161} INFO - Started process (PID=1524) to work on /home/airflow/.local/lib/python3.8/site-packages/airflow/example_dags/plugins/event_listener.py
[2026-04-08T09:26:14.366+0000] {processor.py:830} INFO - Processing file /home/airflow/.local/lib/python3.8/site-packages/airflow/example_dags/plugins/event_listener.py for tasks to queue
[2026-04-08T09:26:14.367+0000] {logging_mixin.py:188} INFO - [2026-04-08T09:26:14.366+0000] {dagbag.py:538} INFO - Filling up the DagBag from /home/airflow/.local/lib/python3.8/site-packages/airflow/example_dags/plugins/event_listener.py
[2026-04-08T09:26:14.369+0000] {processor.py:842} WARNING - No viable dags retrieved from /home/airflow/.local/lib/python3.8/site-packages/airflow/example_dags/plugins/event_listener.py
[2026-04-08T09:26:14.383+0000] {processor.py:183} INFO - Processing /home/airflow/.local/lib/python3.8/site-packages/airflow/example_dags/plugins/event_listener.py took 0.023 seconds
[2026-04-08T09:26:45.063+0000] {processor.py:161} INFO - Started process (PID=1580) to work on /home/airflow/.local/lib/python3.8/site-packages/airflow/example_dags/plugins/event_listener.py
[2026-04-08T09:26:45.064+0000] {processor.py:830} INFO - Processing file /home/airflow/.local/lib/python3.8/site-packages/airflow/example_dags/plugins/event_listener.py for tasks to queue
[2026-04-08T09:26:45.065+0000] {logging_mixin.py:188} INFO - [2026-04-08T09:26:45.065+0000] {dagbag.py:538} INFO - Filling up the DagBag from /home/airflow/.local/lib/python3.8/site-packages/airflow/example_dags/plugins/event_listener.py
[2026-04-08T09:26:45.068+0000] {processor.py:842} WARNING - No viable dags retrieved from /home/airflow/.local/lib/python3.8/site-packages/airflow/example_dags/plugins/event_listener.py
[2026-04-08T09:26:45.082+0000] {processor.py:183} INFO - Processing /home/airflow/.local/lib/python3.8/site-packages/airflow/example_dags/plugins/event_listener.py took 0.026 seconds
[2026-04-08T09:27:15.854+0000] {processor.py:161} INFO - Started process (PID=1651) to work on /home/airflow/.local/lib/python3.8/site-packages/airflow/example_dags/plugins/event_listener.py
[2026-04-08T09:27:15.856+0000] {processor.py:830} INFO - Processing file /home/airflow/.local/lib/python3.8/site-packages/airflow/example_dags/plugins/event_listener.py for tasks to queue
[2026-04-08T09:27:15.858+0000] {logging_mixin.py:188} INFO - [2026-04-08T09:27:15.856+0000] {dagbag.py:538} INFO - Filling up the DagBag from /home/airflow/.local/lib/python3.8/site-packages/airflow/example_dags/plugins/event_listener.py
[2026-04-08T09:27:15.860+0000] {processor.py:842} WARNING - No viable dags retrieved from /home/airflow/.local/lib/python3.8/site-packages/airflow/example_dags/plugins/event_listener.py
[2026-04-08T09:27:15.875+0000] {processor.py:183} INFO - Processing /home/airflow/.local/lib/python3.8/site-packages/airflow/example_dags/plugins/event_listener.py took 0.028 seconds
[2026-04-08T09:27:46.756+0000] {processor.py:161} INFO - Started process (PID=1709) to work on /home/airflow/.local/lib/python3.8/site-packages/airflow/example_dags/plugins/event_listener.py
[2026-04-08T09:27:46.757+0000] {processor.py:830} INFO - Processing file /home/airflow/.local/lib/python3.8/site-packages/airflow/example_dags/plugins/event_listener.py for tasks to queue
[2026-04-08T09:27:46.759+0000] {logging_mixin.py:188} INFO - [2026-04-08T09:27:46.759+0000] {dagbag.py:538} INFO - Filling up the DagBag from /home/airflow/.local/lib/python3.8/site-packages/airflow/example_dags/plugins/event_listener.py
[2026-04-08T09:27:46.762+0000] {processor.py:842} WARNING - No viable dags retrieved from /home/airflow/.local/lib/python3.8/site-packages/airflow/example_dags/plugins/event_listener.py
[2026-04-08T09:27:46.775+0000] {processor.py:183} INFO - Processing /home/airflow/.local/lib/python3.8/site-packages/airflow/example_dags/plugins/event_listener.py took 0.023 seconds
[2026-04-08T09:28:33.957+0000] {processor.py:161} INFO - Started process (PID=87) to work on /home/airflow/.local/lib/python3.8/site-packages/airflow/example_dags/plugins/event_listener.py
[2026-04-08T09:28:33.961+0000] {processor.py:830} INFO - Processing file /home/airflow/.local/lib/python3.8/site-packages/airflow/example_dags/plugins/event_listener.py for tasks to queue
[2026-04-08T09:28:33.969+0000] {logging_mixin.py:188} INFO - [2026-04-08T09:28:33.969+0000] {dagbag.py:538} INFO - Filling up the DagBag from /home/airflow/.local/lib/python3.8/site-packages/airflow/example_dags/plugins/event_listener.py
[2026-04-08T09:28:33.974+0000] {processor.py:842} WARNING - No viable dags retrieved from /home/airflow/.local/lib/python3.8/site-packages/airflow/example_dags/plugins/event_listener.py
[2026-04-08T09:28:34.020+0000] {processor.py:183} INFO - Processing /home/airflow/.local/lib/python3.8/site-packages/airflow/example_dags/plugins/event_listener.py took 0.069 seconds
[2026-04-08T09:29:04.726+0000] {processor.py:161} INFO - Started process (PID=158) to work on /home/airflow/.local/lib/python3.8/site-packages/airflow/example_dags/plugins/event_listener.py
[2026-04-08T09:29:04.728+0000] {processor.py:830} INFO - Processing file /home/airflow/.local/lib/python3.8/site-packages/airflow/example_dags/plugins/event_listener.py for tasks to queue
[2026-04-08T09:29:04.730+0000] {logging_mixin.py:188} INFO - [2026-04-08T09:29:04.730+0000] {dagbag.py:538} INFO - Filling up the DagBag from /home/airflow/.local/lib/python3.8/site-packages/airflow/example_dags/plugins/event_listener.py
[2026-04-08T09:29:04.733+0000] {processor.py:842} WARNING - No viable dags retrieved from /home/airflow/.local/lib/python3.8/site-packages/airflow/example_dags/plugins/event_listener.py
[2026-04-08T09:29:04.760+0000] {processor.py:183} INFO - Processing /home/airflow/.local/lib/python3.8/site-packages/airflow/example_dags/plugins/event_listener.py took 0.038 seconds
[2026-04-08T09:29:34.970+0000] {processor.py:161} INFO - Started process (PID=214) to work on /home/airflow/.local/lib/python3.8/site-packages/airflow/example_dags/plugins/event_listener.py
[2026-04-08T09:29:34.971+0000] {processor.py:830} INFO - Processing file /home/airflow/.local/lib/python3.8/site-packages/airflow/example_dags/plugins/event_listener.py for tasks to queue
[2026-04-08T09:29:34.973+0000] {logging_mixin.py:188} INFO - [2026-04-08T09:29:34.973+0000] {dagbag.py:538} INFO - Filling up the DagBag from /home/airflow/.local/lib/python3.8/site-packages/airflow/example_dags/plugins/event_listener.py
[2026-04-08T09:29:34.976+0000] {processor.py:842} WARNING - No viable dags retrieved from /home/airflow/.local/lib/python3.8/site-packages/airflow/example_dags/plugins/event_listener.py
[2026-04-08T09:29:34.991+0000] {processor.py:183} INFO - Processing /home/airflow/.local/lib/python3.8/site-packages/airflow/example_dags/plugins/event_listener.py took 0.026 seconds
[2026-04-08T09:30:05.139+0000] {processor.py:161} INFO - Started process (PID=270) to work on /home/airflow/.local/lib/python3.8/site-packages/airflow/example_dags/plugins/event_listener.py
[2026-04-08T09:30:05.140+0000] {processor.py:830} INFO - Processing file /home/airflow/.local/lib/python3.8/site-packages/airflow/example_dags/plugins/event_listener.py for tasks to queue
[2026-04-08T09:30:05.142+0000] {logging_mixin.py:188} INFO - [2026-04-08T09:30:05.142+0000] {dagbag.py:538} INFO - Filling up the DagBag from /home/airflow/.local/lib/python3.8/site-packages/airflow/example_dags/plugins/event_listener.py
[2026-04-08T09:30:05.145+0000] {processor.py:842} WARNING - No viable dags retrieved from /home/airflow/.local/lib/python3.8/site-packages/airflow/example_dags/plugins/event_listener.py
[2026-04-08T09:30:05.163+0000] {processor.py:183} INFO - Processing /home/airflow/.local/lib/python3.8/site-packages/airflow/example_dags/plugins/event_listener.py took 0.029 seconds
[2026-04-08T09:30:35.598+0000] {processor.py:161} INFO - Started process (PID=326) to work on /home/airflow/.local/lib/python3.8/site-packages/airflow/example_dags/plugins/event_listener.py
[2026-04-08T09:30:35.599+0000] {processor.py:830} INFO - Processing file /home/airflow/.local/lib/python3.8/site-packages/airflow/example_dags/plugins/event_listener.py for tasks to queue
[2026-04-08T09:30:35.601+0000] {logging_mixin.py:188} INFO - [2026-04-08T09:30:35.601+0000] {dagbag.py:538} INFO - Filling up the DagBag from /home/airflow/.local/lib/python3.8/site-packages/airflow/example_dags/plugins/event_listener.py
[2026-04-08T09:30:35.604+0000] {processor.py:842} WARNING - No viable dags retrieved from /home/airflow/.local/lib/python3.8/site-packages/airflow/example_dags/plugins/event_listener.py
[2026-04-08T09:30:35.618+0000] {processor.py:183} INFO - Processing /home/airflow/.local/lib/python3.8/site-packages/airflow/example_dags/plugins/event_listener.py took 0.025 seconds
[2026-04-08T09:31:05.833+0000] {processor.py:161} INFO - Started process (PID=382) to work on /home/airflow/.local/lib/python3.8/site-packages/airflow/example_dags/plugins/event_listener.py
[2026-04-08T09:31:05.834+0000] {processor.py:830} INFO - Processing file /home/airflow/.local/lib/python3.8/site-packages/airflow/example_dags/plugins/event_listener.py for tasks to queue
[2026-04-08T09:31:05.837+0000] {logging_mixin.py:188} INFO - [2026-04-08T09:31:05.836+0000] {dagbag.py:538} INFO - Filling up the DagBag from /home/airflow/.local/lib/python3.8/site-packages/airflow/example_dags/plugins/event_listener.py
[2026-04-08T09:31:05.839+0000] {processor.py:842} WARNING - No viable dags retrieved from /home/airflow/.local/lib/python3.8/site-packages/airflow/example_dags/plugins/event_listener.py
[2026-04-08T09:31:05.855+0000] {processor.py:183} INFO - Processing /home/airflow/.local/lib/python3.8/site-packages/airflow/example_dags/plugins/event_listener.py took 0.026 seconds
[2026-04-08T09:31:36.216+0000] {processor.py:161} INFO - Started process (PID=438) to work on /home/airflow/.local/lib/python3.8/site-packages/airflow/example_dags/plugins/event_listener.py
[2026-04-08T09:31:36.217+0000] {processor.py:830} INFO - Processing file /home/airflow/.local/lib/python3.8/site-packages/airflow/example_dags/plugins/event_listener.py for tasks to queue
[2026-04-08T09:31:36.220+0000] {logging_mixin.py:188} INFO - [2026-04-08T09:31:36.220+0000] {dagbag.py:538} INFO - Filling up the DagBag from /home/airflow/.local/lib/python3.8/site-packages/airflow/example_dags/plugins/event_listener.py
[2026-04-08T09:31:36.224+0000] {processor.py:842} WARNING - No viable dags retrieved from /home/airflow/.local/lib/python3.8/site-packages/airflow/example_dags/plugins/event_listener.py
[2026-04-08T09:31:36.243+0000] {processor.py:183} INFO - Processing /home/airflow/.local/lib/python3.8/site-packages/airflow/example_dags/plugins/event_listener.py took 0.031 seconds
[2026-04-08T09:32:07.649+0000] {processor.py:161} INFO - Started process (PID=494) to work on /home/airflow/.local/lib/python3.8/site-packages/airflow/example_dags/plugins/event_listener.py
[2026-04-08T09:32:07.651+0000] {processor.py:830} INFO - Processing file /home/airflow/.local/lib/python3.8/site-packages/airflow/example_dags/plugins/event_listener.py for tasks to queue
[2026-04-08T09:32:07.654+0000] {logging_mixin.py:188} INFO - [2026-04-08T09:32:07.654+0000] {dagbag.py:538} INFO - Filling up the DagBag from /home/airflow/.local/lib/python3.8/site-packages/airflow/example_dags/plugins/event_listener.py
[2026-04-08T09:32:07.659+0000] {processor.py:842} WARNING - No viable dags retrieved from /home/airflow/.local/lib/python3.8/site-packages/airflow/example_dags/plugins/event_listener.py
[2026-04-08T09:32:07.675+0000] {processor.py:183} INFO - Processing /home/airflow/.local/lib/python3.8/site-packages/airflow/example_dags/plugins/event_listener.py took 0.031 seconds
[2026-04-08T09:32:38.496+0000] {processor.py:161} INFO - Started process (PID=550) to work on /home/airflow/.local/lib/python3.8/site-packages/airflow/example_dags/plugins/event_listener.py
[2026-04-08T09:32:38.501+0000] {processor.py:830} INFO - Processing file /home/airflow/.local/lib/python3.8/site-packages/airflow/example_dags/plugins/event_listener.py for tasks to queue
[2026-04-08T09:32:38.505+0000] {logging_mixin.py:188} INFO - [2026-04-08T09:32:38.505+0000] {dagbag.py:538} INFO - Filling up the DagBag from /home/airflow/.local/lib/python3.8/site-packages/airflow/example_dags/plugins/event_listener.py
[2026-04-08T09:32:38.508+0000] {processor.py:842} WARNING - No viable dags retrieved from /home/airflow/.local/lib/python3.8/site-packages/airflow/example_dags/plugins/event_listener.py
[2026-04-08T09:32:38.524+0000] {processor.py:183} INFO - Processing /home/airflow/.local/lib/python3.8/site-packages/airflow/example_dags/plugins/event_listener.py took 0.034 seconds
[2026-04-08T09:33:09.205+0000] {processor.py:161} INFO - Started process (PID=606) to work on /home/airflow/.local/lib/python3.8/site-packages/airflow/example_dags/plugins/event_listener.py
[2026-04-08T09:33:09.206+0000] {processor.py:830} INFO - Processing file /home/airflow/.local/lib/python3.8/site-packages/airflow/example_dags/plugins/event_listener.py for tasks to queue
[2026-04-08T09:33:09.209+0000] {logging_mixin.py:188} INFO - [2026-04-08T09:33:09.208+0000] {dagbag.py:538} INFO - Filling up the DagBag from /home/airflow/.local/lib/python3.8/site-packages/airflow/example_dags/plugins/event_listener.py
[2026-04-08T09:33:09.211+0000] {processor.py:842} WARNING - No viable dags retrieved from /home/airflow/.local/lib/python3.8/site-packages/airflow/example_dags/plugins/event_listener.py
[2026-04-08T09:33:09.226+0000] {processor.py:183} INFO - Processing /home/airflow/.local/lib/python3.8/site-packages/airflow/example_dags/plugins/event_listener.py took 0.025 seconds
[2026-04-08T09:33:42.316+0000] {processor.py:161} INFO - Started process (PID=661) to work on /home/airflow/.local/lib/python3.8/site-packages/airflow/example_dags/plugins/event_listener.py
[2026-04-08T09:33:42.318+0000] {processor.py:830} INFO - Processing file /home/airflow/.local/lib/python3.8/site-packages/airflow/example_dags/plugins/event_listener.py for tasks to queue
[2026-04-08T09:33:42.320+0000] {logging_mixin.py:188} INFO - [2026-04-08T09:33:42.320+0000] {dagbag.py:538} INFO - Filling up the DagBag from /home/airflow/.local/lib/python3.8/site-packages/airflow/example_dags/plugins/event_listener.py
[2026-04-08T09:33:42.323+0000] {processor.py:842} WARNING - No viable dags retrieved from /home/airflow/.local/lib/python3.8/site-packages/airflow/example_dags/plugins/event_listener.py
[2026-04-08T09:33:42.337+0000] {processor.py:183} INFO - Processing /home/airflow/.local/lib/python3.8/site-packages/airflow/example_dags/plugins/event_listener.py took 0.029 seconds
[2026-04-08T09:34:12.874+0000] {processor.py:161} INFO - Started process (PID=717) to work on /home/airflow/.local/lib/python3.8/site-packages/airflow/example_dags/plugins/event_listener.py
[2026-04-08T09:34:12.875+0000] {processor.py:830} INFO - Processing file /home/airflow/.local/lib/python3.8/site-packages/airflow/example_dags/plugins/event_listener.py for tasks to queue
[2026-04-08T09:34:12.877+0000] {logging_mixin.py:188} INFO - [2026-04-08T09:34:12.877+0000] {dagbag.py:538} INFO - Filling up the DagBag from /home/airflow/.local/lib/python3.8/site-packages/airflow/example_dags/plugins/event_listener.py
[2026-04-08T09:34:12.880+0000] {processor.py:842} WARNING - No viable dags retrieved from /home/airflow/.local/lib/python3.8/site-packages/airflow/example_dags/plugins/event_listener.py
[2026-04-08T09:34:12.897+0000] {processor.py:183} INFO - Processing /home/airflow/.local/lib/python3.8/site-packages/airflow/example_dags/plugins/event_listener.py took 0.027 seconds
[2026-04-08T09:34:43.105+0000] {processor.py:161} INFO - Started process (PID=781) to work on /home/airflow/.local/lib/python3.8/site-packages/airflow/example_dags/plugins/event_listener.py
[2026-04-08T09:34:43.106+0000] {processor.py:830} INFO - Processing file /home/airflow/.local/lib/python3.8/site-packages/airflow/example_dags/plugins/event_listener.py for tasks to queue
[2026-04-08T09:34:43.108+0000] {logging_mixin.py:188} INFO - [2026-04-08T09:34:43.108+0000] {dagbag.py:538} INFO - Filling up the DagBag from /home/airflow/.local/lib/python3.8/site-packages/airflow/example_dags/plugins/event_listener.py
[2026-04-08T09:34:43.111+0000] {processor.py:842} WARNING - No viable dags retrieved from /home/airflow/.local/lib/python3.8/site-packages/airflow/example_dags/plugins/event_listener.py
[2026-04-08T09:34:43.126+0000] {processor.py:183} INFO - Processing /home/airflow/.local/lib/python3.8/site-packages/airflow/example_dags/plugins/event_listener.py took 0.025 seconds
[2026-04-08T09:35:14.011+0000] {processor.py:161} INFO - Started process (PID=838) to work on /home/airflow/.local/lib/python3.8/site-packages/airflow/example_dags/plugins/event_listener.py
[2026-04-08T09:35:14.013+0000] {processor.py:830} INFO - Processing file /home/airflow/.local/lib/python3.8/site-packages/airflow/example_dags/plugins/event_listener.py for tasks to queue
[2026-04-08T09:35:14.015+0000] {logging_mixin.py:188} INFO - [2026-04-08T09:35:14.015+0000] {dagbag.py:538} INFO - Filling up the DagBag from /home/airflow/.local/lib/python3.8/site-packages/airflow/example_dags/plugins/event_listener.py
[2026-04-08T09:35:14.018+0000] {processor.py:842} WARNING - No viable dags retrieved from /home/airflow/.local/lib/python3.8/site-packages/airflow/example_dags/plugins/event_listener.py
[2026-04-08T09:35:14.032+0000] {processor.py:183} INFO - Processing /home/airflow/.local/lib/python3.8/site-packages/airflow/example_dags/plugins/event_listener.py took 0.024 seconds
[2026-04-08T09:35:44.955+0000] {processor.py:161} INFO - Started process (PID=894) to work on /home/airflow/.local/lib/python3.8/site-packages/airflow/example_dags/plugins/event_listener.py
[2026-04-08T09:35:44.957+0000] {processor.py:830} INFO - Processing file /home/airflow/.local/lib/python3.8/site-packages/airflow/example_dags/plugins/event_listener.py for tasks to queue
[2026-04-08T09:35:44.959+0000] {logging_mixin.py:188} INFO - [2026-04-08T09:35:44.959+0000] {dagbag.py:538} INFO - Filling up the DagBag from /home/airflow/.local/lib/python3.8/site-packages/airflow/example_dags/plugins/event_listener.py
[2026-04-08T09:35:44.962+0000] {processor.py:842} WARNING - No viable dags retrieved from /home/airflow/.local/lib/python3.8/site-packages/airflow/example_dags/plugins/event_listener.py
[2026-04-08T09:35:44.978+0000] {processor.py:183} INFO - Processing /home/airflow/.local/lib/python3.8/site-packages/airflow/example_dags/plugins/event_listener.py took 0.027 seconds
[2026-04-08T09:36:15.575+0000] {processor.py:161} INFO - Started process (PID=950) to work on /home/airflow/.local/lib/python3.8/site-packages/airflow/example_dags/plugins/event_listener.py
[2026-04-08T09:36:15.576+0000] {processor.py:830} INFO - Processing file /home/airflow/.local/lib/python3.8/site-packages/airflow/example_dags/plugins/event_listener.py for tasks to queue
[2026-04-08T09:36:15.579+0000] {logging_mixin.py:188} INFO - [2026-04-08T09:36:15.579+0000] {dagbag.py:538} INFO - Filling up the DagBag from /home/airflow/.local/lib/python3.8/site-packages/airflow/example_dags/plugins/event_listener.py
[2026-04-08T09:36:15.582+0000] {processor.py:842} WARNING - No viable dags retrieved from /home/airflow/.local/lib/python3.8/site-packages/airflow/example_dags/plugins/event_listener.py
[2026-04-08T09:36:15.595+0000] {processor.py:183} INFO - Processing /home/airflow/.local/lib/python3.8/site-packages/airflow/example_dags/plugins/event_listener.py took 0.023 seconds
[2026-04-08T09:36:46.875+0000] {processor.py:161} INFO - Started process (PID=1006) to work on /home/airflow/.local/lib/python3.8/site-packages/airflow/example_dags/plugins/event_listener.py
[2026-04-08T09:36:46.877+0000] {processor.py:830} INFO - Processing file /home/airflow/.local/lib/python3.8/site-packages/airflow/example_dags/plugins/event_listener.py for tasks to queue
[2026-04-08T09:36:46.879+0000] {logging_mixin.py:188} INFO - [2026-04-08T09:36:46.879+0000] {dagbag.py:538} INFO - Filling up the DagBag from /home/airflow/.local/lib/python3.8/site-packages/airflow/example_dags/plugins/event_listener.py
[2026-04-08T09:36:46.882+0000] {processor.py:842} WARNING - No viable dags retrieved from /home/airflow/.local/lib/python3.8/site-packages/airflow/example_dags/plugins/event_listener.py
[2026-04-08T09:36:46.913+0000] {processor.py:183} INFO - Processing /home/airflow/.local/lib/python3.8/site-packages/airflow/example_dags/plugins/event_listener.py took 0.042 seconds
[2026-04-08T09:37:17.497+0000] {processor.py:161} INFO - Started process (PID=1062) to work on /home/airflow/.local/lib/python3.8/site-packages/airflow/example_dags/plugins/event_listener.py
[2026-04-08T09:37:17.498+0000] {processor.py:830} INFO - Processing file /home/airflow/.local/lib/python3.8/site-packages/airflow/example_dags/plugins/event_listener.py for tasks to queue
[2026-04-08T09:37:17.500+0000] {logging_mixin.py:188} INFO - [2026-04-08T09:37:17.500+0000] {dagbag.py:538} INFO - Filling up the DagBag from /home/airflow/.local/lib/python3.8/site-packages/airflow/example_dags/plugins/event_listener.py
[2026-04-08T09:37:17.502+0000] {processor.py:842} WARNING - No viable dags retrieved from /home/airflow/.local/lib/python3.8/site-packages/airflow/example_dags/plugins/event_listener.py
[2026-04-08T09:37:17.514+0000] {processor.py:183} INFO - Processing /home/airflow/.local/lib/python3.8/site-packages/airflow/example_dags/plugins/event_listener.py took 0.020 seconds
[2026-04-08T09:37:47.980+0000] {processor.py:161} INFO - Started process (PID=1118) to work on /home/airflow/.local/lib/python3.8/site-packages/airflow/example_dags/plugins/event_listener.py
[2026-04-08T09:37:47.981+0000] {processor.py:830} INFO - Processing file /home/airflow/.local/lib/python3.8/site-packages/airflow/example_dags/plugins/event_listener.py for tasks to queue
[2026-04-08T09:37:47.983+0000] {logging_mixin.py:188} INFO - [2026-04-08T09:37:47.983+0000] {dagbag.py:538} INFO - Filling up the DagBag from /home/airflow/.local/lib/python3.8/site-packages/airflow/example_dags/plugins/event_listener.py
[2026-04-08T09:37:47.986+0000] {processor.py:842} WARNING - No viable dags retrieved from /home/airflow/.local/lib/python3.8/site-packages/airflow/example_dags/plugins/event_listener.py
[2026-04-08T09:37:48.006+0000] {processor.py:183} INFO - Processing /home/airflow/.local/lib/python3.8/site-packages/airflow/example_dags/plugins/event_listener.py took 0.031 seconds
[2026-04-08T09:38:18.399+0000] {processor.py:161} INFO - Started process (PID=1174) to work on /home/airflow/.local/lib/python3.8/site-packages/airflow/example_dags/plugins/event_listener.py
[2026-04-08T09:38:18.400+0000] {processor.py:830} INFO - Processing file /home/airflow/.local/lib/python3.8/site-packages/airflow/example_dags/plugins/event_listener.py for tasks to queue
[2026-04-08T09:38:18.403+0000] {logging_mixin.py:188} INFO - [2026-04-08T09:38:18.402+0000] {dagbag.py:538} INFO - Filling up the DagBag from /home/airflow/.local/lib/python3.8/site-packages/airflow/example_dags/plugins/event_listener.py
[2026-04-08T09:38:18.405+0000] {processor.py:842} WARNING - No viable dags retrieved from /home/airflow/.local/lib/python3.8/site-packages/airflow/example_dags/plugins/event_listener.py
[2026-04-08T09:38:18.420+0000] {processor.py:183} INFO - Processing /home/airflow/.local/lib/python3.8/site-packages/airflow/example_dags/plugins/event_listener.py took 0.025 seconds
[2026-04-08T09:38:48.862+0000] {processor.py:161} INFO - Started process (PID=1229) to work on /home/airflow/.local/lib/python3.8/site-packages/airflow/example_dags/plugins/event_listener.py
[2026-04-08T09:38:48.863+0000] {processor.py:830} INFO - Processing file /home/airflow/.local/lib/python3.8/site-packages/airflow/example_dags/plugins/event_listener.py for tasks to queue
[2026-04-08T09:38:48.866+0000] {logging_mixin.py:188} INFO - [2026-04-08T09:38:48.866+0000] {dagbag.py:538} INFO - Filling up the DagBag from /home/airflow/.local/lib/python3.8/site-packages/airflow/example_dags/plugins/event_listener.py
[2026-04-08T09:38:48.869+0000] {processor.py:842} WARNING - No viable dags retrieved from /home/airflow/.local/lib/python3.8/site-packages/airflow/example_dags/plugins/event_listener.py
[2026-04-08T09:38:48.883+0000] {processor.py:183} INFO - Processing /home/airflow/.local/lib/python3.8/site-packages/airflow/example_dags/plugins/event_listener.py took 0.025 seconds
[2026-04-08T09:39:19.641+0000] {processor.py:161} INFO - Started process (PID=1286) to work on /home/airflow/.local/lib/python3.8/site-packages/airflow/example_dags/plugins/event_listener.py
[2026-04-08T09:39:19.642+0000] {processor.py:830} INFO - Processing file /home/airflow/.local/lib/python3.8/site-packages/airflow/example_dags/plugins/event_listener.py for tasks to queue
[2026-04-08T09:39:19.644+0000] {logging_mixin.py:188} INFO - [2026-04-08T09:39:19.644+0000] {dagbag.py:538} INFO - Filling up the DagBag from /home/airflow/.local/lib/python3.8/site-packages/airflow/example_dags/plugins/event_listener.py
[2026-04-08T09:39:19.647+0000] {processor.py:842} WARNING - No viable dags retrieved from /home/airflow/.local/lib/python3.8/site-packages/airflow/example_dags/plugins/event_listener.py
[2026-04-08T09:39:19.662+0000] {processor.py:183} INFO - Processing /home/airflow/.local/lib/python3.8/site-packages/airflow/example_dags/plugins/event_listener.py took 0.025 seconds
[2026-04-08T09:39:50.755+0000] {processor.py:161} INFO - Started process (PID=1342) to work on /home/airflow/.local/lib/python3.8/site-packages/airflow/example_dags/plugins/event_listener.py
[2026-04-08T09:39:50.756+0000] {processor.py:830} INFO - Processing file /home/airflow/.local/lib/python3.8/site-packages/airflow/example_dags/plugins/event_listener.py for tasks to queue
[2026-04-08T09:39:50.761+0000] {logging_mixin.py:188} INFO - [2026-04-08T09:39:50.760+0000] {dagbag.py:538} INFO - Filling up the DagBag from /home/airflow/.local/lib/python3.8/site-packages/airflow/example_dags/plugins/event_listener.py
[2026-04-08T09:39:50.763+0000] {processor.py:842} WARNING - No viable dags retrieved from /home/airflow/.local/lib/python3.8/site-packages/airflow/example_dags/plugins/event_listener.py
[2026-04-08T09:39:50.784+0000] {processor.py:183} INFO - Processing /home/airflow/.local/lib/python3.8/site-packages/airflow/example_dags/plugins/event_listener.py took 0.037 seconds
[2026-04-08T09:40:21.745+0000] {processor.py:161} INFO - Started process (PID=1398) to work on /home/airflow/.local/lib/python3.8/site-packages/airflow/example_dags/plugins/event_listener.py
[2026-04-08T09:40:21.745+0000] {processor.py:830} INFO - Processing file /home/airflow/.local/lib/python3.8/site-packages/airflow/example_dags/plugins/event_listener.py for tasks to queue
[2026-04-08T09:40:21.748+0000] {logging_mixin.py:188} INFO - [2026-04-08T09:40:21.747+0000] {dagbag.py:538} INFO - Filling up the DagBag from /home/airflow/.local/lib/python3.8/site-packages/airflow/example_dags/plugins/event_listener.py
[2026-04-08T09:40:21.750+0000] {processor.py:842} WARNING - No viable dags retrieved from /home/airflow/.local/lib/python3.8/site-packages/airflow/example_dags/plugins/event_listener.py
[2026-04-08T09:40:21.779+0000] {processor.py:183} INFO - Processing /home/airflow/.local/lib/python3.8/site-packages/airflow/example_dags/plugins/event_listener.py took 0.038 seconds
[2026-04-08T09:40:51.976+0000] {processor.py:161} INFO - Started process (PID=1453) to work on /home/airflow/.local/lib/python3.8/site-packages/airflow/example_dags/plugins/event_listener.py
[2026-04-08T09:40:51.977+0000] {processor.py:830} INFO - Processing file /home/airflow/.local/lib/python3.8/site-packages/airflow/example_dags/plugins/event_listener.py for tasks to queue
[2026-04-08T09:40:51.980+0000] {logging_mixin.py:188} INFO - [2026-04-08T09:40:51.979+0000] {dagbag.py:538} INFO - Filling up the DagBag from /home/airflow/.local/lib/python3.8/site-packages/airflow/example_dags/plugins/event_listener.py
[2026-04-08T09:40:51.982+0000] {processor.py:842} WARNING - No viable dags retrieved from /home/airflow/.local/lib/python3.8/site-packages/airflow/example_dags/plugins/event_listener.py
[2026-04-08T09:40:51.995+0000] {processor.py:183} INFO - Processing /home/airflow/.local/lib/python3.8/site-packages/airflow/example_dags/plugins/event_listener.py took 0.024 seconds
[2026-04-08T09:41:22.316+0000] {processor.py:161} INFO - Started process (PID=1509) to work on /home/airflow/.local/lib/python3.8/site-packages/airflow/example_dags/plugins/event_listener.py
[2026-04-08T09:41:22.317+0000] {processor.py:830} INFO - Processing file /home/airflow/.local/lib/python3.8/site-packages/airflow/example_dags/plugins/event_listener.py for tasks to queue
[2026-04-08T09:41:22.319+0000] {logging_mixin.py:188} INFO - [2026-04-08T09:41:22.319+0000] {dagbag.py:538} INFO - Filling up the DagBag from /home/airflow/.local/lib/python3.8/site-packages/airflow/example_dags/plugins/event_listener.py
[2026-04-08T09:41:22.322+0000] {processor.py:842} WARNING - No viable dags retrieved from /home/airflow/.local/lib/python3.8/site-packages/airflow/example_dags/plugins/event_listener.py
[2026-04-08T09:41:22.336+0000] {processor.py:183} INFO - Processing /home/airflow/.local/lib/python3.8/site-packages/airflow/example_dags/plugins/event_listener.py took 0.024 seconds
[2026-04-08T09:41:53.334+0000] {processor.py:161} INFO - Started process (PID=1565) to work on /home/airflow/.local/lib/python3.8/site-packages/airflow/example_dags/plugins/event_listener.py
[2026-04-08T09:41:53.335+0000] {processor.py:830} INFO - Processing file /home/airflow/.local/lib/python3.8/site-packages/airflow/example_dags/plugins/event_listener.py for tasks to queue
[2026-04-08T09:41:53.337+0000] {logging_mixin.py:188} INFO - [2026-04-08T09:41:53.337+0000] {dagbag.py:538} INFO - Filling up the DagBag from /home/airflow/.local/lib/python3.8/site-packages/airflow/example_dags/plugins/event_listener.py
[2026-04-08T09:41:53.340+0000] {processor.py:842} WARNING - No viable dags retrieved from /home/airflow/.local/lib/python3.8/site-packages/airflow/example_dags/plugins/event_listener.py
[2026-04-08T09:41:53.353+0000] {processor.py:183} INFO - Processing /home/airflow/.local/lib/python3.8/site-packages/airflow/example_dags/plugins/event_listener.py took 0.023 seconds
[2026-04-08T09:42:24.255+0000] {processor.py:161} INFO - Started process (PID=1621) to work on /home/airflow/.local/lib/python3.8/site-packages/airflow/example_dags/plugins/event_listener.py
[2026-04-08T09:42:24.256+0000] {processor.py:830} INFO - Processing file /home/airflow/.local/lib/python3.8/site-packages/airflow/example_dags/plugins/event_listener.py for tasks to queue
[2026-04-08T09:42:24.258+0000] {logging_mixin.py:188} INFO - [2026-04-08T09:42:24.258+0000] {dagbag.py:538} INFO - Filling up the DagBag from /home/airflow/.local/lib/python3.8/site-packages/airflow/example_dags/plugins/event_listener.py
[2026-04-08T09:42:24.260+0000] {processor.py:842} WARNING - No viable dags retrieved from /home/airflow/.local/lib/python3.8/site-packages/airflow/example_dags/plugins/event_listener.py
[2026-04-08T09:42:24.274+0000] {processor.py:183} INFO - Processing /home/airflow/.local/lib/python3.8/site-packages/airflow/example_dags/plugins/event_listener.py took 0.023 seconds
[2026-04-08T09:42:54.684+0000] {processor.py:161} INFO - Started process (PID=1677) to work on /home/airflow/.local/lib/python3.8/site-packages/airflow/example_dags/plugins/event_listener.py
[2026-04-08T09:42:54.685+0000] {processor.py:830} INFO - Processing file /home/airflow/.local/lib/python3.8/site-packages/airflow/example_dags/plugins/event_listener.py for tasks to queue
[2026-04-08T09:42:54.688+0000] {logging_mixin.py:188} INFO - [2026-04-08T09:42:54.688+0000] {dagbag.py:538} INFO - Filling up the DagBag from /home/airflow/.local/lib/python3.8/site-packages/airflow/example_dags/plugins/event_listener.py
[2026-04-08T09:42:54.691+0000] {processor.py:842} WARNING - No viable dags retrieved from /home/airflow/.local/lib/python3.8/site-packages/airflow/example_dags/plugins/event_listener.py
[2026-04-08T09:42:54.704+0000] {processor.py:183} INFO - Processing /home/airflow/.local/lib/python3.8/site-packages/airflow/example_dags/plugins/event_listener.py took 0.024 seconds
[2026-04-08T09:43:25.215+0000] {processor.py:161} INFO - Started process (PID=1733) to work on /home/airflow/.local/lib/python3.8/site-packages/airflow/example_dags/plugins/event_listener.py
[2026-04-08T09:43:25.215+0000] {processor.py:830} INFO - Processing file /home/airflow/.local/lib/python3.8/site-packages/airflow/example_dags/plugins/event_listener.py for tasks to queue
[2026-04-08T09:43:25.217+0000] {logging_mixin.py:188} INFO - [2026-04-08T09:43:25.217+0000] {dagbag.py:538} INFO - Filling up the DagBag from /home/airflow/.local/lib/python3.8/site-packages/airflow/example_dags/plugins/event_listener.py
[2026-04-08T09:43:25.219+0000] {processor.py:842} WARNING - No viable dags retrieved from /home/airflow/.local/lib/python3.8/site-packages/airflow/example_dags/plugins/event_listener.py
[2026-04-08T09:43:25.231+0000] {processor.py:183} INFO - Processing /home/airflow/.local/lib/python3.8/site-packages/airflow/example_dags/plugins/event_listener.py took 0.019 seconds
[2026-04-08T09:43:56.467+0000] {processor.py:161} INFO - Started process (PID=1789) to work on /home/airflow/.local/lib/python3.8/site-packages/airflow/example_dags/plugins/event_listener.py
[2026-04-08T09:43:56.468+0000] {processor.py:830} INFO - Processing file /home/airflow/.local/lib/python3.8/site-packages/airflow/example_dags/plugins/event_listener.py for tasks to queue
[2026-04-08T09:43:56.470+0000] {logging_mixin.py:188} INFO - [2026-04-08T09:43:56.470+0000] {dagbag.py:538} INFO - Filling up the DagBag from /home/airflow/.local/lib/python3.8/site-packages/airflow/example_dags/plugins/event_listener.py
[2026-04-08T09:43:56.473+0000] {processor.py:842} WARNING - No viable dags retrieved from /home/airflow/.local/lib/python3.8/site-packages/airflow/example_dags/plugins/event_listener.py
[2026-04-08T09:43:56.504+0000] {processor.py:183} INFO - Processing /home/airflow/.local/lib/python3.8/site-packages/airflow/example_dags/plugins/event_listener.py took 0.043 seconds
[2026-04-08T09:44:27.302+0000] {processor.py:161} INFO - Started process (PID=1861) to work on /home/airflow/.local/lib/python3.8/site-packages/airflow/example_dags/plugins/event_listener.py
[2026-04-08T09:44:27.304+0000] {processor.py:830} INFO - Processing file /home/airflow/.local/lib/python3.8/site-packages/airflow/example_dags/plugins/event_listener.py for tasks to queue
[2026-04-08T09:44:27.309+0000] {logging_mixin.py:188} INFO - [2026-04-08T09:44:27.308+0000] {dagbag.py:538} INFO - Filling up the DagBag from /home/airflow/.local/lib/python3.8/site-packages/airflow/example_dags/plugins/event_listener.py
[2026-04-08T09:44:27.315+0000] {processor.py:842} WARNING - No viable dags retrieved from /home/airflow/.local/lib/python3.8/site-packages/airflow/example_dags/plugins/event_listener.py
[2026-04-08T09:44:27.336+0000] {processor.py:183} INFO - Processing /home/airflow/.local/lib/python3.8/site-packages/airflow/example_dags/plugins/event_listener.py took 0.041 seconds
[2026-04-08T09:44:57.684+0000] {processor.py:161} INFO - Started process (PID=1926) to work on /home/airflow/.local/lib/python3.8/site-packages/airflow/example_dags/plugins/event_listener.py
[2026-04-08T09:44:57.685+0000] {processor.py:830} INFO - Processing file /home/airflow/.local/lib/python3.8/site-packages/airflow/example_dags/plugins/event_listener.py for tasks to queue
[2026-04-08T09:44:57.687+0000] {logging_mixin.py:188} INFO - [2026-04-08T09:44:57.687+0000] {dagbag.py:538} INFO - Filling up the DagBag from /home/airflow/.local/lib/python3.8/site-packages/airflow/example_dags/plugins/event_listener.py
[2026-04-08T09:44:57.690+0000] {processor.py:842} WARNING - No viable dags retrieved from /home/airflow/.local/lib/python3.8/site-packages/airflow/example_dags/plugins/event_listener.py
[2026-04-08T09:44:57.704+0000] {processor.py:183} INFO - Processing /home/airflow/.local/lib/python3.8/site-packages/airflow/example_dags/plugins/event_listener.py took 0.024 seconds
[2026-04-08T09:45:28.501+0000] {processor.py:161} INFO - Started process (PID=1982) to work on /home/airflow/.local/lib/python3.8/site-packages/airflow/example_dags/plugins/event_listener.py
[2026-04-08T09:45:28.502+0000] {processor.py:830} INFO - Processing file /home/airflow/.local/lib/python3.8/site-packages/airflow/example_dags/plugins/event_listener.py for tasks to queue
[2026-04-08T09:45:28.504+0000] {logging_mixin.py:188} INFO - [2026-04-08T09:45:28.503+0000] {dagbag.py:538} INFO - Filling up the DagBag from /home/airflow/.local/lib/python3.8/site-packages/airflow/example_dags/plugins/event_listener.py
[2026-04-08T09:45:28.506+0000] {processor.py:842} WARNING - No viable dags retrieved from /home/airflow/.local/lib/python3.8/site-packages/airflow/example_dags/plugins/event_listener.py
[2026-04-08T09:45:28.518+0000] {processor.py:183} INFO - Processing /home/airflow/.local/lib/python3.8/site-packages/airflow/example_dags/plugins/event_listener.py took 0.021 seconds
[2026-04-08T09:46:00.888+0000] {processor.py:161} INFO - Started process (PID=2068) to work on /home/airflow/.local/lib/python3.8/site-packages/airflow/example_dags/plugins/event_listener.py
[2026-04-08T09:46:00.890+0000] {processor.py:830} INFO - Processing file /home/airflow/.local/lib/python3.8/site-packages/airflow/example_dags/plugins/event_listener.py for tasks to queue
[2026-04-08T09:46:00.898+0000] {logging_mixin.py:188} INFO - [2026-04-08T09:46:00.898+0000] {dagbag.py:538} INFO - Filling up the DagBag from /home/airflow/.local/lib/python3.8/site-packages/airflow/example_dags/plugins/event_listener.py
[2026-04-08T09:46:00.914+0000] {processor.py:842} WARNING - No viable dags retrieved from /home/airflow/.local/lib/python3.8/site-packages/airflow/example_dags/plugins/event_listener.py
[2026-04-08T09:46:00.950+0000] {processor.py:183} INFO - Processing /home/airflow/.local/lib/python3.8/site-packages/airflow/example_dags/plugins/event_listener.py took 0.070 seconds
[2026-04-08T09:46:31.780+0000] {processor.py:161} INFO - Started process (PID=2124) to work on /home/airflow/.local/lib/python3.8/site-packages/airflow/example_dags/plugins/event_listener.py
[2026-04-08T09:46:31.781+0000] {processor.py:830} INFO - Processing file /home/airflow/.local/lib/python3.8/site-packages/airflow/example_dags/plugins/event_listener.py for tasks to queue
[2026-04-08T09:46:31.784+0000] {logging_mixin.py:188} INFO - [2026-04-08T09:46:31.784+0000] {dagbag.py:538} INFO - Filling up the DagBag from /home/airflow/.local/lib/python3.8/site-packages/airflow/example_dags/plugins/event_listener.py
[2026-04-08T09:46:31.786+0000] {processor.py:842} WARNING - No viable dags retrieved from /home/airflow/.local/lib/python3.8/site-packages/airflow/example_dags/plugins/event_listener.py
[2026-04-08T09:46:31.801+0000] {processor.py:183} INFO - Processing /home/airflow/.local/lib/python3.8/site-packages/airflow/example_dags/plugins/event_listener.py took 0.024 seconds
[2026-04-08T09:47:02.233+0000] {processor.py:161} INFO - Started process (PID=2180) to work on /home/airflow/.local/lib/python3.8/site-packages/airflow/example_dags/plugins/event_listener.py
[2026-04-08T09:47:02.237+0000] {processor.py:830} INFO - Processing file /home/airflow/.local/lib/python3.8/site-packages/airflow/example_dags/plugins/event_listener.py for tasks to queue
[2026-04-08T09:47:02.247+0000] {logging_mixin.py:188} INFO - [2026-04-08T09:47:02.247+0000] {dagbag.py:538} INFO - Filling up the DagBag from /home/airflow/.local/lib/python3.8/site-packages/airflow/example_dags/plugins/event_listener.py
[2026-04-08T09:47:02.265+0000] {processor.py:842} WARNING - No viable dags retrieved from /home/airflow/.local/lib/python3.8/site-packages/airflow/example_dags/plugins/event_listener.py
[2026-04-08T09:47:02.312+0000] {processor.py:183} INFO - Processing /home/airflow/.local/lib/python3.8/site-packages/airflow/example_dags/plugins/event_listener.py took 0.111 seconds
[2026-04-08T09:47:32.416+0000] {processor.py:161} INFO - Started process (PID=2236) to work on /home/airflow/.local/lib/python3.8/site-packages/airflow/example_dags/plugins/event_listener.py
[2026-04-08T09:47:32.417+0000] {processor.py:830} INFO - Processing file /home/airflow/.local/lib/python3.8/site-packages/airflow/example_dags/plugins/event_listener.py for tasks to queue
[2026-04-08T09:47:32.420+0000] {logging_mixin.py:188} INFO - [2026-04-08T09:47:32.420+0000] {dagbag.py:538} INFO - Filling up the DagBag from /home/airflow/.local/lib/python3.8/site-packages/airflow/example_dags/plugins/event_listener.py
[2026-04-08T09:47:32.423+0000] {processor.py:842} WARNING - No viable dags retrieved from /home/airflow/.local/lib/python3.8/site-packages/airflow/example_dags/plugins/event_listener.py
[2026-04-08T09:47:32.453+0000] {processor.py:183} INFO - Processing /home/airflow/.local/lib/python3.8/site-packages/airflow/example_dags/plugins/event_listener.py took 0.040 seconds
[2026-04-08T09:48:02.809+0000] {processor.py:161} INFO - Started process (PID=2292) to work on /home/airflow/.local/lib/python3.8/site-packages/airflow/example_dags/plugins/event_listener.py
[2026-04-08T09:48:02.810+0000] {processor.py:830} INFO - Processing file /home/airflow/.local/lib/python3.8/site-packages/airflow/example_dags/plugins/event_listener.py for tasks to queue
[2026-04-08T09:48:02.813+0000] {logging_mixin.py:188} INFO - [2026-04-08T09:48:02.813+0000] {dagbag.py:538} INFO - Filling up the DagBag from /home/airflow/.local/lib/python3.8/site-packages/airflow/example_dags/plugins/event_listener.py
[2026-04-08T09:48:02.815+0000] {processor.py:842} WARNING - No viable dags retrieved from /home/airflow/.local/lib/python3.8/site-packages/airflow/example_dags/plugins/event_listener.py
[2026-04-08T09:48:02.831+0000] {processor.py:183} INFO - Processing /home/airflow/.local/lib/python3.8/site-packages/airflow/example_dags/plugins/event_listener.py took 0.025 seconds
[2026-04-08T09:48:33.732+0000] {processor.py:161} INFO - Started process (PID=2349) to work on /home/airflow/.local/lib/python3.8/site-packages/airflow/example_dags/plugins/event_listener.py
[2026-04-08T09:48:33.733+0000] {processor.py:830} INFO - Processing file /home/airflow/.local/lib/python3.8/site-packages/airflow/example_dags/plugins/event_listener.py for tasks to queue
[2026-04-08T09:48:33.735+0000] {logging_mixin.py:188} INFO - [2026-04-08T09:48:33.735+0000] {dagbag.py:538} INFO - Filling up the DagBag from /home/airflow/.local/lib/python3.8/site-packages/airflow/example_dags/plugins/event_listener.py
[2026-04-08T09:48:33.738+0000] {processor.py:842} WARNING - No viable dags retrieved from /home/airflow/.local/lib/python3.8/site-packages/airflow/example_dags/plugins/event_listener.py
[2026-04-08T09:48:33.755+0000] {processor.py:183} INFO - Processing /home/airflow/.local/lib/python3.8/site-packages/airflow/example_dags/plugins/event_listener.py took 0.027 seconds
[2026-04-08T09:49:04.578+0000] {processor.py:161} INFO - Started process (PID=2406) to work on /home/airflow/.local/lib/python3.8/site-packages/airflow/example_dags/plugins/event_listener.py
[2026-04-08T09:49:04.580+0000] {processor.py:830} INFO - Processing file /home/airflow/.local/lib/python3.8/site-packages/airflow/example_dags/plugins/event_listener.py for tasks to queue
[2026-04-08T09:49:04.584+0000] {logging_mixin.py:188} INFO - [2026-04-08T09:49:04.584+0000] {dagbag.py:538} INFO - Filling up the DagBag from /home/airflow/.local/lib/python3.8/site-packages/airflow/example_dags/plugins/event_listener.py
[2026-04-08T09:49:04.587+0000] {processor.py:842} WARNING - No viable dags retrieved from /home/airflow/.local/lib/python3.8/site-packages/airflow/example_dags/plugins/event_listener.py
[2026-04-08T09:49:04.610+0000] {processor.py:183} INFO - Processing /home/airflow/.local/lib/python3.8/site-packages/airflow/example_dags/plugins/event_listener.py took 0.036 seconds
[2026-04-08T09:49:34.952+0000] {processor.py:161} INFO - Started process (PID=2462) to work on /home/airflow/.local/lib/python3.8/site-packages/airflow/example_dags/plugins/event_listener.py
[2026-04-08T09:49:34.953+0000] {processor.py:830} INFO - Processing file /home/airflow/.local/lib/python3.8/site-packages/airflow/example_dags/plugins/event_listener.py for tasks to queue
[2026-04-08T09:49:34.955+0000] {logging_mixin.py:188} INFO - [2026-04-08T09:49:34.955+0000] {dagbag.py:538} INFO - Filling up the DagBag from /home/airflow/.local/lib/python3.8/site-packages/airflow/example_dags/plugins/event_listener.py
[2026-04-08T09:49:34.958+0000] {processor.py:842} WARNING - No viable dags retrieved from /home/airflow/.local/lib/python3.8/site-packages/airflow/example_dags/plugins/event_listener.py
[2026-04-08T09:49:34.974+0000] {processor.py:183} INFO - Processing /home/airflow/.local/lib/python3.8/site-packages/airflow/example_dags/plugins/event_listener.py took 0.034 seconds
[2026-04-08T09:50:08.094+0000] {processor.py:161} INFO - Started process (PID=2537) to work on /home/airflow/.local/lib/python3.8/site-packages/airflow/example_dags/plugins/event_listener.py
[2026-04-08T09:50:08.099+0000] {processor.py:830} INFO - Processing file /home/airflow/.local/lib/python3.8/site-packages/airflow/example_dags/plugins/event_listener.py for tasks to queue
[2026-04-08T09:50:08.101+0000] {logging_mixin.py:188} INFO - [2026-04-08T09:50:08.101+0000] {dagbag.py:538} INFO - Filling up the DagBag from /home/airflow/.local/lib/python3.8/site-packages/airflow/example_dags/plugins/event_listener.py
[2026-04-08T09:50:08.104+0000] {processor.py:842} WARNING - No viable dags retrieved from /home/airflow/.local/lib/python3.8/site-packages/airflow/example_dags/plugins/event_listener.py
[2026-04-08T09:50:08.125+0000] {processor.py:183} INFO - Processing /home/airflow/.local/lib/python3.8/site-packages/airflow/example_dags/plugins/event_listener.py took 0.036 seconds
[2026-04-08T09:50:39.600+0000] {processor.py:161} INFO - Started process (PID=2594) to work on /home/airflow/.local/lib/python3.8/site-packages/airflow/example_dags/plugins/event_listener.py
[2026-04-08T09:50:39.602+0000] {processor.py:830} INFO - Processing file /home/airflow/.local/lib/python3.8/site-packages/airflow/example_dags/plugins/event_listener.py for tasks to queue
[2026-04-08T09:50:39.607+0000] {logging_mixin.py:188} INFO - [2026-04-08T09:50:39.607+0000] {dagbag.py:538} INFO - Filling up the DagBag from /home/airflow/.local/lib/python3.8/site-packages/airflow/example_dags/plugins/event_listener.py
[2026-04-08T09:50:39.611+0000] {processor.py:842} WARNING - No viable dags retrieved from /home/airflow/.local/lib/python3.8/site-packages/airflow/example_dags/plugins/event_listener.py
[2026-04-08T09:50:39.637+0000] {processor.py:183} INFO - Processing /home/airflow/.local/lib/python3.8/site-packages/airflow/example_dags/plugins/event_listener.py took 0.047 seconds
[2026-04-08T09:51:47.394+0000] {processor.py:161} INFO - Started process (PID=118) to work on /home/airflow/.local/lib/python3.8/site-packages/airflow/example_dags/plugins/event_listener.py
[2026-04-08T09:51:47.398+0000] {processor.py:830} INFO - Processing file /home/airflow/.local/lib/python3.8/site-packages/airflow/example_dags/plugins/event_listener.py for tasks to queue
[2026-04-08T09:51:47.403+0000] {logging_mixin.py:188} INFO - [2026-04-08T09:51:47.403+0000] {dagbag.py:538} INFO - Filling up the DagBag from /home/airflow/.local/lib/python3.8/site-packages/airflow/example_dags/plugins/event_listener.py
[2026-04-08T09:51:47.406+0000] {processor.py:842} WARNING - No viable dags retrieved from /home/airflow/.local/lib/python3.8/site-packages/airflow/example_dags/plugins/event_listener.py
[2026-04-08T09:51:47.432+0000] {processor.py:183} INFO - Processing /home/airflow/.local/lib/python3.8/site-packages/airflow/example_dags/plugins/event_listener.py took 0.043 seconds
[2026-04-08T09:52:17.492+0000] {processor.py:161} INFO - Started process (PID=183) to work on /home/airflow/.local/lib/python3.8/site-packages/airflow/example_dags/plugins/event_listener.py
[2026-04-08T09:52:17.494+0000] {processor.py:830} INFO - Processing file /home/airflow/.local/lib/python3.8/site-packages/airflow/example_dags/plugins/event_listener.py for tasks to queue
[2026-04-08T09:52:17.500+0000] {logging_mixin.py:188} INFO - [2026-04-08T09:52:17.500+0000] {dagbag.py:538} INFO - Filling up the DagBag from /home/airflow/.local/lib/python3.8/site-packages/airflow/example_dags/plugins/event_listener.py
[2026-04-08T09:52:17.504+0000] {processor.py:842} WARNING - No viable dags retrieved from /home/airflow/.local/lib/python3.8/site-packages/airflow/example_dags/plugins/event_listener.py
[2026-04-08T09:52:17.525+0000] {processor.py:183} INFO - Processing /home/airflow/.local/lib/python3.8/site-packages/airflow/example_dags/plugins/event_listener.py took 0.037 seconds
[2026-04-08T09:52:47.775+0000] {processor.py:161} INFO - Started process (PID=240) to work on /home/airflow/.local/lib/python3.8/site-packages/airflow/example_dags/plugins/event_listener.py
[2026-04-08T09:52:47.777+0000] {processor.py:830} INFO - Processing file /home/airflow/.local/lib/python3.8/site-packages/airflow/example_dags/plugins/event_listener.py for tasks to queue
[2026-04-08T09:52:47.780+0000] {logging_mixin.py:188} INFO - [2026-04-08T09:52:47.779+0000] {dagbag.py:538} INFO - Filling up the DagBag from /home/airflow/.local/lib/python3.8/site-packages/airflow/example_dags/plugins/event_listener.py
[2026-04-08T09:52:47.782+0000] {processor.py:842} WARNING - No viable dags retrieved from /home/airflow/.local/lib/python3.8/site-packages/airflow/example_dags/plugins/event_listener.py
[2026-04-08T09:52:47.798+0000] {processor.py:183} INFO - Processing /home/airflow/.local/lib/python3.8/site-packages/airflow/example_dags/plugins/event_listener.py took 0.026 seconds
[2026-04-08T09:53:18.155+0000] {processor.py:161} INFO - Started process (PID=297) to work on /home/airflow/.local/lib/python3.8/site-packages/airflow/example_dags/plugins/event_listener.py
[2026-04-08T09:53:18.155+0000] {processor.py:830} INFO - Processing file /home/airflow/.local/lib/python3.8/site-packages/airflow/example_dags/plugins/event_listener.py for tasks to queue
[2026-04-08T09:53:18.158+0000] {logging_mixin.py:188} INFO - [2026-04-08T09:53:18.158+0000] {dagbag.py:538} INFO - Filling up the DagBag from /home/airflow/.local/lib/python3.8/site-packages/airflow/example_dags/plugins/event_listener.py
[2026-04-08T09:53:18.160+0000] {processor.py:842} WARNING - No viable dags retrieved from /home/airflow/.local/lib/python3.8/site-packages/airflow/example_dags/plugins/event_listener.py
[2026-04-08T09:53:18.182+0000] {processor.py:183} INFO - Processing /home/airflow/.local/lib/python3.8/site-packages/airflow/example_dags/plugins/event_listener.py took 0.032 seconds
[2026-04-08T09:53:48.792+0000] {processor.py:161} INFO - Started process (PID=354) to work on /home/airflow/.local/lib/python3.8/site-packages/airflow/example_dags/plugins/event_listener.py
[2026-04-08T09:53:48.793+0000] {processor.py:830} INFO - Processing file /home/airflow/.local/lib/python3.8/site-packages/airflow/example_dags/plugins/event_listener.py for tasks to queue
[2026-04-08T09:53:48.796+0000] {logging_mixin.py:188} INFO - [2026-04-08T09:53:48.796+0000] {dagbag.py:538} INFO - Filling up the DagBag from /home/airflow/.local/lib/python3.8/site-packages/airflow/example_dags/plugins/event_listener.py
[2026-04-08T09:53:48.799+0000] {processor.py:842} WARNING - No viable dags retrieved from /home/airflow/.local/lib/python3.8/site-packages/airflow/example_dags/plugins/event_listener.py
[2026-04-08T09:53:48.858+0000] {processor.py:183} INFO - Processing /home/airflow/.local/lib/python3.8/site-packages/airflow/example_dags/plugins/event_listener.py took 0.070 seconds
[2026-04-08T09:54:19.677+0000] {processor.py:161} INFO - Started process (PID=411) to work on /home/airflow/.local/lib/python3.8/site-packages/airflow/example_dags/plugins/event_listener.py
[2026-04-08T09:54:19.678+0000] {processor.py:830} INFO - Processing file /home/airflow/.local/lib/python3.8/site-packages/airflow/example_dags/plugins/event_listener.py for tasks to queue
[2026-04-08T09:54:19.681+0000] {logging_mixin.py:188} INFO - [2026-04-08T09:54:19.680+0000] {dagbag.py:538} INFO - Filling up the DagBag from /home/airflow/.local/lib/python3.8/site-packages/airflow/example_dags/plugins/event_listener.py
[2026-04-08T09:54:19.683+0000] {processor.py:842} WARNING - No viable dags retrieved from /home/airflow/.local/lib/python3.8/site-packages/airflow/example_dags/plugins/event_listener.py
[2026-04-08T09:54:19.698+0000] {processor.py:183} INFO - Processing /home/airflow/.local/lib/python3.8/site-packages/airflow/example_dags/plugins/event_listener.py took 0.025 seconds
[2026-04-08T09:54:50.058+0000] {processor.py:161} INFO - Started process (PID=468) to work on /home/airflow/.local/lib/python3.8/site-packages/airflow/example_dags/plugins/event_listener.py
[2026-04-08T09:54:50.059+0000] {processor.py:830} INFO - Processing file /home/airflow/.local/lib/python3.8/site-packages/airflow/example_dags/plugins/event_listener.py for tasks to queue
[2026-04-08T09:54:50.062+0000] {logging_mixin.py:188} INFO - [2026-04-08T09:54:50.061+0000] {dagbag.py:538} INFO - Filling up the DagBag from /home/airflow/.local/lib/python3.8/site-packages/airflow/example_dags/plugins/event_listener.py
[2026-04-08T09:54:50.064+0000] {processor.py:842} WARNING - No viable dags retrieved from /home/airflow/.local/lib/python3.8/site-packages/airflow/example_dags/plugins/event_listener.py
[2026-04-08T09:54:50.079+0000] {processor.py:183} INFO - Processing /home/airflow/.local/lib/python3.8/site-packages/airflow/example_dags/plugins/event_listener.py took 0.025 seconds
[2026-04-08T09:55:20.171+0000] {processor.py:161} INFO - Started process (PID=525) to work on /home/airflow/.local/lib/python3.8/site-packages/airflow/example_dags/plugins/event_listener.py
[2026-04-08T09:55:20.172+0000] {processor.py:830} INFO - Processing file /home/airflow/.local/lib/python3.8/site-packages/airflow/example_dags/plugins/event_listener.py for tasks to queue
[2026-04-08T09:55:20.175+0000] {logging_mixin.py:188} INFO - [2026-04-08T09:55:20.175+0000] {dagbag.py:538} INFO - Filling up the DagBag from /home/airflow/.local/lib/python3.8/site-packages/airflow/example_dags/plugins/event_listener.py
[2026-04-08T09:55:20.178+0000] {processor.py:842} WARNING - No viable dags retrieved from /home/airflow/.local/lib/python3.8/site-packages/airflow/example_dags/plugins/event_listener.py
[2026-04-08T09:55:20.193+0000] {processor.py:183} INFO - Processing /home/airflow/.local/lib/python3.8/site-packages/airflow/example_dags/plugins/event_listener.py took 0.026 seconds
[2026-04-08T09:55:50.765+0000] {processor.py:161} INFO - Started process (PID=582) to work on /home/airflow/.local/lib/python3.8/site-packages/airflow/example_dags/plugins/event_listener.py
[2026-04-08T09:55:50.766+0000] {processor.py:830} INFO - Processing file /home/airflow/.local/lib/python3.8/site-packages/airflow/example_dags/plugins/event_listener.py for tasks to queue
[2026-04-08T09:55:50.768+0000] {logging_mixin.py:188} INFO - [2026-04-08T09:55:50.768+0000] {dagbag.py:538} INFO - Filling up the DagBag from /home/airflow/.local/lib/python3.8/site-packages/airflow/example_dags/plugins/event_listener.py
[2026-04-08T09:55:50.771+0000] {processor.py:842} WARNING - No viable dags retrieved from /home/airflow/.local/lib/python3.8/site-packages/airflow/example_dags/plugins/event_listener.py
[2026-04-08T09:55:50.790+0000] {processor.py:183} INFO - Processing /home/airflow/.local/lib/python3.8/site-packages/airflow/example_dags/plugins/event_listener.py took 0.043 seconds
[2026-04-08T09:56:20.907+0000] {processor.py:161} INFO - Started process (PID=639) to work on /home/airflow/.local/lib/python3.8/site-packages/airflow/example_dags/plugins/event_listener.py
[2026-04-08T09:56:20.908+0000] {processor.py:830} INFO - Processing file /home/airflow/.local/lib/python3.8/site-packages/airflow/example_dags/plugins/event_listener.py for tasks to queue
[2026-04-08T09:56:20.910+0000] {logging_mixin.py:188} INFO - [2026-04-08T09:56:20.910+0000] {dagbag.py:538} INFO - Filling up the DagBag from /home/airflow/.local/lib/python3.8/site-packages/airflow/example_dags/plugins/event_listener.py
[2026-04-08T09:56:20.913+0000] {processor.py:842} WARNING - No viable dags retrieved from /home/airflow/.local/lib/python3.8/site-packages/airflow/example_dags/plugins/event_listener.py
[2026-04-08T09:56:20.932+0000] {processor.py:183} INFO - Processing /home/airflow/.local/lib/python3.8/site-packages/airflow/example_dags/plugins/event_listener.py took 0.030 seconds
[2026-04-08T09:56:51.213+0000] {processor.py:161} INFO - Started process (PID=696) to work on /home/airflow/.local/lib/python3.8/site-packages/airflow/example_dags/plugins/event_listener.py
[2026-04-08T09:56:51.213+0000] {processor.py:830} INFO - Processing file /home/airflow/.local/lib/python3.8/site-packages/airflow/example_dags/plugins/event_listener.py for tasks to queue
[2026-04-08T09:56:51.216+0000] {logging_mixin.py:188} INFO - [2026-04-08T09:56:51.216+0000] {dagbag.py:538} INFO - Filling up the DagBag from /home/airflow/.local/lib/python3.8/site-packages/airflow/example_dags/plugins/event_listener.py
[2026-04-08T09:56:51.219+0000] {processor.py:842} WARNING - No viable dags retrieved from /home/airflow/.local/lib/python3.8/site-packages/airflow/example_dags/plugins/event_listener.py
[2026-04-08T09:56:51.238+0000] {processor.py:183} INFO - Processing /home/airflow/.local/lib/python3.8/site-packages/airflow/example_dags/plugins/event_listener.py took 0.029 seconds
[2026-04-08T09:57:21.279+0000] {processor.py:161} INFO - Started process (PID=753) to work on /home/airflow/.local/lib/python3.8/site-packages/airflow/example_dags/plugins/event_listener.py
[2026-04-08T09:57:21.280+0000] {processor.py:830} INFO - Processing file /home/airflow/.local/lib/python3.8/site-packages/airflow/example_dags/plugins/event_listener.py for tasks to queue
[2026-04-08T09:57:21.283+0000] {logging_mixin.py:188} INFO - [2026-04-08T09:57:21.282+0000] {dagbag.py:538} INFO - Filling up the DagBag from /home/airflow/.local/lib/python3.8/site-packages/airflow/example_dags/plugins/event_listener.py
[2026-04-08T09:57:21.285+0000] {processor.py:842} WARNING - No viable dags retrieved from /home/airflow/.local/lib/python3.8/site-packages/airflow/example_dags/plugins/event_listener.py
[2026-04-08T09:57:21.302+0000] {processor.py:183} INFO - Processing /home/airflow/.local/lib/python3.8/site-packages/airflow/example_dags/plugins/event_listener.py took 0.027 seconds
[2026-04-08T09:57:51.442+0000] {processor.py:161} INFO - Started process (PID=810) to work on /home/airflow/.local/lib/python3.8/site-packages/airflow/example_dags/plugins/event_listener.py
[2026-04-08T09:57:51.443+0000] {processor.py:830} INFO - Processing file /home/airflow/.local/lib/python3.8/site-packages/airflow/example_dags/plugins/event_listener.py for tasks to queue
[2026-04-08T09:57:51.446+0000] {logging_mixin.py:188} INFO - [2026-04-08T09:57:51.446+0000] {dagbag.py:538} INFO - Filling up the DagBag from /home/airflow/.local/lib/python3.8/site-packages/airflow/example_dags/plugins/event_listener.py
[2026-04-08T09:57:51.448+0000] {processor.py:842} WARNING - No viable dags retrieved from /home/airflow/.local/lib/python3.8/site-packages/airflow/example_dags/plugins/event_listener.py
[2026-04-08T09:57:51.467+0000] {processor.py:183} INFO - Processing /home/airflow/.local/lib/python3.8/site-packages/airflow/example_dags/plugins/event_listener.py took 0.029 seconds
[2026-04-08T09:58:21.961+0000] {processor.py:161} INFO - Started process (PID=867) to work on /home/airflow/.local/lib/python3.8/site-packages/airflow/example_dags/plugins/event_listener.py
[2026-04-08T09:58:21.962+0000] {processor.py:830} INFO - Processing file /home/airflow/.local/lib/python3.8/site-packages/airflow/example_dags/plugins/event_listener.py for tasks to queue
[2026-04-08T09:58:21.965+0000] {logging_mixin.py:188} INFO - [2026-04-08T09:58:21.964+0000] {dagbag.py:538} INFO - Filling up the DagBag from /home/airflow/.local/lib/python3.8/site-packages/airflow/example_dags/plugins/event_listener.py
[2026-04-08T09:58:21.967+0000] {processor.py:842} WARNING - No viable dags retrieved from /home/airflow/.local/lib/python3.8/site-packages/airflow/example_dags/plugins/event_listener.py
[2026-04-08T09:58:21.982+0000] {processor.py:183} INFO - Processing /home/airflow/.local/lib/python3.8/site-packages/airflow/example_dags/plugins/event_listener.py took 0.024 seconds
[2026-04-08T09:58:53.856+0000] {processor.py:161} INFO - Started process (PID=924) to work on /home/airflow/.local/lib/python3.8/site-packages/airflow/example_dags/plugins/event_listener.py
[2026-04-08T09:58:53.857+0000] {processor.py:830} INFO - Processing file /home/airflow/.local/lib/python3.8/site-packages/airflow/example_dags/plugins/event_listener.py for tasks to queue
[2026-04-08T09:58:53.860+0000] {logging_mixin.py:188} INFO - [2026-04-08T09:58:53.859+0000] {dagbag.py:538} INFO - Filling up the DagBag from /home/airflow/.local/lib/python3.8/site-packages/airflow/example_dags/plugins/event_listener.py
[2026-04-08T09:58:53.862+0000] {processor.py:842} WARNING - No viable dags retrieved from /home/airflow/.local/lib/python3.8/site-packages/airflow/example_dags/plugins/event_listener.py
[2026-04-08T09:58:53.887+0000] {processor.py:183} INFO - Processing /home/airflow/.local/lib/python3.8/site-packages/airflow/example_dags/plugins/event_listener.py took 0.035 seconds
[2026-04-08T09:59:24.522+0000] {processor.py:161} INFO - Started process (PID=981) to work on /home/airflow/.local/lib/python3.8/site-packages/airflow/example_dags/plugins/event_listener.py
[2026-04-08T09:59:24.524+0000] {processor.py:830} INFO - Processing file /home/airflow/.local/lib/python3.8/site-packages/airflow/example_dags/plugins/event_listener.py for tasks to queue
[2026-04-08T09:59:24.529+0000] {logging_mixin.py:188} INFO - [2026-04-08T09:59:24.529+0000] {dagbag.py:538} INFO - Filling up the DagBag from /home/airflow/.local/lib/python3.8/site-packages/airflow/example_dags/plugins/event_listener.py
[2026-04-08T09:59:24.533+0000] {processor.py:842} WARNING - No viable dags retrieved from /home/airflow/.local/lib/python3.8/site-packages/airflow/example_dags/plugins/event_listener.py
[2026-04-08T09:59:24.570+0000] {processor.py:183} INFO - Processing /home/airflow/.local/lib/python3.8/site-packages/airflow/example_dags/plugins/event_listener.py took 0.057 seconds
[2026-04-08T09:59:54.714+0000] {processor.py:161} INFO - Started process (PID=1038) to work on /home/airflow/.local/lib/python3.8/site-packages/airflow/example_dags/plugins/event_listener.py
[2026-04-08T09:59:54.718+0000] {processor.py:830} INFO - Processing file /home/airflow/.local/lib/python3.8/site-packages/airflow/example_dags/plugins/event_listener.py for tasks to queue
[2026-04-08T09:59:54.723+0000] {logging_mixin.py:188} INFO - [2026-04-08T09:59:54.723+0000] {dagbag.py:538} INFO - Filling up the DagBag from /home/airflow/.local/lib/python3.8/site-packages/airflow/example_dags/plugins/event_listener.py
[2026-04-08T09:59:54.728+0000] {processor.py:842} WARNING - No viable dags retrieved from /home/airflow/.local/lib/python3.8/site-packages/airflow/example_dags/plugins/event_listener.py
[2026-04-08T09:59:54.742+0000] {processor.py:183} INFO - Processing /home/airflow/.local/lib/python3.8/site-packages/airflow/example_dags/plugins/event_listener.py took 0.032 seconds
[2026-04-08T10:00:25.791+0000] {processor.py:161} INFO - Started process (PID=1095) to work on /home/airflow/.local/lib/python3.8/site-packages/airflow/example_dags/plugins/event_listener.py
[2026-04-08T10:00:25.792+0000] {processor.py:830} INFO - Processing file /home/airflow/.local/lib/python3.8/site-packages/airflow/example_dags/plugins/event_listener.py for tasks to queue
[2026-04-08T10:00:25.798+0000] {logging_mixin.py:188} INFO - [2026-04-08T10:00:25.798+0000] {dagbag.py:538} INFO - Filling up the DagBag from /home/airflow/.local/lib/python3.8/site-packages/airflow/example_dags/plugins/event_listener.py
[2026-04-08T10:00:25.802+0000] {processor.py:842} WARNING - No viable dags retrieved from /home/airflow/.local/lib/python3.8/site-packages/airflow/example_dags/plugins/event_listener.py
[2026-04-08T10:00:25.817+0000] {processor.py:183} INFO - Processing /home/airflow/.local/lib/python3.8/site-packages/airflow/example_dags/plugins/event_listener.py took 0.042 seconds
[2026-04-08T10:00:56.080+0000] {processor.py:161} INFO - Started process (PID=1152) to work on /home/airflow/.local/lib/python3.8/site-packages/airflow/example_dags/plugins/event_listener.py
[2026-04-08T10:00:56.082+0000] {processor.py:830} INFO - Processing file /home/airflow/.local/lib/python3.8/site-packages/airflow/example_dags/plugins/event_listener.py for tasks to queue
[2026-04-08T10:00:56.092+0000] {logging_mixin.py:188} INFO - [2026-04-08T10:00:56.092+0000] {dagbag.py:538} INFO - Filling up the DagBag from /home/airflow/.local/lib/python3.8/site-packages/airflow/example_dags/plugins/event_listener.py
[2026-04-08T10:00:56.100+0000] {processor.py:842} WARNING - No viable dags retrieved from /home/airflow/.local/lib/python3.8/site-packages/airflow/example_dags/plugins/event_listener.py
[2026-04-08T10:00:56.148+0000] {processor.py:183} INFO - Processing /home/airflow/.local/lib/python3.8/site-packages/airflow/example_dags/plugins/event_listener.py took 0.073 seconds
[2026-04-08T10:01:26.620+0000] {processor.py:161} INFO - Started process (PID=1209) to work on /home/airflow/.local/lib/python3.8/site-packages/airflow/example_dags/plugins/event_listener.py
[2026-04-08T10:01:26.622+0000] {processor.py:830} INFO - Processing file /home/airflow/.local/lib/python3.8/site-packages/airflow/example_dags/plugins/event_listener.py for tasks to queue
[2026-04-08T10:01:26.626+0000] {logging_mixin.py:188} INFO - [2026-04-08T10:01:26.626+0000] {dagbag.py:538} INFO - Filling up the DagBag from /home/airflow/.local/lib/python3.8/site-packages/airflow/example_dags/plugins/event_listener.py
[2026-04-08T10:01:26.632+0000] {processor.py:842} WARNING - No viable dags retrieved from /home/airflow/.local/lib/python3.8/site-packages/airflow/example_dags/plugins/event_listener.py
[2026-04-08T10:01:26.670+0000] {processor.py:183} INFO - Processing /home/airflow/.local/lib/python3.8/site-packages/airflow/example_dags/plugins/event_listener.py took 0.054 seconds
[2026-04-08T10:01:56.857+0000] {processor.py:161} INFO - Started process (PID=1265) to work on /home/airflow/.local/lib/python3.8/site-packages/airflow/example_dags/plugins/event_listener.py
[2026-04-08T10:01:56.858+0000] {processor.py:830} INFO - Processing file /home/airflow/.local/lib/python3.8/site-packages/airflow/example_dags/plugins/event_listener.py for tasks to queue
[2026-04-08T10:01:56.861+0000] {logging_mixin.py:188} INFO - [2026-04-08T10:01:56.861+0000] {dagbag.py:538} INFO - Filling up the DagBag from /home/airflow/.local/lib/python3.8/site-packages/airflow/example_dags/plugins/event_listener.py
[2026-04-08T10:01:56.864+0000] {processor.py:842} WARNING - No viable dags retrieved from /home/airflow/.local/lib/python3.8/site-packages/airflow/example_dags/plugins/event_listener.py
[2026-04-08T10:01:56.879+0000] {processor.py:183} INFO - Processing /home/airflow/.local/lib/python3.8/site-packages/airflow/example_dags/plugins/event_listener.py took 0.026 seconds
[2026-04-08T10:02:27.375+0000] {processor.py:161} INFO - Started process (PID=1322) to work on /home/airflow/.local/lib/python3.8/site-packages/airflow/example_dags/plugins/event_listener.py
[2026-04-08T10:02:27.376+0000] {processor.py:830} INFO - Processing file /home/airflow/.local/lib/python3.8/site-packages/airflow/example_dags/plugins/event_listener.py for tasks to queue
[2026-04-08T10:02:27.379+0000] {logging_mixin.py:188} INFO - [2026-04-08T10:02:27.379+0000] {dagbag.py:538} INFO - Filling up the DagBag from /home/airflow/.local/lib/python3.8/site-packages/airflow/example_dags/plugins/event_listener.py
[2026-04-08T10:02:27.382+0000] {processor.py:842} WARNING - No viable dags retrieved from /home/airflow/.local/lib/python3.8/site-packages/airflow/example_dags/plugins/event_listener.py
[2026-04-08T10:02:27.425+0000] {processor.py:183} INFO - Processing /home/airflow/.local/lib/python3.8/site-packages/airflow/example_dags/plugins/event_listener.py took 0.054 seconds
[2026-04-08T10:02:58.514+0000] {processor.py:161} INFO - Started process (PID=1379) to work on /home/airflow/.local/lib/python3.8/site-packages/airflow/example_dags/plugins/event_listener.py
[2026-04-08T10:02:58.515+0000] {processor.py:830} INFO - Processing file /home/airflow/.local/lib/python3.8/site-packages/airflow/example_dags/plugins/event_listener.py for tasks to queue
[2026-04-08T10:02:58.518+0000] {logging_mixin.py:188} INFO - [2026-04-08T10:02:58.517+0000] {dagbag.py:538} INFO - Filling up the DagBag from /home/airflow/.local/lib/python3.8/site-packages/airflow/example_dags/plugins/event_listener.py
[2026-04-08T10:02:58.520+0000] {processor.py:842} WARNING - No viable dags retrieved from /home/airflow/.local/lib/python3.8/site-packages/airflow/example_dags/plugins/event_listener.py
[2026-04-08T10:02:58.534+0000] {processor.py:183} INFO - Processing /home/airflow/.local/lib/python3.8/site-packages/airflow/example_dags/plugins/event_listener.py took 0.024 seconds
[2026-04-08T10:03:29.478+0000] {processor.py:161} INFO - Started process (PID=1436) to work on /home/airflow/.local/lib/python3.8/site-packages/airflow/example_dags/plugins/event_listener.py
[2026-04-08T10:03:29.479+0000] {processor.py:830} INFO - Processing file /home/airflow/.local/lib/python3.8/site-packages/airflow/example_dags/plugins/event_listener.py for tasks to queue
[2026-04-08T10:03:29.482+0000] {logging_mixin.py:188} INFO - [2026-04-08T10:03:29.481+0000] {dagbag.py:538} INFO - Filling up the DagBag from /home/airflow/.local/lib/python3.8/site-packages/airflow/example_dags/plugins/event_listener.py
[2026-04-08T10:03:29.484+0000] {processor.py:842} WARNING - No viable dags retrieved from /home/airflow/.local/lib/python3.8/site-packages/airflow/example_dags/plugins/event_listener.py
[2026-04-08T10:03:29.499+0000] {processor.py:183} INFO - Processing /home/airflow/.local/lib/python3.8/site-packages/airflow/example_dags/plugins/event_listener.py took 0.024 seconds
[2026-04-08T10:03:59.873+0000] {processor.py:161} INFO - Started process (PID=1493) to work on /home/airflow/.local/lib/python3.8/site-packages/airflow/example_dags/plugins/event_listener.py
[2026-04-08T10:03:59.874+0000] {processor.py:830} INFO - Processing file /home/airflow/.local/lib/python3.8/site-packages/airflow/example_dags/plugins/event_listener.py for tasks to queue
[2026-04-08T10:03:59.877+0000] {logging_mixin.py:188} INFO - [2026-04-08T10:03:59.876+0000] {dagbag.py:538} INFO - Filling up the DagBag from /home/airflow/.local/lib/python3.8/site-packages/airflow/example_dags/plugins/event_listener.py
[2026-04-08T10:03:59.881+0000] {processor.py:842} WARNING - No viable dags retrieved from /home/airflow/.local/lib/python3.8/site-packages/airflow/example_dags/plugins/event_listener.py
[2026-04-08T10:03:59.894+0000] {processor.py:183} INFO - Processing /home/airflow/.local/lib/python3.8/site-packages/airflow/example_dags/plugins/event_listener.py took 0.025 seconds
[2026-04-08T10:04:30.326+0000] {processor.py:161} INFO - Started process (PID=1550) to work on /home/airflow/.local/lib/python3.8/site-packages/airflow/example_dags/plugins/event_listener.py
[2026-04-08T10:04:30.327+0000] {processor.py:830} INFO - Processing file /home/airflow/.local/lib/python3.8/site-packages/airflow/example_dags/plugins/event_listener.py for tasks to queue
[2026-04-08T10:04:30.329+0000] {logging_mixin.py:188} INFO - [2026-04-08T10:04:30.329+0000] {dagbag.py:538} INFO - Filling up the DagBag from /home/airflow/.local/lib/python3.8/site-packages/airflow/example_dags/plugins/event_listener.py
[2026-04-08T10:04:30.332+0000] {processor.py:842} WARNING - No viable dags retrieved from /home/airflow/.local/lib/python3.8/site-packages/airflow/example_dags/plugins/event_listener.py
[2026-04-08T10:04:30.346+0000] {processor.py:183} INFO - Processing /home/airflow/.local/lib/python3.8/site-packages/airflow/example_dags/plugins/event_listener.py took 0.024 seconds
[2026-04-08T10:05:00.526+0000] {processor.py:161} INFO - Started process (PID=1607) to work on /home/airflow/.local/lib/python3.8/site-packages/airflow/example_dags/plugins/event_listener.py
[2026-04-08T10:05:00.527+0000] {processor.py:830} INFO - Processing file /home/airflow/.local/lib/python3.8/site-packages/airflow/example_dags/plugins/event_listener.py for tasks to queue
[2026-04-08T10:05:00.529+0000] {logging_mixin.py:188} INFO - [2026-04-08T10:05:00.529+0000] {dagbag.py:538} INFO - Filling up the DagBag from /home/airflow/.local/lib/python3.8/site-packages/airflow/example_dags/plugins/event_listener.py
[2026-04-08T10:05:00.531+0000] {processor.py:842} WARNING - No viable dags retrieved from /home/airflow/.local/lib/python3.8/site-packages/airflow/example_dags/plugins/event_listener.py
[2026-04-08T10:05:00.546+0000] {processor.py:183} INFO - Processing /home/airflow/.local/lib/python3.8/site-packages/airflow/example_dags/plugins/event_listener.py took 0.024 seconds
[2026-04-08T10:05:30.759+0000] {processor.py:161} INFO - Started process (PID=1664) to work on /home/airflow/.local/lib/python3.8/site-packages/airflow/example_dags/plugins/event_listener.py
[2026-04-08T10:05:30.760+0000] {processor.py:830} INFO - Processing file /home/airflow/.local/lib/python3.8/site-packages/airflow/example_dags/plugins/event_listener.py for tasks to queue
[2026-04-08T10:05:30.762+0000] {logging_mixin.py:188} INFO - [2026-04-08T10:05:30.762+0000] {dagbag.py:538} INFO - Filling up the DagBag from /home/airflow/.local/lib/python3.8/site-packages/airflow/example_dags/plugins/event_listener.py
[2026-04-08T10:05:30.765+0000] {processor.py:842} WARNING - No viable dags retrieved from /home/airflow/.local/lib/python3.8/site-packages/airflow/example_dags/plugins/event_listener.py
[2026-04-08T10:05:30.782+0000] {processor.py:183} INFO - Processing /home/airflow/.local/lib/python3.8/site-packages/airflow/example_dags/plugins/event_listener.py took 0.027 seconds
[2026-04-08T10:06:01.798+0000] {processor.py:161} INFO - Started process (PID=1721) to work on /home/airflow/.local/lib/python3.8/site-packages/airflow/example_dags/plugins/event_listener.py
[2026-04-08T10:06:01.799+0000] {processor.py:830} INFO - Processing file /home/airflow/.local/lib/python3.8/site-packages/airflow/example_dags/plugins/event_listener.py for tasks to queue
[2026-04-08T10:06:01.802+0000] {logging_mixin.py:188} INFO - [2026-04-08T10:06:01.801+0000] {dagbag.py:538} INFO - Filling up the DagBag from /home/airflow/.local/lib/python3.8/site-packages/airflow/example_dags/plugins/event_listener.py
[2026-04-08T10:06:01.805+0000] {processor.py:842} WARNING - No viable dags retrieved from /home/airflow/.local/lib/python3.8/site-packages/airflow/example_dags/plugins/event_listener.py
[2026-04-08T10:06:01.820+0000] {processor.py:183} INFO - Processing /home/airflow/.local/lib/python3.8/site-packages/airflow/example_dags/plugins/event_listener.py took 0.025 seconds
[2026-04-08T10:06:32.530+0000] {processor.py:161} INFO - Started process (PID=1784) to work on /home/airflow/.local/lib/python3.8/site-packages/airflow/example_dags/plugins/event_listener.py
[2026-04-08T10:06:32.531+0000] {processor.py:830} INFO - Processing file /home/airflow/.local/lib/python3.8/site-packages/airflow/example_dags/plugins/event_listener.py for tasks to queue
[2026-04-08T10:06:32.534+0000] {logging_mixin.py:188} INFO - [2026-04-08T10:06:32.534+0000] {dagbag.py:538} INFO - Filling up the DagBag from /home/airflow/.local/lib/python3.8/site-packages/airflow/example_dags/plugins/event_listener.py
[2026-04-08T10:06:32.537+0000] {processor.py:842} WARNING - No viable dags retrieved from /home/airflow/.local/lib/python3.8/site-packages/airflow/example_dags/plugins/event_listener.py
[2026-04-08T10:06:32.553+0000] {processor.py:183} INFO - Processing /home/airflow/.local/lib/python3.8/site-packages/airflow/example_dags/plugins/event_listener.py took 0.033 seconds
[2026-04-08T10:07:02.990+0000] {processor.py:161} INFO - Started process (PID=1841) to work on /home/airflow/.local/lib/python3.8/site-packages/airflow/example_dags/plugins/event_listener.py
[2026-04-08T10:07:02.991+0000] {processor.py:830} INFO - Processing file /home/airflow/.local/lib/python3.8/site-packages/airflow/example_dags/plugins/event_listener.py for tasks to queue
[2026-04-08T10:07:02.993+0000] {logging_mixin.py:188} INFO - [2026-04-08T10:07:02.993+0000] {dagbag.py:538} INFO - Filling up the DagBag from /home/airflow/.local/lib/python3.8/site-packages/airflow/example_dags/plugins/event_listener.py
[2026-04-08T10:07:02.996+0000] {processor.py:842} WARNING - No viable dags retrieved from /home/airflow/.local/lib/python3.8/site-packages/airflow/example_dags/plugins/event_listener.py
[2026-04-08T10:07:03.011+0000] {processor.py:183} INFO - Processing /home/airflow/.local/lib/python3.8/site-packages/airflow/example_dags/plugins/event_listener.py took 0.025 seconds
[2026-04-08T10:07:34.270+0000] {processor.py:161} INFO - Started process (PID=1898) to work on /home/airflow/.local/lib/python3.8/site-packages/airflow/example_dags/plugins/event_listener.py
[2026-04-08T10:07:34.271+0000] {processor.py:830} INFO - Processing file /home/airflow/.local/lib/python3.8/site-packages/airflow/example_dags/plugins/event_listener.py for tasks to queue
[2026-04-08T10:07:34.274+0000] {logging_mixin.py:188} INFO - [2026-04-08T10:07:34.274+0000] {dagbag.py:538} INFO - Filling up the DagBag from /home/airflow/.local/lib/python3.8/site-packages/airflow/example_dags/plugins/event_listener.py
[2026-04-08T10:07:34.277+0000] {processor.py:842} WARNING - No viable dags retrieved from /home/airflow/.local/lib/python3.8/site-packages/airflow/example_dags/plugins/event_listener.py
[2026-04-08T10:07:34.295+0000] {processor.py:183} INFO - Processing /home/airflow/.local/lib/python3.8/site-packages/airflow/example_dags/plugins/event_listener.py took 0.029 seconds
[2026-04-08T10:08:04.734+0000] {processor.py:161} INFO - Started process (PID=1955) to work on /home/airflow/.local/lib/python3.8/site-packages/airflow/example_dags/plugins/event_listener.py
[2026-04-08T10:08:04.739+0000] {processor.py:830} INFO - Processing file /home/airflow/.local/lib/python3.8/site-packages/airflow/example_dags/plugins/event_listener.py for tasks to queue
[2026-04-08T10:08:04.748+0000] {logging_mixin.py:188} INFO - [2026-04-08T10:08:04.747+0000] {dagbag.py:538} INFO - Filling up the DagBag from /home/airflow/.local/lib/python3.8/site-packages/airflow/example_dags/plugins/event_listener.py
[2026-04-08T10:08:04.757+0000] {processor.py:842} WARNING - No viable dags retrieved from /home/airflow/.local/lib/python3.8/site-packages/airflow/example_dags/plugins/event_listener.py
[2026-04-08T10:08:04.799+0000] {processor.py:183} INFO - Processing /home/airflow/.local/lib/python3.8/site-packages/airflow/example_dags/plugins/event_listener.py took 0.074 seconds
[2026-04-08T10:08:35.334+0000] {processor.py:161} INFO - Started process (PID=2012) to work on /home/airflow/.local/lib/python3.8/site-packages/airflow/example_dags/plugins/event_listener.py
[2026-04-08T10:08:35.337+0000] {processor.py:830} INFO - Processing file /home/airflow/.local/lib/python3.8/site-packages/airflow/example_dags/plugins/event_listener.py for tasks to queue
[2026-04-08T10:08:35.346+0000] {logging_mixin.py:188} INFO - [2026-04-08T10:08:35.345+0000] {dagbag.py:538} INFO - Filling up the DagBag from /home/airflow/.local/lib/python3.8/site-packages/airflow/example_dags/plugins/event_listener.py
[2026-04-08T10:08:35.354+0000] {processor.py:842} WARNING - No viable dags retrieved from /home/airflow/.local/lib/python3.8/site-packages/airflow/example_dags/plugins/event_listener.py
[2026-04-08T10:08:35.376+0000] {processor.py:183} INFO - Processing /home/airflow/.local/lib/python3.8/site-packages/airflow/example_dags/plugins/event_listener.py took 0.058 seconds
[2026-04-08T10:09:06.066+0000] {processor.py:161} INFO - Started process (PID=2069) to work on /home/airflow/.local/lib/python3.8/site-packages/airflow/example_dags/plugins/event_listener.py
[2026-04-08T10:09:06.067+0000] {processor.py:830} INFO - Processing file /home/airflow/.local/lib/python3.8/site-packages/airflow/example_dags/plugins/event_listener.py for tasks to queue
[2026-04-08T10:09:06.069+0000] {logging_mixin.py:188} INFO - [2026-04-08T10:09:06.069+0000] {dagbag.py:538} INFO - Filling up the DagBag from /home/airflow/.local/lib/python3.8/site-packages/airflow/example_dags/plugins/event_listener.py
[2026-04-08T10:09:06.072+0000] {processor.py:842} WARNING - No viable dags retrieved from /home/airflow/.local/lib/python3.8/site-packages/airflow/example_dags/plugins/event_listener.py
[2026-04-08T10:09:06.085+0000] {processor.py:183} INFO - Processing /home/airflow/.local/lib/python3.8/site-packages/airflow/example_dags/plugins/event_listener.py took 0.024 seconds
[2026-04-08T10:09:36.701+0000] {processor.py:161} INFO - Started process (PID=2126) to work on /home/airflow/.local/lib/python3.8/site-packages/airflow/example_dags/plugins/event_listener.py
[2026-04-08T10:09:36.705+0000] {processor.py:830} INFO - Processing file /home/airflow/.local/lib/python3.8/site-packages/airflow/example_dags/plugins/event_listener.py for tasks to queue
[2026-04-08T10:09:36.709+0000] {logging_mixin.py:188} INFO - [2026-04-08T10:09:36.708+0000] {dagbag.py:538} INFO - Filling up the DagBag from /home/airflow/.local/lib/python3.8/site-packages/airflow/example_dags/plugins/event_listener.py
[2026-04-08T10:09:36.711+0000] {processor.py:842} WARNING - No viable dags retrieved from /home/airflow/.local/lib/python3.8/site-packages/airflow/example_dags/plugins/event_listener.py
[2026-04-08T10:09:36.727+0000] {processor.py:183} INFO - Processing /home/airflow/.local/lib/python3.8/site-packages/airflow/example_dags/plugins/event_listener.py took 0.035 seconds
[2026-04-08T10:10:07.928+0000] {processor.py:161} INFO - Started process (PID=2183) to work on /home/airflow/.local/lib/python3.8/site-packages/airflow/example_dags/plugins/event_listener.py
[2026-04-08T10:10:07.930+0000] {processor.py:830} INFO - Processing file /home/airflow/.local/lib/python3.8/site-packages/airflow/example_dags/plugins/event_listener.py for tasks to queue
[2026-04-08T10:10:07.934+0000] {logging_mixin.py:188} INFO - [2026-04-08T10:10:07.934+0000] {dagbag.py:538} INFO - Filling up the DagBag from /home/airflow/.local/lib/python3.8/site-packages/airflow/example_dags/plugins/event_listener.py
[2026-04-08T10:10:07.946+0000] {processor.py:842} WARNING - No viable dags retrieved from /home/airflow/.local/lib/python3.8/site-packages/airflow/example_dags/plugins/event_listener.py
[2026-04-08T10:10:07.984+0000] {processor.py:183} INFO - Processing /home/airflow/.local/lib/python3.8/site-packages/airflow/example_dags/plugins/event_listener.py took 0.064 seconds
[2026-04-08T10:10:38.184+0000] {processor.py:161} INFO - Started process (PID=2239) to work on /home/airflow/.local/lib/python3.8/site-packages/airflow/example_dags/plugins/event_listener.py
[2026-04-08T10:10:38.185+0000] {processor.py:830} INFO - Processing file /home/airflow/.local/lib/python3.8/site-packages/airflow/example_dags/plugins/event_listener.py for tasks to queue
[2026-04-08T10:10:38.188+0000] {logging_mixin.py:188} INFO - [2026-04-08T10:10:38.188+0000] {dagbag.py:538} INFO - Filling up the DagBag from /home/airflow/.local/lib/python3.8/site-packages/airflow/example_dags/plugins/event_listener.py
[2026-04-08T10:10:38.192+0000] {processor.py:842} WARNING - No viable dags retrieved from /home/airflow/.local/lib/python3.8/site-packages/airflow/example_dags/plugins/event_listener.py
[2026-04-08T10:10:38.209+0000] {processor.py:183} INFO - Processing /home/airflow/.local/lib/python3.8/site-packages/airflow/example_dags/plugins/event_listener.py took 0.034 seconds
[2026-04-08T10:11:09.223+0000] {processor.py:161} INFO - Started process (PID=2297) to work on /home/airflow/.local/lib/python3.8/site-packages/airflow/example_dags/plugins/event_listener.py
[2026-04-08T10:11:09.230+0000] {processor.py:830} INFO - Processing file /home/airflow/.local/lib/python3.8/site-packages/airflow/example_dags/plugins/event_listener.py for tasks to queue
[2026-04-08T10:11:09.238+0000] {logging_mixin.py:188} INFO - [2026-04-08T10:11:09.232+0000] {dagbag.py:538} INFO - Filling up the DagBag from /home/airflow/.local/lib/python3.8/site-packages/airflow/example_dags/plugins/event_listener.py
[2026-04-08T10:11:09.254+0000] {processor.py:842} WARNING - No viable dags retrieved from /home/airflow/.local/lib/python3.8/site-packages/airflow/example_dags/plugins/event_listener.py
[2026-04-08T10:11:09.270+0000] {processor.py:183} INFO - Processing /home/airflow/.local/lib/python3.8/site-packages/airflow/example_dags/plugins/event_listener.py took 0.054 seconds
[2026-04-08T10:11:39.639+0000] {processor.py:161} INFO - Started process (PID=2354) to work on /home/airflow/.local/lib/python3.8/site-packages/airflow/example_dags/plugins/event_listener.py
[2026-04-08T10:11:39.640+0000] {processor.py:830} INFO - Processing file /home/airflow/.local/lib/python3.8/site-packages/airflow/example_dags/plugins/event_listener.py for tasks to queue
[2026-04-08T10:11:39.642+0000] {logging_mixin.py:188} INFO - [2026-04-08T10:11:39.642+0000] {dagbag.py:538} INFO - Filling up the DagBag from /home/airflow/.local/lib/python3.8/site-packages/airflow/example_dags/plugins/event_listener.py
[2026-04-08T10:11:39.645+0000] {processor.py:842} WARNING - No viable dags retrieved from /home/airflow/.local/lib/python3.8/site-packages/airflow/example_dags/plugins/event_listener.py
[2026-04-08T10:11:39.659+0000] {processor.py:183} INFO - Processing /home/airflow/.local/lib/python3.8/site-packages/airflow/example_dags/plugins/event_listener.py took 0.024 seconds
[2026-04-08T10:12:10.848+0000] {processor.py:161} INFO - Started process (PID=2411) to work on /home/airflow/.local/lib/python3.8/site-packages/airflow/example_dags/plugins/event_listener.py
[2026-04-08T10:12:10.849+0000] {processor.py:830} INFO - Processing file /home/airflow/.local/lib/python3.8/site-packages/airflow/example_dags/plugins/event_listener.py for tasks to queue
[2026-04-08T10:12:10.852+0000] {logging_mixin.py:188} INFO - [2026-04-08T10:12:10.852+0000] {dagbag.py:538} INFO - Filling up the DagBag from /home/airflow/.local/lib/python3.8/site-packages/airflow/example_dags/plugins/event_listener.py
[2026-04-08T10:12:10.855+0000] {processor.py:842} WARNING - No viable dags retrieved from /home/airflow/.local/lib/python3.8/site-packages/airflow/example_dags/plugins/event_listener.py
[2026-04-08T10:12:10.871+0000] {processor.py:183} INFO - Processing /home/airflow/.local/lib/python3.8/site-packages/airflow/example_dags/plugins/event_listener.py took 0.026 seconds
[2026-04-08T10:12:41.475+0000] {processor.py:161} INFO - Started process (PID=2468) to work on /home/airflow/.local/lib/python3.8/site-packages/airflow/example_dags/plugins/event_listener.py
[2026-04-08T10:12:41.476+0000] {processor.py:830} INFO - Processing file /home/airflow/.local/lib/python3.8/site-packages/airflow/example_dags/plugins/event_listener.py for tasks to queue
[2026-04-08T10:12:41.478+0000] {logging_mixin.py:188} INFO - [2026-04-08T10:12:41.478+0000] {dagbag.py:538} INFO - Filling up the DagBag from /home/airflow/.local/lib/python3.8/site-packages/airflow/example_dags/plugins/event_listener.py
[2026-04-08T10:12:41.481+0000] {processor.py:842} WARNING - No viable dags retrieved from /home/airflow/.local/lib/python3.8/site-packages/airflow/example_dags/plugins/event_listener.py
[2026-04-08T10:12:41.494+0000] {processor.py:183} INFO - Processing /home/airflow/.local/lib/python3.8/site-packages/airflow/example_dags/plugins/event_listener.py took 0.023 seconds
[2026-04-08T10:13:11.890+0000] {processor.py:161} INFO - Started process (PID=2525) to work on /home/airflow/.local/lib/python3.8/site-packages/airflow/example_dags/plugins/event_listener.py
[2026-04-08T10:13:11.891+0000] {processor.py:830} INFO - Processing file /home/airflow/.local/lib/python3.8/site-packages/airflow/example_dags/plugins/event_listener.py for tasks to queue
[2026-04-08T10:13:11.894+0000] {logging_mixin.py:188} INFO - [2026-04-08T10:13:11.893+0000] {dagbag.py:538} INFO - Filling up the DagBag from /home/airflow/.local/lib/python3.8/site-packages/airflow/example_dags/plugins/event_listener.py
[2026-04-08T10:13:11.896+0000] {processor.py:842} WARNING - No viable dags retrieved from /home/airflow/.local/lib/python3.8/site-packages/airflow/example_dags/plugins/event_listener.py
[2026-04-08T10:13:11.912+0000] {processor.py:183} INFO - Processing /home/airflow/.local/lib/python3.8/site-packages/airflow/example_dags/plugins/event_listener.py took 0.026 seconds
[2026-04-08T10:13:42.249+0000] {processor.py:161} INFO - Started process (PID=2582) to work on /home/airflow/.local/lib/python3.8/site-packages/airflow/example_dags/plugins/event_listener.py
[2026-04-08T10:13:42.252+0000] {processor.py:830} INFO - Processing file /home/airflow/.local/lib/python3.8/site-packages/airflow/example_dags/plugins/event_listener.py for tasks to queue
[2026-04-08T10:13:42.257+0000] {logging_mixin.py:188} INFO - [2026-04-08T10:13:42.257+0000] {dagbag.py:538} INFO - Filling up the DagBag from /home/airflow/.local/lib/python3.8/site-packages/airflow/example_dags/plugins/event_listener.py
[2026-04-08T10:13:42.263+0000] {processor.py:842} WARNING - No viable dags retrieved from /home/airflow/.local/lib/python3.8/site-packages/airflow/example_dags/plugins/event_listener.py
[2026-04-08T10:13:42.286+0000] {processor.py:183} INFO - Processing /home/airflow/.local/lib/python3.8/site-packages/airflow/example_dags/plugins/event_listener.py took 0.041 seconds
[2026-04-08T10:14:13.333+0000] {processor.py:161} INFO - Started process (PID=2639) to work on /home/airflow/.local/lib/python3.8/site-packages/airflow/example_dags/plugins/event_listener.py
[2026-04-08T10:14:13.334+0000] {processor.py:830} INFO - Processing file /home/airflow/.local/lib/python3.8/site-packages/airflow/example_dags/plugins/event_listener.py for tasks to queue
[2026-04-08T10:14:13.336+0000] {logging_mixin.py:188} INFO - [2026-04-08T10:14:13.336+0000] {dagbag.py:538} INFO - Filling up the DagBag from /home/airflow/.local/lib/python3.8/site-packages/airflow/example_dags/plugins/event_listener.py
[2026-04-08T10:14:13.339+0000] {processor.py:842} WARNING - No viable dags retrieved from /home/airflow/.local/lib/python3.8/site-packages/airflow/example_dags/plugins/event_listener.py
[2026-04-08T10:14:13.353+0000] {processor.py:183} INFO - Processing /home/airflow/.local/lib/python3.8/site-packages/airflow/example_dags/plugins/event_listener.py took 0.024 seconds
[2026-04-08T10:14:43.732+0000] {processor.py:161} INFO - Started process (PID=2696) to work on /home/airflow/.local/lib/python3.8/site-packages/airflow/example_dags/plugins/event_listener.py
[2026-04-08T10:14:43.733+0000] {processor.py:830} INFO - Processing file /home/airflow/.local/lib/python3.8/site-packages/airflow/example_dags/plugins/event_listener.py for tasks to queue
[2026-04-08T10:14:43.735+0000] {logging_mixin.py:188} INFO - [2026-04-08T10:14:43.735+0000] {dagbag.py:538} INFO - Filling up the DagBag from /home/airflow/.local/lib/python3.8/site-packages/airflow/example_dags/plugins/event_listener.py
[2026-04-08T10:14:43.737+0000] {processor.py:842} WARNING - No viable dags retrieved from /home/airflow/.local/lib/python3.8/site-packages/airflow/example_dags/plugins/event_listener.py
[2026-04-08T10:14:43.749+0000] {processor.py:183} INFO - Processing /home/airflow/.local/lib/python3.8/site-packages/airflow/example_dags/plugins/event_listener.py took 0.019 seconds
[2026-04-08T10:15:14.527+0000] {processor.py:161} INFO - Started process (PID=2754) to work on /home/airflow/.local/lib/python3.8/site-packages/airflow/example_dags/plugins/event_listener.py
[2026-04-08T10:15:14.528+0000] {processor.py:830} INFO - Processing file /home/airflow/.local/lib/python3.8/site-packages/airflow/example_dags/plugins/event_listener.py for tasks to queue
[2026-04-08T10:15:14.530+0000] {logging_mixin.py:188} INFO - [2026-04-08T10:15:14.530+0000] {dagbag.py:538} INFO - Filling up the DagBag from /home/airflow/.local/lib/python3.8/site-packages/airflow/example_dags/plugins/event_listener.py
[2026-04-08T10:15:14.533+0000] {processor.py:842} WARNING - No viable dags retrieved from /home/airflow/.local/lib/python3.8/site-packages/airflow/example_dags/plugins/event_listener.py
[2026-04-08T10:15:14.549+0000] {processor.py:183} INFO - Processing /home/airflow/.local/lib/python3.8/site-packages/airflow/example_dags/plugins/event_listener.py took 0.026 seconds
[2026-04-08T10:15:44.610+0000] {processor.py:161} INFO - Started process (PID=2811) to work on /home/airflow/.local/lib/python3.8/site-packages/airflow/example_dags/plugins/event_listener.py
[2026-04-08T10:15:44.611+0000] {processor.py:830} INFO - Processing file /home/airflow/.local/lib/python3.8/site-packages/airflow/example_dags/plugins/event_listener.py for tasks to queue
[2026-04-08T10:15:44.614+0000] {logging_mixin.py:188} INFO - [2026-04-08T10:15:44.613+0000] {dagbag.py:538} INFO - Filling up the DagBag from /home/airflow/.local/lib/python3.8/site-packages/airflow/example_dags/plugins/event_listener.py
[2026-04-08T10:15:44.618+0000] {processor.py:842} WARNING - No viable dags retrieved from /home/airflow/.local/lib/python3.8/site-packages/airflow/example_dags/plugins/event_listener.py
[2026-04-08T10:15:44.644+0000] {processor.py:183} INFO - Processing /home/airflow/.local/lib/python3.8/site-packages/airflow/example_dags/plugins/event_listener.py took 0.038 seconds
[2026-04-08T10:16:15.166+0000] {processor.py:161} INFO - Started process (PID=2868) to work on /home/airflow/.local/lib/python3.8/site-packages/airflow/example_dags/plugins/event_listener.py
[2026-04-08T10:16:15.167+0000] {processor.py:830} INFO - Processing file /home/airflow/.local/lib/python3.8/site-packages/airflow/example_dags/plugins/event_listener.py for tasks to queue
[2026-04-08T10:16:15.170+0000] {logging_mixin.py:188} INFO - [2026-04-08T10:16:15.170+0000] {dagbag.py:538} INFO - Filling up the DagBag from /home/airflow/.local/lib/python3.8/site-packages/airflow/example_dags/plugins/event_listener.py
[2026-04-08T10:16:15.173+0000] {processor.py:842} WARNING - No viable dags retrieved from /home/airflow/.local/lib/python3.8/site-packages/airflow/example_dags/plugins/event_listener.py
[2026-04-08T10:16:15.186+0000] {processor.py:183} INFO - Processing /home/airflow/.local/lib/python3.8/site-packages/airflow/example_dags/plugins/event_listener.py took 0.024 seconds
[2026-04-08T10:16:45.926+0000] {processor.py:161} INFO - Started process (PID=2925) to work on /home/airflow/.local/lib/python3.8/site-packages/airflow/example_dags/plugins/event_listener.py
[2026-04-08T10:16:45.927+0000] {processor.py:830} INFO - Processing file /home/airflow/.local/lib/python3.8/site-packages/airflow/example_dags/plugins/event_listener.py for tasks to queue
[2026-04-08T10:16:45.930+0000] {logging_mixin.py:188} INFO - [2026-04-08T10:16:45.929+0000] {dagbag.py:538} INFO - Filling up the DagBag from /home/airflow/.local/lib/python3.8/site-packages/airflow/example_dags/plugins/event_listener.py
[2026-04-08T10:16:45.932+0000] {processor.py:842} WARNING - No viable dags retrieved from /home/airflow/.local/lib/python3.8/site-packages/airflow/example_dags/plugins/event_listener.py
[2026-04-08T10:16:45.947+0000] {processor.py:183} INFO - Processing /home/airflow/.local/lib/python3.8/site-packages/airflow/example_dags/plugins/event_listener.py took 0.025 seconds
[2026-04-08T10:17:17.030+0000] {processor.py:161} INFO - Started process (PID=2983) to work on /home/airflow/.local/lib/python3.8/site-packages/airflow/example_dags/plugins/event_listener.py
[2026-04-08T10:17:17.032+0000] {processor.py:830} INFO - Processing file /home/airflow/.local/lib/python3.8/site-packages/airflow/example_dags/plugins/event_listener.py for tasks to queue
[2026-04-08T10:17:17.038+0000] {logging_mixin.py:188} INFO - [2026-04-08T10:17:17.037+0000] {dagbag.py:538} INFO - Filling up the DagBag from /home/airflow/.local/lib/python3.8/site-packages/airflow/example_dags/plugins/event_listener.py
[2026-04-08T10:17:17.044+0000] {processor.py:842} WARNING - No viable dags retrieved from /home/airflow/.local/lib/python3.8/site-packages/airflow/example_dags/plugins/event_listener.py
[2026-04-08T10:17:17.077+0000] {processor.py:183} INFO - Processing /home/airflow/.local/lib/python3.8/site-packages/airflow/example_dags/plugins/event_listener.py took 0.055 seconds
[2026-04-08T10:17:47.610+0000] {processor.py:161} INFO - Started process (PID=3040) to work on /home/airflow/.local/lib/python3.8/site-packages/airflow/example_dags/plugins/event_listener.py
[2026-04-08T10:17:47.613+0000] {processor.py:830} INFO - Processing file /home/airflow/.local/lib/python3.8/site-packages/airflow/example_dags/plugins/event_listener.py for tasks to queue
[2026-04-08T10:17:47.627+0000] {logging_mixin.py:188} INFO - [2026-04-08T10:17:47.627+0000] {dagbag.py:538} INFO - Filling up the DagBag from /home/airflow/.local/lib/python3.8/site-packages/airflow/example_dags/plugins/event_listener.py
[2026-04-08T10:17:47.649+0000] {processor.py:842} WARNING - No viable dags retrieved from /home/airflow/.local/lib/python3.8/site-packages/airflow/example_dags/plugins/event_listener.py
[2026-04-08T10:17:47.682+0000] {processor.py:183} INFO - Processing /home/airflow/.local/lib/python3.8/site-packages/airflow/example_dags/plugins/event_listener.py took 0.081 seconds
[2026-04-08T10:18:18.100+0000] {processor.py:161} INFO - Started process (PID=3097) to work on /home/airflow/.local/lib/python3.8/site-packages/airflow/example_dags/plugins/event_listener.py
[2026-04-08T10:18:18.101+0000] {processor.py:830} INFO - Processing file /home/airflow/.local/lib/python3.8/site-packages/airflow/example_dags/plugins/event_listener.py for tasks to queue
[2026-04-08T10:18:18.104+0000] {logging_mixin.py:188} INFO - [2026-04-08T10:18:18.103+0000] {dagbag.py:538} INFO - Filling up the DagBag from /home/airflow/.local/lib/python3.8/site-packages/airflow/example_dags/plugins/event_listener.py
[2026-04-08T10:18:18.106+0000] {processor.py:842} WARNING - No viable dags retrieved from /home/airflow/.local/lib/python3.8/site-packages/airflow/example_dags/plugins/event_listener.py
[2026-04-08T10:18:18.128+0000] {processor.py:183} INFO - Processing /home/airflow/.local/lib/python3.8/site-packages/airflow/example_dags/plugins/event_listener.py took 0.032 seconds
[2026-04-08T10:18:48.518+0000] {processor.py:161} INFO - Started process (PID=3153) to work on /home/airflow/.local/lib/python3.8/site-packages/airflow/example_dags/plugins/event_listener.py
[2026-04-08T10:18:48.519+0000] {processor.py:830} INFO - Processing file /home/airflow/.local/lib/python3.8/site-packages/airflow/example_dags/plugins/event_listener.py for tasks to queue
[2026-04-08T10:18:48.521+0000] {logging_mixin.py:188} INFO - [2026-04-08T10:18:48.521+0000] {dagbag.py:538} INFO - Filling up the DagBag from /home/airflow/.local/lib/python3.8/site-packages/airflow/example_dags/plugins/event_listener.py
[2026-04-08T10:18:48.524+0000] {processor.py:842} WARNING - No viable dags retrieved from /home/airflow/.local/lib/python3.8/site-packages/airflow/example_dags/plugins/event_listener.py
[2026-04-08T10:18:48.543+0000] {processor.py:183} INFO - Processing /home/airflow/.local/lib/python3.8/site-packages/airflow/example_dags/plugins/event_listener.py took 0.030 seconds
[2026-04-08T10:19:18.638+0000] {processor.py:161} INFO - Started process (PID=3209) to work on /home/airflow/.local/lib/python3.8/site-packages/airflow/example_dags/plugins/event_listener.py
[2026-04-08T10:19:18.639+0000] {processor.py:830} INFO - Processing file /home/airflow/.local/lib/python3.8/site-packages/airflow/example_dags/plugins/event_listener.py for tasks to queue
[2026-04-08T10:19:18.641+0000] {logging_mixin.py:188} INFO - [2026-04-08T10:19:18.641+0000] {dagbag.py:538} INFO - Filling up the DagBag from /home/airflow/.local/lib/python3.8/site-packages/airflow/example_dags/plugins/event_listener.py
[2026-04-08T10:19:18.644+0000] {processor.py:842} WARNING - No viable dags retrieved from /home/airflow/.local/lib/python3.8/site-packages/airflow/example_dags/plugins/event_listener.py
[2026-04-08T10:19:18.663+0000] {processor.py:183} INFO - Processing /home/airflow/.local/lib/python3.8/site-packages/airflow/example_dags/plugins/event_listener.py took 0.030 seconds
[2026-04-08T10:19:49.092+0000] {processor.py:161} INFO - Started process (PID=3265) to work on /home/airflow/.local/lib/python3.8/site-packages/airflow/example_dags/plugins/event_listener.py
[2026-04-08T10:19:49.095+0000] {processor.py:830} INFO - Processing file /home/airflow/.local/lib/python3.8/site-packages/airflow/example_dags/plugins/event_listener.py for tasks to queue
[2026-04-08T10:19:49.100+0000] {logging_mixin.py:188} INFO - [2026-04-08T10:19:49.100+0000] {dagbag.py:538} INFO - Filling up the DagBag from /home/airflow/.local/lib/python3.8/site-packages/airflow/example_dags/plugins/event_listener.py
[2026-04-08T10:19:49.106+0000] {processor.py:842} WARNING - No viable dags retrieved from /home/airflow/.local/lib/python3.8/site-packages/airflow/example_dags/plugins/event_listener.py
[2026-04-08T10:19:49.124+0000] {processor.py:183} INFO - Processing /home/airflow/.local/lib/python3.8/site-packages/airflow/example_dags/plugins/event_listener.py took 0.040 seconds
[2026-04-08T10:20:19.650+0000] {processor.py:161} INFO - Started process (PID=3323) to work on /home/airflow/.local/lib/python3.8/site-packages/airflow/example_dags/plugins/event_listener.py
[2026-04-08T10:20:19.651+0000] {processor.py:830} INFO - Processing file /home/airflow/.local/lib/python3.8/site-packages/airflow/example_dags/plugins/event_listener.py for tasks to queue
[2026-04-08T10:20:19.653+0000] {logging_mixin.py:188} INFO - [2026-04-08T10:20:19.653+0000] {dagbag.py:538} INFO - Filling up the DagBag from /home/airflow/.local/lib/python3.8/site-packages/airflow/example_dags/plugins/event_listener.py
[2026-04-08T10:20:19.655+0000] {processor.py:842} WARNING - No viable dags retrieved from /home/airflow/.local/lib/python3.8/site-packages/airflow/example_dags/plugins/event_listener.py
[2026-04-08T10:20:19.667+0000] {processor.py:183} INFO - Processing /home/airflow/.local/lib/python3.8/site-packages/airflow/example_dags/plugins/event_listener.py took 0.020 seconds
[2026-04-08T10:20:50.069+0000] {processor.py:161} INFO - Started process (PID=3380) to work on /home/airflow/.local/lib/python3.8/site-packages/airflow/example_dags/plugins/event_listener.py
[2026-04-08T10:20:50.070+0000] {processor.py:830} INFO - Processing file /home/airflow/.local/lib/python3.8/site-packages/airflow/example_dags/plugins/event_listener.py for tasks to queue
[2026-04-08T10:20:50.073+0000] {logging_mixin.py:188} INFO - [2026-04-08T10:20:50.072+0000] {dagbag.py:538} INFO - Filling up the DagBag from /home/airflow/.local/lib/python3.8/site-packages/airflow/example_dags/plugins/event_listener.py
[2026-04-08T10:20:50.076+0000] {processor.py:842} WARNING - No viable dags retrieved from /home/airflow/.local/lib/python3.8/site-packages/airflow/example_dags/plugins/event_listener.py
[2026-04-08T10:20:50.090+0000] {processor.py:183} INFO - Processing /home/airflow/.local/lib/python3.8/site-packages/airflow/example_dags/plugins/event_listener.py took 0.025 seconds
[2026-04-08T10:21:20.562+0000] {processor.py:161} INFO - Started process (PID=3439) to work on /home/airflow/.local/lib/python3.8/site-packages/airflow/example_dags/plugins/event_listener.py
[2026-04-08T10:21:20.563+0000] {processor.py:830} INFO - Processing file /home/airflow/.local/lib/python3.8/site-packages/airflow/example_dags/plugins/event_listener.py for tasks to queue
[2026-04-08T10:21:20.565+0000] {logging_mixin.py:188} INFO - [2026-04-08T10:21:20.565+0000] {dagbag.py:538} INFO - Filling up the DagBag from /home/airflow/.local/lib/python3.8/site-packages/airflow/example_dags/plugins/event_listener.py
[2026-04-08T10:21:20.568+0000] {processor.py:842} WARNING - No viable dags retrieved from /home/airflow/.local/lib/python3.8/site-packages/airflow/example_dags/plugins/event_listener.py
[2026-04-08T10:21:20.587+0000] {processor.py:183} INFO - Processing /home/airflow/.local/lib/python3.8/site-packages/airflow/example_dags/plugins/event_listener.py took 0.029 seconds
[2026-04-08T10:21:51.542+0000] {processor.py:161} INFO - Started process (PID=3495) to work on /home/airflow/.local/lib/python3.8/site-packages/airflow/example_dags/plugins/event_listener.py
[2026-04-08T10:21:51.543+0000] {processor.py:830} INFO - Processing file /home/airflow/.local/lib/python3.8/site-packages/airflow/example_dags/plugins/event_listener.py for tasks to queue
[2026-04-08T10:21:51.545+0000] {logging_mixin.py:188} INFO - [2026-04-08T10:21:51.545+0000] {dagbag.py:538} INFO - Filling up the DagBag from /home/airflow/.local/lib/python3.8/site-packages/airflow/example_dags/plugins/event_listener.py
[2026-04-08T10:21:51.547+0000] {processor.py:842} WARNING - No viable dags retrieved from /home/airflow/.local/lib/python3.8/site-packages/airflow/example_dags/plugins/event_listener.py
[2026-04-08T10:21:51.563+0000] {processor.py:183} INFO - Processing /home/airflow/.local/lib/python3.8/site-packages/airflow/example_dags/plugins/event_listener.py took 0.025 seconds
[2026-04-08T10:22:21.717+0000] {processor.py:161} INFO - Started process (PID=3552) to work on /home/airflow/.local/lib/python3.8/site-packages/airflow/example_dags/plugins/event_listener.py
[2026-04-08T10:22:21.718+0000] {processor.py:830} INFO - Processing file /home/airflow/.local/lib/python3.8/site-packages/airflow/example_dags/plugins/event_listener.py for tasks to queue
[2026-04-08T10:22:21.721+0000] {logging_mixin.py:188} INFO - [2026-04-08T10:22:21.721+0000] {dagbag.py:538} INFO - Filling up the DagBag from /home/airflow/.local/lib/python3.8/site-packages/airflow/example_dags/plugins/event_listener.py
[2026-04-08T10:22:21.724+0000] {processor.py:842} WARNING - No viable dags retrieved from /home/airflow/.local/lib/python3.8/site-packages/airflow/example_dags/plugins/event_listener.py
[2026-04-08T10:22:21.739+0000] {processor.py:183} INFO - Processing /home/airflow/.local/lib/python3.8/site-packages/airflow/example_dags/plugins/event_listener.py took 0.026 seconds
[2026-04-08T10:22:52.175+0000] {processor.py:161} INFO - Started process (PID=3609) to work on /home/airflow/.local/lib/python3.8/site-packages/airflow/example_dags/plugins/event_listener.py
[2026-04-08T10:22:52.176+0000] {processor.py:830} INFO - Processing file /home/airflow/.local/lib/python3.8/site-packages/airflow/example_dags/plugins/event_listener.py for tasks to queue
[2026-04-08T10:22:52.178+0000] {logging_mixin.py:188} INFO - [2026-04-08T10:22:52.178+0000] {dagbag.py:538} INFO - Filling up the DagBag from /home/airflow/.local/lib/python3.8/site-packages/airflow/example_dags/plugins/event_listener.py
[2026-04-08T10:22:52.180+0000] {processor.py:842} WARNING - No viable dags retrieved from /home/airflow/.local/lib/python3.8/site-packages/airflow/example_dags/plugins/event_listener.py
[2026-04-08T10:22:52.191+0000] {processor.py:183} INFO - Processing /home/airflow/.local/lib/python3.8/site-packages/airflow/example_dags/plugins/event_listener.py took 0.021 seconds
[2026-04-08T10:23:23.999+0000] {processor.py:161} INFO - Started process (PID=3666) to work on /home/airflow/.local/lib/python3.8/site-packages/airflow/example_dags/plugins/event_listener.py
[2026-04-08T10:23:24.000+0000] {processor.py:830} INFO - Processing file /home/airflow/.local/lib/python3.8/site-packages/airflow/example_dags/plugins/event_listener.py for tasks to queue
[2026-04-08T10:23:24.005+0000] {logging_mixin.py:188} INFO - [2026-04-08T10:23:24.004+0000] {dagbag.py:538} INFO - Filling up the DagBag from /home/airflow/.local/lib/python3.8/site-packages/airflow/example_dags/plugins/event_listener.py
[2026-04-08T10:23:24.010+0000] {processor.py:842} WARNING - No viable dags retrieved from /home/airflow/.local/lib/python3.8/site-packages/airflow/example_dags/plugins/event_listener.py
[2026-04-08T10:23:24.082+0000] {processor.py:183} INFO - Processing /home/airflow/.local/lib/python3.8/site-packages/airflow/example_dags/plugins/event_listener.py took 0.091 seconds
[2026-04-08T10:27:10.183+0000] {processor.py:161} INFO - Started process (PID=117) to work on /home/airflow/.local/lib/python3.8/site-packages/airflow/example_dags/plugins/event_listener.py
[2026-04-08T10:27:10.190+0000] {processor.py:830} INFO - Processing file /home/airflow/.local/lib/python3.8/site-packages/airflow/example_dags/plugins/event_listener.py for tasks to queue
[2026-04-08T10:27:10.198+0000] {logging_mixin.py:188} INFO - [2026-04-08T10:27:10.197+0000] {dagbag.py:538} INFO - Filling up the DagBag from /home/airflow/.local/lib/python3.8/site-packages/airflow/example_dags/plugins/event_listener.py
[2026-04-08T10:27:10.204+0000] {processor.py:842} WARNING - No viable dags retrieved from /home/airflow/.local/lib/python3.8/site-packages/airflow/example_dags/plugins/event_listener.py
[2026-04-08T10:27:10.239+0000] {processor.py:183} INFO - Processing /home/airflow/.local/lib/python3.8/site-packages/airflow/example_dags/plugins/event_listener.py took 0.070 seconds
[2026-04-08T10:27:40.580+0000] {processor.py:161} INFO - Started process (PID=172) to work on /home/airflow/.local/lib/python3.8/site-packages/airflow/example_dags/plugins/event_listener.py
[2026-04-08T10:27:40.581+0000] {processor.py:830} INFO - Processing file /home/airflow/.local/lib/python3.8/site-packages/airflow/example_dags/plugins/event_listener.py for tasks to queue
[2026-04-08T10:27:40.586+0000] {logging_mixin.py:188} INFO - [2026-04-08T10:27:40.586+0000] {dagbag.py:538} INFO - Filling up the DagBag from /home/airflow/.local/lib/python3.8/site-packages/airflow/example_dags/plugins/event_listener.py
[2026-04-08T10:27:40.589+0000] {processor.py:842} WARNING - No viable dags retrieved from /home/airflow/.local/lib/python3.8/site-packages/airflow/example_dags/plugins/event_listener.py
[2026-04-08T10:27:40.617+0000] {processor.py:183} INFO - Processing /home/airflow/.local/lib/python3.8/site-packages/airflow/example_dags/plugins/event_listener.py took 0.043 seconds
[2026-04-08T10:28:11.003+0000] {processor.py:161} INFO - Started process (PID=229) to work on /home/airflow/.local/lib/python3.8/site-packages/airflow/example_dags/plugins/event_listener.py
[2026-04-08T10:28:11.004+0000] {processor.py:830} INFO - Processing file /home/airflow/.local/lib/python3.8/site-packages/airflow/example_dags/plugins/event_listener.py for tasks to queue
[2026-04-08T10:28:11.007+0000] {logging_mixin.py:188} INFO - [2026-04-08T10:28:11.006+0000] {dagbag.py:538} INFO - Filling up the DagBag from /home/airflow/.local/lib/python3.8/site-packages/airflow/example_dags/plugins/event_listener.py
[2026-04-08T10:28:11.009+0000] {processor.py:842} WARNING - No viable dags retrieved from /home/airflow/.local/lib/python3.8/site-packages/airflow/example_dags/plugins/event_listener.py
[2026-04-08T10:28:11.033+0000] {processor.py:183} INFO - Processing /home/airflow/.local/lib/python3.8/site-packages/airflow/example_dags/plugins/event_listener.py took 0.034 seconds
[2026-04-08T10:28:43.360+0000] {processor.py:161} INFO - Started process (PID=285) to work on /home/airflow/.local/lib/python3.8/site-packages/airflow/example_dags/plugins/event_listener.py
[2026-04-08T10:28:43.361+0000] {processor.py:830} INFO - Processing file /home/airflow/.local/lib/python3.8/site-packages/airflow/example_dags/plugins/event_listener.py for tasks to queue
[2026-04-08T10:28:43.363+0000] {logging_mixin.py:188} INFO - [2026-04-08T10:28:43.363+0000] {dagbag.py:538} INFO - Filling up the DagBag from /home/airflow/.local/lib/python3.8/site-packages/airflow/example_dags/plugins/event_listener.py
[2026-04-08T10:28:43.366+0000] {processor.py:842} WARNING - No viable dags retrieved from /home/airflow/.local/lib/python3.8/site-packages/airflow/example_dags/plugins/event_listener.py
[2026-04-08T10:28:43.380+0000] {processor.py:183} INFO - Processing /home/airflow/.local/lib/python3.8/site-packages/airflow/example_dags/plugins/event_listener.py took 0.024 seconds
[2026-04-08T10:29:14.603+0000] {processor.py:161} INFO - Started process (PID=342) to work on /home/airflow/.local/lib/python3.8/site-packages/airflow/example_dags/plugins/event_listener.py
[2026-04-08T10:29:14.606+0000] {processor.py:830} INFO - Processing file /home/airflow/.local/lib/python3.8/site-packages/airflow/example_dags/plugins/event_listener.py for tasks to queue
[2026-04-08T10:29:14.610+0000] {logging_mixin.py:188} INFO - [2026-04-08T10:29:14.610+0000] {dagbag.py:538} INFO - Filling up the DagBag from /home/airflow/.local/lib/python3.8/site-packages/airflow/example_dags/plugins/event_listener.py
[2026-04-08T10:29:14.618+0000] {processor.py:842} WARNING - No viable dags retrieved from /home/airflow/.local/lib/python3.8/site-packages/airflow/example_dags/plugins/event_listener.py
[2026-04-08T10:29:14.650+0000] {processor.py:183} INFO - Processing /home/airflow/.local/lib/python3.8/site-packages/airflow/example_dags/plugins/event_listener.py took 0.054 seconds
[2026-04-08T10:29:45.035+0000] {processor.py:161} INFO - Started process (PID=400) to work on /home/airflow/.local/lib/python3.8/site-packages/airflow/example_dags/plugins/event_listener.py
[2026-04-08T10:29:45.036+0000] {processor.py:830} INFO - Processing file /home/airflow/.local/lib/python3.8/site-packages/airflow/example_dags/plugins/event_listener.py for tasks to queue
[2026-04-08T10:29:45.038+0000] {logging_mixin.py:188} INFO - [2026-04-08T10:29:45.038+0000] {dagbag.py:538} INFO - Filling up the DagBag from /home/airflow/.local/lib/python3.8/site-packages/airflow/example_dags/plugins/event_listener.py
[2026-04-08T10:29:45.041+0000] {processor.py:842} WARNING - No viable dags retrieved from /home/airflow/.local/lib/python3.8/site-packages/airflow/example_dags/plugins/event_listener.py
[2026-04-08T10:29:45.054+0000] {processor.py:183} INFO - Processing /home/airflow/.local/lib/python3.8/site-packages/airflow/example_dags/plugins/event_listener.py took 0.023 seconds
[2026-04-08T10:30:15.540+0000] {processor.py:161} INFO - Started process (PID=457) to work on /home/airflow/.local/lib/python3.8/site-packages/airflow/example_dags/plugins/event_listener.py
[2026-04-08T10:30:15.541+0000] {processor.py:830} INFO - Processing file /home/airflow/.local/lib/python3.8/site-packages/airflow/example_dags/plugins/event_listener.py for tasks to queue
[2026-04-08T10:30:15.547+0000] {logging_mixin.py:188} INFO - [2026-04-08T10:30:15.546+0000] {dagbag.py:538} INFO - Filling up the DagBag from /home/airflow/.local/lib/python3.8/site-packages/airflow/example_dags/plugins/event_listener.py
[2026-04-08T10:30:15.553+0000] {processor.py:842} WARNING - No viable dags retrieved from /home/airflow/.local/lib/python3.8/site-packages/airflow/example_dags/plugins/event_listener.py
[2026-04-08T10:30:15.588+0000] {processor.py:183} INFO - Processing /home/airflow/.local/lib/python3.8/site-packages/airflow/example_dags/plugins/event_listener.py took 0.055 seconds
[2026-04-08T10:30:46.345+0000] {processor.py:161} INFO - Started process (PID=514) to work on /home/airflow/.local/lib/python3.8/site-packages/airflow/example_dags/plugins/event_listener.py
[2026-04-08T10:30:46.346+0000] {processor.py:830} INFO - Processing file /home/airflow/.local/lib/python3.8/site-packages/airflow/example_dags/plugins/event_listener.py for tasks to queue
[2026-04-08T10:30:46.347+0000] {logging_mixin.py:188} INFO - [2026-04-08T10:30:46.347+0000] {dagbag.py:538} INFO - Filling up the DagBag from /home/airflow/.local/lib/python3.8/site-packages/airflow/example_dags/plugins/event_listener.py
[2026-04-08T10:30:46.349+0000] {processor.py:842} WARNING - No viable dags retrieved from /home/airflow/.local/lib/python3.8/site-packages/airflow/example_dags/plugins/event_listener.py
[2026-04-08T10:30:46.362+0000] {processor.py:183} INFO - Processing /home/airflow/.local/lib/python3.8/site-packages/airflow/example_dags/plugins/event_listener.py took 0.019 seconds
[2026-04-08T10:31:16.813+0000] {processor.py:161} INFO - Started process (PID=571) to work on /home/airflow/.local/lib/python3.8/site-packages/airflow/example_dags/plugins/event_listener.py
[2026-04-08T10:31:16.814+0000] {processor.py:830} INFO - Processing file /home/airflow/.local/lib/python3.8/site-packages/airflow/example_dags/plugins/event_listener.py for tasks to queue
[2026-04-08T10:31:16.816+0000] {logging_mixin.py:188} INFO - [2026-04-08T10:31:16.816+0000] {dagbag.py:538} INFO - Filling up the DagBag from /home/airflow/.local/lib/python3.8/site-packages/airflow/example_dags/plugins/event_listener.py
[2026-04-08T10:31:16.819+0000] {processor.py:842} WARNING - No viable dags retrieved from /home/airflow/.local/lib/python3.8/site-packages/airflow/example_dags/plugins/event_listener.py
[2026-04-08T10:31:16.833+0000] {processor.py:183} INFO - Processing /home/airflow/.local/lib/python3.8/site-packages/airflow/example_dags/plugins/event_listener.py took 0.023 seconds
[2026-04-08T10:31:47.695+0000] {processor.py:161} INFO - Started process (PID=628) to work on /home/airflow/.local/lib/python3.8/site-packages/airflow/example_dags/plugins/event_listener.py
[2026-04-08T10:31:47.696+0000] {processor.py:830} INFO - Processing file /home/airflow/.local/lib/python3.8/site-packages/airflow/example_dags/plugins/event_listener.py for tasks to queue
[2026-04-08T10:31:47.698+0000] {logging_mixin.py:188} INFO - [2026-04-08T10:31:47.698+0000] {dagbag.py:538} INFO - Filling up the DagBag from /home/airflow/.local/lib/python3.8/site-packages/airflow/example_dags/plugins/event_listener.py
[2026-04-08T10:31:47.701+0000] {processor.py:842} WARNING - No viable dags retrieved from /home/airflow/.local/lib/python3.8/site-packages/airflow/example_dags/plugins/event_listener.py
[2026-04-08T10:31:47.715+0000] {processor.py:183} INFO - Processing /home/airflow/.local/lib/python3.8/site-packages/airflow/example_dags/plugins/event_listener.py took 0.023 seconds
[2026-04-08T10:32:17.900+0000] {processor.py:161} INFO - Started process (PID=685) to work on /home/airflow/.local/lib/python3.8/site-packages/airflow/example_dags/plugins/event_listener.py
[2026-04-08T10:32:17.901+0000] {processor.py:830} INFO - Processing file /home/airflow/.local/lib/python3.8/site-packages/airflow/example_dags/plugins/event_listener.py for tasks to queue
[2026-04-08T10:32:17.902+0000] {logging_mixin.py:188} INFO - [2026-04-08T10:32:17.902+0000] {dagbag.py:538} INFO - Filling up the DagBag from /home/airflow/.local/lib/python3.8/site-packages/airflow/example_dags/plugins/event_listener.py
[2026-04-08T10:32:17.904+0000] {processor.py:842} WARNING - No viable dags retrieved from /home/airflow/.local/lib/python3.8/site-packages/airflow/example_dags/plugins/event_listener.py
[2026-04-08T10:32:17.914+0000] {processor.py:183} INFO - Processing /home/airflow/.local/lib/python3.8/site-packages/airflow/example_dags/plugins/event_listener.py took 0.017 seconds
[2026-04-08T10:32:48.364+0000] {processor.py:161} INFO - Started process (PID=742) to work on /home/airflow/.local/lib/python3.8/site-packages/airflow/example_dags/plugins/event_listener.py
[2026-04-08T10:32:48.365+0000] {processor.py:830} INFO - Processing file /home/airflow/.local/lib/python3.8/site-packages/airflow/example_dags/plugins/event_listener.py for tasks to queue
[2026-04-08T10:32:48.367+0000] {logging_mixin.py:188} INFO - [2026-04-08T10:32:48.367+0000] {dagbag.py:538} INFO - Filling up the DagBag from /home/airflow/.local/lib/python3.8/site-packages/airflow/example_dags/plugins/event_listener.py
[2026-04-08T10:32:48.369+0000] {processor.py:842} WARNING - No viable dags retrieved from /home/airflow/.local/lib/python3.8/site-packages/airflow/example_dags/plugins/event_listener.py
[2026-04-08T10:32:48.389+0000] {processor.py:183} INFO - Processing /home/airflow/.local/lib/python3.8/site-packages/airflow/example_dags/plugins/event_listener.py took 0.028 seconds
[2026-04-08T10:33:18.520+0000] {processor.py:161} INFO - Started process (PID=799) to work on /home/airflow/.local/lib/python3.8/site-packages/airflow/example_dags/plugins/event_listener.py
[2026-04-08T10:33:18.520+0000] {processor.py:830} INFO - Processing file /home/airflow/.local/lib/python3.8/site-packages/airflow/example_dags/plugins/event_listener.py for tasks to queue
[2026-04-08T10:33:18.522+0000] {logging_mixin.py:188} INFO - [2026-04-08T10:33:18.522+0000] {dagbag.py:538} INFO - Filling up the DagBag from /home/airflow/.local/lib/python3.8/site-packages/airflow/example_dags/plugins/event_listener.py
[2026-04-08T10:33:18.525+0000] {processor.py:842} WARNING - No viable dags retrieved from /home/airflow/.local/lib/python3.8/site-packages/airflow/example_dags/plugins/event_listener.py
[2026-04-08T10:33:18.538+0000] {processor.py:183} INFO - Processing /home/airflow/.local/lib/python3.8/site-packages/airflow/example_dags/plugins/event_listener.py took 0.022 seconds
[2026-04-08T10:33:49.467+0000] {processor.py:161} INFO - Started process (PID=856) to work on /home/airflow/.local/lib/python3.8/site-packages/airflow/example_dags/plugins/event_listener.py
[2026-04-08T10:33:49.468+0000] {processor.py:830} INFO - Processing file /home/airflow/.local/lib/python3.8/site-packages/airflow/example_dags/plugins/event_listener.py for tasks to queue
[2026-04-08T10:33:49.469+0000] {logging_mixin.py:188} INFO - [2026-04-08T10:33:49.469+0000] {dagbag.py:538} INFO - Filling up the DagBag from /home/airflow/.local/lib/python3.8/site-packages/airflow/example_dags/plugins/event_listener.py
[2026-04-08T10:33:49.471+0000] {processor.py:842} WARNING - No viable dags retrieved from /home/airflow/.local/lib/python3.8/site-packages/airflow/example_dags/plugins/event_listener.py
[2026-04-08T10:33:49.482+0000] {processor.py:183} INFO - Processing /home/airflow/.local/lib/python3.8/site-packages/airflow/example_dags/plugins/event_listener.py took 0.017 seconds
[2026-04-08T10:34:20.520+0000] {processor.py:161} INFO - Started process (PID=913) to work on /home/airflow/.local/lib/python3.8/site-packages/airflow/example_dags/plugins/event_listener.py
[2026-04-08T10:34:20.521+0000] {processor.py:830} INFO - Processing file /home/airflow/.local/lib/python3.8/site-packages/airflow/example_dags/plugins/event_listener.py for tasks to queue
[2026-04-08T10:34:20.523+0000] {logging_mixin.py:188} INFO - [2026-04-08T10:34:20.523+0000] {dagbag.py:538} INFO - Filling up the DagBag from /home/airflow/.local/lib/python3.8/site-packages/airflow/example_dags/plugins/event_listener.py
[2026-04-08T10:34:20.526+0000] {processor.py:842} WARNING - No viable dags retrieved from /home/airflow/.local/lib/python3.8/site-packages/airflow/example_dags/plugins/event_listener.py
[2026-04-08T10:34:20.539+0000] {processor.py:183} INFO - Processing /home/airflow/.local/lib/python3.8/site-packages/airflow/example_dags/plugins/event_listener.py took 0.022 seconds
[2026-04-08T10:34:50.957+0000] {processor.py:161} INFO - Started process (PID=970) to work on /home/airflow/.local/lib/python3.8/site-packages/airflow/example_dags/plugins/event_listener.py
[2026-04-08T10:34:50.958+0000] {processor.py:830} INFO - Processing file /home/airflow/.local/lib/python3.8/site-packages/airflow/example_dags/plugins/event_listener.py for tasks to queue
[2026-04-08T10:34:50.960+0000] {logging_mixin.py:188} INFO - [2026-04-08T10:34:50.960+0000] {dagbag.py:538} INFO - Filling up the DagBag from /home/airflow/.local/lib/python3.8/site-packages/airflow/example_dags/plugins/event_listener.py
[2026-04-08T10:34:50.963+0000] {processor.py:842} WARNING - No viable dags retrieved from /home/airflow/.local/lib/python3.8/site-packages/airflow/example_dags/plugins/event_listener.py
[2026-04-08T10:34:50.978+0000] {processor.py:183} INFO - Processing /home/airflow/.local/lib/python3.8/site-packages/airflow/example_dags/plugins/event_listener.py took 0.024 seconds
[2026-04-08T10:35:21.146+0000] {processor.py:161} INFO - Started process (PID=1027) to work on /home/airflow/.local/lib/python3.8/site-packages/airflow/example_dags/plugins/event_listener.py
[2026-04-08T10:35:21.147+0000] {processor.py:830} INFO - Processing file /home/airflow/.local/lib/python3.8/site-packages/airflow/example_dags/plugins/event_listener.py for tasks to queue
[2026-04-08T10:35:21.149+0000] {logging_mixin.py:188} INFO - [2026-04-08T10:35:21.149+0000] {dagbag.py:538} INFO - Filling up the DagBag from /home/airflow/.local/lib/python3.8/site-packages/airflow/example_dags/plugins/event_listener.py
[2026-04-08T10:35:21.151+0000] {processor.py:842} WARNING - No viable dags retrieved from /home/airflow/.local/lib/python3.8/site-packages/airflow/example_dags/plugins/event_listener.py
[2026-04-08T10:35:21.167+0000] {processor.py:183} INFO - Processing /home/airflow/.local/lib/python3.8/site-packages/airflow/example_dags/plugins/event_listener.py took 0.027 seconds
[2026-04-08T10:35:52.281+0000] {processor.py:161} INFO - Started process (PID=1090) to work on /home/airflow/.local/lib/python3.8/site-packages/airflow/example_dags/plugins/event_listener.py
[2026-04-08T10:35:52.282+0000] {processor.py:830} INFO - Processing file /home/airflow/.local/lib/python3.8/site-packages/airflow/example_dags/plugins/event_listener.py for tasks to queue
[2026-04-08T10:35:52.284+0000] {logging_mixin.py:188} INFO - [2026-04-08T10:35:52.283+0000] {dagbag.py:538} INFO - Filling up the DagBag from /home/airflow/.local/lib/python3.8/site-packages/airflow/example_dags/plugins/event_listener.py
[2026-04-08T10:35:52.285+0000] {processor.py:842} WARNING - No viable dags retrieved from /home/airflow/.local/lib/python3.8/site-packages/airflow/example_dags/plugins/event_listener.py
[2026-04-08T10:35:52.296+0000] {processor.py:183} INFO - Processing /home/airflow/.local/lib/python3.8/site-packages/airflow/example_dags/plugins/event_listener.py took 0.017 seconds
[2026-04-08T10:36:22.887+0000] {processor.py:161} INFO - Started process (PID=1147) to work on /home/airflow/.local/lib/python3.8/site-packages/airflow/example_dags/plugins/event_listener.py
[2026-04-08T10:36:22.888+0000] {processor.py:830} INFO - Processing file /home/airflow/.local/lib/python3.8/site-packages/airflow/example_dags/plugins/event_listener.py for tasks to queue
[2026-04-08T10:36:22.890+0000] {logging_mixin.py:188} INFO - [2026-04-08T10:36:22.890+0000] {dagbag.py:538} INFO - Filling up the DagBag from /home/airflow/.local/lib/python3.8/site-packages/airflow/example_dags/plugins/event_listener.py
[2026-04-08T10:36:22.892+0000] {processor.py:842} WARNING - No viable dags retrieved from /home/airflow/.local/lib/python3.8/site-packages/airflow/example_dags/plugins/event_listener.py
[2026-04-08T10:36:22.906+0000] {processor.py:183} INFO - Processing /home/airflow/.local/lib/python3.8/site-packages/airflow/example_dags/plugins/event_listener.py took 0.022 seconds
[2026-04-08T10:36:53.504+0000] {processor.py:161} INFO - Started process (PID=1204) to work on /home/airflow/.local/lib/python3.8/site-packages/airflow/example_dags/plugins/event_listener.py
[2026-04-08T10:36:53.508+0000] {processor.py:830} INFO - Processing file /home/airflow/.local/lib/python3.8/site-packages/airflow/example_dags/plugins/event_listener.py for tasks to queue
[2026-04-08T10:36:53.511+0000] {logging_mixin.py:188} INFO - [2026-04-08T10:36:53.511+0000] {dagbag.py:538} INFO - Filling up the DagBag from /home/airflow/.local/lib/python3.8/site-packages/airflow/example_dags/plugins/event_listener.py
[2026-04-08T10:36:53.514+0000] {processor.py:842} WARNING - No viable dags retrieved from /home/airflow/.local/lib/python3.8/site-packages/airflow/example_dags/plugins/event_listener.py
[2026-04-08T10:36:53.529+0000] {processor.py:183} INFO - Processing /home/airflow/.local/lib/python3.8/site-packages/airflow/example_dags/plugins/event_listener.py took 0.029 seconds
[2026-04-08T10:37:24.281+0000] {processor.py:161} INFO - Started process (PID=1261) to work on /home/airflow/.local/lib/python3.8/site-packages/airflow/example_dags/plugins/event_listener.py
[2026-04-08T10:37:24.282+0000] {processor.py:830} INFO - Processing file /home/airflow/.local/lib/python3.8/site-packages/airflow/example_dags/plugins/event_listener.py for tasks to queue
[2026-04-08T10:37:24.285+0000] {logging_mixin.py:188} INFO - [2026-04-08T10:37:24.284+0000] {dagbag.py:538} INFO - Filling up the DagBag from /home/airflow/.local/lib/python3.8/site-packages/airflow/example_dags/plugins/event_listener.py
[2026-04-08T10:37:24.287+0000] {processor.py:842} WARNING - No viable dags retrieved from /home/airflow/.local/lib/python3.8/site-packages/airflow/example_dags/plugins/event_listener.py
[2026-04-08T10:37:24.301+0000] {processor.py:183} INFO - Processing /home/airflow/.local/lib/python3.8/site-packages/airflow/example_dags/plugins/event_listener.py took 0.023 seconds
[2026-04-08T10:37:54.897+0000] {processor.py:161} INFO - Started process (PID=1318) to work on /home/airflow/.local/lib/python3.8/site-packages/airflow/example_dags/plugins/event_listener.py
[2026-04-08T10:37:54.898+0000] {processor.py:830} INFO - Processing file /home/airflow/.local/lib/python3.8/site-packages/airflow/example_dags/plugins/event_listener.py for tasks to queue
[2026-04-08T10:37:54.900+0000] {logging_mixin.py:188} INFO - [2026-04-08T10:37:54.900+0000] {dagbag.py:538} INFO - Filling up the DagBag from /home/airflow/.local/lib/python3.8/site-packages/airflow/example_dags/plugins/event_listener.py
[2026-04-08T10:37:54.903+0000] {processor.py:842} WARNING - No viable dags retrieved from /home/airflow/.local/lib/python3.8/site-packages/airflow/example_dags/plugins/event_listener.py
[2026-04-08T10:37:54.917+0000] {processor.py:183} INFO - Processing /home/airflow/.local/lib/python3.8/site-packages/airflow/example_dags/plugins/event_listener.py took 0.023 seconds
[2026-04-08T10:38:25.567+0000] {processor.py:161} INFO - Started process (PID=1375) to work on /home/airflow/.local/lib/python3.8/site-packages/airflow/example_dags/plugins/event_listener.py
[2026-04-08T10:38:25.568+0000] {processor.py:830} INFO - Processing file /home/airflow/.local/lib/python3.8/site-packages/airflow/example_dags/plugins/event_listener.py for tasks to queue
[2026-04-08T10:38:25.570+0000] {logging_mixin.py:188} INFO - [2026-04-08T10:38:25.570+0000] {dagbag.py:538} INFO - Filling up the DagBag from /home/airflow/.local/lib/python3.8/site-packages/airflow/example_dags/plugins/event_listener.py
[2026-04-08T10:38:25.572+0000] {processor.py:842} WARNING - No viable dags retrieved from /home/airflow/.local/lib/python3.8/site-packages/airflow/example_dags/plugins/event_listener.py
[2026-04-08T10:38:25.584+0000] {processor.py:183} INFO - Processing /home/airflow/.local/lib/python3.8/site-packages/airflow/example_dags/plugins/event_listener.py took 0.020 seconds
[2026-04-08T10:38:56.089+0000] {processor.py:161} INFO - Started process (PID=1432) to work on /home/airflow/.local/lib/python3.8/site-packages/airflow/example_dags/plugins/event_listener.py
[2026-04-08T10:38:56.092+0000] {processor.py:830} INFO - Processing file /home/airflow/.local/lib/python3.8/site-packages/airflow/example_dags/plugins/event_listener.py for tasks to queue
[2026-04-08T10:38:56.096+0000] {logging_mixin.py:188} INFO - [2026-04-08T10:38:56.094+0000] {dagbag.py:538} INFO - Filling up the DagBag from /home/airflow/.local/lib/python3.8/site-packages/airflow/example_dags/plugins/event_listener.py
[2026-04-08T10:38:56.101+0000] {processor.py:842} WARNING - No viable dags retrieved from /home/airflow/.local/lib/python3.8/site-packages/airflow/example_dags/plugins/event_listener.py
[2026-04-08T10:38:56.134+0000] {processor.py:183} INFO - Processing /home/airflow/.local/lib/python3.8/site-packages/airflow/example_dags/plugins/event_listener.py took 0.050 seconds
[2026-04-08T10:39:26.986+0000] {processor.py:161} INFO - Started process (PID=1489) to work on /home/airflow/.local/lib/python3.8/site-packages/airflow/example_dags/plugins/event_listener.py
[2026-04-08T10:39:26.987+0000] {processor.py:830} INFO - Processing file /home/airflow/.local/lib/python3.8/site-packages/airflow/example_dags/plugins/event_listener.py for tasks to queue
[2026-04-08T10:39:26.989+0000] {logging_mixin.py:188} INFO - [2026-04-08T10:39:26.989+0000] {dagbag.py:538} INFO - Filling up the DagBag from /home/airflow/.local/lib/python3.8/site-packages/airflow/example_dags/plugins/event_listener.py
[2026-04-08T10:39:26.991+0000] {processor.py:842} WARNING - No viable dags retrieved from /home/airflow/.local/lib/python3.8/site-packages/airflow/example_dags/plugins/event_listener.py
[2026-04-08T10:39:27.005+0000] {processor.py:183} INFO - Processing /home/airflow/.local/lib/python3.8/site-packages/airflow/example_dags/plugins/event_listener.py took 0.022 seconds
[2026-04-08T10:39:57.890+0000] {processor.py:161} INFO - Started process (PID=1546) to work on /home/airflow/.local/lib/python3.8/site-packages/airflow/example_dags/plugins/event_listener.py
[2026-04-08T10:39:57.891+0000] {processor.py:830} INFO - Processing file /home/airflow/.local/lib/python3.8/site-packages/airflow/example_dags/plugins/event_listener.py for tasks to queue
[2026-04-08T10:39:57.893+0000] {logging_mixin.py:188} INFO - [2026-04-08T10:39:57.892+0000] {dagbag.py:538} INFO - Filling up the DagBag from /home/airflow/.local/lib/python3.8/site-packages/airflow/example_dags/plugins/event_listener.py
[2026-04-08T10:39:57.895+0000] {processor.py:842} WARNING - No viable dags retrieved from /home/airflow/.local/lib/python3.8/site-packages/airflow/example_dags/plugins/event_listener.py
[2026-04-08T10:39:57.907+0000] {processor.py:183} INFO - Processing /home/airflow/.local/lib/python3.8/site-packages/airflow/example_dags/plugins/event_listener.py took 0.021 seconds
[2026-04-08T10:40:28.192+0000] {processor.py:161} INFO - Started process (PID=1603) to work on /home/airflow/.local/lib/python3.8/site-packages/airflow/example_dags/plugins/event_listener.py
[2026-04-08T10:40:28.193+0000] {processor.py:830} INFO - Processing file /home/airflow/.local/lib/python3.8/site-packages/airflow/example_dags/plugins/event_listener.py for tasks to queue
[2026-04-08T10:40:28.195+0000] {logging_mixin.py:188} INFO - [2026-04-08T10:40:28.194+0000] {dagbag.py:538} INFO - Filling up the DagBag from /home/airflow/.local/lib/python3.8/site-packages/airflow/example_dags/plugins/event_listener.py
[2026-04-08T10:40:28.196+0000] {processor.py:842} WARNING - No viable dags retrieved from /home/airflow/.local/lib/python3.8/site-packages/airflow/example_dags/plugins/event_listener.py
[2026-04-08T10:40:28.206+0000] {processor.py:183} INFO - Processing /home/airflow/.local/lib/python3.8/site-packages/airflow/example_dags/plugins/event_listener.py took 0.017 seconds
[2026-04-08T10:40:58.558+0000] {processor.py:161} INFO - Started process (PID=1660) to work on /home/airflow/.local/lib/python3.8/site-packages/airflow/example_dags/plugins/event_listener.py
[2026-04-08T10:40:58.558+0000] {processor.py:830} INFO - Processing file /home/airflow/.local/lib/python3.8/site-packages/airflow/example_dags/plugins/event_listener.py for tasks to queue
[2026-04-08T10:40:58.560+0000] {logging_mixin.py:188} INFO - [2026-04-08T10:40:58.560+0000] {dagbag.py:538} INFO - Filling up the DagBag from /home/airflow/.local/lib/python3.8/site-packages/airflow/example_dags/plugins/event_listener.py
[2026-04-08T10:40:58.562+0000] {processor.py:842} WARNING - No viable dags retrieved from /home/airflow/.local/lib/python3.8/site-packages/airflow/example_dags/plugins/event_listener.py
[2026-04-08T10:40:58.574+0000] {processor.py:183} INFO - Processing /home/airflow/.local/lib/python3.8/site-packages/airflow/example_dags/plugins/event_listener.py took 0.019 seconds
[2026-04-08T10:41:29.581+0000] {processor.py:161} INFO - Started process (PID=1717) to work on /home/airflow/.local/lib/python3.8/site-packages/airflow/example_dags/plugins/event_listener.py
[2026-04-08T10:41:29.591+0000] {processor.py:830} INFO - Processing file /home/airflow/.local/lib/python3.8/site-packages/airflow/example_dags/plugins/event_listener.py for tasks to queue
[2026-04-08T10:41:29.600+0000] {logging_mixin.py:188} INFO - [2026-04-08T10:41:29.599+0000] {dagbag.py:538} INFO - Filling up the DagBag from /home/airflow/.local/lib/python3.8/site-packages/airflow/example_dags/plugins/event_listener.py
[2026-04-08T10:41:29.608+0000] {processor.py:842} WARNING - No viable dags retrieved from /home/airflow/.local/lib/python3.8/site-packages/airflow/example_dags/plugins/event_listener.py
[2026-04-08T10:41:29.647+0000] {processor.py:183} INFO - Processing /home/airflow/.local/lib/python3.8/site-packages/airflow/example_dags/plugins/event_listener.py took 0.082 seconds
[2026-04-08T10:42:00.674+0000] {processor.py:161} INFO - Started process (PID=1774) to work on /home/airflow/.local/lib/python3.8/site-packages/airflow/example_dags/plugins/event_listener.py
[2026-04-08T10:42:00.683+0000] {processor.py:830} INFO - Processing file /home/airflow/.local/lib/python3.8/site-packages/airflow/example_dags/plugins/event_listener.py for tasks to queue
[2026-04-08T10:42:00.690+0000] {logging_mixin.py:188} INFO - [2026-04-08T10:42:00.690+0000] {dagbag.py:538} INFO - Filling up the DagBag from /home/airflow/.local/lib/python3.8/site-packages/airflow/example_dags/plugins/event_listener.py
[2026-04-08T10:42:00.694+0000] {processor.py:842} WARNING - No viable dags retrieved from /home/airflow/.local/lib/python3.8/site-packages/airflow/example_dags/plugins/event_listener.py
[2026-04-08T10:42:00.713+0000] {processor.py:183} INFO - Processing /home/airflow/.local/lib/python3.8/site-packages/airflow/example_dags/plugins/event_listener.py took 0.048 seconds
[2026-04-08T10:42:31.062+0000] {processor.py:161} INFO - Started process (PID=1831) to work on /home/airflow/.local/lib/python3.8/site-packages/airflow/example_dags/plugins/event_listener.py
[2026-04-08T10:42:31.069+0000] {processor.py:830} INFO - Processing file /home/airflow/.local/lib/python3.8/site-packages/airflow/example_dags/plugins/event_listener.py for tasks to queue
[2026-04-08T10:42:31.071+0000] {logging_mixin.py:188} INFO - [2026-04-08T10:42:31.071+0000] {dagbag.py:538} INFO - Filling up the DagBag from /home/airflow/.local/lib/python3.8/site-packages/airflow/example_dags/plugins/event_listener.py
[2026-04-08T10:42:31.074+0000] {processor.py:842} WARNING - No viable dags retrieved from /home/airflow/.local/lib/python3.8/site-packages/airflow/example_dags/plugins/event_listener.py
[2026-04-08T10:42:31.118+0000] {processor.py:183} INFO - Processing /home/airflow/.local/lib/python3.8/site-packages/airflow/example_dags/plugins/event_listener.py took 0.062 seconds
[2026-04-08T10:43:01.655+0000] {processor.py:161} INFO - Started process (PID=1888) to work on /home/airflow/.local/lib/python3.8/site-packages/airflow/example_dags/plugins/event_listener.py
[2026-04-08T10:43:01.659+0000] {processor.py:830} INFO - Processing file /home/airflow/.local/lib/python3.8/site-packages/airflow/example_dags/plugins/event_listener.py for tasks to queue
[2026-04-08T10:43:01.662+0000] {logging_mixin.py:188} INFO - [2026-04-08T10:43:01.661+0000] {dagbag.py:538} INFO - Filling up the DagBag from /home/airflow/.local/lib/python3.8/site-packages/airflow/example_dags/plugins/event_listener.py
[2026-04-08T10:43:01.664+0000] {processor.py:842} WARNING - No viable dags retrieved from /home/airflow/.local/lib/python3.8/site-packages/airflow/example_dags/plugins/event_listener.py
[2026-04-08T10:43:01.729+0000] {processor.py:183} INFO - Processing /home/airflow/.local/lib/python3.8/site-packages/airflow/example_dags/plugins/event_listener.py took 0.079 seconds
[2026-04-08T10:43:32.250+0000] {processor.py:161} INFO - Started process (PID=1945) to work on /home/airflow/.local/lib/python3.8/site-packages/airflow/example_dags/plugins/event_listener.py
[2026-04-08T10:43:32.251+0000] {processor.py:830} INFO - Processing file /home/airflow/.local/lib/python3.8/site-packages/airflow/example_dags/plugins/event_listener.py for tasks to queue
[2026-04-08T10:43:32.258+0000] {logging_mixin.py:188} INFO - [2026-04-08T10:43:32.255+0000] {dagbag.py:538} INFO - Filling up the DagBag from /home/airflow/.local/lib/python3.8/site-packages/airflow/example_dags/plugins/event_listener.py
[2026-04-08T10:43:32.263+0000] {processor.py:842} WARNING - No viable dags retrieved from /home/airflow/.local/lib/python3.8/site-packages/airflow/example_dags/plugins/event_listener.py
[2026-04-08T10:43:32.283+0000] {processor.py:183} INFO - Processing /home/airflow/.local/lib/python3.8/site-packages/airflow/example_dags/plugins/event_listener.py took 0.042 seconds
[2026-04-08T10:44:02.627+0000] {processor.py:161} INFO - Started process (PID=2002) to work on /home/airflow/.local/lib/python3.8/site-packages/airflow/example_dags/plugins/event_listener.py
[2026-04-08T10:44:02.629+0000] {processor.py:830} INFO - Processing file /home/airflow/.local/lib/python3.8/site-packages/airflow/example_dags/plugins/event_listener.py for tasks to queue
[2026-04-08T10:44:02.631+0000] {logging_mixin.py:188} INFO - [2026-04-08T10:44:02.631+0000] {dagbag.py:538} INFO - Filling up the DagBag from /home/airflow/.local/lib/python3.8/site-packages/airflow/example_dags/plugins/event_listener.py
[2026-04-08T10:44:02.634+0000] {processor.py:842} WARNING - No viable dags retrieved from /home/airflow/.local/lib/python3.8/site-packages/airflow/example_dags/plugins/event_listener.py
[2026-04-08T10:44:02.647+0000] {processor.py:183} INFO - Processing /home/airflow/.local/lib/python3.8/site-packages/airflow/example_dags/plugins/event_listener.py took 0.025 seconds
[2026-04-08T10:44:32.924+0000] {processor.py:161} INFO - Started process (PID=2059) to work on /home/airflow/.local/lib/python3.8/site-packages/airflow/example_dags/plugins/event_listener.py
[2026-04-08T10:44:32.925+0000] {processor.py:830} INFO - Processing file /home/airflow/.local/lib/python3.8/site-packages/airflow/example_dags/plugins/event_listener.py for tasks to queue
[2026-04-08T10:44:32.927+0000] {logging_mixin.py:188} INFO - [2026-04-08T10:44:32.927+0000] {dagbag.py:538} INFO - Filling up the DagBag from /home/airflow/.local/lib/python3.8/site-packages/airflow/example_dags/plugins/event_listener.py
[2026-04-08T10:44:32.929+0000] {processor.py:842} WARNING - No viable dags retrieved from /home/airflow/.local/lib/python3.8/site-packages/airflow/example_dags/plugins/event_listener.py
[2026-04-08T10:44:32.947+0000] {processor.py:183} INFO - Processing /home/airflow/.local/lib/python3.8/site-packages/airflow/example_dags/plugins/event_listener.py took 0.027 seconds
[2026-04-08T10:45:03.388+0000] {processor.py:161} INFO - Started process (PID=2116) to work on /home/airflow/.local/lib/python3.8/site-packages/airflow/example_dags/plugins/event_listener.py
[2026-04-08T10:45:03.389+0000] {processor.py:830} INFO - Processing file /home/airflow/.local/lib/python3.8/site-packages/airflow/example_dags/plugins/event_listener.py for tasks to queue
[2026-04-08T10:45:03.392+0000] {logging_mixin.py:188} INFO - [2026-04-08T10:45:03.391+0000] {dagbag.py:538} INFO - Filling up the DagBag from /home/airflow/.local/lib/python3.8/site-packages/airflow/example_dags/plugins/event_listener.py
[2026-04-08T10:45:03.394+0000] {processor.py:842} WARNING - No viable dags retrieved from /home/airflow/.local/lib/python3.8/site-packages/airflow/example_dags/plugins/event_listener.py
[2026-04-08T10:45:03.408+0000] {processor.py:183} INFO - Processing /home/airflow/.local/lib/python3.8/site-packages/airflow/example_dags/plugins/event_listener.py took 0.025 seconds
[2026-04-08T10:45:33.592+0000] {processor.py:161} INFO - Started process (PID=2173) to work on /home/airflow/.local/lib/python3.8/site-packages/airflow/example_dags/plugins/event_listener.py
[2026-04-08T10:45:33.593+0000] {processor.py:830} INFO - Processing file /home/airflow/.local/lib/python3.8/site-packages/airflow/example_dags/plugins/event_listener.py for tasks to queue
[2026-04-08T10:45:33.596+0000] {logging_mixin.py:188} INFO - [2026-04-08T10:45:33.595+0000] {dagbag.py:538} INFO - Filling up the DagBag from /home/airflow/.local/lib/python3.8/site-packages/airflow/example_dags/plugins/event_listener.py
[2026-04-08T10:45:33.598+0000] {processor.py:842} WARNING - No viable dags retrieved from /home/airflow/.local/lib/python3.8/site-packages/airflow/example_dags/plugins/event_listener.py
[2026-04-08T10:45:33.612+0000] {processor.py:183} INFO - Processing /home/airflow/.local/lib/python3.8/site-packages/airflow/example_dags/plugins/event_listener.py took 0.023 seconds
[2026-04-08T10:46:03.782+0000] {processor.py:161} INFO - Started process (PID=2231) to work on /home/airflow/.local/lib/python3.8/site-packages/airflow/example_dags/plugins/event_listener.py
[2026-04-08T10:46:03.784+0000] {processor.py:830} INFO - Processing file /home/airflow/.local/lib/python3.8/site-packages/airflow/example_dags/plugins/event_listener.py for tasks to queue
[2026-04-08T10:46:03.790+0000] {logging_mixin.py:188} INFO - [2026-04-08T10:46:03.790+0000] {dagbag.py:538} INFO - Filling up the DagBag from /home/airflow/.local/lib/python3.8/site-packages/airflow/example_dags/plugins/event_listener.py
[2026-04-08T10:46:03.798+0000] {processor.py:842} WARNING - No viable dags retrieved from /home/airflow/.local/lib/python3.8/site-packages/airflow/example_dags/plugins/event_listener.py
[2026-04-08T10:46:03.825+0000] {processor.py:183} INFO - Processing /home/airflow/.local/lib/python3.8/site-packages/airflow/example_dags/plugins/event_listener.py took 0.052 seconds
[2026-04-08T10:46:34.073+0000] {processor.py:161} INFO - Started process (PID=2288) to work on /home/airflow/.local/lib/python3.8/site-packages/airflow/example_dags/plugins/event_listener.py
[2026-04-08T10:46:34.076+0000] {processor.py:830} INFO - Processing file /home/airflow/.local/lib/python3.8/site-packages/airflow/example_dags/plugins/event_listener.py for tasks to queue
[2026-04-08T10:46:34.088+0000] {logging_mixin.py:188} INFO - [2026-04-08T10:46:34.087+0000] {dagbag.py:538} INFO - Filling up the DagBag from /home/airflow/.local/lib/python3.8/site-packages/airflow/example_dags/plugins/event_listener.py
[2026-04-08T10:46:34.106+0000] {processor.py:842} WARNING - No viable dags retrieved from /home/airflow/.local/lib/python3.8/site-packages/airflow/example_dags/plugins/event_listener.py
[2026-04-08T10:46:34.158+0000] {processor.py:183} INFO - Processing /home/airflow/.local/lib/python3.8/site-packages/airflow/example_dags/plugins/event_listener.py took 0.092 seconds
[2026-04-08T10:47:04.388+0000] {processor.py:161} INFO - Started process (PID=2344) to work on /home/airflow/.local/lib/python3.8/site-packages/airflow/example_dags/plugins/event_listener.py
[2026-04-08T10:47:04.389+0000] {processor.py:830} INFO - Processing file /home/airflow/.local/lib/python3.8/site-packages/airflow/example_dags/plugins/event_listener.py for tasks to queue
[2026-04-08T10:47:04.391+0000] {logging_mixin.py:188} INFO - [2026-04-08T10:47:04.391+0000] {dagbag.py:538} INFO - Filling up the DagBag from /home/airflow/.local/lib/python3.8/site-packages/airflow/example_dags/plugins/event_listener.py
[2026-04-08T10:47:04.394+0000] {processor.py:842} WARNING - No viable dags retrieved from /home/airflow/.local/lib/python3.8/site-packages/airflow/example_dags/plugins/event_listener.py
[2026-04-08T10:47:04.409+0000] {processor.py:183} INFO - Processing /home/airflow/.local/lib/python3.8/site-packages/airflow/example_dags/plugins/event_listener.py took 0.024 seconds
[2026-04-08T10:47:34.849+0000] {processor.py:161} INFO - Started process (PID=2400) to work on /home/airflow/.local/lib/python3.8/site-packages/airflow/example_dags/plugins/event_listener.py
[2026-04-08T10:47:34.850+0000] {processor.py:830} INFO - Processing file /home/airflow/.local/lib/python3.8/site-packages/airflow/example_dags/plugins/event_listener.py for tasks to queue
[2026-04-08T10:47:34.852+0000] {logging_mixin.py:188} INFO - [2026-04-08T10:47:34.852+0000] {dagbag.py:538} INFO - Filling up the DagBag from /home/airflow/.local/lib/python3.8/site-packages/airflow/example_dags/plugins/event_listener.py
[2026-04-08T10:47:34.854+0000] {processor.py:842} WARNING - No viable dags retrieved from /home/airflow/.local/lib/python3.8/site-packages/airflow/example_dags/plugins/event_listener.py
[2026-04-08T10:47:34.875+0000] {processor.py:183} INFO - Processing /home/airflow/.local/lib/python3.8/site-packages/airflow/example_dags/plugins/event_listener.py took 0.039 seconds
[2026-04-08T10:48:04.913+0000] {processor.py:161} INFO - Started process (PID=2457) to work on /home/airflow/.local/lib/python3.8/site-packages/airflow/example_dags/plugins/event_listener.py
[2026-04-08T10:48:04.914+0000] {processor.py:830} INFO - Processing file /home/airflow/.local/lib/python3.8/site-packages/airflow/example_dags/plugins/event_listener.py for tasks to queue
[2026-04-08T10:48:04.916+0000] {logging_mixin.py:188} INFO - [2026-04-08T10:48:04.916+0000] {dagbag.py:538} INFO - Filling up the DagBag from /home/airflow/.local/lib/python3.8/site-packages/airflow/example_dags/plugins/event_listener.py
[2026-04-08T10:48:04.918+0000] {processor.py:842} WARNING - No viable dags retrieved from /home/airflow/.local/lib/python3.8/site-packages/airflow/example_dags/plugins/event_listener.py
[2026-04-08T10:48:04.931+0000] {processor.py:183} INFO - Processing /home/airflow/.local/lib/python3.8/site-packages/airflow/example_dags/plugins/event_listener.py took 0.022 seconds
[2026-04-08T10:48:35.315+0000] {processor.py:161} INFO - Started process (PID=2514) to work on /home/airflow/.local/lib/python3.8/site-packages/airflow/example_dags/plugins/event_listener.py
[2026-04-08T10:48:35.315+0000] {processor.py:830} INFO - Processing file /home/airflow/.local/lib/python3.8/site-packages/airflow/example_dags/plugins/event_listener.py for tasks to queue
[2026-04-08T10:48:35.317+0000] {logging_mixin.py:188} INFO - [2026-04-08T10:48:35.317+0000] {dagbag.py:538} INFO - Filling up the DagBag from /home/airflow/.local/lib/python3.8/site-packages/airflow/example_dags/plugins/event_listener.py
[2026-04-08T10:48:35.320+0000] {processor.py:842} WARNING - No viable dags retrieved from /home/airflow/.local/lib/python3.8/site-packages/airflow/example_dags/plugins/event_listener.py
[2026-04-08T10:48:35.333+0000] {processor.py:183} INFO - Processing /home/airflow/.local/lib/python3.8/site-packages/airflow/example_dags/plugins/event_listener.py took 0.022 seconds
[2026-04-08T10:49:06.230+0000] {processor.py:161} INFO - Started process (PID=2571) to work on /home/airflow/.local/lib/python3.8/site-packages/airflow/example_dags/plugins/event_listener.py
[2026-04-08T10:49:06.230+0000] {processor.py:830} INFO - Processing file /home/airflow/.local/lib/python3.8/site-packages/airflow/example_dags/plugins/event_listener.py for tasks to queue
[2026-04-08T10:49:06.232+0000] {logging_mixin.py:188} INFO - [2026-04-08T10:49:06.232+0000] {dagbag.py:538} INFO - Filling up the DagBag from /home/airflow/.local/lib/python3.8/site-packages/airflow/example_dags/plugins/event_listener.py
[2026-04-08T10:49:06.235+0000] {processor.py:842} WARNING - No viable dags retrieved from /home/airflow/.local/lib/python3.8/site-packages/airflow/example_dags/plugins/event_listener.py
[2026-04-08T10:49:06.253+0000] {processor.py:183} INFO - Processing /home/airflow/.local/lib/python3.8/site-packages/airflow/example_dags/plugins/event_listener.py took 0.026 seconds
[2026-04-08T10:49:37.470+0000] {processor.py:161} INFO - Started process (PID=2628) to work on /home/airflow/.local/lib/python3.8/site-packages/airflow/example_dags/plugins/event_listener.py
[2026-04-08T10:49:37.471+0000] {processor.py:830} INFO - Processing file /home/airflow/.local/lib/python3.8/site-packages/airflow/example_dags/plugins/event_listener.py for tasks to queue
[2026-04-08T10:49:37.473+0000] {logging_mixin.py:188} INFO - [2026-04-08T10:49:37.473+0000] {dagbag.py:538} INFO - Filling up the DagBag from /home/airflow/.local/lib/python3.8/site-packages/airflow/example_dags/plugins/event_listener.py
[2026-04-08T10:49:37.476+0000] {processor.py:842} WARNING - No viable dags retrieved from /home/airflow/.local/lib/python3.8/site-packages/airflow/example_dags/plugins/event_listener.py
[2026-04-08T10:49:37.490+0000] {processor.py:183} INFO - Processing /home/airflow/.local/lib/python3.8/site-packages/airflow/example_dags/plugins/event_listener.py took 0.024 seconds
[2026-04-08T10:50:07.818+0000] {processor.py:161} INFO - Started process (PID=2685) to work on /home/airflow/.local/lib/python3.8/site-packages/airflow/example_dags/plugins/event_listener.py
[2026-04-08T10:50:07.819+0000] {processor.py:830} INFO - Processing file /home/airflow/.local/lib/python3.8/site-packages/airflow/example_dags/plugins/event_listener.py for tasks to queue
[2026-04-08T10:50:07.822+0000] {logging_mixin.py:188} INFO - [2026-04-08T10:50:07.822+0000] {dagbag.py:538} INFO - Filling up the DagBag from /home/airflow/.local/lib/python3.8/site-packages/airflow/example_dags/plugins/event_listener.py
[2026-04-08T10:50:07.824+0000] {processor.py:842} WARNING - No viable dags retrieved from /home/airflow/.local/lib/python3.8/site-packages/airflow/example_dags/plugins/event_listener.py
[2026-04-08T10:50:07.838+0000] {processor.py:183} INFO - Processing /home/airflow/.local/lib/python3.8/site-packages/airflow/example_dags/plugins/event_listener.py took 0.023 seconds
[2026-04-08T10:50:38.227+0000] {processor.py:161} INFO - Started process (PID=2743) to work on /home/airflow/.local/lib/python3.8/site-packages/airflow/example_dags/plugins/event_listener.py
[2026-04-08T10:50:38.228+0000] {processor.py:830} INFO - Processing file /home/airflow/.local/lib/python3.8/site-packages/airflow/example_dags/plugins/event_listener.py for tasks to queue
[2026-04-08T10:50:38.230+0000] {logging_mixin.py:188} INFO - [2026-04-08T10:50:38.229+0000] {dagbag.py:538} INFO - Filling up the DagBag from /home/airflow/.local/lib/python3.8/site-packages/airflow/example_dags/plugins/event_listener.py
[2026-04-08T10:50:38.232+0000] {processor.py:842} WARNING - No viable dags retrieved from /home/airflow/.local/lib/python3.8/site-packages/airflow/example_dags/plugins/event_listener.py
[2026-04-08T10:50:38.255+0000] {processor.py:183} INFO - Processing /home/airflow/.local/lib/python3.8/site-packages/airflow/example_dags/plugins/event_listener.py took 0.032 seconds
[2026-04-08T10:51:09.339+0000] {processor.py:161} INFO - Started process (PID=2801) to work on /home/airflow/.local/lib/python3.8/site-packages/airflow/example_dags/plugins/event_listener.py
[2026-04-08T10:51:09.340+0000] {processor.py:830} INFO - Processing file /home/airflow/.local/lib/python3.8/site-packages/airflow/example_dags/plugins/event_listener.py for tasks to queue
[2026-04-08T10:51:09.342+0000] {logging_mixin.py:188} INFO - [2026-04-08T10:51:09.342+0000] {dagbag.py:538} INFO - Filling up the DagBag from /home/airflow/.local/lib/python3.8/site-packages/airflow/example_dags/plugins/event_listener.py
[2026-04-08T10:51:09.348+0000] {processor.py:842} WARNING - No viable dags retrieved from /home/airflow/.local/lib/python3.8/site-packages/airflow/example_dags/plugins/event_listener.py
[2026-04-08T10:51:09.382+0000] {processor.py:183} INFO - Processing /home/airflow/.local/lib/python3.8/site-packages/airflow/example_dags/plugins/event_listener.py took 0.047 seconds
[2026-04-08T10:51:39.621+0000] {processor.py:161} INFO - Started process (PID=2858) to work on /home/airflow/.local/lib/python3.8/site-packages/airflow/example_dags/plugins/event_listener.py
[2026-04-08T10:51:39.622+0000] {processor.py:830} INFO - Processing file /home/airflow/.local/lib/python3.8/site-packages/airflow/example_dags/plugins/event_listener.py for tasks to queue
[2026-04-08T10:51:39.624+0000] {logging_mixin.py:188} INFO - [2026-04-08T10:51:39.624+0000] {dagbag.py:538} INFO - Filling up the DagBag from /home/airflow/.local/lib/python3.8/site-packages/airflow/example_dags/plugins/event_listener.py
[2026-04-08T10:51:39.627+0000] {processor.py:842} WARNING - No viable dags retrieved from /home/airflow/.local/lib/python3.8/site-packages/airflow/example_dags/plugins/event_listener.py
[2026-04-08T10:51:39.641+0000] {processor.py:183} INFO - Processing /home/airflow/.local/lib/python3.8/site-packages/airflow/example_dags/plugins/event_listener.py took 0.024 seconds
[2026-04-08T10:52:10.936+0000] {processor.py:161} INFO - Started process (PID=2915) to work on /home/airflow/.local/lib/python3.8/site-packages/airflow/example_dags/plugins/event_listener.py
[2026-04-08T10:52:10.937+0000] {processor.py:830} INFO - Processing file /home/airflow/.local/lib/python3.8/site-packages/airflow/example_dags/plugins/event_listener.py for tasks to queue
[2026-04-08T10:52:10.942+0000] {logging_mixin.py:188} INFO - [2026-04-08T10:52:10.942+0000] {dagbag.py:538} INFO - Filling up the DagBag from /home/airflow/.local/lib/python3.8/site-packages/airflow/example_dags/plugins/event_listener.py
[2026-04-08T10:52:10.945+0000] {processor.py:842} WARNING - No viable dags retrieved from /home/airflow/.local/lib/python3.8/site-packages/airflow/example_dags/plugins/event_listener.py
[2026-04-08T10:52:10.972+0000] {processor.py:183} INFO - Processing /home/airflow/.local/lib/python3.8/site-packages/airflow/example_dags/plugins/event_listener.py took 0.039 seconds
[2026-04-08T10:52:42.040+0000] {processor.py:161} INFO - Started process (PID=2972) to work on /home/airflow/.local/lib/python3.8/site-packages/airflow/example_dags/plugins/event_listener.py
[2026-04-08T10:52:42.041+0000] {processor.py:830} INFO - Processing file /home/airflow/.local/lib/python3.8/site-packages/airflow/example_dags/plugins/event_listener.py for tasks to queue
[2026-04-08T10:52:42.044+0000] {logging_mixin.py:188} INFO - [2026-04-08T10:52:42.043+0000] {dagbag.py:538} INFO - Filling up the DagBag from /home/airflow/.local/lib/python3.8/site-packages/airflow/example_dags/plugins/event_listener.py
[2026-04-08T10:52:42.046+0000] {processor.py:842} WARNING - No viable dags retrieved from /home/airflow/.local/lib/python3.8/site-packages/airflow/example_dags/plugins/event_listener.py
[2026-04-08T10:52:42.070+0000] {processor.py:183} INFO - Processing /home/airflow/.local/lib/python3.8/site-packages/airflow/example_dags/plugins/event_listener.py took 0.033 seconds
[2026-04-08T10:53:12.982+0000] {processor.py:161} INFO - Started process (PID=3029) to work on /home/airflow/.local/lib/python3.8/site-packages/airflow/example_dags/plugins/event_listener.py
[2026-04-08T10:53:12.983+0000] {processor.py:830} INFO - Processing file /home/airflow/.local/lib/python3.8/site-packages/airflow/example_dags/plugins/event_listener.py for tasks to queue
[2026-04-08T10:53:12.986+0000] {logging_mixin.py:188} INFO - [2026-04-08T10:53:12.985+0000] {dagbag.py:538} INFO - Filling up the DagBag from /home/airflow/.local/lib/python3.8/site-packages/airflow/example_dags/plugins/event_listener.py
[2026-04-08T10:53:12.988+0000] {processor.py:842} WARNING - No viable dags retrieved from /home/airflow/.local/lib/python3.8/site-packages/airflow/example_dags/plugins/event_listener.py
[2026-04-08T10:53:13.001+0000] {processor.py:183} INFO - Processing /home/airflow/.local/lib/python3.8/site-packages/airflow/example_dags/plugins/event_listener.py took 0.022 seconds
[2026-04-08T10:53:43.860+0000] {processor.py:161} INFO - Started process (PID=3086) to work on /home/airflow/.local/lib/python3.8/site-packages/airflow/example_dags/plugins/event_listener.py
[2026-04-08T10:53:43.860+0000] {processor.py:830} INFO - Processing file /home/airflow/.local/lib/python3.8/site-packages/airflow/example_dags/plugins/event_listener.py for tasks to queue
[2026-04-08T10:53:43.862+0000] {logging_mixin.py:188} INFO - [2026-04-08T10:53:43.862+0000] {dagbag.py:538} INFO - Filling up the DagBag from /home/airflow/.local/lib/python3.8/site-packages/airflow/example_dags/plugins/event_listener.py
[2026-04-08T10:53:43.864+0000] {processor.py:842} WARNING - No viable dags retrieved from /home/airflow/.local/lib/python3.8/site-packages/airflow/example_dags/plugins/event_listener.py
[2026-04-08T10:53:43.877+0000] {processor.py:183} INFO - Processing /home/airflow/.local/lib/python3.8/site-packages/airflow/example_dags/plugins/event_listener.py took 0.020 seconds
[2026-04-08T10:54:14.775+0000] {processor.py:161} INFO - Started process (PID=3143) to work on /home/airflow/.local/lib/python3.8/site-packages/airflow/example_dags/plugins/event_listener.py
[2026-04-08T10:54:14.776+0000] {processor.py:830} INFO - Processing file /home/airflow/.local/lib/python3.8/site-packages/airflow/example_dags/plugins/event_listener.py for tasks to queue
[2026-04-08T10:54:14.778+0000] {logging_mixin.py:188} INFO - [2026-04-08T10:54:14.778+0000] {dagbag.py:538} INFO - Filling up the DagBag from /home/airflow/.local/lib/python3.8/site-packages/airflow/example_dags/plugins/event_listener.py
[2026-04-08T10:54:14.781+0000] {processor.py:842} WARNING - No viable dags retrieved from /home/airflow/.local/lib/python3.8/site-packages/airflow/example_dags/plugins/event_listener.py
[2026-04-08T10:54:14.795+0000] {processor.py:183} INFO - Processing /home/airflow/.local/lib/python3.8/site-packages/airflow/example_dags/plugins/event_listener.py took 0.023 seconds
[2026-04-08T10:54:45.047+0000] {processor.py:161} INFO - Started process (PID=3200) to work on /home/airflow/.local/lib/python3.8/site-packages/airflow/example_dags/plugins/event_listener.py
[2026-04-08T10:54:45.048+0000] {processor.py:830} INFO - Processing file /home/airflow/.local/lib/python3.8/site-packages/airflow/example_dags/plugins/event_listener.py for tasks to queue
[2026-04-08T10:54:45.050+0000] {logging_mixin.py:188} INFO - [2026-04-08T10:54:45.050+0000] {dagbag.py:538} INFO - Filling up the DagBag from /home/airflow/.local/lib/python3.8/site-packages/airflow/example_dags/plugins/event_listener.py
[2026-04-08T10:54:45.053+0000] {processor.py:842} WARNING - No viable dags retrieved from /home/airflow/.local/lib/python3.8/site-packages/airflow/example_dags/plugins/event_listener.py
[2026-04-08T10:54:45.065+0000] {processor.py:183} INFO - Processing /home/airflow/.local/lib/python3.8/site-packages/airflow/example_dags/plugins/event_listener.py took 0.021 seconds
[2026-04-08T10:55:16.060+0000] {processor.py:161} INFO - Started process (PID=3257) to work on /home/airflow/.local/lib/python3.8/site-packages/airflow/example_dags/plugins/event_listener.py
[2026-04-08T10:55:16.061+0000] {processor.py:830} INFO - Processing file /home/airflow/.local/lib/python3.8/site-packages/airflow/example_dags/plugins/event_listener.py for tasks to queue
[2026-04-08T10:55:16.063+0000] {logging_mixin.py:188} INFO - [2026-04-08T10:55:16.063+0000] {dagbag.py:538} INFO - Filling up the DagBag from /home/airflow/.local/lib/python3.8/site-packages/airflow/example_dags/plugins/event_listener.py
[2026-04-08T10:55:16.065+0000] {processor.py:842} WARNING - No viable dags retrieved from /home/airflow/.local/lib/python3.8/site-packages/airflow/example_dags/plugins/event_listener.py
[2026-04-08T10:55:16.075+0000] {processor.py:183} INFO - Processing /home/airflow/.local/lib/python3.8/site-packages/airflow/example_dags/plugins/event_listener.py took 0.017 seconds
[2026-04-08T10:55:46.427+0000] {processor.py:161} INFO - Started process (PID=3314) to work on /home/airflow/.local/lib/python3.8/site-packages/airflow/example_dags/plugins/event_listener.py
[2026-04-08T10:55:46.427+0000] {processor.py:830} INFO - Processing file /home/airflow/.local/lib/python3.8/site-packages/airflow/example_dags/plugins/event_listener.py for tasks to queue
[2026-04-08T10:55:46.430+0000] {logging_mixin.py:188} INFO - [2026-04-08T10:55:46.429+0000] {dagbag.py:538} INFO - Filling up the DagBag from /home/airflow/.local/lib/python3.8/site-packages/airflow/example_dags/plugins/event_listener.py
[2026-04-08T10:55:46.434+0000] {processor.py:842} WARNING - No viable dags retrieved from /home/airflow/.local/lib/python3.8/site-packages/airflow/example_dags/plugins/event_listener.py
[2026-04-08T10:55:46.470+0000] {processor.py:183} INFO - Processing /home/airflow/.local/lib/python3.8/site-packages/airflow/example_dags/plugins/event_listener.py took 0.047 seconds
[2026-04-08T10:56:17.339+0000] {processor.py:161} INFO - Started process (PID=3371) to work on /home/airflow/.local/lib/python3.8/site-packages/airflow/example_dags/plugins/event_listener.py
[2026-04-08T10:56:17.340+0000] {processor.py:830} INFO - Processing file /home/airflow/.local/lib/python3.8/site-packages/airflow/example_dags/plugins/event_listener.py for tasks to queue
[2026-04-08T10:56:17.342+0000] {logging_mixin.py:188} INFO - [2026-04-08T10:56:17.342+0000] {dagbag.py:538} INFO - Filling up the DagBag from /home/airflow/.local/lib/python3.8/site-packages/airflow/example_dags/plugins/event_listener.py
[2026-04-08T10:56:17.345+0000] {processor.py:842} WARNING - No viable dags retrieved from /home/airflow/.local/lib/python3.8/site-packages/airflow/example_dags/plugins/event_listener.py
[2026-04-08T10:56:17.358+0000] {processor.py:183} INFO - Processing /home/airflow/.local/lib/python3.8/site-packages/airflow/example_dags/plugins/event_listener.py took 0.022 seconds
[2026-04-08T10:56:47.716+0000] {processor.py:161} INFO - Started process (PID=3427) to work on /home/airflow/.local/lib/python3.8/site-packages/airflow/example_dags/plugins/event_listener.py
[2026-04-08T10:56:47.717+0000] {processor.py:830} INFO - Processing file /home/airflow/.local/lib/python3.8/site-packages/airflow/example_dags/plugins/event_listener.py for tasks to queue
[2026-04-08T10:56:47.719+0000] {logging_mixin.py:188} INFO - [2026-04-08T10:56:47.719+0000] {dagbag.py:538} INFO - Filling up the DagBag from /home/airflow/.local/lib/python3.8/site-packages/airflow/example_dags/plugins/event_listener.py
[2026-04-08T10:56:47.722+0000] {processor.py:842} WARNING - No viable dags retrieved from /home/airflow/.local/lib/python3.8/site-packages/airflow/example_dags/plugins/event_listener.py
[2026-04-08T10:56:47.735+0000] {processor.py:183} INFO - Processing /home/airflow/.local/lib/python3.8/site-packages/airflow/example_dags/plugins/event_listener.py took 0.022 seconds
[2026-04-08T10:57:18.755+0000] {processor.py:161} INFO - Started process (PID=3484) to work on /home/airflow/.local/lib/python3.8/site-packages/airflow/example_dags/plugins/event_listener.py
[2026-04-08T10:57:18.756+0000] {processor.py:830} INFO - Processing file /home/airflow/.local/lib/python3.8/site-packages/airflow/example_dags/plugins/event_listener.py for tasks to queue
[2026-04-08T10:57:18.758+0000] {logging_mixin.py:188} INFO - [2026-04-08T10:57:18.758+0000] {dagbag.py:538} INFO - Filling up the DagBag from /home/airflow/.local/lib/python3.8/site-packages/airflow/example_dags/plugins/event_listener.py
[2026-04-08T10:57:18.760+0000] {processor.py:842} WARNING - No viable dags retrieved from /home/airflow/.local/lib/python3.8/site-packages/airflow/example_dags/plugins/event_listener.py
[2026-04-08T10:57:18.773+0000] {processor.py:183} INFO - Processing /home/airflow/.local/lib/python3.8/site-packages/airflow/example_dags/plugins/event_listener.py took 0.022 seconds
[2026-04-08T10:57:49.814+0000] {processor.py:161} INFO - Started process (PID=3541) to work on /home/airflow/.local/lib/python3.8/site-packages/airflow/example_dags/plugins/event_listener.py
[2026-04-08T10:57:49.815+0000] {processor.py:830} INFO - Processing file /home/airflow/.local/lib/python3.8/site-packages/airflow/example_dags/plugins/event_listener.py for tasks to queue
[2026-04-08T10:57:49.817+0000] {logging_mixin.py:188} INFO - [2026-04-08T10:57:49.817+0000] {dagbag.py:538} INFO - Filling up the DagBag from /home/airflow/.local/lib/python3.8/site-packages/airflow/example_dags/plugins/event_listener.py
[2026-04-08T10:57:49.819+0000] {processor.py:842} WARNING - No viable dags retrieved from /home/airflow/.local/lib/python3.8/site-packages/airflow/example_dags/plugins/event_listener.py
[2026-04-08T10:57:49.836+0000] {processor.py:183} INFO - Processing /home/airflow/.local/lib/python3.8/site-packages/airflow/example_dags/plugins/event_listener.py took 0.025 seconds
[2026-04-08T10:58:19.983+0000] {processor.py:161} INFO - Started process (PID=3598) to work on /home/airflow/.local/lib/python3.8/site-packages/airflow/example_dags/plugins/event_listener.py
[2026-04-08T10:58:19.984+0000] {processor.py:830} INFO - Processing file /home/airflow/.local/lib/python3.8/site-packages/airflow/example_dags/plugins/event_listener.py for tasks to queue
[2026-04-08T10:58:19.986+0000] {logging_mixin.py:188} INFO - [2026-04-08T10:58:19.986+0000] {dagbag.py:538} INFO - Filling up the DagBag from /home/airflow/.local/lib/python3.8/site-packages/airflow/example_dags/plugins/event_listener.py
[2026-04-08T10:58:19.988+0000] {processor.py:842} WARNING - No viable dags retrieved from /home/airflow/.local/lib/python3.8/site-packages/airflow/example_dags/plugins/event_listener.py
[2026-04-08T10:58:20.001+0000] {processor.py:183} INFO - Processing /home/airflow/.local/lib/python3.8/site-packages/airflow/example_dags/plugins/event_listener.py took 0.022 seconds
[2026-04-08T10:58:50.867+0000] {processor.py:161} INFO - Started process (PID=3655) to work on /home/airflow/.local/lib/python3.8/site-packages/airflow/example_dags/plugins/event_listener.py
[2026-04-08T10:58:50.868+0000] {processor.py:830} INFO - Processing file /home/airflow/.local/lib/python3.8/site-packages/airflow/example_dags/plugins/event_listener.py for tasks to queue
[2026-04-08T10:58:50.870+0000] {logging_mixin.py:188} INFO - [2026-04-08T10:58:50.870+0000] {dagbag.py:538} INFO - Filling up the DagBag from /home/airflow/.local/lib/python3.8/site-packages/airflow/example_dags/plugins/event_listener.py
[2026-04-08T10:58:50.872+0000] {processor.py:842} WARNING - No viable dags retrieved from /home/airflow/.local/lib/python3.8/site-packages/airflow/example_dags/plugins/event_listener.py
[2026-04-08T10:58:50.884+0000] {processor.py:183} INFO - Processing /home/airflow/.local/lib/python3.8/site-packages/airflow/example_dags/plugins/event_listener.py took 0.020 seconds
[2026-04-08T10:59:22.252+0000] {processor.py:161} INFO - Started process (PID=3712) to work on /home/airflow/.local/lib/python3.8/site-packages/airflow/example_dags/plugins/event_listener.py
[2026-04-08T10:59:22.253+0000] {processor.py:830} INFO - Processing file /home/airflow/.local/lib/python3.8/site-packages/airflow/example_dags/plugins/event_listener.py for tasks to queue
[2026-04-08T10:59:22.255+0000] {logging_mixin.py:188} INFO - [2026-04-08T10:59:22.255+0000] {dagbag.py:538} INFO - Filling up the DagBag from /home/airflow/.local/lib/python3.8/site-packages/airflow/example_dags/plugins/event_listener.py
[2026-04-08T10:59:22.258+0000] {processor.py:842} WARNING - No viable dags retrieved from /home/airflow/.local/lib/python3.8/site-packages/airflow/example_dags/plugins/event_listener.py
[2026-04-08T10:59:22.283+0000] {processor.py:183} INFO - Processing /home/airflow/.local/lib/python3.8/site-packages/airflow/example_dags/plugins/event_listener.py took 0.035 seconds
[2026-04-08T10:59:53.182+0000] {processor.py:161} INFO - Started process (PID=3769) to work on /home/airflow/.local/lib/python3.8/site-packages/airflow/example_dags/plugins/event_listener.py
[2026-04-08T10:59:53.183+0000] {processor.py:830} INFO - Processing file /home/airflow/.local/lib/python3.8/site-packages/airflow/example_dags/plugins/event_listener.py for tasks to queue
[2026-04-08T10:59:53.185+0000] {logging_mixin.py:188} INFO - [2026-04-08T10:59:53.185+0000] {dagbag.py:538} INFO - Filling up the DagBag from /home/airflow/.local/lib/python3.8/site-packages/airflow/example_dags/plugins/event_listener.py
[2026-04-08T10:59:53.188+0000] {processor.py:842} WARNING - No viable dags retrieved from /home/airflow/.local/lib/python3.8/site-packages/airflow/example_dags/plugins/event_listener.py
[2026-04-08T10:59:53.202+0000] {processor.py:183} INFO - Processing /home/airflow/.local/lib/python3.8/site-packages/airflow/example_dags/plugins/event_listener.py took 0.023 seconds
[2026-04-08T11:00:24.195+0000] {processor.py:161} INFO - Started process (PID=3826) to work on /home/airflow/.local/lib/python3.8/site-packages/airflow/example_dags/plugins/event_listener.py
[2026-04-08T11:00:24.196+0000] {processor.py:830} INFO - Processing file /home/airflow/.local/lib/python3.8/site-packages/airflow/example_dags/plugins/event_listener.py for tasks to queue
[2026-04-08T11:00:24.198+0000] {logging_mixin.py:188} INFO - [2026-04-08T11:00:24.198+0000] {dagbag.py:538} INFO - Filling up the DagBag from /home/airflow/.local/lib/python3.8/site-packages/airflow/example_dags/plugins/event_listener.py
[2026-04-08T11:00:24.200+0000] {processor.py:842} WARNING - No viable dags retrieved from /home/airflow/.local/lib/python3.8/site-packages/airflow/example_dags/plugins/event_listener.py
[2026-04-08T11:00:24.215+0000] {processor.py:183} INFO - Processing /home/airflow/.local/lib/python3.8/site-packages/airflow/example_dags/plugins/event_listener.py took 0.024 seconds
[2026-04-08T11:00:55.198+0000] {processor.py:161} INFO - Started process (PID=3883) to work on /home/airflow/.local/lib/python3.8/site-packages/airflow/example_dags/plugins/event_listener.py
[2026-04-08T11:00:55.199+0000] {processor.py:830} INFO - Processing file /home/airflow/.local/lib/python3.8/site-packages/airflow/example_dags/plugins/event_listener.py for tasks to queue
[2026-04-08T11:00:55.201+0000] {logging_mixin.py:188} INFO - [2026-04-08T11:00:55.201+0000] {dagbag.py:538} INFO - Filling up the DagBag from /home/airflow/.local/lib/python3.8/site-packages/airflow/example_dags/plugins/event_listener.py
[2026-04-08T11:00:55.204+0000] {processor.py:842} WARNING - No viable dags retrieved from /home/airflow/.local/lib/python3.8/site-packages/airflow/example_dags/plugins/event_listener.py
[2026-04-08T11:00:55.217+0000] {processor.py:183} INFO - Processing /home/airflow/.local/lib/python3.8/site-packages/airflow/example_dags/plugins/event_listener.py took 0.023 seconds
[2026-04-08T11:01:25.794+0000] {processor.py:161} INFO - Started process (PID=3946) to work on /home/airflow/.local/lib/python3.8/site-packages/airflow/example_dags/plugins/event_listener.py
[2026-04-08T11:01:25.795+0000] {processor.py:830} INFO - Processing file /home/airflow/.local/lib/python3.8/site-packages/airflow/example_dags/plugins/event_listener.py for tasks to queue
[2026-04-08T11:01:25.797+0000] {logging_mixin.py:188} INFO - [2026-04-08T11:01:25.796+0000] {dagbag.py:538} INFO - Filling up the DagBag from /home/airflow/.local/lib/python3.8/site-packages/airflow/example_dags/plugins/event_listener.py
[2026-04-08T11:01:25.799+0000] {processor.py:842} WARNING - No viable dags retrieved from /home/airflow/.local/lib/python3.8/site-packages/airflow/example_dags/plugins/event_listener.py
[2026-04-08T11:01:25.816+0000] {processor.py:183} INFO - Processing /home/airflow/.local/lib/python3.8/site-packages/airflow/example_dags/plugins/event_listener.py took 0.025 seconds
[2026-04-08T11:01:56.428+0000] {processor.py:161} INFO - Started process (PID=4002) to work on /home/airflow/.local/lib/python3.8/site-packages/airflow/example_dags/plugins/event_listener.py
[2026-04-08T11:01:56.429+0000] {processor.py:830} INFO - Processing file /home/airflow/.local/lib/python3.8/site-packages/airflow/example_dags/plugins/event_listener.py for tasks to queue
[2026-04-08T11:01:56.430+0000] {logging_mixin.py:188} INFO - [2026-04-08T11:01:56.430+0000] {dagbag.py:538} INFO - Filling up the DagBag from /home/airflow/.local/lib/python3.8/site-packages/airflow/example_dags/plugins/event_listener.py
[2026-04-08T11:01:56.432+0000] {processor.py:842} WARNING - No viable dags retrieved from /home/airflow/.local/lib/python3.8/site-packages/airflow/example_dags/plugins/event_listener.py
[2026-04-08T11:01:56.444+0000] {processor.py:183} INFO - Processing /home/airflow/.local/lib/python3.8/site-packages/airflow/example_dags/plugins/event_listener.py took 0.019 seconds
[2026-04-08T11:02:27.037+0000] {processor.py:161} INFO - Started process (PID=4059) to work on /home/airflow/.local/lib/python3.8/site-packages/airflow/example_dags/plugins/event_listener.py
[2026-04-08T11:02:27.038+0000] {processor.py:830} INFO - Processing file /home/airflow/.local/lib/python3.8/site-packages/airflow/example_dags/plugins/event_listener.py for tasks to queue
[2026-04-08T11:02:27.040+0000] {logging_mixin.py:188} INFO - [2026-04-08T11:02:27.040+0000] {dagbag.py:538} INFO - Filling up the DagBag from /home/airflow/.local/lib/python3.8/site-packages/airflow/example_dags/plugins/event_listener.py
[2026-04-08T11:02:27.043+0000] {processor.py:842} WARNING - No viable dags retrieved from /home/airflow/.local/lib/python3.8/site-packages/airflow/example_dags/plugins/event_listener.py
[2026-04-08T11:02:27.056+0000] {processor.py:183} INFO - Processing /home/airflow/.local/lib/python3.8/site-packages/airflow/example_dags/plugins/event_listener.py took 0.022 seconds
[2026-04-08T11:02:57.709+0000] {processor.py:161} INFO - Started process (PID=4116) to work on /home/airflow/.local/lib/python3.8/site-packages/airflow/example_dags/plugins/event_listener.py
[2026-04-08T11:02:57.710+0000] {processor.py:830} INFO - Processing file /home/airflow/.local/lib/python3.8/site-packages/airflow/example_dags/plugins/event_listener.py for tasks to queue
[2026-04-08T11:02:57.712+0000] {logging_mixin.py:188} INFO - [2026-04-08T11:02:57.712+0000] {dagbag.py:538} INFO - Filling up the DagBag from /home/airflow/.local/lib/python3.8/site-packages/airflow/example_dags/plugins/event_listener.py
[2026-04-08T11:02:57.715+0000] {processor.py:842} WARNING - No viable dags retrieved from /home/airflow/.local/lib/python3.8/site-packages/airflow/example_dags/plugins/event_listener.py
[2026-04-08T11:02:57.730+0000] {processor.py:183} INFO - Processing /home/airflow/.local/lib/python3.8/site-packages/airflow/example_dags/plugins/event_listener.py took 0.025 seconds
[2026-04-08T11:03:28.365+0000] {processor.py:161} INFO - Started process (PID=4173) to work on /home/airflow/.local/lib/python3.8/site-packages/airflow/example_dags/plugins/event_listener.py
[2026-04-08T11:03:28.365+0000] {processor.py:830} INFO - Processing file /home/airflow/.local/lib/python3.8/site-packages/airflow/example_dags/plugins/event_listener.py for tasks to queue
[2026-04-08T11:03:28.367+0000] {logging_mixin.py:188} INFO - [2026-04-08T11:03:28.367+0000] {dagbag.py:538} INFO - Filling up the DagBag from /home/airflow/.local/lib/python3.8/site-packages/airflow/example_dags/plugins/event_listener.py
[2026-04-08T11:03:28.369+0000] {processor.py:842} WARNING - No viable dags retrieved from /home/airflow/.local/lib/python3.8/site-packages/airflow/example_dags/plugins/event_listener.py
[2026-04-08T11:03:28.385+0000] {processor.py:183} INFO - Processing /home/airflow/.local/lib/python3.8/site-packages/airflow/example_dags/plugins/event_listener.py took 0.024 seconds
[2026-04-08T11:03:59.419+0000] {processor.py:161} INFO - Started process (PID=4230) to work on /home/airflow/.local/lib/python3.8/site-packages/airflow/example_dags/plugins/event_listener.py
[2026-04-08T11:03:59.421+0000] {processor.py:830} INFO - Processing file /home/airflow/.local/lib/python3.8/site-packages/airflow/example_dags/plugins/event_listener.py for tasks to queue
[2026-04-08T11:03:59.423+0000] {logging_mixin.py:188} INFO - [2026-04-08T11:03:59.422+0000] {dagbag.py:538} INFO - Filling up the DagBag from /home/airflow/.local/lib/python3.8/site-packages/airflow/example_dags/plugins/event_listener.py
[2026-04-08T11:03:59.425+0000] {processor.py:842} WARNING - No viable dags retrieved from /home/airflow/.local/lib/python3.8/site-packages/airflow/example_dags/plugins/event_listener.py
[2026-04-08T11:03:59.438+0000] {processor.py:183} INFO - Processing /home/airflow/.local/lib/python3.8/site-packages/airflow/example_dags/plugins/event_listener.py took 0.022 seconds
[2026-04-08T11:04:30.309+0000] {processor.py:161} INFO - Started process (PID=4288) to work on /home/airflow/.local/lib/python3.8/site-packages/airflow/example_dags/plugins/event_listener.py
[2026-04-08T11:04:30.310+0000] {processor.py:830} INFO - Processing file /home/airflow/.local/lib/python3.8/site-packages/airflow/example_dags/plugins/event_listener.py for tasks to queue
[2026-04-08T11:04:30.312+0000] {logging_mixin.py:188} INFO - [2026-04-08T11:04:30.312+0000] {dagbag.py:538} INFO - Filling up the DagBag from /home/airflow/.local/lib/python3.8/site-packages/airflow/example_dags/plugins/event_listener.py
[2026-04-08T11:04:30.314+0000] {processor.py:842} WARNING - No viable dags retrieved from /home/airflow/.local/lib/python3.8/site-packages/airflow/example_dags/plugins/event_listener.py
[2026-04-08T11:04:30.342+0000] {processor.py:183} INFO - Processing /home/airflow/.local/lib/python3.8/site-packages/airflow/example_dags/plugins/event_listener.py took 0.036 seconds
[2026-04-08T11:05:00.969+0000] {processor.py:161} INFO - Started process (PID=4345) to work on /home/airflow/.local/lib/python3.8/site-packages/airflow/example_dags/plugins/event_listener.py
[2026-04-08T11:05:00.969+0000] {processor.py:830} INFO - Processing file /home/airflow/.local/lib/python3.8/site-packages/airflow/example_dags/plugins/event_listener.py for tasks to queue
[2026-04-08T11:05:00.971+0000] {logging_mixin.py:188} INFO - [2026-04-08T11:05:00.971+0000] {dagbag.py:538} INFO - Filling up the DagBag from /home/airflow/.local/lib/python3.8/site-packages/airflow/example_dags/plugins/event_listener.py
[2026-04-08T11:05:00.974+0000] {processor.py:842} WARNING - No viable dags retrieved from /home/airflow/.local/lib/python3.8/site-packages/airflow/example_dags/plugins/event_listener.py
[2026-04-08T11:05:00.987+0000] {processor.py:183} INFO - Processing /home/airflow/.local/lib/python3.8/site-packages/airflow/example_dags/plugins/event_listener.py took 0.022 seconds
[2026-04-08T11:05:31.830+0000] {processor.py:161} INFO - Started process (PID=4402) to work on /home/airflow/.local/lib/python3.8/site-packages/airflow/example_dags/plugins/event_listener.py
[2026-04-08T11:05:31.832+0000] {processor.py:830} INFO - Processing file /home/airflow/.local/lib/python3.8/site-packages/airflow/example_dags/plugins/event_listener.py for tasks to queue
[2026-04-08T11:05:31.836+0000] {logging_mixin.py:188} INFO - [2026-04-08T11:05:31.836+0000] {dagbag.py:538} INFO - Filling up the DagBag from /home/airflow/.local/lib/python3.8/site-packages/airflow/example_dags/plugins/event_listener.py
[2026-04-08T11:05:31.839+0000] {processor.py:842} WARNING - No viable dags retrieved from /home/airflow/.local/lib/python3.8/site-packages/airflow/example_dags/plugins/event_listener.py
[2026-04-08T11:05:31.863+0000] {processor.py:183} INFO - Processing /home/airflow/.local/lib/python3.8/site-packages/airflow/example_dags/plugins/event_listener.py took 0.048 seconds
[2026-04-08T11:06:02.044+0000] {processor.py:161} INFO - Started process (PID=4459) to work on /home/airflow/.local/lib/python3.8/site-packages/airflow/example_dags/plugins/event_listener.py
[2026-04-08T11:06:02.044+0000] {processor.py:830} INFO - Processing file /home/airflow/.local/lib/python3.8/site-packages/airflow/example_dags/plugins/event_listener.py for tasks to queue
[2026-04-08T11:06:02.046+0000] {logging_mixin.py:188} INFO - [2026-04-08T11:06:02.046+0000] {dagbag.py:538} INFO - Filling up the DagBag from /home/airflow/.local/lib/python3.8/site-packages/airflow/example_dags/plugins/event_listener.py
[2026-04-08T11:06:02.048+0000] {processor.py:842} WARNING - No viable dags retrieved from /home/airflow/.local/lib/python3.8/site-packages/airflow/example_dags/plugins/event_listener.py
[2026-04-08T11:06:02.059+0000] {processor.py:183} INFO - Processing /home/airflow/.local/lib/python3.8/site-packages/airflow/example_dags/plugins/event_listener.py took 0.018 seconds
[2026-04-08T11:06:32.891+0000] {processor.py:161} INFO - Started process (PID=4516) to work on /home/airflow/.local/lib/python3.8/site-packages/airflow/example_dags/plugins/event_listener.py
[2026-04-08T11:06:32.892+0000] {processor.py:830} INFO - Processing file /home/airflow/.local/lib/python3.8/site-packages/airflow/example_dags/plugins/event_listener.py for tasks to queue
[2026-04-08T11:06:32.894+0000] {logging_mixin.py:188} INFO - [2026-04-08T11:06:32.894+0000] {dagbag.py:538} INFO - Filling up the DagBag from /home/airflow/.local/lib/python3.8/site-packages/airflow/example_dags/plugins/event_listener.py
[2026-04-08T11:06:32.897+0000] {processor.py:842} WARNING - No viable dags retrieved from /home/airflow/.local/lib/python3.8/site-packages/airflow/example_dags/plugins/event_listener.py
[2026-04-08T11:06:32.908+0000] {processor.py:183} INFO - Processing /home/airflow/.local/lib/python3.8/site-packages/airflow/example_dags/plugins/event_listener.py took 0.021 seconds
[2026-04-08T11:07:03.861+0000] {processor.py:161} INFO - Started process (PID=4573) to work on /home/airflow/.local/lib/python3.8/site-packages/airflow/example_dags/plugins/event_listener.py
[2026-04-08T11:07:03.862+0000] {processor.py:830} INFO - Processing file /home/airflow/.local/lib/python3.8/site-packages/airflow/example_dags/plugins/event_listener.py for tasks to queue
[2026-04-08T11:07:03.864+0000] {logging_mixin.py:188} INFO - [2026-04-08T11:07:03.864+0000] {dagbag.py:538} INFO - Filling up the DagBag from /home/airflow/.local/lib/python3.8/site-packages/airflow/example_dags/plugins/event_listener.py
[2026-04-08T11:07:03.866+0000] {processor.py:842} WARNING - No viable dags retrieved from /home/airflow/.local/lib/python3.8/site-packages/airflow/example_dags/plugins/event_listener.py
[2026-04-08T11:07:03.881+0000] {processor.py:183} INFO - Processing /home/airflow/.local/lib/python3.8/site-packages/airflow/example_dags/plugins/event_listener.py took 0.023 seconds
[2026-04-08T11:07:34.833+0000] {processor.py:161} INFO - Started process (PID=4630) to work on /home/airflow/.local/lib/python3.8/site-packages/airflow/example_dags/plugins/event_listener.py
[2026-04-08T11:07:34.833+0000] {processor.py:830} INFO - Processing file /home/airflow/.local/lib/python3.8/site-packages/airflow/example_dags/plugins/event_listener.py for tasks to queue
[2026-04-08T11:07:34.835+0000] {logging_mixin.py:188} INFO - [2026-04-08T11:07:34.835+0000] {dagbag.py:538} INFO - Filling up the DagBag from /home/airflow/.local/lib/python3.8/site-packages/airflow/example_dags/plugins/event_listener.py
[2026-04-08T11:07:34.838+0000] {processor.py:842} WARNING - No viable dags retrieved from /home/airflow/.local/lib/python3.8/site-packages/airflow/example_dags/plugins/event_listener.py
[2026-04-08T11:07:34.851+0000] {processor.py:183} INFO - Processing /home/airflow/.local/lib/python3.8/site-packages/airflow/example_dags/plugins/event_listener.py took 0.021 seconds
[2026-04-08T11:08:05.838+0000] {processor.py:161} INFO - Started process (PID=4686) to work on /home/airflow/.local/lib/python3.8/site-packages/airflow/example_dags/plugins/event_listener.py
[2026-04-08T11:08:05.839+0000] {processor.py:830} INFO - Processing file /home/airflow/.local/lib/python3.8/site-packages/airflow/example_dags/plugins/event_listener.py for tasks to queue
[2026-04-08T11:08:05.841+0000] {logging_mixin.py:188} INFO - [2026-04-08T11:08:05.841+0000] {dagbag.py:538} INFO - Filling up the DagBag from /home/airflow/.local/lib/python3.8/site-packages/airflow/example_dags/plugins/event_listener.py
[2026-04-08T11:08:05.844+0000] {processor.py:842} WARNING - No viable dags retrieved from /home/airflow/.local/lib/python3.8/site-packages/airflow/example_dags/plugins/event_listener.py
[2026-04-08T11:08:05.862+0000] {processor.py:183} INFO - Processing /home/airflow/.local/lib/python3.8/site-packages/airflow/example_dags/plugins/event_listener.py took 0.027 seconds
[2026-04-08T11:08:36.110+0000] {processor.py:161} INFO - Started process (PID=4743) to work on /home/airflow/.local/lib/python3.8/site-packages/airflow/example_dags/plugins/event_listener.py
[2026-04-08T11:08:36.111+0000] {processor.py:830} INFO - Processing file /home/airflow/.local/lib/python3.8/site-packages/airflow/example_dags/plugins/event_listener.py for tasks to queue
[2026-04-08T11:08:36.113+0000] {logging_mixin.py:188} INFO - [2026-04-08T11:08:36.113+0000] {dagbag.py:538} INFO - Filling up the DagBag from /home/airflow/.local/lib/python3.8/site-packages/airflow/example_dags/plugins/event_listener.py
[2026-04-08T11:08:36.116+0000] {processor.py:842} WARNING - No viable dags retrieved from /home/airflow/.local/lib/python3.8/site-packages/airflow/example_dags/plugins/event_listener.py
[2026-04-08T11:08:36.130+0000] {processor.py:183} INFO - Processing /home/airflow/.local/lib/python3.8/site-packages/airflow/example_dags/plugins/event_listener.py took 0.024 seconds
[2026-04-08T11:09:06.529+0000] {processor.py:161} INFO - Started process (PID=4800) to work on /home/airflow/.local/lib/python3.8/site-packages/airflow/example_dags/plugins/event_listener.py
[2026-04-08T11:09:06.530+0000] {processor.py:830} INFO - Processing file /home/airflow/.local/lib/python3.8/site-packages/airflow/example_dags/plugins/event_listener.py for tasks to queue
[2026-04-08T11:09:06.532+0000] {logging_mixin.py:188} INFO - [2026-04-08T11:09:06.532+0000] {dagbag.py:538} INFO - Filling up the DagBag from /home/airflow/.local/lib/python3.8/site-packages/airflow/example_dags/plugins/event_listener.py
[2026-04-08T11:09:06.535+0000] {processor.py:842} WARNING - No viable dags retrieved from /home/airflow/.local/lib/python3.8/site-packages/airflow/example_dags/plugins/event_listener.py
[2026-04-08T11:09:06.548+0000] {processor.py:183} INFO - Processing /home/airflow/.local/lib/python3.8/site-packages/airflow/example_dags/plugins/event_listener.py took 0.022 seconds
[2026-04-08T11:09:36.838+0000] {processor.py:161} INFO - Started process (PID=4857) to work on /home/airflow/.local/lib/python3.8/site-packages/airflow/example_dags/plugins/event_listener.py
[2026-04-08T11:09:36.838+0000] {processor.py:830} INFO - Processing file /home/airflow/.local/lib/python3.8/site-packages/airflow/example_dags/plugins/event_listener.py for tasks to queue
[2026-04-08T11:09:36.841+0000] {logging_mixin.py:188} INFO - [2026-04-08T11:09:36.840+0000] {dagbag.py:538} INFO - Filling up the DagBag from /home/airflow/.local/lib/python3.8/site-packages/airflow/example_dags/plugins/event_listener.py
[2026-04-08T11:09:36.843+0000] {processor.py:842} WARNING - No viable dags retrieved from /home/airflow/.local/lib/python3.8/site-packages/airflow/example_dags/plugins/event_listener.py
[2026-04-08T11:09:36.856+0000] {processor.py:183} INFO - Processing /home/airflow/.local/lib/python3.8/site-packages/airflow/example_dags/plugins/event_listener.py took 0.022 seconds
[2026-04-08T11:10:08.036+0000] {processor.py:161} INFO - Started process (PID=4914) to work on /home/airflow/.local/lib/python3.8/site-packages/airflow/example_dags/plugins/event_listener.py
[2026-04-08T11:10:08.037+0000] {processor.py:830} INFO - Processing file /home/airflow/.local/lib/python3.8/site-packages/airflow/example_dags/plugins/event_listener.py for tasks to queue
[2026-04-08T11:10:08.039+0000] {logging_mixin.py:188} INFO - [2026-04-08T11:10:08.039+0000] {dagbag.py:538} INFO - Filling up the DagBag from /home/airflow/.local/lib/python3.8/site-packages/airflow/example_dags/plugins/event_listener.py
[2026-04-08T11:10:08.042+0000] {processor.py:842} WARNING - No viable dags retrieved from /home/airflow/.local/lib/python3.8/site-packages/airflow/example_dags/plugins/event_listener.py
[2026-04-08T11:10:08.061+0000] {processor.py:183} INFO - Processing /home/airflow/.local/lib/python3.8/site-packages/airflow/example_dags/plugins/event_listener.py took 0.028 seconds
[2026-04-08T11:10:38.259+0000] {processor.py:161} INFO - Started process (PID=4971) to work on /home/airflow/.local/lib/python3.8/site-packages/airflow/example_dags/plugins/event_listener.py
[2026-04-08T11:10:38.260+0000] {processor.py:830} INFO - Processing file /home/airflow/.local/lib/python3.8/site-packages/airflow/example_dags/plugins/event_listener.py for tasks to queue
[2026-04-08T11:10:38.262+0000] {logging_mixin.py:188} INFO - [2026-04-08T11:10:38.262+0000] {dagbag.py:538} INFO - Filling up the DagBag from /home/airflow/.local/lib/python3.8/site-packages/airflow/example_dags/plugins/event_listener.py
[2026-04-08T11:10:38.264+0000] {processor.py:842} WARNING - No viable dags retrieved from /home/airflow/.local/lib/python3.8/site-packages/airflow/example_dags/plugins/event_listener.py
[2026-04-08T11:10:38.290+0000] {processor.py:183} INFO - Processing /home/airflow/.local/lib/python3.8/site-packages/airflow/example_dags/plugins/event_listener.py took 0.038 seconds
[2026-04-08T11:11:08.429+0000] {processor.py:161} INFO - Started process (PID=5028) to work on /home/airflow/.local/lib/python3.8/site-packages/airflow/example_dags/plugins/event_listener.py
[2026-04-08T11:11:08.430+0000] {processor.py:830} INFO - Processing file /home/airflow/.local/lib/python3.8/site-packages/airflow/example_dags/plugins/event_listener.py for tasks to queue
[2026-04-08T11:11:08.433+0000] {logging_mixin.py:188} INFO - [2026-04-08T11:11:08.433+0000] {dagbag.py:538} INFO - Filling up the DagBag from /home/airflow/.local/lib/python3.8/site-packages/airflow/example_dags/plugins/event_listener.py
[2026-04-08T11:11:08.435+0000] {processor.py:842} WARNING - No viable dags retrieved from /home/airflow/.local/lib/python3.8/site-packages/airflow/example_dags/plugins/event_listener.py
[2026-04-08T11:11:08.449+0000] {processor.py:183} INFO - Processing /home/airflow/.local/lib/python3.8/site-packages/airflow/example_dags/plugins/event_listener.py took 0.023 seconds
[2026-04-08T11:11:38.535+0000] {processor.py:161} INFO - Started process (PID=5085) to work on /home/airflow/.local/lib/python3.8/site-packages/airflow/example_dags/plugins/event_listener.py
[2026-04-08T11:11:38.536+0000] {processor.py:830} INFO - Processing file /home/airflow/.local/lib/python3.8/site-packages/airflow/example_dags/plugins/event_listener.py for tasks to queue
[2026-04-08T11:11:38.539+0000] {logging_mixin.py:188} INFO - [2026-04-08T11:11:38.538+0000] {dagbag.py:538} INFO - Filling up the DagBag from /home/airflow/.local/lib/python3.8/site-packages/airflow/example_dags/plugins/event_listener.py
[2026-04-08T11:11:38.541+0000] {processor.py:842} WARNING - No viable dags retrieved from /home/airflow/.local/lib/python3.8/site-packages/airflow/example_dags/plugins/event_listener.py
[2026-04-08T11:11:38.556+0000] {processor.py:183} INFO - Processing /home/airflow/.local/lib/python3.8/site-packages/airflow/example_dags/plugins/event_listener.py took 0.024 seconds
[2026-04-08T11:12:08.871+0000] {processor.py:161} INFO - Started process (PID=5142) to work on /home/airflow/.local/lib/python3.8/site-packages/airflow/example_dags/plugins/event_listener.py
[2026-04-08T11:12:08.872+0000] {processor.py:830} INFO - Processing file /home/airflow/.local/lib/python3.8/site-packages/airflow/example_dags/plugins/event_listener.py for tasks to queue
[2026-04-08T11:12:08.874+0000] {logging_mixin.py:188} INFO - [2026-04-08T11:12:08.874+0000] {dagbag.py:538} INFO - Filling up the DagBag from /home/airflow/.local/lib/python3.8/site-packages/airflow/example_dags/plugins/event_listener.py
[2026-04-08T11:12:08.876+0000] {processor.py:842} WARNING - No viable dags retrieved from /home/airflow/.local/lib/python3.8/site-packages/airflow/example_dags/plugins/event_listener.py
[2026-04-08T11:12:08.890+0000] {processor.py:183} INFO - Processing /home/airflow/.local/lib/python3.8/site-packages/airflow/example_dags/plugins/event_listener.py took 0.022 seconds
[2026-04-08T11:12:39.247+0000] {processor.py:161} INFO - Started process (PID=5198) to work on /home/airflow/.local/lib/python3.8/site-packages/airflow/example_dags/plugins/event_listener.py
[2026-04-08T11:12:39.248+0000] {processor.py:830} INFO - Processing file /home/airflow/.local/lib/python3.8/site-packages/airflow/example_dags/plugins/event_listener.py for tasks to queue
[2026-04-08T11:12:39.250+0000] {logging_mixin.py:188} INFO - [2026-04-08T11:12:39.250+0000] {dagbag.py:538} INFO - Filling up the DagBag from /home/airflow/.local/lib/python3.8/site-packages/airflow/example_dags/plugins/event_listener.py
[2026-04-08T11:12:39.253+0000] {processor.py:842} WARNING - No viable dags retrieved from /home/airflow/.local/lib/python3.8/site-packages/airflow/example_dags/plugins/event_listener.py
[2026-04-08T11:12:39.266+0000] {processor.py:183} INFO - Processing /home/airflow/.local/lib/python3.8/site-packages/airflow/example_dags/plugins/event_listener.py took 0.023 seconds
[2026-04-08T11:13:09.774+0000] {processor.py:161} INFO - Started process (PID=5256) to work on /home/airflow/.local/lib/python3.8/site-packages/airflow/example_dags/plugins/event_listener.py
[2026-04-08T11:13:09.775+0000] {processor.py:830} INFO - Processing file /home/airflow/.local/lib/python3.8/site-packages/airflow/example_dags/plugins/event_listener.py for tasks to queue
[2026-04-08T11:13:09.777+0000] {logging_mixin.py:188} INFO - [2026-04-08T11:13:09.777+0000] {dagbag.py:538} INFO - Filling up the DagBag from /home/airflow/.local/lib/python3.8/site-packages/airflow/example_dags/plugins/event_listener.py
[2026-04-08T11:13:09.780+0000] {processor.py:842} WARNING - No viable dags retrieved from /home/airflow/.local/lib/python3.8/site-packages/airflow/example_dags/plugins/event_listener.py
[2026-04-08T11:13:09.793+0000] {processor.py:183} INFO - Processing /home/airflow/.local/lib/python3.8/site-packages/airflow/example_dags/plugins/event_listener.py took 0.022 seconds
[2026-04-08T11:13:40.247+0000] {processor.py:161} INFO - Started process (PID=5313) to work on /home/airflow/.local/lib/python3.8/site-packages/airflow/example_dags/plugins/event_listener.py
[2026-04-08T11:13:40.248+0000] {processor.py:830} INFO - Processing file /home/airflow/.local/lib/python3.8/site-packages/airflow/example_dags/plugins/event_listener.py for tasks to queue
[2026-04-08T11:13:40.250+0000] {logging_mixin.py:188} INFO - [2026-04-08T11:13:40.250+0000] {dagbag.py:538} INFO - Filling up the DagBag from /home/airflow/.local/lib/python3.8/site-packages/airflow/example_dags/plugins/event_listener.py
[2026-04-08T11:13:40.253+0000] {processor.py:842} WARNING - No viable dags retrieved from /home/airflow/.local/lib/python3.8/site-packages/airflow/example_dags/plugins/event_listener.py
[2026-04-08T11:13:40.266+0000] {processor.py:183} INFO - Processing /home/airflow/.local/lib/python3.8/site-packages/airflow/example_dags/plugins/event_listener.py took 0.023 seconds
[2026-04-08T11:14:10.595+0000] {processor.py:161} INFO - Started process (PID=5370) to work on /home/airflow/.local/lib/python3.8/site-packages/airflow/example_dags/plugins/event_listener.py
[2026-04-08T11:14:10.596+0000] {processor.py:830} INFO - Processing file /home/airflow/.local/lib/python3.8/site-packages/airflow/example_dags/plugins/event_listener.py for tasks to queue
[2026-04-08T11:14:10.599+0000] {logging_mixin.py:188} INFO - [2026-04-08T11:14:10.598+0000] {dagbag.py:538} INFO - Filling up the DagBag from /home/airflow/.local/lib/python3.8/site-packages/airflow/example_dags/plugins/event_listener.py
[2026-04-08T11:14:10.601+0000] {processor.py:842} WARNING - No viable dags retrieved from /home/airflow/.local/lib/python3.8/site-packages/airflow/example_dags/plugins/event_listener.py
[2026-04-08T11:14:10.616+0000] {processor.py:183} INFO - Processing /home/airflow/.local/lib/python3.8/site-packages/airflow/example_dags/plugins/event_listener.py took 0.024 seconds
[2026-04-08T11:14:40.972+0000] {processor.py:161} INFO - Started process (PID=5427) to work on /home/airflow/.local/lib/python3.8/site-packages/airflow/example_dags/plugins/event_listener.py
[2026-04-08T11:14:40.972+0000] {processor.py:830} INFO - Processing file /home/airflow/.local/lib/python3.8/site-packages/airflow/example_dags/plugins/event_listener.py for tasks to queue
[2026-04-08T11:14:40.975+0000] {logging_mixin.py:188} INFO - [2026-04-08T11:14:40.974+0000] {dagbag.py:538} INFO - Filling up the DagBag from /home/airflow/.local/lib/python3.8/site-packages/airflow/example_dags/plugins/event_listener.py
[2026-04-08T11:14:40.977+0000] {processor.py:842} WARNING - No viable dags retrieved from /home/airflow/.local/lib/python3.8/site-packages/airflow/example_dags/plugins/event_listener.py
[2026-04-08T11:14:40.992+0000] {processor.py:183} INFO - Processing /home/airflow/.local/lib/python3.8/site-packages/airflow/example_dags/plugins/event_listener.py took 0.024 seconds
[2026-04-08T11:15:11.435+0000] {processor.py:161} INFO - Started process (PID=5484) to work on /home/airflow/.local/lib/python3.8/site-packages/airflow/example_dags/plugins/event_listener.py
[2026-04-08T11:15:11.436+0000] {processor.py:830} INFO - Processing file /home/airflow/.local/lib/python3.8/site-packages/airflow/example_dags/plugins/event_listener.py for tasks to queue
[2026-04-08T11:15:11.438+0000] {logging_mixin.py:188} INFO - [2026-04-08T11:15:11.438+0000] {dagbag.py:538} INFO - Filling up the DagBag from /home/airflow/.local/lib/python3.8/site-packages/airflow/example_dags/plugins/event_listener.py
[2026-04-08T11:15:11.440+0000] {processor.py:842} WARNING - No viable dags retrieved from /home/airflow/.local/lib/python3.8/site-packages/airflow/example_dags/plugins/event_listener.py
[2026-04-08T11:15:11.453+0000] {processor.py:183} INFO - Processing /home/airflow/.local/lib/python3.8/site-packages/airflow/example_dags/plugins/event_listener.py took 0.021 seconds
[2026-04-08T11:15:41.924+0000] {processor.py:161} INFO - Started process (PID=5541) to work on /home/airflow/.local/lib/python3.8/site-packages/airflow/example_dags/plugins/event_listener.py
[2026-04-08T11:15:41.924+0000] {processor.py:830} INFO - Processing file /home/airflow/.local/lib/python3.8/site-packages/airflow/example_dags/plugins/event_listener.py for tasks to queue
[2026-04-08T11:15:41.926+0000] {logging_mixin.py:188} INFO - [2026-04-08T11:15:41.926+0000] {dagbag.py:538} INFO - Filling up the DagBag from /home/airflow/.local/lib/python3.8/site-packages/airflow/example_dags/plugins/event_listener.py
[2026-04-08T11:15:41.929+0000] {processor.py:842} WARNING - No viable dags retrieved from /home/airflow/.local/lib/python3.8/site-packages/airflow/example_dags/plugins/event_listener.py
[2026-04-08T11:15:41.941+0000] {processor.py:183} INFO - Processing /home/airflow/.local/lib/python3.8/site-packages/airflow/example_dags/plugins/event_listener.py took 0.021 seconds
[2026-04-08T11:16:12.983+0000] {processor.py:161} INFO - Started process (PID=5598) to work on /home/airflow/.local/lib/python3.8/site-packages/airflow/example_dags/plugins/event_listener.py
[2026-04-08T11:16:12.983+0000] {processor.py:830} INFO - Processing file /home/airflow/.local/lib/python3.8/site-packages/airflow/example_dags/plugins/event_listener.py for tasks to queue
[2026-04-08T11:16:12.985+0000] {logging_mixin.py:188} INFO - [2026-04-08T11:16:12.985+0000] {dagbag.py:538} INFO - Filling up the DagBag from /home/airflow/.local/lib/python3.8/site-packages/airflow/example_dags/plugins/event_listener.py
[2026-04-08T11:16:12.988+0000] {processor.py:842} WARNING - No viable dags retrieved from /home/airflow/.local/lib/python3.8/site-packages/airflow/example_dags/plugins/event_listener.py
[2026-04-08T11:16:13.000+0000] {processor.py:183} INFO - Processing /home/airflow/.local/lib/python3.8/site-packages/airflow/example_dags/plugins/event_listener.py took 0.021 seconds
[2026-04-08T11:16:43.764+0000] {processor.py:161} INFO - Started process (PID=5656) to work on /home/airflow/.local/lib/python3.8/site-packages/airflow/example_dags/plugins/event_listener.py
[2026-04-08T11:16:43.765+0000] {processor.py:830} INFO - Processing file /home/airflow/.local/lib/python3.8/site-packages/airflow/example_dags/plugins/event_listener.py for tasks to queue
[2026-04-08T11:16:43.767+0000] {logging_mixin.py:188} INFO - [2026-04-08T11:16:43.767+0000] {dagbag.py:538} INFO - Filling up the DagBag from /home/airflow/.local/lib/python3.8/site-packages/airflow/example_dags/plugins/event_listener.py
[2026-04-08T11:16:43.770+0000] {processor.py:842} WARNING - No viable dags retrieved from /home/airflow/.local/lib/python3.8/site-packages/airflow/example_dags/plugins/event_listener.py
[2026-04-08T11:16:43.784+0000] {processor.py:183} INFO - Processing /home/airflow/.local/lib/python3.8/site-packages/airflow/example_dags/plugins/event_listener.py took 0.023 seconds
[2026-04-08T11:17:14.867+0000] {processor.py:161} INFO - Started process (PID=5713) to work on /home/airflow/.local/lib/python3.8/site-packages/airflow/example_dags/plugins/event_listener.py
[2026-04-08T11:17:14.868+0000] {processor.py:830} INFO - Processing file /home/airflow/.local/lib/python3.8/site-packages/airflow/example_dags/plugins/event_listener.py for tasks to queue
[2026-04-08T11:17:14.870+0000] {logging_mixin.py:188} INFO - [2026-04-08T11:17:14.870+0000] {dagbag.py:538} INFO - Filling up the DagBag from /home/airflow/.local/lib/python3.8/site-packages/airflow/example_dags/plugins/event_listener.py
[2026-04-08T11:17:14.873+0000] {processor.py:842} WARNING - No viable dags retrieved from /home/airflow/.local/lib/python3.8/site-packages/airflow/example_dags/plugins/event_listener.py
[2026-04-08T11:17:14.896+0000] {processor.py:183} INFO - Processing /home/airflow/.local/lib/python3.8/site-packages/airflow/example_dags/plugins/event_listener.py took 0.032 seconds
[2026-04-08T11:17:45.023+0000] {processor.py:161} INFO - Started process (PID=5770) to work on /home/airflow/.local/lib/python3.8/site-packages/airflow/example_dags/plugins/event_listener.py
[2026-04-08T11:17:45.024+0000] {processor.py:830} INFO - Processing file /home/airflow/.local/lib/python3.8/site-packages/airflow/example_dags/plugins/event_listener.py for tasks to queue
[2026-04-08T11:17:45.026+0000] {logging_mixin.py:188} INFO - [2026-04-08T11:17:45.026+0000] {dagbag.py:538} INFO - Filling up the DagBag from /home/airflow/.local/lib/python3.8/site-packages/airflow/example_dags/plugins/event_listener.py
[2026-04-08T11:17:45.029+0000] {processor.py:842} WARNING - No viable dags retrieved from /home/airflow/.local/lib/python3.8/site-packages/airflow/example_dags/plugins/event_listener.py
[2026-04-08T11:17:45.042+0000] {processor.py:183} INFO - Processing /home/airflow/.local/lib/python3.8/site-packages/airflow/example_dags/plugins/event_listener.py took 0.023 seconds
[2026-04-08T12:11:40.863+0000] {processor.py:161} INFO - Started process (PID=121) to work on /home/airflow/.local/lib/python3.8/site-packages/airflow/example_dags/plugins/event_listener.py
[2026-04-08T12:11:40.865+0000] {processor.py:830} INFO - Processing file /home/airflow/.local/lib/python3.8/site-packages/airflow/example_dags/plugins/event_listener.py for tasks to queue
[2026-04-08T12:11:40.871+0000] {logging_mixin.py:188} INFO - [2026-04-08T12:11:40.870+0000] {dagbag.py:538} INFO - Filling up the DagBag from /home/airflow/.local/lib/python3.8/site-packages/airflow/example_dags/plugins/event_listener.py
[2026-04-08T12:11:40.875+0000] {processor.py:842} WARNING - No viable dags retrieved from /home/airflow/.local/lib/python3.8/site-packages/airflow/example_dags/plugins/event_listener.py
[2026-04-08T12:11:40.899+0000] {processor.py:183} INFO - Processing /home/airflow/.local/lib/python3.8/site-packages/airflow/example_dags/plugins/event_listener.py took 0.042 seconds
[2026-04-08T12:12:11.043+0000] {processor.py:161} INFO - Started process (PID=176) to work on /home/airflow/.local/lib/python3.8/site-packages/airflow/example_dags/plugins/event_listener.py
[2026-04-08T12:12:11.043+0000] {processor.py:830} INFO - Processing file /home/airflow/.local/lib/python3.8/site-packages/airflow/example_dags/plugins/event_listener.py for tasks to queue
[2026-04-08T12:12:11.045+0000] {logging_mixin.py:188} INFO - [2026-04-08T12:12:11.045+0000] {dagbag.py:538} INFO - Filling up the DagBag from /home/airflow/.local/lib/python3.8/site-packages/airflow/example_dags/plugins/event_listener.py
[2026-04-08T12:12:11.047+0000] {processor.py:842} WARNING - No viable dags retrieved from /home/airflow/.local/lib/python3.8/site-packages/airflow/example_dags/plugins/event_listener.py
[2026-04-08T12:12:11.060+0000] {processor.py:183} INFO - Processing /home/airflow/.local/lib/python3.8/site-packages/airflow/example_dags/plugins/event_listener.py took 0.020 seconds
[2026-04-08T12:12:42.038+0000] {processor.py:161} INFO - Started process (PID=233) to work on /home/airflow/.local/lib/python3.8/site-packages/airflow/example_dags/plugins/event_listener.py
[2026-04-08T12:12:42.039+0000] {processor.py:830} INFO - Processing file /home/airflow/.local/lib/python3.8/site-packages/airflow/example_dags/plugins/event_listener.py for tasks to queue
[2026-04-08T12:12:42.042+0000] {logging_mixin.py:188} INFO - [2026-04-08T12:12:42.042+0000] {dagbag.py:538} INFO - Filling up the DagBag from /home/airflow/.local/lib/python3.8/site-packages/airflow/example_dags/plugins/event_listener.py
[2026-04-08T12:12:42.045+0000] {processor.py:842} WARNING - No viable dags retrieved from /home/airflow/.local/lib/python3.8/site-packages/airflow/example_dags/plugins/event_listener.py
[2026-04-08T12:12:42.060+0000] {processor.py:183} INFO - Processing /home/airflow/.local/lib/python3.8/site-packages/airflow/example_dags/plugins/event_listener.py took 0.026 seconds
[2026-04-08T12:13:13.214+0000] {processor.py:161} INFO - Started process (PID=290) to work on /home/airflow/.local/lib/python3.8/site-packages/airflow/example_dags/plugins/event_listener.py
[2026-04-08T12:13:13.218+0000] {processor.py:830} INFO - Processing file /home/airflow/.local/lib/python3.8/site-packages/airflow/example_dags/plugins/event_listener.py for tasks to queue
[2026-04-08T12:13:13.226+0000] {logging_mixin.py:188} INFO - [2026-04-08T12:13:13.224+0000] {dagbag.py:538} INFO - Filling up the DagBag from /home/airflow/.local/lib/python3.8/site-packages/airflow/example_dags/plugins/event_listener.py
[2026-04-08T12:13:13.232+0000] {processor.py:842} WARNING - No viable dags retrieved from /home/airflow/.local/lib/python3.8/site-packages/airflow/example_dags/plugins/event_listener.py
[2026-04-08T12:13:13.305+0000] {processor.py:183} INFO - Processing /home/airflow/.local/lib/python3.8/site-packages/airflow/example_dags/plugins/event_listener.py took 0.101 seconds
[2026-04-08T12:13:44.157+0000] {processor.py:161} INFO - Started process (PID=347) to work on /home/airflow/.local/lib/python3.8/site-packages/airflow/example_dags/plugins/event_listener.py
[2026-04-08T12:13:44.158+0000] {processor.py:830} INFO - Processing file /home/airflow/.local/lib/python3.8/site-packages/airflow/example_dags/plugins/event_listener.py for tasks to queue
[2026-04-08T12:13:44.161+0000] {logging_mixin.py:188} INFO - [2026-04-08T12:13:44.161+0000] {dagbag.py:538} INFO - Filling up the DagBag from /home/airflow/.local/lib/python3.8/site-packages/airflow/example_dags/plugins/event_listener.py
[2026-04-08T12:13:44.164+0000] {processor.py:842} WARNING - No viable dags retrieved from /home/airflow/.local/lib/python3.8/site-packages/airflow/example_dags/plugins/event_listener.py
[2026-04-08T12:13:44.182+0000] {processor.py:183} INFO - Processing /home/airflow/.local/lib/python3.8/site-packages/airflow/example_dags/plugins/event_listener.py took 0.028 seconds
[2026-04-08T12:14:14.452+0000] {processor.py:161} INFO - Started process (PID=404) to work on /home/airflow/.local/lib/python3.8/site-packages/airflow/example_dags/plugins/event_listener.py
[2026-04-08T12:14:14.453+0000] {processor.py:830} INFO - Processing file /home/airflow/.local/lib/python3.8/site-packages/airflow/example_dags/plugins/event_listener.py for tasks to queue
[2026-04-08T12:14:14.455+0000] {logging_mixin.py:188} INFO - [2026-04-08T12:14:14.455+0000] {dagbag.py:538} INFO - Filling up the DagBag from /home/airflow/.local/lib/python3.8/site-packages/airflow/example_dags/plugins/event_listener.py
[2026-04-08T12:14:14.457+0000] {processor.py:842} WARNING - No viable dags retrieved from /home/airflow/.local/lib/python3.8/site-packages/airflow/example_dags/plugins/event_listener.py
[2026-04-08T12:14:14.471+0000] {processor.py:183} INFO - Processing /home/airflow/.local/lib/python3.8/site-packages/airflow/example_dags/plugins/event_listener.py took 0.022 seconds
[2026-04-08T12:14:45.104+0000] {processor.py:161} INFO - Started process (PID=461) to work on /home/airflow/.local/lib/python3.8/site-packages/airflow/example_dags/plugins/event_listener.py
[2026-04-08T12:14:45.105+0000] {processor.py:830} INFO - Processing file /home/airflow/.local/lib/python3.8/site-packages/airflow/example_dags/plugins/event_listener.py for tasks to queue
[2026-04-08T12:14:45.107+0000] {logging_mixin.py:188} INFO - [2026-04-08T12:14:45.107+0000] {dagbag.py:538} INFO - Filling up the DagBag from /home/airflow/.local/lib/python3.8/site-packages/airflow/example_dags/plugins/event_listener.py
[2026-04-08T12:14:45.109+0000] {processor.py:842} WARNING - No viable dags retrieved from /home/airflow/.local/lib/python3.8/site-packages/airflow/example_dags/plugins/event_listener.py
[2026-04-08T12:14:45.121+0000] {processor.py:183} INFO - Processing /home/airflow/.local/lib/python3.8/site-packages/airflow/example_dags/plugins/event_listener.py took 0.019 seconds
[2026-04-08T12:15:15.375+0000] {processor.py:161} INFO - Started process (PID=518) to work on /home/airflow/.local/lib/python3.8/site-packages/airflow/example_dags/plugins/event_listener.py
[2026-04-08T12:15:15.376+0000] {processor.py:830} INFO - Processing file /home/airflow/.local/lib/python3.8/site-packages/airflow/example_dags/plugins/event_listener.py for tasks to queue
[2026-04-08T12:15:15.378+0000] {logging_mixin.py:188} INFO - [2026-04-08T12:15:15.378+0000] {dagbag.py:538} INFO - Filling up the DagBag from /home/airflow/.local/lib/python3.8/site-packages/airflow/example_dags/plugins/event_listener.py
[2026-04-08T12:15:15.380+0000] {processor.py:842} WARNING - No viable dags retrieved from /home/airflow/.local/lib/python3.8/site-packages/airflow/example_dags/plugins/event_listener.py
[2026-04-08T12:15:15.403+0000] {processor.py:183} INFO - Processing /home/airflow/.local/lib/python3.8/site-packages/airflow/example_dags/plugins/event_listener.py took 0.034 seconds
[2026-04-08T12:15:47.390+0000] {processor.py:161} INFO - Started process (PID=575) to work on /home/airflow/.local/lib/python3.8/site-packages/airflow/example_dags/plugins/event_listener.py
[2026-04-08T12:15:47.391+0000] {processor.py:830} INFO - Processing file /home/airflow/.local/lib/python3.8/site-packages/airflow/example_dags/plugins/event_listener.py for tasks to queue
[2026-04-08T12:15:47.396+0000] {logging_mixin.py:188} INFO - [2026-04-08T12:15:47.395+0000] {dagbag.py:538} INFO - Filling up the DagBag from /home/airflow/.local/lib/python3.8/site-packages/airflow/example_dags/plugins/event_listener.py
[2026-04-08T12:15:47.400+0000] {processor.py:842} WARNING - No viable dags retrieved from /home/airflow/.local/lib/python3.8/site-packages/airflow/example_dags/plugins/event_listener.py
[2026-04-08T12:15:47.442+0000] {processor.py:183} INFO - Processing /home/airflow/.local/lib/python3.8/site-packages/airflow/example_dags/plugins/event_listener.py took 0.058 seconds
[2026-04-08T12:16:21.542+0000] {processor.py:161} INFO - Started process (PID=634) to work on /home/airflow/.local/lib/python3.8/site-packages/airflow/example_dags/plugins/event_listener.py
[2026-04-08T12:16:21.544+0000] {processor.py:830} INFO - Processing file /home/airflow/.local/lib/python3.8/site-packages/airflow/example_dags/plugins/event_listener.py for tasks to queue
[2026-04-08T12:16:21.550+0000] {logging_mixin.py:188} INFO - [2026-04-08T12:16:21.549+0000] {dagbag.py:538} INFO - Filling up the DagBag from /home/airflow/.local/lib/python3.8/site-packages/airflow/example_dags/plugins/event_listener.py
[2026-04-08T12:16:21.561+0000] {processor.py:842} WARNING - No viable dags retrieved from /home/airflow/.local/lib/python3.8/site-packages/airflow/example_dags/plugins/event_listener.py
[2026-04-08T12:16:21.618+0000] {processor.py:183} INFO - Processing /home/airflow/.local/lib/python3.8/site-packages/airflow/example_dags/plugins/event_listener.py took 0.086 seconds
[2026-04-08T12:16:52.060+0000] {processor.py:161} INFO - Started process (PID=689) to work on /home/airflow/.local/lib/python3.8/site-packages/airflow/example_dags/plugins/event_listener.py
[2026-04-08T12:16:52.061+0000] {processor.py:830} INFO - Processing file /home/airflow/.local/lib/python3.8/site-packages/airflow/example_dags/plugins/event_listener.py for tasks to queue
[2026-04-08T12:16:52.064+0000] {logging_mixin.py:188} INFO - [2026-04-08T12:16:52.063+0000] {dagbag.py:538} INFO - Filling up the DagBag from /home/airflow/.local/lib/python3.8/site-packages/airflow/example_dags/plugins/event_listener.py
[2026-04-08T12:16:52.067+0000] {processor.py:842} WARNING - No viable dags retrieved from /home/airflow/.local/lib/python3.8/site-packages/airflow/example_dags/plugins/event_listener.py
[2026-04-08T12:16:52.083+0000] {processor.py:183} INFO - Processing /home/airflow/.local/lib/python3.8/site-packages/airflow/example_dags/plugins/event_listener.py took 0.027 seconds
[2026-04-08T12:17:22.945+0000] {processor.py:161} INFO - Started process (PID=746) to work on /home/airflow/.local/lib/python3.8/site-packages/airflow/example_dags/plugins/event_listener.py
[2026-04-08T12:17:22.948+0000] {processor.py:830} INFO - Processing file /home/airflow/.local/lib/python3.8/site-packages/airflow/example_dags/plugins/event_listener.py for tasks to queue
[2026-04-08T12:17:22.953+0000] {logging_mixin.py:188} INFO - [2026-04-08T12:17:22.953+0000] {dagbag.py:538} INFO - Filling up the DagBag from /home/airflow/.local/lib/python3.8/site-packages/airflow/example_dags/plugins/event_listener.py
[2026-04-08T12:17:22.961+0000] {processor.py:842} WARNING - No viable dags retrieved from /home/airflow/.local/lib/python3.8/site-packages/airflow/example_dags/plugins/event_listener.py
[2026-04-08T12:17:22.994+0000] {processor.py:183} INFO - Processing /home/airflow/.local/lib/python3.8/site-packages/airflow/example_dags/plugins/event_listener.py took 0.080 seconds
[2026-04-08T12:17:53.363+0000] {processor.py:161} INFO - Started process (PID=803) to work on /home/airflow/.local/lib/python3.8/site-packages/airflow/example_dags/plugins/event_listener.py
[2026-04-08T12:17:53.363+0000] {processor.py:830} INFO - Processing file /home/airflow/.local/lib/python3.8/site-packages/airflow/example_dags/plugins/event_listener.py for tasks to queue
[2026-04-08T12:17:53.366+0000] {logging_mixin.py:188} INFO - [2026-04-08T12:17:53.365+0000] {dagbag.py:538} INFO - Filling up the DagBag from /home/airflow/.local/lib/python3.8/site-packages/airflow/example_dags/plugins/event_listener.py
[2026-04-08T12:17:53.368+0000] {processor.py:842} WARNING - No viable dags retrieved from /home/airflow/.local/lib/python3.8/site-packages/airflow/example_dags/plugins/event_listener.py
[2026-04-08T12:17:53.382+0000] {processor.py:183} INFO - Processing /home/airflow/.local/lib/python3.8/site-packages/airflow/example_dags/plugins/event_listener.py took 0.023 seconds
[2026-04-08T12:18:24.223+0000] {processor.py:161} INFO - Started process (PID=860) to work on /home/airflow/.local/lib/python3.8/site-packages/airflow/example_dags/plugins/event_listener.py
[2026-04-08T12:18:24.224+0000] {processor.py:830} INFO - Processing file /home/airflow/.local/lib/python3.8/site-packages/airflow/example_dags/plugins/event_listener.py for tasks to queue
[2026-04-08T12:18:24.230+0000] {logging_mixin.py:188} INFO - [2026-04-08T12:18:24.229+0000] {dagbag.py:538} INFO - Filling up the DagBag from /home/airflow/.local/lib/python3.8/site-packages/airflow/example_dags/plugins/event_listener.py
[2026-04-08T12:18:24.233+0000] {processor.py:842} WARNING - No viable dags retrieved from /home/airflow/.local/lib/python3.8/site-packages/airflow/example_dags/plugins/event_listener.py
[2026-04-08T12:18:24.253+0000] {processor.py:183} INFO - Processing /home/airflow/.local/lib/python3.8/site-packages/airflow/example_dags/plugins/event_listener.py took 0.036 seconds
[2026-04-08T12:18:55.039+0000] {processor.py:161} INFO - Started process (PID=917) to work on /home/airflow/.local/lib/python3.8/site-packages/airflow/example_dags/plugins/event_listener.py
[2026-04-08T12:18:55.040+0000] {processor.py:830} INFO - Processing file /home/airflow/.local/lib/python3.8/site-packages/airflow/example_dags/plugins/event_listener.py for tasks to queue
[2026-04-08T12:18:55.043+0000] {logging_mixin.py:188} INFO - [2026-04-08T12:18:55.042+0000] {dagbag.py:538} INFO - Filling up the DagBag from /home/airflow/.local/lib/python3.8/site-packages/airflow/example_dags/plugins/event_listener.py
[2026-04-08T12:18:55.045+0000] {processor.py:842} WARNING - No viable dags retrieved from /home/airflow/.local/lib/python3.8/site-packages/airflow/example_dags/plugins/event_listener.py
[2026-04-08T12:18:55.060+0000] {processor.py:183} INFO - Processing /home/airflow/.local/lib/python3.8/site-packages/airflow/example_dags/plugins/event_listener.py took 0.025 seconds
[2026-04-08T12:19:25.272+0000] {processor.py:161} INFO - Started process (PID=974) to work on /home/airflow/.local/lib/python3.8/site-packages/airflow/example_dags/plugins/event_listener.py
[2026-04-08T12:19:25.277+0000] {processor.py:830} INFO - Processing file /home/airflow/.local/lib/python3.8/site-packages/airflow/example_dags/plugins/event_listener.py for tasks to queue
[2026-04-08T12:19:25.284+0000] {logging_mixin.py:188} INFO - [2026-04-08T12:19:25.283+0000] {dagbag.py:538} INFO - Filling up the DagBag from /home/airflow/.local/lib/python3.8/site-packages/airflow/example_dags/plugins/event_listener.py
[2026-04-08T12:19:25.294+0000] {processor.py:842} WARNING - No viable dags retrieved from /home/airflow/.local/lib/python3.8/site-packages/airflow/example_dags/plugins/event_listener.py
[2026-04-08T12:19:25.330+0000] {processor.py:183} INFO - Processing /home/airflow/.local/lib/python3.8/site-packages/airflow/example_dags/plugins/event_listener.py took 0.066 seconds
[2026-04-08T12:19:56.025+0000] {processor.py:161} INFO - Started process (PID=1040) to work on /home/airflow/.local/lib/python3.8/site-packages/airflow/example_dags/plugins/event_listener.py
[2026-04-08T12:19:56.028+0000] {processor.py:830} INFO - Processing file /home/airflow/.local/lib/python3.8/site-packages/airflow/example_dags/plugins/event_listener.py for tasks to queue
[2026-04-08T12:19:56.029+0000] {logging_mixin.py:188} INFO - [2026-04-08T12:19:56.029+0000] {dagbag.py:538} INFO - Filling up the DagBag from /home/airflow/.local/lib/python3.8/site-packages/airflow/example_dags/plugins/event_listener.py
[2026-04-08T12:19:56.031+0000] {processor.py:842} WARNING - No viable dags retrieved from /home/airflow/.local/lib/python3.8/site-packages/airflow/example_dags/plugins/event_listener.py
[2026-04-08T12:19:56.043+0000] {processor.py:183} INFO - Processing /home/airflow/.local/lib/python3.8/site-packages/airflow/example_dags/plugins/event_listener.py took 0.021 seconds
[2026-04-08T12:20:27.603+0000] {processor.py:161} INFO - Started process (PID=1122) to work on /home/airflow/.local/lib/python3.8/site-packages/airflow/example_dags/plugins/event_listener.py
[2026-04-08T12:20:27.603+0000] {processor.py:830} INFO - Processing file /home/airflow/.local/lib/python3.8/site-packages/airflow/example_dags/plugins/event_listener.py for tasks to queue
[2026-04-08T12:20:27.606+0000] {logging_mixin.py:188} INFO - [2026-04-08T12:20:27.606+0000] {dagbag.py:538} INFO - Filling up the DagBag from /home/airflow/.local/lib/python3.8/site-packages/airflow/example_dags/plugins/event_listener.py
[2026-04-08T12:20:27.609+0000] {processor.py:842} WARNING - No viable dags retrieved from /home/airflow/.local/lib/python3.8/site-packages/airflow/example_dags/plugins/event_listener.py
[2026-04-08T12:20:27.628+0000] {processor.py:183} INFO - Processing /home/airflow/.local/lib/python3.8/site-packages/airflow/example_dags/plugins/event_listener.py took 0.030 seconds
[2026-04-08T12:20:58.765+0000] {processor.py:161} INFO - Started process (PID=1178) to work on /home/airflow/.local/lib/python3.8/site-packages/airflow/example_dags/plugins/event_listener.py
[2026-04-08T12:20:58.766+0000] {processor.py:830} INFO - Processing file /home/airflow/.local/lib/python3.8/site-packages/airflow/example_dags/plugins/event_listener.py for tasks to queue
[2026-04-08T12:20:58.768+0000] {logging_mixin.py:188} INFO - [2026-04-08T12:20:58.768+0000] {dagbag.py:538} INFO - Filling up the DagBag from /home/airflow/.local/lib/python3.8/site-packages/airflow/example_dags/plugins/event_listener.py
[2026-04-08T12:20:58.771+0000] {processor.py:842} WARNING - No viable dags retrieved from /home/airflow/.local/lib/python3.8/site-packages/airflow/example_dags/plugins/event_listener.py
[2026-04-08T12:20:58.788+0000] {processor.py:183} INFO - Processing /home/airflow/.local/lib/python3.8/site-packages/airflow/example_dags/plugins/event_listener.py took 0.027 seconds
[2026-04-08T12:21:29.655+0000] {processor.py:161} INFO - Started process (PID=1258) to work on /home/airflow/.local/lib/python3.8/site-packages/airflow/example_dags/plugins/event_listener.py
[2026-04-08T12:21:29.656+0000] {processor.py:830} INFO - Processing file /home/airflow/.local/lib/python3.8/site-packages/airflow/example_dags/plugins/event_listener.py for tasks to queue
[2026-04-08T12:21:29.659+0000] {logging_mixin.py:188} INFO - [2026-04-08T12:21:29.658+0000] {dagbag.py:538} INFO - Filling up the DagBag from /home/airflow/.local/lib/python3.8/site-packages/airflow/example_dags/plugins/event_listener.py
[2026-04-08T12:21:29.661+0000] {processor.py:842} WARNING - No viable dags retrieved from /home/airflow/.local/lib/python3.8/site-packages/airflow/example_dags/plugins/event_listener.py
[2026-04-08T12:21:29.681+0000] {processor.py:183} INFO - Processing /home/airflow/.local/lib/python3.8/site-packages/airflow/example_dags/plugins/event_listener.py took 0.030 seconds
[2026-04-08T12:22:01.235+0000] {processor.py:161} INFO - Started process (PID=1329) to work on /home/airflow/.local/lib/python3.8/site-packages/airflow/example_dags/plugins/event_listener.py
[2026-04-08T12:22:01.237+0000] {processor.py:830} INFO - Processing file /home/airflow/.local/lib/python3.8/site-packages/airflow/example_dags/plugins/event_listener.py for tasks to queue
[2026-04-08T12:22:01.243+0000] {logging_mixin.py:188} INFO - [2026-04-08T12:22:01.243+0000] {dagbag.py:538} INFO - Filling up the DagBag from /home/airflow/.local/lib/python3.8/site-packages/airflow/example_dags/plugins/event_listener.py
[2026-04-08T12:22:01.249+0000] {processor.py:842} WARNING - No viable dags retrieved from /home/airflow/.local/lib/python3.8/site-packages/airflow/example_dags/plugins/event_listener.py
[2026-04-08T12:22:01.283+0000] {processor.py:183} INFO - Processing /home/airflow/.local/lib/python3.8/site-packages/airflow/example_dags/plugins/event_listener.py took 0.058 seconds
[2026-04-08T12:22:31.682+0000] {processor.py:161} INFO - Started process (PID=1401) to work on /home/airflow/.local/lib/python3.8/site-packages/airflow/example_dags/plugins/event_listener.py
[2026-04-08T12:22:31.683+0000] {processor.py:830} INFO - Processing file /home/airflow/.local/lib/python3.8/site-packages/airflow/example_dags/plugins/event_listener.py for tasks to queue
[2026-04-08T12:22:31.685+0000] {logging_mixin.py:188} INFO - [2026-04-08T12:22:31.685+0000] {dagbag.py:538} INFO - Filling up the DagBag from /home/airflow/.local/lib/python3.8/site-packages/airflow/example_dags/plugins/event_listener.py
[2026-04-08T12:22:31.688+0000] {processor.py:842} WARNING - No viable dags retrieved from /home/airflow/.local/lib/python3.8/site-packages/airflow/example_dags/plugins/event_listener.py
[2026-04-08T12:22:31.730+0000] {processor.py:183} INFO - Processing /home/airflow/.local/lib/python3.8/site-packages/airflow/example_dags/plugins/event_listener.py took 0.052 seconds
[2026-04-08T12:23:02.100+0000] {processor.py:161} INFO - Started process (PID=1477) to work on /home/airflow/.local/lib/python3.8/site-packages/airflow/example_dags/plugins/event_listener.py
[2026-04-08T12:23:02.101+0000] {processor.py:830} INFO - Processing file /home/airflow/.local/lib/python3.8/site-packages/airflow/example_dags/plugins/event_listener.py for tasks to queue
[2026-04-08T12:23:02.102+0000] {logging_mixin.py:188} INFO - [2026-04-08T12:23:02.102+0000] {dagbag.py:538} INFO - Filling up the DagBag from /home/airflow/.local/lib/python3.8/site-packages/airflow/example_dags/plugins/event_listener.py
[2026-04-08T12:23:02.104+0000] {processor.py:842} WARNING - No viable dags retrieved from /home/airflow/.local/lib/python3.8/site-packages/airflow/example_dags/plugins/event_listener.py
[2026-04-08T12:23:02.116+0000] {processor.py:183} INFO - Processing /home/airflow/.local/lib/python3.8/site-packages/airflow/example_dags/plugins/event_listener.py took 0.019 seconds
[2026-04-08T12:23:32.805+0000] {processor.py:161} INFO - Started process (PID=1542) to work on /home/airflow/.local/lib/python3.8/site-packages/airflow/example_dags/plugins/event_listener.py
[2026-04-08T12:23:32.808+0000] {processor.py:830} INFO - Processing file /home/airflow/.local/lib/python3.8/site-packages/airflow/example_dags/plugins/event_listener.py for tasks to queue
[2026-04-08T12:23:32.813+0000] {logging_mixin.py:188} INFO - [2026-04-08T12:23:32.812+0000] {dagbag.py:538} INFO - Filling up the DagBag from /home/airflow/.local/lib/python3.8/site-packages/airflow/example_dags/plugins/event_listener.py
[2026-04-08T12:23:32.818+0000] {processor.py:842} WARNING - No viable dags retrieved from /home/airflow/.local/lib/python3.8/site-packages/airflow/example_dags/plugins/event_listener.py
[2026-04-08T12:23:32.844+0000] {processor.py:183} INFO - Processing /home/airflow/.local/lib/python3.8/site-packages/airflow/example_dags/plugins/event_listener.py took 0.047 seconds
[2026-04-08T12:24:02.902+0000] {processor.py:161} INFO - Started process (PID=1599) to work on /home/airflow/.local/lib/python3.8/site-packages/airflow/example_dags/plugins/event_listener.py
[2026-04-08T12:24:02.903+0000] {processor.py:830} INFO - Processing file /home/airflow/.local/lib/python3.8/site-packages/airflow/example_dags/plugins/event_listener.py for tasks to queue
[2026-04-08T12:24:02.906+0000] {logging_mixin.py:188} INFO - [2026-04-08T12:24:02.905+0000] {dagbag.py:538} INFO - Filling up the DagBag from /home/airflow/.local/lib/python3.8/site-packages/airflow/example_dags/plugins/event_listener.py
[2026-04-08T12:24:02.908+0000] {processor.py:842} WARNING - No viable dags retrieved from /home/airflow/.local/lib/python3.8/site-packages/airflow/example_dags/plugins/event_listener.py
[2026-04-08T12:24:02.922+0000] {processor.py:183} INFO - Processing /home/airflow/.local/lib/python3.8/site-packages/airflow/example_dags/plugins/event_listener.py took 0.023 seconds
[2026-04-08T12:24:33.179+0000] {processor.py:161} INFO - Started process (PID=1657) to work on /home/airflow/.local/lib/python3.8/site-packages/airflow/example_dags/plugins/event_listener.py
[2026-04-08T12:24:33.180+0000] {processor.py:830} INFO - Processing file /home/airflow/.local/lib/python3.8/site-packages/airflow/example_dags/plugins/event_listener.py for tasks to queue
[2026-04-08T12:24:33.183+0000] {logging_mixin.py:188} INFO - [2026-04-08T12:24:33.182+0000] {dagbag.py:538} INFO - Filling up the DagBag from /home/airflow/.local/lib/python3.8/site-packages/airflow/example_dags/plugins/event_listener.py
[2026-04-08T12:24:33.185+0000] {processor.py:842} WARNING - No viable dags retrieved from /home/airflow/.local/lib/python3.8/site-packages/airflow/example_dags/plugins/event_listener.py
[2026-04-08T12:24:33.199+0000] {processor.py:183} INFO - Processing /home/airflow/.local/lib/python3.8/site-packages/airflow/example_dags/plugins/event_listener.py took 0.024 seconds
[2026-04-08T12:25:03.640+0000] {processor.py:161} INFO - Started process (PID=1716) to work on /home/airflow/.local/lib/python3.8/site-packages/airflow/example_dags/plugins/event_listener.py
[2026-04-08T12:25:03.641+0000] {processor.py:830} INFO - Processing file /home/airflow/.local/lib/python3.8/site-packages/airflow/example_dags/plugins/event_listener.py for tasks to queue
[2026-04-08T12:25:03.650+0000] {logging_mixin.py:188} INFO - [2026-04-08T12:25:03.649+0000] {dagbag.py:538} INFO - Filling up the DagBag from /home/airflow/.local/lib/python3.8/site-packages/airflow/example_dags/plugins/event_listener.py
[2026-04-08T12:25:03.658+0000] {processor.py:842} WARNING - No viable dags retrieved from /home/airflow/.local/lib/python3.8/site-packages/airflow/example_dags/plugins/event_listener.py
[2026-04-08T12:25:03.684+0000] {processor.py:183} INFO - Processing /home/airflow/.local/lib/python3.8/site-packages/airflow/example_dags/plugins/event_listener.py took 0.050 seconds
[2026-04-08T12:25:33.755+0000] {processor.py:161} INFO - Started process (PID=1774) to work on /home/airflow/.local/lib/python3.8/site-packages/airflow/example_dags/plugins/event_listener.py
[2026-04-08T12:25:33.756+0000] {processor.py:830} INFO - Processing file /home/airflow/.local/lib/python3.8/site-packages/airflow/example_dags/plugins/event_listener.py for tasks to queue
[2026-04-08T12:25:33.758+0000] {logging_mixin.py:188} INFO - [2026-04-08T12:25:33.758+0000] {dagbag.py:538} INFO - Filling up the DagBag from /home/airflow/.local/lib/python3.8/site-packages/airflow/example_dags/plugins/event_listener.py
[2026-04-08T12:25:33.761+0000] {processor.py:842} WARNING - No viable dags retrieved from /home/airflow/.local/lib/python3.8/site-packages/airflow/example_dags/plugins/event_listener.py
[2026-04-08T12:25:33.775+0000] {processor.py:183} INFO - Processing /home/airflow/.local/lib/python3.8/site-packages/airflow/example_dags/plugins/event_listener.py took 0.024 seconds
[2026-04-08T12:26:03.939+0000] {processor.py:161} INFO - Started process (PID=1831) to work on /home/airflow/.local/lib/python3.8/site-packages/airflow/example_dags/plugins/event_listener.py
[2026-04-08T12:26:03.940+0000] {processor.py:830} INFO - Processing file /home/airflow/.local/lib/python3.8/site-packages/airflow/example_dags/plugins/event_listener.py for tasks to queue
[2026-04-08T12:26:03.943+0000] {logging_mixin.py:188} INFO - [2026-04-08T12:26:03.942+0000] {dagbag.py:538} INFO - Filling up the DagBag from /home/airflow/.local/lib/python3.8/site-packages/airflow/example_dags/plugins/event_listener.py
[2026-04-08T12:26:03.945+0000] {processor.py:842} WARNING - No viable dags retrieved from /home/airflow/.local/lib/python3.8/site-packages/airflow/example_dags/plugins/event_listener.py
[2026-04-08T12:26:03.961+0000] {processor.py:183} INFO - Processing /home/airflow/.local/lib/python3.8/site-packages/airflow/example_dags/plugins/event_listener.py took 0.027 seconds
[2026-04-08T12:26:34.109+0000] {processor.py:161} INFO - Started process (PID=1888) to work on /home/airflow/.local/lib/python3.8/site-packages/airflow/example_dags/plugins/event_listener.py
[2026-04-08T12:26:34.110+0000] {processor.py:830} INFO - Processing file /home/airflow/.local/lib/python3.8/site-packages/airflow/example_dags/plugins/event_listener.py for tasks to queue
[2026-04-08T12:26:34.113+0000] {logging_mixin.py:188} INFO - [2026-04-08T12:26:34.112+0000] {dagbag.py:538} INFO - Filling up the DagBag from /home/airflow/.local/lib/python3.8/site-packages/airflow/example_dags/plugins/event_listener.py
[2026-04-08T12:26:34.115+0000] {processor.py:842} WARNING - No viable dags retrieved from /home/airflow/.local/lib/python3.8/site-packages/airflow/example_dags/plugins/event_listener.py
[2026-04-08T12:26:34.129+0000] {processor.py:183} INFO - Processing /home/airflow/.local/lib/python3.8/site-packages/airflow/example_dags/plugins/event_listener.py took 0.023 seconds
[2026-04-08T12:27:04.396+0000] {processor.py:161} INFO - Started process (PID=1946) to work on /home/airflow/.local/lib/python3.8/site-packages/airflow/example_dags/plugins/event_listener.py
[2026-04-08T12:27:04.400+0000] {processor.py:830} INFO - Processing file /home/airflow/.local/lib/python3.8/site-packages/airflow/example_dags/plugins/event_listener.py for tasks to queue
[2026-04-08T12:27:04.405+0000] {logging_mixin.py:188} INFO - [2026-04-08T12:27:04.403+0000] {dagbag.py:538} INFO - Filling up the DagBag from /home/airflow/.local/lib/python3.8/site-packages/airflow/example_dags/plugins/event_listener.py
[2026-04-08T12:27:04.410+0000] {processor.py:842} WARNING - No viable dags retrieved from /home/airflow/.local/lib/python3.8/site-packages/airflow/example_dags/plugins/event_listener.py
[2026-04-08T12:27:04.428+0000] {processor.py:183} INFO - Processing /home/airflow/.local/lib/python3.8/site-packages/airflow/example_dags/plugins/event_listener.py took 0.040 seconds
[2026-04-08T12:27:35.228+0000] {processor.py:161} INFO - Started process (PID=2003) to work on /home/airflow/.local/lib/python3.8/site-packages/airflow/example_dags/plugins/event_listener.py
[2026-04-08T12:27:35.229+0000] {processor.py:830} INFO - Processing file /home/airflow/.local/lib/python3.8/site-packages/airflow/example_dags/plugins/event_listener.py for tasks to queue
[2026-04-08T12:27:35.232+0000] {logging_mixin.py:188} INFO - [2026-04-08T12:27:35.232+0000] {dagbag.py:538} INFO - Filling up the DagBag from /home/airflow/.local/lib/python3.8/site-packages/airflow/example_dags/plugins/event_listener.py
[2026-04-08T12:27:35.235+0000] {processor.py:842} WARNING - No viable dags retrieved from /home/airflow/.local/lib/python3.8/site-packages/airflow/example_dags/plugins/event_listener.py
[2026-04-08T12:27:35.254+0000] {processor.py:183} INFO - Processing /home/airflow/.local/lib/python3.8/site-packages/airflow/example_dags/plugins/event_listener.py took 0.032 seconds
[2026-04-08T12:28:06.231+0000] {processor.py:161} INFO - Started process (PID=2061) to work on /home/airflow/.local/lib/python3.8/site-packages/airflow/example_dags/plugins/event_listener.py
[2026-04-08T12:28:06.232+0000] {processor.py:830} INFO - Processing file /home/airflow/.local/lib/python3.8/site-packages/airflow/example_dags/plugins/event_listener.py for tasks to queue
[2026-04-08T12:28:06.235+0000] {logging_mixin.py:188} INFO - [2026-04-08T12:28:06.235+0000] {dagbag.py:538} INFO - Filling up the DagBag from /home/airflow/.local/lib/python3.8/site-packages/airflow/example_dags/plugins/event_listener.py
[2026-04-08T12:28:06.238+0000] {processor.py:842} WARNING - No viable dags retrieved from /home/airflow/.local/lib/python3.8/site-packages/airflow/example_dags/plugins/event_listener.py
[2026-04-08T12:28:06.253+0000] {processor.py:183} INFO - Processing /home/airflow/.local/lib/python3.8/site-packages/airflow/example_dags/plugins/event_listener.py took 0.026 seconds
[2026-04-08T12:28:37.686+0000] {processor.py:161} INFO - Started process (PID=2122) to work on /home/airflow/.local/lib/python3.8/site-packages/airflow/example_dags/plugins/event_listener.py
[2026-04-08T12:28:37.687+0000] {processor.py:830} INFO - Processing file /home/airflow/.local/lib/python3.8/site-packages/airflow/example_dags/plugins/event_listener.py for tasks to queue
[2026-04-08T12:28:37.689+0000] {logging_mixin.py:188} INFO - [2026-04-08T12:28:37.689+0000] {dagbag.py:538} INFO - Filling up the DagBag from /home/airflow/.local/lib/python3.8/site-packages/airflow/example_dags/plugins/event_listener.py
[2026-04-08T12:28:37.691+0000] {processor.py:842} WARNING - No viable dags retrieved from /home/airflow/.local/lib/python3.8/site-packages/airflow/example_dags/plugins/event_listener.py
[2026-04-08T12:28:37.702+0000] {processor.py:183} INFO - Processing /home/airflow/.local/lib/python3.8/site-packages/airflow/example_dags/plugins/event_listener.py took 0.019 seconds
[2026-04-08T12:29:08.802+0000] {processor.py:161} INFO - Started process (PID=2196) to work on /home/airflow/.local/lib/python3.8/site-packages/airflow/example_dags/plugins/event_listener.py
[2026-04-08T12:29:08.803+0000] {processor.py:830} INFO - Processing file /home/airflow/.local/lib/python3.8/site-packages/airflow/example_dags/plugins/event_listener.py for tasks to queue
[2026-04-08T12:29:08.805+0000] {logging_mixin.py:188} INFO - [2026-04-08T12:29:08.805+0000] {dagbag.py:538} INFO - Filling up the DagBag from /home/airflow/.local/lib/python3.8/site-packages/airflow/example_dags/plugins/event_listener.py
[2026-04-08T12:29:08.808+0000] {processor.py:842} WARNING - No viable dags retrieved from /home/airflow/.local/lib/python3.8/site-packages/airflow/example_dags/plugins/event_listener.py
[2026-04-08T12:29:08.823+0000] {processor.py:183} INFO - Processing /home/airflow/.local/lib/python3.8/site-packages/airflow/example_dags/plugins/event_listener.py took 0.025 seconds
[2026-04-08T12:29:38.966+0000] {processor.py:161} INFO - Started process (PID=2278) to work on /home/airflow/.local/lib/python3.8/site-packages/airflow/example_dags/plugins/event_listener.py
[2026-04-08T12:29:38.967+0000] {processor.py:830} INFO - Processing file /home/airflow/.local/lib/python3.8/site-packages/airflow/example_dags/plugins/event_listener.py for tasks to queue
[2026-04-08T12:29:38.970+0000] {logging_mixin.py:188} INFO - [2026-04-08T12:29:38.970+0000] {dagbag.py:538} INFO - Filling up the DagBag from /home/airflow/.local/lib/python3.8/site-packages/airflow/example_dags/plugins/event_listener.py
[2026-04-08T12:29:38.973+0000] {processor.py:842} WARNING - No viable dags retrieved from /home/airflow/.local/lib/python3.8/site-packages/airflow/example_dags/plugins/event_listener.py
[2026-04-08T12:29:38.987+0000] {processor.py:183} INFO - Processing /home/airflow/.local/lib/python3.8/site-packages/airflow/example_dags/plugins/event_listener.py took 0.025 seconds
[2026-04-08T12:30:09.573+0000] {processor.py:161} INFO - Started process (PID=2335) to work on /home/airflow/.local/lib/python3.8/site-packages/airflow/example_dags/plugins/event_listener.py
[2026-04-08T12:30:09.574+0000] {processor.py:830} INFO - Processing file /home/airflow/.local/lib/python3.8/site-packages/airflow/example_dags/plugins/event_listener.py for tasks to queue
[2026-04-08T12:30:09.577+0000] {logging_mixin.py:188} INFO - [2026-04-08T12:30:09.577+0000] {dagbag.py:538} INFO - Filling up the DagBag from /home/airflow/.local/lib/python3.8/site-packages/airflow/example_dags/plugins/event_listener.py
[2026-04-08T12:30:09.580+0000] {processor.py:842} WARNING - No viable dags retrieved from /home/airflow/.local/lib/python3.8/site-packages/airflow/example_dags/plugins/event_listener.py
[2026-04-08T12:30:09.598+0000] {processor.py:183} INFO - Processing /home/airflow/.local/lib/python3.8/site-packages/airflow/example_dags/plugins/event_listener.py took 0.028 seconds
[2026-04-08T12:30:39.982+0000] {processor.py:161} INFO - Started process (PID=2393) to work on /home/airflow/.local/lib/python3.8/site-packages/airflow/example_dags/plugins/event_listener.py
[2026-04-08T12:30:39.985+0000] {processor.py:830} INFO - Processing file /home/airflow/.local/lib/python3.8/site-packages/airflow/example_dags/plugins/event_listener.py for tasks to queue
[2026-04-08T12:30:39.991+0000] {logging_mixin.py:188} INFO - [2026-04-08T12:30:39.990+0000] {dagbag.py:538} INFO - Filling up the DagBag from /home/airflow/.local/lib/python3.8/site-packages/airflow/example_dags/plugins/event_listener.py
[2026-04-08T12:30:39.995+0000] {processor.py:842} WARNING - No viable dags retrieved from /home/airflow/.local/lib/python3.8/site-packages/airflow/example_dags/plugins/event_listener.py
[2026-04-08T12:30:40.026+0000] {processor.py:183} INFO - Processing /home/airflow/.local/lib/python3.8/site-packages/airflow/example_dags/plugins/event_listener.py took 0.055 seconds
[2026-04-08T12:31:11.130+0000] {processor.py:161} INFO - Started process (PID=2451) to work on /home/airflow/.local/lib/python3.8/site-packages/airflow/example_dags/plugins/event_listener.py
[2026-04-08T12:31:11.131+0000] {processor.py:830} INFO - Processing file /home/airflow/.local/lib/python3.8/site-packages/airflow/example_dags/plugins/event_listener.py for tasks to queue
[2026-04-08T12:31:11.136+0000] {logging_mixin.py:188} INFO - [2026-04-08T12:31:11.136+0000] {dagbag.py:538} INFO - Filling up the DagBag from /home/airflow/.local/lib/python3.8/site-packages/airflow/example_dags/plugins/event_listener.py
[2026-04-08T12:31:11.141+0000] {processor.py:842} WARNING - No viable dags retrieved from /home/airflow/.local/lib/python3.8/site-packages/airflow/example_dags/plugins/event_listener.py
[2026-04-08T12:31:11.156+0000] {processor.py:183} INFO - Processing /home/airflow/.local/lib/python3.8/site-packages/airflow/example_dags/plugins/event_listener.py took 0.030 seconds
[2026-04-08T12:31:41.318+0000] {processor.py:161} INFO - Started process (PID=2509) to work on /home/airflow/.local/lib/python3.8/site-packages/airflow/example_dags/plugins/event_listener.py
[2026-04-08T12:31:41.319+0000] {processor.py:830} INFO - Processing file /home/airflow/.local/lib/python3.8/site-packages/airflow/example_dags/plugins/event_listener.py for tasks to queue
[2026-04-08T12:31:41.322+0000] {logging_mixin.py:188} INFO - [2026-04-08T12:31:41.321+0000] {dagbag.py:538} INFO - Filling up the DagBag from /home/airflow/.local/lib/python3.8/site-packages/airflow/example_dags/plugins/event_listener.py
[2026-04-08T12:31:41.325+0000] {processor.py:842} WARNING - No viable dags retrieved from /home/airflow/.local/lib/python3.8/site-packages/airflow/example_dags/plugins/event_listener.py
[2026-04-08T12:31:41.347+0000] {processor.py:183} INFO - Processing /home/airflow/.local/lib/python3.8/site-packages/airflow/example_dags/plugins/event_listener.py took 0.034 seconds
[2026-04-08T12:32:12.237+0000] {processor.py:161} INFO - Started process (PID=2573) to work on /home/airflow/.local/lib/python3.8/site-packages/airflow/example_dags/plugins/event_listener.py
[2026-04-08T12:32:12.241+0000] {processor.py:830} INFO - Processing file /home/airflow/.local/lib/python3.8/site-packages/airflow/example_dags/plugins/event_listener.py for tasks to queue
[2026-04-08T12:32:12.251+0000] {logging_mixin.py:188} INFO - [2026-04-08T12:32:12.250+0000] {dagbag.py:538} INFO - Filling up the DagBag from /home/airflow/.local/lib/python3.8/site-packages/airflow/example_dags/plugins/event_listener.py
[2026-04-08T12:32:12.264+0000] {processor.py:842} WARNING - No viable dags retrieved from /home/airflow/.local/lib/python3.8/site-packages/airflow/example_dags/plugins/event_listener.py
[2026-04-08T12:32:12.340+0000] {processor.py:183} INFO - Processing /home/airflow/.local/lib/python3.8/site-packages/airflow/example_dags/plugins/event_listener.py took 0.119 seconds
[2026-04-08T12:32:43.258+0000] {processor.py:161} INFO - Started process (PID=2663) to work on /home/airflow/.local/lib/python3.8/site-packages/airflow/example_dags/plugins/event_listener.py
[2026-04-08T12:32:43.263+0000] {processor.py:830} INFO - Processing file /home/airflow/.local/lib/python3.8/site-packages/airflow/example_dags/plugins/event_listener.py for tasks to queue
[2026-04-08T12:32:43.271+0000] {logging_mixin.py:188} INFO - [2026-04-08T12:32:43.271+0000] {dagbag.py:538} INFO - Filling up the DagBag from /home/airflow/.local/lib/python3.8/site-packages/airflow/example_dags/plugins/event_listener.py
[2026-04-08T12:32:43.282+0000] {processor.py:842} WARNING - No viable dags retrieved from /home/airflow/.local/lib/python3.8/site-packages/airflow/example_dags/plugins/event_listener.py
[2026-04-08T12:32:43.321+0000] {processor.py:183} INFO - Processing /home/airflow/.local/lib/python3.8/site-packages/airflow/example_dags/plugins/event_listener.py took 0.075 seconds
[2026-04-08T12:33:19.006+0000] {processor.py:161} INFO - Started process (PID=2735) to work on /home/airflow/.local/lib/python3.8/site-packages/airflow/example_dags/plugins/event_listener.py
[2026-04-08T12:33:19.009+0000] {processor.py:830} INFO - Processing file /home/airflow/.local/lib/python3.8/site-packages/airflow/example_dags/plugins/event_listener.py for tasks to queue
[2026-04-08T12:33:19.017+0000] {logging_mixin.py:188} INFO - [2026-04-08T12:33:19.016+0000] {dagbag.py:538} INFO - Filling up the DagBag from /home/airflow/.local/lib/python3.8/site-packages/airflow/example_dags/plugins/event_listener.py
[2026-04-08T12:33:19.022+0000] {processor.py:842} WARNING - No viable dags retrieved from /home/airflow/.local/lib/python3.8/site-packages/airflow/example_dags/plugins/event_listener.py
[2026-04-08T12:33:19.052+0000] {processor.py:183} INFO - Processing /home/airflow/.local/lib/python3.8/site-packages/airflow/example_dags/plugins/event_listener.py took 0.058 seconds
[2026-04-08T12:33:49.201+0000] {processor.py:161} INFO - Started process (PID=2792) to work on /home/airflow/.local/lib/python3.8/site-packages/airflow/example_dags/plugins/event_listener.py
[2026-04-08T12:33:49.205+0000] {processor.py:830} INFO - Processing file /home/airflow/.local/lib/python3.8/site-packages/airflow/example_dags/plugins/event_listener.py for tasks to queue
[2026-04-08T12:33:49.207+0000] {logging_mixin.py:188} INFO - [2026-04-08T12:33:49.207+0000] {dagbag.py:538} INFO - Filling up the DagBag from /home/airflow/.local/lib/python3.8/site-packages/airflow/example_dags/plugins/event_listener.py
[2026-04-08T12:33:49.214+0000] {processor.py:842} WARNING - No viable dags retrieved from /home/airflow/.local/lib/python3.8/site-packages/airflow/example_dags/plugins/event_listener.py
[2026-04-08T12:33:49.270+0000] {processor.py:183} INFO - Processing /home/airflow/.local/lib/python3.8/site-packages/airflow/example_dags/plugins/event_listener.py took 0.080 seconds
[2026-04-08T12:34:19.893+0000] {processor.py:161} INFO - Started process (PID=2850) to work on /home/airflow/.local/lib/python3.8/site-packages/airflow/example_dags/plugins/event_listener.py
[2026-04-08T12:34:19.894+0000] {processor.py:830} INFO - Processing file /home/airflow/.local/lib/python3.8/site-packages/airflow/example_dags/plugins/event_listener.py for tasks to queue
[2026-04-08T12:34:19.896+0000] {logging_mixin.py:188} INFO - [2026-04-08T12:34:19.896+0000] {dagbag.py:538} INFO - Filling up the DagBag from /home/airflow/.local/lib/python3.8/site-packages/airflow/example_dags/plugins/event_listener.py
[2026-04-08T12:34:19.899+0000] {processor.py:842} WARNING - No viable dags retrieved from /home/airflow/.local/lib/python3.8/site-packages/airflow/example_dags/plugins/event_listener.py
[2026-04-08T12:34:19.914+0000] {processor.py:183} INFO - Processing /home/airflow/.local/lib/python3.8/site-packages/airflow/example_dags/plugins/event_listener.py took 0.025 seconds
[2026-04-08T12:34:50.949+0000] {processor.py:161} INFO - Started process (PID=2925) to work on /home/airflow/.local/lib/python3.8/site-packages/airflow/example_dags/plugins/event_listener.py
[2026-04-08T12:34:50.950+0000] {processor.py:830} INFO - Processing file /home/airflow/.local/lib/python3.8/site-packages/airflow/example_dags/plugins/event_listener.py for tasks to queue
[2026-04-08T12:34:50.952+0000] {logging_mixin.py:188} INFO - [2026-04-08T12:34:50.952+0000] {dagbag.py:538} INFO - Filling up the DagBag from /home/airflow/.local/lib/python3.8/site-packages/airflow/example_dags/plugins/event_listener.py
[2026-04-08T12:34:50.955+0000] {processor.py:842} WARNING - No viable dags retrieved from /home/airflow/.local/lib/python3.8/site-packages/airflow/example_dags/plugins/event_listener.py
[2026-04-08T12:34:50.969+0000] {processor.py:183} INFO - Processing /home/airflow/.local/lib/python3.8/site-packages/airflow/example_dags/plugins/event_listener.py took 0.024 seconds
[2026-04-08T12:35:21.460+0000] {processor.py:161} INFO - Started process (PID=2990) to work on /home/airflow/.local/lib/python3.8/site-packages/airflow/example_dags/plugins/event_listener.py
[2026-04-08T12:35:21.461+0000] {processor.py:830} INFO - Processing file /home/airflow/.local/lib/python3.8/site-packages/airflow/example_dags/plugins/event_listener.py for tasks to queue
[2026-04-08T12:35:21.463+0000] {logging_mixin.py:188} INFO - [2026-04-08T12:35:21.463+0000] {dagbag.py:538} INFO - Filling up the DagBag from /home/airflow/.local/lib/python3.8/site-packages/airflow/example_dags/plugins/event_listener.py
[2026-04-08T12:35:21.468+0000] {processor.py:842} WARNING - No viable dags retrieved from /home/airflow/.local/lib/python3.8/site-packages/airflow/example_dags/plugins/event_listener.py
[2026-04-08T12:35:21.485+0000] {processor.py:183} INFO - Processing /home/airflow/.local/lib/python3.8/site-packages/airflow/example_dags/plugins/event_listener.py took 0.029 seconds
[2026-04-08T12:35:51.910+0000] {processor.py:161} INFO - Started process (PID=3057) to work on /home/airflow/.local/lib/python3.8/site-packages/airflow/example_dags/plugins/event_listener.py
[2026-04-08T12:35:51.913+0000] {processor.py:830} INFO - Processing file /home/airflow/.local/lib/python3.8/site-packages/airflow/example_dags/plugins/event_listener.py for tasks to queue
[2026-04-08T12:35:51.917+0000] {logging_mixin.py:188} INFO - [2026-04-08T12:35:51.916+0000] {dagbag.py:538} INFO - Filling up the DagBag from /home/airflow/.local/lib/python3.8/site-packages/airflow/example_dags/plugins/event_listener.py
[2026-04-08T12:35:51.921+0000] {processor.py:842} WARNING - No viable dags retrieved from /home/airflow/.local/lib/python3.8/site-packages/airflow/example_dags/plugins/event_listener.py
[2026-04-08T12:35:51.946+0000] {processor.py:183} INFO - Processing /home/airflow/.local/lib/python3.8/site-packages/airflow/example_dags/plugins/event_listener.py took 0.040 seconds
[2026-04-08T12:36:22.440+0000] {processor.py:161} INFO - Started process (PID=3144) to work on /home/airflow/.local/lib/python3.8/site-packages/airflow/example_dags/plugins/event_listener.py
[2026-04-08T12:36:22.441+0000] {processor.py:830} INFO - Processing file /home/airflow/.local/lib/python3.8/site-packages/airflow/example_dags/plugins/event_listener.py for tasks to queue
[2026-04-08T12:36:22.444+0000] {logging_mixin.py:188} INFO - [2026-04-08T12:36:22.444+0000] {dagbag.py:538} INFO - Filling up the DagBag from /home/airflow/.local/lib/python3.8/site-packages/airflow/example_dags/plugins/event_listener.py
[2026-04-08T12:36:22.447+0000] {processor.py:842} WARNING - No viable dags retrieved from /home/airflow/.local/lib/python3.8/site-packages/airflow/example_dags/plugins/event_listener.py
[2026-04-08T12:36:22.462+0000] {processor.py:183} INFO - Processing /home/airflow/.local/lib/python3.8/site-packages/airflow/example_dags/plugins/event_listener.py took 0.026 seconds
[2026-04-08T12:36:52.749+0000] {processor.py:161} INFO - Started process (PID=3210) to work on /home/airflow/.local/lib/python3.8/site-packages/airflow/example_dags/plugins/event_listener.py
[2026-04-08T12:36:52.750+0000] {processor.py:830} INFO - Processing file /home/airflow/.local/lib/python3.8/site-packages/airflow/example_dags/plugins/event_listener.py for tasks to queue
[2026-04-08T12:36:52.752+0000] {logging_mixin.py:188} INFO - [2026-04-08T12:36:52.752+0000] {dagbag.py:538} INFO - Filling up the DagBag from /home/airflow/.local/lib/python3.8/site-packages/airflow/example_dags/plugins/event_listener.py
[2026-04-08T12:36:52.755+0000] {processor.py:842} WARNING - No viable dags retrieved from /home/airflow/.local/lib/python3.8/site-packages/airflow/example_dags/plugins/event_listener.py
[2026-04-08T12:36:52.771+0000] {processor.py:183} INFO - Processing /home/airflow/.local/lib/python3.8/site-packages/airflow/example_dags/plugins/event_listener.py took 0.025 seconds
[2026-04-08T12:37:24.133+0000] {processor.py:161} INFO - Started process (PID=3269) to work on /home/airflow/.local/lib/python3.8/site-packages/airflow/example_dags/plugins/event_listener.py
[2026-04-08T12:37:24.137+0000] {processor.py:830} INFO - Processing file /home/airflow/.local/lib/python3.8/site-packages/airflow/example_dags/plugins/event_listener.py for tasks to queue
[2026-04-08T12:37:24.144+0000] {logging_mixin.py:188} INFO - [2026-04-08T12:37:24.144+0000] {dagbag.py:538} INFO - Filling up the DagBag from /home/airflow/.local/lib/python3.8/site-packages/airflow/example_dags/plugins/event_listener.py
[2026-04-08T12:37:24.157+0000] {processor.py:842} WARNING - No viable dags retrieved from /home/airflow/.local/lib/python3.8/site-packages/airflow/example_dags/plugins/event_listener.py
[2026-04-08T12:37:24.219+0000] {processor.py:183} INFO - Processing /home/airflow/.local/lib/python3.8/site-packages/airflow/example_dags/plugins/event_listener.py took 0.102 seconds
[2026-04-08T12:37:54.716+0000] {processor.py:161} INFO - Started process (PID=3328) to work on /home/airflow/.local/lib/python3.8/site-packages/airflow/example_dags/plugins/event_listener.py
[2026-04-08T12:37:54.717+0000] {processor.py:830} INFO - Processing file /home/airflow/.local/lib/python3.8/site-packages/airflow/example_dags/plugins/event_listener.py for tasks to queue
[2026-04-08T12:37:54.720+0000] {logging_mixin.py:188} INFO - [2026-04-08T12:37:54.720+0000] {dagbag.py:538} INFO - Filling up the DagBag from /home/airflow/.local/lib/python3.8/site-packages/airflow/example_dags/plugins/event_listener.py
[2026-04-08T12:37:54.723+0000] {processor.py:842} WARNING - No viable dags retrieved from /home/airflow/.local/lib/python3.8/site-packages/airflow/example_dags/plugins/event_listener.py
[2026-04-08T12:37:54.737+0000] {processor.py:183} INFO - Processing /home/airflow/.local/lib/python3.8/site-packages/airflow/example_dags/plugins/event_listener.py took 0.024 seconds
[2026-04-08T12:38:25.145+0000] {processor.py:161} INFO - Started process (PID=3387) to work on /home/airflow/.local/lib/python3.8/site-packages/airflow/example_dags/plugins/event_listener.py
[2026-04-08T12:38:25.146+0000] {processor.py:830} INFO - Processing file /home/airflow/.local/lib/python3.8/site-packages/airflow/example_dags/plugins/event_listener.py for tasks to queue
[2026-04-08T12:38:25.149+0000] {logging_mixin.py:188} INFO - [2026-04-08T12:38:25.148+0000] {dagbag.py:538} INFO - Filling up the DagBag from /home/airflow/.local/lib/python3.8/site-packages/airflow/example_dags/plugins/event_listener.py
[2026-04-08T12:38:25.151+0000] {processor.py:842} WARNING - No viable dags retrieved from /home/airflow/.local/lib/python3.8/site-packages/airflow/example_dags/plugins/event_listener.py
[2026-04-08T12:38:25.165+0000] {processor.py:183} INFO - Processing /home/airflow/.local/lib/python3.8/site-packages/airflow/example_dags/plugins/event_listener.py took 0.024 seconds
[2026-04-08T12:38:55.563+0000] {processor.py:161} INFO - Started process (PID=3447) to work on /home/airflow/.local/lib/python3.8/site-packages/airflow/example_dags/plugins/event_listener.py
[2026-04-08T12:38:55.564+0000] {processor.py:830} INFO - Processing file /home/airflow/.local/lib/python3.8/site-packages/airflow/example_dags/plugins/event_listener.py for tasks to queue
[2026-04-08T12:38:55.566+0000] {logging_mixin.py:188} INFO - [2026-04-08T12:38:55.566+0000] {dagbag.py:538} INFO - Filling up the DagBag from /home/airflow/.local/lib/python3.8/site-packages/airflow/example_dags/plugins/event_listener.py
[2026-04-08T12:38:55.569+0000] {processor.py:842} WARNING - No viable dags retrieved from /home/airflow/.local/lib/python3.8/site-packages/airflow/example_dags/plugins/event_listener.py
[2026-04-08T12:38:55.584+0000] {processor.py:183} INFO - Processing /home/airflow/.local/lib/python3.8/site-packages/airflow/example_dags/plugins/event_listener.py took 0.026 seconds
[2026-04-08T12:39:26.176+0000] {processor.py:161} INFO - Started process (PID=3513) to work on /home/airflow/.local/lib/python3.8/site-packages/airflow/example_dags/plugins/event_listener.py
[2026-04-08T12:39:26.179+0000] {processor.py:830} INFO - Processing file /home/airflow/.local/lib/python3.8/site-packages/airflow/example_dags/plugins/event_listener.py for tasks to queue
[2026-04-08T12:39:26.186+0000] {logging_mixin.py:188} INFO - [2026-04-08T12:39:26.185+0000] {dagbag.py:538} INFO - Filling up the DagBag from /home/airflow/.local/lib/python3.8/site-packages/airflow/example_dags/plugins/event_listener.py
[2026-04-08T12:39:26.189+0000] {processor.py:842} WARNING - No viable dags retrieved from /home/airflow/.local/lib/python3.8/site-packages/airflow/example_dags/plugins/event_listener.py
[2026-04-08T12:39:26.204+0000] {processor.py:183} INFO - Processing /home/airflow/.local/lib/python3.8/site-packages/airflow/example_dags/plugins/event_listener.py took 0.031 seconds
[2026-04-08T12:39:56.713+0000] {processor.py:161} INFO - Started process (PID=3572) to work on /home/airflow/.local/lib/python3.8/site-packages/airflow/example_dags/plugins/event_listener.py
[2026-04-08T12:39:56.715+0000] {processor.py:830} INFO - Processing file /home/airflow/.local/lib/python3.8/site-packages/airflow/example_dags/plugins/event_listener.py for tasks to queue
[2026-04-08T12:39:56.718+0000] {logging_mixin.py:188} INFO - [2026-04-08T12:39:56.717+0000] {dagbag.py:538} INFO - Filling up the DagBag from /home/airflow/.local/lib/python3.8/site-packages/airflow/example_dags/plugins/event_listener.py
[2026-04-08T12:39:56.720+0000] {processor.py:842} WARNING - No viable dags retrieved from /home/airflow/.local/lib/python3.8/site-packages/airflow/example_dags/plugins/event_listener.py
[2026-04-08T12:39:56.735+0000] {processor.py:183} INFO - Processing /home/airflow/.local/lib/python3.8/site-packages/airflow/example_dags/plugins/event_listener.py took 0.026 seconds
[2026-04-08T12:40:27.622+0000] {processor.py:161} INFO - Started process (PID=3655) to work on /home/airflow/.local/lib/python3.8/site-packages/airflow/example_dags/plugins/event_listener.py
[2026-04-08T12:40:27.624+0000] {processor.py:830} INFO - Processing file /home/airflow/.local/lib/python3.8/site-packages/airflow/example_dags/plugins/event_listener.py for tasks to queue
[2026-04-08T12:40:27.629+0000] {logging_mixin.py:188} INFO - [2026-04-08T12:40:27.629+0000] {dagbag.py:538} INFO - Filling up the DagBag from /home/airflow/.local/lib/python3.8/site-packages/airflow/example_dags/plugins/event_listener.py
[2026-04-08T12:40:27.632+0000] {processor.py:842} WARNING - No viable dags retrieved from /home/airflow/.local/lib/python3.8/site-packages/airflow/example_dags/plugins/event_listener.py
[2026-04-08T12:40:27.647+0000] {processor.py:183} INFO - Processing /home/airflow/.local/lib/python3.8/site-packages/airflow/example_dags/plugins/event_listener.py took 0.033 seconds
[2026-04-08T12:40:58.831+0000] {processor.py:161} INFO - Started process (PID=3729) to work on /home/airflow/.local/lib/python3.8/site-packages/airflow/example_dags/plugins/event_listener.py
[2026-04-08T12:40:58.832+0000] {processor.py:830} INFO - Processing file /home/airflow/.local/lib/python3.8/site-packages/airflow/example_dags/plugins/event_listener.py for tasks to queue
[2026-04-08T12:40:58.835+0000] {logging_mixin.py:188} INFO - [2026-04-08T12:40:58.835+0000] {dagbag.py:538} INFO - Filling up the DagBag from /home/airflow/.local/lib/python3.8/site-packages/airflow/example_dags/plugins/event_listener.py
[2026-04-08T12:40:58.838+0000] {processor.py:842} WARNING - No viable dags retrieved from /home/airflow/.local/lib/python3.8/site-packages/airflow/example_dags/plugins/event_listener.py
[2026-04-08T12:40:58.851+0000] {processor.py:183} INFO - Processing /home/airflow/.local/lib/python3.8/site-packages/airflow/example_dags/plugins/event_listener.py took 0.024 seconds
[2026-04-08T12:41:29.330+0000] {processor.py:161} INFO - Started process (PID=3797) to work on /home/airflow/.local/lib/python3.8/site-packages/airflow/example_dags/plugins/event_listener.py
[2026-04-08T12:41:29.331+0000] {processor.py:830} INFO - Processing file /home/airflow/.local/lib/python3.8/site-packages/airflow/example_dags/plugins/event_listener.py for tasks to queue
[2026-04-08T12:41:29.332+0000] {logging_mixin.py:188} INFO - [2026-04-08T12:41:29.332+0000] {dagbag.py:538} INFO - Filling up the DagBag from /home/airflow/.local/lib/python3.8/site-packages/airflow/example_dags/plugins/event_listener.py
[2026-04-08T12:41:29.335+0000] {processor.py:842} WARNING - No viable dags retrieved from /home/airflow/.local/lib/python3.8/site-packages/airflow/example_dags/plugins/event_listener.py
[2026-04-08T12:41:29.350+0000] {processor.py:183} INFO - Processing /home/airflow/.local/lib/python3.8/site-packages/airflow/example_dags/plugins/event_listener.py took 0.028 seconds
[2026-04-08T12:42:00.188+0000] {processor.py:161} INFO - Started process (PID=3863) to work on /home/airflow/.local/lib/python3.8/site-packages/airflow/example_dags/plugins/event_listener.py
[2026-04-08T12:42:00.189+0000] {processor.py:830} INFO - Processing file /home/airflow/.local/lib/python3.8/site-packages/airflow/example_dags/plugins/event_listener.py for tasks to queue
[2026-04-08T12:42:00.190+0000] {logging_mixin.py:188} INFO - [2026-04-08T12:42:00.190+0000] {dagbag.py:538} INFO - Filling up the DagBag from /home/airflow/.local/lib/python3.8/site-packages/airflow/example_dags/plugins/event_listener.py
[2026-04-08T12:42:00.193+0000] {processor.py:842} WARNING - No viable dags retrieved from /home/airflow/.local/lib/python3.8/site-packages/airflow/example_dags/plugins/event_listener.py
[2026-04-08T12:42:00.207+0000] {processor.py:183} INFO - Processing /home/airflow/.local/lib/python3.8/site-packages/airflow/example_dags/plugins/event_listener.py took 0.022 seconds
[2026-04-08T12:42:30.861+0000] {processor.py:161} INFO - Started process (PID=3923) to work on /home/airflow/.local/lib/python3.8/site-packages/airflow/example_dags/plugins/event_listener.py
[2026-04-08T12:42:30.862+0000] {processor.py:830} INFO - Processing file /home/airflow/.local/lib/python3.8/site-packages/airflow/example_dags/plugins/event_listener.py for tasks to queue
[2026-04-08T12:42:30.863+0000] {logging_mixin.py:188} INFO - [2026-04-08T12:42:30.863+0000] {dagbag.py:538} INFO - Filling up the DagBag from /home/airflow/.local/lib/python3.8/site-packages/airflow/example_dags/plugins/event_listener.py
[2026-04-08T12:42:30.866+0000] {processor.py:842} WARNING - No viable dags retrieved from /home/airflow/.local/lib/python3.8/site-packages/airflow/example_dags/plugins/event_listener.py
[2026-04-08T12:42:30.886+0000] {processor.py:183} INFO - Processing /home/airflow/.local/lib/python3.8/site-packages/airflow/example_dags/plugins/event_listener.py took 0.029 seconds
[2026-04-08T12:43:01.333+0000] {processor.py:161} INFO - Started process (PID=3983) to work on /home/airflow/.local/lib/python3.8/site-packages/airflow/example_dags/plugins/event_listener.py
[2026-04-08T12:43:01.334+0000] {processor.py:830} INFO - Processing file /home/airflow/.local/lib/python3.8/site-packages/airflow/example_dags/plugins/event_listener.py for tasks to queue
[2026-04-08T12:43:01.335+0000] {logging_mixin.py:188} INFO - [2026-04-08T12:43:01.335+0000] {dagbag.py:538} INFO - Filling up the DagBag from /home/airflow/.local/lib/python3.8/site-packages/airflow/example_dags/plugins/event_listener.py
[2026-04-08T12:43:01.337+0000] {processor.py:842} WARNING - No viable dags retrieved from /home/airflow/.local/lib/python3.8/site-packages/airflow/example_dags/plugins/event_listener.py
[2026-04-08T12:43:01.351+0000] {processor.py:183} INFO - Processing /home/airflow/.local/lib/python3.8/site-packages/airflow/example_dags/plugins/event_listener.py took 0.023 seconds
[2026-04-08T12:43:31.890+0000] {processor.py:161} INFO - Started process (PID=4043) to work on /home/airflow/.local/lib/python3.8/site-packages/airflow/example_dags/plugins/event_listener.py
[2026-04-08T12:43:31.891+0000] {processor.py:830} INFO - Processing file /home/airflow/.local/lib/python3.8/site-packages/airflow/example_dags/plugins/event_listener.py for tasks to queue
[2026-04-08T12:43:31.892+0000] {logging_mixin.py:188} INFO - [2026-04-08T12:43:31.891+0000] {dagbag.py:538} INFO - Filling up the DagBag from /home/airflow/.local/lib/python3.8/site-packages/airflow/example_dags/plugins/event_listener.py
[2026-04-08T12:43:31.894+0000] {processor.py:842} WARNING - No viable dags retrieved from /home/airflow/.local/lib/python3.8/site-packages/airflow/example_dags/plugins/event_listener.py
[2026-04-08T12:43:31.910+0000] {processor.py:183} INFO - Processing /home/airflow/.local/lib/python3.8/site-packages/airflow/example_dags/plugins/event_listener.py took 0.024 seconds
[2026-04-08T12:44:03.090+0000] {processor.py:161} INFO - Started process (PID=4118) to work on /home/airflow/.local/lib/python3.8/site-packages/airflow/example_dags/plugins/event_listener.py
[2026-04-08T12:44:03.091+0000] {processor.py:830} INFO - Processing file /home/airflow/.local/lib/python3.8/site-packages/airflow/example_dags/plugins/event_listener.py for tasks to queue
[2026-04-08T12:44:03.092+0000] {logging_mixin.py:188} INFO - [2026-04-08T12:44:03.091+0000] {dagbag.py:538} INFO - Filling up the DagBag from /home/airflow/.local/lib/python3.8/site-packages/airflow/example_dags/plugins/event_listener.py
[2026-04-08T12:44:03.094+0000] {processor.py:842} WARNING - No viable dags retrieved from /home/airflow/.local/lib/python3.8/site-packages/airflow/example_dags/plugins/event_listener.py
[2026-04-08T12:44:03.112+0000] {processor.py:183} INFO - Processing /home/airflow/.local/lib/python3.8/site-packages/airflow/example_dags/plugins/event_listener.py took 0.027 seconds
[2026-04-08T12:44:35.476+0000] {processor.py:161} INFO - Started process (PID=4211) to work on /home/airflow/.local/lib/python3.8/site-packages/airflow/example_dags/plugins/event_listener.py
[2026-04-08T12:44:35.482+0000] {processor.py:830} INFO - Processing file /home/airflow/.local/lib/python3.8/site-packages/airflow/example_dags/plugins/event_listener.py for tasks to queue
[2026-04-08T12:44:35.486+0000] {logging_mixin.py:188} INFO - [2026-04-08T12:44:35.485+0000] {dagbag.py:538} INFO - Filling up the DagBag from /home/airflow/.local/lib/python3.8/site-packages/airflow/example_dags/plugins/event_listener.py
[2026-04-08T12:44:35.495+0000] {processor.py:842} WARNING - No viable dags retrieved from /home/airflow/.local/lib/python3.8/site-packages/airflow/example_dags/plugins/event_listener.py
[2026-04-08T12:44:35.571+0000] {processor.py:183} INFO - Processing /home/airflow/.local/lib/python3.8/site-packages/airflow/example_dags/plugins/event_listener.py took 0.118 seconds
[2026-04-08T12:45:05.757+0000] {processor.py:161} INFO - Started process (PID=4270) to work on /home/airflow/.local/lib/python3.8/site-packages/airflow/example_dags/plugins/event_listener.py
[2026-04-08T12:45:05.761+0000] {processor.py:830} INFO - Processing file /home/airflow/.local/lib/python3.8/site-packages/airflow/example_dags/plugins/event_listener.py for tasks to queue
[2026-04-08T12:45:05.766+0000] {logging_mixin.py:188} INFO - [2026-04-08T12:45:05.765+0000] {dagbag.py:538} INFO - Filling up the DagBag from /home/airflow/.local/lib/python3.8/site-packages/airflow/example_dags/plugins/event_listener.py
[2026-04-08T12:45:05.777+0000] {processor.py:842} WARNING - No viable dags retrieved from /home/airflow/.local/lib/python3.8/site-packages/airflow/example_dags/plugins/event_listener.py
[2026-04-08T12:45:05.799+0000] {processor.py:183} INFO - Processing /home/airflow/.local/lib/python3.8/site-packages/airflow/example_dags/plugins/event_listener.py took 0.061 seconds
[2026-04-08T12:45:35.944+0000] {processor.py:161} INFO - Started process (PID=4336) to work on /home/airflow/.local/lib/python3.8/site-packages/airflow/example_dags/plugins/event_listener.py
[2026-04-08T12:45:35.945+0000] {processor.py:830} INFO - Processing file /home/airflow/.local/lib/python3.8/site-packages/airflow/example_dags/plugins/event_listener.py for tasks to queue
[2026-04-08T12:45:35.945+0000] {logging_mixin.py:188} INFO - [2026-04-08T12:45:35.945+0000] {dagbag.py:538} INFO - Filling up the DagBag from /home/airflow/.local/lib/python3.8/site-packages/airflow/example_dags/plugins/event_listener.py
[2026-04-08T12:45:35.947+0000] {processor.py:842} WARNING - No viable dags retrieved from /home/airflow/.local/lib/python3.8/site-packages/airflow/example_dags/plugins/event_listener.py
[2026-04-08T12:45:35.960+0000] {processor.py:183} INFO - Processing /home/airflow/.local/lib/python3.8/site-packages/airflow/example_dags/plugins/event_listener.py took 0.019 seconds
[2026-04-08T12:46:07.004+0000] {processor.py:161} INFO - Started process (PID=4403) to work on /home/airflow/.local/lib/python3.8/site-packages/airflow/example_dags/plugins/event_listener.py
[2026-04-08T12:46:07.007+0000] {processor.py:830} INFO - Processing file /home/airflow/.local/lib/python3.8/site-packages/airflow/example_dags/plugins/event_listener.py for tasks to queue
[2026-04-08T12:46:07.012+0000] {logging_mixin.py:188} INFO - [2026-04-08T12:46:07.012+0000] {dagbag.py:538} INFO - Filling up the DagBag from /home/airflow/.local/lib/python3.8/site-packages/airflow/example_dags/plugins/event_listener.py
[2026-04-08T12:46:07.028+0000] {processor.py:842} WARNING - No viable dags retrieved from /home/airflow/.local/lib/python3.8/site-packages/airflow/example_dags/plugins/event_listener.py
[2026-04-08T12:46:07.065+0000] {processor.py:183} INFO - Processing /home/airflow/.local/lib/python3.8/site-packages/airflow/example_dags/plugins/event_listener.py took 0.074 seconds
[2026-04-08T12:46:38.873+0000] {processor.py:161} INFO - Started process (PID=4475) to work on /home/airflow/.local/lib/python3.8/site-packages/airflow/example_dags/plugins/event_listener.py
[2026-04-08T12:46:38.874+0000] {processor.py:830} INFO - Processing file /home/airflow/.local/lib/python3.8/site-packages/airflow/example_dags/plugins/event_listener.py for tasks to queue
[2026-04-08T12:46:38.875+0000] {logging_mixin.py:188} INFO - [2026-04-08T12:46:38.875+0000] {dagbag.py:538} INFO - Filling up the DagBag from /home/airflow/.local/lib/python3.8/site-packages/airflow/example_dags/plugins/event_listener.py
[2026-04-08T12:46:38.878+0000] {processor.py:842} WARNING - No viable dags retrieved from /home/airflow/.local/lib/python3.8/site-packages/airflow/example_dags/plugins/event_listener.py
[2026-04-08T12:46:38.893+0000] {processor.py:183} INFO - Processing /home/airflow/.local/lib/python3.8/site-packages/airflow/example_dags/plugins/event_listener.py took 0.024 seconds
[2026-04-08T12:47:09.831+0000] {processor.py:161} INFO - Started process (PID=4542) to work on /home/airflow/.local/lib/python3.8/site-packages/airflow/example_dags/plugins/event_listener.py
[2026-04-08T12:47:09.832+0000] {processor.py:830} INFO - Processing file /home/airflow/.local/lib/python3.8/site-packages/airflow/example_dags/plugins/event_listener.py for tasks to queue
[2026-04-08T12:47:09.832+0000] {logging_mixin.py:188} INFO - [2026-04-08T12:47:09.832+0000] {dagbag.py:538} INFO - Filling up the DagBag from /home/airflow/.local/lib/python3.8/site-packages/airflow/example_dags/plugins/event_listener.py
[2026-04-08T12:47:09.836+0000] {processor.py:842} WARNING - No viable dags retrieved from /home/airflow/.local/lib/python3.8/site-packages/airflow/example_dags/plugins/event_listener.py
[2026-04-08T12:47:09.850+0000] {processor.py:183} INFO - Processing /home/airflow/.local/lib/python3.8/site-packages/airflow/example_dags/plugins/event_listener.py took 0.024 seconds
[2026-04-08T12:47:40.006+0000] {processor.py:161} INFO - Started process (PID=4619) to work on /home/airflow/.local/lib/python3.8/site-packages/airflow/example_dags/plugins/event_listener.py
[2026-04-08T12:47:40.007+0000] {processor.py:830} INFO - Processing file /home/airflow/.local/lib/python3.8/site-packages/airflow/example_dags/plugins/event_listener.py for tasks to queue
[2026-04-08T12:47:40.008+0000] {logging_mixin.py:188} INFO - [2026-04-08T12:47:40.007+0000] {dagbag.py:538} INFO - Filling up the DagBag from /home/airflow/.local/lib/python3.8/site-packages/airflow/example_dags/plugins/event_listener.py
[2026-04-08T12:47:40.010+0000] {processor.py:842} WARNING - No viable dags retrieved from /home/airflow/.local/lib/python3.8/site-packages/airflow/example_dags/plugins/event_listener.py
[2026-04-08T12:47:40.026+0000] {processor.py:183} INFO - Processing /home/airflow/.local/lib/python3.8/site-packages/airflow/example_dags/plugins/event_listener.py took 0.024 seconds
[2026-04-08T12:48:10.101+0000] {processor.py:161} INFO - Started process (PID=4701) to work on /home/airflow/.local/lib/python3.8/site-packages/airflow/example_dags/plugins/event_listener.py
[2026-04-08T12:48:10.102+0000] {processor.py:830} INFO - Processing file /home/airflow/.local/lib/python3.8/site-packages/airflow/example_dags/plugins/event_listener.py for tasks to queue
[2026-04-08T12:48:10.103+0000] {logging_mixin.py:188} INFO - [2026-04-08T12:48:10.103+0000] {dagbag.py:538} INFO - Filling up the DagBag from /home/airflow/.local/lib/python3.8/site-packages/airflow/example_dags/plugins/event_listener.py
[2026-04-08T12:48:10.106+0000] {processor.py:842} WARNING - No viable dags retrieved from /home/airflow/.local/lib/python3.8/site-packages/airflow/example_dags/plugins/event_listener.py
[2026-04-08T12:48:10.129+0000] {processor.py:183} INFO - Processing /home/airflow/.local/lib/python3.8/site-packages/airflow/example_dags/plugins/event_listener.py took 0.032 seconds
[2026-04-08T12:48:41.654+0000] {processor.py:161} INFO - Started process (PID=4769) to work on /home/airflow/.local/lib/python3.8/site-packages/airflow/example_dags/plugins/event_listener.py
[2026-04-08T12:48:41.656+0000] {processor.py:830} INFO - Processing file /home/airflow/.local/lib/python3.8/site-packages/airflow/example_dags/plugins/event_listener.py for tasks to queue
[2026-04-08T12:48:41.658+0000] {logging_mixin.py:188} INFO - [2026-04-08T12:48:41.656+0000] {dagbag.py:538} INFO - Filling up the DagBag from /home/airflow/.local/lib/python3.8/site-packages/airflow/example_dags/plugins/event_listener.py
[2026-04-08T12:48:41.662+0000] {processor.py:842} WARNING - No viable dags retrieved from /home/airflow/.local/lib/python3.8/site-packages/airflow/example_dags/plugins/event_listener.py
[2026-04-08T12:48:41.677+0000] {processor.py:183} INFO - Processing /home/airflow/.local/lib/python3.8/site-packages/airflow/example_dags/plugins/event_listener.py took 0.035 seconds
[2026-04-08T12:49:12.063+0000] {processor.py:161} INFO - Started process (PID=4829) to work on /home/airflow/.local/lib/python3.8/site-packages/airflow/example_dags/plugins/event_listener.py
[2026-04-08T12:49:12.065+0000] {processor.py:830} INFO - Processing file /home/airflow/.local/lib/python3.8/site-packages/airflow/example_dags/plugins/event_listener.py for tasks to queue
[2026-04-08T12:49:12.067+0000] {logging_mixin.py:188} INFO - [2026-04-08T12:49:12.066+0000] {dagbag.py:538} INFO - Filling up the DagBag from /home/airflow/.local/lib/python3.8/site-packages/airflow/example_dags/plugins/event_listener.py
[2026-04-08T12:49:12.071+0000] {processor.py:842} WARNING - No viable dags retrieved from /home/airflow/.local/lib/python3.8/site-packages/airflow/example_dags/plugins/event_listener.py
[2026-04-08T12:49:12.103+0000] {processor.py:183} INFO - Processing /home/airflow/.local/lib/python3.8/site-packages/airflow/example_dags/plugins/event_listener.py took 0.053 seconds
[2026-04-08T12:49:42.502+0000] {processor.py:161} INFO - Started process (PID=4888) to work on /home/airflow/.local/lib/python3.8/site-packages/airflow/example_dags/plugins/event_listener.py
[2026-04-08T12:49:42.503+0000] {processor.py:830} INFO - Processing file /home/airflow/.local/lib/python3.8/site-packages/airflow/example_dags/plugins/event_listener.py for tasks to queue
[2026-04-08T12:49:42.504+0000] {logging_mixin.py:188} INFO - [2026-04-08T12:49:42.504+0000] {dagbag.py:538} INFO - Filling up the DagBag from /home/airflow/.local/lib/python3.8/site-packages/airflow/example_dags/plugins/event_listener.py
[2026-04-08T12:49:42.507+0000] {processor.py:842} WARNING - No viable dags retrieved from /home/airflow/.local/lib/python3.8/site-packages/airflow/example_dags/plugins/event_listener.py
[2026-04-08T12:49:42.522+0000] {processor.py:183} INFO - Processing /home/airflow/.local/lib/python3.8/site-packages/airflow/example_dags/plugins/event_listener.py took 0.024 seconds
[2026-04-08T12:50:13.333+0000] {processor.py:161} INFO - Started process (PID=4950) to work on /home/airflow/.local/lib/python3.8/site-packages/airflow/example_dags/plugins/event_listener.py
[2026-04-08T12:50:13.335+0000] {processor.py:830} INFO - Processing file /home/airflow/.local/lib/python3.8/site-packages/airflow/example_dags/plugins/event_listener.py for tasks to queue
[2026-04-08T12:50:13.336+0000] {logging_mixin.py:188} INFO - [2026-04-08T12:50:13.336+0000] {dagbag.py:538} INFO - Filling up the DagBag from /home/airflow/.local/lib/python3.8/site-packages/airflow/example_dags/plugins/event_listener.py
[2026-04-08T12:50:13.341+0000] {processor.py:842} WARNING - No viable dags retrieved from /home/airflow/.local/lib/python3.8/site-packages/airflow/example_dags/plugins/event_listener.py
[2026-04-08T12:50:13.363+0000] {processor.py:183} INFO - Processing /home/airflow/.local/lib/python3.8/site-packages/airflow/example_dags/plugins/event_listener.py took 0.037 seconds
[2026-04-08T12:50:43.644+0000] {processor.py:161} INFO - Started process (PID=5010) to work on /home/airflow/.local/lib/python3.8/site-packages/airflow/example_dags/plugins/event_listener.py
[2026-04-08T12:50:43.645+0000] {processor.py:830} INFO - Processing file /home/airflow/.local/lib/python3.8/site-packages/airflow/example_dags/plugins/event_listener.py for tasks to queue
[2026-04-08T12:50:43.646+0000] {logging_mixin.py:188} INFO - [2026-04-08T12:50:43.646+0000] {dagbag.py:538} INFO - Filling up the DagBag from /home/airflow/.local/lib/python3.8/site-packages/airflow/example_dags/plugins/event_listener.py
[2026-04-08T12:50:43.648+0000] {processor.py:842} WARNING - No viable dags retrieved from /home/airflow/.local/lib/python3.8/site-packages/airflow/example_dags/plugins/event_listener.py
[2026-04-08T12:50:43.662+0000] {processor.py:183} INFO - Processing /home/airflow/.local/lib/python3.8/site-packages/airflow/example_dags/plugins/event_listener.py took 0.022 seconds
[2026-04-08T12:51:14.505+0000] {processor.py:161} INFO - Started process (PID=5071) to work on /home/airflow/.local/lib/python3.8/site-packages/airflow/example_dags/plugins/event_listener.py
[2026-04-08T12:51:14.506+0000] {processor.py:830} INFO - Processing file /home/airflow/.local/lib/python3.8/site-packages/airflow/example_dags/plugins/event_listener.py for tasks to queue
[2026-04-08T12:51:14.507+0000] {logging_mixin.py:188} INFO - [2026-04-08T12:51:14.507+0000] {dagbag.py:538} INFO - Filling up the DagBag from /home/airflow/.local/lib/python3.8/site-packages/airflow/example_dags/plugins/event_listener.py
[2026-04-08T12:51:14.510+0000] {processor.py:842} WARNING - No viable dags retrieved from /home/airflow/.local/lib/python3.8/site-packages/airflow/example_dags/plugins/event_listener.py
[2026-04-08T12:51:14.527+0000] {processor.py:183} INFO - Processing /home/airflow/.local/lib/python3.8/site-packages/airflow/example_dags/plugins/event_listener.py took 0.026 seconds
[2026-04-08T12:51:45.150+0000] {processor.py:161} INFO - Started process (PID=5132) to work on /home/airflow/.local/lib/python3.8/site-packages/airflow/example_dags/plugins/event_listener.py
[2026-04-08T12:51:45.151+0000] {processor.py:830} INFO - Processing file /home/airflow/.local/lib/python3.8/site-packages/airflow/example_dags/plugins/event_listener.py for tasks to queue
[2026-04-08T12:51:45.152+0000] {logging_mixin.py:188} INFO - [2026-04-08T12:51:45.152+0000] {dagbag.py:538} INFO - Filling up the DagBag from /home/airflow/.local/lib/python3.8/site-packages/airflow/example_dags/plugins/event_listener.py
[2026-04-08T12:51:45.155+0000] {processor.py:842} WARNING - No viable dags retrieved from /home/airflow/.local/lib/python3.8/site-packages/airflow/example_dags/plugins/event_listener.py
[2026-04-08T12:51:45.169+0000] {processor.py:183} INFO - Processing /home/airflow/.local/lib/python3.8/site-packages/airflow/example_dags/plugins/event_listener.py took 0.023 seconds
[2026-04-08T12:52:15.299+0000] {processor.py:161} INFO - Started process (PID=5193) to work on /home/airflow/.local/lib/python3.8/site-packages/airflow/example_dags/plugins/event_listener.py
[2026-04-08T12:52:15.301+0000] {processor.py:830} INFO - Processing file /home/airflow/.local/lib/python3.8/site-packages/airflow/example_dags/plugins/event_listener.py for tasks to queue
[2026-04-08T12:52:15.302+0000] {logging_mixin.py:188} INFO - [2026-04-08T12:52:15.301+0000] {dagbag.py:538} INFO - Filling up the DagBag from /home/airflow/.local/lib/python3.8/site-packages/airflow/example_dags/plugins/event_listener.py
[2026-04-08T12:52:15.304+0000] {processor.py:842} WARNING - No viable dags retrieved from /home/airflow/.local/lib/python3.8/site-packages/airflow/example_dags/plugins/event_listener.py
[2026-04-08T12:52:15.320+0000] {processor.py:183} INFO - Processing /home/airflow/.local/lib/python3.8/site-packages/airflow/example_dags/plugins/event_listener.py took 0.025 seconds
[2026-04-08T12:52:45.631+0000] {processor.py:161} INFO - Started process (PID=5254) to work on /home/airflow/.local/lib/python3.8/site-packages/airflow/example_dags/plugins/event_listener.py
[2026-04-08T12:52:45.632+0000] {processor.py:830} INFO - Processing file /home/airflow/.local/lib/python3.8/site-packages/airflow/example_dags/plugins/event_listener.py for tasks to queue
[2026-04-08T12:52:45.633+0000] {logging_mixin.py:188} INFO - [2026-04-08T12:52:45.633+0000] {dagbag.py:538} INFO - Filling up the DagBag from /home/airflow/.local/lib/python3.8/site-packages/airflow/example_dags/plugins/event_listener.py
[2026-04-08T12:52:45.636+0000] {processor.py:842} WARNING - No viable dags retrieved from /home/airflow/.local/lib/python3.8/site-packages/airflow/example_dags/plugins/event_listener.py
[2026-04-08T12:52:45.652+0000] {processor.py:183} INFO - Processing /home/airflow/.local/lib/python3.8/site-packages/airflow/example_dags/plugins/event_listener.py took 0.025 seconds
[2026-04-08T12:53:15.951+0000] {processor.py:161} INFO - Started process (PID=5315) to work on /home/airflow/.local/lib/python3.8/site-packages/airflow/example_dags/plugins/event_listener.py
[2026-04-08T12:53:15.952+0000] {processor.py:830} INFO - Processing file /home/airflow/.local/lib/python3.8/site-packages/airflow/example_dags/plugins/event_listener.py for tasks to queue
[2026-04-08T12:53:15.953+0000] {logging_mixin.py:188} INFO - [2026-04-08T12:53:15.952+0000] {dagbag.py:538} INFO - Filling up the DagBag from /home/airflow/.local/lib/python3.8/site-packages/airflow/example_dags/plugins/event_listener.py
[2026-04-08T12:53:15.955+0000] {processor.py:842} WARNING - No viable dags retrieved from /home/airflow/.local/lib/python3.8/site-packages/airflow/example_dags/plugins/event_listener.py
[2026-04-08T12:53:15.971+0000] {processor.py:183} INFO - Processing /home/airflow/.local/lib/python3.8/site-packages/airflow/example_dags/plugins/event_listener.py took 0.024 seconds
[2026-04-08T12:53:47.068+0000] {processor.py:161} INFO - Started process (PID=5384) to work on /home/airflow/.local/lib/python3.8/site-packages/airflow/example_dags/plugins/event_listener.py
[2026-04-08T12:53:47.069+0000] {processor.py:830} INFO - Processing file /home/airflow/.local/lib/python3.8/site-packages/airflow/example_dags/plugins/event_listener.py for tasks to queue
[2026-04-08T12:53:47.070+0000] {logging_mixin.py:188} INFO - [2026-04-08T12:53:47.070+0000] {dagbag.py:538} INFO - Filling up the DagBag from /home/airflow/.local/lib/python3.8/site-packages/airflow/example_dags/plugins/event_listener.py
[2026-04-08T12:53:47.073+0000] {processor.py:842} WARNING - No viable dags retrieved from /home/airflow/.local/lib/python3.8/site-packages/airflow/example_dags/plugins/event_listener.py
[2026-04-08T12:53:47.101+0000] {processor.py:183} INFO - Processing /home/airflow/.local/lib/python3.8/site-packages/airflow/example_dags/plugins/event_listener.py took 0.038 seconds
[2026-04-08T12:54:17.461+0000] {processor.py:161} INFO - Started process (PID=5465) to work on /home/airflow/.local/lib/python3.8/site-packages/airflow/example_dags/plugins/event_listener.py
[2026-04-08T12:54:17.462+0000] {processor.py:830} INFO - Processing file /home/airflow/.local/lib/python3.8/site-packages/airflow/example_dags/plugins/event_listener.py for tasks to queue
[2026-04-08T12:54:17.462+0000] {logging_mixin.py:188} INFO - [2026-04-08T12:54:17.462+0000] {dagbag.py:538} INFO - Filling up the DagBag from /home/airflow/.local/lib/python3.8/site-packages/airflow/example_dags/plugins/event_listener.py
[2026-04-08T12:54:17.464+0000] {processor.py:842} WARNING - No viable dags retrieved from /home/airflow/.local/lib/python3.8/site-packages/airflow/example_dags/plugins/event_listener.py
[2026-04-08T12:54:17.476+0000] {processor.py:183} INFO - Processing /home/airflow/.local/lib/python3.8/site-packages/airflow/example_dags/plugins/event_listener.py took 0.018 seconds
[2026-04-08T12:54:48.375+0000] {processor.py:161} INFO - Started process (PID=5532) to work on /home/airflow/.local/lib/python3.8/site-packages/airflow/example_dags/plugins/event_listener.py
[2026-04-08T12:54:48.376+0000] {processor.py:830} INFO - Processing file /home/airflow/.local/lib/python3.8/site-packages/airflow/example_dags/plugins/event_listener.py for tasks to queue
[2026-04-08T12:54:48.378+0000] {logging_mixin.py:188} INFO - [2026-04-08T12:54:48.377+0000] {dagbag.py:538} INFO - Filling up the DagBag from /home/airflow/.local/lib/python3.8/site-packages/airflow/example_dags/plugins/event_listener.py
[2026-04-08T12:54:48.380+0000] {processor.py:842} WARNING - No viable dags retrieved from /home/airflow/.local/lib/python3.8/site-packages/airflow/example_dags/plugins/event_listener.py
[2026-04-08T12:54:48.396+0000] {processor.py:183} INFO - Processing /home/airflow/.local/lib/python3.8/site-packages/airflow/example_dags/plugins/event_listener.py took 0.024 seconds
[2026-04-08T12:55:18.617+0000] {processor.py:161} INFO - Started process (PID=5593) to work on /home/airflow/.local/lib/python3.8/site-packages/airflow/example_dags/plugins/event_listener.py
[2026-04-08T12:55:18.618+0000] {processor.py:830} INFO - Processing file /home/airflow/.local/lib/python3.8/site-packages/airflow/example_dags/plugins/event_listener.py for tasks to queue
[2026-04-08T12:55:18.619+0000] {logging_mixin.py:188} INFO - [2026-04-08T12:55:18.618+0000] {dagbag.py:538} INFO - Filling up the DagBag from /home/airflow/.local/lib/python3.8/site-packages/airflow/example_dags/plugins/event_listener.py
[2026-04-08T12:55:18.622+0000] {processor.py:842} WARNING - No viable dags retrieved from /home/airflow/.local/lib/python3.8/site-packages/airflow/example_dags/plugins/event_listener.py
[2026-04-08T12:55:18.637+0000] {processor.py:183} INFO - Processing /home/airflow/.local/lib/python3.8/site-packages/airflow/example_dags/plugins/event_listener.py took 0.024 seconds
[2026-04-08T12:55:49.192+0000] {processor.py:161} INFO - Started process (PID=5654) to work on /home/airflow/.local/lib/python3.8/site-packages/airflow/example_dags/plugins/event_listener.py
[2026-04-08T12:55:49.193+0000] {processor.py:830} INFO - Processing file /home/airflow/.local/lib/python3.8/site-packages/airflow/example_dags/plugins/event_listener.py for tasks to queue
[2026-04-08T12:55:49.193+0000] {logging_mixin.py:188} INFO - [2026-04-08T12:55:49.193+0000] {dagbag.py:538} INFO - Filling up the DagBag from /home/airflow/.local/lib/python3.8/site-packages/airflow/example_dags/plugins/event_listener.py
[2026-04-08T12:55:49.196+0000] {processor.py:842} WARNING - No viable dags retrieved from /home/airflow/.local/lib/python3.8/site-packages/airflow/example_dags/plugins/event_listener.py
[2026-04-08T12:55:49.210+0000] {processor.py:183} INFO - Processing /home/airflow/.local/lib/python3.8/site-packages/airflow/example_dags/plugins/event_listener.py took 0.022 seconds
[2026-04-08T12:56:20.102+0000] {processor.py:161} INFO - Started process (PID=5715) to work on /home/airflow/.local/lib/python3.8/site-packages/airflow/example_dags/plugins/event_listener.py
[2026-04-08T12:56:20.103+0000] {processor.py:830} INFO - Processing file /home/airflow/.local/lib/python3.8/site-packages/airflow/example_dags/plugins/event_listener.py for tasks to queue
[2026-04-08T12:56:20.104+0000] {logging_mixin.py:188} INFO - [2026-04-08T12:56:20.104+0000] {dagbag.py:538} INFO - Filling up the DagBag from /home/airflow/.local/lib/python3.8/site-packages/airflow/example_dags/plugins/event_listener.py
[2026-04-08T12:56:20.110+0000] {processor.py:842} WARNING - No viable dags retrieved from /home/airflow/.local/lib/python3.8/site-packages/airflow/example_dags/plugins/event_listener.py
[2026-04-08T12:56:20.135+0000] {processor.py:183} INFO - Processing /home/airflow/.local/lib/python3.8/site-packages/airflow/example_dags/plugins/event_listener.py took 0.036 seconds
[2026-04-08T12:56:50.997+0000] {processor.py:161} INFO - Started process (PID=5776) to work on /home/airflow/.local/lib/python3.8/site-packages/airflow/example_dags/plugins/event_listener.py
[2026-04-08T12:56:51.002+0000] {processor.py:830} INFO - Processing file /home/airflow/.local/lib/python3.8/site-packages/airflow/example_dags/plugins/event_listener.py for tasks to queue
[2026-04-08T12:56:51.003+0000] {logging_mixin.py:188} INFO - [2026-04-08T12:56:51.003+0000] {dagbag.py:538} INFO - Filling up the DagBag from /home/airflow/.local/lib/python3.8/site-packages/airflow/example_dags/plugins/event_listener.py
[2026-04-08T12:56:51.008+0000] {processor.py:842} WARNING - No viable dags retrieved from /home/airflow/.local/lib/python3.8/site-packages/airflow/example_dags/plugins/event_listener.py
[2026-04-08T12:56:51.038+0000] {processor.py:183} INFO - Processing /home/airflow/.local/lib/python3.8/site-packages/airflow/example_dags/plugins/event_listener.py took 0.048 seconds
[2026-04-08T12:57:21.107+0000] {processor.py:161} INFO - Started process (PID=5837) to work on /home/airflow/.local/lib/python3.8/site-packages/airflow/example_dags/plugins/event_listener.py
[2026-04-08T12:57:21.108+0000] {processor.py:830} INFO - Processing file /home/airflow/.local/lib/python3.8/site-packages/airflow/example_dags/plugins/event_listener.py for tasks to queue
[2026-04-08T12:57:21.109+0000] {logging_mixin.py:188} INFO - [2026-04-08T12:57:21.109+0000] {dagbag.py:538} INFO - Filling up the DagBag from /home/airflow/.local/lib/python3.8/site-packages/airflow/example_dags/plugins/event_listener.py
[2026-04-08T12:57:21.112+0000] {processor.py:842} WARNING - No viable dags retrieved from /home/airflow/.local/lib/python3.8/site-packages/airflow/example_dags/plugins/event_listener.py
[2026-04-08T12:57:21.126+0000] {processor.py:183} INFO - Processing /home/airflow/.local/lib/python3.8/site-packages/airflow/example_dags/plugins/event_listener.py took 0.023 seconds
[2026-04-08T12:57:51.761+0000] {processor.py:161} INFO - Started process (PID=5898) to work on /home/airflow/.local/lib/python3.8/site-packages/airflow/example_dags/plugins/event_listener.py
[2026-04-08T12:57:51.762+0000] {processor.py:830} INFO - Processing file /home/airflow/.local/lib/python3.8/site-packages/airflow/example_dags/plugins/event_listener.py for tasks to queue
[2026-04-08T12:57:51.763+0000] {logging_mixin.py:188} INFO - [2026-04-08T12:57:51.763+0000] {dagbag.py:538} INFO - Filling up the DagBag from /home/airflow/.local/lib/python3.8/site-packages/airflow/example_dags/plugins/event_listener.py
[2026-04-08T12:57:51.766+0000] {processor.py:842} WARNING - No viable dags retrieved from /home/airflow/.local/lib/python3.8/site-packages/airflow/example_dags/plugins/event_listener.py
[2026-04-08T12:57:51.782+0000] {processor.py:183} INFO - Processing /home/airflow/.local/lib/python3.8/site-packages/airflow/example_dags/plugins/event_listener.py took 0.025 seconds
[2026-04-08T12:58:22.206+0000] {processor.py:161} INFO - Started process (PID=5959) to work on /home/airflow/.local/lib/python3.8/site-packages/airflow/example_dags/plugins/event_listener.py
[2026-04-08T12:58:22.207+0000] {processor.py:830} INFO - Processing file /home/airflow/.local/lib/python3.8/site-packages/airflow/example_dags/plugins/event_listener.py for tasks to queue
[2026-04-08T12:58:22.207+0000] {logging_mixin.py:188} INFO - [2026-04-08T12:58:22.207+0000] {dagbag.py:538} INFO - Filling up the DagBag from /home/airflow/.local/lib/python3.8/site-packages/airflow/example_dags/plugins/event_listener.py
[2026-04-08T12:58:22.210+0000] {processor.py:842} WARNING - No viable dags retrieved from /home/airflow/.local/lib/python3.8/site-packages/airflow/example_dags/plugins/event_listener.py
[2026-04-08T12:58:22.231+0000] {processor.py:183} INFO - Processing /home/airflow/.local/lib/python3.8/site-packages/airflow/example_dags/plugins/event_listener.py took 0.029 seconds
[2026-04-08T12:58:53.686+0000] {processor.py:161} INFO - Started process (PID=6019) to work on /home/airflow/.local/lib/python3.8/site-packages/airflow/example_dags/plugins/event_listener.py
[2026-04-08T12:58:53.688+0000] {processor.py:830} INFO - Processing file /home/airflow/.local/lib/python3.8/site-packages/airflow/example_dags/plugins/event_listener.py for tasks to queue
[2026-04-08T12:58:53.689+0000] {logging_mixin.py:188} INFO - [2026-04-08T12:58:53.689+0000] {dagbag.py:538} INFO - Filling up the DagBag from /home/airflow/.local/lib/python3.8/site-packages/airflow/example_dags/plugins/event_listener.py
[2026-04-08T12:58:53.694+0000] {processor.py:842} WARNING - No viable dags retrieved from /home/airflow/.local/lib/python3.8/site-packages/airflow/example_dags/plugins/event_listener.py
[2026-04-08T12:58:53.729+0000] {processor.py:183} INFO - Processing /home/airflow/.local/lib/python3.8/site-packages/airflow/example_dags/plugins/event_listener.py took 0.048 seconds
[2026-04-08T12:59:24.140+0000] {processor.py:161} INFO - Started process (PID=6080) to work on /home/airflow/.local/lib/python3.8/site-packages/airflow/example_dags/plugins/event_listener.py
[2026-04-08T12:59:24.141+0000] {processor.py:830} INFO - Processing file /home/airflow/.local/lib/python3.8/site-packages/airflow/example_dags/plugins/event_listener.py for tasks to queue
[2026-04-08T12:59:24.142+0000] {logging_mixin.py:188} INFO - [2026-04-08T12:59:24.142+0000] {dagbag.py:538} INFO - Filling up the DagBag from /home/airflow/.local/lib/python3.8/site-packages/airflow/example_dags/plugins/event_listener.py
[2026-04-08T12:59:24.145+0000] {processor.py:842} WARNING - No viable dags retrieved from /home/airflow/.local/lib/python3.8/site-packages/airflow/example_dags/plugins/event_listener.py
[2026-04-08T12:59:24.160+0000] {processor.py:183} INFO - Processing /home/airflow/.local/lib/python3.8/site-packages/airflow/example_dags/plugins/event_listener.py took 0.024 seconds
[2026-04-08T12:59:54.582+0000] {processor.py:161} INFO - Started process (PID=6141) to work on /home/airflow/.local/lib/python3.8/site-packages/airflow/example_dags/plugins/event_listener.py
[2026-04-08T12:59:54.583+0000] {processor.py:830} INFO - Processing file /home/airflow/.local/lib/python3.8/site-packages/airflow/example_dags/plugins/event_listener.py for tasks to queue
[2026-04-08T12:59:54.584+0000] {logging_mixin.py:188} INFO - [2026-04-08T12:59:54.583+0000] {dagbag.py:538} INFO - Filling up the DagBag from /home/airflow/.local/lib/python3.8/site-packages/airflow/example_dags/plugins/event_listener.py
[2026-04-08T12:59:54.587+0000] {processor.py:842} WARNING - No viable dags retrieved from /home/airflow/.local/lib/python3.8/site-packages/airflow/example_dags/plugins/event_listener.py
[2026-04-08T12:59:54.602+0000] {processor.py:183} INFO - Processing /home/airflow/.local/lib/python3.8/site-packages/airflow/example_dags/plugins/event_listener.py took 0.024 seconds
[2026-04-08T13:00:25.104+0000] {processor.py:161} INFO - Started process (PID=6201) to work on /home/airflow/.local/lib/python3.8/site-packages/airflow/example_dags/plugins/event_listener.py
[2026-04-08T13:00:25.105+0000] {processor.py:830} INFO - Processing file /home/airflow/.local/lib/python3.8/site-packages/airflow/example_dags/plugins/event_listener.py for tasks to queue
[2026-04-08T13:00:25.105+0000] {logging_mixin.py:188} INFO - [2026-04-08T13:00:25.105+0000] {dagbag.py:538} INFO - Filling up the DagBag from /home/airflow/.local/lib/python3.8/site-packages/airflow/example_dags/plugins/event_listener.py
[2026-04-08T13:00:25.107+0000] {processor.py:842} WARNING - No viable dags retrieved from /home/airflow/.local/lib/python3.8/site-packages/airflow/example_dags/plugins/event_listener.py
[2026-04-08T13:00:25.120+0000] {processor.py:183} INFO - Processing /home/airflow/.local/lib/python3.8/site-packages/airflow/example_dags/plugins/event_listener.py took 0.019 seconds
[2026-04-08T13:00:56.115+0000] {processor.py:161} INFO - Started process (PID=6262) to work on /home/airflow/.local/lib/python3.8/site-packages/airflow/example_dags/plugins/event_listener.py
[2026-04-08T13:00:56.116+0000] {processor.py:830} INFO - Processing file /home/airflow/.local/lib/python3.8/site-packages/airflow/example_dags/plugins/event_listener.py for tasks to queue
[2026-04-08T13:00:56.117+0000] {logging_mixin.py:188} INFO - [2026-04-08T13:00:56.117+0000] {dagbag.py:538} INFO - Filling up the DagBag from /home/airflow/.local/lib/python3.8/site-packages/airflow/example_dags/plugins/event_listener.py
[2026-04-08T13:00:56.120+0000] {processor.py:842} WARNING - No viable dags retrieved from /home/airflow/.local/lib/python3.8/site-packages/airflow/example_dags/plugins/event_listener.py
[2026-04-08T13:00:56.135+0000] {processor.py:183} INFO - Processing /home/airflow/.local/lib/python3.8/site-packages/airflow/example_dags/plugins/event_listener.py took 0.024 seconds
[2026-04-08T13:01:26.527+0000] {processor.py:161} INFO - Started process (PID=6323) to work on /home/airflow/.local/lib/python3.8/site-packages/airflow/example_dags/plugins/event_listener.py
[2026-04-08T13:01:26.528+0000] {processor.py:830} INFO - Processing file /home/airflow/.local/lib/python3.8/site-packages/airflow/example_dags/plugins/event_listener.py for tasks to queue
[2026-04-08T13:01:26.529+0000] {logging_mixin.py:188} INFO - [2026-04-08T13:01:26.529+0000] {dagbag.py:538} INFO - Filling up the DagBag from /home/airflow/.local/lib/python3.8/site-packages/airflow/example_dags/plugins/event_listener.py
[2026-04-08T13:01:26.532+0000] {processor.py:842} WARNING - No viable dags retrieved from /home/airflow/.local/lib/python3.8/site-packages/airflow/example_dags/plugins/event_listener.py
[2026-04-08T13:01:26.547+0000] {processor.py:183} INFO - Processing /home/airflow/.local/lib/python3.8/site-packages/airflow/example_dags/plugins/event_listener.py took 0.023 seconds
[2026-04-08T13:01:57.281+0000] {processor.py:161} INFO - Started process (PID=6386) to work on /home/airflow/.local/lib/python3.8/site-packages/airflow/example_dags/plugins/event_listener.py
[2026-04-08T13:01:57.282+0000] {processor.py:830} INFO - Processing file /home/airflow/.local/lib/python3.8/site-packages/airflow/example_dags/plugins/event_listener.py for tasks to queue
[2026-04-08T13:01:57.283+0000] {logging_mixin.py:188} INFO - [2026-04-08T13:01:57.282+0000] {dagbag.py:538} INFO - Filling up the DagBag from /home/airflow/.local/lib/python3.8/site-packages/airflow/example_dags/plugins/event_listener.py
[2026-04-08T13:01:57.286+0000] {processor.py:842} WARNING - No viable dags retrieved from /home/airflow/.local/lib/python3.8/site-packages/airflow/example_dags/plugins/event_listener.py
[2026-04-08T13:01:57.301+0000] {processor.py:183} INFO - Processing /home/airflow/.local/lib/python3.8/site-packages/airflow/example_dags/plugins/event_listener.py took 0.024 seconds
[2026-04-08T13:02:27.728+0000] {processor.py:161} INFO - Started process (PID=6447) to work on /home/airflow/.local/lib/python3.8/site-packages/airflow/example_dags/plugins/event_listener.py
[2026-04-08T13:02:27.729+0000] {processor.py:830} INFO - Processing file /home/airflow/.local/lib/python3.8/site-packages/airflow/example_dags/plugins/event_listener.py for tasks to queue
[2026-04-08T13:02:27.730+0000] {logging_mixin.py:188} INFO - [2026-04-08T13:02:27.730+0000] {dagbag.py:538} INFO - Filling up the DagBag from /home/airflow/.local/lib/python3.8/site-packages/airflow/example_dags/plugins/event_listener.py
[2026-04-08T13:02:27.733+0000] {processor.py:842} WARNING - No viable dags retrieved from /home/airflow/.local/lib/python3.8/site-packages/airflow/example_dags/plugins/event_listener.py
[2026-04-08T13:02:27.753+0000] {processor.py:183} INFO - Processing /home/airflow/.local/lib/python3.8/site-packages/airflow/example_dags/plugins/event_listener.py took 0.029 seconds
[2026-04-08T13:02:58.222+0000] {processor.py:161} INFO - Started process (PID=6508) to work on /home/airflow/.local/lib/python3.8/site-packages/airflow/example_dags/plugins/event_listener.py
[2026-04-08T13:02:58.222+0000] {processor.py:830} INFO - Processing file /home/airflow/.local/lib/python3.8/site-packages/airflow/example_dags/plugins/event_listener.py for tasks to queue
[2026-04-08T13:02:58.223+0000] {logging_mixin.py:188} INFO - [2026-04-08T13:02:58.223+0000] {dagbag.py:538} INFO - Filling up the DagBag from /home/airflow/.local/lib/python3.8/site-packages/airflow/example_dags/plugins/event_listener.py
[2026-04-08T13:02:58.226+0000] {processor.py:842} WARNING - No viable dags retrieved from /home/airflow/.local/lib/python3.8/site-packages/airflow/example_dags/plugins/event_listener.py
[2026-04-08T13:02:58.248+0000] {processor.py:183} INFO - Processing /home/airflow/.local/lib/python3.8/site-packages/airflow/example_dags/plugins/event_listener.py took 0.031 seconds
[2026-04-08T13:03:28.656+0000] {processor.py:161} INFO - Started process (PID=6569) to work on /home/airflow/.local/lib/python3.8/site-packages/airflow/example_dags/plugins/event_listener.py
[2026-04-08T13:03:28.657+0000] {processor.py:830} INFO - Processing file /home/airflow/.local/lib/python3.8/site-packages/airflow/example_dags/plugins/event_listener.py for tasks to queue
[2026-04-08T13:03:28.658+0000] {logging_mixin.py:188} INFO - [2026-04-08T13:03:28.658+0000] {dagbag.py:538} INFO - Filling up the DagBag from /home/airflow/.local/lib/python3.8/site-packages/airflow/example_dags/plugins/event_listener.py
[2026-04-08T13:03:28.660+0000] {processor.py:842} WARNING - No viable dags retrieved from /home/airflow/.local/lib/python3.8/site-packages/airflow/example_dags/plugins/event_listener.py
[2026-04-08T13:03:28.683+0000] {processor.py:183} INFO - Processing /home/airflow/.local/lib/python3.8/site-packages/airflow/example_dags/plugins/event_listener.py took 0.031 seconds
[2026-04-08T13:03:59.475+0000] {processor.py:161} INFO - Started process (PID=6630) to work on /home/airflow/.local/lib/python3.8/site-packages/airflow/example_dags/plugins/event_listener.py
[2026-04-08T13:03:59.476+0000] {processor.py:830} INFO - Processing file /home/airflow/.local/lib/python3.8/site-packages/airflow/example_dags/plugins/event_listener.py for tasks to queue
[2026-04-08T13:03:59.477+0000] {logging_mixin.py:188} INFO - [2026-04-08T13:03:59.477+0000] {dagbag.py:538} INFO - Filling up the DagBag from /home/airflow/.local/lib/python3.8/site-packages/airflow/example_dags/plugins/event_listener.py
[2026-04-08T13:03:59.479+0000] {processor.py:842} WARNING - No viable dags retrieved from /home/airflow/.local/lib/python3.8/site-packages/airflow/example_dags/plugins/event_listener.py
[2026-04-08T13:03:59.493+0000] {processor.py:183} INFO - Processing /home/airflow/.local/lib/python3.8/site-packages/airflow/example_dags/plugins/event_listener.py took 0.021 seconds
[2026-04-08T13:04:29.851+0000] {processor.py:161} INFO - Started process (PID=6691) to work on /home/airflow/.local/lib/python3.8/site-packages/airflow/example_dags/plugins/event_listener.py
[2026-04-08T13:04:29.851+0000] {processor.py:830} INFO - Processing file /home/airflow/.local/lib/python3.8/site-packages/airflow/example_dags/plugins/event_listener.py for tasks to queue
[2026-04-08T13:04:29.852+0000] {logging_mixin.py:188} INFO - [2026-04-08T13:04:29.852+0000] {dagbag.py:538} INFO - Filling up the DagBag from /home/airflow/.local/lib/python3.8/site-packages/airflow/example_dags/plugins/event_listener.py
[2026-04-08T13:04:29.855+0000] {processor.py:842} WARNING - No viable dags retrieved from /home/airflow/.local/lib/python3.8/site-packages/airflow/example_dags/plugins/event_listener.py
[2026-04-08T13:04:29.868+0000] {processor.py:183} INFO - Processing /home/airflow/.local/lib/python3.8/site-packages/airflow/example_dags/plugins/event_listener.py took 0.022 seconds
[2026-04-08T13:05:00.905+0000] {processor.py:161} INFO - Started process (PID=6752) to work on /home/airflow/.local/lib/python3.8/site-packages/airflow/example_dags/plugins/event_listener.py
[2026-04-08T13:05:00.906+0000] {processor.py:830} INFO - Processing file /home/airflow/.local/lib/python3.8/site-packages/airflow/example_dags/plugins/event_listener.py for tasks to queue
[2026-04-08T13:05:00.907+0000] {logging_mixin.py:188} INFO - [2026-04-08T13:05:00.907+0000] {dagbag.py:538} INFO - Filling up the DagBag from /home/airflow/.local/lib/python3.8/site-packages/airflow/example_dags/plugins/event_listener.py
[2026-04-08T13:05:00.912+0000] {processor.py:842} WARNING - No viable dags retrieved from /home/airflow/.local/lib/python3.8/site-packages/airflow/example_dags/plugins/event_listener.py
[2026-04-08T13:05:00.941+0000] {processor.py:183} INFO - Processing /home/airflow/.local/lib/python3.8/site-packages/airflow/example_dags/plugins/event_listener.py took 0.045 seconds
[2026-04-08T13:05:31.238+0000] {processor.py:161} INFO - Started process (PID=6813) to work on /home/airflow/.local/lib/python3.8/site-packages/airflow/example_dags/plugins/event_listener.py
[2026-04-08T13:05:31.238+0000] {processor.py:830} INFO - Processing file /home/airflow/.local/lib/python3.8/site-packages/airflow/example_dags/plugins/event_listener.py for tasks to queue
[2026-04-08T13:05:31.239+0000] {logging_mixin.py:188} INFO - [2026-04-08T13:05:31.239+0000] {dagbag.py:538} INFO - Filling up the DagBag from /home/airflow/.local/lib/python3.8/site-packages/airflow/example_dags/plugins/event_listener.py
[2026-04-08T13:05:31.242+0000] {processor.py:842} WARNING - No viable dags retrieved from /home/airflow/.local/lib/python3.8/site-packages/airflow/example_dags/plugins/event_listener.py
[2026-04-08T13:05:31.258+0000] {processor.py:183} INFO - Processing /home/airflow/.local/lib/python3.8/site-packages/airflow/example_dags/plugins/event_listener.py took 0.024 seconds
[2026-04-08T13:06:03.908+0000] {processor.py:161} INFO - Started process (PID=6875) to work on /home/airflow/.local/lib/python3.8/site-packages/airflow/example_dags/plugins/event_listener.py
[2026-04-08T13:06:03.917+0000] {processor.py:830} INFO - Processing file /home/airflow/.local/lib/python3.8/site-packages/airflow/example_dags/plugins/event_listener.py for tasks to queue
[2026-04-08T13:06:03.918+0000] {logging_mixin.py:188} INFO - [2026-04-08T13:06:03.918+0000] {dagbag.py:538} INFO - Filling up the DagBag from /home/airflow/.local/lib/python3.8/site-packages/airflow/example_dags/plugins/event_listener.py
[2026-04-08T13:06:03.921+0000] {processor.py:842} WARNING - No viable dags retrieved from /home/airflow/.local/lib/python3.8/site-packages/airflow/example_dags/plugins/event_listener.py
[2026-04-08T13:06:03.955+0000] {processor.py:183} INFO - Processing /home/airflow/.local/lib/python3.8/site-packages/airflow/example_dags/plugins/event_listener.py took 0.063 seconds
[2026-04-08T13:06:34.812+0000] {processor.py:161} INFO - Started process (PID=6936) to work on /home/airflow/.local/lib/python3.8/site-packages/airflow/example_dags/plugins/event_listener.py
[2026-04-08T13:06:34.812+0000] {processor.py:830} INFO - Processing file /home/airflow/.local/lib/python3.8/site-packages/airflow/example_dags/plugins/event_listener.py for tasks to queue
[2026-04-08T13:06:34.813+0000] {logging_mixin.py:188} INFO - [2026-04-08T13:06:34.813+0000] {dagbag.py:538} INFO - Filling up the DagBag from /home/airflow/.local/lib/python3.8/site-packages/airflow/example_dags/plugins/event_listener.py
[2026-04-08T13:06:34.816+0000] {processor.py:842} WARNING - No viable dags retrieved from /home/airflow/.local/lib/python3.8/site-packages/airflow/example_dags/plugins/event_listener.py
[2026-04-08T13:06:34.832+0000] {processor.py:183} INFO - Processing /home/airflow/.local/lib/python3.8/site-packages/airflow/example_dags/plugins/event_listener.py took 0.025 seconds
[2026-04-08T13:07:05.641+0000] {processor.py:161} INFO - Started process (PID=6997) to work on /home/airflow/.local/lib/python3.8/site-packages/airflow/example_dags/plugins/event_listener.py
[2026-04-08T13:07:05.642+0000] {processor.py:830} INFO - Processing file /home/airflow/.local/lib/python3.8/site-packages/airflow/example_dags/plugins/event_listener.py for tasks to queue
[2026-04-08T13:07:05.643+0000] {logging_mixin.py:188} INFO - [2026-04-08T13:07:05.643+0000] {dagbag.py:538} INFO - Filling up the DagBag from /home/airflow/.local/lib/python3.8/site-packages/airflow/example_dags/plugins/event_listener.py
[2026-04-08T13:07:05.646+0000] {processor.py:842} WARNING - No viable dags retrieved from /home/airflow/.local/lib/python3.8/site-packages/airflow/example_dags/plugins/event_listener.py
[2026-04-08T13:07:05.660+0000] {processor.py:183} INFO - Processing /home/airflow/.local/lib/python3.8/site-packages/airflow/example_dags/plugins/event_listener.py took 0.022 seconds
[2026-04-08T13:07:36.433+0000] {processor.py:161} INFO - Started process (PID=7059) to work on /home/airflow/.local/lib/python3.8/site-packages/airflow/example_dags/plugins/event_listener.py
[2026-04-08T13:07:36.437+0000] {processor.py:830} INFO - Processing file /home/airflow/.local/lib/python3.8/site-packages/airflow/example_dags/plugins/event_listener.py for tasks to queue
[2026-04-08T13:07:36.438+0000] {logging_mixin.py:188} INFO - [2026-04-08T13:07:36.437+0000] {dagbag.py:538} INFO - Filling up the DagBag from /home/airflow/.local/lib/python3.8/site-packages/airflow/example_dags/plugins/event_listener.py
[2026-04-08T13:07:36.442+0000] {processor.py:842} WARNING - No viable dags retrieved from /home/airflow/.local/lib/python3.8/site-packages/airflow/example_dags/plugins/event_listener.py
[2026-04-08T13:07:36.455+0000] {processor.py:183} INFO - Processing /home/airflow/.local/lib/python3.8/site-packages/airflow/example_dags/plugins/event_listener.py took 0.027 seconds
[2026-04-08T13:08:06.964+0000] {processor.py:161} INFO - Started process (PID=7120) to work on /home/airflow/.local/lib/python3.8/site-packages/airflow/example_dags/plugins/event_listener.py
[2026-04-08T13:08:06.966+0000] {processor.py:830} INFO - Processing file /home/airflow/.local/lib/python3.8/site-packages/airflow/example_dags/plugins/event_listener.py for tasks to queue
[2026-04-08T13:08:06.968+0000] {logging_mixin.py:188} INFO - [2026-04-08T13:08:06.968+0000] {dagbag.py:538} INFO - Filling up the DagBag from /home/airflow/.local/lib/python3.8/site-packages/airflow/example_dags/plugins/event_listener.py
[2026-04-08T13:08:06.978+0000] {processor.py:842} WARNING - No viable dags retrieved from /home/airflow/.local/lib/python3.8/site-packages/airflow/example_dags/plugins/event_listener.py
[2026-04-08T13:08:07.012+0000] {processor.py:183} INFO - Processing /home/airflow/.local/lib/python3.8/site-packages/airflow/example_dags/plugins/event_listener.py took 0.053 seconds
[2026-04-08T13:08:37.170+0000] {processor.py:161} INFO - Started process (PID=7181) to work on /home/airflow/.local/lib/python3.8/site-packages/airflow/example_dags/plugins/event_listener.py
[2026-04-08T13:08:37.171+0000] {processor.py:830} INFO - Processing file /home/airflow/.local/lib/python3.8/site-packages/airflow/example_dags/plugins/event_listener.py for tasks to queue
[2026-04-08T13:08:37.172+0000] {logging_mixin.py:188} INFO - [2026-04-08T13:08:37.171+0000] {dagbag.py:538} INFO - Filling up the DagBag from /home/airflow/.local/lib/python3.8/site-packages/airflow/example_dags/plugins/event_listener.py
[2026-04-08T13:08:37.174+0000] {processor.py:842} WARNING - No viable dags retrieved from /home/airflow/.local/lib/python3.8/site-packages/airflow/example_dags/plugins/event_listener.py
[2026-04-08T13:08:37.188+0000] {processor.py:183} INFO - Processing /home/airflow/.local/lib/python3.8/site-packages/airflow/example_dags/plugins/event_listener.py took 0.023 seconds
[2026-04-08T13:09:07.936+0000] {processor.py:161} INFO - Started process (PID=7242) to work on /home/airflow/.local/lib/python3.8/site-packages/airflow/example_dags/plugins/event_listener.py
[2026-04-08T13:09:07.937+0000] {processor.py:830} INFO - Processing file /home/airflow/.local/lib/python3.8/site-packages/airflow/example_dags/plugins/event_listener.py for tasks to queue
[2026-04-08T13:09:07.939+0000] {logging_mixin.py:188} INFO - [2026-04-08T13:09:07.938+0000] {dagbag.py:538} INFO - Filling up the DagBag from /home/airflow/.local/lib/python3.8/site-packages/airflow/example_dags/plugins/event_listener.py
[2026-04-08T13:09:07.944+0000] {processor.py:842} WARNING - No viable dags retrieved from /home/airflow/.local/lib/python3.8/site-packages/airflow/example_dags/plugins/event_listener.py
[2026-04-08T13:09:07.960+0000] {processor.py:183} INFO - Processing /home/airflow/.local/lib/python3.8/site-packages/airflow/example_dags/plugins/event_listener.py took 0.029 seconds
[2026-04-08T13:09:39.195+0000] {processor.py:161} INFO - Started process (PID=7302) to work on /home/airflow/.local/lib/python3.8/site-packages/airflow/example_dags/plugins/event_listener.py
[2026-04-08T13:09:39.196+0000] {processor.py:830} INFO - Processing file /home/airflow/.local/lib/python3.8/site-packages/airflow/example_dags/plugins/event_listener.py for tasks to queue
[2026-04-08T13:09:39.197+0000] {logging_mixin.py:188} INFO - [2026-04-08T13:09:39.197+0000] {dagbag.py:538} INFO - Filling up the DagBag from /home/airflow/.local/lib/python3.8/site-packages/airflow/example_dags/plugins/event_listener.py
[2026-04-08T13:09:39.209+0000] {processor.py:842} WARNING - No viable dags retrieved from /home/airflow/.local/lib/python3.8/site-packages/airflow/example_dags/plugins/event_listener.py
[2026-04-08T13:09:39.226+0000] {processor.py:183} INFO - Processing /home/airflow/.local/lib/python3.8/site-packages/airflow/example_dags/plugins/event_listener.py took 0.035 seconds
[2026-04-08T13:10:09.357+0000] {processor.py:161} INFO - Started process (PID=7363) to work on /home/airflow/.local/lib/python3.8/site-packages/airflow/example_dags/plugins/event_listener.py
[2026-04-08T13:10:09.363+0000] {processor.py:830} INFO - Processing file /home/airflow/.local/lib/python3.8/site-packages/airflow/example_dags/plugins/event_listener.py for tasks to queue
[2026-04-08T13:10:09.365+0000] {logging_mixin.py:188} INFO - [2026-04-08T13:10:09.364+0000] {dagbag.py:538} INFO - Filling up the DagBag from /home/airflow/.local/lib/python3.8/site-packages/airflow/example_dags/plugins/event_listener.py
[2026-04-08T13:10:09.369+0000] {processor.py:842} WARNING - No viable dags retrieved from /home/airflow/.local/lib/python3.8/site-packages/airflow/example_dags/plugins/event_listener.py
[2026-04-08T13:10:09.384+0000] {processor.py:183} INFO - Processing /home/airflow/.local/lib/python3.8/site-packages/airflow/example_dags/plugins/event_listener.py took 0.040 seconds
[2026-04-08T13:10:40.084+0000] {processor.py:161} INFO - Started process (PID=7424) to work on /home/airflow/.local/lib/python3.8/site-packages/airflow/example_dags/plugins/event_listener.py
[2026-04-08T13:10:40.085+0000] {processor.py:830} INFO - Processing file /home/airflow/.local/lib/python3.8/site-packages/airflow/example_dags/plugins/event_listener.py for tasks to queue
[2026-04-08T13:10:40.086+0000] {logging_mixin.py:188} INFO - [2026-04-08T13:10:40.085+0000] {dagbag.py:538} INFO - Filling up the DagBag from /home/airflow/.local/lib/python3.8/site-packages/airflow/example_dags/plugins/event_listener.py
[2026-04-08T13:10:40.088+0000] {processor.py:842} WARNING - No viable dags retrieved from /home/airflow/.local/lib/python3.8/site-packages/airflow/example_dags/plugins/event_listener.py
[2026-04-08T13:10:40.099+0000] {processor.py:183} INFO - Processing /home/airflow/.local/lib/python3.8/site-packages/airflow/example_dags/plugins/event_listener.py took 0.018 seconds
[2026-04-08T13:11:10.413+0000] {processor.py:161} INFO - Started process (PID=7486) to work on /home/airflow/.local/lib/python3.8/site-packages/airflow/example_dags/plugins/event_listener.py
[2026-04-08T13:11:10.414+0000] {processor.py:830} INFO - Processing file /home/airflow/.local/lib/python3.8/site-packages/airflow/example_dags/plugins/event_listener.py for tasks to queue
[2026-04-08T13:11:10.414+0000] {logging_mixin.py:188} INFO - [2026-04-08T13:11:10.414+0000] {dagbag.py:538} INFO - Filling up the DagBag from /home/airflow/.local/lib/python3.8/site-packages/airflow/example_dags/plugins/event_listener.py
[2026-04-08T13:11:10.417+0000] {processor.py:842} WARNING - No viable dags retrieved from /home/airflow/.local/lib/python3.8/site-packages/airflow/example_dags/plugins/event_listener.py
[2026-04-08T13:11:10.429+0000] {processor.py:183} INFO - Processing /home/airflow/.local/lib/python3.8/site-packages/airflow/example_dags/plugins/event_listener.py took 0.020 seconds
[2026-04-08T13:11:41.331+0000] {processor.py:161} INFO - Started process (PID=7547) to work on /home/airflow/.local/lib/python3.8/site-packages/airflow/example_dags/plugins/event_listener.py
[2026-04-08T13:11:41.332+0000] {processor.py:830} INFO - Processing file /home/airflow/.local/lib/python3.8/site-packages/airflow/example_dags/plugins/event_listener.py for tasks to queue
[2026-04-08T13:11:41.333+0000] {logging_mixin.py:188} INFO - [2026-04-08T13:11:41.333+0000] {dagbag.py:538} INFO - Filling up the DagBag from /home/airflow/.local/lib/python3.8/site-packages/airflow/example_dags/plugins/event_listener.py
[2026-04-08T13:11:41.336+0000] {processor.py:842} WARNING - No viable dags retrieved from /home/airflow/.local/lib/python3.8/site-packages/airflow/example_dags/plugins/event_listener.py
[2026-04-08T13:11:41.351+0000] {processor.py:183} INFO - Processing /home/airflow/.local/lib/python3.8/site-packages/airflow/example_dags/plugins/event_listener.py took 0.024 seconds
[2026-04-08T13:12:12.582+0000] {processor.py:161} INFO - Started process (PID=7608) to work on /home/airflow/.local/lib/python3.8/site-packages/airflow/example_dags/plugins/event_listener.py
[2026-04-08T13:12:12.583+0000] {processor.py:830} INFO - Processing file /home/airflow/.local/lib/python3.8/site-packages/airflow/example_dags/plugins/event_listener.py for tasks to queue
[2026-04-08T13:12:12.584+0000] {logging_mixin.py:188} INFO - [2026-04-08T13:12:12.584+0000] {dagbag.py:538} INFO - Filling up the DagBag from /home/airflow/.local/lib/python3.8/site-packages/airflow/example_dags/plugins/event_listener.py
[2026-04-08T13:12:12.587+0000] {processor.py:842} WARNING - No viable dags retrieved from /home/airflow/.local/lib/python3.8/site-packages/airflow/example_dags/plugins/event_listener.py
[2026-04-08T13:12:12.602+0000] {processor.py:183} INFO - Processing /home/airflow/.local/lib/python3.8/site-packages/airflow/example_dags/plugins/event_listener.py took 0.024 seconds
[2026-04-08T13:12:43.365+0000] {processor.py:161} INFO - Started process (PID=7671) to work on /home/airflow/.local/lib/python3.8/site-packages/airflow/example_dags/plugins/event_listener.py
[2026-04-08T13:12:43.366+0000] {processor.py:830} INFO - Processing file /home/airflow/.local/lib/python3.8/site-packages/airflow/example_dags/plugins/event_listener.py for tasks to queue
[2026-04-08T13:12:43.367+0000] {logging_mixin.py:188} INFO - [2026-04-08T13:12:43.366+0000] {dagbag.py:538} INFO - Filling up the DagBag from /home/airflow/.local/lib/python3.8/site-packages/airflow/example_dags/plugins/event_listener.py
[2026-04-08T13:12:43.369+0000] {processor.py:842} WARNING - No viable dags retrieved from /home/airflow/.local/lib/python3.8/site-packages/airflow/example_dags/plugins/event_listener.py
[2026-04-08T13:12:43.388+0000] {processor.py:183} INFO - Processing /home/airflow/.local/lib/python3.8/site-packages/airflow/example_dags/plugins/event_listener.py took 0.027 seconds
[2026-04-08T13:13:13.586+0000] {processor.py:161} INFO - Started process (PID=7730) to work on /home/airflow/.local/lib/python3.8/site-packages/airflow/example_dags/plugins/event_listener.py
[2026-04-08T13:13:13.587+0000] {processor.py:830} INFO - Processing file /home/airflow/.local/lib/python3.8/site-packages/airflow/example_dags/plugins/event_listener.py for tasks to queue
[2026-04-08T13:13:13.588+0000] {logging_mixin.py:188} INFO - [2026-04-08T13:13:13.587+0000] {dagbag.py:538} INFO - Filling up the DagBag from /home/airflow/.local/lib/python3.8/site-packages/airflow/example_dags/plugins/event_listener.py
[2026-04-08T13:13:13.590+0000] {processor.py:842} WARNING - No viable dags retrieved from /home/airflow/.local/lib/python3.8/site-packages/airflow/example_dags/plugins/event_listener.py
[2026-04-08T13:13:13.603+0000] {processor.py:183} INFO - Processing /home/airflow/.local/lib/python3.8/site-packages/airflow/example_dags/plugins/event_listener.py took 0.022 seconds
[2026-04-08T13:13:44.600+0000] {processor.py:161} INFO - Started process (PID=7793) to work on /home/airflow/.local/lib/python3.8/site-packages/airflow/example_dags/plugins/event_listener.py
[2026-04-08T13:13:44.601+0000] {processor.py:830} INFO - Processing file /home/airflow/.local/lib/python3.8/site-packages/airflow/example_dags/plugins/event_listener.py for tasks to queue
[2026-04-08T13:13:44.602+0000] {logging_mixin.py:188} INFO - [2026-04-08T13:13:44.602+0000] {dagbag.py:538} INFO - Filling up the DagBag from /home/airflow/.local/lib/python3.8/site-packages/airflow/example_dags/plugins/event_listener.py
[2026-04-08T13:13:44.605+0000] {processor.py:842} WARNING - No viable dags retrieved from /home/airflow/.local/lib/python3.8/site-packages/airflow/example_dags/plugins/event_listener.py
[2026-04-08T13:13:44.625+0000] {processor.py:183} INFO - Processing /home/airflow/.local/lib/python3.8/site-packages/airflow/example_dags/plugins/event_listener.py took 0.030 seconds
[2026-04-08T13:14:15.289+0000] {processor.py:161} INFO - Started process (PID=7853) to work on /home/airflow/.local/lib/python3.8/site-packages/airflow/example_dags/plugins/event_listener.py
[2026-04-08T13:14:15.294+0000] {processor.py:830} INFO - Processing file /home/airflow/.local/lib/python3.8/site-packages/airflow/example_dags/plugins/event_listener.py for tasks to queue
[2026-04-08T13:14:15.298+0000] {logging_mixin.py:188} INFO - [2026-04-08T13:14:15.297+0000] {dagbag.py:538} INFO - Filling up the DagBag from /home/airflow/.local/lib/python3.8/site-packages/airflow/example_dags/plugins/event_listener.py
[2026-04-08T13:14:15.303+0000] {processor.py:842} WARNING - No viable dags retrieved from /home/airflow/.local/lib/python3.8/site-packages/airflow/example_dags/plugins/event_listener.py
[2026-04-08T13:14:15.333+0000] {processor.py:183} INFO - Processing /home/airflow/.local/lib/python3.8/site-packages/airflow/example_dags/plugins/event_listener.py took 0.059 seconds
[2026-04-08T13:14:45.492+0000] {processor.py:161} INFO - Started process (PID=7914) to work on /home/airflow/.local/lib/python3.8/site-packages/airflow/example_dags/plugins/event_listener.py
[2026-04-08T13:14:45.493+0000] {processor.py:830} INFO - Processing file /home/airflow/.local/lib/python3.8/site-packages/airflow/example_dags/plugins/event_listener.py for tasks to queue
[2026-04-08T13:14:45.494+0000] {logging_mixin.py:188} INFO - [2026-04-08T13:14:45.493+0000] {dagbag.py:538} INFO - Filling up the DagBag from /home/airflow/.local/lib/python3.8/site-packages/airflow/example_dags/plugins/event_listener.py
[2026-04-08T13:14:45.497+0000] {processor.py:842} WARNING - No viable dags retrieved from /home/airflow/.local/lib/python3.8/site-packages/airflow/example_dags/plugins/event_listener.py
[2026-04-08T13:14:45.514+0000] {processor.py:183} INFO - Processing /home/airflow/.local/lib/python3.8/site-packages/airflow/example_dags/plugins/event_listener.py took 0.027 seconds
[2026-04-08T13:15:15.636+0000] {processor.py:161} INFO - Started process (PID=7975) to work on /home/airflow/.local/lib/python3.8/site-packages/airflow/example_dags/plugins/event_listener.py
[2026-04-08T13:15:15.637+0000] {processor.py:830} INFO - Processing file /home/airflow/.local/lib/python3.8/site-packages/airflow/example_dags/plugins/event_listener.py for tasks to queue
[2026-04-08T13:15:15.639+0000] {logging_mixin.py:188} INFO - [2026-04-08T13:15:15.639+0000] {dagbag.py:538} INFO - Filling up the DagBag from /home/airflow/.local/lib/python3.8/site-packages/airflow/example_dags/plugins/event_listener.py
[2026-04-08T13:15:15.642+0000] {processor.py:842} WARNING - No viable dags retrieved from /home/airflow/.local/lib/python3.8/site-packages/airflow/example_dags/plugins/event_listener.py
[2026-04-08T13:15:15.667+0000] {processor.py:183} INFO - Processing /home/airflow/.local/lib/python3.8/site-packages/airflow/example_dags/plugins/event_listener.py took 0.036 seconds
[2026-04-08T13:15:46.374+0000] {processor.py:161} INFO - Started process (PID=8036) to work on /home/airflow/.local/lib/python3.8/site-packages/airflow/example_dags/plugins/event_listener.py
[2026-04-08T13:15:46.375+0000] {processor.py:830} INFO - Processing file /home/airflow/.local/lib/python3.8/site-packages/airflow/example_dags/plugins/event_listener.py for tasks to queue
[2026-04-08T13:15:46.376+0000] {logging_mixin.py:188} INFO - [2026-04-08T13:15:46.376+0000] {dagbag.py:538} INFO - Filling up the DagBag from /home/airflow/.local/lib/python3.8/site-packages/airflow/example_dags/plugins/event_listener.py
[2026-04-08T13:15:46.379+0000] {processor.py:842} WARNING - No viable dags retrieved from /home/airflow/.local/lib/python3.8/site-packages/airflow/example_dags/plugins/event_listener.py
[2026-04-08T13:15:46.395+0000] {processor.py:183} INFO - Processing /home/airflow/.local/lib/python3.8/site-packages/airflow/example_dags/plugins/event_listener.py took 0.025 seconds
[2026-04-08T13:16:16.696+0000] {processor.py:161} INFO - Started process (PID=8097) to work on /home/airflow/.local/lib/python3.8/site-packages/airflow/example_dags/plugins/event_listener.py
[2026-04-08T13:16:16.697+0000] {processor.py:830} INFO - Processing file /home/airflow/.local/lib/python3.8/site-packages/airflow/example_dags/plugins/event_listener.py for tasks to queue
[2026-04-08T13:16:16.698+0000] {logging_mixin.py:188} INFO - [2026-04-08T13:16:16.698+0000] {dagbag.py:538} INFO - Filling up the DagBag from /home/airflow/.local/lib/python3.8/site-packages/airflow/example_dags/plugins/event_listener.py
[2026-04-08T13:16:16.701+0000] {processor.py:842} WARNING - No viable dags retrieved from /home/airflow/.local/lib/python3.8/site-packages/airflow/example_dags/plugins/event_listener.py
[2026-04-08T13:16:16.717+0000] {processor.py:183} INFO - Processing /home/airflow/.local/lib/python3.8/site-packages/airflow/example_dags/plugins/event_listener.py took 0.025 seconds
[2026-04-08T13:16:47.854+0000] {processor.py:161} INFO - Started process (PID=8158) to work on /home/airflow/.local/lib/python3.8/site-packages/airflow/example_dags/plugins/event_listener.py
[2026-04-08T13:16:47.855+0000] {processor.py:830} INFO - Processing file /home/airflow/.local/lib/python3.8/site-packages/airflow/example_dags/plugins/event_listener.py for tasks to queue
[2026-04-08T13:16:47.856+0000] {logging_mixin.py:188} INFO - [2026-04-08T13:16:47.855+0000] {dagbag.py:538} INFO - Filling up the DagBag from /home/airflow/.local/lib/python3.8/site-packages/airflow/example_dags/plugins/event_listener.py
[2026-04-08T13:16:47.859+0000] {processor.py:842} WARNING - No viable dags retrieved from /home/airflow/.local/lib/python3.8/site-packages/airflow/example_dags/plugins/event_listener.py
[2026-04-08T13:16:47.873+0000] {processor.py:183} INFO - Processing /home/airflow/.local/lib/python3.8/site-packages/airflow/example_dags/plugins/event_listener.py took 0.023 seconds
[2026-04-08T13:17:18.503+0000] {processor.py:161} INFO - Started process (PID=8219) to work on /home/airflow/.local/lib/python3.8/site-packages/airflow/example_dags/plugins/event_listener.py
[2026-04-08T13:17:18.504+0000] {processor.py:830} INFO - Processing file /home/airflow/.local/lib/python3.8/site-packages/airflow/example_dags/plugins/event_listener.py for tasks to queue
[2026-04-08T13:17:18.505+0000] {logging_mixin.py:188} INFO - [2026-04-08T13:17:18.504+0000] {dagbag.py:538} INFO - Filling up the DagBag from /home/airflow/.local/lib/python3.8/site-packages/airflow/example_dags/plugins/event_listener.py
[2026-04-08T13:17:18.507+0000] {processor.py:842} WARNING - No viable dags retrieved from /home/airflow/.local/lib/python3.8/site-packages/airflow/example_dags/plugins/event_listener.py
[2026-04-08T13:17:18.522+0000] {processor.py:183} INFO - Processing /home/airflow/.local/lib/python3.8/site-packages/airflow/example_dags/plugins/event_listener.py took 0.022 seconds
[2026-04-08T13:17:48.844+0000] {processor.py:161} INFO - Started process (PID=8280) to work on /home/airflow/.local/lib/python3.8/site-packages/airflow/example_dags/plugins/event_listener.py
[2026-04-08T13:17:48.845+0000] {processor.py:830} INFO - Processing file /home/airflow/.local/lib/python3.8/site-packages/airflow/example_dags/plugins/event_listener.py for tasks to queue
[2026-04-08T13:17:48.846+0000] {logging_mixin.py:188} INFO - [2026-04-08T13:17:48.846+0000] {dagbag.py:538} INFO - Filling up the DagBag from /home/airflow/.local/lib/python3.8/site-packages/airflow/example_dags/plugins/event_listener.py
[2026-04-08T13:17:48.849+0000] {processor.py:842} WARNING - No viable dags retrieved from /home/airflow/.local/lib/python3.8/site-packages/airflow/example_dags/plugins/event_listener.py
[2026-04-08T13:17:48.864+0000] {processor.py:183} INFO - Processing /home/airflow/.local/lib/python3.8/site-packages/airflow/example_dags/plugins/event_listener.py took 0.025 seconds
[2026-04-08T13:18:19.508+0000] {processor.py:161} INFO - Started process (PID=8340) to work on /home/airflow/.local/lib/python3.8/site-packages/airflow/example_dags/plugins/event_listener.py
[2026-04-08T13:18:19.511+0000] {processor.py:830} INFO - Processing file /home/airflow/.local/lib/python3.8/site-packages/airflow/example_dags/plugins/event_listener.py for tasks to queue
[2026-04-08T13:18:19.512+0000] {logging_mixin.py:188} INFO - [2026-04-08T13:18:19.512+0000] {dagbag.py:538} INFO - Filling up the DagBag from /home/airflow/.local/lib/python3.8/site-packages/airflow/example_dags/plugins/event_listener.py
[2026-04-08T13:18:19.515+0000] {processor.py:842} WARNING - No viable dags retrieved from /home/airflow/.local/lib/python3.8/site-packages/airflow/example_dags/plugins/event_listener.py
[2026-04-08T13:18:19.553+0000] {processor.py:183} INFO - Processing /home/airflow/.local/lib/python3.8/site-packages/airflow/example_dags/plugins/event_listener.py took 0.048 seconds
[2026-04-08T13:18:51.006+0000] {processor.py:161} INFO - Started process (PID=8401) to work on /home/airflow/.local/lib/python3.8/site-packages/airflow/example_dags/plugins/event_listener.py
[2026-04-08T13:18:51.007+0000] {processor.py:830} INFO - Processing file /home/airflow/.local/lib/python3.8/site-packages/airflow/example_dags/plugins/event_listener.py for tasks to queue
[2026-04-08T13:18:51.008+0000] {logging_mixin.py:188} INFO - [2026-04-08T13:18:51.008+0000] {dagbag.py:538} INFO - Filling up the DagBag from /home/airflow/.local/lib/python3.8/site-packages/airflow/example_dags/plugins/event_listener.py
[2026-04-08T13:18:51.011+0000] {processor.py:842} WARNING - No viable dags retrieved from /home/airflow/.local/lib/python3.8/site-packages/airflow/example_dags/plugins/event_listener.py
[2026-04-08T13:18:51.030+0000] {processor.py:183} INFO - Processing /home/airflow/.local/lib/python3.8/site-packages/airflow/example_dags/plugins/event_listener.py took 0.034 seconds
[2026-04-08T13:19:21.838+0000] {processor.py:161} INFO - Started process (PID=8462) to work on /home/airflow/.local/lib/python3.8/site-packages/airflow/example_dags/plugins/event_listener.py
[2026-04-08T13:19:21.841+0000] {processor.py:830} INFO - Processing file /home/airflow/.local/lib/python3.8/site-packages/airflow/example_dags/plugins/event_listener.py for tasks to queue
[2026-04-08T13:19:21.846+0000] {logging_mixin.py:188} INFO - [2026-04-08T13:19:21.845+0000] {dagbag.py:538} INFO - Filling up the DagBag from /home/airflow/.local/lib/python3.8/site-packages/airflow/example_dags/plugins/event_listener.py
[2026-04-08T13:19:21.852+0000] {processor.py:842} WARNING - No viable dags retrieved from /home/airflow/.local/lib/python3.8/site-packages/airflow/example_dags/plugins/event_listener.py
[2026-04-08T13:19:21.882+0000] {processor.py:183} INFO - Processing /home/airflow/.local/lib/python3.8/site-packages/airflow/example_dags/plugins/event_listener.py took 0.052 seconds
[2026-04-08T13:19:52.663+0000] {processor.py:161} INFO - Started process (PID=8528) to work on /home/airflow/.local/lib/python3.8/site-packages/airflow/example_dags/plugins/event_listener.py
[2026-04-08T13:19:52.664+0000] {processor.py:830} INFO - Processing file /home/airflow/.local/lib/python3.8/site-packages/airflow/example_dags/plugins/event_listener.py for tasks to queue
[2026-04-08T13:19:52.665+0000] {logging_mixin.py:188} INFO - [2026-04-08T13:19:52.665+0000] {dagbag.py:538} INFO - Filling up the DagBag from /home/airflow/.local/lib/python3.8/site-packages/airflow/example_dags/plugins/event_listener.py
[2026-04-08T13:19:52.675+0000] {processor.py:842} WARNING - No viable dags retrieved from /home/airflow/.local/lib/python3.8/site-packages/airflow/example_dags/plugins/event_listener.py
[2026-04-08T13:19:52.732+0000] {processor.py:183} INFO - Processing /home/airflow/.local/lib/python3.8/site-packages/airflow/example_dags/plugins/event_listener.py took 0.078 seconds
[2026-04-08T13:20:23.770+0000] {processor.py:161} INFO - Started process (PID=8589) to work on /home/airflow/.local/lib/python3.8/site-packages/airflow/example_dags/plugins/event_listener.py
[2026-04-08T13:20:23.771+0000] {processor.py:830} INFO - Processing file /home/airflow/.local/lib/python3.8/site-packages/airflow/example_dags/plugins/event_listener.py for tasks to queue
[2026-04-08T13:20:23.772+0000] {logging_mixin.py:188} INFO - [2026-04-08T13:20:23.771+0000] {dagbag.py:538} INFO - Filling up the DagBag from /home/airflow/.local/lib/python3.8/site-packages/airflow/example_dags/plugins/event_listener.py
[2026-04-08T13:20:23.775+0000] {processor.py:842} WARNING - No viable dags retrieved from /home/airflow/.local/lib/python3.8/site-packages/airflow/example_dags/plugins/event_listener.py
[2026-04-08T13:20:23.790+0000] {processor.py:183} INFO - Processing /home/airflow/.local/lib/python3.8/site-packages/airflow/example_dags/plugins/event_listener.py took 0.029 seconds
[2026-04-08T13:20:54.147+0000] {processor.py:161} INFO - Started process (PID=8649) to work on /home/airflow/.local/lib/python3.8/site-packages/airflow/example_dags/plugins/event_listener.py
[2026-04-08T13:20:54.149+0000] {processor.py:830} INFO - Processing file /home/airflow/.local/lib/python3.8/site-packages/airflow/example_dags/plugins/event_listener.py for tasks to queue
[2026-04-08T13:20:54.150+0000] {logging_mixin.py:188} INFO - [2026-04-08T13:20:54.150+0000] {dagbag.py:538} INFO - Filling up the DagBag from /home/airflow/.local/lib/python3.8/site-packages/airflow/example_dags/plugins/event_listener.py
[2026-04-08T13:20:54.153+0000] {processor.py:842} WARNING - No viable dags retrieved from /home/airflow/.local/lib/python3.8/site-packages/airflow/example_dags/plugins/event_listener.py
[2026-04-08T13:20:54.181+0000] {processor.py:183} INFO - Processing /home/airflow/.local/lib/python3.8/site-packages/airflow/example_dags/plugins/event_listener.py took 0.041 seconds
[2026-04-08T13:21:24.640+0000] {processor.py:161} INFO - Started process (PID=8711) to work on /home/airflow/.local/lib/python3.8/site-packages/airflow/example_dags/plugins/event_listener.py
[2026-04-08T13:21:24.641+0000] {processor.py:830} INFO - Processing file /home/airflow/.local/lib/python3.8/site-packages/airflow/example_dags/plugins/event_listener.py for tasks to queue
[2026-04-08T13:21:24.642+0000] {logging_mixin.py:188} INFO - [2026-04-08T13:21:24.642+0000] {dagbag.py:538} INFO - Filling up the DagBag from /home/airflow/.local/lib/python3.8/site-packages/airflow/example_dags/plugins/event_listener.py
[2026-04-08T13:21:24.645+0000] {processor.py:842} WARNING - No viable dags retrieved from /home/airflow/.local/lib/python3.8/site-packages/airflow/example_dags/plugins/event_listener.py
[2026-04-08T13:21:24.674+0000] {processor.py:183} INFO - Processing /home/airflow/.local/lib/python3.8/site-packages/airflow/example_dags/plugins/event_listener.py took 0.039 seconds
[2026-04-08T13:21:55.299+0000] {processor.py:161} INFO - Started process (PID=8771) to work on /home/airflow/.local/lib/python3.8/site-packages/airflow/example_dags/plugins/event_listener.py
[2026-04-08T13:21:55.300+0000] {processor.py:830} INFO - Processing file /home/airflow/.local/lib/python3.8/site-packages/airflow/example_dags/plugins/event_listener.py for tasks to queue
[2026-04-08T13:21:55.302+0000] {logging_mixin.py:188} INFO - [2026-04-08T13:21:55.301+0000] {dagbag.py:538} INFO - Filling up the DagBag from /home/airflow/.local/lib/python3.8/site-packages/airflow/example_dags/plugins/event_listener.py
[2026-04-08T13:21:55.305+0000] {processor.py:842} WARNING - No viable dags retrieved from /home/airflow/.local/lib/python3.8/site-packages/airflow/example_dags/plugins/event_listener.py
[2026-04-08T13:21:55.323+0000] {processor.py:183} INFO - Processing /home/airflow/.local/lib/python3.8/site-packages/airflow/example_dags/plugins/event_listener.py took 0.032 seconds
[2026-04-08T13:22:25.544+0000] {processor.py:161} INFO - Started process (PID=8832) to work on /home/airflow/.local/lib/python3.8/site-packages/airflow/example_dags/plugins/event_listener.py
[2026-04-08T13:22:25.551+0000] {processor.py:830} INFO - Processing file /home/airflow/.local/lib/python3.8/site-packages/airflow/example_dags/plugins/event_listener.py for tasks to queue
[2026-04-08T13:22:25.552+0000] {logging_mixin.py:188} INFO - [2026-04-08T13:22:25.552+0000] {dagbag.py:538} INFO - Filling up the DagBag from /home/airflow/.local/lib/python3.8/site-packages/airflow/example_dags/plugins/event_listener.py
[2026-04-08T13:22:25.555+0000] {processor.py:842} WARNING - No viable dags retrieved from /home/airflow/.local/lib/python3.8/site-packages/airflow/example_dags/plugins/event_listener.py
[2026-04-08T13:22:25.606+0000] {processor.py:183} INFO - Processing /home/airflow/.local/lib/python3.8/site-packages/airflow/example_dags/plugins/event_listener.py took 0.069 seconds
[2026-04-08T13:22:55.785+0000] {processor.py:161} INFO - Started process (PID=8892) to work on /home/airflow/.local/lib/python3.8/site-packages/airflow/example_dags/plugins/event_listener.py
[2026-04-08T13:22:55.788+0000] {processor.py:830} INFO - Processing file /home/airflow/.local/lib/python3.8/site-packages/airflow/example_dags/plugins/event_listener.py for tasks to queue
[2026-04-08T13:22:55.789+0000] {logging_mixin.py:188} INFO - [2026-04-08T13:22:55.789+0000] {dagbag.py:538} INFO - Filling up the DagBag from /home/airflow/.local/lib/python3.8/site-packages/airflow/example_dags/plugins/event_listener.py
[2026-04-08T13:22:55.792+0000] {processor.py:842} WARNING - No viable dags retrieved from /home/airflow/.local/lib/python3.8/site-packages/airflow/example_dags/plugins/event_listener.py
[2026-04-08T13:22:55.809+0000] {processor.py:183} INFO - Processing /home/airflow/.local/lib/python3.8/site-packages/airflow/example_dags/plugins/event_listener.py took 0.028 seconds
[2026-04-08T13:23:26.610+0000] {processor.py:161} INFO - Started process (PID=8953) to work on /home/airflow/.local/lib/python3.8/site-packages/airflow/example_dags/plugins/event_listener.py
[2026-04-08T13:23:26.612+0000] {processor.py:830} INFO - Processing file /home/airflow/.local/lib/python3.8/site-packages/airflow/example_dags/plugins/event_listener.py for tasks to queue
[2026-04-08T13:23:26.613+0000] {logging_mixin.py:188} INFO - [2026-04-08T13:23:26.612+0000] {dagbag.py:538} INFO - Filling up the DagBag from /home/airflow/.local/lib/python3.8/site-packages/airflow/example_dags/plugins/event_listener.py
[2026-04-08T13:23:26.615+0000] {processor.py:842} WARNING - No viable dags retrieved from /home/airflow/.local/lib/python3.8/site-packages/airflow/example_dags/plugins/event_listener.py
[2026-04-08T13:23:26.636+0000] {processor.py:183} INFO - Processing /home/airflow/.local/lib/python3.8/site-packages/airflow/example_dags/plugins/event_listener.py took 0.033 seconds
[2026-04-08T13:23:57.045+0000] {processor.py:161} INFO - Started process (PID=9014) to work on /home/airflow/.local/lib/python3.8/site-packages/airflow/example_dags/plugins/event_listener.py
[2026-04-08T13:23:57.049+0000] {processor.py:830} INFO - Processing file /home/airflow/.local/lib/python3.8/site-packages/airflow/example_dags/plugins/event_listener.py for tasks to queue
[2026-04-08T13:23:57.050+0000] {logging_mixin.py:188} INFO - [2026-04-08T13:23:57.049+0000] {dagbag.py:538} INFO - Filling up the DagBag from /home/airflow/.local/lib/python3.8/site-packages/airflow/example_dags/plugins/event_listener.py
[2026-04-08T13:23:57.052+0000] {processor.py:842} WARNING - No viable dags retrieved from /home/airflow/.local/lib/python3.8/site-packages/airflow/example_dags/plugins/event_listener.py
[2026-04-08T13:23:57.066+0000] {processor.py:183} INFO - Processing /home/airflow/.local/lib/python3.8/site-packages/airflow/example_dags/plugins/event_listener.py took 0.027 seconds
[2026-04-08T13:24:27.286+0000] {processor.py:161} INFO - Started process (PID=9075) to work on /home/airflow/.local/lib/python3.8/site-packages/airflow/example_dags/plugins/event_listener.py
[2026-04-08T13:24:27.287+0000] {processor.py:830} INFO - Processing file /home/airflow/.local/lib/python3.8/site-packages/airflow/example_dags/plugins/event_listener.py for tasks to queue
[2026-04-08T13:24:27.288+0000] {logging_mixin.py:188} INFO - [2026-04-08T13:24:27.288+0000] {dagbag.py:538} INFO - Filling up the DagBag from /home/airflow/.local/lib/python3.8/site-packages/airflow/example_dags/plugins/event_listener.py
[2026-04-08T13:24:27.291+0000] {processor.py:842} WARNING - No viable dags retrieved from /home/airflow/.local/lib/python3.8/site-packages/airflow/example_dags/plugins/event_listener.py
[2026-04-08T13:24:27.330+0000] {processor.py:183} INFO - Processing /home/airflow/.local/lib/python3.8/site-packages/airflow/example_dags/plugins/event_listener.py took 0.048 seconds
[2026-04-08T13:24:59.583+0000] {processor.py:161} INFO - Started process (PID=9135) to work on /home/airflow/.local/lib/python3.8/site-packages/airflow/example_dags/plugins/event_listener.py
[2026-04-08T13:24:59.587+0000] {processor.py:830} INFO - Processing file /home/airflow/.local/lib/python3.8/site-packages/airflow/example_dags/plugins/event_listener.py for tasks to queue
[2026-04-08T13:24:59.588+0000] {logging_mixin.py:188} INFO - [2026-04-08T13:24:59.588+0000] {dagbag.py:538} INFO - Filling up the DagBag from /home/airflow/.local/lib/python3.8/site-packages/airflow/example_dags/plugins/event_listener.py
[2026-04-08T13:24:59.596+0000] {processor.py:842} WARNING - No viable dags retrieved from /home/airflow/.local/lib/python3.8/site-packages/airflow/example_dags/plugins/event_listener.py
[2026-04-08T13:24:59.638+0000] {processor.py:183} INFO - Processing /home/airflow/.local/lib/python3.8/site-packages/airflow/example_dags/plugins/event_listener.py took 0.063 seconds
[2026-04-08T13:25:31.500+0000] {processor.py:161} INFO - Started process (PID=9197) to work on /home/airflow/.local/lib/python3.8/site-packages/airflow/example_dags/plugins/event_listener.py
[2026-04-08T13:25:31.501+0000] {processor.py:830} INFO - Processing file /home/airflow/.local/lib/python3.8/site-packages/airflow/example_dags/plugins/event_listener.py for tasks to queue
[2026-04-08T13:25:31.502+0000] {logging_mixin.py:188} INFO - [2026-04-08T13:25:31.501+0000] {dagbag.py:538} INFO - Filling up the DagBag from /home/airflow/.local/lib/python3.8/site-packages/airflow/example_dags/plugins/event_listener.py
[2026-04-08T13:25:31.504+0000] {processor.py:842} WARNING - No viable dags retrieved from /home/airflow/.local/lib/python3.8/site-packages/airflow/example_dags/plugins/event_listener.py
[2026-04-08T13:25:31.545+0000] {processor.py:183} INFO - Processing /home/airflow/.local/lib/python3.8/site-packages/airflow/example_dags/plugins/event_listener.py took 0.050 seconds
[2026-04-08T13:26:02.120+0000] {processor.py:161} INFO - Started process (PID=9258) to work on /home/airflow/.local/lib/python3.8/site-packages/airflow/example_dags/plugins/event_listener.py
[2026-04-08T13:26:02.125+0000] {processor.py:830} INFO - Processing file /home/airflow/.local/lib/python3.8/site-packages/airflow/example_dags/plugins/event_listener.py for tasks to queue
[2026-04-08T13:26:02.127+0000] {logging_mixin.py:188} INFO - [2026-04-08T13:26:02.126+0000] {dagbag.py:538} INFO - Filling up the DagBag from /home/airflow/.local/lib/python3.8/site-packages/airflow/example_dags/plugins/event_listener.py
[2026-04-08T13:26:02.131+0000] {processor.py:842} WARNING - No viable dags retrieved from /home/airflow/.local/lib/python3.8/site-packages/airflow/example_dags/plugins/event_listener.py
[2026-04-08T13:26:02.149+0000] {processor.py:183} INFO - Processing /home/airflow/.local/lib/python3.8/site-packages/airflow/example_dags/plugins/event_listener.py took 0.037 seconds
[2026-04-08T13:26:32.457+0000] {processor.py:161} INFO - Started process (PID=9318) to work on /home/airflow/.local/lib/python3.8/site-packages/airflow/example_dags/plugins/event_listener.py
[2026-04-08T13:26:32.459+0000] {processor.py:830} INFO - Processing file /home/airflow/.local/lib/python3.8/site-packages/airflow/example_dags/plugins/event_listener.py for tasks to queue
[2026-04-08T13:26:32.460+0000] {logging_mixin.py:188} INFO - [2026-04-08T13:26:32.460+0000] {dagbag.py:538} INFO - Filling up the DagBag from /home/airflow/.local/lib/python3.8/site-packages/airflow/example_dags/plugins/event_listener.py
[2026-04-08T13:26:32.463+0000] {processor.py:842} WARNING - No viable dags retrieved from /home/airflow/.local/lib/python3.8/site-packages/airflow/example_dags/plugins/event_listener.py
[2026-04-08T13:26:32.483+0000] {processor.py:183} INFO - Processing /home/airflow/.local/lib/python3.8/site-packages/airflow/example_dags/plugins/event_listener.py took 0.030 seconds
[2026-04-08T13:27:03.111+0000] {processor.py:161} INFO - Started process (PID=9380) to work on /home/airflow/.local/lib/python3.8/site-packages/airflow/example_dags/plugins/event_listener.py
[2026-04-08T13:27:03.113+0000] {processor.py:830} INFO - Processing file /home/airflow/.local/lib/python3.8/site-packages/airflow/example_dags/plugins/event_listener.py for tasks to queue
[2026-04-08T13:27:03.114+0000] {logging_mixin.py:188} INFO - [2026-04-08T13:27:03.114+0000] {dagbag.py:538} INFO - Filling up the DagBag from /home/airflow/.local/lib/python3.8/site-packages/airflow/example_dags/plugins/event_listener.py
[2026-04-08T13:27:03.117+0000] {processor.py:842} WARNING - No viable dags retrieved from /home/airflow/.local/lib/python3.8/site-packages/airflow/example_dags/plugins/event_listener.py
[2026-04-08T13:27:03.130+0000] {processor.py:183} INFO - Processing /home/airflow/.local/lib/python3.8/site-packages/airflow/example_dags/plugins/event_listener.py took 0.023 seconds
[2026-04-08T13:27:33.436+0000] {processor.py:161} INFO - Started process (PID=9441) to work on /home/airflow/.local/lib/python3.8/site-packages/airflow/example_dags/plugins/event_listener.py
[2026-04-08T13:27:33.437+0000] {processor.py:830} INFO - Processing file /home/airflow/.local/lib/python3.8/site-packages/airflow/example_dags/plugins/event_listener.py for tasks to queue
[2026-04-08T13:27:33.438+0000] {logging_mixin.py:188} INFO - [2026-04-08T13:27:33.438+0000] {dagbag.py:538} INFO - Filling up the DagBag from /home/airflow/.local/lib/python3.8/site-packages/airflow/example_dags/plugins/event_listener.py
[2026-04-08T13:27:33.442+0000] {processor.py:842} WARNING - No viable dags retrieved from /home/airflow/.local/lib/python3.8/site-packages/airflow/example_dags/plugins/event_listener.py
[2026-04-08T13:27:33.456+0000] {processor.py:183} INFO - Processing /home/airflow/.local/lib/python3.8/site-packages/airflow/example_dags/plugins/event_listener.py took 0.025 seconds
[2026-04-08T13:28:04.150+0000] {processor.py:161} INFO - Started process (PID=9502) to work on /home/airflow/.local/lib/python3.8/site-packages/airflow/example_dags/plugins/event_listener.py
[2026-04-08T13:28:04.152+0000] {processor.py:830} INFO - Processing file /home/airflow/.local/lib/python3.8/site-packages/airflow/example_dags/plugins/event_listener.py for tasks to queue
[2026-04-08T13:28:04.155+0000] {logging_mixin.py:188} INFO - [2026-04-08T13:28:04.153+0000] {dagbag.py:538} INFO - Filling up the DagBag from /home/airflow/.local/lib/python3.8/site-packages/airflow/example_dags/plugins/event_listener.py
[2026-04-08T13:28:04.158+0000] {processor.py:842} WARNING - No viable dags retrieved from /home/airflow/.local/lib/python3.8/site-packages/airflow/example_dags/plugins/event_listener.py
[2026-04-08T13:28:04.194+0000] {processor.py:183} INFO - Processing /home/airflow/.local/lib/python3.8/site-packages/airflow/example_dags/plugins/event_listener.py took 0.048 seconds
[2026-04-08T13:28:34.910+0000] {processor.py:161} INFO - Started process (PID=9563) to work on /home/airflow/.local/lib/python3.8/site-packages/airflow/example_dags/plugins/event_listener.py
[2026-04-08T13:28:34.911+0000] {processor.py:830} INFO - Processing file /home/airflow/.local/lib/python3.8/site-packages/airflow/example_dags/plugins/event_listener.py for tasks to queue
[2026-04-08T13:28:34.912+0000] {logging_mixin.py:188} INFO - [2026-04-08T13:28:34.912+0000] {dagbag.py:538} INFO - Filling up the DagBag from /home/airflow/.local/lib/python3.8/site-packages/airflow/example_dags/plugins/event_listener.py
[2026-04-08T13:28:34.915+0000] {processor.py:842} WARNING - No viable dags retrieved from /home/airflow/.local/lib/python3.8/site-packages/airflow/example_dags/plugins/event_listener.py
[2026-04-08T13:28:34.949+0000] {processor.py:183} INFO - Processing /home/airflow/.local/lib/python3.8/site-packages/airflow/example_dags/plugins/event_listener.py took 0.043 seconds
[2026-04-08T13:29:05.238+0000] {processor.py:161} INFO - Started process (PID=9623) to work on /home/airflow/.local/lib/python3.8/site-packages/airflow/example_dags/plugins/event_listener.py
[2026-04-08T13:29:05.239+0000] {processor.py:830} INFO - Processing file /home/airflow/.local/lib/python3.8/site-packages/airflow/example_dags/plugins/event_listener.py for tasks to queue
[2026-04-08T13:29:05.241+0000] {logging_mixin.py:188} INFO - [2026-04-08T13:29:05.240+0000] {dagbag.py:538} INFO - Filling up the DagBag from /home/airflow/.local/lib/python3.8/site-packages/airflow/example_dags/plugins/event_listener.py
[2026-04-08T13:29:05.244+0000] {processor.py:842} WARNING - No viable dags retrieved from /home/airflow/.local/lib/python3.8/site-packages/airflow/example_dags/plugins/event_listener.py
[2026-04-08T13:29:05.273+0000] {processor.py:183} INFO - Processing /home/airflow/.local/lib/python3.8/site-packages/airflow/example_dags/plugins/event_listener.py took 0.040 seconds
[2026-04-08T13:29:35.800+0000] {processor.py:161} INFO - Started process (PID=9684) to work on /home/airflow/.local/lib/python3.8/site-packages/airflow/example_dags/plugins/event_listener.py
[2026-04-08T13:29:35.801+0000] {processor.py:830} INFO - Processing file /home/airflow/.local/lib/python3.8/site-packages/airflow/example_dags/plugins/event_listener.py for tasks to queue
[2026-04-08T13:29:35.802+0000] {logging_mixin.py:188} INFO - [2026-04-08T13:29:35.802+0000] {dagbag.py:538} INFO - Filling up the DagBag from /home/airflow/.local/lib/python3.8/site-packages/airflow/example_dags/plugins/event_listener.py
[2026-04-08T13:29:35.805+0000] {processor.py:842} WARNING - No viable dags retrieved from /home/airflow/.local/lib/python3.8/site-packages/airflow/example_dags/plugins/event_listener.py
[2026-04-08T13:29:35.839+0000] {processor.py:183} INFO - Processing /home/airflow/.local/lib/python3.8/site-packages/airflow/example_dags/plugins/event_listener.py took 0.043 seconds
[2026-04-08T13:30:06.716+0000] {processor.py:161} INFO - Started process (PID=9745) to work on /home/airflow/.local/lib/python3.8/site-packages/airflow/example_dags/plugins/event_listener.py
[2026-04-08T13:30:06.721+0000] {processor.py:830} INFO - Processing file /home/airflow/.local/lib/python3.8/site-packages/airflow/example_dags/plugins/event_listener.py for tasks to queue
[2026-04-08T13:30:06.722+0000] {logging_mixin.py:188} INFO - [2026-04-08T13:30:06.721+0000] {dagbag.py:538} INFO - Filling up the DagBag from /home/airflow/.local/lib/python3.8/site-packages/airflow/example_dags/plugins/event_listener.py
[2026-04-08T13:30:06.734+0000] {processor.py:842} WARNING - No viable dags retrieved from /home/airflow/.local/lib/python3.8/site-packages/airflow/example_dags/plugins/event_listener.py
[2026-04-08T13:30:06.768+0000] {processor.py:183} INFO - Processing /home/airflow/.local/lib/python3.8/site-packages/airflow/example_dags/plugins/event_listener.py took 0.061 seconds
[2026-04-08T13:30:38.071+0000] {processor.py:161} INFO - Started process (PID=9806) to work on /home/airflow/.local/lib/python3.8/site-packages/airflow/example_dags/plugins/event_listener.py
[2026-04-08T13:30:38.075+0000] {processor.py:830} INFO - Processing file /home/airflow/.local/lib/python3.8/site-packages/airflow/example_dags/plugins/event_listener.py for tasks to queue
[2026-04-08T13:30:38.086+0000] {logging_mixin.py:188} INFO - [2026-04-08T13:30:38.079+0000] {dagbag.py:538} INFO - Filling up the DagBag from /home/airflow/.local/lib/python3.8/site-packages/airflow/example_dags/plugins/event_listener.py
[2026-04-08T13:30:38.099+0000] {processor.py:842} WARNING - No viable dags retrieved from /home/airflow/.local/lib/python3.8/site-packages/airflow/example_dags/plugins/event_listener.py
[2026-04-08T13:30:38.159+0000] {processor.py:183} INFO - Processing /home/airflow/.local/lib/python3.8/site-packages/airflow/example_dags/plugins/event_listener.py took 0.106 seconds
[2026-04-08T13:31:08.589+0000] {processor.py:161} INFO - Started process (PID=9867) to work on /home/airflow/.local/lib/python3.8/site-packages/airflow/example_dags/plugins/event_listener.py
[2026-04-08T13:31:08.590+0000] {processor.py:830} INFO - Processing file /home/airflow/.local/lib/python3.8/site-packages/airflow/example_dags/plugins/event_listener.py for tasks to queue
[2026-04-08T13:31:08.591+0000] {logging_mixin.py:188} INFO - [2026-04-08T13:31:08.591+0000] {dagbag.py:538} INFO - Filling up the DagBag from /home/airflow/.local/lib/python3.8/site-packages/airflow/example_dags/plugins/event_listener.py
[2026-04-08T13:31:08.594+0000] {processor.py:842} WARNING - No viable dags retrieved from /home/airflow/.local/lib/python3.8/site-packages/airflow/example_dags/plugins/event_listener.py
[2026-04-08T13:31:08.611+0000] {processor.py:183} INFO - Processing /home/airflow/.local/lib/python3.8/site-packages/airflow/example_dags/plugins/event_listener.py took 0.025 seconds
[2026-04-08T13:31:39.393+0000] {processor.py:161} INFO - Started process (PID=9928) to work on /home/airflow/.local/lib/python3.8/site-packages/airflow/example_dags/plugins/event_listener.py
[2026-04-08T13:31:39.394+0000] {processor.py:830} INFO - Processing file /home/airflow/.local/lib/python3.8/site-packages/airflow/example_dags/plugins/event_listener.py for tasks to queue
[2026-04-08T13:31:39.395+0000] {logging_mixin.py:188} INFO - [2026-04-08T13:31:39.394+0000] {dagbag.py:538} INFO - Filling up the DagBag from /home/airflow/.local/lib/python3.8/site-packages/airflow/example_dags/plugins/event_listener.py
[2026-04-08T13:31:39.397+0000] {processor.py:842} WARNING - No viable dags retrieved from /home/airflow/.local/lib/python3.8/site-packages/airflow/example_dags/plugins/event_listener.py
[2026-04-08T13:31:39.418+0000] {processor.py:183} INFO - Processing /home/airflow/.local/lib/python3.8/site-packages/airflow/example_dags/plugins/event_listener.py took 0.029 seconds
[2026-04-08T13:32:09.699+0000] {processor.py:161} INFO - Started process (PID=9989) to work on /home/airflow/.local/lib/python3.8/site-packages/airflow/example_dags/plugins/event_listener.py
[2026-04-08T13:32:09.700+0000] {processor.py:830} INFO - Processing file /home/airflow/.local/lib/python3.8/site-packages/airflow/example_dags/plugins/event_listener.py for tasks to queue
[2026-04-08T13:32:09.701+0000] {logging_mixin.py:188} INFO - [2026-04-08T13:32:09.700+0000] {dagbag.py:538} INFO - Filling up the DagBag from /home/airflow/.local/lib/python3.8/site-packages/airflow/example_dags/plugins/event_listener.py
[2026-04-08T13:32:09.703+0000] {processor.py:842} WARNING - No viable dags retrieved from /home/airflow/.local/lib/python3.8/site-packages/airflow/example_dags/plugins/event_listener.py
[2026-04-08T13:32:09.717+0000] {processor.py:183} INFO - Processing /home/airflow/.local/lib/python3.8/site-packages/airflow/example_dags/plugins/event_listener.py took 0.022 seconds
[2026-04-08T13:32:39.875+0000] {processor.py:161} INFO - Started process (PID=10050) to work on /home/airflow/.local/lib/python3.8/site-packages/airflow/example_dags/plugins/event_listener.py
[2026-04-08T13:32:39.876+0000] {processor.py:830} INFO - Processing file /home/airflow/.local/lib/python3.8/site-packages/airflow/example_dags/plugins/event_listener.py for tasks to queue
[2026-04-08T13:32:39.877+0000] {logging_mixin.py:188} INFO - [2026-04-08T13:32:39.877+0000] {dagbag.py:538} INFO - Filling up the DagBag from /home/airflow/.local/lib/python3.8/site-packages/airflow/example_dags/plugins/event_listener.py
[2026-04-08T13:32:39.880+0000] {processor.py:842} WARNING - No viable dags retrieved from /home/airflow/.local/lib/python3.8/site-packages/airflow/example_dags/plugins/event_listener.py
[2026-04-08T13:32:39.894+0000] {processor.py:183} INFO - Processing /home/airflow/.local/lib/python3.8/site-packages/airflow/example_dags/plugins/event_listener.py took 0.023 seconds
[2026-04-08T13:33:10.684+0000] {processor.py:161} INFO - Started process (PID=10111) to work on /home/airflow/.local/lib/python3.8/site-packages/airflow/example_dags/plugins/event_listener.py
[2026-04-08T13:33:10.685+0000] {processor.py:830} INFO - Processing file /home/airflow/.local/lib/python3.8/site-packages/airflow/example_dags/plugins/event_listener.py for tasks to queue
[2026-04-08T13:33:10.686+0000] {logging_mixin.py:188} INFO - [2026-04-08T13:33:10.686+0000] {dagbag.py:538} INFO - Filling up the DagBag from /home/airflow/.local/lib/python3.8/site-packages/airflow/example_dags/plugins/event_listener.py
[2026-04-08T13:33:10.688+0000] {processor.py:842} WARNING - No viable dags retrieved from /home/airflow/.local/lib/python3.8/site-packages/airflow/example_dags/plugins/event_listener.py
[2026-04-08T13:33:10.700+0000] {processor.py:183} INFO - Processing /home/airflow/.local/lib/python3.8/site-packages/airflow/example_dags/plugins/event_listener.py took 0.018 seconds
[2026-04-08T13:33:40.852+0000] {processor.py:161} INFO - Started process (PID=10172) to work on /home/airflow/.local/lib/python3.8/site-packages/airflow/example_dags/plugins/event_listener.py
[2026-04-08T13:33:40.852+0000] {processor.py:830} INFO - Processing file /home/airflow/.local/lib/python3.8/site-packages/airflow/example_dags/plugins/event_listener.py for tasks to queue
[2026-04-08T13:33:40.854+0000] {logging_mixin.py:188} INFO - [2026-04-08T13:33:40.853+0000] {dagbag.py:538} INFO - Filling up the DagBag from /home/airflow/.local/lib/python3.8/site-packages/airflow/example_dags/plugins/event_listener.py
[2026-04-08T13:33:40.856+0000] {processor.py:842} WARNING - No viable dags retrieved from /home/airflow/.local/lib/python3.8/site-packages/airflow/example_dags/plugins/event_listener.py
[2026-04-08T13:33:40.871+0000] {processor.py:183} INFO - Processing /home/airflow/.local/lib/python3.8/site-packages/airflow/example_dags/plugins/event_listener.py took 0.024 seconds
[2026-04-08T13:34:11.818+0000] {processor.py:161} INFO - Started process (PID=10232) to work on /home/airflow/.local/lib/python3.8/site-packages/airflow/example_dags/plugins/event_listener.py
[2026-04-08T13:34:11.820+0000] {processor.py:830} INFO - Processing file /home/airflow/.local/lib/python3.8/site-packages/airflow/example_dags/plugins/event_listener.py for tasks to queue
[2026-04-08T13:34:11.821+0000] {logging_mixin.py:188} INFO - [2026-04-08T13:34:11.821+0000] {dagbag.py:538} INFO - Filling up the DagBag from /home/airflow/.local/lib/python3.8/site-packages/airflow/example_dags/plugins/event_listener.py
[2026-04-08T13:34:11.825+0000] {processor.py:842} WARNING - No viable dags retrieved from /home/airflow/.local/lib/python3.8/site-packages/airflow/example_dags/plugins/event_listener.py
[2026-04-08T13:34:11.842+0000] {processor.py:183} INFO - Processing /home/airflow/.local/lib/python3.8/site-packages/airflow/example_dags/plugins/event_listener.py took 0.029 seconds
[2026-04-08T13:34:42.652+0000] {processor.py:161} INFO - Started process (PID=10293) to work on /home/airflow/.local/lib/python3.8/site-packages/airflow/example_dags/plugins/event_listener.py
[2026-04-08T13:34:42.653+0000] {processor.py:830} INFO - Processing file /home/airflow/.local/lib/python3.8/site-packages/airflow/example_dags/plugins/event_listener.py for tasks to queue
[2026-04-08T13:34:42.654+0000] {logging_mixin.py:188} INFO - [2026-04-08T13:34:42.653+0000] {dagbag.py:538} INFO - Filling up the DagBag from /home/airflow/.local/lib/python3.8/site-packages/airflow/example_dags/plugins/event_listener.py
[2026-04-08T13:34:42.656+0000] {processor.py:842} WARNING - No viable dags retrieved from /home/airflow/.local/lib/python3.8/site-packages/airflow/example_dags/plugins/event_listener.py
[2026-04-08T13:34:42.670+0000] {processor.py:183} INFO - Processing /home/airflow/.local/lib/python3.8/site-packages/airflow/example_dags/plugins/event_listener.py took 0.023 seconds
[2026-04-08T13:35:15.538+0000] {processor.py:161} INFO - Started process (PID=10355) to work on /home/airflow/.local/lib/python3.8/site-packages/airflow/example_dags/plugins/event_listener.py
[2026-04-08T13:35:15.542+0000] {processor.py:830} INFO - Processing file /home/airflow/.local/lib/python3.8/site-packages/airflow/example_dags/plugins/event_listener.py for tasks to queue
[2026-04-08T13:35:15.543+0000] {logging_mixin.py:188} INFO - [2026-04-08T13:35:15.542+0000] {dagbag.py:538} INFO - Filling up the DagBag from /home/airflow/.local/lib/python3.8/site-packages/airflow/example_dags/plugins/event_listener.py
[2026-04-08T13:35:15.551+0000] {processor.py:842} WARNING - No viable dags retrieved from /home/airflow/.local/lib/python3.8/site-packages/airflow/example_dags/plugins/event_listener.py
[2026-04-08T13:35:15.624+0000] {processor.py:183} INFO - Processing /home/airflow/.local/lib/python3.8/site-packages/airflow/example_dags/plugins/event_listener.py took 0.096 seconds
[2026-04-08T13:35:46.656+0000] {processor.py:161} INFO - Started process (PID=10416) to work on /home/airflow/.local/lib/python3.8/site-packages/airflow/example_dags/plugins/event_listener.py
[2026-04-08T13:35:46.660+0000] {processor.py:830} INFO - Processing file /home/airflow/.local/lib/python3.8/site-packages/airflow/example_dags/plugins/event_listener.py for tasks to queue
[2026-04-08T13:35:46.664+0000] {logging_mixin.py:188} INFO - [2026-04-08T13:35:46.663+0000] {dagbag.py:538} INFO - Filling up the DagBag from /home/airflow/.local/lib/python3.8/site-packages/airflow/example_dags/plugins/event_listener.py
[2026-04-08T13:35:46.671+0000] {processor.py:842} WARNING - No viable dags retrieved from /home/airflow/.local/lib/python3.8/site-packages/airflow/example_dags/plugins/event_listener.py
[2026-04-08T13:35:46.725+0000] {processor.py:183} INFO - Processing /home/airflow/.local/lib/python3.8/site-packages/airflow/example_dags/plugins/event_listener.py took 0.085 seconds
[2026-04-08T13:36:17.491+0000] {processor.py:161} INFO - Started process (PID=10476) to work on /home/airflow/.local/lib/python3.8/site-packages/airflow/example_dags/plugins/event_listener.py
[2026-04-08T13:36:17.493+0000] {processor.py:830} INFO - Processing file /home/airflow/.local/lib/python3.8/site-packages/airflow/example_dags/plugins/event_listener.py for tasks to queue
[2026-04-08T13:36:17.494+0000] {logging_mixin.py:188} INFO - [2026-04-08T13:36:17.494+0000] {dagbag.py:538} INFO - Filling up the DagBag from /home/airflow/.local/lib/python3.8/site-packages/airflow/example_dags/plugins/event_listener.py
[2026-04-08T13:36:17.497+0000] {processor.py:842} WARNING - No viable dags retrieved from /home/airflow/.local/lib/python3.8/site-packages/airflow/example_dags/plugins/event_listener.py
[2026-04-08T13:36:17.517+0000] {processor.py:183} INFO - Processing /home/airflow/.local/lib/python3.8/site-packages/airflow/example_dags/plugins/event_listener.py took 0.032 seconds
[2026-04-08T13:36:47.622+0000] {processor.py:161} INFO - Started process (PID=10536) to work on /home/airflow/.local/lib/python3.8/site-packages/airflow/example_dags/plugins/event_listener.py
[2026-04-08T13:36:47.623+0000] {processor.py:830} INFO - Processing file /home/airflow/.local/lib/python3.8/site-packages/airflow/example_dags/plugins/event_listener.py for tasks to queue
[2026-04-08T13:36:47.624+0000] {logging_mixin.py:188} INFO - [2026-04-08T13:36:47.624+0000] {dagbag.py:538} INFO - Filling up the DagBag from /home/airflow/.local/lib/python3.8/site-packages/airflow/example_dags/plugins/event_listener.py
[2026-04-08T13:36:47.626+0000] {processor.py:842} WARNING - No viable dags retrieved from /home/airflow/.local/lib/python3.8/site-packages/airflow/example_dags/plugins/event_listener.py
[2026-04-08T13:36:47.639+0000] {processor.py:183} INFO - Processing /home/airflow/.local/lib/python3.8/site-packages/airflow/example_dags/plugins/event_listener.py took 0.020 seconds
[2026-04-08T13:37:18.542+0000] {processor.py:161} INFO - Started process (PID=10597) to work on /home/airflow/.local/lib/python3.8/site-packages/airflow/example_dags/plugins/event_listener.py
[2026-04-08T13:37:18.543+0000] {processor.py:830} INFO - Processing file /home/airflow/.local/lib/python3.8/site-packages/airflow/example_dags/plugins/event_listener.py for tasks to queue
[2026-04-08T13:37:18.544+0000] {logging_mixin.py:188} INFO - [2026-04-08T13:37:18.544+0000] {dagbag.py:538} INFO - Filling up the DagBag from /home/airflow/.local/lib/python3.8/site-packages/airflow/example_dags/plugins/event_listener.py
[2026-04-08T13:37:18.550+0000] {processor.py:842} WARNING - No viable dags retrieved from /home/airflow/.local/lib/python3.8/site-packages/airflow/example_dags/plugins/event_listener.py
[2026-04-08T13:37:18.573+0000] {processor.py:183} INFO - Processing /home/airflow/.local/lib/python3.8/site-packages/airflow/example_dags/plugins/event_listener.py took 0.036 seconds
[2026-04-08T13:37:49.077+0000] {processor.py:161} INFO - Started process (PID=10658) to work on /home/airflow/.local/lib/python3.8/site-packages/airflow/example_dags/plugins/event_listener.py
[2026-04-08T13:37:49.078+0000] {processor.py:830} INFO - Processing file /home/airflow/.local/lib/python3.8/site-packages/airflow/example_dags/plugins/event_listener.py for tasks to queue
[2026-04-08T13:37:49.079+0000] {logging_mixin.py:188} INFO - [2026-04-08T13:37:49.079+0000] {dagbag.py:538} INFO - Filling up the DagBag from /home/airflow/.local/lib/python3.8/site-packages/airflow/example_dags/plugins/event_listener.py
[2026-04-08T13:37:49.082+0000] {processor.py:842} WARNING - No viable dags retrieved from /home/airflow/.local/lib/python3.8/site-packages/airflow/example_dags/plugins/event_listener.py
[2026-04-08T13:37:49.096+0000] {processor.py:183} INFO - Processing /home/airflow/.local/lib/python3.8/site-packages/airflow/example_dags/plugins/event_listener.py took 0.024 seconds
[2026-04-08T13:38:19.997+0000] {processor.py:161} INFO - Started process (PID=10719) to work on /home/airflow/.local/lib/python3.8/site-packages/airflow/example_dags/plugins/event_listener.py
[2026-04-08T13:38:19.998+0000] {processor.py:830} INFO - Processing file /home/airflow/.local/lib/python3.8/site-packages/airflow/example_dags/plugins/event_listener.py for tasks to queue
[2026-04-08T13:38:19.999+0000] {logging_mixin.py:188} INFO - [2026-04-08T13:38:19.998+0000] {dagbag.py:538} INFO - Filling up the DagBag from /home/airflow/.local/lib/python3.8/site-packages/airflow/example_dags/plugins/event_listener.py
[2026-04-08T13:38:20.001+0000] {processor.py:842} WARNING - No viable dags retrieved from /home/airflow/.local/lib/python3.8/site-packages/airflow/example_dags/plugins/event_listener.py
[2026-04-08T13:38:20.012+0000] {processor.py:183} INFO - Processing /home/airflow/.local/lib/python3.8/site-packages/airflow/example_dags/plugins/event_listener.py took 0.018 seconds
[2026-04-08T13:38:50.616+0000] {processor.py:161} INFO - Started process (PID=10780) to work on /home/airflow/.local/lib/python3.8/site-packages/airflow/example_dags/plugins/event_listener.py
[2026-04-08T13:38:50.617+0000] {processor.py:830} INFO - Processing file /home/airflow/.local/lib/python3.8/site-packages/airflow/example_dags/plugins/event_listener.py for tasks to queue
[2026-04-08T13:38:50.618+0000] {logging_mixin.py:188} INFO - [2026-04-08T13:38:50.618+0000] {dagbag.py:538} INFO - Filling up the DagBag from /home/airflow/.local/lib/python3.8/site-packages/airflow/example_dags/plugins/event_listener.py
[2026-04-08T13:38:50.622+0000] {processor.py:842} WARNING - No viable dags retrieved from /home/airflow/.local/lib/python3.8/site-packages/airflow/example_dags/plugins/event_listener.py
[2026-04-08T13:38:50.647+0000] {processor.py:183} INFO - Processing /home/airflow/.local/lib/python3.8/site-packages/airflow/example_dags/plugins/event_listener.py took 0.035 seconds
[2026-04-08T13:39:21.137+0000] {processor.py:161} INFO - Started process (PID=10841) to work on /home/airflow/.local/lib/python3.8/site-packages/airflow/example_dags/plugins/event_listener.py
[2026-04-08T13:39:21.138+0000] {processor.py:830} INFO - Processing file /home/airflow/.local/lib/python3.8/site-packages/airflow/example_dags/plugins/event_listener.py for tasks to queue
[2026-04-08T13:39:21.139+0000] {logging_mixin.py:188} INFO - [2026-04-08T13:39:21.139+0000] {dagbag.py:538} INFO - Filling up the DagBag from /home/airflow/.local/lib/python3.8/site-packages/airflow/example_dags/plugins/event_listener.py
[2026-04-08T13:39:21.142+0000] {processor.py:842} WARNING - No viable dags retrieved from /home/airflow/.local/lib/python3.8/site-packages/airflow/example_dags/plugins/event_listener.py
[2026-04-08T13:39:21.158+0000] {processor.py:183} INFO - Processing /home/airflow/.local/lib/python3.8/site-packages/airflow/example_dags/plugins/event_listener.py took 0.024 seconds
[2026-04-08T13:39:51.374+0000] {processor.py:161} INFO - Started process (PID=10902) to work on /home/airflow/.local/lib/python3.8/site-packages/airflow/example_dags/plugins/event_listener.py
[2026-04-08T13:39:51.375+0000] {processor.py:830} INFO - Processing file /home/airflow/.local/lib/python3.8/site-packages/airflow/example_dags/plugins/event_listener.py for tasks to queue
[2026-04-08T13:39:51.376+0000] {logging_mixin.py:188} INFO - [2026-04-08T13:39:51.376+0000] {dagbag.py:538} INFO - Filling up the DagBag from /home/airflow/.local/lib/python3.8/site-packages/airflow/example_dags/plugins/event_listener.py
[2026-04-08T13:39:51.379+0000] {processor.py:842} WARNING - No viable dags retrieved from /home/airflow/.local/lib/python3.8/site-packages/airflow/example_dags/plugins/event_listener.py
[2026-04-08T13:39:51.393+0000] {processor.py:183} INFO - Processing /home/airflow/.local/lib/python3.8/site-packages/airflow/example_dags/plugins/event_listener.py took 0.022 seconds
[2026-04-08T13:40:21.941+0000] {processor.py:161} INFO - Started process (PID=10963) to work on /home/airflow/.local/lib/python3.8/site-packages/airflow/example_dags/plugins/event_listener.py
[2026-04-08T13:40:21.943+0000] {processor.py:830} INFO - Processing file /home/airflow/.local/lib/python3.8/site-packages/airflow/example_dags/plugins/event_listener.py for tasks to queue
[2026-04-08T13:40:21.944+0000] {logging_mixin.py:188} INFO - [2026-04-08T13:40:21.943+0000] {dagbag.py:538} INFO - Filling up the DagBag from /home/airflow/.local/lib/python3.8/site-packages/airflow/example_dags/plugins/event_listener.py
[2026-04-08T13:40:21.947+0000] {processor.py:842} WARNING - No viable dags retrieved from /home/airflow/.local/lib/python3.8/site-packages/airflow/example_dags/plugins/event_listener.py
[2026-04-08T13:40:21.961+0000] {processor.py:183} INFO - Processing /home/airflow/.local/lib/python3.8/site-packages/airflow/example_dags/plugins/event_listener.py took 0.026 seconds
[2026-04-08T13:40:52.494+0000] {processor.py:161} INFO - Started process (PID=11024) to work on /home/airflow/.local/lib/python3.8/site-packages/airflow/example_dags/plugins/event_listener.py
[2026-04-08T13:40:52.495+0000] {processor.py:830} INFO - Processing file /home/airflow/.local/lib/python3.8/site-packages/airflow/example_dags/plugins/event_listener.py for tasks to queue
[2026-04-08T13:40:52.495+0000] {logging_mixin.py:188} INFO - [2026-04-08T13:40:52.495+0000] {dagbag.py:538} INFO - Filling up the DagBag from /home/airflow/.local/lib/python3.8/site-packages/airflow/example_dags/plugins/event_listener.py
[2026-04-08T13:40:52.497+0000] {processor.py:842} WARNING - No viable dags retrieved from /home/airflow/.local/lib/python3.8/site-packages/airflow/example_dags/plugins/event_listener.py
[2026-04-08T13:40:52.509+0000] {processor.py:183} INFO - Processing /home/airflow/.local/lib/python3.8/site-packages/airflow/example_dags/plugins/event_listener.py took 0.018 seconds
[2026-04-08T13:41:22.688+0000] {processor.py:161} INFO - Started process (PID=11085) to work on /home/airflow/.local/lib/python3.8/site-packages/airflow/example_dags/plugins/event_listener.py
[2026-04-08T13:41:22.689+0000] {processor.py:830} INFO - Processing file /home/airflow/.local/lib/python3.8/site-packages/airflow/example_dags/plugins/event_listener.py for tasks to queue
[2026-04-08T13:41:22.690+0000] {logging_mixin.py:188} INFO - [2026-04-08T13:41:22.689+0000] {dagbag.py:538} INFO - Filling up the DagBag from /home/airflow/.local/lib/python3.8/site-packages/airflow/example_dags/plugins/event_listener.py
[2026-04-08T13:41:22.692+0000] {processor.py:842} WARNING - No viable dags retrieved from /home/airflow/.local/lib/python3.8/site-packages/airflow/example_dags/plugins/event_listener.py
[2026-04-08T13:41:22.712+0000] {processor.py:183} INFO - Processing /home/airflow/.local/lib/python3.8/site-packages/airflow/example_dags/plugins/event_listener.py took 0.029 seconds
[2026-04-08T13:41:53.563+0000] {processor.py:161} INFO - Started process (PID=11146) to work on /home/airflow/.local/lib/python3.8/site-packages/airflow/example_dags/plugins/event_listener.py
[2026-04-08T13:41:53.564+0000] {processor.py:830} INFO - Processing file /home/airflow/.local/lib/python3.8/site-packages/airflow/example_dags/plugins/event_listener.py for tasks to queue
[2026-04-08T13:41:53.565+0000] {logging_mixin.py:188} INFO - [2026-04-08T13:41:53.565+0000] {dagbag.py:538} INFO - Filling up the DagBag from /home/airflow/.local/lib/python3.8/site-packages/airflow/example_dags/plugins/event_listener.py
[2026-04-08T13:41:53.568+0000] {processor.py:842} WARNING - No viable dags retrieved from /home/airflow/.local/lib/python3.8/site-packages/airflow/example_dags/plugins/event_listener.py
[2026-04-08T13:41:53.582+0000] {processor.py:183} INFO - Processing /home/airflow/.local/lib/python3.8/site-packages/airflow/example_dags/plugins/event_listener.py took 0.026 seconds
[2026-04-08T13:42:24.202+0000] {processor.py:161} INFO - Started process (PID=11207) to work on /home/airflow/.local/lib/python3.8/site-packages/airflow/example_dags/plugins/event_listener.py
[2026-04-08T13:42:24.203+0000] {processor.py:830} INFO - Processing file /home/airflow/.local/lib/python3.8/site-packages/airflow/example_dags/plugins/event_listener.py for tasks to queue
[2026-04-08T13:42:24.204+0000] {logging_mixin.py:188} INFO - [2026-04-08T13:42:24.204+0000] {dagbag.py:538} INFO - Filling up the DagBag from /home/airflow/.local/lib/python3.8/site-packages/airflow/example_dags/plugins/event_listener.py
[2026-04-08T13:42:24.207+0000] {processor.py:842} WARNING - No viable dags retrieved from /home/airflow/.local/lib/python3.8/site-packages/airflow/example_dags/plugins/event_listener.py
[2026-04-08T13:42:24.222+0000] {processor.py:183} INFO - Processing /home/airflow/.local/lib/python3.8/site-packages/airflow/example_dags/plugins/event_listener.py took 0.024 seconds
[2026-04-08T13:42:55.008+0000] {processor.py:161} INFO - Started process (PID=11268) to work on /home/airflow/.local/lib/python3.8/site-packages/airflow/example_dags/plugins/event_listener.py
[2026-04-08T13:42:55.009+0000] {processor.py:830} INFO - Processing file /home/airflow/.local/lib/python3.8/site-packages/airflow/example_dags/plugins/event_listener.py for tasks to queue
[2026-04-08T13:42:55.010+0000] {logging_mixin.py:188} INFO - [2026-04-08T13:42:55.010+0000] {dagbag.py:538} INFO - Filling up the DagBag from /home/airflow/.local/lib/python3.8/site-packages/airflow/example_dags/plugins/event_listener.py
[2026-04-08T13:42:55.013+0000] {processor.py:842} WARNING - No viable dags retrieved from /home/airflow/.local/lib/python3.8/site-packages/airflow/example_dags/plugins/event_listener.py
[2026-04-08T13:42:55.030+0000] {processor.py:183} INFO - Processing /home/airflow/.local/lib/python3.8/site-packages/airflow/example_dags/plugins/event_listener.py took 0.028 seconds
[2026-04-08T13:43:26.099+0000] {processor.py:161} INFO - Started process (PID=11329) to work on /home/airflow/.local/lib/python3.8/site-packages/airflow/example_dags/plugins/event_listener.py
[2026-04-08T13:43:26.100+0000] {processor.py:830} INFO - Processing file /home/airflow/.local/lib/python3.8/site-packages/airflow/example_dags/plugins/event_listener.py for tasks to queue
[2026-04-08T13:43:26.101+0000] {logging_mixin.py:188} INFO - [2026-04-08T13:43:26.101+0000] {dagbag.py:538} INFO - Filling up the DagBag from /home/airflow/.local/lib/python3.8/site-packages/airflow/example_dags/plugins/event_listener.py
[2026-04-08T13:43:26.104+0000] {processor.py:842} WARNING - No viable dags retrieved from /home/airflow/.local/lib/python3.8/site-packages/airflow/example_dags/plugins/event_listener.py
[2026-04-08T13:43:26.122+0000] {processor.py:183} INFO - Processing /home/airflow/.local/lib/python3.8/site-packages/airflow/example_dags/plugins/event_listener.py took 0.027 seconds
[2026-04-08T13:43:57.150+0000] {processor.py:161} INFO - Started process (PID=11390) to work on /home/airflow/.local/lib/python3.8/site-packages/airflow/example_dags/plugins/event_listener.py
[2026-04-08T13:43:57.151+0000] {processor.py:830} INFO - Processing file /home/airflow/.local/lib/python3.8/site-packages/airflow/example_dags/plugins/event_listener.py for tasks to queue
[2026-04-08T13:43:57.152+0000] {logging_mixin.py:188} INFO - [2026-04-08T13:43:57.152+0000] {dagbag.py:538} INFO - Filling up the DagBag from /home/airflow/.local/lib/python3.8/site-packages/airflow/example_dags/plugins/event_listener.py
[2026-04-08T13:43:57.155+0000] {processor.py:842} WARNING - No viable dags retrieved from /home/airflow/.local/lib/python3.8/site-packages/airflow/example_dags/plugins/event_listener.py
[2026-04-08T13:43:57.175+0000] {processor.py:183} INFO - Processing /home/airflow/.local/lib/python3.8/site-packages/airflow/example_dags/plugins/event_listener.py took 0.029 seconds
[2026-04-08T13:44:28.357+0000] {processor.py:161} INFO - Started process (PID=11451) to work on /home/airflow/.local/lib/python3.8/site-packages/airflow/example_dags/plugins/event_listener.py
[2026-04-08T13:44:28.358+0000] {processor.py:830} INFO - Processing file /home/airflow/.local/lib/python3.8/site-packages/airflow/example_dags/plugins/event_listener.py for tasks to queue
[2026-04-08T13:44:28.360+0000] {logging_mixin.py:188} INFO - [2026-04-08T13:44:28.359+0000] {dagbag.py:538} INFO - Filling up the DagBag from /home/airflow/.local/lib/python3.8/site-packages/airflow/example_dags/plugins/event_listener.py
[2026-04-08T13:44:28.362+0000] {processor.py:842} WARNING - No viable dags retrieved from /home/airflow/.local/lib/python3.8/site-packages/airflow/example_dags/plugins/event_listener.py
[2026-04-08T13:44:28.379+0000] {processor.py:183} INFO - Processing /home/airflow/.local/lib/python3.8/site-packages/airflow/example_dags/plugins/event_listener.py took 0.034 seconds
[2026-04-08T13:44:58.473+0000] {processor.py:161} INFO - Started process (PID=11512) to work on /home/airflow/.local/lib/python3.8/site-packages/airflow/example_dags/plugins/event_listener.py
[2026-04-08T13:44:58.474+0000] {processor.py:830} INFO - Processing file /home/airflow/.local/lib/python3.8/site-packages/airflow/example_dags/plugins/event_listener.py for tasks to queue
[2026-04-08T13:44:58.476+0000] {logging_mixin.py:188} INFO - [2026-04-08T13:44:58.475+0000] {dagbag.py:538} INFO - Filling up the DagBag from /home/airflow/.local/lib/python3.8/site-packages/airflow/example_dags/plugins/event_listener.py
[2026-04-08T13:44:58.487+0000] {processor.py:842} WARNING - No viable dags retrieved from /home/airflow/.local/lib/python3.8/site-packages/airflow/example_dags/plugins/event_listener.py
[2026-04-08T13:44:58.501+0000] {processor.py:183} INFO - Processing /home/airflow/.local/lib/python3.8/site-packages/airflow/example_dags/plugins/event_listener.py took 0.032 seconds
[2026-04-08T13:45:28.997+0000] {processor.py:161} INFO - Started process (PID=11573) to work on /home/airflow/.local/lib/python3.8/site-packages/airflow/example_dags/plugins/event_listener.py
[2026-04-08T13:45:28.998+0000] {processor.py:830} INFO - Processing file /home/airflow/.local/lib/python3.8/site-packages/airflow/example_dags/plugins/event_listener.py for tasks to queue
[2026-04-08T13:45:29.001+0000] {logging_mixin.py:188} INFO - [2026-04-08T13:45:29.001+0000] {dagbag.py:538} INFO - Filling up the DagBag from /home/airflow/.local/lib/python3.8/site-packages/airflow/example_dags/plugins/event_listener.py
[2026-04-08T13:45:29.004+0000] {processor.py:842} WARNING - No viable dags retrieved from /home/airflow/.local/lib/python3.8/site-packages/airflow/example_dags/plugins/event_listener.py
[2026-04-08T13:45:29.024+0000] {processor.py:183} INFO - Processing /home/airflow/.local/lib/python3.8/site-packages/airflow/example_dags/plugins/event_listener.py took 0.031 seconds
[2026-04-08T13:45:59.540+0000] {processor.py:161} INFO - Started process (PID=11640) to work on /home/airflow/.local/lib/python3.8/site-packages/airflow/example_dags/plugins/event_listener.py
[2026-04-08T13:45:59.541+0000] {processor.py:830} INFO - Processing file /home/airflow/.local/lib/python3.8/site-packages/airflow/example_dags/plugins/event_listener.py for tasks to queue
[2026-04-08T13:45:59.541+0000] {logging_mixin.py:188} INFO - [2026-04-08T13:45:59.541+0000] {dagbag.py:538} INFO - Filling up the DagBag from /home/airflow/.local/lib/python3.8/site-packages/airflow/example_dags/plugins/event_listener.py
[2026-04-08T13:45:59.546+0000] {processor.py:842} WARNING - No viable dags retrieved from /home/airflow/.local/lib/python3.8/site-packages/airflow/example_dags/plugins/event_listener.py
[2026-04-08T13:45:59.566+0000] {processor.py:183} INFO - Processing /home/airflow/.local/lib/python3.8/site-packages/airflow/example_dags/plugins/event_listener.py took 0.030 seconds
[2026-04-08T13:46:29.835+0000] {processor.py:161} INFO - Started process (PID=11701) to work on /home/airflow/.local/lib/python3.8/site-packages/airflow/example_dags/plugins/event_listener.py
[2026-04-08T13:46:29.839+0000] {processor.py:830} INFO - Processing file /home/airflow/.local/lib/python3.8/site-packages/airflow/example_dags/plugins/event_listener.py for tasks to queue
[2026-04-08T13:46:29.840+0000] {logging_mixin.py:188} INFO - [2026-04-08T13:46:29.840+0000] {dagbag.py:538} INFO - Filling up the DagBag from /home/airflow/.local/lib/python3.8/site-packages/airflow/example_dags/plugins/event_listener.py
[2026-04-08T13:46:29.847+0000] {processor.py:842} WARNING - No viable dags retrieved from /home/airflow/.local/lib/python3.8/site-packages/airflow/example_dags/plugins/event_listener.py
[2026-04-08T13:46:29.866+0000] {processor.py:183} INFO - Processing /home/airflow/.local/lib/python3.8/site-packages/airflow/example_dags/plugins/event_listener.py took 0.035 seconds
[2026-04-08T13:47:00.056+0000] {processor.py:161} INFO - Started process (PID=11762) to work on /home/airflow/.local/lib/python3.8/site-packages/airflow/example_dags/plugins/event_listener.py
[2026-04-08T13:47:00.057+0000] {processor.py:830} INFO - Processing file /home/airflow/.local/lib/python3.8/site-packages/airflow/example_dags/plugins/event_listener.py for tasks to queue
[2026-04-08T13:47:00.057+0000] {logging_mixin.py:188} INFO - [2026-04-08T13:47:00.057+0000] {dagbag.py:538} INFO - Filling up the DagBag from /home/airflow/.local/lib/python3.8/site-packages/airflow/example_dags/plugins/event_listener.py
[2026-04-08T13:47:00.059+0000] {processor.py:842} WARNING - No viable dags retrieved from /home/airflow/.local/lib/python3.8/site-packages/airflow/example_dags/plugins/event_listener.py
[2026-04-08T13:47:00.076+0000] {processor.py:183} INFO - Processing /home/airflow/.local/lib/python3.8/site-packages/airflow/example_dags/plugins/event_listener.py took 0.023 seconds
[2026-04-08T13:47:30.386+0000] {processor.py:161} INFO - Started process (PID=11823) to work on /home/airflow/.local/lib/python3.8/site-packages/airflow/example_dags/plugins/event_listener.py
[2026-04-08T13:47:30.387+0000] {processor.py:830} INFO - Processing file /home/airflow/.local/lib/python3.8/site-packages/airflow/example_dags/plugins/event_listener.py for tasks to queue
[2026-04-08T13:47:30.388+0000] {logging_mixin.py:188} INFO - [2026-04-08T13:47:30.388+0000] {dagbag.py:538} INFO - Filling up the DagBag from /home/airflow/.local/lib/python3.8/site-packages/airflow/example_dags/plugins/event_listener.py
[2026-04-08T13:47:30.391+0000] {processor.py:842} WARNING - No viable dags retrieved from /home/airflow/.local/lib/python3.8/site-packages/airflow/example_dags/plugins/event_listener.py
[2026-04-08T13:47:30.407+0000] {processor.py:183} INFO - Processing /home/airflow/.local/lib/python3.8/site-packages/airflow/example_dags/plugins/event_listener.py took 0.026 seconds
[2026-04-08T13:48:01.006+0000] {processor.py:161} INFO - Started process (PID=11884) to work on /home/airflow/.local/lib/python3.8/site-packages/airflow/example_dags/plugins/event_listener.py
[2026-04-08T13:48:01.007+0000] {processor.py:830} INFO - Processing file /home/airflow/.local/lib/python3.8/site-packages/airflow/example_dags/plugins/event_listener.py for tasks to queue
[2026-04-08T13:48:01.008+0000] {logging_mixin.py:188} INFO - [2026-04-08T13:48:01.007+0000] {dagbag.py:538} INFO - Filling up the DagBag from /home/airflow/.local/lib/python3.8/site-packages/airflow/example_dags/plugins/event_listener.py
[2026-04-08T13:48:01.010+0000] {processor.py:842} WARNING - No viable dags retrieved from /home/airflow/.local/lib/python3.8/site-packages/airflow/example_dags/plugins/event_listener.py
[2026-04-08T13:48:01.026+0000] {processor.py:183} INFO - Processing /home/airflow/.local/lib/python3.8/site-packages/airflow/example_dags/plugins/event_listener.py took 0.024 seconds
[2026-04-08T13:48:31.374+0000] {processor.py:161} INFO - Started process (PID=11945) to work on /home/airflow/.local/lib/python3.8/site-packages/airflow/example_dags/plugins/event_listener.py
[2026-04-08T13:48:31.375+0000] {processor.py:830} INFO - Processing file /home/airflow/.local/lib/python3.8/site-packages/airflow/example_dags/plugins/event_listener.py for tasks to queue
[2026-04-08T13:48:31.376+0000] {logging_mixin.py:188} INFO - [2026-04-08T13:48:31.376+0000] {dagbag.py:538} INFO - Filling up the DagBag from /home/airflow/.local/lib/python3.8/site-packages/airflow/example_dags/plugins/event_listener.py
[2026-04-08T13:48:31.380+0000] {processor.py:842} WARNING - No viable dags retrieved from /home/airflow/.local/lib/python3.8/site-packages/airflow/example_dags/plugins/event_listener.py
[2026-04-08T13:48:31.396+0000] {processor.py:183} INFO - Processing /home/airflow/.local/lib/python3.8/site-packages/airflow/example_dags/plugins/event_listener.py took 0.027 seconds
[2026-04-08T13:49:02.495+0000] {processor.py:161} INFO - Started process (PID=12006) to work on /home/airflow/.local/lib/python3.8/site-packages/airflow/example_dags/plugins/event_listener.py
[2026-04-08T13:49:02.495+0000] {processor.py:830} INFO - Processing file /home/airflow/.local/lib/python3.8/site-packages/airflow/example_dags/plugins/event_listener.py for tasks to queue
[2026-04-08T13:49:02.496+0000] {logging_mixin.py:188} INFO - [2026-04-08T13:49:02.496+0000] {dagbag.py:538} INFO - Filling up the DagBag from /home/airflow/.local/lib/python3.8/site-packages/airflow/example_dags/plugins/event_listener.py
[2026-04-08T13:49:02.498+0000] {processor.py:842} WARNING - No viable dags retrieved from /home/airflow/.local/lib/python3.8/site-packages/airflow/example_dags/plugins/event_listener.py
[2026-04-08T13:49:02.509+0000] {processor.py:183} INFO - Processing /home/airflow/.local/lib/python3.8/site-packages/airflow/example_dags/plugins/event_listener.py took 0.018 seconds
[2026-04-08T13:49:33.514+0000] {processor.py:161} INFO - Started process (PID=12067) to work on /home/airflow/.local/lib/python3.8/site-packages/airflow/example_dags/plugins/event_listener.py
[2026-04-08T13:49:33.515+0000] {processor.py:830} INFO - Processing file /home/airflow/.local/lib/python3.8/site-packages/airflow/example_dags/plugins/event_listener.py for tasks to queue
[2026-04-08T13:49:33.516+0000] {logging_mixin.py:188} INFO - [2026-04-08T13:49:33.516+0000] {dagbag.py:538} INFO - Filling up the DagBag from /home/airflow/.local/lib/python3.8/site-packages/airflow/example_dags/plugins/event_listener.py
[2026-04-08T13:49:33.519+0000] {processor.py:842} WARNING - No viable dags retrieved from /home/airflow/.local/lib/python3.8/site-packages/airflow/example_dags/plugins/event_listener.py
[2026-04-08T13:49:33.530+0000] {processor.py:183} INFO - Processing /home/airflow/.local/lib/python3.8/site-packages/airflow/example_dags/plugins/event_listener.py took 0.019 seconds
[2026-04-08T13:50:04.159+0000] {processor.py:161} INFO - Started process (PID=12128) to work on /home/airflow/.local/lib/python3.8/site-packages/airflow/example_dags/plugins/event_listener.py
[2026-04-08T13:50:04.160+0000] {processor.py:830} INFO - Processing file /home/airflow/.local/lib/python3.8/site-packages/airflow/example_dags/plugins/event_listener.py for tasks to queue
[2026-04-08T13:50:04.162+0000] {logging_mixin.py:188} INFO - [2026-04-08T13:50:04.161+0000] {dagbag.py:538} INFO - Filling up the DagBag from /home/airflow/.local/lib/python3.8/site-packages/airflow/example_dags/plugins/event_listener.py
[2026-04-08T13:50:04.165+0000] {processor.py:842} WARNING - No viable dags retrieved from /home/airflow/.local/lib/python3.8/site-packages/airflow/example_dags/plugins/event_listener.py
[2026-04-08T13:50:04.180+0000] {processor.py:183} INFO - Processing /home/airflow/.local/lib/python3.8/site-packages/airflow/example_dags/plugins/event_listener.py took 0.025 seconds
[2026-04-08T13:50:34.718+0000] {processor.py:161} INFO - Started process (PID=12189) to work on /home/airflow/.local/lib/python3.8/site-packages/airflow/example_dags/plugins/event_listener.py
[2026-04-08T13:50:34.719+0000] {processor.py:830} INFO - Processing file /home/airflow/.local/lib/python3.8/site-packages/airflow/example_dags/plugins/event_listener.py for tasks to queue
[2026-04-08T13:50:34.720+0000] {logging_mixin.py:188} INFO - [2026-04-08T13:50:34.719+0000] {dagbag.py:538} INFO - Filling up the DagBag from /home/airflow/.local/lib/python3.8/site-packages/airflow/example_dags/plugins/event_listener.py
[2026-04-08T13:50:34.722+0000] {processor.py:842} WARNING - No viable dags retrieved from /home/airflow/.local/lib/python3.8/site-packages/airflow/example_dags/plugins/event_listener.py
[2026-04-08T13:50:34.739+0000] {processor.py:183} INFO - Processing /home/airflow/.local/lib/python3.8/site-packages/airflow/example_dags/plugins/event_listener.py took 0.025 seconds
[2026-04-08T13:51:05.265+0000] {processor.py:161} INFO - Started process (PID=12250) to work on /home/airflow/.local/lib/python3.8/site-packages/airflow/example_dags/plugins/event_listener.py
[2026-04-08T13:51:05.266+0000] {processor.py:830} INFO - Processing file /home/airflow/.local/lib/python3.8/site-packages/airflow/example_dags/plugins/event_listener.py for tasks to queue
[2026-04-08T13:51:05.267+0000] {logging_mixin.py:188} INFO - [2026-04-08T13:51:05.267+0000] {dagbag.py:538} INFO - Filling up the DagBag from /home/airflow/.local/lib/python3.8/site-packages/airflow/example_dags/plugins/event_listener.py
[2026-04-08T13:51:05.269+0000] {processor.py:842} WARNING - No viable dags retrieved from /home/airflow/.local/lib/python3.8/site-packages/airflow/example_dags/plugins/event_listener.py
[2026-04-08T13:51:05.281+0000] {processor.py:183} INFO - Processing /home/airflow/.local/lib/python3.8/site-packages/airflow/example_dags/plugins/event_listener.py took 0.019 seconds
[2026-04-08T13:51:36.122+0000] {processor.py:161} INFO - Started process (PID=12311) to work on /home/airflow/.local/lib/python3.8/site-packages/airflow/example_dags/plugins/event_listener.py
[2026-04-08T13:51:36.123+0000] {processor.py:830} INFO - Processing file /home/airflow/.local/lib/python3.8/site-packages/airflow/example_dags/plugins/event_listener.py for tasks to queue
[2026-04-08T13:51:36.124+0000] {logging_mixin.py:188} INFO - [2026-04-08T13:51:36.124+0000] {dagbag.py:538} INFO - Filling up the DagBag from /home/airflow/.local/lib/python3.8/site-packages/airflow/example_dags/plugins/event_listener.py
[2026-04-08T13:51:36.126+0000] {processor.py:842} WARNING - No viable dags retrieved from /home/airflow/.local/lib/python3.8/site-packages/airflow/example_dags/plugins/event_listener.py
[2026-04-08T13:51:36.140+0000] {processor.py:183} INFO - Processing /home/airflow/.local/lib/python3.8/site-packages/airflow/example_dags/plugins/event_listener.py took 0.022 seconds
[2026-04-08T13:52:06.515+0000] {processor.py:161} INFO - Started process (PID=12372) to work on /home/airflow/.local/lib/python3.8/site-packages/airflow/example_dags/plugins/event_listener.py
[2026-04-08T13:52:06.518+0000] {processor.py:830} INFO - Processing file /home/airflow/.local/lib/python3.8/site-packages/airflow/example_dags/plugins/event_listener.py for tasks to queue
[2026-04-08T13:52:06.520+0000] {logging_mixin.py:188} INFO - [2026-04-08T13:52:06.520+0000] {dagbag.py:538} INFO - Filling up the DagBag from /home/airflow/.local/lib/python3.8/site-packages/airflow/example_dags/plugins/event_listener.py
[2026-04-08T13:52:06.525+0000] {processor.py:842} WARNING - No viable dags retrieved from /home/airflow/.local/lib/python3.8/site-packages/airflow/example_dags/plugins/event_listener.py
[2026-04-08T13:52:06.544+0000] {processor.py:183} INFO - Processing /home/airflow/.local/lib/python3.8/site-packages/airflow/example_dags/plugins/event_listener.py took 0.036 seconds
[2026-04-08T13:52:37.698+0000] {processor.py:161} INFO - Started process (PID=12433) to work on /home/airflow/.local/lib/python3.8/site-packages/airflow/example_dags/plugins/event_listener.py
[2026-04-08T13:52:37.699+0000] {processor.py:830} INFO - Processing file /home/airflow/.local/lib/python3.8/site-packages/airflow/example_dags/plugins/event_listener.py for tasks to queue
[2026-04-08T13:52:37.700+0000] {logging_mixin.py:188} INFO - [2026-04-08T13:52:37.700+0000] {dagbag.py:538} INFO - Filling up the DagBag from /home/airflow/.local/lib/python3.8/site-packages/airflow/example_dags/plugins/event_listener.py
[2026-04-08T13:52:37.703+0000] {processor.py:842} WARNING - No viable dags retrieved from /home/airflow/.local/lib/python3.8/site-packages/airflow/example_dags/plugins/event_listener.py
[2026-04-08T13:52:37.723+0000] {processor.py:183} INFO - Processing /home/airflow/.local/lib/python3.8/site-packages/airflow/example_dags/plugins/event_listener.py took 0.029 seconds
[2026-04-08T13:53:07.810+0000] {processor.py:161} INFO - Started process (PID=12494) to work on /home/airflow/.local/lib/python3.8/site-packages/airflow/example_dags/plugins/event_listener.py
[2026-04-08T13:53:07.811+0000] {processor.py:830} INFO - Processing file /home/airflow/.local/lib/python3.8/site-packages/airflow/example_dags/plugins/event_listener.py for tasks to queue
[2026-04-08T13:53:07.812+0000] {logging_mixin.py:188} INFO - [2026-04-08T13:53:07.812+0000] {dagbag.py:538} INFO - Filling up the DagBag from /home/airflow/.local/lib/python3.8/site-packages/airflow/example_dags/plugins/event_listener.py
[2026-04-08T13:53:07.814+0000] {processor.py:842} WARNING - No viable dags retrieved from /home/airflow/.local/lib/python3.8/site-packages/airflow/example_dags/plugins/event_listener.py
[2026-04-08T13:53:07.825+0000] {processor.py:183} INFO - Processing /home/airflow/.local/lib/python3.8/site-packages/airflow/example_dags/plugins/event_listener.py took 0.023 seconds
[2026-04-08T13:53:38.325+0000] {processor.py:161} INFO - Started process (PID=12555) to work on /home/airflow/.local/lib/python3.8/site-packages/airflow/example_dags/plugins/event_listener.py
[2026-04-08T13:53:38.327+0000] {processor.py:830} INFO - Processing file /home/airflow/.local/lib/python3.8/site-packages/airflow/example_dags/plugins/event_listener.py for tasks to queue
[2026-04-08T13:53:38.328+0000] {logging_mixin.py:188} INFO - [2026-04-08T13:53:38.328+0000] {dagbag.py:538} INFO - Filling up the DagBag from /home/airflow/.local/lib/python3.8/site-packages/airflow/example_dags/plugins/event_listener.py
[2026-04-08T13:53:38.331+0000] {processor.py:842} WARNING - No viable dags retrieved from /home/airflow/.local/lib/python3.8/site-packages/airflow/example_dags/plugins/event_listener.py
[2026-04-08T13:53:38.345+0000] {processor.py:183} INFO - Processing /home/airflow/.local/lib/python3.8/site-packages/airflow/example_dags/plugins/event_listener.py took 0.024 seconds
[2026-04-08T13:54:08.792+0000] {processor.py:161} INFO - Started process (PID=12616) to work on /home/airflow/.local/lib/python3.8/site-packages/airflow/example_dags/plugins/event_listener.py
[2026-04-08T13:54:08.793+0000] {processor.py:830} INFO - Processing file /home/airflow/.local/lib/python3.8/site-packages/airflow/example_dags/plugins/event_listener.py for tasks to queue
[2026-04-08T13:54:08.794+0000] {logging_mixin.py:188} INFO - [2026-04-08T13:54:08.793+0000] {dagbag.py:538} INFO - Filling up the DagBag from /home/airflow/.local/lib/python3.8/site-packages/airflow/example_dags/plugins/event_listener.py
[2026-04-08T13:54:08.796+0000] {processor.py:842} WARNING - No viable dags retrieved from /home/airflow/.local/lib/python3.8/site-packages/airflow/example_dags/plugins/event_listener.py
[2026-04-08T13:54:08.816+0000] {processor.py:183} INFO - Processing /home/airflow/.local/lib/python3.8/site-packages/airflow/example_dags/plugins/event_listener.py took 0.028 seconds
[2026-04-08T13:54:39.489+0000] {processor.py:161} INFO - Started process (PID=12677) to work on /home/airflow/.local/lib/python3.8/site-packages/airflow/example_dags/plugins/event_listener.py
[2026-04-08T13:54:39.490+0000] {processor.py:830} INFO - Processing file /home/airflow/.local/lib/python3.8/site-packages/airflow/example_dags/plugins/event_listener.py for tasks to queue
[2026-04-08T13:54:39.491+0000] {logging_mixin.py:188} INFO - [2026-04-08T13:54:39.491+0000] {dagbag.py:538} INFO - Filling up the DagBag from /home/airflow/.local/lib/python3.8/site-packages/airflow/example_dags/plugins/event_listener.py
[2026-04-08T13:54:39.496+0000] {processor.py:842} WARNING - No viable dags retrieved from /home/airflow/.local/lib/python3.8/site-packages/airflow/example_dags/plugins/event_listener.py
[2026-04-08T13:54:39.510+0000] {processor.py:183} INFO - Processing /home/airflow/.local/lib/python3.8/site-packages/airflow/example_dags/plugins/event_listener.py took 0.025 seconds
[2026-04-08T13:55:10.124+0000] {processor.py:161} INFO - Started process (PID=12738) to work on /home/airflow/.local/lib/python3.8/site-packages/airflow/example_dags/plugins/event_listener.py
[2026-04-08T13:55:10.125+0000] {processor.py:830} INFO - Processing file /home/airflow/.local/lib/python3.8/site-packages/airflow/example_dags/plugins/event_listener.py for tasks to queue
[2026-04-08T13:55:10.126+0000] {logging_mixin.py:188} INFO - [2026-04-08T13:55:10.125+0000] {dagbag.py:538} INFO - Filling up the DagBag from /home/airflow/.local/lib/python3.8/site-packages/airflow/example_dags/plugins/event_listener.py
[2026-04-08T13:55:10.128+0000] {processor.py:842} WARNING - No viable dags retrieved from /home/airflow/.local/lib/python3.8/site-packages/airflow/example_dags/plugins/event_listener.py
[2026-04-08T13:55:10.145+0000] {processor.py:183} INFO - Processing /home/airflow/.local/lib/python3.8/site-packages/airflow/example_dags/plugins/event_listener.py took 0.026 seconds
[2026-04-08T13:55:40.616+0000] {processor.py:161} INFO - Started process (PID=12799) to work on /home/airflow/.local/lib/python3.8/site-packages/airflow/example_dags/plugins/event_listener.py
[2026-04-08T13:55:40.617+0000] {processor.py:830} INFO - Processing file /home/airflow/.local/lib/python3.8/site-packages/airflow/example_dags/plugins/event_listener.py for tasks to queue
[2026-04-08T13:55:40.618+0000] {logging_mixin.py:188} INFO - [2026-04-08T13:55:40.617+0000] {dagbag.py:538} INFO - Filling up the DagBag from /home/airflow/.local/lib/python3.8/site-packages/airflow/example_dags/plugins/event_listener.py
[2026-04-08T13:55:40.621+0000] {processor.py:842} WARNING - No viable dags retrieved from /home/airflow/.local/lib/python3.8/site-packages/airflow/example_dags/plugins/event_listener.py
[2026-04-08T13:55:40.636+0000] {processor.py:183} INFO - Processing /home/airflow/.local/lib/python3.8/site-packages/airflow/example_dags/plugins/event_listener.py took 0.028 seconds
[2026-04-08T13:56:10.781+0000] {processor.py:161} INFO - Started process (PID=12860) to work on /home/airflow/.local/lib/python3.8/site-packages/airflow/example_dags/plugins/event_listener.py
[2026-04-08T13:56:10.782+0000] {processor.py:830} INFO - Processing file /home/airflow/.local/lib/python3.8/site-packages/airflow/example_dags/plugins/event_listener.py for tasks to queue
[2026-04-08T13:56:10.783+0000] {logging_mixin.py:188} INFO - [2026-04-08T13:56:10.783+0000] {dagbag.py:538} INFO - Filling up the DagBag from /home/airflow/.local/lib/python3.8/site-packages/airflow/example_dags/plugins/event_listener.py
[2026-04-08T13:56:10.786+0000] {processor.py:842} WARNING - No viable dags retrieved from /home/airflow/.local/lib/python3.8/site-packages/airflow/example_dags/plugins/event_listener.py
[2026-04-08T13:56:10.801+0000] {processor.py:183} INFO - Processing /home/airflow/.local/lib/python3.8/site-packages/airflow/example_dags/plugins/event_listener.py took 0.024 seconds
[2026-04-08T13:56:41.749+0000] {processor.py:161} INFO - Started process (PID=12921) to work on /home/airflow/.local/lib/python3.8/site-packages/airflow/example_dags/plugins/event_listener.py
[2026-04-08T13:56:41.751+0000] {processor.py:830} INFO - Processing file /home/airflow/.local/lib/python3.8/site-packages/airflow/example_dags/plugins/event_listener.py for tasks to queue
[2026-04-08T13:56:41.752+0000] {logging_mixin.py:188} INFO - [2026-04-08T13:56:41.751+0000] {dagbag.py:538} INFO - Filling up the DagBag from /home/airflow/.local/lib/python3.8/site-packages/airflow/example_dags/plugins/event_listener.py
[2026-04-08T13:56:41.754+0000] {processor.py:842} WARNING - No viable dags retrieved from /home/airflow/.local/lib/python3.8/site-packages/airflow/example_dags/plugins/event_listener.py
[2026-04-08T13:56:41.774+0000] {processor.py:183} INFO - Processing /home/airflow/.local/lib/python3.8/site-packages/airflow/example_dags/plugins/event_listener.py took 0.029 seconds
[2026-04-08T13:57:12.025+0000] {processor.py:161} INFO - Started process (PID=12982) to work on /home/airflow/.local/lib/python3.8/site-packages/airflow/example_dags/plugins/event_listener.py
[2026-04-08T13:57:12.026+0000] {processor.py:830} INFO - Processing file /home/airflow/.local/lib/python3.8/site-packages/airflow/example_dags/plugins/event_listener.py for tasks to queue
[2026-04-08T13:57:12.027+0000] {logging_mixin.py:188} INFO - [2026-04-08T13:57:12.027+0000] {dagbag.py:538} INFO - Filling up the DagBag from /home/airflow/.local/lib/python3.8/site-packages/airflow/example_dags/plugins/event_listener.py
[2026-04-08T13:57:12.030+0000] {processor.py:842} WARNING - No viable dags retrieved from /home/airflow/.local/lib/python3.8/site-packages/airflow/example_dags/plugins/event_listener.py
[2026-04-08T13:57:12.041+0000] {processor.py:183} INFO - Processing /home/airflow/.local/lib/python3.8/site-packages/airflow/example_dags/plugins/event_listener.py took 0.020 seconds
[2026-04-08T13:57:42.875+0000] {processor.py:161} INFO - Started process (PID=13043) to work on /home/airflow/.local/lib/python3.8/site-packages/airflow/example_dags/plugins/event_listener.py
[2026-04-08T13:57:42.876+0000] {processor.py:830} INFO - Processing file /home/airflow/.local/lib/python3.8/site-packages/airflow/example_dags/plugins/event_listener.py for tasks to queue
[2026-04-08T13:57:42.877+0000] {logging_mixin.py:188} INFO - [2026-04-08T13:57:42.877+0000] {dagbag.py:538} INFO - Filling up the DagBag from /home/airflow/.local/lib/python3.8/site-packages/airflow/example_dags/plugins/event_listener.py
[2026-04-08T13:57:42.879+0000] {processor.py:842} WARNING - No viable dags retrieved from /home/airflow/.local/lib/python3.8/site-packages/airflow/example_dags/plugins/event_listener.py
[2026-04-08T13:57:42.891+0000] {processor.py:183} INFO - Processing /home/airflow/.local/lib/python3.8/site-packages/airflow/example_dags/plugins/event_listener.py took 0.019 seconds
[2026-04-08T13:58:13.643+0000] {processor.py:161} INFO - Started process (PID=13104) to work on /home/airflow/.local/lib/python3.8/site-packages/airflow/example_dags/plugins/event_listener.py
[2026-04-08T13:58:13.643+0000] {processor.py:830} INFO - Processing file /home/airflow/.local/lib/python3.8/site-packages/airflow/example_dags/plugins/event_listener.py for tasks to queue
[2026-04-08T13:58:13.644+0000] {logging_mixin.py:188} INFO - [2026-04-08T13:58:13.644+0000] {dagbag.py:538} INFO - Filling up the DagBag from /home/airflow/.local/lib/python3.8/site-packages/airflow/example_dags/plugins/event_listener.py
[2026-04-08T13:58:13.646+0000] {processor.py:842} WARNING - No viable dags retrieved from /home/airflow/.local/lib/python3.8/site-packages/airflow/example_dags/plugins/event_listener.py
[2026-04-08T13:58:13.658+0000] {processor.py:183} INFO - Processing /home/airflow/.local/lib/python3.8/site-packages/airflow/example_dags/plugins/event_listener.py took 0.018 seconds
[2026-04-08T13:58:43.913+0000] {processor.py:161} INFO - Started process (PID=13165) to work on /home/airflow/.local/lib/python3.8/site-packages/airflow/example_dags/plugins/event_listener.py
[2026-04-08T13:58:43.914+0000] {processor.py:830} INFO - Processing file /home/airflow/.local/lib/python3.8/site-packages/airflow/example_dags/plugins/event_listener.py for tasks to queue
[2026-04-08T13:58:43.914+0000] {logging_mixin.py:188} INFO - [2026-04-08T13:58:43.914+0000] {dagbag.py:538} INFO - Filling up the DagBag from /home/airflow/.local/lib/python3.8/site-packages/airflow/example_dags/plugins/event_listener.py
[2026-04-08T13:58:43.916+0000] {processor.py:842} WARNING - No viable dags retrieved from /home/airflow/.local/lib/python3.8/site-packages/airflow/example_dags/plugins/event_listener.py
[2026-04-08T13:58:43.928+0000] {processor.py:183} INFO - Processing /home/airflow/.local/lib/python3.8/site-packages/airflow/example_dags/plugins/event_listener.py took 0.018 seconds
[2026-04-08T13:59:14.509+0000] {processor.py:161} INFO - Started process (PID=13226) to work on /home/airflow/.local/lib/python3.8/site-packages/airflow/example_dags/plugins/event_listener.py
[2026-04-08T13:59:14.509+0000] {processor.py:830} INFO - Processing file /home/airflow/.local/lib/python3.8/site-packages/airflow/example_dags/plugins/event_listener.py for tasks to queue
[2026-04-08T13:59:14.510+0000] {logging_mixin.py:188} INFO - [2026-04-08T13:59:14.510+0000] {dagbag.py:538} INFO - Filling up the DagBag from /home/airflow/.local/lib/python3.8/site-packages/airflow/example_dags/plugins/event_listener.py
[2026-04-08T13:59:14.512+0000] {processor.py:842} WARNING - No viable dags retrieved from /home/airflow/.local/lib/python3.8/site-packages/airflow/example_dags/plugins/event_listener.py
[2026-04-08T13:59:14.523+0000] {processor.py:183} INFO - Processing /home/airflow/.local/lib/python3.8/site-packages/airflow/example_dags/plugins/event_listener.py took 0.018 seconds
[2026-04-08T13:59:45.106+0000] {processor.py:161} INFO - Started process (PID=13287) to work on /home/airflow/.local/lib/python3.8/site-packages/airflow/example_dags/plugins/event_listener.py
[2026-04-08T13:59:45.107+0000] {processor.py:830} INFO - Processing file /home/airflow/.local/lib/python3.8/site-packages/airflow/example_dags/plugins/event_listener.py for tasks to queue
[2026-04-08T13:59:45.108+0000] {logging_mixin.py:188} INFO - [2026-04-08T13:59:45.107+0000] {dagbag.py:538} INFO - Filling up the DagBag from /home/airflow/.local/lib/python3.8/site-packages/airflow/example_dags/plugins/event_listener.py
[2026-04-08T13:59:45.111+0000] {processor.py:842} WARNING - No viable dags retrieved from /home/airflow/.local/lib/python3.8/site-packages/airflow/example_dags/plugins/event_listener.py
[2026-04-08T13:59:45.124+0000] {processor.py:183} INFO - Processing /home/airflow/.local/lib/python3.8/site-packages/airflow/example_dags/plugins/event_listener.py took 0.025 seconds
[2026-04-08T14:00:16.063+0000] {processor.py:161} INFO - Started process (PID=13348) to work on /home/airflow/.local/lib/python3.8/site-packages/airflow/example_dags/plugins/event_listener.py
[2026-04-08T14:00:16.064+0000] {processor.py:830} INFO - Processing file /home/airflow/.local/lib/python3.8/site-packages/airflow/example_dags/plugins/event_listener.py for tasks to queue
[2026-04-08T14:00:16.065+0000] {logging_mixin.py:188} INFO - [2026-04-08T14:00:16.064+0000] {dagbag.py:538} INFO - Filling up the DagBag from /home/airflow/.local/lib/python3.8/site-packages/airflow/example_dags/plugins/event_listener.py
[2026-04-08T14:00:16.068+0000] {processor.py:842} WARNING - No viable dags retrieved from /home/airflow/.local/lib/python3.8/site-packages/airflow/example_dags/plugins/event_listener.py
[2026-04-08T14:00:16.079+0000] {processor.py:183} INFO - Processing /home/airflow/.local/lib/python3.8/site-packages/airflow/example_dags/plugins/event_listener.py took 0.021 seconds
[2026-04-08T14:00:47.018+0000] {processor.py:161} INFO - Started process (PID=13409) to work on /home/airflow/.local/lib/python3.8/site-packages/airflow/example_dags/plugins/event_listener.py
[2026-04-08T14:00:47.019+0000] {processor.py:830} INFO - Processing file /home/airflow/.local/lib/python3.8/site-packages/airflow/example_dags/plugins/event_listener.py for tasks to queue
[2026-04-08T14:00:47.022+0000] {logging_mixin.py:188} INFO - [2026-04-08T14:00:47.020+0000] {dagbag.py:538} INFO - Filling up the DagBag from /home/airflow/.local/lib/python3.8/site-packages/airflow/example_dags/plugins/event_listener.py
[2026-04-08T14:00:47.026+0000] {processor.py:842} WARNING - No viable dags retrieved from /home/airflow/.local/lib/python3.8/site-packages/airflow/example_dags/plugins/event_listener.py
[2026-04-08T14:00:47.053+0000] {processor.py:183} INFO - Processing /home/airflow/.local/lib/python3.8/site-packages/airflow/example_dags/plugins/event_listener.py took 0.042 seconds
[2026-04-08T14:01:17.294+0000] {processor.py:161} INFO - Started process (PID=13470) to work on /home/airflow/.local/lib/python3.8/site-packages/airflow/example_dags/plugins/event_listener.py
[2026-04-08T14:01:17.295+0000] {processor.py:830} INFO - Processing file /home/airflow/.local/lib/python3.8/site-packages/airflow/example_dags/plugins/event_listener.py for tasks to queue
[2026-04-08T14:01:17.296+0000] {logging_mixin.py:188} INFO - [2026-04-08T14:01:17.295+0000] {dagbag.py:538} INFO - Filling up the DagBag from /home/airflow/.local/lib/python3.8/site-packages/airflow/example_dags/plugins/event_listener.py
[2026-04-08T14:01:17.298+0000] {processor.py:842} WARNING - No viable dags retrieved from /home/airflow/.local/lib/python3.8/site-packages/airflow/example_dags/plugins/event_listener.py
[2026-04-08T14:01:17.314+0000] {processor.py:183} INFO - Processing /home/airflow/.local/lib/python3.8/site-packages/airflow/example_dags/plugins/event_listener.py took 0.024 seconds
[2026-04-08T14:01:47.860+0000] {processor.py:161} INFO - Started process (PID=13531) to work on /home/airflow/.local/lib/python3.8/site-packages/airflow/example_dags/plugins/event_listener.py
[2026-04-08T14:01:47.863+0000] {processor.py:830} INFO - Processing file /home/airflow/.local/lib/python3.8/site-packages/airflow/example_dags/plugins/event_listener.py for tasks to queue
[2026-04-08T14:01:47.863+0000] {logging_mixin.py:188} INFO - [2026-04-08T14:01:47.863+0000] {dagbag.py:538} INFO - Filling up the DagBag from /home/airflow/.local/lib/python3.8/site-packages/airflow/example_dags/plugins/event_listener.py
[2026-04-08T14:01:47.866+0000] {processor.py:842} WARNING - No viable dags retrieved from /home/airflow/.local/lib/python3.8/site-packages/airflow/example_dags/plugins/event_listener.py
[2026-04-08T14:01:47.878+0000] {processor.py:183} INFO - Processing /home/airflow/.local/lib/python3.8/site-packages/airflow/example_dags/plugins/event_listener.py took 0.023 seconds
[2026-04-08T14:02:18.352+0000] {processor.py:161} INFO - Started process (PID=13592) to work on /home/airflow/.local/lib/python3.8/site-packages/airflow/example_dags/plugins/event_listener.py
[2026-04-08T14:02:18.353+0000] {processor.py:830} INFO - Processing file /home/airflow/.local/lib/python3.8/site-packages/airflow/example_dags/plugins/event_listener.py for tasks to queue
[2026-04-08T14:02:18.354+0000] {logging_mixin.py:188} INFO - [2026-04-08T14:02:18.353+0000] {dagbag.py:538} INFO - Filling up the DagBag from /home/airflow/.local/lib/python3.8/site-packages/airflow/example_dags/plugins/event_listener.py
[2026-04-08T14:02:18.357+0000] {processor.py:842} WARNING - No viable dags retrieved from /home/airflow/.local/lib/python3.8/site-packages/airflow/example_dags/plugins/event_listener.py
[2026-04-08T14:02:18.373+0000] {processor.py:183} INFO - Processing /home/airflow/.local/lib/python3.8/site-packages/airflow/example_dags/plugins/event_listener.py took 0.026 seconds
[2026-04-08T14:25:57.504+0000] {processor.py:161} INFO - Started process (PID=123) to work on /home/airflow/.local/lib/python3.8/site-packages/airflow/example_dags/plugins/event_listener.py
[2026-04-08T14:25:57.510+0000] {processor.py:830} INFO - Processing file /home/airflow/.local/lib/python3.8/site-packages/airflow/example_dags/plugins/event_listener.py for tasks to queue
[2026-04-08T14:25:57.520+0000] {logging_mixin.py:188} INFO - [2026-04-08T14:25:57.519+0000] {dagbag.py:538} INFO - Filling up the DagBag from /home/airflow/.local/lib/python3.8/site-packages/airflow/example_dags/plugins/event_listener.py
[2026-04-08T14:25:57.530+0000] {processor.py:842} WARNING - No viable dags retrieved from /home/airflow/.local/lib/python3.8/site-packages/airflow/example_dags/plugins/event_listener.py
[2026-04-08T14:25:57.573+0000] {processor.py:183} INFO - Processing /home/airflow/.local/lib/python3.8/site-packages/airflow/example_dags/plugins/event_listener.py took 0.082 seconds
[2026-04-08T14:26:29.004+0000] {processor.py:161} INFO - Started process (PID=184) to work on /home/airflow/.local/lib/python3.8/site-packages/airflow/example_dags/plugins/event_listener.py
[2026-04-08T14:26:29.010+0000] {processor.py:830} INFO - Processing file /home/airflow/.local/lib/python3.8/site-packages/airflow/example_dags/plugins/event_listener.py for tasks to queue
[2026-04-08T14:26:29.014+0000] {logging_mixin.py:188} INFO - [2026-04-08T14:26:29.014+0000] {dagbag.py:538} INFO - Filling up the DagBag from /home/airflow/.local/lib/python3.8/site-packages/airflow/example_dags/plugins/event_listener.py
[2026-04-08T14:26:29.021+0000] {processor.py:842} WARNING - No viable dags retrieved from /home/airflow/.local/lib/python3.8/site-packages/airflow/example_dags/plugins/event_listener.py
[2026-04-08T14:26:29.056+0000] {processor.py:183} INFO - Processing /home/airflow/.local/lib/python3.8/site-packages/airflow/example_dags/plugins/event_listener.py took 0.066 seconds
[2026-04-08T14:26:59.428+0000] {processor.py:161} INFO - Started process (PID=245) to work on /home/airflow/.local/lib/python3.8/site-packages/airflow/example_dags/plugins/event_listener.py
[2026-04-08T14:26:59.429+0000] {processor.py:830} INFO - Processing file /home/airflow/.local/lib/python3.8/site-packages/airflow/example_dags/plugins/event_listener.py for tasks to queue
[2026-04-08T14:26:59.431+0000] {logging_mixin.py:188} INFO - [2026-04-08T14:26:59.431+0000] {dagbag.py:538} INFO - Filling up the DagBag from /home/airflow/.local/lib/python3.8/site-packages/airflow/example_dags/plugins/event_listener.py
[2026-04-08T14:26:59.434+0000] {processor.py:842} WARNING - No viable dags retrieved from /home/airflow/.local/lib/python3.8/site-packages/airflow/example_dags/plugins/event_listener.py
[2026-04-08T14:26:59.459+0000] {processor.py:183} INFO - Processing /home/airflow/.local/lib/python3.8/site-packages/airflow/example_dags/plugins/event_listener.py took 0.034 seconds
[2026-04-08T14:27:29.645+0000] {processor.py:161} INFO - Started process (PID=304) to work on /home/airflow/.local/lib/python3.8/site-packages/airflow/example_dags/plugins/event_listener.py
[2026-04-08T14:27:29.647+0000] {processor.py:830} INFO - Processing file /home/airflow/.local/lib/python3.8/site-packages/airflow/example_dags/plugins/event_listener.py for tasks to queue
[2026-04-08T14:27:29.649+0000] {logging_mixin.py:188} INFO - [2026-04-08T14:27:29.649+0000] {dagbag.py:538} INFO - Filling up the DagBag from /home/airflow/.local/lib/python3.8/site-packages/airflow/example_dags/plugins/event_listener.py
[2026-04-08T14:27:29.654+0000] {processor.py:842} WARNING - No viable dags retrieved from /home/airflow/.local/lib/python3.8/site-packages/airflow/example_dags/plugins/event_listener.py
[2026-04-08T14:27:29.683+0000] {processor.py:183} INFO - Processing /home/airflow/.local/lib/python3.8/site-packages/airflow/example_dags/plugins/event_listener.py took 0.046 seconds
[2026-04-08T14:27:59.773+0000] {processor.py:161} INFO - Started process (PID=365) to work on /home/airflow/.local/lib/python3.8/site-packages/airflow/example_dags/plugins/event_listener.py
[2026-04-08T14:27:59.778+0000] {processor.py:830} INFO - Processing file /home/airflow/.local/lib/python3.8/site-packages/airflow/example_dags/plugins/event_listener.py for tasks to queue
[2026-04-08T14:27:59.784+0000] {logging_mixin.py:188} INFO - [2026-04-08T14:27:59.783+0000] {dagbag.py:538} INFO - Filling up the DagBag from /home/airflow/.local/lib/python3.8/site-packages/airflow/example_dags/plugins/event_listener.py
[2026-04-08T14:27:59.790+0000] {processor.py:842} WARNING - No viable dags retrieved from /home/airflow/.local/lib/python3.8/site-packages/airflow/example_dags/plugins/event_listener.py
[2026-04-08T14:27:59.848+0000] {processor.py:183} INFO - Processing /home/airflow/.local/lib/python3.8/site-packages/airflow/example_dags/plugins/event_listener.py took 0.078 seconds
[2026-04-08T14:28:30.732+0000] {processor.py:161} INFO - Started process (PID=426) to work on /home/airflow/.local/lib/python3.8/site-packages/airflow/example_dags/plugins/event_listener.py
[2026-04-08T14:28:30.733+0000] {processor.py:830} INFO - Processing file /home/airflow/.local/lib/python3.8/site-packages/airflow/example_dags/plugins/event_listener.py for tasks to queue
[2026-04-08T14:28:30.735+0000] {logging_mixin.py:188} INFO - [2026-04-08T14:28:30.735+0000] {dagbag.py:538} INFO - Filling up the DagBag from /home/airflow/.local/lib/python3.8/site-packages/airflow/example_dags/plugins/event_listener.py
[2026-04-08T14:28:30.737+0000] {processor.py:842} WARNING - No viable dags retrieved from /home/airflow/.local/lib/python3.8/site-packages/airflow/example_dags/plugins/event_listener.py
[2026-04-08T14:28:30.753+0000] {processor.py:183} INFO - Processing /home/airflow/.local/lib/python3.8/site-packages/airflow/example_dags/plugins/event_listener.py took 0.025 seconds
[2026-04-08T14:29:01.457+0000] {processor.py:161} INFO - Started process (PID=486) to work on /home/airflow/.local/lib/python3.8/site-packages/airflow/example_dags/plugins/event_listener.py
[2026-04-08T14:29:01.460+0000] {processor.py:830} INFO - Processing file /home/airflow/.local/lib/python3.8/site-packages/airflow/example_dags/plugins/event_listener.py for tasks to queue
[2026-04-08T14:29:01.462+0000] {logging_mixin.py:188} INFO - [2026-04-08T14:29:01.462+0000] {dagbag.py:538} INFO - Filling up the DagBag from /home/airflow/.local/lib/python3.8/site-packages/airflow/example_dags/plugins/event_listener.py
[2026-04-08T14:29:01.465+0000] {processor.py:842} WARNING - No viable dags retrieved from /home/airflow/.local/lib/python3.8/site-packages/airflow/example_dags/plugins/event_listener.py
[2026-04-08T14:29:01.497+0000] {processor.py:183} INFO - Processing /home/airflow/.local/lib/python3.8/site-packages/airflow/example_dags/plugins/event_listener.py took 0.048 seconds
[2026-04-08T14:29:31.585+0000] {processor.py:161} INFO - Started process (PID=547) to work on /home/airflow/.local/lib/python3.8/site-packages/airflow/example_dags/plugins/event_listener.py
[2026-04-08T14:29:31.586+0000] {processor.py:830} INFO - Processing file /home/airflow/.local/lib/python3.8/site-packages/airflow/example_dags/plugins/event_listener.py for tasks to queue
[2026-04-08T14:29:31.588+0000] {logging_mixin.py:188} INFO - [2026-04-08T14:29:31.588+0000] {dagbag.py:538} INFO - Filling up the DagBag from /home/airflow/.local/lib/python3.8/site-packages/airflow/example_dags/plugins/event_listener.py
[2026-04-08T14:29:31.591+0000] {processor.py:842} WARNING - No viable dags retrieved from /home/airflow/.local/lib/python3.8/site-packages/airflow/example_dags/plugins/event_listener.py
[2026-04-08T14:29:31.606+0000] {processor.py:183} INFO - Processing /home/airflow/.local/lib/python3.8/site-packages/airflow/example_dags/plugins/event_listener.py took 0.024 seconds
[2026-04-08T14:30:03.002+0000] {processor.py:161} INFO - Started process (PID=608) to work on /home/airflow/.local/lib/python3.8/site-packages/airflow/example_dags/plugins/event_listener.py
[2026-04-08T14:30:03.005+0000] {processor.py:830} INFO - Processing file /home/airflow/.local/lib/python3.8/site-packages/airflow/example_dags/plugins/event_listener.py for tasks to queue
[2026-04-08T14:30:03.009+0000] {logging_mixin.py:188} INFO - [2026-04-08T14:30:03.009+0000] {dagbag.py:538} INFO - Filling up the DagBag from /home/airflow/.local/lib/python3.8/site-packages/airflow/example_dags/plugins/event_listener.py
[2026-04-08T14:30:03.032+0000] {processor.py:842} WARNING - No viable dags retrieved from /home/airflow/.local/lib/python3.8/site-packages/airflow/example_dags/plugins/event_listener.py
[2026-04-08T14:30:03.077+0000] {processor.py:183} INFO - Processing /home/airflow/.local/lib/python3.8/site-packages/airflow/example_dags/plugins/event_listener.py took 0.084 seconds
[2026-04-08T14:30:34.023+0000] {processor.py:161} INFO - Started process (PID=669) to work on /home/airflow/.local/lib/python3.8/site-packages/airflow/example_dags/plugins/event_listener.py
[2026-04-08T14:30:34.026+0000] {processor.py:830} INFO - Processing file /home/airflow/.local/lib/python3.8/site-packages/airflow/example_dags/plugins/event_listener.py for tasks to queue
[2026-04-08T14:30:34.032+0000] {logging_mixin.py:188} INFO - [2026-04-08T14:30:34.031+0000] {dagbag.py:538} INFO - Filling up the DagBag from /home/airflow/.local/lib/python3.8/site-packages/airflow/example_dags/plugins/event_listener.py
[2026-04-08T14:30:34.034+0000] {processor.py:842} WARNING - No viable dags retrieved from /home/airflow/.local/lib/python3.8/site-packages/airflow/example_dags/plugins/event_listener.py
[2026-04-08T14:30:34.049+0000] {processor.py:183} INFO - Processing /home/airflow/.local/lib/python3.8/site-packages/airflow/example_dags/plugins/event_listener.py took 0.033 seconds
[2026-04-08T14:31:05.047+0000] {processor.py:161} INFO - Started process (PID=730) to work on /home/airflow/.local/lib/python3.8/site-packages/airflow/example_dags/plugins/event_listener.py
[2026-04-08T14:31:05.048+0000] {processor.py:830} INFO - Processing file /home/airflow/.local/lib/python3.8/site-packages/airflow/example_dags/plugins/event_listener.py for tasks to queue
[2026-04-08T14:31:05.050+0000] {logging_mixin.py:188} INFO - [2026-04-08T14:31:05.049+0000] {dagbag.py:538} INFO - Filling up the DagBag from /home/airflow/.local/lib/python3.8/site-packages/airflow/example_dags/plugins/event_listener.py
[2026-04-08T14:31:05.052+0000] {processor.py:842} WARNING - No viable dags retrieved from /home/airflow/.local/lib/python3.8/site-packages/airflow/example_dags/plugins/event_listener.py
[2026-04-08T14:31:05.066+0000] {processor.py:183} INFO - Processing /home/airflow/.local/lib/python3.8/site-packages/airflow/example_dags/plugins/event_listener.py took 0.023 seconds
[2026-04-08T14:31:35.886+0000] {processor.py:161} INFO - Started process (PID=791) to work on /home/airflow/.local/lib/python3.8/site-packages/airflow/example_dags/plugins/event_listener.py
[2026-04-08T14:31:35.887+0000] {processor.py:830} INFO - Processing file /home/airflow/.local/lib/python3.8/site-packages/airflow/example_dags/plugins/event_listener.py for tasks to queue
[2026-04-08T14:31:35.889+0000] {logging_mixin.py:188} INFO - [2026-04-08T14:31:35.889+0000] {dagbag.py:538} INFO - Filling up the DagBag from /home/airflow/.local/lib/python3.8/site-packages/airflow/example_dags/plugins/event_listener.py
[2026-04-08T14:31:35.892+0000] {processor.py:842} WARNING - No viable dags retrieved from /home/airflow/.local/lib/python3.8/site-packages/airflow/example_dags/plugins/event_listener.py
[2026-04-08T14:31:35.909+0000] {processor.py:183} INFO - Processing /home/airflow/.local/lib/python3.8/site-packages/airflow/example_dags/plugins/event_listener.py took 0.027 seconds
[2026-04-08T14:32:06.137+0000] {processor.py:161} INFO - Started process (PID=852) to work on /home/airflow/.local/lib/python3.8/site-packages/airflow/example_dags/plugins/event_listener.py
[2026-04-08T14:32:06.138+0000] {processor.py:830} INFO - Processing file /home/airflow/.local/lib/python3.8/site-packages/airflow/example_dags/plugins/event_listener.py for tasks to queue
[2026-04-08T14:32:06.139+0000] {logging_mixin.py:188} INFO - [2026-04-08T14:32:06.139+0000] {dagbag.py:538} INFO - Filling up the DagBag from /home/airflow/.local/lib/python3.8/site-packages/airflow/example_dags/plugins/event_listener.py
[2026-04-08T14:32:06.141+0000] {processor.py:842} WARNING - No viable dags retrieved from /home/airflow/.local/lib/python3.8/site-packages/airflow/example_dags/plugins/event_listener.py
[2026-04-08T14:32:06.153+0000] {processor.py:183} INFO - Processing /home/airflow/.local/lib/python3.8/site-packages/airflow/example_dags/plugins/event_listener.py took 0.019 seconds
[2026-04-08T14:32:36.760+0000] {processor.py:161} INFO - Started process (PID=913) to work on /home/airflow/.local/lib/python3.8/site-packages/airflow/example_dags/plugins/event_listener.py
[2026-04-08T14:32:36.761+0000] {processor.py:830} INFO - Processing file /home/airflow/.local/lib/python3.8/site-packages/airflow/example_dags/plugins/event_listener.py for tasks to queue
[2026-04-08T14:32:36.767+0000] {logging_mixin.py:188} INFO - [2026-04-08T14:32:36.765+0000] {dagbag.py:538} INFO - Filling up the DagBag from /home/airflow/.local/lib/python3.8/site-packages/airflow/example_dags/plugins/event_listener.py
[2026-04-08T14:32:36.772+0000] {processor.py:842} WARNING - No viable dags retrieved from /home/airflow/.local/lib/python3.8/site-packages/airflow/example_dags/plugins/event_listener.py
[2026-04-08T14:32:36.805+0000] {processor.py:183} INFO - Processing /home/airflow/.local/lib/python3.8/site-packages/airflow/example_dags/plugins/event_listener.py took 0.055 seconds
[2026-04-08T14:33:06.888+0000] {processor.py:161} INFO - Started process (PID=974) to work on /home/airflow/.local/lib/python3.8/site-packages/airflow/example_dags/plugins/event_listener.py
[2026-04-08T14:33:06.889+0000] {processor.py:830} INFO - Processing file /home/airflow/.local/lib/python3.8/site-packages/airflow/example_dags/plugins/event_listener.py for tasks to queue
[2026-04-08T14:33:06.891+0000] {logging_mixin.py:188} INFO - [2026-04-08T14:33:06.891+0000] {dagbag.py:538} INFO - Filling up the DagBag from /home/airflow/.local/lib/python3.8/site-packages/airflow/example_dags/plugins/event_listener.py
[2026-04-08T14:33:06.893+0000] {processor.py:842} WARNING - No viable dags retrieved from /home/airflow/.local/lib/python3.8/site-packages/airflow/example_dags/plugins/event_listener.py
[2026-04-08T14:33:06.908+0000] {processor.py:183} INFO - Processing /home/airflow/.local/lib/python3.8/site-packages/airflow/example_dags/plugins/event_listener.py took 0.024 seconds
[2026-04-08T14:33:37.394+0000] {processor.py:161} INFO - Started process (PID=1035) to work on /home/airflow/.local/lib/python3.8/site-packages/airflow/example_dags/plugins/event_listener.py
[2026-04-08T14:33:37.403+0000] {processor.py:830} INFO - Processing file /home/airflow/.local/lib/python3.8/site-packages/airflow/example_dags/plugins/event_listener.py for tasks to queue
[2026-04-08T14:33:37.413+0000] {logging_mixin.py:188} INFO - [2026-04-08T14:33:37.412+0000] {dagbag.py:538} INFO - Filling up the DagBag from /home/airflow/.local/lib/python3.8/site-packages/airflow/example_dags/plugins/event_listener.py
[2026-04-08T14:33:37.424+0000] {processor.py:842} WARNING - No viable dags retrieved from /home/airflow/.local/lib/python3.8/site-packages/airflow/example_dags/plugins/event_listener.py
[2026-04-08T14:33:37.463+0000] {processor.py:183} INFO - Processing /home/airflow/.local/lib/python3.8/site-packages/airflow/example_dags/plugins/event_listener.py took 0.087 seconds
[2026-04-08T14:34:08.306+0000] {processor.py:161} INFO - Started process (PID=1096) to work on /home/airflow/.local/lib/python3.8/site-packages/airflow/example_dags/plugins/event_listener.py
[2026-04-08T14:34:08.307+0000] {processor.py:830} INFO - Processing file /home/airflow/.local/lib/python3.8/site-packages/airflow/example_dags/plugins/event_listener.py for tasks to queue
[2026-04-08T14:34:08.309+0000] {logging_mixin.py:188} INFO - [2026-04-08T14:34:08.309+0000] {dagbag.py:538} INFO - Filling up the DagBag from /home/airflow/.local/lib/python3.8/site-packages/airflow/example_dags/plugins/event_listener.py
[2026-04-08T14:34:08.311+0000] {processor.py:842} WARNING - No viable dags retrieved from /home/airflow/.local/lib/python3.8/site-packages/airflow/example_dags/plugins/event_listener.py
[2026-04-08T14:34:08.326+0000] {processor.py:183} INFO - Processing /home/airflow/.local/lib/python3.8/site-packages/airflow/example_dags/plugins/event_listener.py took 0.024 seconds
[2026-04-08T14:34:39.282+0000] {processor.py:161} INFO - Started process (PID=1157) to work on /home/airflow/.local/lib/python3.8/site-packages/airflow/example_dags/plugins/event_listener.py
[2026-04-08T14:34:39.282+0000] {processor.py:830} INFO - Processing file /home/airflow/.local/lib/python3.8/site-packages/airflow/example_dags/plugins/event_listener.py for tasks to queue
[2026-04-08T14:34:39.284+0000] {logging_mixin.py:188} INFO - [2026-04-08T14:34:39.284+0000] {dagbag.py:538} INFO - Filling up the DagBag from /home/airflow/.local/lib/python3.8/site-packages/airflow/example_dags/plugins/event_listener.py
[2026-04-08T14:34:39.286+0000] {processor.py:842} WARNING - No viable dags retrieved from /home/airflow/.local/lib/python3.8/site-packages/airflow/example_dags/plugins/event_listener.py
[2026-04-08T14:34:39.298+0000] {processor.py:183} INFO - Processing /home/airflow/.local/lib/python3.8/site-packages/airflow/example_dags/plugins/event_listener.py took 0.019 seconds
[2026-04-08T14:35:10.042+0000] {processor.py:161} INFO - Started process (PID=1218) to work on /home/airflow/.local/lib/python3.8/site-packages/airflow/example_dags/plugins/event_listener.py
[2026-04-08T14:35:10.043+0000] {processor.py:830} INFO - Processing file /home/airflow/.local/lib/python3.8/site-packages/airflow/example_dags/plugins/event_listener.py for tasks to queue
[2026-04-08T14:35:10.046+0000] {logging_mixin.py:188} INFO - [2026-04-08T14:35:10.045+0000] {dagbag.py:538} INFO - Filling up the DagBag from /home/airflow/.local/lib/python3.8/site-packages/airflow/example_dags/plugins/event_listener.py
[2026-04-08T14:35:10.048+0000] {processor.py:842} WARNING - No viable dags retrieved from /home/airflow/.local/lib/python3.8/site-packages/airflow/example_dags/plugins/event_listener.py
[2026-04-08T14:35:10.062+0000] {processor.py:183} INFO - Processing /home/airflow/.local/lib/python3.8/site-packages/airflow/example_dags/plugins/event_listener.py took 0.023 seconds
[2026-04-08T14:35:40.564+0000] {processor.py:161} INFO - Started process (PID=1279) to work on /home/airflow/.local/lib/python3.8/site-packages/airflow/example_dags/plugins/event_listener.py
[2026-04-08T14:35:40.565+0000] {processor.py:830} INFO - Processing file /home/airflow/.local/lib/python3.8/site-packages/airflow/example_dags/plugins/event_listener.py for tasks to queue
[2026-04-08T14:35:40.567+0000] {logging_mixin.py:188} INFO - [2026-04-08T14:35:40.567+0000] {dagbag.py:538} INFO - Filling up the DagBag from /home/airflow/.local/lib/python3.8/site-packages/airflow/example_dags/plugins/event_listener.py
[2026-04-08T14:35:40.570+0000] {processor.py:842} WARNING - No viable dags retrieved from /home/airflow/.local/lib/python3.8/site-packages/airflow/example_dags/plugins/event_listener.py
[2026-04-08T14:35:40.585+0000] {processor.py:183} INFO - Processing /home/airflow/.local/lib/python3.8/site-packages/airflow/example_dags/plugins/event_listener.py took 0.024 seconds
[2026-04-08T14:36:10.822+0000] {processor.py:161} INFO - Started process (PID=1340) to work on /home/airflow/.local/lib/python3.8/site-packages/airflow/example_dags/plugins/event_listener.py
[2026-04-08T14:36:10.823+0000] {processor.py:830} INFO - Processing file /home/airflow/.local/lib/python3.8/site-packages/airflow/example_dags/plugins/event_listener.py for tasks to queue
[2026-04-08T14:36:10.825+0000] {logging_mixin.py:188} INFO - [2026-04-08T14:36:10.825+0000] {dagbag.py:538} INFO - Filling up the DagBag from /home/airflow/.local/lib/python3.8/site-packages/airflow/example_dags/plugins/event_listener.py
[2026-04-08T14:36:10.828+0000] {processor.py:842} WARNING - No viable dags retrieved from /home/airflow/.local/lib/python3.8/site-packages/airflow/example_dags/plugins/event_listener.py
[2026-04-08T14:36:10.843+0000] {processor.py:183} INFO - Processing /home/airflow/.local/lib/python3.8/site-packages/airflow/example_dags/plugins/event_listener.py took 0.025 seconds
[2026-04-08T14:36:42.072+0000] {processor.py:161} INFO - Started process (PID=1401) to work on /home/airflow/.local/lib/python3.8/site-packages/airflow/example_dags/plugins/event_listener.py
[2026-04-08T14:36:42.073+0000] {processor.py:830} INFO - Processing file /home/airflow/.local/lib/python3.8/site-packages/airflow/example_dags/plugins/event_listener.py for tasks to queue
[2026-04-08T14:36:42.076+0000] {logging_mixin.py:188} INFO - [2026-04-08T14:36:42.076+0000] {dagbag.py:538} INFO - Filling up the DagBag from /home/airflow/.local/lib/python3.8/site-packages/airflow/example_dags/plugins/event_listener.py
[2026-04-08T14:36:42.079+0000] {processor.py:842} WARNING - No viable dags retrieved from /home/airflow/.local/lib/python3.8/site-packages/airflow/example_dags/plugins/event_listener.py
[2026-04-08T14:36:42.094+0000] {processor.py:183} INFO - Processing /home/airflow/.local/lib/python3.8/site-packages/airflow/example_dags/plugins/event_listener.py took 0.026 seconds
[2026-04-08T14:37:14.705+0000] {processor.py:161} INFO - Started process (PID=1462) to work on /home/airflow/.local/lib/python3.8/site-packages/airflow/example_dags/plugins/event_listener.py
[2026-04-08T14:37:14.706+0000] {processor.py:830} INFO - Processing file /home/airflow/.local/lib/python3.8/site-packages/airflow/example_dags/plugins/event_listener.py for tasks to queue
[2026-04-08T14:37:14.708+0000] {logging_mixin.py:188} INFO - [2026-04-08T14:37:14.708+0000] {dagbag.py:538} INFO - Filling up the DagBag from /home/airflow/.local/lib/python3.8/site-packages/airflow/example_dags/plugins/event_listener.py
[2026-04-08T14:37:14.712+0000] {processor.py:842} WARNING - No viable dags retrieved from /home/airflow/.local/lib/python3.8/site-packages/airflow/example_dags/plugins/event_listener.py
[2026-04-08T14:37:14.728+0000] {processor.py:183} INFO - Processing /home/airflow/.local/lib/python3.8/site-packages/airflow/example_dags/plugins/event_listener.py took 0.027 seconds
[2026-04-08T14:37:45.843+0000] {processor.py:161} INFO - Started process (PID=1523) to work on /home/airflow/.local/lib/python3.8/site-packages/airflow/example_dags/plugins/event_listener.py
[2026-04-08T14:37:45.844+0000] {processor.py:830} INFO - Processing file /home/airflow/.local/lib/python3.8/site-packages/airflow/example_dags/plugins/event_listener.py for tasks to queue
[2026-04-08T14:37:45.854+0000] {logging_mixin.py:188} INFO - [2026-04-08T14:37:45.854+0000] {dagbag.py:538} INFO - Filling up the DagBag from /home/airflow/.local/lib/python3.8/site-packages/airflow/example_dags/plugins/event_listener.py
[2026-04-08T14:37:45.864+0000] {processor.py:842} WARNING - No viable dags retrieved from /home/airflow/.local/lib/python3.8/site-packages/airflow/example_dags/plugins/event_listener.py
[2026-04-08T14:37:45.888+0000] {processor.py:183} INFO - Processing /home/airflow/.local/lib/python3.8/site-packages/airflow/example_dags/plugins/event_listener.py took 0.049 seconds
[2026-04-08T14:38:16.953+0000] {processor.py:161} INFO - Started process (PID=1584) to work on /home/airflow/.local/lib/python3.8/site-packages/airflow/example_dags/plugins/event_listener.py
[2026-04-08T14:38:16.954+0000] {processor.py:830} INFO - Processing file /home/airflow/.local/lib/python3.8/site-packages/airflow/example_dags/plugins/event_listener.py for tasks to queue
[2026-04-08T14:38:16.956+0000] {logging_mixin.py:188} INFO - [2026-04-08T14:38:16.956+0000] {dagbag.py:538} INFO - Filling up the DagBag from /home/airflow/.local/lib/python3.8/site-packages/airflow/example_dags/plugins/event_listener.py
[2026-04-08T14:38:16.959+0000] {processor.py:842} WARNING - No viable dags retrieved from /home/airflow/.local/lib/python3.8/site-packages/airflow/example_dags/plugins/event_listener.py
[2026-04-08T14:38:16.976+0000] {processor.py:183} INFO - Processing /home/airflow/.local/lib/python3.8/site-packages/airflow/example_dags/plugins/event_listener.py took 0.026 seconds
[2026-04-08T14:38:47.190+0000] {processor.py:161} INFO - Started process (PID=1645) to work on /home/airflow/.local/lib/python3.8/site-packages/airflow/example_dags/plugins/event_listener.py
[2026-04-08T14:38:47.193+0000] {processor.py:830} INFO - Processing file /home/airflow/.local/lib/python3.8/site-packages/airflow/example_dags/plugins/event_listener.py for tasks to queue
[2026-04-08T14:38:47.198+0000] {logging_mixin.py:188} INFO - [2026-04-08T14:38:47.198+0000] {dagbag.py:538} INFO - Filling up the DagBag from /home/airflow/.local/lib/python3.8/site-packages/airflow/example_dags/plugins/event_listener.py
[2026-04-08T14:38:47.207+0000] {processor.py:842} WARNING - No viable dags retrieved from /home/airflow/.local/lib/python3.8/site-packages/airflow/example_dags/plugins/event_listener.py
[2026-04-08T14:38:47.229+0000] {processor.py:183} INFO - Processing /home/airflow/.local/lib/python3.8/site-packages/airflow/example_dags/plugins/event_listener.py took 0.045 seconds
[2026-04-08T14:39:18.111+0000] {processor.py:161} INFO - Started process (PID=1706) to work on /home/airflow/.local/lib/python3.8/site-packages/airflow/example_dags/plugins/event_listener.py
[2026-04-08T14:39:18.112+0000] {processor.py:830} INFO - Processing file /home/airflow/.local/lib/python3.8/site-packages/airflow/example_dags/plugins/event_listener.py for tasks to queue
[2026-04-08T14:39:18.114+0000] {logging_mixin.py:188} INFO - [2026-04-08T14:39:18.114+0000] {dagbag.py:538} INFO - Filling up the DagBag from /home/airflow/.local/lib/python3.8/site-packages/airflow/example_dags/plugins/event_listener.py
[2026-04-08T14:39:18.117+0000] {processor.py:842} WARNING - No viable dags retrieved from /home/airflow/.local/lib/python3.8/site-packages/airflow/example_dags/plugins/event_listener.py
[2026-04-08T14:39:18.134+0000] {processor.py:183} INFO - Processing /home/airflow/.local/lib/python3.8/site-packages/airflow/example_dags/plugins/event_listener.py took 0.027 seconds
[2026-04-08T14:39:48.684+0000] {processor.py:161} INFO - Started process (PID=1767) to work on /home/airflow/.local/lib/python3.8/site-packages/airflow/example_dags/plugins/event_listener.py
[2026-04-08T14:39:48.685+0000] {processor.py:830} INFO - Processing file /home/airflow/.local/lib/python3.8/site-packages/airflow/example_dags/plugins/event_listener.py for tasks to queue
[2026-04-08T14:39:48.687+0000] {logging_mixin.py:188} INFO - [2026-04-08T14:39:48.687+0000] {dagbag.py:538} INFO - Filling up the DagBag from /home/airflow/.local/lib/python3.8/site-packages/airflow/example_dags/plugins/event_listener.py
[2026-04-08T14:39:48.689+0000] {processor.py:842} WARNING - No viable dags retrieved from /home/airflow/.local/lib/python3.8/site-packages/airflow/example_dags/plugins/event_listener.py
[2026-04-08T14:39:48.709+0000] {processor.py:183} INFO - Processing /home/airflow/.local/lib/python3.8/site-packages/airflow/example_dags/plugins/event_listener.py took 0.028 seconds
[2026-04-08T14:40:19.629+0000] {processor.py:161} INFO - Started process (PID=1828) to work on /home/airflow/.local/lib/python3.8/site-packages/airflow/example_dags/plugins/event_listener.py
[2026-04-08T14:40:19.630+0000] {processor.py:830} INFO - Processing file /home/airflow/.local/lib/python3.8/site-packages/airflow/example_dags/plugins/event_listener.py for tasks to queue
[2026-04-08T14:40:19.631+0000] {logging_mixin.py:188} INFO - [2026-04-08T14:40:19.631+0000] {dagbag.py:538} INFO - Filling up the DagBag from /home/airflow/.local/lib/python3.8/site-packages/airflow/example_dags/plugins/event_listener.py
[2026-04-08T14:40:19.633+0000] {processor.py:842} WARNING - No viable dags retrieved from /home/airflow/.local/lib/python3.8/site-packages/airflow/example_dags/plugins/event_listener.py
[2026-04-08T14:40:19.645+0000] {processor.py:183} INFO - Processing /home/airflow/.local/lib/python3.8/site-packages/airflow/example_dags/plugins/event_listener.py took 0.019 seconds
[2026-04-08T14:40:49.832+0000] {processor.py:161} INFO - Started process (PID=1888) to work on /home/airflow/.local/lib/python3.8/site-packages/airflow/example_dags/plugins/event_listener.py
[2026-04-08T14:40:49.833+0000] {processor.py:830} INFO - Processing file /home/airflow/.local/lib/python3.8/site-packages/airflow/example_dags/plugins/event_listener.py for tasks to queue
[2026-04-08T14:40:49.835+0000] {logging_mixin.py:188} INFO - [2026-04-08T14:40:49.835+0000] {dagbag.py:538} INFO - Filling up the DagBag from /home/airflow/.local/lib/python3.8/site-packages/airflow/example_dags/plugins/event_listener.py
[2026-04-08T14:40:49.841+0000] {processor.py:842} WARNING - No viable dags retrieved from /home/airflow/.local/lib/python3.8/site-packages/airflow/example_dags/plugins/event_listener.py
[2026-04-08T14:40:49.857+0000] {processor.py:183} INFO - Processing /home/airflow/.local/lib/python3.8/site-packages/airflow/example_dags/plugins/event_listener.py took 0.029 seconds
[2026-04-08T14:41:20.363+0000] {processor.py:161} INFO - Started process (PID=1949) to work on /home/airflow/.local/lib/python3.8/site-packages/airflow/example_dags/plugins/event_listener.py
[2026-04-08T14:41:20.364+0000] {processor.py:830} INFO - Processing file /home/airflow/.local/lib/python3.8/site-packages/airflow/example_dags/plugins/event_listener.py for tasks to queue
[2026-04-08T14:41:20.366+0000] {logging_mixin.py:188} INFO - [2026-04-08T14:41:20.366+0000] {dagbag.py:538} INFO - Filling up the DagBag from /home/airflow/.local/lib/python3.8/site-packages/airflow/example_dags/plugins/event_listener.py
[2026-04-08T14:41:20.369+0000] {processor.py:842} WARNING - No viable dags retrieved from /home/airflow/.local/lib/python3.8/site-packages/airflow/example_dags/plugins/event_listener.py
[2026-04-08T14:41:20.383+0000] {processor.py:183} INFO - Processing /home/airflow/.local/lib/python3.8/site-packages/airflow/example_dags/plugins/event_listener.py took 0.023 seconds
[2026-04-08T14:41:51.408+0000] {processor.py:161} INFO - Started process (PID=2010) to work on /home/airflow/.local/lib/python3.8/site-packages/airflow/example_dags/plugins/event_listener.py
[2026-04-08T14:41:51.409+0000] {processor.py:830} INFO - Processing file /home/airflow/.local/lib/python3.8/site-packages/airflow/example_dags/plugins/event_listener.py for tasks to queue
[2026-04-08T14:41:51.412+0000] {logging_mixin.py:188} INFO - [2026-04-08T14:41:51.412+0000] {dagbag.py:538} INFO - Filling up the DagBag from /home/airflow/.local/lib/python3.8/site-packages/airflow/example_dags/plugins/event_listener.py
[2026-04-08T14:41:51.417+0000] {processor.py:842} WARNING - No viable dags retrieved from /home/airflow/.local/lib/python3.8/site-packages/airflow/example_dags/plugins/event_listener.py
[2026-04-08T14:41:51.434+0000] {processor.py:183} INFO - Processing /home/airflow/.local/lib/python3.8/site-packages/airflow/example_dags/plugins/event_listener.py took 0.029 seconds
[2026-04-08T14:42:23.434+0000] {processor.py:161} INFO - Started process (PID=2071) to work on /home/airflow/.local/lib/python3.8/site-packages/airflow/example_dags/plugins/event_listener.py
[2026-04-08T14:42:23.436+0000] {processor.py:830} INFO - Processing file /home/airflow/.local/lib/python3.8/site-packages/airflow/example_dags/plugins/event_listener.py for tasks to queue
[2026-04-08T14:42:23.439+0000] {logging_mixin.py:188} INFO - [2026-04-08T14:42:23.439+0000] {dagbag.py:538} INFO - Filling up the DagBag from /home/airflow/.local/lib/python3.8/site-packages/airflow/example_dags/plugins/event_listener.py
[2026-04-08T14:42:23.442+0000] {processor.py:842} WARNING - No viable dags retrieved from /home/airflow/.local/lib/python3.8/site-packages/airflow/example_dags/plugins/event_listener.py
[2026-04-08T14:42:23.468+0000] {processor.py:183} INFO - Processing /home/airflow/.local/lib/python3.8/site-packages/airflow/example_dags/plugins/event_listener.py took 0.041 seconds
[2026-04-08T14:42:55.564+0000] {processor.py:161} INFO - Started process (PID=2138) to work on /home/airflow/.local/lib/python3.8/site-packages/airflow/example_dags/plugins/event_listener.py
[2026-04-08T14:42:55.571+0000] {processor.py:830} INFO - Processing file /home/airflow/.local/lib/python3.8/site-packages/airflow/example_dags/plugins/event_listener.py for tasks to queue
[2026-04-08T14:42:55.581+0000] {logging_mixin.py:188} INFO - [2026-04-08T14:42:55.579+0000] {dagbag.py:538} INFO - Filling up the DagBag from /home/airflow/.local/lib/python3.8/site-packages/airflow/example_dags/plugins/event_listener.py
[2026-04-08T14:42:55.587+0000] {processor.py:842} WARNING - No viable dags retrieved from /home/airflow/.local/lib/python3.8/site-packages/airflow/example_dags/plugins/event_listener.py
[2026-04-08T14:42:55.634+0000] {processor.py:183} INFO - Processing /home/airflow/.local/lib/python3.8/site-packages/airflow/example_dags/plugins/event_listener.py took 0.080 seconds
[2026-04-08T14:43:26.109+0000] {processor.py:161} INFO - Started process (PID=2199) to work on /home/airflow/.local/lib/python3.8/site-packages/airflow/example_dags/plugins/event_listener.py
[2026-04-08T14:43:26.110+0000] {processor.py:830} INFO - Processing file /home/airflow/.local/lib/python3.8/site-packages/airflow/example_dags/plugins/event_listener.py for tasks to queue
[2026-04-08T14:43:26.114+0000] {logging_mixin.py:188} INFO - [2026-04-08T14:43:26.112+0000] {dagbag.py:538} INFO - Filling up the DagBag from /home/airflow/.local/lib/python3.8/site-packages/airflow/example_dags/plugins/event_listener.py
[2026-04-08T14:43:26.118+0000] {processor.py:842} WARNING - No viable dags retrieved from /home/airflow/.local/lib/python3.8/site-packages/airflow/example_dags/plugins/event_listener.py
[2026-04-08T14:43:26.143+0000] {processor.py:183} INFO - Processing /home/airflow/.local/lib/python3.8/site-packages/airflow/example_dags/plugins/event_listener.py took 0.042 seconds
[2026-04-08T14:43:56.486+0000] {processor.py:161} INFO - Started process (PID=2260) to work on /home/airflow/.local/lib/python3.8/site-packages/airflow/example_dags/plugins/event_listener.py
[2026-04-08T14:43:56.487+0000] {processor.py:830} INFO - Processing file /home/airflow/.local/lib/python3.8/site-packages/airflow/example_dags/plugins/event_listener.py for tasks to queue
[2026-04-08T14:43:56.489+0000] {logging_mixin.py:188} INFO - [2026-04-08T14:43:56.489+0000] {dagbag.py:538} INFO - Filling up the DagBag from /home/airflow/.local/lib/python3.8/site-packages/airflow/example_dags/plugins/event_listener.py
[2026-04-08T14:43:56.492+0000] {processor.py:842} WARNING - No viable dags retrieved from /home/airflow/.local/lib/python3.8/site-packages/airflow/example_dags/plugins/event_listener.py
[2026-04-08T14:43:56.507+0000] {processor.py:183} INFO - Processing /home/airflow/.local/lib/python3.8/site-packages/airflow/example_dags/plugins/event_listener.py took 0.025 seconds
[2026-04-08T14:44:27.365+0000] {processor.py:161} INFO - Started process (PID=2322) to work on /home/airflow/.local/lib/python3.8/site-packages/airflow/example_dags/plugins/event_listener.py
[2026-04-08T14:44:27.366+0000] {processor.py:830} INFO - Processing file /home/airflow/.local/lib/python3.8/site-packages/airflow/example_dags/plugins/event_listener.py for tasks to queue
[2026-04-08T14:44:27.368+0000] {logging_mixin.py:188} INFO - [2026-04-08T14:44:27.368+0000] {dagbag.py:538} INFO - Filling up the DagBag from /home/airflow/.local/lib/python3.8/site-packages/airflow/example_dags/plugins/event_listener.py
[2026-04-08T14:44:27.371+0000] {processor.py:842} WARNING - No viable dags retrieved from /home/airflow/.local/lib/python3.8/site-packages/airflow/example_dags/plugins/event_listener.py
[2026-04-08T14:44:27.384+0000] {processor.py:183} INFO - Processing /home/airflow/.local/lib/python3.8/site-packages/airflow/example_dags/plugins/event_listener.py took 0.023 seconds
[2026-04-08T14:44:58.435+0000] {processor.py:161} INFO - Started process (PID=2383) to work on /home/airflow/.local/lib/python3.8/site-packages/airflow/example_dags/plugins/event_listener.py
[2026-04-08T14:44:58.435+0000] {processor.py:830} INFO - Processing file /home/airflow/.local/lib/python3.8/site-packages/airflow/example_dags/plugins/event_listener.py for tasks to queue
[2026-04-08T14:44:58.438+0000] {logging_mixin.py:188} INFO - [2026-04-08T14:44:58.437+0000] {dagbag.py:538} INFO - Filling up the DagBag from /home/airflow/.local/lib/python3.8/site-packages/airflow/example_dags/plugins/event_listener.py
[2026-04-08T14:44:58.440+0000] {processor.py:842} WARNING - No viable dags retrieved from /home/airflow/.local/lib/python3.8/site-packages/airflow/example_dags/plugins/event_listener.py
[2026-04-08T14:44:58.455+0000] {processor.py:183} INFO - Processing /home/airflow/.local/lib/python3.8/site-packages/airflow/example_dags/plugins/event_listener.py took 0.024 seconds
[2026-04-08T14:45:29.468+0000] {processor.py:161} INFO - Started process (PID=2444) to work on /home/airflow/.local/lib/python3.8/site-packages/airflow/example_dags/plugins/event_listener.py
[2026-04-08T14:45:29.469+0000] {processor.py:830} INFO - Processing file /home/airflow/.local/lib/python3.8/site-packages/airflow/example_dags/plugins/event_listener.py for tasks to queue
[2026-04-08T14:45:29.472+0000] {logging_mixin.py:188} INFO - [2026-04-08T14:45:29.471+0000] {dagbag.py:538} INFO - Filling up the DagBag from /home/airflow/.local/lib/python3.8/site-packages/airflow/example_dags/plugins/event_listener.py
[2026-04-08T14:45:29.474+0000] {processor.py:842} WARNING - No viable dags retrieved from /home/airflow/.local/lib/python3.8/site-packages/airflow/example_dags/plugins/event_listener.py
[2026-04-08T14:45:29.490+0000] {processor.py:183} INFO - Processing /home/airflow/.local/lib/python3.8/site-packages/airflow/example_dags/plugins/event_listener.py took 0.025 seconds
[2026-04-08T14:46:00.302+0000] {processor.py:161} INFO - Started process (PID=2505) to work on /home/airflow/.local/lib/python3.8/site-packages/airflow/example_dags/plugins/event_listener.py
[2026-04-08T14:46:00.303+0000] {processor.py:830} INFO - Processing file /home/airflow/.local/lib/python3.8/site-packages/airflow/example_dags/plugins/event_listener.py for tasks to queue
[2026-04-08T14:46:00.305+0000] {logging_mixin.py:188} INFO - [2026-04-08T14:46:00.305+0000] {dagbag.py:538} INFO - Filling up the DagBag from /home/airflow/.local/lib/python3.8/site-packages/airflow/example_dags/plugins/event_listener.py
[2026-04-08T14:46:00.308+0000] {processor.py:842} WARNING - No viable dags retrieved from /home/airflow/.local/lib/python3.8/site-packages/airflow/example_dags/plugins/event_listener.py
[2026-04-08T14:46:00.322+0000] {processor.py:183} INFO - Processing /home/airflow/.local/lib/python3.8/site-packages/airflow/example_dags/plugins/event_listener.py took 0.024 seconds
[2026-04-08T14:46:31.368+0000] {processor.py:161} INFO - Started process (PID=2567) to work on /home/airflow/.local/lib/python3.8/site-packages/airflow/example_dags/plugins/event_listener.py
[2026-04-08T14:46:31.369+0000] {processor.py:830} INFO - Processing file /home/airflow/.local/lib/python3.8/site-packages/airflow/example_dags/plugins/event_listener.py for tasks to queue
[2026-04-08T14:46:31.371+0000] {logging_mixin.py:188} INFO - [2026-04-08T14:46:31.371+0000] {dagbag.py:538} INFO - Filling up the DagBag from /home/airflow/.local/lib/python3.8/site-packages/airflow/example_dags/plugins/event_listener.py
[2026-04-08T14:46:31.374+0000] {processor.py:842} WARNING - No viable dags retrieved from /home/airflow/.local/lib/python3.8/site-packages/airflow/example_dags/plugins/event_listener.py
[2026-04-08T14:46:31.388+0000] {processor.py:183} INFO - Processing /home/airflow/.local/lib/python3.8/site-packages/airflow/example_dags/plugins/event_listener.py took 0.024 seconds
[2026-04-08T14:47:01.855+0000] {processor.py:161} INFO - Started process (PID=2628) to work on /home/airflow/.local/lib/python3.8/site-packages/airflow/example_dags/plugins/event_listener.py
[2026-04-08T14:47:01.856+0000] {processor.py:830} INFO - Processing file /home/airflow/.local/lib/python3.8/site-packages/airflow/example_dags/plugins/event_listener.py for tasks to queue
[2026-04-08T14:47:01.858+0000] {logging_mixin.py:188} INFO - [2026-04-08T14:47:01.858+0000] {dagbag.py:538} INFO - Filling up the DagBag from /home/airflow/.local/lib/python3.8/site-packages/airflow/example_dags/plugins/event_listener.py
[2026-04-08T14:47:01.861+0000] {processor.py:842} WARNING - No viable dags retrieved from /home/airflow/.local/lib/python3.8/site-packages/airflow/example_dags/plugins/event_listener.py
[2026-04-08T14:47:01.876+0000] {processor.py:183} INFO - Processing /home/airflow/.local/lib/python3.8/site-packages/airflow/example_dags/plugins/event_listener.py took 0.024 seconds
[2026-04-08T14:47:32.756+0000] {processor.py:161} INFO - Started process (PID=2689) to work on /home/airflow/.local/lib/python3.8/site-packages/airflow/example_dags/plugins/event_listener.py
[2026-04-08T14:47:32.757+0000] {processor.py:830} INFO - Processing file /home/airflow/.local/lib/python3.8/site-packages/airflow/example_dags/plugins/event_listener.py for tasks to queue
[2026-04-08T14:47:32.760+0000] {logging_mixin.py:188} INFO - [2026-04-08T14:47:32.759+0000] {dagbag.py:538} INFO - Filling up the DagBag from /home/airflow/.local/lib/python3.8/site-packages/airflow/example_dags/plugins/event_listener.py
[2026-04-08T14:47:32.762+0000] {processor.py:842} WARNING - No viable dags retrieved from /home/airflow/.local/lib/python3.8/site-packages/airflow/example_dags/plugins/event_listener.py
[2026-04-08T14:47:32.777+0000] {processor.py:183} INFO - Processing /home/airflow/.local/lib/python3.8/site-packages/airflow/example_dags/plugins/event_listener.py took 0.024 seconds
[2026-04-08T14:48:03.255+0000] {processor.py:161} INFO - Started process (PID=2750) to work on /home/airflow/.local/lib/python3.8/site-packages/airflow/example_dags/plugins/event_listener.py
[2026-04-08T14:48:03.256+0000] {processor.py:830} INFO - Processing file /home/airflow/.local/lib/python3.8/site-packages/airflow/example_dags/plugins/event_listener.py for tasks to queue
[2026-04-08T14:48:03.258+0000] {logging_mixin.py:188} INFO - [2026-04-08T14:48:03.257+0000] {dagbag.py:538} INFO - Filling up the DagBag from /home/airflow/.local/lib/python3.8/site-packages/airflow/example_dags/plugins/event_listener.py
[2026-04-08T14:48:03.260+0000] {processor.py:842} WARNING - No viable dags retrieved from /home/airflow/.local/lib/python3.8/site-packages/airflow/example_dags/plugins/event_listener.py
[2026-04-08T14:48:03.275+0000] {processor.py:183} INFO - Processing /home/airflow/.local/lib/python3.8/site-packages/airflow/example_dags/plugins/event_listener.py took 0.023 seconds
[2026-04-08T14:48:33.902+0000] {processor.py:161} INFO - Started process (PID=2811) to work on /home/airflow/.local/lib/python3.8/site-packages/airflow/example_dags/plugins/event_listener.py
[2026-04-08T14:48:33.903+0000] {processor.py:830} INFO - Processing file /home/airflow/.local/lib/python3.8/site-packages/airflow/example_dags/plugins/event_listener.py for tasks to queue
[2026-04-08T14:48:33.905+0000] {logging_mixin.py:188} INFO - [2026-04-08T14:48:33.905+0000] {dagbag.py:538} INFO - Filling up the DagBag from /home/airflow/.local/lib/python3.8/site-packages/airflow/example_dags/plugins/event_listener.py
[2026-04-08T14:48:33.908+0000] {processor.py:842} WARNING - No viable dags retrieved from /home/airflow/.local/lib/python3.8/site-packages/airflow/example_dags/plugins/event_listener.py
[2026-04-08T14:48:33.922+0000] {processor.py:183} INFO - Processing /home/airflow/.local/lib/python3.8/site-packages/airflow/example_dags/plugins/event_listener.py took 0.024 seconds
[2026-04-08T14:49:04.512+0000] {processor.py:161} INFO - Started process (PID=2872) to work on /home/airflow/.local/lib/python3.8/site-packages/airflow/example_dags/plugins/event_listener.py
[2026-04-08T14:49:04.513+0000] {processor.py:830} INFO - Processing file /home/airflow/.local/lib/python3.8/site-packages/airflow/example_dags/plugins/event_listener.py for tasks to queue
[2026-04-08T14:49:04.515+0000] {logging_mixin.py:188} INFO - [2026-04-08T14:49:04.515+0000] {dagbag.py:538} INFO - Filling up the DagBag from /home/airflow/.local/lib/python3.8/site-packages/airflow/example_dags/plugins/event_listener.py
[2026-04-08T14:49:04.518+0000] {processor.py:842} WARNING - No viable dags retrieved from /home/airflow/.local/lib/python3.8/site-packages/airflow/example_dags/plugins/event_listener.py
[2026-04-08T14:49:04.533+0000] {processor.py:183} INFO - Processing /home/airflow/.local/lib/python3.8/site-packages/airflow/example_dags/plugins/event_listener.py took 0.025 seconds
[2026-04-08T14:49:34.774+0000] {processor.py:161} INFO - Started process (PID=2933) to work on /home/airflow/.local/lib/python3.8/site-packages/airflow/example_dags/plugins/event_listener.py
[2026-04-08T14:49:34.776+0000] {processor.py:830} INFO - Processing file /home/airflow/.local/lib/python3.8/site-packages/airflow/example_dags/plugins/event_listener.py for tasks to queue
[2026-04-08T14:49:34.782+0000] {logging_mixin.py:188} INFO - [2026-04-08T14:49:34.782+0000] {dagbag.py:538} INFO - Filling up the DagBag from /home/airflow/.local/lib/python3.8/site-packages/airflow/example_dags/plugins/event_listener.py
[2026-04-08T14:49:34.788+0000] {processor.py:842} WARNING - No viable dags retrieved from /home/airflow/.local/lib/python3.8/site-packages/airflow/example_dags/plugins/event_listener.py
[2026-04-08T14:49:34.814+0000] {processor.py:183} INFO - Processing /home/airflow/.local/lib/python3.8/site-packages/airflow/example_dags/plugins/event_listener.py took 0.048 seconds
[2026-04-08T14:50:04.897+0000] {processor.py:161} INFO - Started process (PID=2993) to work on /home/airflow/.local/lib/python3.8/site-packages/airflow/example_dags/plugins/event_listener.py
[2026-04-08T14:50:04.898+0000] {processor.py:830} INFO - Processing file /home/airflow/.local/lib/python3.8/site-packages/airflow/example_dags/plugins/event_listener.py for tasks to queue
[2026-04-08T14:50:04.900+0000] {logging_mixin.py:188} INFO - [2026-04-08T14:50:04.899+0000] {dagbag.py:538} INFO - Filling up the DagBag from /home/airflow/.local/lib/python3.8/site-packages/airflow/example_dags/plugins/event_listener.py
[2026-04-08T14:50:04.901+0000] {processor.py:842} WARNING - No viable dags retrieved from /home/airflow/.local/lib/python3.8/site-packages/airflow/example_dags/plugins/event_listener.py
[2026-04-08T14:50:04.913+0000] {processor.py:183} INFO - Processing /home/airflow/.local/lib/python3.8/site-packages/airflow/example_dags/plugins/event_listener.py took 0.019 seconds
[2026-04-08T14:50:35.868+0000] {processor.py:161} INFO - Started process (PID=3054) to work on /home/airflow/.local/lib/python3.8/site-packages/airflow/example_dags/plugins/event_listener.py
[2026-04-08T14:50:35.869+0000] {processor.py:830} INFO - Processing file /home/airflow/.local/lib/python3.8/site-packages/airflow/example_dags/plugins/event_listener.py for tasks to queue
[2026-04-08T14:50:35.871+0000] {logging_mixin.py:188} INFO - [2026-04-08T14:50:35.871+0000] {dagbag.py:538} INFO - Filling up the DagBag from /home/airflow/.local/lib/python3.8/site-packages/airflow/example_dags/plugins/event_listener.py
[2026-04-08T14:50:35.874+0000] {processor.py:842} WARNING - No viable dags retrieved from /home/airflow/.local/lib/python3.8/site-packages/airflow/example_dags/plugins/event_listener.py
[2026-04-08T14:50:35.888+0000] {processor.py:183} INFO - Processing /home/airflow/.local/lib/python3.8/site-packages/airflow/example_dags/plugins/event_listener.py took 0.024 seconds
[2026-04-08T14:51:05.970+0000] {processor.py:161} INFO - Started process (PID=3115) to work on /home/airflow/.local/lib/python3.8/site-packages/airflow/example_dags/plugins/event_listener.py
[2026-04-08T14:51:05.971+0000] {processor.py:830} INFO - Processing file /home/airflow/.local/lib/python3.8/site-packages/airflow/example_dags/plugins/event_listener.py for tasks to queue
[2026-04-08T14:51:05.973+0000] {logging_mixin.py:188} INFO - [2026-04-08T14:51:05.972+0000] {dagbag.py:538} INFO - Filling up the DagBag from /home/airflow/.local/lib/python3.8/site-packages/airflow/example_dags/plugins/event_listener.py
[2026-04-08T14:51:05.975+0000] {processor.py:842} WARNING - No viable dags retrieved from /home/airflow/.local/lib/python3.8/site-packages/airflow/example_dags/plugins/event_listener.py
[2026-04-08T14:51:05.985+0000] {processor.py:183} INFO - Processing /home/airflow/.local/lib/python3.8/site-packages/airflow/example_dags/plugins/event_listener.py took 0.018 seconds
[2026-04-08T14:51:36.674+0000] {processor.py:161} INFO - Started process (PID=3176) to work on /home/airflow/.local/lib/python3.8/site-packages/airflow/example_dags/plugins/event_listener.py
[2026-04-08T14:51:36.675+0000] {processor.py:830} INFO - Processing file /home/airflow/.local/lib/python3.8/site-packages/airflow/example_dags/plugins/event_listener.py for tasks to queue
[2026-04-08T14:51:36.677+0000] {logging_mixin.py:188} INFO - [2026-04-08T14:51:36.677+0000] {dagbag.py:538} INFO - Filling up the DagBag from /home/airflow/.local/lib/python3.8/site-packages/airflow/example_dags/plugins/event_listener.py
[2026-04-08T14:51:36.680+0000] {processor.py:842} WARNING - No viable dags retrieved from /home/airflow/.local/lib/python3.8/site-packages/airflow/example_dags/plugins/event_listener.py
[2026-04-08T14:51:36.692+0000] {processor.py:183} INFO - Processing /home/airflow/.local/lib/python3.8/site-packages/airflow/example_dags/plugins/event_listener.py took 0.022 seconds
[2026-04-08T14:52:06.884+0000] {processor.py:161} INFO - Started process (PID=3237) to work on /home/airflow/.local/lib/python3.8/site-packages/airflow/example_dags/plugins/event_listener.py
[2026-04-08T14:52:06.885+0000] {processor.py:830} INFO - Processing file /home/airflow/.local/lib/python3.8/site-packages/airflow/example_dags/plugins/event_listener.py for tasks to queue
[2026-04-08T14:52:06.887+0000] {logging_mixin.py:188} INFO - [2026-04-08T14:52:06.887+0000] {dagbag.py:538} INFO - Filling up the DagBag from /home/airflow/.local/lib/python3.8/site-packages/airflow/example_dags/plugins/event_listener.py
[2026-04-08T14:52:06.889+0000] {processor.py:842} WARNING - No viable dags retrieved from /home/airflow/.local/lib/python3.8/site-packages/airflow/example_dags/plugins/event_listener.py
[2026-04-08T14:52:06.903+0000] {processor.py:183} INFO - Processing /home/airflow/.local/lib/python3.8/site-packages/airflow/example_dags/plugins/event_listener.py took 0.021 seconds
[2026-04-08T14:52:37.420+0000] {processor.py:161} INFO - Started process (PID=3298) to work on /home/airflow/.local/lib/python3.8/site-packages/airflow/example_dags/plugins/event_listener.py
[2026-04-08T14:52:37.421+0000] {processor.py:830} INFO - Processing file /home/airflow/.local/lib/python3.8/site-packages/airflow/example_dags/plugins/event_listener.py for tasks to queue
[2026-04-08T14:52:37.423+0000] {logging_mixin.py:188} INFO - [2026-04-08T14:52:37.423+0000] {dagbag.py:538} INFO - Filling up the DagBag from /home/airflow/.local/lib/python3.8/site-packages/airflow/example_dags/plugins/event_listener.py
[2026-04-08T14:52:37.425+0000] {processor.py:842} WARNING - No viable dags retrieved from /home/airflow/.local/lib/python3.8/site-packages/airflow/example_dags/plugins/event_listener.py
[2026-04-08T14:52:37.436+0000] {processor.py:183} INFO - Processing /home/airflow/.local/lib/python3.8/site-packages/airflow/example_dags/plugins/event_listener.py took 0.019 seconds
[2026-04-08T14:53:08.079+0000] {processor.py:161} INFO - Started process (PID=3359) to work on /home/airflow/.local/lib/python3.8/site-packages/airflow/example_dags/plugins/event_listener.py
[2026-04-08T14:53:08.080+0000] {processor.py:830} INFO - Processing file /home/airflow/.local/lib/python3.8/site-packages/airflow/example_dags/plugins/event_listener.py for tasks to queue
[2026-04-08T14:53:08.082+0000] {logging_mixin.py:188} INFO - [2026-04-08T14:53:08.082+0000] {dagbag.py:538} INFO - Filling up the DagBag from /home/airflow/.local/lib/python3.8/site-packages/airflow/example_dags/plugins/event_listener.py
[2026-04-08T14:53:08.085+0000] {processor.py:842} WARNING - No viable dags retrieved from /home/airflow/.local/lib/python3.8/site-packages/airflow/example_dags/plugins/event_listener.py
[2026-04-08T14:53:08.126+0000] {processor.py:183} INFO - Processing /home/airflow/.local/lib/python3.8/site-packages/airflow/example_dags/plugins/event_listener.py took 0.053 seconds
[2026-04-08T14:53:38.596+0000] {processor.py:161} INFO - Started process (PID=3420) to work on /home/airflow/.local/lib/python3.8/site-packages/airflow/example_dags/plugins/event_listener.py
[2026-04-08T14:53:38.596+0000] {processor.py:830} INFO - Processing file /home/airflow/.local/lib/python3.8/site-packages/airflow/example_dags/plugins/event_listener.py for tasks to queue
[2026-04-08T14:53:38.598+0000] {logging_mixin.py:188} INFO - [2026-04-08T14:53:38.598+0000] {dagbag.py:538} INFO - Filling up the DagBag from /home/airflow/.local/lib/python3.8/site-packages/airflow/example_dags/plugins/event_listener.py
[2026-04-08T14:53:38.600+0000] {processor.py:842} WARNING - No viable dags retrieved from /home/airflow/.local/lib/python3.8/site-packages/airflow/example_dags/plugins/event_listener.py
[2026-04-08T14:53:38.611+0000] {processor.py:183} INFO - Processing /home/airflow/.local/lib/python3.8/site-packages/airflow/example_dags/plugins/event_listener.py took 0.018 seconds
[2026-04-08T14:54:09.492+0000] {processor.py:161} INFO - Started process (PID=3481) to work on /home/airflow/.local/lib/python3.8/site-packages/airflow/example_dags/plugins/event_listener.py
[2026-04-08T14:54:09.493+0000] {processor.py:830} INFO - Processing file /home/airflow/.local/lib/python3.8/site-packages/airflow/example_dags/plugins/event_listener.py for tasks to queue
[2026-04-08T14:54:09.494+0000] {logging_mixin.py:188} INFO - [2026-04-08T14:54:09.494+0000] {dagbag.py:538} INFO - Filling up the DagBag from /home/airflow/.local/lib/python3.8/site-packages/airflow/example_dags/plugins/event_listener.py
[2026-04-08T14:54:09.496+0000] {processor.py:842} WARNING - No viable dags retrieved from /home/airflow/.local/lib/python3.8/site-packages/airflow/example_dags/plugins/event_listener.py
[2026-04-08T14:54:09.508+0000] {processor.py:183} INFO - Processing /home/airflow/.local/lib/python3.8/site-packages/airflow/example_dags/plugins/event_listener.py took 0.019 seconds
[2026-04-08T14:54:39.878+0000] {processor.py:161} INFO - Started process (PID=3542) to work on /home/airflow/.local/lib/python3.8/site-packages/airflow/example_dags/plugins/event_listener.py
[2026-04-08T14:54:39.879+0000] {processor.py:830} INFO - Processing file /home/airflow/.local/lib/python3.8/site-packages/airflow/example_dags/plugins/event_listener.py for tasks to queue
[2026-04-08T14:54:39.881+0000] {logging_mixin.py:188} INFO - [2026-04-08T14:54:39.881+0000] {dagbag.py:538} INFO - Filling up the DagBag from /home/airflow/.local/lib/python3.8/site-packages/airflow/example_dags/plugins/event_listener.py
[2026-04-08T14:54:39.883+0000] {processor.py:842} WARNING - No viable dags retrieved from /home/airflow/.local/lib/python3.8/site-packages/airflow/example_dags/plugins/event_listener.py
[2026-04-08T14:54:39.897+0000] {processor.py:183} INFO - Processing /home/airflow/.local/lib/python3.8/site-packages/airflow/example_dags/plugins/event_listener.py took 0.021 seconds
[2026-04-08T14:55:10.848+0000] {processor.py:161} INFO - Started process (PID=3603) to work on /home/airflow/.local/lib/python3.8/site-packages/airflow/example_dags/plugins/event_listener.py
[2026-04-08T14:55:10.849+0000] {processor.py:830} INFO - Processing file /home/airflow/.local/lib/python3.8/site-packages/airflow/example_dags/plugins/event_listener.py for tasks to queue
[2026-04-08T14:55:10.851+0000] {logging_mixin.py:188} INFO - [2026-04-08T14:55:10.851+0000] {dagbag.py:538} INFO - Filling up the DagBag from /home/airflow/.local/lib/python3.8/site-packages/airflow/example_dags/plugins/event_listener.py
[2026-04-08T14:55:10.854+0000] {processor.py:842} WARNING - No viable dags retrieved from /home/airflow/.local/lib/python3.8/site-packages/airflow/example_dags/plugins/event_listener.py
[2026-04-08T14:55:10.868+0000] {processor.py:183} INFO - Processing /home/airflow/.local/lib/python3.8/site-packages/airflow/example_dags/plugins/event_listener.py took 0.022 seconds
