[2026-04-09T08:04:48.405+0000] {processor.py:161} INFO - Started process (PID=91) to work on /home/airflow/.local/lib/python3.8/site-packages/airflow/example_dags/example_python_decorator.py
[2026-04-09T08:04:48.409+0000] {processor.py:830} INFO - Processing file /home/airflow/.local/lib/python3.8/site-packages/airflow/example_dags/example_python_decorator.py for tasks to queue
[2026-04-09T08:04:48.422+0000] {logging_mixin.py:188} INFO - [2026-04-09T08:04:48.419+0000] {dagbag.py:538} INFO - Filling up the DagBag from /home/airflow/.local/lib/python3.8/site-packages/airflow/example_dags/example_python_decorator.py
[2026-04-09T08:04:48.466+0000] {processor.py:840} INFO - DAG(s) 'example_python_decorator' retrieved from /home/airflow/.local/lib/python3.8/site-packages/airflow/example_dags/example_python_decorator.py
[2026-04-09T08:04:48.537+0000] {logging_mixin.py:188} INFO - [2026-04-09T08:04:48.537+0000] {dag.py:3033} INFO - Sync 1 DAGs
[2026-04-09T08:04:48.560+0000] {logging_mixin.py:188} INFO - [2026-04-09T08:04:48.559+0000] {dag.py:3820} INFO - Setting next_dagrun for example_python_decorator to None, run_after=None
[2026-04-09T08:04:48.587+0000] {processor.py:183} INFO - Processing /home/airflow/.local/lib/python3.8/site-packages/airflow/example_dags/example_python_decorator.py took 0.199 seconds
[2026-04-09T08:05:22.152+0000] {processor.py:161} INFO - Started process (PID=152) to work on /home/airflow/.local/lib/python3.8/site-packages/airflow/example_dags/example_python_decorator.py
[2026-04-09T08:05:22.154+0000] {processor.py:830} INFO - Processing file /home/airflow/.local/lib/python3.8/site-packages/airflow/example_dags/example_python_decorator.py for tasks to queue
[2026-04-09T08:05:22.158+0000] {logging_mixin.py:188} INFO - [2026-04-09T08:05:22.158+0000] {dagbag.py:538} INFO - Filling up the DagBag from /home/airflow/.local/lib/python3.8/site-packages/airflow/example_dags/example_python_decorator.py
[2026-04-09T08:05:22.199+0000] {processor.py:840} INFO - DAG(s) 'example_python_decorator' retrieved from /home/airflow/.local/lib/python3.8/site-packages/airflow/example_dags/example_python_decorator.py
[2026-04-09T08:05:22.318+0000] {logging_mixin.py:188} INFO - [2026-04-09T08:05:22.318+0000] {dag.py:3033} INFO - Sync 1 DAGs
[2026-04-09T08:05:22.389+0000] {logging_mixin.py:188} INFO - [2026-04-09T08:05:22.389+0000] {dag.py:3820} INFO - Setting next_dagrun for example_python_decorator to None, run_after=None
[2026-04-09T08:05:22.493+0000] {processor.py:183} INFO - Processing /home/airflow/.local/lib/python3.8/site-packages/airflow/example_dags/example_python_decorator.py took 0.348 seconds
[2026-04-09T08:05:55.319+0000] {processor.py:161} INFO - Started process (PID=212) to work on /home/airflow/.local/lib/python3.8/site-packages/airflow/example_dags/example_python_decorator.py
[2026-04-09T08:05:55.325+0000] {processor.py:830} INFO - Processing file /home/airflow/.local/lib/python3.8/site-packages/airflow/example_dags/example_python_decorator.py for tasks to queue
[2026-04-09T08:05:55.330+0000] {logging_mixin.py:188} INFO - [2026-04-09T08:05:55.330+0000] {dagbag.py:538} INFO - Filling up the DagBag from /home/airflow/.local/lib/python3.8/site-packages/airflow/example_dags/example_python_decorator.py
[2026-04-09T08:05:55.387+0000] {processor.py:840} INFO - DAG(s) 'example_python_decorator' retrieved from /home/airflow/.local/lib/python3.8/site-packages/airflow/example_dags/example_python_decorator.py
[2026-04-09T08:05:55.517+0000] {logging_mixin.py:188} INFO - [2026-04-09T08:05:55.516+0000] {dag.py:3033} INFO - Sync 1 DAGs
[2026-04-09T08:05:55.567+0000] {logging_mixin.py:188} INFO - [2026-04-09T08:05:55.561+0000] {dag.py:3820} INFO - Setting next_dagrun for example_python_decorator to None, run_after=None
[2026-04-09T08:05:55.650+0000] {processor.py:183} INFO - Processing /home/airflow/.local/lib/python3.8/site-packages/airflow/example_dags/example_python_decorator.py took 0.357 seconds
[2026-04-09T08:06:26.374+0000] {processor.py:161} INFO - Started process (PID=273) to work on /home/airflow/.local/lib/python3.8/site-packages/airflow/example_dags/example_python_decorator.py
[2026-04-09T08:06:26.377+0000] {processor.py:830} INFO - Processing file /home/airflow/.local/lib/python3.8/site-packages/airflow/example_dags/example_python_decorator.py for tasks to queue
[2026-04-09T08:06:26.379+0000] {logging_mixin.py:188} INFO - [2026-04-09T08:06:26.379+0000] {dagbag.py:538} INFO - Filling up the DagBag from /home/airflow/.local/lib/python3.8/site-packages/airflow/example_dags/example_python_decorator.py
[2026-04-09T08:06:26.401+0000] {processor.py:840} INFO - DAG(s) 'example_python_decorator' retrieved from /home/airflow/.local/lib/python3.8/site-packages/airflow/example_dags/example_python_decorator.py
[2026-04-09T08:06:26.468+0000] {logging_mixin.py:188} INFO - [2026-04-09T08:06:26.468+0000] {dag.py:3033} INFO - Sync 1 DAGs
[2026-04-09T08:06:26.484+0000] {logging_mixin.py:188} INFO - [2026-04-09T08:06:26.483+0000] {dag.py:3820} INFO - Setting next_dagrun for example_python_decorator to None, run_after=None
[2026-04-09T08:06:26.526+0000] {processor.py:183} INFO - Processing /home/airflow/.local/lib/python3.8/site-packages/airflow/example_dags/example_python_decorator.py took 0.164 seconds
[2026-04-09T08:06:56.593+0000] {processor.py:161} INFO - Started process (PID=334) to work on /home/airflow/.local/lib/python3.8/site-packages/airflow/example_dags/example_python_decorator.py
[2026-04-09T08:06:56.593+0000] {processor.py:830} INFO - Processing file /home/airflow/.local/lib/python3.8/site-packages/airflow/example_dags/example_python_decorator.py for tasks to queue
[2026-04-09T08:06:56.595+0000] {logging_mixin.py:188} INFO - [2026-04-09T08:06:56.595+0000] {dagbag.py:538} INFO - Filling up the DagBag from /home/airflow/.local/lib/python3.8/site-packages/airflow/example_dags/example_python_decorator.py
[2026-04-09T08:06:56.602+0000] {processor.py:840} INFO - DAG(s) 'example_python_decorator' retrieved from /home/airflow/.local/lib/python3.8/site-packages/airflow/example_dags/example_python_decorator.py
[2026-04-09T08:06:56.624+0000] {logging_mixin.py:188} INFO - [2026-04-09T08:06:56.624+0000] {dag.py:3033} INFO - Sync 1 DAGs
[2026-04-09T08:06:56.641+0000] {logging_mixin.py:188} INFO - [2026-04-09T08:06:56.641+0000] {dag.py:3820} INFO - Setting next_dagrun for example_python_decorator to None, run_after=None
[2026-04-09T08:06:56.659+0000] {processor.py:183} INFO - Processing /home/airflow/.local/lib/python3.8/site-packages/airflow/example_dags/example_python_decorator.py took 0.069 seconds
[2026-04-09T08:07:26.704+0000] {processor.py:161} INFO - Started process (PID=396) to work on /home/airflow/.local/lib/python3.8/site-packages/airflow/example_dags/example_python_decorator.py
[2026-04-09T08:07:26.704+0000] {processor.py:830} INFO - Processing file /home/airflow/.local/lib/python3.8/site-packages/airflow/example_dags/example_python_decorator.py for tasks to queue
[2026-04-09T08:07:26.707+0000] {logging_mixin.py:188} INFO - [2026-04-09T08:07:26.706+0000] {dagbag.py:538} INFO - Filling up the DagBag from /home/airflow/.local/lib/python3.8/site-packages/airflow/example_dags/example_python_decorator.py
[2026-04-09T08:07:26.728+0000] {processor.py:840} INFO - DAG(s) 'example_python_decorator' retrieved from /home/airflow/.local/lib/python3.8/site-packages/airflow/example_dags/example_python_decorator.py
[2026-04-09T08:07:26.765+0000] {logging_mixin.py:188} INFO - [2026-04-09T08:07:26.764+0000] {dag.py:3033} INFO - Sync 1 DAGs
[2026-04-09T08:07:26.780+0000] {logging_mixin.py:188} INFO - [2026-04-09T08:07:26.780+0000] {dag.py:3820} INFO - Setting next_dagrun for example_python_decorator to None, run_after=None
[2026-04-09T08:07:26.803+0000] {processor.py:183} INFO - Processing /home/airflow/.local/lib/python3.8/site-packages/airflow/example_dags/example_python_decorator.py took 0.103 seconds
[2026-04-09T08:07:57.142+0000] {processor.py:161} INFO - Started process (PID=457) to work on /home/airflow/.local/lib/python3.8/site-packages/airflow/example_dags/example_python_decorator.py
[2026-04-09T08:07:57.142+0000] {processor.py:830} INFO - Processing file /home/airflow/.local/lib/python3.8/site-packages/airflow/example_dags/example_python_decorator.py for tasks to queue
[2026-04-09T08:07:57.144+0000] {logging_mixin.py:188} INFO - [2026-04-09T08:07:57.144+0000] {dagbag.py:538} INFO - Filling up the DagBag from /home/airflow/.local/lib/python3.8/site-packages/airflow/example_dags/example_python_decorator.py
[2026-04-09T08:07:57.155+0000] {processor.py:840} INFO - DAG(s) 'example_python_decorator' retrieved from /home/airflow/.local/lib/python3.8/site-packages/airflow/example_dags/example_python_decorator.py
[2026-04-09T08:07:57.179+0000] {logging_mixin.py:188} INFO - [2026-04-09T08:07:57.178+0000] {dag.py:3033} INFO - Sync 1 DAGs
[2026-04-09T08:07:57.192+0000] {logging_mixin.py:188} INFO - [2026-04-09T08:07:57.192+0000] {dag.py:3820} INFO - Setting next_dagrun for example_python_decorator to None, run_after=None
[2026-04-09T08:07:57.221+0000] {processor.py:183} INFO - Processing /home/airflow/.local/lib/python3.8/site-packages/airflow/example_dags/example_python_decorator.py took 0.083 seconds
[2026-04-09T08:08:27.252+0000] {processor.py:161} INFO - Started process (PID=518) to work on /home/airflow/.local/lib/python3.8/site-packages/airflow/example_dags/example_python_decorator.py
[2026-04-09T08:08:27.253+0000] {processor.py:830} INFO - Processing file /home/airflow/.local/lib/python3.8/site-packages/airflow/example_dags/example_python_decorator.py for tasks to queue
[2026-04-09T08:08:27.255+0000] {logging_mixin.py:188} INFO - [2026-04-09T08:08:27.255+0000] {dagbag.py:538} INFO - Filling up the DagBag from /home/airflow/.local/lib/python3.8/site-packages/airflow/example_dags/example_python_decorator.py
[2026-04-09T08:08:27.267+0000] {processor.py:840} INFO - DAG(s) 'example_python_decorator' retrieved from /home/airflow/.local/lib/python3.8/site-packages/airflow/example_dags/example_python_decorator.py
[2026-04-09T08:08:27.292+0000] {logging_mixin.py:188} INFO - [2026-04-09T08:08:27.292+0000] {dag.py:3033} INFO - Sync 1 DAGs
[2026-04-09T08:08:27.306+0000] {logging_mixin.py:188} INFO - [2026-04-09T08:08:27.306+0000] {dag.py:3820} INFO - Setting next_dagrun for example_python_decorator to None, run_after=None
[2026-04-09T08:08:27.325+0000] {processor.py:183} INFO - Processing /home/airflow/.local/lib/python3.8/site-packages/airflow/example_dags/example_python_decorator.py took 0.077 seconds
[2026-04-09T08:08:57.651+0000] {processor.py:161} INFO - Started process (PID=579) to work on /home/airflow/.local/lib/python3.8/site-packages/airflow/example_dags/example_python_decorator.py
[2026-04-09T08:08:57.652+0000] {processor.py:830} INFO - Processing file /home/airflow/.local/lib/python3.8/site-packages/airflow/example_dags/example_python_decorator.py for tasks to queue
[2026-04-09T08:08:57.657+0000] {logging_mixin.py:188} INFO - [2026-04-09T08:08:57.656+0000] {dagbag.py:538} INFO - Filling up the DagBag from /home/airflow/.local/lib/python3.8/site-packages/airflow/example_dags/example_python_decorator.py
[2026-04-09T08:08:57.671+0000] {processor.py:840} INFO - DAG(s) 'example_python_decorator' retrieved from /home/airflow/.local/lib/python3.8/site-packages/airflow/example_dags/example_python_decorator.py
[2026-04-09T08:08:57.703+0000] {logging_mixin.py:188} INFO - [2026-04-09T08:08:57.703+0000] {dag.py:3033} INFO - Sync 1 DAGs
[2026-04-09T08:08:57.730+0000] {logging_mixin.py:188} INFO - [2026-04-09T08:08:57.730+0000] {dag.py:3820} INFO - Setting next_dagrun for example_python_decorator to None, run_after=None
[2026-04-09T08:08:57.765+0000] {processor.py:183} INFO - Processing /home/airflow/.local/lib/python3.8/site-packages/airflow/example_dags/example_python_decorator.py took 0.119 seconds
[2026-04-09T08:09:28.080+0000] {processor.py:161} INFO - Started process (PID=640) to work on /home/airflow/.local/lib/python3.8/site-packages/airflow/example_dags/example_python_decorator.py
[2026-04-09T08:09:28.081+0000] {processor.py:830} INFO - Processing file /home/airflow/.local/lib/python3.8/site-packages/airflow/example_dags/example_python_decorator.py for tasks to queue
[2026-04-09T08:09:28.082+0000] {logging_mixin.py:188} INFO - [2026-04-09T08:09:28.082+0000] {dagbag.py:538} INFO - Filling up the DagBag from /home/airflow/.local/lib/python3.8/site-packages/airflow/example_dags/example_python_decorator.py
[2026-04-09T08:09:28.089+0000] {processor.py:840} INFO - DAG(s) 'example_python_decorator' retrieved from /home/airflow/.local/lib/python3.8/site-packages/airflow/example_dags/example_python_decorator.py
[2026-04-09T08:09:28.106+0000] {logging_mixin.py:188} INFO - [2026-04-09T08:09:28.106+0000] {dag.py:3033} INFO - Sync 1 DAGs
[2026-04-09T08:09:28.116+0000] {logging_mixin.py:188} INFO - [2026-04-09T08:09:28.115+0000] {dag.py:3820} INFO - Setting next_dagrun for example_python_decorator to None, run_after=None
[2026-04-09T08:09:28.129+0000] {processor.py:183} INFO - Processing /home/airflow/.local/lib/python3.8/site-packages/airflow/example_dags/example_python_decorator.py took 0.051 seconds
[2026-04-09T08:09:58.539+0000] {processor.py:161} INFO - Started process (PID=701) to work on /home/airflow/.local/lib/python3.8/site-packages/airflow/example_dags/example_python_decorator.py
[2026-04-09T08:09:58.540+0000] {processor.py:830} INFO - Processing file /home/airflow/.local/lib/python3.8/site-packages/airflow/example_dags/example_python_decorator.py for tasks to queue
[2026-04-09T08:09:58.542+0000] {logging_mixin.py:188} INFO - [2026-04-09T08:09:58.542+0000] {dagbag.py:538} INFO - Filling up the DagBag from /home/airflow/.local/lib/python3.8/site-packages/airflow/example_dags/example_python_decorator.py
[2026-04-09T08:09:58.558+0000] {processor.py:840} INFO - DAG(s) 'example_python_decorator' retrieved from /home/airflow/.local/lib/python3.8/site-packages/airflow/example_dags/example_python_decorator.py
[2026-04-09T08:09:58.588+0000] {logging_mixin.py:188} INFO - [2026-04-09T08:09:58.588+0000] {dag.py:3033} INFO - Sync 1 DAGs
[2026-04-09T08:09:58.598+0000] {logging_mixin.py:188} INFO - [2026-04-09T08:09:58.597+0000] {dag.py:3820} INFO - Setting next_dagrun for example_python_decorator to None, run_after=None
[2026-04-09T08:09:58.611+0000] {processor.py:183} INFO - Processing /home/airflow/.local/lib/python3.8/site-packages/airflow/example_dags/example_python_decorator.py took 0.075 seconds
[2026-04-09T08:10:29.629+0000] {processor.py:161} INFO - Started process (PID=762) to work on /home/airflow/.local/lib/python3.8/site-packages/airflow/example_dags/example_python_decorator.py
[2026-04-09T08:10:29.632+0000] {processor.py:830} INFO - Processing file /home/airflow/.local/lib/python3.8/site-packages/airflow/example_dags/example_python_decorator.py for tasks to queue
[2026-04-09T08:10:29.637+0000] {logging_mixin.py:188} INFO - [2026-04-09T08:10:29.636+0000] {dagbag.py:538} INFO - Filling up the DagBag from /home/airflow/.local/lib/python3.8/site-packages/airflow/example_dags/example_python_decorator.py
[2026-04-09T08:10:29.683+0000] {processor.py:840} INFO - DAG(s) 'example_python_decorator' retrieved from /home/airflow/.local/lib/python3.8/site-packages/airflow/example_dags/example_python_decorator.py
[2026-04-09T08:10:29.768+0000] {logging_mixin.py:188} INFO - [2026-04-09T08:10:29.767+0000] {dag.py:3033} INFO - Sync 1 DAGs
[2026-04-09T08:10:29.783+0000] {logging_mixin.py:188} INFO - [2026-04-09T08:10:29.783+0000] {dag.py:3820} INFO - Setting next_dagrun for example_python_decorator to None, run_after=None
[2026-04-09T08:10:29.816+0000] {processor.py:183} INFO - Processing /home/airflow/.local/lib/python3.8/site-packages/airflow/example_dags/example_python_decorator.py took 0.196 seconds
[2026-04-09T08:11:02.417+0000] {processor.py:161} INFO - Started process (PID=827) to work on /home/airflow/.local/lib/python3.8/site-packages/airflow/example_dags/example_python_decorator.py
[2026-04-09T08:11:02.419+0000] {processor.py:830} INFO - Processing file /home/airflow/.local/lib/python3.8/site-packages/airflow/example_dags/example_python_decorator.py for tasks to queue
[2026-04-09T08:11:02.424+0000] {logging_mixin.py:188} INFO - [2026-04-09T08:11:02.424+0000] {dagbag.py:538} INFO - Filling up the DagBag from /home/airflow/.local/lib/python3.8/site-packages/airflow/example_dags/example_python_decorator.py
[2026-04-09T08:11:02.458+0000] {processor.py:840} INFO - DAG(s) 'example_python_decorator' retrieved from /home/airflow/.local/lib/python3.8/site-packages/airflow/example_dags/example_python_decorator.py
[2026-04-09T08:11:02.510+0000] {logging_mixin.py:188} INFO - [2026-04-09T08:11:02.510+0000] {dag.py:3033} INFO - Sync 1 DAGs
[2026-04-09T08:11:02.543+0000] {logging_mixin.py:188} INFO - [2026-04-09T08:11:02.543+0000] {dag.py:3820} INFO - Setting next_dagrun for example_python_decorator to None, run_after=None
[2026-04-09T08:11:02.634+0000] {processor.py:183} INFO - Processing /home/airflow/.local/lib/python3.8/site-packages/airflow/example_dags/example_python_decorator.py took 0.224 seconds
[2026-04-09T08:11:33.071+0000] {processor.py:161} INFO - Started process (PID=888) to work on /home/airflow/.local/lib/python3.8/site-packages/airflow/example_dags/example_python_decorator.py
[2026-04-09T08:11:33.075+0000] {processor.py:830} INFO - Processing file /home/airflow/.local/lib/python3.8/site-packages/airflow/example_dags/example_python_decorator.py for tasks to queue
[2026-04-09T08:11:33.079+0000] {logging_mixin.py:188} INFO - [2026-04-09T08:11:33.079+0000] {dagbag.py:538} INFO - Filling up the DagBag from /home/airflow/.local/lib/python3.8/site-packages/airflow/example_dags/example_python_decorator.py
[2026-04-09T08:11:33.108+0000] {processor.py:840} INFO - DAG(s) 'example_python_decorator' retrieved from /home/airflow/.local/lib/python3.8/site-packages/airflow/example_dags/example_python_decorator.py
[2026-04-09T08:11:33.135+0000] {logging_mixin.py:188} INFO - [2026-04-09T08:11:33.135+0000] {dag.py:3033} INFO - Sync 1 DAGs
[2026-04-09T08:11:33.149+0000] {logging_mixin.py:188} INFO - [2026-04-09T08:11:33.149+0000] {dag.py:3820} INFO - Setting next_dagrun for example_python_decorator to None, run_after=None
[2026-04-09T08:11:33.167+0000] {processor.py:183} INFO - Processing /home/airflow/.local/lib/python3.8/site-packages/airflow/example_dags/example_python_decorator.py took 0.103 seconds
[2026-04-09T08:12:03.798+0000] {processor.py:161} INFO - Started process (PID=949) to work on /home/airflow/.local/lib/python3.8/site-packages/airflow/example_dags/example_python_decorator.py
[2026-04-09T08:12:03.801+0000] {processor.py:830} INFO - Processing file /home/airflow/.local/lib/python3.8/site-packages/airflow/example_dags/example_python_decorator.py for tasks to queue
[2026-04-09T08:12:03.803+0000] {logging_mixin.py:188} INFO - [2026-04-09T08:12:03.803+0000] {dagbag.py:538} INFO - Filling up the DagBag from /home/airflow/.local/lib/python3.8/site-packages/airflow/example_dags/example_python_decorator.py
[2026-04-09T08:12:03.817+0000] {processor.py:840} INFO - DAG(s) 'example_python_decorator' retrieved from /home/airflow/.local/lib/python3.8/site-packages/airflow/example_dags/example_python_decorator.py
[2026-04-09T08:12:03.844+0000] {logging_mixin.py:188} INFO - [2026-04-09T08:12:03.844+0000] {dag.py:3033} INFO - Sync 1 DAGs
[2026-04-09T08:12:03.859+0000] {logging_mixin.py:188} INFO - [2026-04-09T08:12:03.859+0000] {dag.py:3820} INFO - Setting next_dagrun for example_python_decorator to None, run_after=None
[2026-04-09T08:12:03.873+0000] {processor.py:183} INFO - Processing /home/airflow/.local/lib/python3.8/site-packages/airflow/example_dags/example_python_decorator.py took 0.080 seconds
[2026-04-09T08:12:34.025+0000] {processor.py:161} INFO - Started process (PID=1010) to work on /home/airflow/.local/lib/python3.8/site-packages/airflow/example_dags/example_python_decorator.py
[2026-04-09T08:12:34.026+0000] {processor.py:830} INFO - Processing file /home/airflow/.local/lib/python3.8/site-packages/airflow/example_dags/example_python_decorator.py for tasks to queue
[2026-04-09T08:12:34.029+0000] {logging_mixin.py:188} INFO - [2026-04-09T08:12:34.028+0000] {dagbag.py:538} INFO - Filling up the DagBag from /home/airflow/.local/lib/python3.8/site-packages/airflow/example_dags/example_python_decorator.py
[2026-04-09T08:12:34.040+0000] {processor.py:840} INFO - DAG(s) 'example_python_decorator' retrieved from /home/airflow/.local/lib/python3.8/site-packages/airflow/example_dags/example_python_decorator.py
[2026-04-09T08:12:34.063+0000] {logging_mixin.py:188} INFO - [2026-04-09T08:12:34.063+0000] {dag.py:3033} INFO - Sync 1 DAGs
[2026-04-09T08:12:34.077+0000] {logging_mixin.py:188} INFO - [2026-04-09T08:12:34.077+0000] {dag.py:3820} INFO - Setting next_dagrun for example_python_decorator to None, run_after=None
[2026-04-09T08:12:34.112+0000] {processor.py:183} INFO - Processing /home/airflow/.local/lib/python3.8/site-packages/airflow/example_dags/example_python_decorator.py took 0.091 seconds
[2026-04-09T08:13:04.427+0000] {processor.py:161} INFO - Started process (PID=1071) to work on /home/airflow/.local/lib/python3.8/site-packages/airflow/example_dags/example_python_decorator.py
[2026-04-09T08:13:04.428+0000] {processor.py:830} INFO - Processing file /home/airflow/.local/lib/python3.8/site-packages/airflow/example_dags/example_python_decorator.py for tasks to queue
[2026-04-09T08:13:04.430+0000] {logging_mixin.py:188} INFO - [2026-04-09T08:13:04.430+0000] {dagbag.py:538} INFO - Filling up the DagBag from /home/airflow/.local/lib/python3.8/site-packages/airflow/example_dags/example_python_decorator.py
[2026-04-09T08:13:04.442+0000] {processor.py:840} INFO - DAG(s) 'example_python_decorator' retrieved from /home/airflow/.local/lib/python3.8/site-packages/airflow/example_dags/example_python_decorator.py
[2026-04-09T08:13:04.465+0000] {logging_mixin.py:188} INFO - [2026-04-09T08:13:04.465+0000] {dag.py:3033} INFO - Sync 1 DAGs
[2026-04-09T08:13:04.478+0000] {logging_mixin.py:188} INFO - [2026-04-09T08:13:04.478+0000] {dag.py:3820} INFO - Setting next_dagrun for example_python_decorator to None, run_after=None
[2026-04-09T08:13:04.496+0000] {processor.py:183} INFO - Processing /home/airflow/.local/lib/python3.8/site-packages/airflow/example_dags/example_python_decorator.py took 0.073 seconds
[2026-04-09T08:13:35.736+0000] {processor.py:161} INFO - Started process (PID=1133) to work on /home/airflow/.local/lib/python3.8/site-packages/airflow/example_dags/example_python_decorator.py
[2026-04-09T08:13:35.737+0000] {processor.py:830} INFO - Processing file /home/airflow/.local/lib/python3.8/site-packages/airflow/example_dags/example_python_decorator.py for tasks to queue
[2026-04-09T08:13:35.740+0000] {logging_mixin.py:188} INFO - [2026-04-09T08:13:35.739+0000] {dagbag.py:538} INFO - Filling up the DagBag from /home/airflow/.local/lib/python3.8/site-packages/airflow/example_dags/example_python_decorator.py
[2026-04-09T08:13:35.751+0000] {processor.py:840} INFO - DAG(s) 'example_python_decorator' retrieved from /home/airflow/.local/lib/python3.8/site-packages/airflow/example_dags/example_python_decorator.py
[2026-04-09T08:13:35.774+0000] {logging_mixin.py:188} INFO - [2026-04-09T08:13:35.774+0000] {dag.py:3033} INFO - Sync 1 DAGs
[2026-04-09T08:13:35.795+0000] {logging_mixin.py:188} INFO - [2026-04-09T08:13:35.795+0000] {dag.py:3820} INFO - Setting next_dagrun for example_python_decorator to None, run_after=None
[2026-04-09T08:13:35.967+0000] {processor.py:183} INFO - Processing /home/airflow/.local/lib/python3.8/site-packages/airflow/example_dags/example_python_decorator.py took 0.235 seconds
[2026-04-09T08:14:06.512+0000] {processor.py:161} INFO - Started process (PID=1194) to work on /home/airflow/.local/lib/python3.8/site-packages/airflow/example_dags/example_python_decorator.py
[2026-04-09T08:14:06.513+0000] {processor.py:830} INFO - Processing file /home/airflow/.local/lib/python3.8/site-packages/airflow/example_dags/example_python_decorator.py for tasks to queue
[2026-04-09T08:14:06.516+0000] {logging_mixin.py:188} INFO - [2026-04-09T08:14:06.515+0000] {dagbag.py:538} INFO - Filling up the DagBag from /home/airflow/.local/lib/python3.8/site-packages/airflow/example_dags/example_python_decorator.py
[2026-04-09T08:14:06.527+0000] {processor.py:840} INFO - DAG(s) 'example_python_decorator' retrieved from /home/airflow/.local/lib/python3.8/site-packages/airflow/example_dags/example_python_decorator.py
[2026-04-09T08:14:06.763+0000] {logging_mixin.py:188} INFO - [2026-04-09T08:14:06.763+0000] {dag.py:3033} INFO - Sync 1 DAGs
[2026-04-09T08:14:06.788+0000] {logging_mixin.py:188} INFO - [2026-04-09T08:14:06.787+0000] {dag.py:3820} INFO - Setting next_dagrun for example_python_decorator to None, run_after=None
[2026-04-09T08:14:06.823+0000] {processor.py:183} INFO - Processing /home/airflow/.local/lib/python3.8/site-packages/airflow/example_dags/example_python_decorator.py took 0.321 seconds
[2026-04-09T08:14:37.117+0000] {processor.py:161} INFO - Started process (PID=1255) to work on /home/airflow/.local/lib/python3.8/site-packages/airflow/example_dags/example_python_decorator.py
[2026-04-09T08:14:37.122+0000] {processor.py:830} INFO - Processing file /home/airflow/.local/lib/python3.8/site-packages/airflow/example_dags/example_python_decorator.py for tasks to queue
[2026-04-09T08:14:37.133+0000] {logging_mixin.py:188} INFO - [2026-04-09T08:14:37.132+0000] {dagbag.py:538} INFO - Filling up the DagBag from /home/airflow/.local/lib/python3.8/site-packages/airflow/example_dags/example_python_decorator.py
[2026-04-09T08:14:37.298+0000] {processor.py:840} INFO - DAG(s) 'example_python_decorator' retrieved from /home/airflow/.local/lib/python3.8/site-packages/airflow/example_dags/example_python_decorator.py
[2026-04-09T08:14:37.563+0000] {logging_mixin.py:188} INFO - [2026-04-09T08:14:37.563+0000] {dag.py:3033} INFO - Sync 1 DAGs
[2026-04-09T08:14:37.576+0000] {logging_mixin.py:188} INFO - [2026-04-09T08:14:37.576+0000] {dag.py:3820} INFO - Setting next_dagrun for example_python_decorator to None, run_after=None
[2026-04-09T08:14:37.596+0000] {processor.py:183} INFO - Processing /home/airflow/.local/lib/python3.8/site-packages/airflow/example_dags/example_python_decorator.py took 0.490 seconds
[2026-04-09T08:15:08.543+0000] {processor.py:161} INFO - Started process (PID=1316) to work on /home/airflow/.local/lib/python3.8/site-packages/airflow/example_dags/example_python_decorator.py
[2026-04-09T08:15:08.544+0000] {processor.py:830} INFO - Processing file /home/airflow/.local/lib/python3.8/site-packages/airflow/example_dags/example_python_decorator.py for tasks to queue
[2026-04-09T08:15:08.548+0000] {logging_mixin.py:188} INFO - [2026-04-09T08:15:08.548+0000] {dagbag.py:538} INFO - Filling up the DagBag from /home/airflow/.local/lib/python3.8/site-packages/airflow/example_dags/example_python_decorator.py
[2026-04-09T08:15:08.565+0000] {processor.py:840} INFO - DAG(s) 'example_python_decorator' retrieved from /home/airflow/.local/lib/python3.8/site-packages/airflow/example_dags/example_python_decorator.py
[2026-04-09T08:15:08.599+0000] {logging_mixin.py:188} INFO - [2026-04-09T08:15:08.599+0000] {dag.py:3033} INFO - Sync 1 DAGs
[2026-04-09T08:15:08.614+0000] {logging_mixin.py:188} INFO - [2026-04-09T08:15:08.613+0000] {dag.py:3820} INFO - Setting next_dagrun for example_python_decorator to None, run_after=None
[2026-04-09T08:15:08.635+0000] {processor.py:183} INFO - Processing /home/airflow/.local/lib/python3.8/site-packages/airflow/example_dags/example_python_decorator.py took 0.097 seconds
[2026-04-09T08:15:38.736+0000] {processor.py:161} INFO - Started process (PID=1377) to work on /home/airflow/.local/lib/python3.8/site-packages/airflow/example_dags/example_python_decorator.py
[2026-04-09T08:15:38.737+0000] {processor.py:830} INFO - Processing file /home/airflow/.local/lib/python3.8/site-packages/airflow/example_dags/example_python_decorator.py for tasks to queue
[2026-04-09T08:15:38.739+0000] {logging_mixin.py:188} INFO - [2026-04-09T08:15:38.739+0000] {dagbag.py:538} INFO - Filling up the DagBag from /home/airflow/.local/lib/python3.8/site-packages/airflow/example_dags/example_python_decorator.py
[2026-04-09T08:15:38.746+0000] {processor.py:840} INFO - DAG(s) 'example_python_decorator' retrieved from /home/airflow/.local/lib/python3.8/site-packages/airflow/example_dags/example_python_decorator.py
[2026-04-09T08:15:38.765+0000] {logging_mixin.py:188} INFO - [2026-04-09T08:15:38.765+0000] {dag.py:3033} INFO - Sync 1 DAGs
[2026-04-09T08:15:38.775+0000] {logging_mixin.py:188} INFO - [2026-04-09T08:15:38.775+0000] {dag.py:3820} INFO - Setting next_dagrun for example_python_decorator to None, run_after=None
[2026-04-09T08:15:38.793+0000] {processor.py:183} INFO - Processing /home/airflow/.local/lib/python3.8/site-packages/airflow/example_dags/example_python_decorator.py took 0.059 seconds
[2026-04-09T08:16:09.537+0000] {processor.py:161} INFO - Started process (PID=1438) to work on /home/airflow/.local/lib/python3.8/site-packages/airflow/example_dags/example_python_decorator.py
[2026-04-09T08:16:09.538+0000] {processor.py:830} INFO - Processing file /home/airflow/.local/lib/python3.8/site-packages/airflow/example_dags/example_python_decorator.py for tasks to queue
[2026-04-09T08:16:09.540+0000] {logging_mixin.py:188} INFO - [2026-04-09T08:16:09.540+0000] {dagbag.py:538} INFO - Filling up the DagBag from /home/airflow/.local/lib/python3.8/site-packages/airflow/example_dags/example_python_decorator.py
[2026-04-09T08:16:09.574+0000] {processor.py:840} INFO - DAG(s) 'example_python_decorator' retrieved from /home/airflow/.local/lib/python3.8/site-packages/airflow/example_dags/example_python_decorator.py
[2026-04-09T08:16:09.617+0000] {logging_mixin.py:188} INFO - [2026-04-09T08:16:09.616+0000] {dag.py:3033} INFO - Sync 1 DAGs
[2026-04-09T08:16:09.634+0000] {logging_mixin.py:188} INFO - [2026-04-09T08:16:09.634+0000] {dag.py:3820} INFO - Setting next_dagrun for example_python_decorator to None, run_after=None
[2026-04-09T08:16:09.666+0000] {processor.py:183} INFO - Processing /home/airflow/.local/lib/python3.8/site-packages/airflow/example_dags/example_python_decorator.py took 0.132 seconds
[2026-04-09T08:16:40.124+0000] {processor.py:161} INFO - Started process (PID=1499) to work on /home/airflow/.local/lib/python3.8/site-packages/airflow/example_dags/example_python_decorator.py
[2026-04-09T08:16:40.125+0000] {processor.py:830} INFO - Processing file /home/airflow/.local/lib/python3.8/site-packages/airflow/example_dags/example_python_decorator.py for tasks to queue
[2026-04-09T08:16:40.127+0000] {logging_mixin.py:188} INFO - [2026-04-09T08:16:40.127+0000] {dagbag.py:538} INFO - Filling up the DagBag from /home/airflow/.local/lib/python3.8/site-packages/airflow/example_dags/example_python_decorator.py
[2026-04-09T08:16:40.138+0000] {processor.py:840} INFO - DAG(s) 'example_python_decorator' retrieved from /home/airflow/.local/lib/python3.8/site-packages/airflow/example_dags/example_python_decorator.py
[2026-04-09T08:16:40.164+0000] {logging_mixin.py:188} INFO - [2026-04-09T08:16:40.164+0000] {dag.py:3033} INFO - Sync 1 DAGs
[2026-04-09T08:16:40.179+0000] {logging_mixin.py:188} INFO - [2026-04-09T08:16:40.179+0000] {dag.py:3820} INFO - Setting next_dagrun for example_python_decorator to None, run_after=None
[2026-04-09T08:16:40.200+0000] {processor.py:183} INFO - Processing /home/airflow/.local/lib/python3.8/site-packages/airflow/example_dags/example_python_decorator.py took 0.080 seconds
[2026-04-09T08:17:10.797+0000] {processor.py:161} INFO - Started process (PID=1560) to work on /home/airflow/.local/lib/python3.8/site-packages/airflow/example_dags/example_python_decorator.py
[2026-04-09T08:17:10.797+0000] {processor.py:830} INFO - Processing file /home/airflow/.local/lib/python3.8/site-packages/airflow/example_dags/example_python_decorator.py for tasks to queue
[2026-04-09T08:17:10.800+0000] {logging_mixin.py:188} INFO - [2026-04-09T08:17:10.799+0000] {dagbag.py:538} INFO - Filling up the DagBag from /home/airflow/.local/lib/python3.8/site-packages/airflow/example_dags/example_python_decorator.py
[2026-04-09T08:17:10.811+0000] {processor.py:840} INFO - DAG(s) 'example_python_decorator' retrieved from /home/airflow/.local/lib/python3.8/site-packages/airflow/example_dags/example_python_decorator.py
[2026-04-09T08:17:10.837+0000] {logging_mixin.py:188} INFO - [2026-04-09T08:17:10.837+0000] {dag.py:3033} INFO - Sync 1 DAGs
[2026-04-09T08:17:10.852+0000] {logging_mixin.py:188} INFO - [2026-04-09T08:17:10.851+0000] {dag.py:3820} INFO - Setting next_dagrun for example_python_decorator to None, run_after=None
[2026-04-09T08:17:10.883+0000] {processor.py:183} INFO - Processing /home/airflow/.local/lib/python3.8/site-packages/airflow/example_dags/example_python_decorator.py took 0.089 seconds
[2026-04-09T08:17:41.386+0000] {processor.py:161} INFO - Started process (PID=1621) to work on /home/airflow/.local/lib/python3.8/site-packages/airflow/example_dags/example_python_decorator.py
[2026-04-09T08:17:41.388+0000] {processor.py:830} INFO - Processing file /home/airflow/.local/lib/python3.8/site-packages/airflow/example_dags/example_python_decorator.py for tasks to queue
[2026-04-09T08:17:41.393+0000] {logging_mixin.py:188} INFO - [2026-04-09T08:17:41.393+0000] {dagbag.py:538} INFO - Filling up the DagBag from /home/airflow/.local/lib/python3.8/site-packages/airflow/example_dags/example_python_decorator.py
[2026-04-09T08:17:41.403+0000] {processor.py:840} INFO - DAG(s) 'example_python_decorator' retrieved from /home/airflow/.local/lib/python3.8/site-packages/airflow/example_dags/example_python_decorator.py
[2026-04-09T08:17:41.454+0000] {logging_mixin.py:188} INFO - [2026-04-09T08:17:41.453+0000] {dag.py:3033} INFO - Sync 1 DAGs
[2026-04-09T08:17:41.505+0000] {logging_mixin.py:188} INFO - [2026-04-09T08:17:41.505+0000] {dag.py:3820} INFO - Setting next_dagrun for example_python_decorator to None, run_after=None
[2026-04-09T08:17:41.578+0000] {processor.py:183} INFO - Processing /home/airflow/.local/lib/python3.8/site-packages/airflow/example_dags/example_python_decorator.py took 0.199 seconds
[2026-04-09T08:18:12.266+0000] {processor.py:161} INFO - Started process (PID=1682) to work on /home/airflow/.local/lib/python3.8/site-packages/airflow/example_dags/example_python_decorator.py
[2026-04-09T08:18:12.267+0000] {processor.py:830} INFO - Processing file /home/airflow/.local/lib/python3.8/site-packages/airflow/example_dags/example_python_decorator.py for tasks to queue
[2026-04-09T08:18:12.269+0000] {logging_mixin.py:188} INFO - [2026-04-09T08:18:12.269+0000] {dagbag.py:538} INFO - Filling up the DagBag from /home/airflow/.local/lib/python3.8/site-packages/airflow/example_dags/example_python_decorator.py
[2026-04-09T08:18:12.280+0000] {processor.py:840} INFO - DAG(s) 'example_python_decorator' retrieved from /home/airflow/.local/lib/python3.8/site-packages/airflow/example_dags/example_python_decorator.py
[2026-04-09T08:18:12.309+0000] {logging_mixin.py:188} INFO - [2026-04-09T08:18:12.309+0000] {dag.py:3033} INFO - Sync 1 DAGs
[2026-04-09T08:18:12.324+0000] {logging_mixin.py:188} INFO - [2026-04-09T08:18:12.324+0000] {dag.py:3820} INFO - Setting next_dagrun for example_python_decorator to None, run_after=None
[2026-04-09T08:18:12.345+0000] {processor.py:183} INFO - Processing /home/airflow/.local/lib/python3.8/site-packages/airflow/example_dags/example_python_decorator.py took 0.082 seconds
[2026-04-09T08:18:43.084+0000] {processor.py:161} INFO - Started process (PID=1743) to work on /home/airflow/.local/lib/python3.8/site-packages/airflow/example_dags/example_python_decorator.py
[2026-04-09T08:18:43.084+0000] {processor.py:830} INFO - Processing file /home/airflow/.local/lib/python3.8/site-packages/airflow/example_dags/example_python_decorator.py for tasks to queue
[2026-04-09T08:18:43.087+0000] {logging_mixin.py:188} INFO - [2026-04-09T08:18:43.086+0000] {dagbag.py:538} INFO - Filling up the DagBag from /home/airflow/.local/lib/python3.8/site-packages/airflow/example_dags/example_python_decorator.py
[2026-04-09T08:18:43.098+0000] {processor.py:840} INFO - DAG(s) 'example_python_decorator' retrieved from /home/airflow/.local/lib/python3.8/site-packages/airflow/example_dags/example_python_decorator.py
[2026-04-09T08:18:43.127+0000] {logging_mixin.py:188} INFO - [2026-04-09T08:18:43.127+0000] {dag.py:3033} INFO - Sync 1 DAGs
[2026-04-09T08:18:43.142+0000] {logging_mixin.py:188} INFO - [2026-04-09T08:18:43.141+0000] {dag.py:3820} INFO - Setting next_dagrun for example_python_decorator to None, run_after=None
[2026-04-09T08:18:43.162+0000] {processor.py:183} INFO - Processing /home/airflow/.local/lib/python3.8/site-packages/airflow/example_dags/example_python_decorator.py took 0.082 seconds
[2026-04-09T08:19:13.205+0000] {processor.py:161} INFO - Started process (PID=1804) to work on /home/airflow/.local/lib/python3.8/site-packages/airflow/example_dags/example_python_decorator.py
[2026-04-09T08:19:13.206+0000] {processor.py:830} INFO - Processing file /home/airflow/.local/lib/python3.8/site-packages/airflow/example_dags/example_python_decorator.py for tasks to queue
[2026-04-09T08:19:13.209+0000] {logging_mixin.py:188} INFO - [2026-04-09T08:19:13.208+0000] {dagbag.py:538} INFO - Filling up the DagBag from /home/airflow/.local/lib/python3.8/site-packages/airflow/example_dags/example_python_decorator.py
[2026-04-09T08:19:13.220+0000] {processor.py:840} INFO - DAG(s) 'example_python_decorator' retrieved from /home/airflow/.local/lib/python3.8/site-packages/airflow/example_dags/example_python_decorator.py
[2026-04-09T08:19:13.287+0000] {logging_mixin.py:188} INFO - [2026-04-09T08:19:13.287+0000] {dag.py:3033} INFO - Sync 1 DAGs
[2026-04-09T08:19:13.330+0000] {logging_mixin.py:188} INFO - [2026-04-09T08:19:13.330+0000] {dag.py:3820} INFO - Setting next_dagrun for example_python_decorator to None, run_after=None
[2026-04-09T08:19:13.400+0000] {processor.py:183} INFO - Processing /home/airflow/.local/lib/python3.8/site-packages/airflow/example_dags/example_python_decorator.py took 0.198 seconds
[2026-04-09T08:19:43.453+0000] {processor.py:161} INFO - Started process (PID=1865) to work on /home/airflow/.local/lib/python3.8/site-packages/airflow/example_dags/example_python_decorator.py
[2026-04-09T08:19:43.454+0000] {processor.py:830} INFO - Processing file /home/airflow/.local/lib/python3.8/site-packages/airflow/example_dags/example_python_decorator.py for tasks to queue
[2026-04-09T08:19:43.456+0000] {logging_mixin.py:188} INFO - [2026-04-09T08:19:43.455+0000] {dagbag.py:538} INFO - Filling up the DagBag from /home/airflow/.local/lib/python3.8/site-packages/airflow/example_dags/example_python_decorator.py
[2026-04-09T08:19:43.463+0000] {processor.py:840} INFO - DAG(s) 'example_python_decorator' retrieved from /home/airflow/.local/lib/python3.8/site-packages/airflow/example_dags/example_python_decorator.py
[2026-04-09T08:19:43.481+0000] {logging_mixin.py:188} INFO - [2026-04-09T08:19:43.481+0000] {dag.py:3033} INFO - Sync 1 DAGs
[2026-04-09T08:19:43.492+0000] {logging_mixin.py:188} INFO - [2026-04-09T08:19:43.492+0000] {dag.py:3820} INFO - Setting next_dagrun for example_python_decorator to None, run_after=None
[2026-04-09T08:19:43.512+0000] {processor.py:183} INFO - Processing /home/airflow/.local/lib/python3.8/site-packages/airflow/example_dags/example_python_decorator.py took 0.062 seconds
[2026-04-09T08:20:13.967+0000] {processor.py:161} INFO - Started process (PID=1927) to work on /home/airflow/.local/lib/python3.8/site-packages/airflow/example_dags/example_python_decorator.py
[2026-04-09T08:20:13.968+0000] {processor.py:830} INFO - Processing file /home/airflow/.local/lib/python3.8/site-packages/airflow/example_dags/example_python_decorator.py for tasks to queue
[2026-04-09T08:20:13.970+0000] {logging_mixin.py:188} INFO - [2026-04-09T08:20:13.970+0000] {dagbag.py:538} INFO - Filling up the DagBag from /home/airflow/.local/lib/python3.8/site-packages/airflow/example_dags/example_python_decorator.py
[2026-04-09T08:20:13.981+0000] {processor.py:840} INFO - DAG(s) 'example_python_decorator' retrieved from /home/airflow/.local/lib/python3.8/site-packages/airflow/example_dags/example_python_decorator.py
[2026-04-09T08:20:14.008+0000] {logging_mixin.py:188} INFO - [2026-04-09T08:20:14.007+0000] {dag.py:3033} INFO - Sync 1 DAGs
[2026-04-09T08:20:14.022+0000] {logging_mixin.py:188} INFO - [2026-04-09T08:20:14.022+0000] {dag.py:3820} INFO - Setting next_dagrun for example_python_decorator to None, run_after=None
[2026-04-09T08:20:14.042+0000] {processor.py:183} INFO - Processing /home/airflow/.local/lib/python3.8/site-packages/airflow/example_dags/example_python_decorator.py took 0.079 seconds
[2026-04-09T08:20:45.895+0000] {processor.py:161} INFO - Started process (PID=1988) to work on /home/airflow/.local/lib/python3.8/site-packages/airflow/example_dags/example_python_decorator.py
[2026-04-09T08:20:45.896+0000] {processor.py:830} INFO - Processing file /home/airflow/.local/lib/python3.8/site-packages/airflow/example_dags/example_python_decorator.py for tasks to queue
[2026-04-09T08:20:45.898+0000] {logging_mixin.py:188} INFO - [2026-04-09T08:20:45.898+0000] {dagbag.py:538} INFO - Filling up the DagBag from /home/airflow/.local/lib/python3.8/site-packages/airflow/example_dags/example_python_decorator.py
[2026-04-09T08:20:45.916+0000] {processor.py:840} INFO - DAG(s) 'example_python_decorator' retrieved from /home/airflow/.local/lib/python3.8/site-packages/airflow/example_dags/example_python_decorator.py
[2026-04-09T08:20:45.957+0000] {logging_mixin.py:188} INFO - [2026-04-09T08:20:45.956+0000] {dag.py:3033} INFO - Sync 1 DAGs
[2026-04-09T08:20:46.000+0000] {logging_mixin.py:188} INFO - [2026-04-09T08:20:46.000+0000] {dag.py:3820} INFO - Setting next_dagrun for example_python_decorator to None, run_after=None
[2026-04-09T08:20:46.035+0000] {processor.py:183} INFO - Processing /home/airflow/.local/lib/python3.8/site-packages/airflow/example_dags/example_python_decorator.py took 0.146 seconds
[2026-04-09T08:21:16.381+0000] {processor.py:161} INFO - Started process (PID=2048) to work on /home/airflow/.local/lib/python3.8/site-packages/airflow/example_dags/example_python_decorator.py
[2026-04-09T08:21:16.382+0000] {processor.py:830} INFO - Processing file /home/airflow/.local/lib/python3.8/site-packages/airflow/example_dags/example_python_decorator.py for tasks to queue
[2026-04-09T08:21:16.384+0000] {logging_mixin.py:188} INFO - [2026-04-09T08:21:16.384+0000] {dagbag.py:538} INFO - Filling up the DagBag from /home/airflow/.local/lib/python3.8/site-packages/airflow/example_dags/example_python_decorator.py
[2026-04-09T08:21:16.396+0000] {processor.py:840} INFO - DAG(s) 'example_python_decorator' retrieved from /home/airflow/.local/lib/python3.8/site-packages/airflow/example_dags/example_python_decorator.py
[2026-04-09T08:21:16.417+0000] {logging_mixin.py:188} INFO - [2026-04-09T08:21:16.417+0000] {dag.py:3033} INFO - Sync 1 DAGs
[2026-04-09T08:21:16.455+0000] {logging_mixin.py:188} INFO - [2026-04-09T08:21:16.455+0000] {dag.py:3820} INFO - Setting next_dagrun for example_python_decorator to None, run_after=None
[2026-04-09T08:21:16.485+0000] {processor.py:183} INFO - Processing /home/airflow/.local/lib/python3.8/site-packages/airflow/example_dags/example_python_decorator.py took 0.109 seconds
[2026-04-09T08:21:47.535+0000] {processor.py:161} INFO - Started process (PID=2109) to work on /home/airflow/.local/lib/python3.8/site-packages/airflow/example_dags/example_python_decorator.py
[2026-04-09T08:21:47.536+0000] {processor.py:830} INFO - Processing file /home/airflow/.local/lib/python3.8/site-packages/airflow/example_dags/example_python_decorator.py for tasks to queue
[2026-04-09T08:21:47.538+0000] {logging_mixin.py:188} INFO - [2026-04-09T08:21:47.538+0000] {dagbag.py:538} INFO - Filling up the DagBag from /home/airflow/.local/lib/python3.8/site-packages/airflow/example_dags/example_python_decorator.py
[2026-04-09T08:21:47.549+0000] {processor.py:840} INFO - DAG(s) 'example_python_decorator' retrieved from /home/airflow/.local/lib/python3.8/site-packages/airflow/example_dags/example_python_decorator.py
[2026-04-09T08:21:47.677+0000] {logging_mixin.py:188} INFO - [2026-04-09T08:21:47.677+0000] {dag.py:3033} INFO - Sync 1 DAGs
[2026-04-09T08:21:47.730+0000] {logging_mixin.py:188} INFO - [2026-04-09T08:21:47.730+0000] {dag.py:3820} INFO - Setting next_dagrun for example_python_decorator to None, run_after=None
[2026-04-09T08:21:47.795+0000] {processor.py:183} INFO - Processing /home/airflow/.local/lib/python3.8/site-packages/airflow/example_dags/example_python_decorator.py took 0.264 seconds
[2026-04-09T08:22:18.195+0000] {processor.py:161} INFO - Started process (PID=2170) to work on /home/airflow/.local/lib/python3.8/site-packages/airflow/example_dags/example_python_decorator.py
[2026-04-09T08:22:18.197+0000] {processor.py:830} INFO - Processing file /home/airflow/.local/lib/python3.8/site-packages/airflow/example_dags/example_python_decorator.py for tasks to queue
[2026-04-09T08:22:18.200+0000] {logging_mixin.py:188} INFO - [2026-04-09T08:22:18.200+0000] {dagbag.py:538} INFO - Filling up the DagBag from /home/airflow/.local/lib/python3.8/site-packages/airflow/example_dags/example_python_decorator.py
[2026-04-09T08:22:18.212+0000] {processor.py:840} INFO - DAG(s) 'example_python_decorator' retrieved from /home/airflow/.local/lib/python3.8/site-packages/airflow/example_dags/example_python_decorator.py
[2026-04-09T08:22:18.236+0000] {logging_mixin.py:188} INFO - [2026-04-09T08:22:18.236+0000] {dag.py:3033} INFO - Sync 1 DAGs
[2026-04-09T08:22:18.249+0000] {logging_mixin.py:188} INFO - [2026-04-09T08:22:18.248+0000] {dag.py:3820} INFO - Setting next_dagrun for example_python_decorator to None, run_after=None
[2026-04-09T08:22:18.263+0000] {processor.py:183} INFO - Processing /home/airflow/.local/lib/python3.8/site-packages/airflow/example_dags/example_python_decorator.py took 0.072 seconds
[2026-04-09T08:22:48.947+0000] {processor.py:161} INFO - Started process (PID=2231) to work on /home/airflow/.local/lib/python3.8/site-packages/airflow/example_dags/example_python_decorator.py
[2026-04-09T08:22:48.947+0000] {processor.py:830} INFO - Processing file /home/airflow/.local/lib/python3.8/site-packages/airflow/example_dags/example_python_decorator.py for tasks to queue
[2026-04-09T08:22:48.949+0000] {logging_mixin.py:188} INFO - [2026-04-09T08:22:48.949+0000] {dagbag.py:538} INFO - Filling up the DagBag from /home/airflow/.local/lib/python3.8/site-packages/airflow/example_dags/example_python_decorator.py
[2026-04-09T08:22:48.963+0000] {processor.py:840} INFO - DAG(s) 'example_python_decorator' retrieved from /home/airflow/.local/lib/python3.8/site-packages/airflow/example_dags/example_python_decorator.py
[2026-04-09T08:22:48.982+0000] {logging_mixin.py:188} INFO - [2026-04-09T08:22:48.982+0000] {dag.py:3033} INFO - Sync 1 DAGs
[2026-04-09T08:22:49.002+0000] {logging_mixin.py:188} INFO - [2026-04-09T08:22:49.002+0000] {dag.py:3820} INFO - Setting next_dagrun for example_python_decorator to None, run_after=None
[2026-04-09T08:22:49.016+0000] {processor.py:183} INFO - Processing /home/airflow/.local/lib/python3.8/site-packages/airflow/example_dags/example_python_decorator.py took 0.072 seconds
[2026-04-09T08:23:19.537+0000] {processor.py:161} INFO - Started process (PID=2293) to work on /home/airflow/.local/lib/python3.8/site-packages/airflow/example_dags/example_python_decorator.py
[2026-04-09T08:23:19.538+0000] {processor.py:830} INFO - Processing file /home/airflow/.local/lib/python3.8/site-packages/airflow/example_dags/example_python_decorator.py for tasks to queue
[2026-04-09T08:23:19.540+0000] {logging_mixin.py:188} INFO - [2026-04-09T08:23:19.540+0000] {dagbag.py:538} INFO - Filling up the DagBag from /home/airflow/.local/lib/python3.8/site-packages/airflow/example_dags/example_python_decorator.py
[2026-04-09T08:23:19.551+0000] {processor.py:840} INFO - DAG(s) 'example_python_decorator' retrieved from /home/airflow/.local/lib/python3.8/site-packages/airflow/example_dags/example_python_decorator.py
[2026-04-09T08:23:19.576+0000] {logging_mixin.py:188} INFO - [2026-04-09T08:23:19.576+0000] {dag.py:3033} INFO - Sync 1 DAGs
[2026-04-09T08:23:19.587+0000] {logging_mixin.py:188} INFO - [2026-04-09T08:23:19.587+0000] {dag.py:3820} INFO - Setting next_dagrun for example_python_decorator to None, run_after=None
[2026-04-09T08:23:19.600+0000] {processor.py:183} INFO - Processing /home/airflow/.local/lib/python3.8/site-packages/airflow/example_dags/example_python_decorator.py took 0.066 seconds
[2026-04-09T08:23:50.374+0000] {processor.py:161} INFO - Started process (PID=2354) to work on /home/airflow/.local/lib/python3.8/site-packages/airflow/example_dags/example_python_decorator.py
[2026-04-09T08:23:50.376+0000] {processor.py:830} INFO - Processing file /home/airflow/.local/lib/python3.8/site-packages/airflow/example_dags/example_python_decorator.py for tasks to queue
[2026-04-09T08:23:50.378+0000] {logging_mixin.py:188} INFO - [2026-04-09T08:23:50.378+0000] {dagbag.py:538} INFO - Filling up the DagBag from /home/airflow/.local/lib/python3.8/site-packages/airflow/example_dags/example_python_decorator.py
[2026-04-09T08:23:50.390+0000] {processor.py:840} INFO - DAG(s) 'example_python_decorator' retrieved from /home/airflow/.local/lib/python3.8/site-packages/airflow/example_dags/example_python_decorator.py
[2026-04-09T08:23:50.417+0000] {logging_mixin.py:188} INFO - [2026-04-09T08:23:50.416+0000] {dag.py:3033} INFO - Sync 1 DAGs
[2026-04-09T08:23:50.426+0000] {logging_mixin.py:188} INFO - [2026-04-09T08:23:50.426+0000] {dag.py:3820} INFO - Setting next_dagrun for example_python_decorator to None, run_after=None
[2026-04-09T08:23:50.441+0000] {processor.py:183} INFO - Processing /home/airflow/.local/lib/python3.8/site-packages/airflow/example_dags/example_python_decorator.py took 0.072 seconds
[2026-04-09T08:24:20.840+0000] {processor.py:161} INFO - Started process (PID=2415) to work on /home/airflow/.local/lib/python3.8/site-packages/airflow/example_dags/example_python_decorator.py
[2026-04-09T08:24:20.841+0000] {processor.py:830} INFO - Processing file /home/airflow/.local/lib/python3.8/site-packages/airflow/example_dags/example_python_decorator.py for tasks to queue
[2026-04-09T08:24:20.843+0000] {logging_mixin.py:188} INFO - [2026-04-09T08:24:20.843+0000] {dagbag.py:538} INFO - Filling up the DagBag from /home/airflow/.local/lib/python3.8/site-packages/airflow/example_dags/example_python_decorator.py
[2026-04-09T08:24:20.854+0000] {processor.py:840} INFO - DAG(s) 'example_python_decorator' retrieved from /home/airflow/.local/lib/python3.8/site-packages/airflow/example_dags/example_python_decorator.py
[2026-04-09T08:24:20.897+0000] {logging_mixin.py:188} INFO - [2026-04-09T08:24:20.896+0000] {dag.py:3033} INFO - Sync 1 DAGs
[2026-04-09T08:24:20.914+0000] {logging_mixin.py:188} INFO - [2026-04-09T08:24:20.914+0000] {dag.py:3820} INFO - Setting next_dagrun for example_python_decorator to None, run_after=None
[2026-04-09T08:24:20.932+0000] {processor.py:183} INFO - Processing /home/airflow/.local/lib/python3.8/site-packages/airflow/example_dags/example_python_decorator.py took 0.095 seconds
[2026-04-09T08:24:53.829+0000] {processor.py:161} INFO - Started process (PID=2476) to work on /home/airflow/.local/lib/python3.8/site-packages/airflow/example_dags/example_python_decorator.py
[2026-04-09T08:24:53.829+0000] {processor.py:830} INFO - Processing file /home/airflow/.local/lib/python3.8/site-packages/airflow/example_dags/example_python_decorator.py for tasks to queue
[2026-04-09T08:24:53.832+0000] {logging_mixin.py:188} INFO - [2026-04-09T08:24:53.831+0000] {dagbag.py:538} INFO - Filling up the DagBag from /home/airflow/.local/lib/python3.8/site-packages/airflow/example_dags/example_python_decorator.py
[2026-04-09T08:24:53.842+0000] {processor.py:840} INFO - DAG(s) 'example_python_decorator' retrieved from /home/airflow/.local/lib/python3.8/site-packages/airflow/example_dags/example_python_decorator.py
[2026-04-09T08:24:53.868+0000] {logging_mixin.py:188} INFO - [2026-04-09T08:24:53.868+0000] {dag.py:3033} INFO - Sync 1 DAGs
[2026-04-09T08:24:53.886+0000] {logging_mixin.py:188} INFO - [2026-04-09T08:24:53.883+0000] {dag.py:3820} INFO - Setting next_dagrun for example_python_decorator to None, run_after=None
[2026-04-09T08:24:53.924+0000] {processor.py:183} INFO - Processing /home/airflow/.local/lib/python3.8/site-packages/airflow/example_dags/example_python_decorator.py took 0.099 seconds
[2026-04-09T08:25:24.541+0000] {processor.py:161} INFO - Started process (PID=2537) to work on /home/airflow/.local/lib/python3.8/site-packages/airflow/example_dags/example_python_decorator.py
[2026-04-09T08:25:24.542+0000] {processor.py:830} INFO - Processing file /home/airflow/.local/lib/python3.8/site-packages/airflow/example_dags/example_python_decorator.py for tasks to queue
[2026-04-09T08:25:24.544+0000] {logging_mixin.py:188} INFO - [2026-04-09T08:25:24.544+0000] {dagbag.py:538} INFO - Filling up the DagBag from /home/airflow/.local/lib/python3.8/site-packages/airflow/example_dags/example_python_decorator.py
[2026-04-09T08:25:24.555+0000] {processor.py:840} INFO - DAG(s) 'example_python_decorator' retrieved from /home/airflow/.local/lib/python3.8/site-packages/airflow/example_dags/example_python_decorator.py
[2026-04-09T08:25:24.579+0000] {logging_mixin.py:188} INFO - [2026-04-09T08:25:24.578+0000] {dag.py:3033} INFO - Sync 1 DAGs
[2026-04-09T08:25:24.592+0000] {logging_mixin.py:188} INFO - [2026-04-09T08:25:24.592+0000] {dag.py:3820} INFO - Setting next_dagrun for example_python_decorator to None, run_after=None
[2026-04-09T08:25:24.611+0000] {processor.py:183} INFO - Processing /home/airflow/.local/lib/python3.8/site-packages/airflow/example_dags/example_python_decorator.py took 0.073 seconds
[2026-04-09T08:25:54.749+0000] {processor.py:161} INFO - Started process (PID=2598) to work on /home/airflow/.local/lib/python3.8/site-packages/airflow/example_dags/example_python_decorator.py
[2026-04-09T08:25:54.749+0000] {processor.py:830} INFO - Processing file /home/airflow/.local/lib/python3.8/site-packages/airflow/example_dags/example_python_decorator.py for tasks to queue
[2026-04-09T08:25:54.752+0000] {logging_mixin.py:188} INFO - [2026-04-09T08:25:54.751+0000] {dagbag.py:538} INFO - Filling up the DagBag from /home/airflow/.local/lib/python3.8/site-packages/airflow/example_dags/example_python_decorator.py
[2026-04-09T08:25:54.768+0000] {processor.py:840} INFO - DAG(s) 'example_python_decorator' retrieved from /home/airflow/.local/lib/python3.8/site-packages/airflow/example_dags/example_python_decorator.py
[2026-04-09T08:25:54.797+0000] {logging_mixin.py:188} INFO - [2026-04-09T08:25:54.797+0000] {dag.py:3033} INFO - Sync 1 DAGs
[2026-04-09T08:25:54.826+0000] {logging_mixin.py:188} INFO - [2026-04-09T08:25:54.825+0000] {dag.py:3820} INFO - Setting next_dagrun for example_python_decorator to None, run_after=None
[2026-04-09T08:25:54.883+0000] {processor.py:183} INFO - Processing /home/airflow/.local/lib/python3.8/site-packages/airflow/example_dags/example_python_decorator.py took 0.138 seconds
[2026-04-09T08:26:25.774+0000] {processor.py:161} INFO - Started process (PID=2659) to work on /home/airflow/.local/lib/python3.8/site-packages/airflow/example_dags/example_python_decorator.py
[2026-04-09T08:26:25.787+0000] {processor.py:830} INFO - Processing file /home/airflow/.local/lib/python3.8/site-packages/airflow/example_dags/example_python_decorator.py for tasks to queue
[2026-04-09T08:26:25.791+0000] {logging_mixin.py:188} INFO - [2026-04-09T08:26:25.791+0000] {dagbag.py:538} INFO - Filling up the DagBag from /home/airflow/.local/lib/python3.8/site-packages/airflow/example_dags/example_python_decorator.py
[2026-04-09T08:26:25.813+0000] {processor.py:840} INFO - DAG(s) 'example_python_decorator' retrieved from /home/airflow/.local/lib/python3.8/site-packages/airflow/example_dags/example_python_decorator.py
[2026-04-09T08:26:25.852+0000] {logging_mixin.py:188} INFO - [2026-04-09T08:26:25.852+0000] {dag.py:3033} INFO - Sync 1 DAGs
[2026-04-09T08:26:25.889+0000] {logging_mixin.py:188} INFO - [2026-04-09T08:26:25.889+0000] {dag.py:3820} INFO - Setting next_dagrun for example_python_decorator to None, run_after=None
[2026-04-09T08:26:25.927+0000] {processor.py:183} INFO - Processing /home/airflow/.local/lib/python3.8/site-packages/airflow/example_dags/example_python_decorator.py took 0.174 seconds
[2026-04-09T08:26:56.006+0000] {processor.py:161} INFO - Started process (PID=2719) to work on /home/airflow/.local/lib/python3.8/site-packages/airflow/example_dags/example_python_decorator.py
[2026-04-09T08:26:56.007+0000] {processor.py:830} INFO - Processing file /home/airflow/.local/lib/python3.8/site-packages/airflow/example_dags/example_python_decorator.py for tasks to queue
[2026-04-09T08:26:56.010+0000] {logging_mixin.py:188} INFO - [2026-04-09T08:26:56.009+0000] {dagbag.py:538} INFO - Filling up the DagBag from /home/airflow/.local/lib/python3.8/site-packages/airflow/example_dags/example_python_decorator.py
[2026-04-09T08:26:56.021+0000] {processor.py:840} INFO - DAG(s) 'example_python_decorator' retrieved from /home/airflow/.local/lib/python3.8/site-packages/airflow/example_dags/example_python_decorator.py
[2026-04-09T08:26:56.047+0000] {logging_mixin.py:188} INFO - [2026-04-09T08:26:56.047+0000] {dag.py:3033} INFO - Sync 1 DAGs
[2026-04-09T08:26:56.074+0000] {logging_mixin.py:188} INFO - [2026-04-09T08:26:56.073+0000] {dag.py:3820} INFO - Setting next_dagrun for example_python_decorator to None, run_after=None
[2026-04-09T08:26:56.096+0000] {processor.py:183} INFO - Processing /home/airflow/.local/lib/python3.8/site-packages/airflow/example_dags/example_python_decorator.py took 0.093 seconds
[2026-04-09T08:27:26.730+0000] {processor.py:161} INFO - Started process (PID=2781) to work on /home/airflow/.local/lib/python3.8/site-packages/airflow/example_dags/example_python_decorator.py
[2026-04-09T08:27:26.731+0000] {processor.py:830} INFO - Processing file /home/airflow/.local/lib/python3.8/site-packages/airflow/example_dags/example_python_decorator.py for tasks to queue
[2026-04-09T08:27:26.733+0000] {logging_mixin.py:188} INFO - [2026-04-09T08:27:26.733+0000] {dagbag.py:538} INFO - Filling up the DagBag from /home/airflow/.local/lib/python3.8/site-packages/airflow/example_dags/example_python_decorator.py
[2026-04-09T08:27:26.744+0000] {processor.py:840} INFO - DAG(s) 'example_python_decorator' retrieved from /home/airflow/.local/lib/python3.8/site-packages/airflow/example_dags/example_python_decorator.py
[2026-04-09T08:27:26.769+0000] {logging_mixin.py:188} INFO - [2026-04-09T08:27:26.769+0000] {dag.py:3033} INFO - Sync 1 DAGs
[2026-04-09T08:27:26.786+0000] {logging_mixin.py:188} INFO - [2026-04-09T08:27:26.785+0000] {dag.py:3820} INFO - Setting next_dagrun for example_python_decorator to None, run_after=None
[2026-04-09T08:27:26.799+0000] {processor.py:183} INFO - Processing /home/airflow/.local/lib/python3.8/site-packages/airflow/example_dags/example_python_decorator.py took 0.073 seconds
[2026-04-09T08:27:56.913+0000] {processor.py:161} INFO - Started process (PID=2842) to work on /home/airflow/.local/lib/python3.8/site-packages/airflow/example_dags/example_python_decorator.py
[2026-04-09T08:27:56.914+0000] {processor.py:830} INFO - Processing file /home/airflow/.local/lib/python3.8/site-packages/airflow/example_dags/example_python_decorator.py for tasks to queue
[2026-04-09T08:27:56.916+0000] {logging_mixin.py:188} INFO - [2026-04-09T08:27:56.916+0000] {dagbag.py:538} INFO - Filling up the DagBag from /home/airflow/.local/lib/python3.8/site-packages/airflow/example_dags/example_python_decorator.py
[2026-04-09T08:27:56.927+0000] {processor.py:840} INFO - DAG(s) 'example_python_decorator' retrieved from /home/airflow/.local/lib/python3.8/site-packages/airflow/example_dags/example_python_decorator.py
[2026-04-09T08:27:56.951+0000] {logging_mixin.py:188} INFO - [2026-04-09T08:27:56.951+0000] {dag.py:3033} INFO - Sync 1 DAGs
[2026-04-09T08:27:56.964+0000] {logging_mixin.py:188} INFO - [2026-04-09T08:27:56.964+0000] {dag.py:3820} INFO - Setting next_dagrun for example_python_decorator to None, run_after=None
[2026-04-09T08:27:56.977+0000] {processor.py:183} INFO - Processing /home/airflow/.local/lib/python3.8/site-packages/airflow/example_dags/example_python_decorator.py took 0.067 seconds
[2026-04-09T08:28:27.726+0000] {processor.py:161} INFO - Started process (PID=2903) to work on /home/airflow/.local/lib/python3.8/site-packages/airflow/example_dags/example_python_decorator.py
[2026-04-09T08:28:27.727+0000] {processor.py:830} INFO - Processing file /home/airflow/.local/lib/python3.8/site-packages/airflow/example_dags/example_python_decorator.py for tasks to queue
[2026-04-09T08:28:27.729+0000] {logging_mixin.py:188} INFO - [2026-04-09T08:28:27.729+0000] {dagbag.py:538} INFO - Filling up the DagBag from /home/airflow/.local/lib/python3.8/site-packages/airflow/example_dags/example_python_decorator.py
[2026-04-09T08:28:27.740+0000] {processor.py:840} INFO - DAG(s) 'example_python_decorator' retrieved from /home/airflow/.local/lib/python3.8/site-packages/airflow/example_dags/example_python_decorator.py
[2026-04-09T08:28:27.768+0000] {logging_mixin.py:188} INFO - [2026-04-09T08:28:27.768+0000] {dag.py:3033} INFO - Sync 1 DAGs
[2026-04-09T08:28:27.778+0000] {logging_mixin.py:188} INFO - [2026-04-09T08:28:27.778+0000] {dag.py:3820} INFO - Setting next_dagrun for example_python_decorator to None, run_after=None
[2026-04-09T08:28:27.791+0000] {processor.py:183} INFO - Processing /home/airflow/.local/lib/python3.8/site-packages/airflow/example_dags/example_python_decorator.py took 0.069 seconds
[2026-04-09T08:28:58.600+0000] {processor.py:161} INFO - Started process (PID=2964) to work on /home/airflow/.local/lib/python3.8/site-packages/airflow/example_dags/example_python_decorator.py
[2026-04-09T08:28:58.601+0000] {processor.py:830} INFO - Processing file /home/airflow/.local/lib/python3.8/site-packages/airflow/example_dags/example_python_decorator.py for tasks to queue
[2026-04-09T08:28:58.603+0000] {logging_mixin.py:188} INFO - [2026-04-09T08:28:58.603+0000] {dagbag.py:538} INFO - Filling up the DagBag from /home/airflow/.local/lib/python3.8/site-packages/airflow/example_dags/example_python_decorator.py
[2026-04-09T08:28:58.615+0000] {processor.py:840} INFO - DAG(s) 'example_python_decorator' retrieved from /home/airflow/.local/lib/python3.8/site-packages/airflow/example_dags/example_python_decorator.py
[2026-04-09T08:28:58.637+0000] {logging_mixin.py:188} INFO - [2026-04-09T08:28:58.637+0000] {dag.py:3033} INFO - Sync 1 DAGs
[2026-04-09T08:28:58.651+0000] {logging_mixin.py:188} INFO - [2026-04-09T08:28:58.651+0000] {dag.py:3820} INFO - Setting next_dagrun for example_python_decorator to None, run_after=None
[2026-04-09T08:28:58.667+0000] {processor.py:183} INFO - Processing /home/airflow/.local/lib/python3.8/site-packages/airflow/example_dags/example_python_decorator.py took 0.070 seconds
[2026-04-09T08:29:29.271+0000] {processor.py:161} INFO - Started process (PID=3025) to work on /home/airflow/.local/lib/python3.8/site-packages/airflow/example_dags/example_python_decorator.py
[2026-04-09T08:29:29.272+0000] {processor.py:830} INFO - Processing file /home/airflow/.local/lib/python3.8/site-packages/airflow/example_dags/example_python_decorator.py for tasks to queue
[2026-04-09T08:29:29.274+0000] {logging_mixin.py:188} INFO - [2026-04-09T08:29:29.274+0000] {dagbag.py:538} INFO - Filling up the DagBag from /home/airflow/.local/lib/python3.8/site-packages/airflow/example_dags/example_python_decorator.py
[2026-04-09T08:29:29.294+0000] {processor.py:840} INFO - DAG(s) 'example_python_decorator' retrieved from /home/airflow/.local/lib/python3.8/site-packages/airflow/example_dags/example_python_decorator.py
[2026-04-09T08:29:29.315+0000] {logging_mixin.py:188} INFO - [2026-04-09T08:29:29.315+0000] {dag.py:3033} INFO - Sync 1 DAGs
[2026-04-09T08:29:29.327+0000] {logging_mixin.py:188} INFO - [2026-04-09T08:29:29.327+0000] {dag.py:3820} INFO - Setting next_dagrun for example_python_decorator to None, run_after=None
[2026-04-09T08:29:29.345+0000] {processor.py:183} INFO - Processing /home/airflow/.local/lib/python3.8/site-packages/airflow/example_dags/example_python_decorator.py took 0.078 seconds
[2026-04-09T08:29:59.931+0000] {processor.py:161} INFO - Started process (PID=3085) to work on /home/airflow/.local/lib/python3.8/site-packages/airflow/example_dags/example_python_decorator.py
[2026-04-09T08:29:59.932+0000] {processor.py:830} INFO - Processing file /home/airflow/.local/lib/python3.8/site-packages/airflow/example_dags/example_python_decorator.py for tasks to queue
[2026-04-09T08:29:59.935+0000] {logging_mixin.py:188} INFO - [2026-04-09T08:29:59.934+0000] {dagbag.py:538} INFO - Filling up the DagBag from /home/airflow/.local/lib/python3.8/site-packages/airflow/example_dags/example_python_decorator.py
[2026-04-09T08:29:59.946+0000] {processor.py:840} INFO - DAG(s) 'example_python_decorator' retrieved from /home/airflow/.local/lib/python3.8/site-packages/airflow/example_dags/example_python_decorator.py
[2026-04-09T08:29:59.969+0000] {logging_mixin.py:188} INFO - [2026-04-09T08:29:59.969+0000] {dag.py:3033} INFO - Sync 1 DAGs
[2026-04-09T08:29:59.986+0000] {logging_mixin.py:188} INFO - [2026-04-09T08:29:59.986+0000] {dag.py:3820} INFO - Setting next_dagrun for example_python_decorator to None, run_after=None
[2026-04-09T08:30:00.009+0000] {processor.py:183} INFO - Processing /home/airflow/.local/lib/python3.8/site-packages/airflow/example_dags/example_python_decorator.py took 0.082 seconds
[2026-04-09T08:30:30.277+0000] {processor.py:161} INFO - Started process (PID=3146) to work on /home/airflow/.local/lib/python3.8/site-packages/airflow/example_dags/example_python_decorator.py
[2026-04-09T08:30:30.278+0000] {processor.py:830} INFO - Processing file /home/airflow/.local/lib/python3.8/site-packages/airflow/example_dags/example_python_decorator.py for tasks to queue
[2026-04-09T08:30:30.281+0000] {logging_mixin.py:188} INFO - [2026-04-09T08:30:30.280+0000] {dagbag.py:538} INFO - Filling up the DagBag from /home/airflow/.local/lib/python3.8/site-packages/airflow/example_dags/example_python_decorator.py
[2026-04-09T08:30:30.293+0000] {processor.py:840} INFO - DAG(s) 'example_python_decorator' retrieved from /home/airflow/.local/lib/python3.8/site-packages/airflow/example_dags/example_python_decorator.py
[2026-04-09T08:30:30.323+0000] {logging_mixin.py:188} INFO - [2026-04-09T08:30:30.323+0000] {dag.py:3033} INFO - Sync 1 DAGs
[2026-04-09T08:30:30.337+0000] {logging_mixin.py:188} INFO - [2026-04-09T08:30:30.337+0000] {dag.py:3820} INFO - Setting next_dagrun for example_python_decorator to None, run_after=None
[2026-04-09T08:30:30.359+0000] {processor.py:183} INFO - Processing /home/airflow/.local/lib/python3.8/site-packages/airflow/example_dags/example_python_decorator.py took 0.091 seconds
[2026-04-09T08:31:00.866+0000] {processor.py:161} INFO - Started process (PID=3207) to work on /home/airflow/.local/lib/python3.8/site-packages/airflow/example_dags/example_python_decorator.py
[2026-04-09T08:31:00.870+0000] {processor.py:830} INFO - Processing file /home/airflow/.local/lib/python3.8/site-packages/airflow/example_dags/example_python_decorator.py for tasks to queue
[2026-04-09T08:31:00.876+0000] {logging_mixin.py:188} INFO - [2026-04-09T08:31:00.876+0000] {dagbag.py:538} INFO - Filling up the DagBag from /home/airflow/.local/lib/python3.8/site-packages/airflow/example_dags/example_python_decorator.py
[2026-04-09T08:31:00.904+0000] {processor.py:840} INFO - DAG(s) 'example_python_decorator' retrieved from /home/airflow/.local/lib/python3.8/site-packages/airflow/example_dags/example_python_decorator.py
[2026-04-09T08:31:00.951+0000] {logging_mixin.py:188} INFO - [2026-04-09T08:31:00.951+0000] {dag.py:3033} INFO - Sync 1 DAGs
[2026-04-09T08:31:00.965+0000] {logging_mixin.py:188} INFO - [2026-04-09T08:31:00.965+0000] {dag.py:3820} INFO - Setting next_dagrun for example_python_decorator to None, run_after=None
[2026-04-09T08:31:00.986+0000] {processor.py:183} INFO - Processing /home/airflow/.local/lib/python3.8/site-packages/airflow/example_dags/example_python_decorator.py took 0.132 seconds
[2026-04-09T08:31:31.053+0000] {processor.py:161} INFO - Started process (PID=3268) to work on /home/airflow/.local/lib/python3.8/site-packages/airflow/example_dags/example_python_decorator.py
[2026-04-09T08:31:31.053+0000] {processor.py:830} INFO - Processing file /home/airflow/.local/lib/python3.8/site-packages/airflow/example_dags/example_python_decorator.py for tasks to queue
[2026-04-09T08:31:31.055+0000] {logging_mixin.py:188} INFO - [2026-04-09T08:31:31.055+0000] {dagbag.py:538} INFO - Filling up the DagBag from /home/airflow/.local/lib/python3.8/site-packages/airflow/example_dags/example_python_decorator.py
[2026-04-09T08:31:31.063+0000] {processor.py:840} INFO - DAG(s) 'example_python_decorator' retrieved from /home/airflow/.local/lib/python3.8/site-packages/airflow/example_dags/example_python_decorator.py
[2026-04-09T08:31:31.081+0000] {logging_mixin.py:188} INFO - [2026-04-09T08:31:31.080+0000] {dag.py:3033} INFO - Sync 1 DAGs
[2026-04-09T08:31:31.090+0000] {logging_mixin.py:188} INFO - [2026-04-09T08:31:31.090+0000] {dag.py:3820} INFO - Setting next_dagrun for example_python_decorator to None, run_after=None
[2026-04-09T08:31:31.104+0000] {processor.py:183} INFO - Processing /home/airflow/.local/lib/python3.8/site-packages/airflow/example_dags/example_python_decorator.py took 0.054 seconds
[2026-04-09T08:32:02.340+0000] {processor.py:161} INFO - Started process (PID=3329) to work on /home/airflow/.local/lib/python3.8/site-packages/airflow/example_dags/example_python_decorator.py
[2026-04-09T08:32:02.353+0000] {processor.py:830} INFO - Processing file /home/airflow/.local/lib/python3.8/site-packages/airflow/example_dags/example_python_decorator.py for tasks to queue
[2026-04-09T08:32:02.362+0000] {logging_mixin.py:188} INFO - [2026-04-09T08:32:02.361+0000] {dagbag.py:538} INFO - Filling up the DagBag from /home/airflow/.local/lib/python3.8/site-packages/airflow/example_dags/example_python_decorator.py
[2026-04-09T08:32:02.419+0000] {processor.py:840} INFO - DAG(s) 'example_python_decorator' retrieved from /home/airflow/.local/lib/python3.8/site-packages/airflow/example_dags/example_python_decorator.py
[2026-04-09T08:32:02.486+0000] {logging_mixin.py:188} INFO - [2026-04-09T08:32:02.484+0000] {dag.py:3033} INFO - Sync 1 DAGs
[2026-04-09T08:32:02.520+0000] {logging_mixin.py:188} INFO - [2026-04-09T08:32:02.520+0000] {dag.py:3820} INFO - Setting next_dagrun for example_python_decorator to None, run_after=None
[2026-04-09T08:32:02.576+0000] {processor.py:183} INFO - Processing /home/airflow/.local/lib/python3.8/site-packages/airflow/example_dags/example_python_decorator.py took 0.246 seconds
[2026-04-09T08:32:33.469+0000] {processor.py:161} INFO - Started process (PID=3391) to work on /home/airflow/.local/lib/python3.8/site-packages/airflow/example_dags/example_python_decorator.py
[2026-04-09T08:32:33.471+0000] {processor.py:830} INFO - Processing file /home/airflow/.local/lib/python3.8/site-packages/airflow/example_dags/example_python_decorator.py for tasks to queue
[2026-04-09T08:32:33.473+0000] {logging_mixin.py:188} INFO - [2026-04-09T08:32:33.473+0000] {dagbag.py:538} INFO - Filling up the DagBag from /home/airflow/.local/lib/python3.8/site-packages/airflow/example_dags/example_python_decorator.py
[2026-04-09T08:32:33.485+0000] {processor.py:840} INFO - DAG(s) 'example_python_decorator' retrieved from /home/airflow/.local/lib/python3.8/site-packages/airflow/example_dags/example_python_decorator.py
[2026-04-09T08:32:33.511+0000] {logging_mixin.py:188} INFO - [2026-04-09T08:32:33.510+0000] {dag.py:3033} INFO - Sync 1 DAGs
[2026-04-09T08:32:33.532+0000] {logging_mixin.py:188} INFO - [2026-04-09T08:32:33.531+0000] {dag.py:3820} INFO - Setting next_dagrun for example_python_decorator to None, run_after=None
[2026-04-09T08:32:33.565+0000] {processor.py:183} INFO - Processing /home/airflow/.local/lib/python3.8/site-packages/airflow/example_dags/example_python_decorator.py took 0.100 seconds
[2026-04-09T08:33:04.184+0000] {processor.py:161} INFO - Started process (PID=3452) to work on /home/airflow/.local/lib/python3.8/site-packages/airflow/example_dags/example_python_decorator.py
[2026-04-09T08:33:04.185+0000] {processor.py:830} INFO - Processing file /home/airflow/.local/lib/python3.8/site-packages/airflow/example_dags/example_python_decorator.py for tasks to queue
[2026-04-09T08:33:04.188+0000] {logging_mixin.py:188} INFO - [2026-04-09T08:33:04.187+0000] {dagbag.py:538} INFO - Filling up the DagBag from /home/airflow/.local/lib/python3.8/site-packages/airflow/example_dags/example_python_decorator.py
[2026-04-09T08:33:04.209+0000] {processor.py:840} INFO - DAG(s) 'example_python_decorator' retrieved from /home/airflow/.local/lib/python3.8/site-packages/airflow/example_dags/example_python_decorator.py
[2026-04-09T08:33:04.258+0000] {logging_mixin.py:188} INFO - [2026-04-09T08:33:04.258+0000] {dag.py:3033} INFO - Sync 1 DAGs
[2026-04-09T08:33:04.275+0000] {logging_mixin.py:188} INFO - [2026-04-09T08:33:04.274+0000] {dag.py:3820} INFO - Setting next_dagrun for example_python_decorator to None, run_after=None
[2026-04-09T08:33:04.335+0000] {processor.py:183} INFO - Processing /home/airflow/.local/lib/python3.8/site-packages/airflow/example_dags/example_python_decorator.py took 0.163 seconds
[2026-04-09T08:33:34.441+0000] {processor.py:161} INFO - Started process (PID=3513) to work on /home/airflow/.local/lib/python3.8/site-packages/airflow/example_dags/example_python_decorator.py
[2026-04-09T08:33:34.442+0000] {processor.py:830} INFO - Processing file /home/airflow/.local/lib/python3.8/site-packages/airflow/example_dags/example_python_decorator.py for tasks to queue
[2026-04-09T08:33:34.444+0000] {logging_mixin.py:188} INFO - [2026-04-09T08:33:34.444+0000] {dagbag.py:538} INFO - Filling up the DagBag from /home/airflow/.local/lib/python3.8/site-packages/airflow/example_dags/example_python_decorator.py
[2026-04-09T08:33:34.456+0000] {processor.py:840} INFO - DAG(s) 'example_python_decorator' retrieved from /home/airflow/.local/lib/python3.8/site-packages/airflow/example_dags/example_python_decorator.py
[2026-04-09T08:33:34.497+0000] {logging_mixin.py:188} INFO - [2026-04-09T08:33:34.497+0000] {dag.py:3033} INFO - Sync 1 DAGs
[2026-04-09T08:33:34.511+0000] {logging_mixin.py:188} INFO - [2026-04-09T08:33:34.511+0000] {dag.py:3820} INFO - Setting next_dagrun for example_python_decorator to None, run_after=None
[2026-04-09T08:33:34.528+0000] {processor.py:183} INFO - Processing /home/airflow/.local/lib/python3.8/site-packages/airflow/example_dags/example_python_decorator.py took 0.090 seconds
[2026-04-09T08:34:05.666+0000] {processor.py:161} INFO - Started process (PID=3574) to work on /home/airflow/.local/lib/python3.8/site-packages/airflow/example_dags/example_python_decorator.py
[2026-04-09T08:34:05.674+0000] {processor.py:830} INFO - Processing file /home/airflow/.local/lib/python3.8/site-packages/airflow/example_dags/example_python_decorator.py for tasks to queue
[2026-04-09T08:34:05.683+0000] {logging_mixin.py:188} INFO - [2026-04-09T08:34:05.683+0000] {dagbag.py:538} INFO - Filling up the DagBag from /home/airflow/.local/lib/python3.8/site-packages/airflow/example_dags/example_python_decorator.py
[2026-04-09T08:34:05.703+0000] {processor.py:840} INFO - DAG(s) 'example_python_decorator' retrieved from /home/airflow/.local/lib/python3.8/site-packages/airflow/example_dags/example_python_decorator.py
[2026-04-09T08:34:05.753+0000] {logging_mixin.py:188} INFO - [2026-04-09T08:34:05.752+0000] {dag.py:3033} INFO - Sync 1 DAGs
[2026-04-09T08:34:05.779+0000] {logging_mixin.py:188} INFO - [2026-04-09T08:34:05.779+0000] {dag.py:3820} INFO - Setting next_dagrun for example_python_decorator to None, run_after=None
[2026-04-09T08:34:05.804+0000] {processor.py:183} INFO - Processing /home/airflow/.local/lib/python3.8/site-packages/airflow/example_dags/example_python_decorator.py took 0.147 seconds
[2026-04-09T08:34:36.370+0000] {processor.py:161} INFO - Started process (PID=3635) to work on /home/airflow/.local/lib/python3.8/site-packages/airflow/example_dags/example_python_decorator.py
[2026-04-09T08:34:36.371+0000] {processor.py:830} INFO - Processing file /home/airflow/.local/lib/python3.8/site-packages/airflow/example_dags/example_python_decorator.py for tasks to queue
[2026-04-09T08:34:36.373+0000] {logging_mixin.py:188} INFO - [2026-04-09T08:34:36.373+0000] {dagbag.py:538} INFO - Filling up the DagBag from /home/airflow/.local/lib/python3.8/site-packages/airflow/example_dags/example_python_decorator.py
[2026-04-09T08:34:36.385+0000] {processor.py:840} INFO - DAG(s) 'example_python_decorator' retrieved from /home/airflow/.local/lib/python3.8/site-packages/airflow/example_dags/example_python_decorator.py
[2026-04-09T08:34:36.410+0000] {logging_mixin.py:188} INFO - [2026-04-09T08:34:36.410+0000] {dag.py:3033} INFO - Sync 1 DAGs
[2026-04-09T08:34:36.427+0000] {logging_mixin.py:188} INFO - [2026-04-09T08:34:36.427+0000] {dag.py:3820} INFO - Setting next_dagrun for example_python_decorator to None, run_after=None
[2026-04-09T08:34:36.458+0000] {processor.py:183} INFO - Processing /home/airflow/.local/lib/python3.8/site-packages/airflow/example_dags/example_python_decorator.py took 0.091 seconds
[2026-04-09T08:35:06.704+0000] {processor.py:161} INFO - Started process (PID=3696) to work on /home/airflow/.local/lib/python3.8/site-packages/airflow/example_dags/example_python_decorator.py
[2026-04-09T08:35:06.706+0000] {processor.py:830} INFO - Processing file /home/airflow/.local/lib/python3.8/site-packages/airflow/example_dags/example_python_decorator.py for tasks to queue
[2026-04-09T08:35:06.708+0000] {logging_mixin.py:188} INFO - [2026-04-09T08:35:06.707+0000] {dagbag.py:538} INFO - Filling up the DagBag from /home/airflow/.local/lib/python3.8/site-packages/airflow/example_dags/example_python_decorator.py
[2026-04-09T08:35:06.716+0000] {processor.py:840} INFO - DAG(s) 'example_python_decorator' retrieved from /home/airflow/.local/lib/python3.8/site-packages/airflow/example_dags/example_python_decorator.py
[2026-04-09T08:35:06.738+0000] {logging_mixin.py:188} INFO - [2026-04-09T08:35:06.738+0000] {dag.py:3033} INFO - Sync 1 DAGs
[2026-04-09T08:35:06.751+0000] {logging_mixin.py:188} INFO - [2026-04-09T08:35:06.751+0000] {dag.py:3820} INFO - Setting next_dagrun for example_python_decorator to None, run_after=None
[2026-04-09T08:35:06.767+0000] {processor.py:183} INFO - Processing /home/airflow/.local/lib/python3.8/site-packages/airflow/example_dags/example_python_decorator.py took 0.067 seconds
[2026-04-09T08:35:37.189+0000] {processor.py:161} INFO - Started process (PID=3757) to work on /home/airflow/.local/lib/python3.8/site-packages/airflow/example_dags/example_python_decorator.py
[2026-04-09T08:35:37.191+0000] {processor.py:830} INFO - Processing file /home/airflow/.local/lib/python3.8/site-packages/airflow/example_dags/example_python_decorator.py for tasks to queue
[2026-04-09T08:35:37.193+0000] {logging_mixin.py:188} INFO - [2026-04-09T08:35:37.192+0000] {dagbag.py:538} INFO - Filling up the DagBag from /home/airflow/.local/lib/python3.8/site-packages/airflow/example_dags/example_python_decorator.py
[2026-04-09T08:35:37.201+0000] {processor.py:840} INFO - DAG(s) 'example_python_decorator' retrieved from /home/airflow/.local/lib/python3.8/site-packages/airflow/example_dags/example_python_decorator.py
[2026-04-09T08:35:37.234+0000] {logging_mixin.py:188} INFO - [2026-04-09T08:35:37.234+0000] {dag.py:3033} INFO - Sync 1 DAGs
[2026-04-09T08:35:37.249+0000] {logging_mixin.py:188} INFO - [2026-04-09T08:35:37.248+0000] {dag.py:3820} INFO - Setting next_dagrun for example_python_decorator to None, run_after=None
[2026-04-09T08:35:37.266+0000] {processor.py:183} INFO - Processing /home/airflow/.local/lib/python3.8/site-packages/airflow/example_dags/example_python_decorator.py took 0.080 seconds
[2026-04-09T08:36:08.251+0000] {processor.py:161} INFO - Started process (PID=3818) to work on /home/airflow/.local/lib/python3.8/site-packages/airflow/example_dags/example_python_decorator.py
[2026-04-09T08:36:08.255+0000] {processor.py:830} INFO - Processing file /home/airflow/.local/lib/python3.8/site-packages/airflow/example_dags/example_python_decorator.py for tasks to queue
[2026-04-09T08:36:08.258+0000] {logging_mixin.py:188} INFO - [2026-04-09T08:36:08.257+0000] {dagbag.py:538} INFO - Filling up the DagBag from /home/airflow/.local/lib/python3.8/site-packages/airflow/example_dags/example_python_decorator.py
[2026-04-09T08:36:08.273+0000] {processor.py:840} INFO - DAG(s) 'example_python_decorator' retrieved from /home/airflow/.local/lib/python3.8/site-packages/airflow/example_dags/example_python_decorator.py
[2026-04-09T08:36:08.305+0000] {logging_mixin.py:188} INFO - [2026-04-09T08:36:08.305+0000] {dag.py:3033} INFO - Sync 1 DAGs
[2026-04-09T08:36:08.323+0000] {logging_mixin.py:188} INFO - [2026-04-09T08:36:08.323+0000] {dag.py:3820} INFO - Setting next_dagrun for example_python_decorator to None, run_after=None
[2026-04-09T08:36:08.355+0000] {processor.py:183} INFO - Processing /home/airflow/.local/lib/python3.8/site-packages/airflow/example_dags/example_python_decorator.py took 0.108 seconds
[2026-04-09T08:36:38.915+0000] {processor.py:161} INFO - Started process (PID=3879) to work on /home/airflow/.local/lib/python3.8/site-packages/airflow/example_dags/example_python_decorator.py
[2026-04-09T08:36:38.916+0000] {processor.py:830} INFO - Processing file /home/airflow/.local/lib/python3.8/site-packages/airflow/example_dags/example_python_decorator.py for tasks to queue
[2026-04-09T08:36:38.918+0000] {logging_mixin.py:188} INFO - [2026-04-09T08:36:38.918+0000] {dagbag.py:538} INFO - Filling up the DagBag from /home/airflow/.local/lib/python3.8/site-packages/airflow/example_dags/example_python_decorator.py
[2026-04-09T08:36:38.929+0000] {processor.py:840} INFO - DAG(s) 'example_python_decorator' retrieved from /home/airflow/.local/lib/python3.8/site-packages/airflow/example_dags/example_python_decorator.py
[2026-04-09T08:36:38.954+0000] {logging_mixin.py:188} INFO - [2026-04-09T08:36:38.953+0000] {dag.py:3033} INFO - Sync 1 DAGs
[2026-04-09T08:36:38.967+0000] {logging_mixin.py:188} INFO - [2026-04-09T08:36:38.967+0000] {dag.py:3820} INFO - Setting next_dagrun for example_python_decorator to None, run_after=None
[2026-04-09T08:36:38.990+0000] {processor.py:183} INFO - Processing /home/airflow/.local/lib/python3.8/site-packages/airflow/example_dags/example_python_decorator.py took 0.078 seconds
[2026-04-09T08:37:09.353+0000] {processor.py:161} INFO - Started process (PID=3940) to work on /home/airflow/.local/lib/python3.8/site-packages/airflow/example_dags/example_python_decorator.py
[2026-04-09T08:37:09.358+0000] {processor.py:830} INFO - Processing file /home/airflow/.local/lib/python3.8/site-packages/airflow/example_dags/example_python_decorator.py for tasks to queue
[2026-04-09T08:37:09.365+0000] {logging_mixin.py:188} INFO - [2026-04-09T08:37:09.365+0000] {dagbag.py:538} INFO - Filling up the DagBag from /home/airflow/.local/lib/python3.8/site-packages/airflow/example_dags/example_python_decorator.py
[2026-04-09T08:37:09.428+0000] {processor.py:840} INFO - DAG(s) 'example_python_decorator' retrieved from /home/airflow/.local/lib/python3.8/site-packages/airflow/example_dags/example_python_decorator.py
[2026-04-09T08:37:09.485+0000] {logging_mixin.py:188} INFO - [2026-04-09T08:37:09.485+0000] {dag.py:3033} INFO - Sync 1 DAGs
[2026-04-09T08:37:09.512+0000] {logging_mixin.py:188} INFO - [2026-04-09T08:37:09.511+0000] {dag.py:3820} INFO - Setting next_dagrun for example_python_decorator to None, run_after=None
[2026-04-09T08:37:09.532+0000] {processor.py:183} INFO - Processing /home/airflow/.local/lib/python3.8/site-packages/airflow/example_dags/example_python_decorator.py took 0.191 seconds
[2026-04-09T08:37:39.739+0000] {processor.py:161} INFO - Started process (PID=4001) to work on /home/airflow/.local/lib/python3.8/site-packages/airflow/example_dags/example_python_decorator.py
[2026-04-09T08:37:39.740+0000] {processor.py:830} INFO - Processing file /home/airflow/.local/lib/python3.8/site-packages/airflow/example_dags/example_python_decorator.py for tasks to queue
[2026-04-09T08:37:39.742+0000] {logging_mixin.py:188} INFO - [2026-04-09T08:37:39.742+0000] {dagbag.py:538} INFO - Filling up the DagBag from /home/airflow/.local/lib/python3.8/site-packages/airflow/example_dags/example_python_decorator.py
[2026-04-09T08:37:39.753+0000] {processor.py:840} INFO - DAG(s) 'example_python_decorator' retrieved from /home/airflow/.local/lib/python3.8/site-packages/airflow/example_dags/example_python_decorator.py
[2026-04-09T08:37:39.777+0000] {logging_mixin.py:188} INFO - [2026-04-09T08:37:39.776+0000] {dag.py:3033} INFO - Sync 1 DAGs
[2026-04-09T08:37:39.791+0000] {logging_mixin.py:188} INFO - [2026-04-09T08:37:39.791+0000] {dag.py:3820} INFO - Setting next_dagrun for example_python_decorator to None, run_after=None
[2026-04-09T08:37:39.811+0000] {processor.py:183} INFO - Processing /home/airflow/.local/lib/python3.8/site-packages/airflow/example_dags/example_python_decorator.py took 0.075 seconds
[2026-04-09T08:38:10.744+0000] {processor.py:161} INFO - Started process (PID=4068) to work on /home/airflow/.local/lib/python3.8/site-packages/airflow/example_dags/example_python_decorator.py
[2026-04-09T08:38:10.745+0000] {processor.py:830} INFO - Processing file /home/airflow/.local/lib/python3.8/site-packages/airflow/example_dags/example_python_decorator.py for tasks to queue
[2026-04-09T08:38:10.747+0000] {logging_mixin.py:188} INFO - [2026-04-09T08:38:10.746+0000] {dagbag.py:538} INFO - Filling up the DagBag from /home/airflow/.local/lib/python3.8/site-packages/airflow/example_dags/example_python_decorator.py
[2026-04-09T08:38:10.758+0000] {processor.py:840} INFO - DAG(s) 'example_python_decorator' retrieved from /home/airflow/.local/lib/python3.8/site-packages/airflow/example_dags/example_python_decorator.py
[2026-04-09T08:38:10.824+0000] {logging_mixin.py:188} INFO - [2026-04-09T08:38:10.824+0000] {dag.py:3033} INFO - Sync 1 DAGs
[2026-04-09T08:38:10.855+0000] {logging_mixin.py:188} INFO - [2026-04-09T08:38:10.855+0000] {dag.py:3820} INFO - Setting next_dagrun for example_python_decorator to None, run_after=None
[2026-04-09T08:38:10.930+0000] {processor.py:183} INFO - Processing /home/airflow/.local/lib/python3.8/site-packages/airflow/example_dags/example_python_decorator.py took 0.190 seconds
[2026-04-09T08:38:41.630+0000] {processor.py:161} INFO - Started process (PID=4129) to work on /home/airflow/.local/lib/python3.8/site-packages/airflow/example_dags/example_python_decorator.py
[2026-04-09T08:38:41.631+0000] {processor.py:830} INFO - Processing file /home/airflow/.local/lib/python3.8/site-packages/airflow/example_dags/example_python_decorator.py for tasks to queue
[2026-04-09T08:38:41.633+0000] {logging_mixin.py:188} INFO - [2026-04-09T08:38:41.633+0000] {dagbag.py:538} INFO - Filling up the DagBag from /home/airflow/.local/lib/python3.8/site-packages/airflow/example_dags/example_python_decorator.py
[2026-04-09T08:38:41.643+0000] {processor.py:840} INFO - DAG(s) 'example_python_decorator' retrieved from /home/airflow/.local/lib/python3.8/site-packages/airflow/example_dags/example_python_decorator.py
[2026-04-09T08:38:41.668+0000] {logging_mixin.py:188} INFO - [2026-04-09T08:38:41.667+0000] {dag.py:3033} INFO - Sync 1 DAGs
[2026-04-09T08:38:41.684+0000] {logging_mixin.py:188} INFO - [2026-04-09T08:38:41.684+0000] {dag.py:3820} INFO - Setting next_dagrun for example_python_decorator to None, run_after=None
[2026-04-09T08:38:41.705+0000] {processor.py:183} INFO - Processing /home/airflow/.local/lib/python3.8/site-packages/airflow/example_dags/example_python_decorator.py took 0.078 seconds
[2026-04-09T08:39:12.091+0000] {processor.py:161} INFO - Started process (PID=4190) to work on /home/airflow/.local/lib/python3.8/site-packages/airflow/example_dags/example_python_decorator.py
[2026-04-09T08:39:12.092+0000] {processor.py:830} INFO - Processing file /home/airflow/.local/lib/python3.8/site-packages/airflow/example_dags/example_python_decorator.py for tasks to queue
[2026-04-09T08:39:12.094+0000] {logging_mixin.py:188} INFO - [2026-04-09T08:39:12.093+0000] {dagbag.py:538} INFO - Filling up the DagBag from /home/airflow/.local/lib/python3.8/site-packages/airflow/example_dags/example_python_decorator.py
[2026-04-09T08:39:12.104+0000] {processor.py:840} INFO - DAG(s) 'example_python_decorator' retrieved from /home/airflow/.local/lib/python3.8/site-packages/airflow/example_dags/example_python_decorator.py
[2026-04-09T08:39:12.128+0000] {logging_mixin.py:188} INFO - [2026-04-09T08:39:12.128+0000] {dag.py:3033} INFO - Sync 1 DAGs
[2026-04-09T08:39:12.142+0000] {logging_mixin.py:188} INFO - [2026-04-09T08:39:12.142+0000] {dag.py:3820} INFO - Setting next_dagrun for example_python_decorator to None, run_after=None
[2026-04-09T08:39:12.161+0000] {processor.py:183} INFO - Processing /home/airflow/.local/lib/python3.8/site-packages/airflow/example_dags/example_python_decorator.py took 0.074 seconds
[2026-04-09T08:39:42.647+0000] {processor.py:161} INFO - Started process (PID=4251) to work on /home/airflow/.local/lib/python3.8/site-packages/airflow/example_dags/example_python_decorator.py
[2026-04-09T08:39:42.648+0000] {processor.py:830} INFO - Processing file /home/airflow/.local/lib/python3.8/site-packages/airflow/example_dags/example_python_decorator.py for tasks to queue
[2026-04-09T08:39:42.650+0000] {logging_mixin.py:188} INFO - [2026-04-09T08:39:42.649+0000] {dagbag.py:538} INFO - Filling up the DagBag from /home/airflow/.local/lib/python3.8/site-packages/airflow/example_dags/example_python_decorator.py
[2026-04-09T08:39:42.660+0000] {processor.py:840} INFO - DAG(s) 'example_python_decorator' retrieved from /home/airflow/.local/lib/python3.8/site-packages/airflow/example_dags/example_python_decorator.py
[2026-04-09T08:39:42.682+0000] {logging_mixin.py:188} INFO - [2026-04-09T08:39:42.682+0000] {dag.py:3033} INFO - Sync 1 DAGs
[2026-04-09T08:39:42.699+0000] {logging_mixin.py:188} INFO - [2026-04-09T08:39:42.699+0000] {dag.py:3820} INFO - Setting next_dagrun for example_python_decorator to None, run_after=None
[2026-04-09T08:39:42.759+0000] {processor.py:183} INFO - Processing /home/airflow/.local/lib/python3.8/site-packages/airflow/example_dags/example_python_decorator.py took 0.116 seconds
[2026-04-09T08:40:13.285+0000] {processor.py:161} INFO - Started process (PID=4312) to work on /home/airflow/.local/lib/python3.8/site-packages/airflow/example_dags/example_python_decorator.py
[2026-04-09T08:40:13.285+0000] {processor.py:830} INFO - Processing file /home/airflow/.local/lib/python3.8/site-packages/airflow/example_dags/example_python_decorator.py for tasks to queue
[2026-04-09T08:40:13.288+0000] {logging_mixin.py:188} INFO - [2026-04-09T08:40:13.287+0000] {dagbag.py:538} INFO - Filling up the DagBag from /home/airflow/.local/lib/python3.8/site-packages/airflow/example_dags/example_python_decorator.py
[2026-04-09T08:40:13.298+0000] {processor.py:840} INFO - DAG(s) 'example_python_decorator' retrieved from /home/airflow/.local/lib/python3.8/site-packages/airflow/example_dags/example_python_decorator.py
[2026-04-09T08:40:13.321+0000] {logging_mixin.py:188} INFO - [2026-04-09T08:40:13.321+0000] {dag.py:3033} INFO - Sync 1 DAGs
[2026-04-09T08:40:13.352+0000] {logging_mixin.py:188} INFO - [2026-04-09T08:40:13.352+0000] {dag.py:3820} INFO - Setting next_dagrun for example_python_decorator to None, run_after=None
[2026-04-09T08:40:13.381+0000] {processor.py:183} INFO - Processing /home/airflow/.local/lib/python3.8/site-packages/airflow/example_dags/example_python_decorator.py took 0.099 seconds
[2026-04-09T08:40:43.991+0000] {processor.py:161} INFO - Started process (PID=4373) to work on /home/airflow/.local/lib/python3.8/site-packages/airflow/example_dags/example_python_decorator.py
[2026-04-09T08:40:43.992+0000] {processor.py:830} INFO - Processing file /home/airflow/.local/lib/python3.8/site-packages/airflow/example_dags/example_python_decorator.py for tasks to queue
[2026-04-09T08:40:43.994+0000] {logging_mixin.py:188} INFO - [2026-04-09T08:40:43.994+0000] {dagbag.py:538} INFO - Filling up the DagBag from /home/airflow/.local/lib/python3.8/site-packages/airflow/example_dags/example_python_decorator.py
[2026-04-09T08:40:44.004+0000] {processor.py:840} INFO - DAG(s) 'example_python_decorator' retrieved from /home/airflow/.local/lib/python3.8/site-packages/airflow/example_dags/example_python_decorator.py
[2026-04-09T08:40:44.028+0000] {logging_mixin.py:188} INFO - [2026-04-09T08:40:44.028+0000] {dag.py:3033} INFO - Sync 1 DAGs
[2026-04-09T08:40:44.042+0000] {logging_mixin.py:188} INFO - [2026-04-09T08:40:44.042+0000] {dag.py:3820} INFO - Setting next_dagrun for example_python_decorator to None, run_after=None
[2026-04-09T08:40:44.140+0000] {processor.py:183} INFO - Processing /home/airflow/.local/lib/python3.8/site-packages/airflow/example_dags/example_python_decorator.py took 0.152 seconds
[2026-04-09T08:41:15.232+0000] {processor.py:161} INFO - Started process (PID=4434) to work on /home/airflow/.local/lib/python3.8/site-packages/airflow/example_dags/example_python_decorator.py
[2026-04-09T08:41:15.233+0000] {processor.py:830} INFO - Processing file /home/airflow/.local/lib/python3.8/site-packages/airflow/example_dags/example_python_decorator.py for tasks to queue
[2026-04-09T08:41:15.235+0000] {logging_mixin.py:188} INFO - [2026-04-09T08:41:15.235+0000] {dagbag.py:538} INFO - Filling up the DagBag from /home/airflow/.local/lib/python3.8/site-packages/airflow/example_dags/example_python_decorator.py
[2026-04-09T08:41:15.243+0000] {processor.py:840} INFO - DAG(s) 'example_python_decorator' retrieved from /home/airflow/.local/lib/python3.8/site-packages/airflow/example_dags/example_python_decorator.py
[2026-04-09T08:41:15.263+0000] {logging_mixin.py:188} INFO - [2026-04-09T08:41:15.263+0000] {dag.py:3033} INFO - Sync 1 DAGs
[2026-04-09T08:41:15.273+0000] {logging_mixin.py:188} INFO - [2026-04-09T08:41:15.273+0000] {dag.py:3820} INFO - Setting next_dagrun for example_python_decorator to None, run_after=None
[2026-04-09T08:41:15.289+0000] {processor.py:183} INFO - Processing /home/airflow/.local/lib/python3.8/site-packages/airflow/example_dags/example_python_decorator.py took 0.060 seconds
[2026-04-09T08:41:46.088+0000] {processor.py:161} INFO - Started process (PID=4495) to work on /home/airflow/.local/lib/python3.8/site-packages/airflow/example_dags/example_python_decorator.py
[2026-04-09T08:41:46.089+0000] {processor.py:830} INFO - Processing file /home/airflow/.local/lib/python3.8/site-packages/airflow/example_dags/example_python_decorator.py for tasks to queue
[2026-04-09T08:41:46.091+0000] {logging_mixin.py:188} INFO - [2026-04-09T08:41:46.090+0000] {dagbag.py:538} INFO - Filling up the DagBag from /home/airflow/.local/lib/python3.8/site-packages/airflow/example_dags/example_python_decorator.py
[2026-04-09T08:41:46.106+0000] {processor.py:840} INFO - DAG(s) 'example_python_decorator' retrieved from /home/airflow/.local/lib/python3.8/site-packages/airflow/example_dags/example_python_decorator.py
[2026-04-09T08:41:46.144+0000] {logging_mixin.py:188} INFO - [2026-04-09T08:41:46.144+0000] {dag.py:3033} INFO - Sync 1 DAGs
[2026-04-09T08:41:46.158+0000] {logging_mixin.py:188} INFO - [2026-04-09T08:41:46.158+0000] {dag.py:3820} INFO - Setting next_dagrun for example_python_decorator to None, run_after=None
[2026-04-09T08:41:46.185+0000] {processor.py:183} INFO - Processing /home/airflow/.local/lib/python3.8/site-packages/airflow/example_dags/example_python_decorator.py took 0.101 seconds
[2026-04-09T08:42:17.167+0000] {processor.py:161} INFO - Started process (PID=4556) to work on /home/airflow/.local/lib/python3.8/site-packages/airflow/example_dags/example_python_decorator.py
[2026-04-09T08:42:17.168+0000] {processor.py:830} INFO - Processing file /home/airflow/.local/lib/python3.8/site-packages/airflow/example_dags/example_python_decorator.py for tasks to queue
[2026-04-09T08:42:17.173+0000] {logging_mixin.py:188} INFO - [2026-04-09T08:42:17.172+0000] {dagbag.py:538} INFO - Filling up the DagBag from /home/airflow/.local/lib/python3.8/site-packages/airflow/example_dags/example_python_decorator.py
[2026-04-09T08:42:17.196+0000] {processor.py:840} INFO - DAG(s) 'example_python_decorator' retrieved from /home/airflow/.local/lib/python3.8/site-packages/airflow/example_dags/example_python_decorator.py
[2026-04-09T08:42:17.285+0000] {logging_mixin.py:188} INFO - [2026-04-09T08:42:17.285+0000] {dag.py:3033} INFO - Sync 1 DAGs
[2026-04-09T08:42:17.327+0000] {logging_mixin.py:188} INFO - [2026-04-09T08:42:17.327+0000] {dag.py:3820} INFO - Setting next_dagrun for example_python_decorator to None, run_after=None
[2026-04-09T08:42:17.442+0000] {processor.py:183} INFO - Processing /home/airflow/.local/lib/python3.8/site-packages/airflow/example_dags/example_python_decorator.py took 0.280 seconds
[2026-04-09T08:42:48.154+0000] {processor.py:161} INFO - Started process (PID=4617) to work on /home/airflow/.local/lib/python3.8/site-packages/airflow/example_dags/example_python_decorator.py
[2026-04-09T08:42:48.154+0000] {processor.py:830} INFO - Processing file /home/airflow/.local/lib/python3.8/site-packages/airflow/example_dags/example_python_decorator.py for tasks to queue
[2026-04-09T08:42:48.156+0000] {logging_mixin.py:188} INFO - [2026-04-09T08:42:48.156+0000] {dagbag.py:538} INFO - Filling up the DagBag from /home/airflow/.local/lib/python3.8/site-packages/airflow/example_dags/example_python_decorator.py
[2026-04-09T08:42:48.167+0000] {processor.py:840} INFO - DAG(s) 'example_python_decorator' retrieved from /home/airflow/.local/lib/python3.8/site-packages/airflow/example_dags/example_python_decorator.py
[2026-04-09T08:42:48.193+0000] {logging_mixin.py:188} INFO - [2026-04-09T08:42:48.193+0000] {dag.py:3033} INFO - Sync 1 DAGs
[2026-04-09T08:42:48.207+0000] {logging_mixin.py:188} INFO - [2026-04-09T08:42:48.207+0000] {dag.py:3820} INFO - Setting next_dagrun for example_python_decorator to None, run_after=None
[2026-04-09T08:42:48.228+0000] {processor.py:183} INFO - Processing /home/airflow/.local/lib/python3.8/site-packages/airflow/example_dags/example_python_decorator.py took 0.078 seconds
[2026-04-09T08:43:18.543+0000] {processor.py:161} INFO - Started process (PID=4678) to work on /home/airflow/.local/lib/python3.8/site-packages/airflow/example_dags/example_python_decorator.py
[2026-04-09T08:43:18.544+0000] {processor.py:830} INFO - Processing file /home/airflow/.local/lib/python3.8/site-packages/airflow/example_dags/example_python_decorator.py for tasks to queue
[2026-04-09T08:43:18.547+0000] {logging_mixin.py:188} INFO - [2026-04-09T08:43:18.546+0000] {dagbag.py:538} INFO - Filling up the DagBag from /home/airflow/.local/lib/python3.8/site-packages/airflow/example_dags/example_python_decorator.py
[2026-04-09T08:43:18.558+0000] {processor.py:840} INFO - DAG(s) 'example_python_decorator' retrieved from /home/airflow/.local/lib/python3.8/site-packages/airflow/example_dags/example_python_decorator.py
[2026-04-09T08:43:18.586+0000] {logging_mixin.py:188} INFO - [2026-04-09T08:43:18.586+0000] {dag.py:3033} INFO - Sync 1 DAGs
[2026-04-09T08:43:18.608+0000] {logging_mixin.py:188} INFO - [2026-04-09T08:43:18.608+0000] {dag.py:3820} INFO - Setting next_dagrun for example_python_decorator to None, run_after=None
[2026-04-09T08:43:18.627+0000] {processor.py:183} INFO - Processing /home/airflow/.local/lib/python3.8/site-packages/airflow/example_dags/example_python_decorator.py took 0.087 seconds
[2026-04-09T08:43:49.301+0000] {processor.py:161} INFO - Started process (PID=4739) to work on /home/airflow/.local/lib/python3.8/site-packages/airflow/example_dags/example_python_decorator.py
[2026-04-09T08:43:49.302+0000] {processor.py:830} INFO - Processing file /home/airflow/.local/lib/python3.8/site-packages/airflow/example_dags/example_python_decorator.py for tasks to queue
[2026-04-09T08:43:49.304+0000] {logging_mixin.py:188} INFO - [2026-04-09T08:43:49.304+0000] {dagbag.py:538} INFO - Filling up the DagBag from /home/airflow/.local/lib/python3.8/site-packages/airflow/example_dags/example_python_decorator.py
[2026-04-09T08:43:49.315+0000] {processor.py:840} INFO - DAG(s) 'example_python_decorator' retrieved from /home/airflow/.local/lib/python3.8/site-packages/airflow/example_dags/example_python_decorator.py
[2026-04-09T08:43:49.339+0000] {logging_mixin.py:188} INFO - [2026-04-09T08:43:49.338+0000] {dag.py:3033} INFO - Sync 1 DAGs
[2026-04-09T08:43:49.352+0000] {logging_mixin.py:188} INFO - [2026-04-09T08:43:49.352+0000] {dag.py:3820} INFO - Setting next_dagrun for example_python_decorator to None, run_after=None
[2026-04-09T08:43:49.370+0000] {processor.py:183} INFO - Processing /home/airflow/.local/lib/python3.8/site-packages/airflow/example_dags/example_python_decorator.py took 0.072 seconds
[2026-04-09T08:44:20.230+0000] {processor.py:161} INFO - Started process (PID=4800) to work on /home/airflow/.local/lib/python3.8/site-packages/airflow/example_dags/example_python_decorator.py
[2026-04-09T08:44:20.231+0000] {processor.py:830} INFO - Processing file /home/airflow/.local/lib/python3.8/site-packages/airflow/example_dags/example_python_decorator.py for tasks to queue
[2026-04-09T08:44:20.234+0000] {logging_mixin.py:188} INFO - [2026-04-09T08:44:20.233+0000] {dagbag.py:538} INFO - Filling up the DagBag from /home/airflow/.local/lib/python3.8/site-packages/airflow/example_dags/example_python_decorator.py
[2026-04-09T08:44:20.244+0000] {processor.py:840} INFO - DAG(s) 'example_python_decorator' retrieved from /home/airflow/.local/lib/python3.8/site-packages/airflow/example_dags/example_python_decorator.py
[2026-04-09T08:44:20.292+0000] {logging_mixin.py:188} INFO - [2026-04-09T08:44:20.292+0000] {dag.py:3033} INFO - Sync 1 DAGs
[2026-04-09T08:44:20.306+0000] {logging_mixin.py:188} INFO - [2026-04-09T08:44:20.305+0000] {dag.py:3820} INFO - Setting next_dagrun for example_python_decorator to None, run_after=None
[2026-04-09T08:44:20.324+0000] {processor.py:183} INFO - Processing /home/airflow/.local/lib/python3.8/site-packages/airflow/example_dags/example_python_decorator.py took 0.097 seconds
[2026-04-09T08:44:51.306+0000] {processor.py:161} INFO - Started process (PID=4862) to work on /home/airflow/.local/lib/python3.8/site-packages/airflow/example_dags/example_python_decorator.py
[2026-04-09T08:44:51.307+0000] {processor.py:830} INFO - Processing file /home/airflow/.local/lib/python3.8/site-packages/airflow/example_dags/example_python_decorator.py for tasks to queue
[2026-04-09T08:44:51.310+0000] {logging_mixin.py:188} INFO - [2026-04-09T08:44:51.309+0000] {dagbag.py:538} INFO - Filling up the DagBag from /home/airflow/.local/lib/python3.8/site-packages/airflow/example_dags/example_python_decorator.py
[2026-04-09T08:44:51.321+0000] {processor.py:840} INFO - DAG(s) 'example_python_decorator' retrieved from /home/airflow/.local/lib/python3.8/site-packages/airflow/example_dags/example_python_decorator.py
[2026-04-09T08:44:51.357+0000] {logging_mixin.py:188} INFO - [2026-04-09T08:44:51.356+0000] {dag.py:3033} INFO - Sync 1 DAGs
[2026-04-09T08:44:51.378+0000] {logging_mixin.py:188} INFO - [2026-04-09T08:44:51.377+0000] {dag.py:3820} INFO - Setting next_dagrun for example_python_decorator to None, run_after=None
[2026-04-09T08:44:51.403+0000] {processor.py:183} INFO - Processing /home/airflow/.local/lib/python3.8/site-packages/airflow/example_dags/example_python_decorator.py took 0.100 seconds
[2026-04-09T08:45:22.046+0000] {processor.py:161} INFO - Started process (PID=4923) to work on /home/airflow/.local/lib/python3.8/site-packages/airflow/example_dags/example_python_decorator.py
[2026-04-09T08:45:22.046+0000] {processor.py:830} INFO - Processing file /home/airflow/.local/lib/python3.8/site-packages/airflow/example_dags/example_python_decorator.py for tasks to queue
[2026-04-09T08:45:22.049+0000] {logging_mixin.py:188} INFO - [2026-04-09T08:45:22.048+0000] {dagbag.py:538} INFO - Filling up the DagBag from /home/airflow/.local/lib/python3.8/site-packages/airflow/example_dags/example_python_decorator.py
[2026-04-09T08:45:22.058+0000] {processor.py:840} INFO - DAG(s) 'example_python_decorator' retrieved from /home/airflow/.local/lib/python3.8/site-packages/airflow/example_dags/example_python_decorator.py
[2026-04-09T08:45:22.082+0000] {logging_mixin.py:188} INFO - [2026-04-09T08:45:22.082+0000] {dag.py:3033} INFO - Sync 1 DAGs
[2026-04-09T08:45:22.095+0000] {logging_mixin.py:188} INFO - [2026-04-09T08:45:22.095+0000] {dag.py:3820} INFO - Setting next_dagrun for example_python_decorator to None, run_after=None
[2026-04-09T08:45:22.113+0000] {processor.py:183} INFO - Processing /home/airflow/.local/lib/python3.8/site-packages/airflow/example_dags/example_python_decorator.py took 0.071 seconds
[2026-04-09T08:45:52.326+0000] {processor.py:161} INFO - Started process (PID=4984) to work on /home/airflow/.local/lib/python3.8/site-packages/airflow/example_dags/example_python_decorator.py
[2026-04-09T08:45:52.327+0000] {processor.py:830} INFO - Processing file /home/airflow/.local/lib/python3.8/site-packages/airflow/example_dags/example_python_decorator.py for tasks to queue
[2026-04-09T08:45:52.329+0000] {logging_mixin.py:188} INFO - [2026-04-09T08:45:52.329+0000] {dagbag.py:538} INFO - Filling up the DagBag from /home/airflow/.local/lib/python3.8/site-packages/airflow/example_dags/example_python_decorator.py
[2026-04-09T08:45:52.340+0000] {processor.py:840} INFO - DAG(s) 'example_python_decorator' retrieved from /home/airflow/.local/lib/python3.8/site-packages/airflow/example_dags/example_python_decorator.py
[2026-04-09T08:45:52.364+0000] {logging_mixin.py:188} INFO - [2026-04-09T08:45:52.364+0000] {dag.py:3033} INFO - Sync 1 DAGs
[2026-04-09T08:45:52.378+0000] {logging_mixin.py:188} INFO - [2026-04-09T08:45:52.378+0000] {dag.py:3820} INFO - Setting next_dagrun for example_python_decorator to None, run_after=None
[2026-04-09T08:45:52.396+0000] {processor.py:183} INFO - Processing /home/airflow/.local/lib/python3.8/site-packages/airflow/example_dags/example_python_decorator.py took 0.082 seconds
[2026-04-09T08:46:22.607+0000] {processor.py:161} INFO - Started process (PID=5044) to work on /home/airflow/.local/lib/python3.8/site-packages/airflow/example_dags/example_python_decorator.py
[2026-04-09T08:46:22.608+0000] {processor.py:830} INFO - Processing file /home/airflow/.local/lib/python3.8/site-packages/airflow/example_dags/example_python_decorator.py for tasks to queue
[2026-04-09T08:46:22.610+0000] {logging_mixin.py:188} INFO - [2026-04-09T08:46:22.610+0000] {dagbag.py:538} INFO - Filling up the DagBag from /home/airflow/.local/lib/python3.8/site-packages/airflow/example_dags/example_python_decorator.py
[2026-04-09T08:46:22.620+0000] {processor.py:840} INFO - DAG(s) 'example_python_decorator' retrieved from /home/airflow/.local/lib/python3.8/site-packages/airflow/example_dags/example_python_decorator.py
[2026-04-09T08:46:22.646+0000] {logging_mixin.py:188} INFO - [2026-04-09T08:46:22.645+0000] {dag.py:3033} INFO - Sync 1 DAGs
[2026-04-09T08:46:22.659+0000] {logging_mixin.py:188} INFO - [2026-04-09T08:46:22.659+0000] {dag.py:3820} INFO - Setting next_dagrun for example_python_decorator to None, run_after=None
[2026-04-09T08:46:22.847+0000] {processor.py:183} INFO - Processing /home/airflow/.local/lib/python3.8/site-packages/airflow/example_dags/example_python_decorator.py took 0.243 seconds
[2026-04-09T08:46:52.940+0000] {processor.py:161} INFO - Started process (PID=5105) to work on /home/airflow/.local/lib/python3.8/site-packages/airflow/example_dags/example_python_decorator.py
[2026-04-09T08:46:52.941+0000] {processor.py:830} INFO - Processing file /home/airflow/.local/lib/python3.8/site-packages/airflow/example_dags/example_python_decorator.py for tasks to queue
[2026-04-09T08:46:52.946+0000] {logging_mixin.py:188} INFO - [2026-04-09T08:46:52.946+0000] {dagbag.py:538} INFO - Filling up the DagBag from /home/airflow/.local/lib/python3.8/site-packages/airflow/example_dags/example_python_decorator.py
[2026-04-09T08:46:52.976+0000] {processor.py:840} INFO - DAG(s) 'example_python_decorator' retrieved from /home/airflow/.local/lib/python3.8/site-packages/airflow/example_dags/example_python_decorator.py
[2026-04-09T08:46:53.004+0000] {logging_mixin.py:188} INFO - [2026-04-09T08:46:53.004+0000] {dag.py:3033} INFO - Sync 1 DAGs
[2026-04-09T08:46:53.337+0000] {logging_mixin.py:188} INFO - [2026-04-09T08:46:53.337+0000] {dag.py:3820} INFO - Setting next_dagrun for example_python_decorator to None, run_after=None
[2026-04-09T08:46:53.355+0000] {processor.py:183} INFO - Processing /home/airflow/.local/lib/python3.8/site-packages/airflow/example_dags/example_python_decorator.py took 0.420 seconds
[2026-04-09T08:47:23.791+0000] {processor.py:161} INFO - Started process (PID=5166) to work on /home/airflow/.local/lib/python3.8/site-packages/airflow/example_dags/example_python_decorator.py
[2026-04-09T08:47:23.792+0000] {processor.py:830} INFO - Processing file /home/airflow/.local/lib/python3.8/site-packages/airflow/example_dags/example_python_decorator.py for tasks to queue
[2026-04-09T08:47:23.818+0000] {logging_mixin.py:188} INFO - [2026-04-09T08:47:23.810+0000] {dagbag.py:538} INFO - Filling up the DagBag from /home/airflow/.local/lib/python3.8/site-packages/airflow/example_dags/example_python_decorator.py
[2026-04-09T08:47:23.916+0000] {processor.py:840} INFO - DAG(s) 'example_python_decorator' retrieved from /home/airflow/.local/lib/python3.8/site-packages/airflow/example_dags/example_python_decorator.py
[2026-04-09T08:47:24.046+0000] {logging_mixin.py:188} INFO - [2026-04-09T08:47:24.045+0000] {dag.py:3033} INFO - Sync 1 DAGs
[2026-04-09T08:47:24.094+0000] {logging_mixin.py:188} INFO - [2026-04-09T08:47:24.093+0000] {dag.py:3820} INFO - Setting next_dagrun for example_python_decorator to None, run_after=None
[2026-04-09T08:47:24.152+0000] {processor.py:183} INFO - Processing /home/airflow/.local/lib/python3.8/site-packages/airflow/example_dags/example_python_decorator.py took 0.377 seconds
[2026-04-09T08:47:54.539+0000] {processor.py:161} INFO - Started process (PID=5227) to work on /home/airflow/.local/lib/python3.8/site-packages/airflow/example_dags/example_python_decorator.py
[2026-04-09T08:47:54.540+0000] {processor.py:830} INFO - Processing file /home/airflow/.local/lib/python3.8/site-packages/airflow/example_dags/example_python_decorator.py for tasks to queue
[2026-04-09T08:47:54.542+0000] {logging_mixin.py:188} INFO - [2026-04-09T08:47:54.542+0000] {dagbag.py:538} INFO - Filling up the DagBag from /home/airflow/.local/lib/python3.8/site-packages/airflow/example_dags/example_python_decorator.py
[2026-04-09T08:47:54.553+0000] {processor.py:840} INFO - DAG(s) 'example_python_decorator' retrieved from /home/airflow/.local/lib/python3.8/site-packages/airflow/example_dags/example_python_decorator.py
[2026-04-09T08:47:54.599+0000] {logging_mixin.py:188} INFO - [2026-04-09T08:47:54.599+0000] {dag.py:3033} INFO - Sync 1 DAGs
[2026-04-09T08:47:54.639+0000] {logging_mixin.py:188} INFO - [2026-04-09T08:47:54.639+0000] {dag.py:3820} INFO - Setting next_dagrun for example_python_decorator to None, run_after=None
[2026-04-09T08:47:54.715+0000] {processor.py:183} INFO - Processing /home/airflow/.local/lib/python3.8/site-packages/airflow/example_dags/example_python_decorator.py took 0.179 seconds
[2026-04-09T08:48:24.898+0000] {processor.py:161} INFO - Started process (PID=5288) to work on /home/airflow/.local/lib/python3.8/site-packages/airflow/example_dags/example_python_decorator.py
[2026-04-09T08:48:24.899+0000] {processor.py:830} INFO - Processing file /home/airflow/.local/lib/python3.8/site-packages/airflow/example_dags/example_python_decorator.py for tasks to queue
[2026-04-09T08:48:24.900+0000] {logging_mixin.py:188} INFO - [2026-04-09T08:48:24.900+0000] {dagbag.py:538} INFO - Filling up the DagBag from /home/airflow/.local/lib/python3.8/site-packages/airflow/example_dags/example_python_decorator.py
[2026-04-09T08:48:24.908+0000] {processor.py:840} INFO - DAG(s) 'example_python_decorator' retrieved from /home/airflow/.local/lib/python3.8/site-packages/airflow/example_dags/example_python_decorator.py
[2026-04-09T08:48:24.929+0000] {logging_mixin.py:188} INFO - [2026-04-09T08:48:24.929+0000] {dag.py:3033} INFO - Sync 1 DAGs
[2026-04-09T08:48:24.943+0000] {logging_mixin.py:188} INFO - [2026-04-09T08:48:24.943+0000] {dag.py:3820} INFO - Setting next_dagrun for example_python_decorator to None, run_after=None
[2026-04-09T08:48:24.962+0000] {processor.py:183} INFO - Processing /home/airflow/.local/lib/python3.8/site-packages/airflow/example_dags/example_python_decorator.py took 0.066 seconds
[2026-04-09T08:48:55.649+0000] {processor.py:161} INFO - Started process (PID=5349) to work on /home/airflow/.local/lib/python3.8/site-packages/airflow/example_dags/example_python_decorator.py
[2026-04-09T08:48:55.650+0000] {processor.py:830} INFO - Processing file /home/airflow/.local/lib/python3.8/site-packages/airflow/example_dags/example_python_decorator.py for tasks to queue
[2026-04-09T08:48:55.652+0000] {logging_mixin.py:188} INFO - [2026-04-09T08:48:55.651+0000] {dagbag.py:538} INFO - Filling up the DagBag from /home/airflow/.local/lib/python3.8/site-packages/airflow/example_dags/example_python_decorator.py
[2026-04-09T08:48:55.659+0000] {processor.py:840} INFO - DAG(s) 'example_python_decorator' retrieved from /home/airflow/.local/lib/python3.8/site-packages/airflow/example_dags/example_python_decorator.py
[2026-04-09T08:48:55.684+0000] {logging_mixin.py:188} INFO - [2026-04-09T08:48:55.683+0000] {dag.py:3033} INFO - Sync 1 DAGs
[2026-04-09T08:48:55.700+0000] {logging_mixin.py:188} INFO - [2026-04-09T08:48:55.699+0000] {dag.py:3820} INFO - Setting next_dagrun for example_python_decorator to None, run_after=None
[2026-04-09T08:48:55.720+0000] {processor.py:183} INFO - Processing /home/airflow/.local/lib/python3.8/site-packages/airflow/example_dags/example_python_decorator.py took 0.073 seconds
[2026-04-09T08:49:26.448+0000] {processor.py:161} INFO - Started process (PID=5410) to work on /home/airflow/.local/lib/python3.8/site-packages/airflow/example_dags/example_python_decorator.py
[2026-04-09T08:49:26.448+0000] {processor.py:830} INFO - Processing file /home/airflow/.local/lib/python3.8/site-packages/airflow/example_dags/example_python_decorator.py for tasks to queue
[2026-04-09T08:49:26.450+0000] {logging_mixin.py:188} INFO - [2026-04-09T08:49:26.450+0000] {dagbag.py:538} INFO - Filling up the DagBag from /home/airflow/.local/lib/python3.8/site-packages/airflow/example_dags/example_python_decorator.py
[2026-04-09T08:49:26.457+0000] {processor.py:840} INFO - DAG(s) 'example_python_decorator' retrieved from /home/airflow/.local/lib/python3.8/site-packages/airflow/example_dags/example_python_decorator.py
[2026-04-09T08:49:26.474+0000] {logging_mixin.py:188} INFO - [2026-04-09T08:49:26.474+0000] {dag.py:3033} INFO - Sync 1 DAGs
[2026-04-09T08:49:26.483+0000] {logging_mixin.py:188} INFO - [2026-04-09T08:49:26.483+0000] {dag.py:3820} INFO - Setting next_dagrun for example_python_decorator to None, run_after=None
[2026-04-09T08:49:26.497+0000] {processor.py:183} INFO - Processing /home/airflow/.local/lib/python3.8/site-packages/airflow/example_dags/example_python_decorator.py took 0.052 seconds
[2026-04-09T08:49:57.387+0000] {processor.py:161} INFO - Started process (PID=5471) to work on /home/airflow/.local/lib/python3.8/site-packages/airflow/example_dags/example_python_decorator.py
[2026-04-09T08:49:57.388+0000] {processor.py:830} INFO - Processing file /home/airflow/.local/lib/python3.8/site-packages/airflow/example_dags/example_python_decorator.py for tasks to queue
[2026-04-09T08:49:57.389+0000] {logging_mixin.py:188} INFO - [2026-04-09T08:49:57.389+0000] {dagbag.py:538} INFO - Filling up the DagBag from /home/airflow/.local/lib/python3.8/site-packages/airflow/example_dags/example_python_decorator.py
[2026-04-09T08:49:57.397+0000] {processor.py:840} INFO - DAG(s) 'example_python_decorator' retrieved from /home/airflow/.local/lib/python3.8/site-packages/airflow/example_dags/example_python_decorator.py
[2026-04-09T08:49:57.414+0000] {logging_mixin.py:188} INFO - [2026-04-09T08:49:57.414+0000] {dag.py:3033} INFO - Sync 1 DAGs
[2026-04-09T08:49:57.423+0000] {logging_mixin.py:188} INFO - [2026-04-09T08:49:57.423+0000] {dag.py:3820} INFO - Setting next_dagrun for example_python_decorator to None, run_after=None
[2026-04-09T08:49:57.437+0000] {processor.py:183} INFO - Processing /home/airflow/.local/lib/python3.8/site-packages/airflow/example_dags/example_python_decorator.py took 0.052 seconds
[2026-04-09T08:50:27.668+0000] {processor.py:161} INFO - Started process (PID=5532) to work on /home/airflow/.local/lib/python3.8/site-packages/airflow/example_dags/example_python_decorator.py
[2026-04-09T08:50:27.669+0000] {processor.py:830} INFO - Processing file /home/airflow/.local/lib/python3.8/site-packages/airflow/example_dags/example_python_decorator.py for tasks to queue
[2026-04-09T08:50:27.671+0000] {logging_mixin.py:188} INFO - [2026-04-09T08:50:27.671+0000] {dagbag.py:538} INFO - Filling up the DagBag from /home/airflow/.local/lib/python3.8/site-packages/airflow/example_dags/example_python_decorator.py
[2026-04-09T08:50:27.684+0000] {processor.py:840} INFO - DAG(s) 'example_python_decorator' retrieved from /home/airflow/.local/lib/python3.8/site-packages/airflow/example_dags/example_python_decorator.py
[2026-04-09T08:50:27.708+0000] {logging_mixin.py:188} INFO - [2026-04-09T08:50:27.708+0000] {dag.py:3033} INFO - Sync 1 DAGs
[2026-04-09T08:50:27.718+0000] {logging_mixin.py:188} INFO - [2026-04-09T08:50:27.718+0000] {dag.py:3820} INFO - Setting next_dagrun for example_python_decorator to None, run_after=None
[2026-04-09T08:50:27.731+0000] {processor.py:183} INFO - Processing /home/airflow/.local/lib/python3.8/site-packages/airflow/example_dags/example_python_decorator.py took 0.067 seconds
[2026-04-09T08:50:58.390+0000] {processor.py:161} INFO - Started process (PID=5593) to work on /home/airflow/.local/lib/python3.8/site-packages/airflow/example_dags/example_python_decorator.py
[2026-04-09T08:50:58.391+0000] {processor.py:830} INFO - Processing file /home/airflow/.local/lib/python3.8/site-packages/airflow/example_dags/example_python_decorator.py for tasks to queue
[2026-04-09T08:50:58.393+0000] {logging_mixin.py:188} INFO - [2026-04-09T08:50:58.393+0000] {dagbag.py:538} INFO - Filling up the DagBag from /home/airflow/.local/lib/python3.8/site-packages/airflow/example_dags/example_python_decorator.py
[2026-04-09T08:50:58.400+0000] {processor.py:840} INFO - DAG(s) 'example_python_decorator' retrieved from /home/airflow/.local/lib/python3.8/site-packages/airflow/example_dags/example_python_decorator.py
[2026-04-09T08:50:58.417+0000] {logging_mixin.py:188} INFO - [2026-04-09T08:50:58.417+0000] {dag.py:3033} INFO - Sync 1 DAGs
[2026-04-09T08:50:58.427+0000] {logging_mixin.py:188} INFO - [2026-04-09T08:50:58.427+0000] {dag.py:3820} INFO - Setting next_dagrun for example_python_decorator to None, run_after=None
[2026-04-09T08:50:58.440+0000] {processor.py:183} INFO - Processing /home/airflow/.local/lib/python3.8/site-packages/airflow/example_dags/example_python_decorator.py took 0.052 seconds
[2026-04-09T08:51:28.738+0000] {processor.py:161} INFO - Started process (PID=5654) to work on /home/airflow/.local/lib/python3.8/site-packages/airflow/example_dags/example_python_decorator.py
[2026-04-09T08:51:28.739+0000] {processor.py:830} INFO - Processing file /home/airflow/.local/lib/python3.8/site-packages/airflow/example_dags/example_python_decorator.py for tasks to queue
[2026-04-09T08:51:28.741+0000] {logging_mixin.py:188} INFO - [2026-04-09T08:51:28.741+0000] {dagbag.py:538} INFO - Filling up the DagBag from /home/airflow/.local/lib/python3.8/site-packages/airflow/example_dags/example_python_decorator.py
[2026-04-09T08:51:28.751+0000] {processor.py:840} INFO - DAG(s) 'example_python_decorator' retrieved from /home/airflow/.local/lib/python3.8/site-packages/airflow/example_dags/example_python_decorator.py
[2026-04-09T08:51:28.779+0000] {logging_mixin.py:188} INFO - [2026-04-09T08:51:28.779+0000] {dag.py:3033} INFO - Sync 1 DAGs
[2026-04-09T08:51:28.792+0000] {logging_mixin.py:188} INFO - [2026-04-09T08:51:28.792+0000] {dag.py:3820} INFO - Setting next_dagrun for example_python_decorator to None, run_after=None
[2026-04-09T08:51:28.808+0000] {processor.py:183} INFO - Processing /home/airflow/.local/lib/python3.8/site-packages/airflow/example_dags/example_python_decorator.py took 0.073 seconds
[2026-04-09T08:51:59.184+0000] {processor.py:161} INFO - Started process (PID=5715) to work on /home/airflow/.local/lib/python3.8/site-packages/airflow/example_dags/example_python_decorator.py
[2026-04-09T08:51:59.185+0000] {processor.py:830} INFO - Processing file /home/airflow/.local/lib/python3.8/site-packages/airflow/example_dags/example_python_decorator.py for tasks to queue
[2026-04-09T08:51:59.187+0000] {logging_mixin.py:188} INFO - [2026-04-09T08:51:59.187+0000] {dagbag.py:538} INFO - Filling up the DagBag from /home/airflow/.local/lib/python3.8/site-packages/airflow/example_dags/example_python_decorator.py
[2026-04-09T08:51:59.198+0000] {processor.py:840} INFO - DAG(s) 'example_python_decorator' retrieved from /home/airflow/.local/lib/python3.8/site-packages/airflow/example_dags/example_python_decorator.py
[2026-04-09T08:51:59.223+0000] {logging_mixin.py:188} INFO - [2026-04-09T08:51:59.223+0000] {dag.py:3033} INFO - Sync 1 DAGs
[2026-04-09T08:51:59.237+0000] {logging_mixin.py:188} INFO - [2026-04-09T08:51:59.237+0000] {dag.py:3820} INFO - Setting next_dagrun for example_python_decorator to None, run_after=None
[2026-04-09T08:51:59.253+0000] {processor.py:183} INFO - Processing /home/airflow/.local/lib/python3.8/site-packages/airflow/example_dags/example_python_decorator.py took 0.072 seconds
[2026-04-09T08:52:29.989+0000] {processor.py:161} INFO - Started process (PID=5776) to work on /home/airflow/.local/lib/python3.8/site-packages/airflow/example_dags/example_python_decorator.py
[2026-04-09T08:52:29.990+0000] {processor.py:830} INFO - Processing file /home/airflow/.local/lib/python3.8/site-packages/airflow/example_dags/example_python_decorator.py for tasks to queue
[2026-04-09T08:52:29.994+0000] {logging_mixin.py:188} INFO - [2026-04-09T08:52:29.993+0000] {dagbag.py:538} INFO - Filling up the DagBag from /home/airflow/.local/lib/python3.8/site-packages/airflow/example_dags/example_python_decorator.py
[2026-04-09T08:52:30.004+0000] {processor.py:840} INFO - DAG(s) 'example_python_decorator' retrieved from /home/airflow/.local/lib/python3.8/site-packages/airflow/example_dags/example_python_decorator.py
[2026-04-09T08:52:30.024+0000] {logging_mixin.py:188} INFO - [2026-04-09T08:52:30.024+0000] {dag.py:3033} INFO - Sync 1 DAGs
[2026-04-09T08:52:30.036+0000] {logging_mixin.py:188} INFO - [2026-04-09T08:52:30.035+0000] {dag.py:3820} INFO - Setting next_dagrun for example_python_decorator to None, run_after=None
[2026-04-09T08:52:30.051+0000] {processor.py:183} INFO - Processing /home/airflow/.local/lib/python3.8/site-packages/airflow/example_dags/example_python_decorator.py took 0.065 seconds
[2026-04-09T08:53:00.851+0000] {processor.py:161} INFO - Started process (PID=5837) to work on /home/airflow/.local/lib/python3.8/site-packages/airflow/example_dags/example_python_decorator.py
[2026-04-09T08:53:00.886+0000] {processor.py:830} INFO - Processing file /home/airflow/.local/lib/python3.8/site-packages/airflow/example_dags/example_python_decorator.py for tasks to queue
[2026-04-09T08:53:00.904+0000] {logging_mixin.py:188} INFO - [2026-04-09T08:53:00.902+0000] {dagbag.py:538} INFO - Filling up the DagBag from /home/airflow/.local/lib/python3.8/site-packages/airflow/example_dags/example_python_decorator.py
[2026-04-09T08:53:01.055+0000] {processor.py:840} INFO - DAG(s) 'example_python_decorator' retrieved from /home/airflow/.local/lib/python3.8/site-packages/airflow/example_dags/example_python_decorator.py
[2026-04-09T08:53:01.240+0000] {logging_mixin.py:188} INFO - [2026-04-09T08:53:01.240+0000] {dag.py:3033} INFO - Sync 1 DAGs
[2026-04-09T08:53:01.288+0000] {logging_mixin.py:188} INFO - [2026-04-09T08:53:01.288+0000] {dag.py:3820} INFO - Setting next_dagrun for example_python_decorator to None, run_after=None
[2026-04-09T08:53:01.386+0000] {processor.py:183} INFO - Processing /home/airflow/.local/lib/python3.8/site-packages/airflow/example_dags/example_python_decorator.py took 0.552 seconds
[2026-04-09T08:53:32.112+0000] {processor.py:161} INFO - Started process (PID=5898) to work on /home/airflow/.local/lib/python3.8/site-packages/airflow/example_dags/example_python_decorator.py
[2026-04-09T08:53:32.114+0000] {processor.py:830} INFO - Processing file /home/airflow/.local/lib/python3.8/site-packages/airflow/example_dags/example_python_decorator.py for tasks to queue
[2026-04-09T08:53:32.121+0000] {logging_mixin.py:188} INFO - [2026-04-09T08:53:32.121+0000] {dagbag.py:538} INFO - Filling up the DagBag from /home/airflow/.local/lib/python3.8/site-packages/airflow/example_dags/example_python_decorator.py
[2026-04-09T08:53:32.173+0000] {processor.py:840} INFO - DAG(s) 'example_python_decorator' retrieved from /home/airflow/.local/lib/python3.8/site-packages/airflow/example_dags/example_python_decorator.py
[2026-04-09T08:53:32.219+0000] {logging_mixin.py:188} INFO - [2026-04-09T08:53:32.219+0000] {dag.py:3033} INFO - Sync 1 DAGs
[2026-04-09T08:53:32.233+0000] {logging_mixin.py:188} INFO - [2026-04-09T08:53:32.232+0000] {dag.py:3820} INFO - Setting next_dagrun for example_python_decorator to None, run_after=None
[2026-04-09T08:53:32.251+0000] {processor.py:183} INFO - Processing /home/airflow/.local/lib/python3.8/site-packages/airflow/example_dags/example_python_decorator.py took 0.154 seconds
[2026-04-09T08:54:02.440+0000] {processor.py:161} INFO - Started process (PID=5959) to work on /home/airflow/.local/lib/python3.8/site-packages/airflow/example_dags/example_python_decorator.py
[2026-04-09T08:54:02.441+0000] {processor.py:830} INFO - Processing file /home/airflow/.local/lib/python3.8/site-packages/airflow/example_dags/example_python_decorator.py for tasks to queue
[2026-04-09T08:54:02.443+0000] {logging_mixin.py:188} INFO - [2026-04-09T08:54:02.443+0000] {dagbag.py:538} INFO - Filling up the DagBag from /home/airflow/.local/lib/python3.8/site-packages/airflow/example_dags/example_python_decorator.py
[2026-04-09T08:54:02.454+0000] {processor.py:840} INFO - DAG(s) 'example_python_decorator' retrieved from /home/airflow/.local/lib/python3.8/site-packages/airflow/example_dags/example_python_decorator.py
[2026-04-09T08:54:02.478+0000] {logging_mixin.py:188} INFO - [2026-04-09T08:54:02.478+0000] {dag.py:3033} INFO - Sync 1 DAGs
[2026-04-09T08:54:02.492+0000] {logging_mixin.py:188} INFO - [2026-04-09T08:54:02.492+0000] {dag.py:3820} INFO - Setting next_dagrun for example_python_decorator to None, run_after=None
[2026-04-09T08:54:02.511+0000] {processor.py:183} INFO - Processing /home/airflow/.local/lib/python3.8/site-packages/airflow/example_dags/example_python_decorator.py took 0.075 seconds
[2026-04-09T08:54:32.599+0000] {processor.py:161} INFO - Started process (PID=6020) to work on /home/airflow/.local/lib/python3.8/site-packages/airflow/example_dags/example_python_decorator.py
[2026-04-09T08:54:32.600+0000] {processor.py:830} INFO - Processing file /home/airflow/.local/lib/python3.8/site-packages/airflow/example_dags/example_python_decorator.py for tasks to queue
[2026-04-09T08:54:32.602+0000] {logging_mixin.py:188} INFO - [2026-04-09T08:54:32.602+0000] {dagbag.py:538} INFO - Filling up the DagBag from /home/airflow/.local/lib/python3.8/site-packages/airflow/example_dags/example_python_decorator.py
[2026-04-09T08:54:32.613+0000] {processor.py:840} INFO - DAG(s) 'example_python_decorator' retrieved from /home/airflow/.local/lib/python3.8/site-packages/airflow/example_dags/example_python_decorator.py
[2026-04-09T08:54:32.638+0000] {logging_mixin.py:188} INFO - [2026-04-09T08:54:32.638+0000] {dag.py:3033} INFO - Sync 1 DAGs
[2026-04-09T08:54:32.660+0000] {logging_mixin.py:188} INFO - [2026-04-09T08:54:32.660+0000] {dag.py:3820} INFO - Setting next_dagrun for example_python_decorator to None, run_after=None
[2026-04-09T08:54:32.680+0000] {processor.py:183} INFO - Processing /home/airflow/.local/lib/python3.8/site-packages/airflow/example_dags/example_python_decorator.py took 0.084 seconds
[2026-04-09T08:55:03.375+0000] {processor.py:161} INFO - Started process (PID=6081) to work on /home/airflow/.local/lib/python3.8/site-packages/airflow/example_dags/example_python_decorator.py
[2026-04-09T08:55:03.376+0000] {processor.py:830} INFO - Processing file /home/airflow/.local/lib/python3.8/site-packages/airflow/example_dags/example_python_decorator.py for tasks to queue
[2026-04-09T08:55:03.377+0000] {logging_mixin.py:188} INFO - [2026-04-09T08:55:03.377+0000] {dagbag.py:538} INFO - Filling up the DagBag from /home/airflow/.local/lib/python3.8/site-packages/airflow/example_dags/example_python_decorator.py
[2026-04-09T08:55:03.385+0000] {processor.py:840} INFO - DAG(s) 'example_python_decorator' retrieved from /home/airflow/.local/lib/python3.8/site-packages/airflow/example_dags/example_python_decorator.py
[2026-04-09T08:55:03.402+0000] {logging_mixin.py:188} INFO - [2026-04-09T08:55:03.402+0000] {dag.py:3033} INFO - Sync 1 DAGs
[2026-04-09T08:55:03.413+0000] {logging_mixin.py:188} INFO - [2026-04-09T08:55:03.412+0000] {dag.py:3820} INFO - Setting next_dagrun for example_python_decorator to None, run_after=None
[2026-04-09T08:55:03.426+0000] {processor.py:183} INFO - Processing /home/airflow/.local/lib/python3.8/site-packages/airflow/example_dags/example_python_decorator.py took 0.054 seconds
[2026-04-09T08:55:33.825+0000] {processor.py:161} INFO - Started process (PID=6142) to work on /home/airflow/.local/lib/python3.8/site-packages/airflow/example_dags/example_python_decorator.py
[2026-04-09T08:55:33.826+0000] {processor.py:830} INFO - Processing file /home/airflow/.local/lib/python3.8/site-packages/airflow/example_dags/example_python_decorator.py for tasks to queue
[2026-04-09T08:55:33.828+0000] {logging_mixin.py:188} INFO - [2026-04-09T08:55:33.827+0000] {dagbag.py:538} INFO - Filling up the DagBag from /home/airflow/.local/lib/python3.8/site-packages/airflow/example_dags/example_python_decorator.py
[2026-04-09T08:55:33.839+0000] {processor.py:840} INFO - DAG(s) 'example_python_decorator' retrieved from /home/airflow/.local/lib/python3.8/site-packages/airflow/example_dags/example_python_decorator.py
[2026-04-09T08:55:33.862+0000] {logging_mixin.py:188} INFO - [2026-04-09T08:55:33.861+0000] {dag.py:3033} INFO - Sync 1 DAGs
[2026-04-09T08:55:33.875+0000] {logging_mixin.py:188} INFO - [2026-04-09T08:55:33.874+0000] {dag.py:3820} INFO - Setting next_dagrun for example_python_decorator to None, run_after=None
[2026-04-09T08:55:33.893+0000] {processor.py:183} INFO - Processing /home/airflow/.local/lib/python3.8/site-packages/airflow/example_dags/example_python_decorator.py took 0.071 seconds
[2026-04-09T08:56:04.417+0000] {processor.py:161} INFO - Started process (PID=6203) to work on /home/airflow/.local/lib/python3.8/site-packages/airflow/example_dags/example_python_decorator.py
[2026-04-09T08:56:04.419+0000] {processor.py:830} INFO - Processing file /home/airflow/.local/lib/python3.8/site-packages/airflow/example_dags/example_python_decorator.py for tasks to queue
[2026-04-09T08:56:04.422+0000] {logging_mixin.py:188} INFO - [2026-04-09T08:56:04.422+0000] {dagbag.py:538} INFO - Filling up the DagBag from /home/airflow/.local/lib/python3.8/site-packages/airflow/example_dags/example_python_decorator.py
[2026-04-09T08:56:04.435+0000] {processor.py:840} INFO - DAG(s) 'example_python_decorator' retrieved from /home/airflow/.local/lib/python3.8/site-packages/airflow/example_dags/example_python_decorator.py
[2026-04-09T08:56:04.460+0000] {logging_mixin.py:188} INFO - [2026-04-09T08:56:04.459+0000] {dag.py:3033} INFO - Sync 1 DAGs
[2026-04-09T08:56:04.475+0000] {logging_mixin.py:188} INFO - [2026-04-09T08:56:04.475+0000] {dag.py:3820} INFO - Setting next_dagrun for example_python_decorator to None, run_after=None
[2026-04-09T08:56:04.522+0000] {processor.py:183} INFO - Processing /home/airflow/.local/lib/python3.8/site-packages/airflow/example_dags/example_python_decorator.py took 0.114 seconds
[2026-04-09T08:56:34.681+0000] {processor.py:161} INFO - Started process (PID=6264) to work on /home/airflow/.local/lib/python3.8/site-packages/airflow/example_dags/example_python_decorator.py
[2026-04-09T08:56:34.682+0000] {processor.py:830} INFO - Processing file /home/airflow/.local/lib/python3.8/site-packages/airflow/example_dags/example_python_decorator.py for tasks to queue
[2026-04-09T08:56:34.684+0000] {logging_mixin.py:188} INFO - [2026-04-09T08:56:34.684+0000] {dagbag.py:538} INFO - Filling up the DagBag from /home/airflow/.local/lib/python3.8/site-packages/airflow/example_dags/example_python_decorator.py
[2026-04-09T08:56:34.695+0000] {processor.py:840} INFO - DAG(s) 'example_python_decorator' retrieved from /home/airflow/.local/lib/python3.8/site-packages/airflow/example_dags/example_python_decorator.py
[2026-04-09T08:56:34.720+0000] {logging_mixin.py:188} INFO - [2026-04-09T08:56:34.720+0000] {dag.py:3033} INFO - Sync 1 DAGs
[2026-04-09T08:56:34.734+0000] {logging_mixin.py:188} INFO - [2026-04-09T08:56:34.734+0000] {dag.py:3820} INFO - Setting next_dagrun for example_python_decorator to None, run_after=None
[2026-04-09T08:56:34.754+0000] {processor.py:183} INFO - Processing /home/airflow/.local/lib/python3.8/site-packages/airflow/example_dags/example_python_decorator.py took 0.076 seconds
[2026-04-09T08:57:05.593+0000] {processor.py:161} INFO - Started process (PID=6325) to work on /home/airflow/.local/lib/python3.8/site-packages/airflow/example_dags/example_python_decorator.py
[2026-04-09T08:57:05.594+0000] {processor.py:830} INFO - Processing file /home/airflow/.local/lib/python3.8/site-packages/airflow/example_dags/example_python_decorator.py for tasks to queue
[2026-04-09T08:57:05.596+0000] {logging_mixin.py:188} INFO - [2026-04-09T08:57:05.596+0000] {dagbag.py:538} INFO - Filling up the DagBag from /home/airflow/.local/lib/python3.8/site-packages/airflow/example_dags/example_python_decorator.py
[2026-04-09T08:57:05.607+0000] {processor.py:840} INFO - DAG(s) 'example_python_decorator' retrieved from /home/airflow/.local/lib/python3.8/site-packages/airflow/example_dags/example_python_decorator.py
[2026-04-09T08:57:05.634+0000] {logging_mixin.py:188} INFO - [2026-04-09T08:57:05.633+0000] {dag.py:3033} INFO - Sync 1 DAGs
[2026-04-09T08:57:05.647+0000] {logging_mixin.py:188} INFO - [2026-04-09T08:57:05.647+0000] {dag.py:3820} INFO - Setting next_dagrun for example_python_decorator to None, run_after=None
[2026-04-09T08:57:05.666+0000] {processor.py:183} INFO - Processing /home/airflow/.local/lib/python3.8/site-packages/airflow/example_dags/example_python_decorator.py took 0.077 seconds
[2026-04-09T08:57:36.626+0000] {processor.py:161} INFO - Started process (PID=6386) to work on /home/airflow/.local/lib/python3.8/site-packages/airflow/example_dags/example_python_decorator.py
[2026-04-09T08:57:36.627+0000] {processor.py:830} INFO - Processing file /home/airflow/.local/lib/python3.8/site-packages/airflow/example_dags/example_python_decorator.py for tasks to queue
[2026-04-09T08:57:36.630+0000] {logging_mixin.py:188} INFO - [2026-04-09T08:57:36.629+0000] {dagbag.py:538} INFO - Filling up the DagBag from /home/airflow/.local/lib/python3.8/site-packages/airflow/example_dags/example_python_decorator.py
[2026-04-09T08:57:36.641+0000] {processor.py:840} INFO - DAG(s) 'example_python_decorator' retrieved from /home/airflow/.local/lib/python3.8/site-packages/airflow/example_dags/example_python_decorator.py
[2026-04-09T08:57:36.672+0000] {logging_mixin.py:188} INFO - [2026-04-09T08:57:36.671+0000] {dag.py:3033} INFO - Sync 1 DAGs
[2026-04-09T08:57:36.686+0000] {logging_mixin.py:188} INFO - [2026-04-09T08:57:36.686+0000] {dag.py:3820} INFO - Setting next_dagrun for example_python_decorator to None, run_after=None
[2026-04-09T08:57:36.715+0000] {processor.py:183} INFO - Processing /home/airflow/.local/lib/python3.8/site-packages/airflow/example_dags/example_python_decorator.py took 0.094 seconds
[2026-04-09T08:58:06.872+0000] {processor.py:161} INFO - Started process (PID=6447) to work on /home/airflow/.local/lib/python3.8/site-packages/airflow/example_dags/example_python_decorator.py
[2026-04-09T08:58:06.873+0000] {processor.py:830} INFO - Processing file /home/airflow/.local/lib/python3.8/site-packages/airflow/example_dags/example_python_decorator.py for tasks to queue
[2026-04-09T08:58:06.875+0000] {logging_mixin.py:188} INFO - [2026-04-09T08:58:06.875+0000] {dagbag.py:538} INFO - Filling up the DagBag from /home/airflow/.local/lib/python3.8/site-packages/airflow/example_dags/example_python_decorator.py
[2026-04-09T08:58:06.886+0000] {processor.py:840} INFO - DAG(s) 'example_python_decorator' retrieved from /home/airflow/.local/lib/python3.8/site-packages/airflow/example_dags/example_python_decorator.py
[2026-04-09T08:58:06.912+0000] {logging_mixin.py:188} INFO - [2026-04-09T08:58:06.911+0000] {dag.py:3033} INFO - Sync 1 DAGs
[2026-04-09T08:58:06.925+0000] {logging_mixin.py:188} INFO - [2026-04-09T08:58:06.924+0000] {dag.py:3820} INFO - Setting next_dagrun for example_python_decorator to None, run_after=None
[2026-04-09T08:58:06.944+0000] {processor.py:183} INFO - Processing /home/airflow/.local/lib/python3.8/site-packages/airflow/example_dags/example_python_decorator.py took 0.075 seconds
[2026-04-09T08:58:37.374+0000] {processor.py:161} INFO - Started process (PID=6508) to work on /home/airflow/.local/lib/python3.8/site-packages/airflow/example_dags/example_python_decorator.py
[2026-04-09T08:58:37.375+0000] {processor.py:830} INFO - Processing file /home/airflow/.local/lib/python3.8/site-packages/airflow/example_dags/example_python_decorator.py for tasks to queue
[2026-04-09T08:58:37.377+0000] {logging_mixin.py:188} INFO - [2026-04-09T08:58:37.376+0000] {dagbag.py:538} INFO - Filling up the DagBag from /home/airflow/.local/lib/python3.8/site-packages/airflow/example_dags/example_python_decorator.py
[2026-04-09T08:58:37.388+0000] {processor.py:840} INFO - DAG(s) 'example_python_decorator' retrieved from /home/airflow/.local/lib/python3.8/site-packages/airflow/example_dags/example_python_decorator.py
[2026-04-09T08:58:37.417+0000] {logging_mixin.py:188} INFO - [2026-04-09T08:58:37.417+0000] {dag.py:3033} INFO - Sync 1 DAGs
[2026-04-09T08:58:37.431+0000] {logging_mixin.py:188} INFO - [2026-04-09T08:58:37.430+0000] {dag.py:3820} INFO - Setting next_dagrun for example_python_decorator to None, run_after=None
[2026-04-09T08:58:37.449+0000] {processor.py:183} INFO - Processing /home/airflow/.local/lib/python3.8/site-packages/airflow/example_dags/example_python_decorator.py took 0.079 seconds
[2026-04-09T08:59:07.683+0000] {processor.py:161} INFO - Started process (PID=6569) to work on /home/airflow/.local/lib/python3.8/site-packages/airflow/example_dags/example_python_decorator.py
[2026-04-09T08:59:07.684+0000] {processor.py:830} INFO - Processing file /home/airflow/.local/lib/python3.8/site-packages/airflow/example_dags/example_python_decorator.py for tasks to queue
[2026-04-09T08:59:07.686+0000] {logging_mixin.py:188} INFO - [2026-04-09T08:59:07.686+0000] {dagbag.py:538} INFO - Filling up the DagBag from /home/airflow/.local/lib/python3.8/site-packages/airflow/example_dags/example_python_decorator.py
[2026-04-09T08:59:07.698+0000] {processor.py:840} INFO - DAG(s) 'example_python_decorator' retrieved from /home/airflow/.local/lib/python3.8/site-packages/airflow/example_dags/example_python_decorator.py
[2026-04-09T08:59:07.723+0000] {logging_mixin.py:188} INFO - [2026-04-09T08:59:07.722+0000] {dag.py:3033} INFO - Sync 1 DAGs
[2026-04-09T08:59:07.737+0000] {logging_mixin.py:188} INFO - [2026-04-09T08:59:07.736+0000] {dag.py:3820} INFO - Setting next_dagrun for example_python_decorator to None, run_after=None
[2026-04-09T08:59:07.757+0000] {processor.py:183} INFO - Processing /home/airflow/.local/lib/python3.8/site-packages/airflow/example_dags/example_python_decorator.py took 0.078 seconds
[2026-04-09T08:59:38.006+0000] {processor.py:161} INFO - Started process (PID=6630) to work on /home/airflow/.local/lib/python3.8/site-packages/airflow/example_dags/example_python_decorator.py
[2026-04-09T08:59:38.007+0000] {processor.py:830} INFO - Processing file /home/airflow/.local/lib/python3.8/site-packages/airflow/example_dags/example_python_decorator.py for tasks to queue
[2026-04-09T08:59:38.009+0000] {logging_mixin.py:188} INFO - [2026-04-09T08:59:38.009+0000] {dagbag.py:538} INFO - Filling up the DagBag from /home/airflow/.local/lib/python3.8/site-packages/airflow/example_dags/example_python_decorator.py
[2026-04-09T08:59:38.020+0000] {processor.py:840} INFO - DAG(s) 'example_python_decorator' retrieved from /home/airflow/.local/lib/python3.8/site-packages/airflow/example_dags/example_python_decorator.py
[2026-04-09T08:59:38.041+0000] {logging_mixin.py:188} INFO - [2026-04-09T08:59:38.041+0000] {dag.py:3033} INFO - Sync 1 DAGs
[2026-04-09T08:59:38.054+0000] {logging_mixin.py:188} INFO - [2026-04-09T08:59:38.054+0000] {dag.py:3820} INFO - Setting next_dagrun for example_python_decorator to None, run_after=None
[2026-04-09T08:59:38.074+0000] {processor.py:183} INFO - Processing /home/airflow/.local/lib/python3.8/site-packages/airflow/example_dags/example_python_decorator.py took 0.071 seconds
[2026-04-09T09:00:09.196+0000] {processor.py:161} INFO - Started process (PID=6691) to work on /home/airflow/.local/lib/python3.8/site-packages/airflow/example_dags/example_python_decorator.py
[2026-04-09T09:00:09.197+0000] {processor.py:830} INFO - Processing file /home/airflow/.local/lib/python3.8/site-packages/airflow/example_dags/example_python_decorator.py for tasks to queue
[2026-04-09T09:00:09.199+0000] {logging_mixin.py:188} INFO - [2026-04-09T09:00:09.199+0000] {dagbag.py:538} INFO - Filling up the DagBag from /home/airflow/.local/lib/python3.8/site-packages/airflow/example_dags/example_python_decorator.py
[2026-04-09T09:00:09.211+0000] {processor.py:840} INFO - DAG(s) 'example_python_decorator' retrieved from /home/airflow/.local/lib/python3.8/site-packages/airflow/example_dags/example_python_decorator.py
[2026-04-09T09:00:09.235+0000] {logging_mixin.py:188} INFO - [2026-04-09T09:00:09.235+0000] {dag.py:3033} INFO - Sync 1 DAGs
[2026-04-09T09:00:09.249+0000] {logging_mixin.py:188} INFO - [2026-04-09T09:00:09.249+0000] {dag.py:3820} INFO - Setting next_dagrun for example_python_decorator to None, run_after=None
[2026-04-09T09:00:09.269+0000] {processor.py:183} INFO - Processing /home/airflow/.local/lib/python3.8/site-packages/airflow/example_dags/example_python_decorator.py took 0.077 seconds
[2026-04-09T09:00:39.709+0000] {processor.py:161} INFO - Started process (PID=6752) to work on /home/airflow/.local/lib/python3.8/site-packages/airflow/example_dags/example_python_decorator.py
[2026-04-09T09:00:39.709+0000] {processor.py:830} INFO - Processing file /home/airflow/.local/lib/python3.8/site-packages/airflow/example_dags/example_python_decorator.py for tasks to queue
[2026-04-09T09:00:39.712+0000] {logging_mixin.py:188} INFO - [2026-04-09T09:00:39.711+0000] {dagbag.py:538} INFO - Filling up the DagBag from /home/airflow/.local/lib/python3.8/site-packages/airflow/example_dags/example_python_decorator.py
[2026-04-09T09:00:39.722+0000] {processor.py:840} INFO - DAG(s) 'example_python_decorator' retrieved from /home/airflow/.local/lib/python3.8/site-packages/airflow/example_dags/example_python_decorator.py
[2026-04-09T09:00:39.744+0000] {logging_mixin.py:188} INFO - [2026-04-09T09:00:39.744+0000] {dag.py:3033} INFO - Sync 1 DAGs
[2026-04-09T09:00:39.758+0000] {logging_mixin.py:188} INFO - [2026-04-09T09:00:39.758+0000] {dag.py:3820} INFO - Setting next_dagrun for example_python_decorator to None, run_after=None
[2026-04-09T09:00:39.780+0000] {processor.py:183} INFO - Processing /home/airflow/.local/lib/python3.8/site-packages/airflow/example_dags/example_python_decorator.py took 0.075 seconds
[2026-04-09T09:01:10.517+0000] {processor.py:161} INFO - Started process (PID=6814) to work on /home/airflow/.local/lib/python3.8/site-packages/airflow/example_dags/example_python_decorator.py
[2026-04-09T09:01:10.518+0000] {processor.py:830} INFO - Processing file /home/airflow/.local/lib/python3.8/site-packages/airflow/example_dags/example_python_decorator.py for tasks to queue
[2026-04-09T09:01:10.520+0000] {logging_mixin.py:188} INFO - [2026-04-09T09:01:10.520+0000] {dagbag.py:538} INFO - Filling up the DagBag from /home/airflow/.local/lib/python3.8/site-packages/airflow/example_dags/example_python_decorator.py
[2026-04-09T09:01:10.530+0000] {processor.py:840} INFO - DAG(s) 'example_python_decorator' retrieved from /home/airflow/.local/lib/python3.8/site-packages/airflow/example_dags/example_python_decorator.py
[2026-04-09T09:01:10.553+0000] {logging_mixin.py:188} INFO - [2026-04-09T09:01:10.553+0000] {dag.py:3033} INFO - Sync 1 DAGs
[2026-04-09T09:01:10.566+0000] {logging_mixin.py:188} INFO - [2026-04-09T09:01:10.566+0000] {dag.py:3820} INFO - Setting next_dagrun for example_python_decorator to None, run_after=None
[2026-04-09T09:01:10.585+0000] {processor.py:183} INFO - Processing /home/airflow/.local/lib/python3.8/site-packages/airflow/example_dags/example_python_decorator.py took 0.072 seconds
[2026-04-09T09:01:41.136+0000] {processor.py:161} INFO - Started process (PID=6875) to work on /home/airflow/.local/lib/python3.8/site-packages/airflow/example_dags/example_python_decorator.py
[2026-04-09T09:01:41.143+0000] {processor.py:830} INFO - Processing file /home/airflow/.local/lib/python3.8/site-packages/airflow/example_dags/example_python_decorator.py for tasks to queue
[2026-04-09T09:01:41.150+0000] {logging_mixin.py:188} INFO - [2026-04-09T09:01:41.149+0000] {dagbag.py:538} INFO - Filling up the DagBag from /home/airflow/.local/lib/python3.8/site-packages/airflow/example_dags/example_python_decorator.py
[2026-04-09T09:01:41.188+0000] {processor.py:840} INFO - DAG(s) 'example_python_decorator' retrieved from /home/airflow/.local/lib/python3.8/site-packages/airflow/example_dags/example_python_decorator.py
[2026-04-09T09:01:41.273+0000] {logging_mixin.py:188} INFO - [2026-04-09T09:01:41.273+0000] {dag.py:3033} INFO - Sync 1 DAGs
[2026-04-09T09:01:41.323+0000] {logging_mixin.py:188} INFO - [2026-04-09T09:01:41.323+0000] {dag.py:3820} INFO - Setting next_dagrun for example_python_decorator to None, run_after=None
[2026-04-09T09:01:41.388+0000] {processor.py:183} INFO - Processing /home/airflow/.local/lib/python3.8/site-packages/airflow/example_dags/example_python_decorator.py took 0.264 seconds
[2026-04-09T09:02:11.625+0000] {processor.py:161} INFO - Started process (PID=6936) to work on /home/airflow/.local/lib/python3.8/site-packages/airflow/example_dags/example_python_decorator.py
[2026-04-09T09:02:11.626+0000] {processor.py:830} INFO - Processing file /home/airflow/.local/lib/python3.8/site-packages/airflow/example_dags/example_python_decorator.py for tasks to queue
[2026-04-09T09:02:11.628+0000] {logging_mixin.py:188} INFO - [2026-04-09T09:02:11.628+0000] {dagbag.py:538} INFO - Filling up the DagBag from /home/airflow/.local/lib/python3.8/site-packages/airflow/example_dags/example_python_decorator.py
[2026-04-09T09:02:11.639+0000] {processor.py:840} INFO - DAG(s) 'example_python_decorator' retrieved from /home/airflow/.local/lib/python3.8/site-packages/airflow/example_dags/example_python_decorator.py
[2026-04-09T09:02:11.663+0000] {logging_mixin.py:188} INFO - [2026-04-09T09:02:11.663+0000] {dag.py:3033} INFO - Sync 1 DAGs
[2026-04-09T09:02:11.677+0000] {logging_mixin.py:188} INFO - [2026-04-09T09:02:11.676+0000] {dag.py:3820} INFO - Setting next_dagrun for example_python_decorator to None, run_after=None
[2026-04-09T09:02:11.695+0000] {processor.py:183} INFO - Processing /home/airflow/.local/lib/python3.8/site-packages/airflow/example_dags/example_python_decorator.py took 0.074 seconds
[2026-04-09T09:02:42.628+0000] {processor.py:161} INFO - Started process (PID=6997) to work on /home/airflow/.local/lib/python3.8/site-packages/airflow/example_dags/example_python_decorator.py
[2026-04-09T09:02:42.629+0000] {processor.py:830} INFO - Processing file /home/airflow/.local/lib/python3.8/site-packages/airflow/example_dags/example_python_decorator.py for tasks to queue
[2026-04-09T09:02:42.631+0000] {logging_mixin.py:188} INFO - [2026-04-09T09:02:42.631+0000] {dagbag.py:538} INFO - Filling up the DagBag from /home/airflow/.local/lib/python3.8/site-packages/airflow/example_dags/example_python_decorator.py
[2026-04-09T09:02:42.640+0000] {processor.py:840} INFO - DAG(s) 'example_python_decorator' retrieved from /home/airflow/.local/lib/python3.8/site-packages/airflow/example_dags/example_python_decorator.py
[2026-04-09T09:02:42.666+0000] {logging_mixin.py:188} INFO - [2026-04-09T09:02:42.666+0000] {dag.py:3033} INFO - Sync 1 DAGs
[2026-04-09T09:02:42.680+0000] {logging_mixin.py:188} INFO - [2026-04-09T09:02:42.680+0000] {dag.py:3820} INFO - Setting next_dagrun for example_python_decorator to None, run_after=None
[2026-04-09T09:02:42.699+0000] {processor.py:183} INFO - Processing /home/airflow/.local/lib/python3.8/site-packages/airflow/example_dags/example_python_decorator.py took 0.075 seconds
[2026-04-09T09:03:12.900+0000] {processor.py:161} INFO - Started process (PID=7058) to work on /home/airflow/.local/lib/python3.8/site-packages/airflow/example_dags/example_python_decorator.py
[2026-04-09T09:03:12.901+0000] {processor.py:830} INFO - Processing file /home/airflow/.local/lib/python3.8/site-packages/airflow/example_dags/example_python_decorator.py for tasks to queue
[2026-04-09T09:03:12.904+0000] {logging_mixin.py:188} INFO - [2026-04-09T09:03:12.903+0000] {dagbag.py:538} INFO - Filling up the DagBag from /home/airflow/.local/lib/python3.8/site-packages/airflow/example_dags/example_python_decorator.py
[2026-04-09T09:03:12.915+0000] {processor.py:840} INFO - DAG(s) 'example_python_decorator' retrieved from /home/airflow/.local/lib/python3.8/site-packages/airflow/example_dags/example_python_decorator.py
[2026-04-09T09:03:12.940+0000] {logging_mixin.py:188} INFO - [2026-04-09T09:03:12.939+0000] {dag.py:3033} INFO - Sync 1 DAGs
[2026-04-09T09:03:12.954+0000] {logging_mixin.py:188} INFO - [2026-04-09T09:03:12.953+0000] {dag.py:3820} INFO - Setting next_dagrun for example_python_decorator to None, run_after=None
[2026-04-09T09:03:12.971+0000] {processor.py:183} INFO - Processing /home/airflow/.local/lib/python3.8/site-packages/airflow/example_dags/example_python_decorator.py took 0.075 seconds
[2026-04-09T09:03:43.833+0000] {processor.py:161} INFO - Started process (PID=7126) to work on /home/airflow/.local/lib/python3.8/site-packages/airflow/example_dags/example_python_decorator.py
[2026-04-09T09:03:43.834+0000] {processor.py:830} INFO - Processing file /home/airflow/.local/lib/python3.8/site-packages/airflow/example_dags/example_python_decorator.py for tasks to queue
[2026-04-09T09:03:43.836+0000] {logging_mixin.py:188} INFO - [2026-04-09T09:03:43.836+0000] {dagbag.py:538} INFO - Filling up the DagBag from /home/airflow/.local/lib/python3.8/site-packages/airflow/example_dags/example_python_decorator.py
[2026-04-09T09:03:43.847+0000] {processor.py:840} INFO - DAG(s) 'example_python_decorator' retrieved from /home/airflow/.local/lib/python3.8/site-packages/airflow/example_dags/example_python_decorator.py
[2026-04-09T09:03:43.871+0000] {logging_mixin.py:188} INFO - [2026-04-09T09:03:43.870+0000] {dag.py:3033} INFO - Sync 1 DAGs
[2026-04-09T09:03:43.885+0000] {logging_mixin.py:188} INFO - [2026-04-09T09:03:43.885+0000] {dag.py:3820} INFO - Setting next_dagrun for example_python_decorator to None, run_after=None
[2026-04-09T09:03:43.902+0000] {processor.py:183} INFO - Processing /home/airflow/.local/lib/python3.8/site-packages/airflow/example_dags/example_python_decorator.py took 0.072 seconds
[2026-04-09T09:04:14.243+0000] {processor.py:161} INFO - Started process (PID=7187) to work on /home/airflow/.local/lib/python3.8/site-packages/airflow/example_dags/example_python_decorator.py
[2026-04-09T09:04:14.244+0000] {processor.py:830} INFO - Processing file /home/airflow/.local/lib/python3.8/site-packages/airflow/example_dags/example_python_decorator.py for tasks to queue
[2026-04-09T09:04:14.246+0000] {logging_mixin.py:188} INFO - [2026-04-09T09:04:14.246+0000] {dagbag.py:538} INFO - Filling up the DagBag from /home/airflow/.local/lib/python3.8/site-packages/airflow/example_dags/example_python_decorator.py
[2026-04-09T09:04:14.257+0000] {processor.py:840} INFO - DAG(s) 'example_python_decorator' retrieved from /home/airflow/.local/lib/python3.8/site-packages/airflow/example_dags/example_python_decorator.py
[2026-04-09T09:04:14.280+0000] {logging_mixin.py:188} INFO - [2026-04-09T09:04:14.280+0000] {dag.py:3033} INFO - Sync 1 DAGs
[2026-04-09T09:04:14.293+0000] {logging_mixin.py:188} INFO - [2026-04-09T09:04:14.293+0000] {dag.py:3820} INFO - Setting next_dagrun for example_python_decorator to None, run_after=None
[2026-04-09T09:04:14.312+0000] {processor.py:183} INFO - Processing /home/airflow/.local/lib/python3.8/site-packages/airflow/example_dags/example_python_decorator.py took 0.072 seconds
[2026-04-09T09:04:44.544+0000] {processor.py:161} INFO - Started process (PID=7248) to work on /home/airflow/.local/lib/python3.8/site-packages/airflow/example_dags/example_python_decorator.py
[2026-04-09T09:04:44.545+0000] {processor.py:830} INFO - Processing file /home/airflow/.local/lib/python3.8/site-packages/airflow/example_dags/example_python_decorator.py for tasks to queue
[2026-04-09T09:04:44.547+0000] {logging_mixin.py:188} INFO - [2026-04-09T09:04:44.547+0000] {dagbag.py:538} INFO - Filling up the DagBag from /home/airflow/.local/lib/python3.8/site-packages/airflow/example_dags/example_python_decorator.py
[2026-04-09T09:04:44.558+0000] {processor.py:840} INFO - DAG(s) 'example_python_decorator' retrieved from /home/airflow/.local/lib/python3.8/site-packages/airflow/example_dags/example_python_decorator.py
[2026-04-09T09:04:44.582+0000] {logging_mixin.py:188} INFO - [2026-04-09T09:04:44.582+0000] {dag.py:3033} INFO - Sync 1 DAGs
[2026-04-09T09:04:44.597+0000] {logging_mixin.py:188} INFO - [2026-04-09T09:04:44.596+0000] {dag.py:3820} INFO - Setting next_dagrun for example_python_decorator to None, run_after=None
[2026-04-09T09:04:44.614+0000] {processor.py:183} INFO - Processing /home/airflow/.local/lib/python3.8/site-packages/airflow/example_dags/example_python_decorator.py took 0.073 seconds
[2026-04-09T09:05:15.347+0000] {processor.py:161} INFO - Started process (PID=7309) to work on /home/airflow/.local/lib/python3.8/site-packages/airflow/example_dags/example_python_decorator.py
[2026-04-09T09:05:15.348+0000] {processor.py:830} INFO - Processing file /home/airflow/.local/lib/python3.8/site-packages/airflow/example_dags/example_python_decorator.py for tasks to queue
[2026-04-09T09:05:15.350+0000] {logging_mixin.py:188} INFO - [2026-04-09T09:05:15.350+0000] {dagbag.py:538} INFO - Filling up the DagBag from /home/airflow/.local/lib/python3.8/site-packages/airflow/example_dags/example_python_decorator.py
[2026-04-09T09:05:15.361+0000] {processor.py:840} INFO - DAG(s) 'example_python_decorator' retrieved from /home/airflow/.local/lib/python3.8/site-packages/airflow/example_dags/example_python_decorator.py
[2026-04-09T09:05:15.388+0000] {logging_mixin.py:188} INFO - [2026-04-09T09:05:15.388+0000] {dag.py:3033} INFO - Sync 1 DAGs
[2026-04-09T09:05:15.402+0000] {logging_mixin.py:188} INFO - [2026-04-09T09:05:15.402+0000] {dag.py:3820} INFO - Setting next_dagrun for example_python_decorator to None, run_after=None
[2026-04-09T09:05:15.422+0000] {processor.py:183} INFO - Processing /home/airflow/.local/lib/python3.8/site-packages/airflow/example_dags/example_python_decorator.py took 0.079 seconds
[2026-04-09T09:05:45.801+0000] {processor.py:161} INFO - Started process (PID=7370) to work on /home/airflow/.local/lib/python3.8/site-packages/airflow/example_dags/example_python_decorator.py
[2026-04-09T09:05:45.802+0000] {processor.py:830} INFO - Processing file /home/airflow/.local/lib/python3.8/site-packages/airflow/example_dags/example_python_decorator.py for tasks to queue
[2026-04-09T09:05:45.804+0000] {logging_mixin.py:188} INFO - [2026-04-09T09:05:45.803+0000] {dagbag.py:538} INFO - Filling up the DagBag from /home/airflow/.local/lib/python3.8/site-packages/airflow/example_dags/example_python_decorator.py
[2026-04-09T09:05:45.815+0000] {processor.py:840} INFO - DAG(s) 'example_python_decorator' retrieved from /home/airflow/.local/lib/python3.8/site-packages/airflow/example_dags/example_python_decorator.py
[2026-04-09T09:05:45.839+0000] {logging_mixin.py:188} INFO - [2026-04-09T09:05:45.839+0000] {dag.py:3033} INFO - Sync 1 DAGs
[2026-04-09T09:05:45.853+0000] {logging_mixin.py:188} INFO - [2026-04-09T09:05:45.853+0000] {dag.py:3820} INFO - Setting next_dagrun for example_python_decorator to None, run_after=None
[2026-04-09T09:05:45.872+0000] {processor.py:183} INFO - Processing /home/airflow/.local/lib/python3.8/site-packages/airflow/example_dags/example_python_decorator.py took 0.075 seconds
[2026-04-09T09:06:16.607+0000] {processor.py:161} INFO - Started process (PID=7431) to work on /home/airflow/.local/lib/python3.8/site-packages/airflow/example_dags/example_python_decorator.py
[2026-04-09T09:06:16.607+0000] {processor.py:830} INFO - Processing file /home/airflow/.local/lib/python3.8/site-packages/airflow/example_dags/example_python_decorator.py for tasks to queue
[2026-04-09T09:06:16.609+0000] {logging_mixin.py:188} INFO - [2026-04-09T09:06:16.609+0000] {dagbag.py:538} INFO - Filling up the DagBag from /home/airflow/.local/lib/python3.8/site-packages/airflow/example_dags/example_python_decorator.py
[2026-04-09T09:06:16.620+0000] {processor.py:840} INFO - DAG(s) 'example_python_decorator' retrieved from /home/airflow/.local/lib/python3.8/site-packages/airflow/example_dags/example_python_decorator.py
[2026-04-09T09:06:16.646+0000] {logging_mixin.py:188} INFO - [2026-04-09T09:06:16.646+0000] {dag.py:3033} INFO - Sync 1 DAGs
[2026-04-09T09:06:16.660+0000] {logging_mixin.py:188} INFO - [2026-04-09T09:06:16.660+0000] {dag.py:3820} INFO - Setting next_dagrun for example_python_decorator to None, run_after=None
[2026-04-09T09:06:16.678+0000] {processor.py:183} INFO - Processing /home/airflow/.local/lib/python3.8/site-packages/airflow/example_dags/example_python_decorator.py took 0.075 seconds
[2026-04-09T09:06:47.139+0000] {processor.py:161} INFO - Started process (PID=7491) to work on /home/airflow/.local/lib/python3.8/site-packages/airflow/example_dags/example_python_decorator.py
[2026-04-09T09:06:47.139+0000] {processor.py:830} INFO - Processing file /home/airflow/.local/lib/python3.8/site-packages/airflow/example_dags/example_python_decorator.py for tasks to queue
[2026-04-09T09:06:47.141+0000] {logging_mixin.py:188} INFO - [2026-04-09T09:06:47.141+0000] {dagbag.py:538} INFO - Filling up the DagBag from /home/airflow/.local/lib/python3.8/site-packages/airflow/example_dags/example_python_decorator.py
[2026-04-09T09:06:47.152+0000] {processor.py:840} INFO - DAG(s) 'example_python_decorator' retrieved from /home/airflow/.local/lib/python3.8/site-packages/airflow/example_dags/example_python_decorator.py
[2026-04-09T09:06:47.175+0000] {logging_mixin.py:188} INFO - [2026-04-09T09:06:47.174+0000] {dag.py:3033} INFO - Sync 1 DAGs
[2026-04-09T09:06:47.188+0000] {logging_mixin.py:188} INFO - [2026-04-09T09:06:47.188+0000] {dag.py:3820} INFO - Setting next_dagrun for example_python_decorator to None, run_after=None
[2026-04-09T09:06:47.207+0000] {processor.py:183} INFO - Processing /home/airflow/.local/lib/python3.8/site-packages/airflow/example_dags/example_python_decorator.py took 0.072 seconds
[2026-04-09T09:07:17.765+0000] {processor.py:161} INFO - Started process (PID=7552) to work on /home/airflow/.local/lib/python3.8/site-packages/airflow/example_dags/example_python_decorator.py
[2026-04-09T09:07:17.769+0000] {processor.py:830} INFO - Processing file /home/airflow/.local/lib/python3.8/site-packages/airflow/example_dags/example_python_decorator.py for tasks to queue
[2026-04-09T09:07:17.771+0000] {logging_mixin.py:188} INFO - [2026-04-09T09:07:17.770+0000] {dagbag.py:538} INFO - Filling up the DagBag from /home/airflow/.local/lib/python3.8/site-packages/airflow/example_dags/example_python_decorator.py
[2026-04-09T09:07:17.783+0000] {processor.py:840} INFO - DAG(s) 'example_python_decorator' retrieved from /home/airflow/.local/lib/python3.8/site-packages/airflow/example_dags/example_python_decorator.py
[2026-04-09T09:07:17.808+0000] {logging_mixin.py:188} INFO - [2026-04-09T09:07:17.808+0000] {dag.py:3033} INFO - Sync 1 DAGs
[2026-04-09T09:07:17.823+0000] {logging_mixin.py:188} INFO - [2026-04-09T09:07:17.822+0000] {dag.py:3820} INFO - Setting next_dagrun for example_python_decorator to None, run_after=None
[2026-04-09T09:07:17.843+0000] {processor.py:183} INFO - Processing /home/airflow/.local/lib/python3.8/site-packages/airflow/example_dags/example_python_decorator.py took 0.087 seconds
[2026-04-09T09:07:47.973+0000] {processor.py:161} INFO - Started process (PID=7613) to work on /home/airflow/.local/lib/python3.8/site-packages/airflow/example_dags/example_python_decorator.py
[2026-04-09T09:07:47.974+0000] {processor.py:830} INFO - Processing file /home/airflow/.local/lib/python3.8/site-packages/airflow/example_dags/example_python_decorator.py for tasks to queue
[2026-04-09T09:07:47.976+0000] {logging_mixin.py:188} INFO - [2026-04-09T09:07:47.976+0000] {dagbag.py:538} INFO - Filling up the DagBag from /home/airflow/.local/lib/python3.8/site-packages/airflow/example_dags/example_python_decorator.py
[2026-04-09T09:07:47.987+0000] {processor.py:840} INFO - DAG(s) 'example_python_decorator' retrieved from /home/airflow/.local/lib/python3.8/site-packages/airflow/example_dags/example_python_decorator.py
[2026-04-09T09:07:48.010+0000] {logging_mixin.py:188} INFO - [2026-04-09T09:07:48.009+0000] {dag.py:3033} INFO - Sync 1 DAGs
[2026-04-09T09:07:48.023+0000] {logging_mixin.py:188} INFO - [2026-04-09T09:07:48.023+0000] {dag.py:3820} INFO - Setting next_dagrun for example_python_decorator to None, run_after=None
[2026-04-09T09:07:48.042+0000] {processor.py:183} INFO - Processing /home/airflow/.local/lib/python3.8/site-packages/airflow/example_dags/example_python_decorator.py took 0.072 seconds
[2026-04-09T09:08:18.483+0000] {processor.py:161} INFO - Started process (PID=7675) to work on /home/airflow/.local/lib/python3.8/site-packages/airflow/example_dags/example_python_decorator.py
[2026-04-09T09:08:18.484+0000] {processor.py:830} INFO - Processing file /home/airflow/.local/lib/python3.8/site-packages/airflow/example_dags/example_python_decorator.py for tasks to queue
[2026-04-09T09:08:18.486+0000] {logging_mixin.py:188} INFO - [2026-04-09T09:08:18.485+0000] {dagbag.py:538} INFO - Filling up the DagBag from /home/airflow/.local/lib/python3.8/site-packages/airflow/example_dags/example_python_decorator.py
[2026-04-09T09:08:18.497+0000] {processor.py:840} INFO - DAG(s) 'example_python_decorator' retrieved from /home/airflow/.local/lib/python3.8/site-packages/airflow/example_dags/example_python_decorator.py
[2026-04-09T09:08:18.534+0000] {logging_mixin.py:188} INFO - [2026-04-09T09:08:18.534+0000] {dag.py:3033} INFO - Sync 1 DAGs
[2026-04-09T09:08:18.572+0000] {logging_mixin.py:188} INFO - [2026-04-09T09:08:18.571+0000] {dag.py:3820} INFO - Setting next_dagrun for example_python_decorator to None, run_after=None
[2026-04-09T09:08:18.596+0000] {processor.py:183} INFO - Processing /home/airflow/.local/lib/python3.8/site-packages/airflow/example_dags/example_python_decorator.py took 0.118 seconds
[2026-04-09T09:08:49.322+0000] {processor.py:161} INFO - Started process (PID=7735) to work on /home/airflow/.local/lib/python3.8/site-packages/airflow/example_dags/example_python_decorator.py
[2026-04-09T09:08:49.323+0000] {processor.py:830} INFO - Processing file /home/airflow/.local/lib/python3.8/site-packages/airflow/example_dags/example_python_decorator.py for tasks to queue
[2026-04-09T09:08:49.326+0000] {logging_mixin.py:188} INFO - [2026-04-09T09:08:49.325+0000] {dagbag.py:538} INFO - Filling up the DagBag from /home/airflow/.local/lib/python3.8/site-packages/airflow/example_dags/example_python_decorator.py
[2026-04-09T09:08:49.338+0000] {processor.py:840} INFO - DAG(s) 'example_python_decorator' retrieved from /home/airflow/.local/lib/python3.8/site-packages/airflow/example_dags/example_python_decorator.py
[2026-04-09T09:08:49.361+0000] {logging_mixin.py:188} INFO - [2026-04-09T09:08:49.361+0000] {dag.py:3033} INFO - Sync 1 DAGs
[2026-04-09T09:08:49.374+0000] {logging_mixin.py:188} INFO - [2026-04-09T09:08:49.374+0000] {dag.py:3820} INFO - Setting next_dagrun for example_python_decorator to None, run_after=None
[2026-04-09T09:08:49.392+0000] {processor.py:183} INFO - Processing /home/airflow/.local/lib/python3.8/site-packages/airflow/example_dags/example_python_decorator.py took 0.073 seconds
[2026-04-09T09:09:19.520+0000] {processor.py:161} INFO - Started process (PID=7796) to work on /home/airflow/.local/lib/python3.8/site-packages/airflow/example_dags/example_python_decorator.py
[2026-04-09T09:09:19.521+0000] {processor.py:830} INFO - Processing file /home/airflow/.local/lib/python3.8/site-packages/airflow/example_dags/example_python_decorator.py for tasks to queue
[2026-04-09T09:09:19.523+0000] {logging_mixin.py:188} INFO - [2026-04-09T09:09:19.523+0000] {dagbag.py:538} INFO - Filling up the DagBag from /home/airflow/.local/lib/python3.8/site-packages/airflow/example_dags/example_python_decorator.py
[2026-04-09T09:09:19.534+0000] {processor.py:840} INFO - DAG(s) 'example_python_decorator' retrieved from /home/airflow/.local/lib/python3.8/site-packages/airflow/example_dags/example_python_decorator.py
[2026-04-09T09:09:19.560+0000] {logging_mixin.py:188} INFO - [2026-04-09T09:09:19.560+0000] {dag.py:3033} INFO - Sync 1 DAGs
[2026-04-09T09:09:19.588+0000] {logging_mixin.py:188} INFO - [2026-04-09T09:09:19.588+0000] {dag.py:3820} INFO - Setting next_dagrun for example_python_decorator to None, run_after=None
[2026-04-09T09:09:19.609+0000] {processor.py:183} INFO - Processing /home/airflow/.local/lib/python3.8/site-packages/airflow/example_dags/example_python_decorator.py took 0.092 seconds
[2026-04-09T09:09:50.004+0000] {processor.py:161} INFO - Started process (PID=7857) to work on /home/airflow/.local/lib/python3.8/site-packages/airflow/example_dags/example_python_decorator.py
[2026-04-09T09:09:50.005+0000] {processor.py:830} INFO - Processing file /home/airflow/.local/lib/python3.8/site-packages/airflow/example_dags/example_python_decorator.py for tasks to queue
[2026-04-09T09:09:50.007+0000] {logging_mixin.py:188} INFO - [2026-04-09T09:09:50.007+0000] {dagbag.py:538} INFO - Filling up the DagBag from /home/airflow/.local/lib/python3.8/site-packages/airflow/example_dags/example_python_decorator.py
[2026-04-09T09:09:50.018+0000] {processor.py:840} INFO - DAG(s) 'example_python_decorator' retrieved from /home/airflow/.local/lib/python3.8/site-packages/airflow/example_dags/example_python_decorator.py
[2026-04-09T09:09:50.042+0000] {logging_mixin.py:188} INFO - [2026-04-09T09:09:50.042+0000] {dag.py:3033} INFO - Sync 1 DAGs
[2026-04-09T09:09:50.066+0000] {logging_mixin.py:188} INFO - [2026-04-09T09:09:50.066+0000] {dag.py:3820} INFO - Setting next_dagrun for example_python_decorator to None, run_after=None
[2026-04-09T09:09:50.085+0000] {processor.py:183} INFO - Processing /home/airflow/.local/lib/python3.8/site-packages/airflow/example_dags/example_python_decorator.py took 0.085 seconds
[2026-04-09T09:10:20.730+0000] {processor.py:161} INFO - Started process (PID=7918) to work on /home/airflow/.local/lib/python3.8/site-packages/airflow/example_dags/example_python_decorator.py
[2026-04-09T09:10:20.731+0000] {processor.py:830} INFO - Processing file /home/airflow/.local/lib/python3.8/site-packages/airflow/example_dags/example_python_decorator.py for tasks to queue
[2026-04-09T09:10:20.735+0000] {logging_mixin.py:188} INFO - [2026-04-09T09:10:20.735+0000] {dagbag.py:538} INFO - Filling up the DagBag from /home/airflow/.local/lib/python3.8/site-packages/airflow/example_dags/example_python_decorator.py
[2026-04-09T09:10:20.746+0000] {processor.py:840} INFO - DAG(s) 'example_python_decorator' retrieved from /home/airflow/.local/lib/python3.8/site-packages/airflow/example_dags/example_python_decorator.py
[2026-04-09T09:10:20.804+0000] {logging_mixin.py:188} INFO - [2026-04-09T09:10:20.804+0000] {dag.py:3033} INFO - Sync 1 DAGs
[2026-04-09T09:10:20.824+0000] {logging_mixin.py:188} INFO - [2026-04-09T09:10:20.824+0000] {dag.py:3820} INFO - Setting next_dagrun for example_python_decorator to None, run_after=None
[2026-04-09T09:10:20.863+0000] {processor.py:183} INFO - Processing /home/airflow/.local/lib/python3.8/site-packages/airflow/example_dags/example_python_decorator.py took 0.136 seconds
[2026-04-09T09:10:51.609+0000] {processor.py:161} INFO - Started process (PID=7979) to work on /home/airflow/.local/lib/python3.8/site-packages/airflow/example_dags/example_python_decorator.py
[2026-04-09T09:10:51.610+0000] {processor.py:830} INFO - Processing file /home/airflow/.local/lib/python3.8/site-packages/airflow/example_dags/example_python_decorator.py for tasks to queue
[2026-04-09T09:10:51.612+0000] {logging_mixin.py:188} INFO - [2026-04-09T09:10:51.612+0000] {dagbag.py:538} INFO - Filling up the DagBag from /home/airflow/.local/lib/python3.8/site-packages/airflow/example_dags/example_python_decorator.py
[2026-04-09T09:10:51.623+0000] {processor.py:840} INFO - DAG(s) 'example_python_decorator' retrieved from /home/airflow/.local/lib/python3.8/site-packages/airflow/example_dags/example_python_decorator.py
[2026-04-09T09:10:51.645+0000] {logging_mixin.py:188} INFO - [2026-04-09T09:10:51.645+0000] {dag.py:3033} INFO - Sync 1 DAGs
[2026-04-09T09:10:51.660+0000] {logging_mixin.py:188} INFO - [2026-04-09T09:10:51.660+0000] {dag.py:3820} INFO - Setting next_dagrun for example_python_decorator to None, run_after=None
[2026-04-09T09:10:51.677+0000] {processor.py:183} INFO - Processing /home/airflow/.local/lib/python3.8/site-packages/airflow/example_dags/example_python_decorator.py took 0.072 seconds
[2026-04-09T09:11:21.867+0000] {processor.py:161} INFO - Started process (PID=8040) to work on /home/airflow/.local/lib/python3.8/site-packages/airflow/example_dags/example_python_decorator.py
[2026-04-09T09:11:21.868+0000] {processor.py:830} INFO - Processing file /home/airflow/.local/lib/python3.8/site-packages/airflow/example_dags/example_python_decorator.py for tasks to queue
[2026-04-09T09:11:21.870+0000] {logging_mixin.py:188} INFO - [2026-04-09T09:11:21.869+0000] {dagbag.py:538} INFO - Filling up the DagBag from /home/airflow/.local/lib/python3.8/site-packages/airflow/example_dags/example_python_decorator.py
[2026-04-09T09:11:21.881+0000] {processor.py:840} INFO - DAG(s) 'example_python_decorator' retrieved from /home/airflow/.local/lib/python3.8/site-packages/airflow/example_dags/example_python_decorator.py
[2026-04-09T09:11:21.904+0000] {logging_mixin.py:188} INFO - [2026-04-09T09:11:21.904+0000] {dag.py:3033} INFO - Sync 1 DAGs
[2026-04-09T09:11:21.917+0000] {logging_mixin.py:188} INFO - [2026-04-09T09:11:21.917+0000] {dag.py:3820} INFO - Setting next_dagrun for example_python_decorator to None, run_after=None
[2026-04-09T09:11:21.935+0000] {processor.py:183} INFO - Processing /home/airflow/.local/lib/python3.8/site-packages/airflow/example_dags/example_python_decorator.py took 0.072 seconds
[2026-04-09T09:11:52.218+0000] {processor.py:161} INFO - Started process (PID=8101) to work on /home/airflow/.local/lib/python3.8/site-packages/airflow/example_dags/example_python_decorator.py
[2026-04-09T09:11:52.219+0000] {processor.py:830} INFO - Processing file /home/airflow/.local/lib/python3.8/site-packages/airflow/example_dags/example_python_decorator.py for tasks to queue
[2026-04-09T09:11:52.221+0000] {logging_mixin.py:188} INFO - [2026-04-09T09:11:52.220+0000] {dagbag.py:538} INFO - Filling up the DagBag from /home/airflow/.local/lib/python3.8/site-packages/airflow/example_dags/example_python_decorator.py
[2026-04-09T09:11:52.232+0000] {processor.py:840} INFO - DAG(s) 'example_python_decorator' retrieved from /home/airflow/.local/lib/python3.8/site-packages/airflow/example_dags/example_python_decorator.py
[2026-04-09T09:11:52.254+0000] {logging_mixin.py:188} INFO - [2026-04-09T09:11:52.254+0000] {dag.py:3033} INFO - Sync 1 DAGs
[2026-04-09T09:11:52.268+0000] {logging_mixin.py:188} INFO - [2026-04-09T09:11:52.267+0000] {dag.py:3820} INFO - Setting next_dagrun for example_python_decorator to None, run_after=None
[2026-04-09T09:11:52.289+0000] {processor.py:183} INFO - Processing /home/airflow/.local/lib/python3.8/site-packages/airflow/example_dags/example_python_decorator.py took 0.075 seconds
[2026-04-09T09:12:22.419+0000] {processor.py:161} INFO - Started process (PID=8162) to work on /home/airflow/.local/lib/python3.8/site-packages/airflow/example_dags/example_python_decorator.py
[2026-04-09T09:12:22.420+0000] {processor.py:830} INFO - Processing file /home/airflow/.local/lib/python3.8/site-packages/airflow/example_dags/example_python_decorator.py for tasks to queue
[2026-04-09T09:12:22.422+0000] {logging_mixin.py:188} INFO - [2026-04-09T09:12:22.422+0000] {dagbag.py:538} INFO - Filling up the DagBag from /home/airflow/.local/lib/python3.8/site-packages/airflow/example_dags/example_python_decorator.py
[2026-04-09T09:12:22.432+0000] {processor.py:840} INFO - DAG(s) 'example_python_decorator' retrieved from /home/airflow/.local/lib/python3.8/site-packages/airflow/example_dags/example_python_decorator.py
[2026-04-09T09:12:22.454+0000] {logging_mixin.py:188} INFO - [2026-04-09T09:12:22.454+0000] {dag.py:3033} INFO - Sync 1 DAGs
[2026-04-09T09:12:22.468+0000] {logging_mixin.py:188} INFO - [2026-04-09T09:12:22.468+0000] {dag.py:3820} INFO - Setting next_dagrun for example_python_decorator to None, run_after=None
[2026-04-09T09:12:22.487+0000] {processor.py:183} INFO - Processing /home/airflow/.local/lib/python3.8/site-packages/airflow/example_dags/example_python_decorator.py took 0.071 seconds
[2026-04-09T09:12:52.825+0000] {processor.py:161} INFO - Started process (PID=8223) to work on /home/airflow/.local/lib/python3.8/site-packages/airflow/example_dags/example_python_decorator.py
[2026-04-09T09:12:52.825+0000] {processor.py:830} INFO - Processing file /home/airflow/.local/lib/python3.8/site-packages/airflow/example_dags/example_python_decorator.py for tasks to queue
[2026-04-09T09:12:52.827+0000] {logging_mixin.py:188} INFO - [2026-04-09T09:12:52.826+0000] {dagbag.py:538} INFO - Filling up the DagBag from /home/airflow/.local/lib/python3.8/site-packages/airflow/example_dags/example_python_decorator.py
[2026-04-09T09:12:52.834+0000] {processor.py:840} INFO - DAG(s) 'example_python_decorator' retrieved from /home/airflow/.local/lib/python3.8/site-packages/airflow/example_dags/example_python_decorator.py
[2026-04-09T09:12:52.850+0000] {logging_mixin.py:188} INFO - [2026-04-09T09:12:52.850+0000] {dag.py:3033} INFO - Sync 1 DAGs
[2026-04-09T09:12:52.859+0000] {logging_mixin.py:188} INFO - [2026-04-09T09:12:52.859+0000] {dag.py:3820} INFO - Setting next_dagrun for example_python_decorator to None, run_after=None
[2026-04-09T09:12:52.872+0000] {processor.py:183} INFO - Processing /home/airflow/.local/lib/python3.8/site-packages/airflow/example_dags/example_python_decorator.py took 0.050 seconds
[2026-04-09T09:13:23.677+0000] {processor.py:161} INFO - Started process (PID=8281) to work on /home/airflow/.local/lib/python3.8/site-packages/airflow/example_dags/example_python_decorator.py
[2026-04-09T09:13:23.680+0000] {processor.py:830} INFO - Processing file /home/airflow/.local/lib/python3.8/site-packages/airflow/example_dags/example_python_decorator.py for tasks to queue
[2026-04-09T09:13:23.689+0000] {logging_mixin.py:188} INFO - [2026-04-09T09:13:23.689+0000] {dagbag.py:538} INFO - Filling up the DagBag from /home/airflow/.local/lib/python3.8/site-packages/airflow/example_dags/example_python_decorator.py
[2026-04-09T09:13:23.729+0000] {processor.py:840} INFO - DAG(s) 'example_python_decorator' retrieved from /home/airflow/.local/lib/python3.8/site-packages/airflow/example_dags/example_python_decorator.py
[2026-04-09T09:13:23.797+0000] {logging_mixin.py:188} INFO - [2026-04-09T09:13:23.797+0000] {dag.py:3033} INFO - Sync 1 DAGs
[2026-04-09T09:13:23.823+0000] {logging_mixin.py:188} INFO - [2026-04-09T09:13:23.823+0000] {dag.py:3820} INFO - Setting next_dagrun for example_python_decorator to None, run_after=None
[2026-04-09T09:13:23.874+0000] {processor.py:183} INFO - Processing /home/airflow/.local/lib/python3.8/site-packages/airflow/example_dags/example_python_decorator.py took 0.207 seconds
[2026-04-09T09:13:54.547+0000] {processor.py:161} INFO - Started process (PID=8342) to work on /home/airflow/.local/lib/python3.8/site-packages/airflow/example_dags/example_python_decorator.py
[2026-04-09T09:13:54.548+0000] {processor.py:830} INFO - Processing file /home/airflow/.local/lib/python3.8/site-packages/airflow/example_dags/example_python_decorator.py for tasks to queue
[2026-04-09T09:13:54.550+0000] {logging_mixin.py:188} INFO - [2026-04-09T09:13:54.550+0000] {dagbag.py:538} INFO - Filling up the DagBag from /home/airflow/.local/lib/python3.8/site-packages/airflow/example_dags/example_python_decorator.py
[2026-04-09T09:13:54.561+0000] {processor.py:840} INFO - DAG(s) 'example_python_decorator' retrieved from /home/airflow/.local/lib/python3.8/site-packages/airflow/example_dags/example_python_decorator.py
[2026-04-09T09:13:54.600+0000] {logging_mixin.py:188} INFO - [2026-04-09T09:13:54.600+0000] {dag.py:3033} INFO - Sync 1 DAGs
[2026-04-09T09:13:54.615+0000] {logging_mixin.py:188} INFO - [2026-04-09T09:13:54.615+0000] {dag.py:3820} INFO - Setting next_dagrun for example_python_decorator to None, run_after=None
[2026-04-09T09:13:54.645+0000] {processor.py:183} INFO - Processing /home/airflow/.local/lib/python3.8/site-packages/airflow/example_dags/example_python_decorator.py took 0.101 seconds
[2026-04-09T09:14:24.869+0000] {processor.py:161} INFO - Started process (PID=8403) to work on /home/airflow/.local/lib/python3.8/site-packages/airflow/example_dags/example_python_decorator.py
[2026-04-09T09:14:24.870+0000] {processor.py:830} INFO - Processing file /home/airflow/.local/lib/python3.8/site-packages/airflow/example_dags/example_python_decorator.py for tasks to queue
[2026-04-09T09:14:24.873+0000] {logging_mixin.py:188} INFO - [2026-04-09T09:14:24.872+0000] {dagbag.py:538} INFO - Filling up the DagBag from /home/airflow/.local/lib/python3.8/site-packages/airflow/example_dags/example_python_decorator.py
[2026-04-09T09:14:24.884+0000] {processor.py:840} INFO - DAG(s) 'example_python_decorator' retrieved from /home/airflow/.local/lib/python3.8/site-packages/airflow/example_dags/example_python_decorator.py
[2026-04-09T09:14:24.931+0000] {logging_mixin.py:188} INFO - [2026-04-09T09:14:24.931+0000] {dag.py:3033} INFO - Sync 1 DAGs
[2026-04-09T09:14:24.945+0000] {logging_mixin.py:188} INFO - [2026-04-09T09:14:24.945+0000] {dag.py:3820} INFO - Setting next_dagrun for example_python_decorator to None, run_after=None
[2026-04-09T09:14:24.963+0000] {processor.py:183} INFO - Processing /home/airflow/.local/lib/python3.8/site-packages/airflow/example_dags/example_python_decorator.py took 0.098 seconds
[2026-04-09T09:14:55.932+0000] {processor.py:161} INFO - Started process (PID=8464) to work on /home/airflow/.local/lib/python3.8/site-packages/airflow/example_dags/example_python_decorator.py
[2026-04-09T09:14:55.933+0000] {processor.py:830} INFO - Processing file /home/airflow/.local/lib/python3.8/site-packages/airflow/example_dags/example_python_decorator.py for tasks to queue
[2026-04-09T09:14:55.935+0000] {logging_mixin.py:188} INFO - [2026-04-09T09:14:55.934+0000] {dagbag.py:538} INFO - Filling up the DagBag from /home/airflow/.local/lib/python3.8/site-packages/airflow/example_dags/example_python_decorator.py
[2026-04-09T09:14:55.945+0000] {processor.py:840} INFO - DAG(s) 'example_python_decorator' retrieved from /home/airflow/.local/lib/python3.8/site-packages/airflow/example_dags/example_python_decorator.py
[2026-04-09T09:14:55.968+0000] {logging_mixin.py:188} INFO - [2026-04-09T09:14:55.968+0000] {dag.py:3033} INFO - Sync 1 DAGs
[2026-04-09T09:14:55.983+0000] {logging_mixin.py:188} INFO - [2026-04-09T09:14:55.983+0000] {dag.py:3820} INFO - Setting next_dagrun for example_python_decorator to None, run_after=None
[2026-04-09T09:14:56.000+0000] {processor.py:183} INFO - Processing /home/airflow/.local/lib/python3.8/site-packages/airflow/example_dags/example_python_decorator.py took 0.072 seconds
[2026-04-09T09:15:26.576+0000] {processor.py:161} INFO - Started process (PID=8525) to work on /home/airflow/.local/lib/python3.8/site-packages/airflow/example_dags/example_python_decorator.py
[2026-04-09T09:15:26.577+0000] {processor.py:830} INFO - Processing file /home/airflow/.local/lib/python3.8/site-packages/airflow/example_dags/example_python_decorator.py for tasks to queue
[2026-04-09T09:15:26.580+0000] {logging_mixin.py:188} INFO - [2026-04-09T09:15:26.579+0000] {dagbag.py:538} INFO - Filling up the DagBag from /home/airflow/.local/lib/python3.8/site-packages/airflow/example_dags/example_python_decorator.py
[2026-04-09T09:15:26.591+0000] {processor.py:840} INFO - DAG(s) 'example_python_decorator' retrieved from /home/airflow/.local/lib/python3.8/site-packages/airflow/example_dags/example_python_decorator.py
[2026-04-09T09:15:26.617+0000] {logging_mixin.py:188} INFO - [2026-04-09T09:15:26.617+0000] {dag.py:3033} INFO - Sync 1 DAGs
[2026-04-09T09:15:26.631+0000] {logging_mixin.py:188} INFO - [2026-04-09T09:15:26.631+0000] {dag.py:3820} INFO - Setting next_dagrun for example_python_decorator to None, run_after=None
[2026-04-09T09:15:26.652+0000] {processor.py:183} INFO - Processing /home/airflow/.local/lib/python3.8/site-packages/airflow/example_dags/example_python_decorator.py took 0.080 seconds
[2026-04-09T09:15:57.056+0000] {processor.py:161} INFO - Started process (PID=8586) to work on /home/airflow/.local/lib/python3.8/site-packages/airflow/example_dags/example_python_decorator.py
[2026-04-09T09:15:57.057+0000] {processor.py:830} INFO - Processing file /home/airflow/.local/lib/python3.8/site-packages/airflow/example_dags/example_python_decorator.py for tasks to queue
[2026-04-09T09:15:57.059+0000] {logging_mixin.py:188} INFO - [2026-04-09T09:15:57.059+0000] {dagbag.py:538} INFO - Filling up the DagBag from /home/airflow/.local/lib/python3.8/site-packages/airflow/example_dags/example_python_decorator.py
[2026-04-09T09:15:57.072+0000] {processor.py:840} INFO - DAG(s) 'example_python_decorator' retrieved from /home/airflow/.local/lib/python3.8/site-packages/airflow/example_dags/example_python_decorator.py
[2026-04-09T09:15:57.151+0000] {logging_mixin.py:188} INFO - [2026-04-09T09:15:57.150+0000] {dag.py:3033} INFO - Sync 1 DAGs
[2026-04-09T09:15:57.189+0000] {logging_mixin.py:188} INFO - [2026-04-09T09:15:57.189+0000] {dag.py:3820} INFO - Setting next_dagrun for example_python_decorator to None, run_after=None
[2026-04-09T09:15:57.289+0000] {processor.py:183} INFO - Processing /home/airflow/.local/lib/python3.8/site-packages/airflow/example_dags/example_python_decorator.py took 0.237 seconds
[2026-04-09T09:16:27.334+0000] {processor.py:161} INFO - Started process (PID=8647) to work on /home/airflow/.local/lib/python3.8/site-packages/airflow/example_dags/example_python_decorator.py
[2026-04-09T09:16:27.334+0000] {processor.py:830} INFO - Processing file /home/airflow/.local/lib/python3.8/site-packages/airflow/example_dags/example_python_decorator.py for tasks to queue
[2026-04-09T09:16:27.336+0000] {logging_mixin.py:188} INFO - [2026-04-09T09:16:27.336+0000] {dagbag.py:538} INFO - Filling up the DagBag from /home/airflow/.local/lib/python3.8/site-packages/airflow/example_dags/example_python_decorator.py
[2026-04-09T09:16:27.344+0000] {processor.py:840} INFO - DAG(s) 'example_python_decorator' retrieved from /home/airflow/.local/lib/python3.8/site-packages/airflow/example_dags/example_python_decorator.py
[2026-04-09T09:16:27.364+0000] {logging_mixin.py:188} INFO - [2026-04-09T09:16:27.364+0000] {dag.py:3033} INFO - Sync 1 DAGs
[2026-04-09T09:16:27.375+0000] {logging_mixin.py:188} INFO - [2026-04-09T09:16:27.375+0000] {dag.py:3820} INFO - Setting next_dagrun for example_python_decorator to None, run_after=None
[2026-04-09T09:16:27.391+0000] {processor.py:183} INFO - Processing /home/airflow/.local/lib/python3.8/site-packages/airflow/example_dags/example_python_decorator.py took 0.060 seconds
[2026-04-09T09:16:58.104+0000] {processor.py:161} INFO - Started process (PID=8708) to work on /home/airflow/.local/lib/python3.8/site-packages/airflow/example_dags/example_python_decorator.py
[2026-04-09T09:16:58.105+0000] {processor.py:830} INFO - Processing file /home/airflow/.local/lib/python3.8/site-packages/airflow/example_dags/example_python_decorator.py for tasks to queue
[2026-04-09T09:16:58.107+0000] {logging_mixin.py:188} INFO - [2026-04-09T09:16:58.107+0000] {dagbag.py:538} INFO - Filling up the DagBag from /home/airflow/.local/lib/python3.8/site-packages/airflow/example_dags/example_python_decorator.py
[2026-04-09T09:16:58.117+0000] {processor.py:840} INFO - DAG(s) 'example_python_decorator' retrieved from /home/airflow/.local/lib/python3.8/site-packages/airflow/example_dags/example_python_decorator.py
[2026-04-09T09:16:58.137+0000] {logging_mixin.py:188} INFO - [2026-04-09T09:16:58.137+0000] {dag.py:3033} INFO - Sync 1 DAGs
[2026-04-09T09:16:58.147+0000] {logging_mixin.py:188} INFO - [2026-04-09T09:16:58.147+0000] {dag.py:3820} INFO - Setting next_dagrun for example_python_decorator to None, run_after=None
[2026-04-09T09:16:58.162+0000] {processor.py:183} INFO - Processing /home/airflow/.local/lib/python3.8/site-packages/airflow/example_dags/example_python_decorator.py took 0.062 seconds
[2026-04-09T09:17:28.273+0000] {processor.py:161} INFO - Started process (PID=8769) to work on /home/airflow/.local/lib/python3.8/site-packages/airflow/example_dags/example_python_decorator.py
[2026-04-09T09:17:28.273+0000] {processor.py:830} INFO - Processing file /home/airflow/.local/lib/python3.8/site-packages/airflow/example_dags/example_python_decorator.py for tasks to queue
[2026-04-09T09:17:28.275+0000] {logging_mixin.py:188} INFO - [2026-04-09T09:17:28.275+0000] {dagbag.py:538} INFO - Filling up the DagBag from /home/airflow/.local/lib/python3.8/site-packages/airflow/example_dags/example_python_decorator.py
[2026-04-09T09:17:28.283+0000] {processor.py:840} INFO - DAG(s) 'example_python_decorator' retrieved from /home/airflow/.local/lib/python3.8/site-packages/airflow/example_dags/example_python_decorator.py
[2026-04-09T09:17:28.300+0000] {logging_mixin.py:188} INFO - [2026-04-09T09:17:28.300+0000] {dag.py:3033} INFO - Sync 1 DAGs
[2026-04-09T09:17:28.310+0000] {logging_mixin.py:188} INFO - [2026-04-09T09:17:28.310+0000] {dag.py:3820} INFO - Setting next_dagrun for example_python_decorator to None, run_after=None
[2026-04-09T09:17:28.324+0000] {processor.py:183} INFO - Processing /home/airflow/.local/lib/python3.8/site-packages/airflow/example_dags/example_python_decorator.py took 0.054 seconds
[2026-04-09T09:17:58.799+0000] {processor.py:161} INFO - Started process (PID=8830) to work on /home/airflow/.local/lib/python3.8/site-packages/airflow/example_dags/example_python_decorator.py
[2026-04-09T09:17:58.800+0000] {processor.py:830} INFO - Processing file /home/airflow/.local/lib/python3.8/site-packages/airflow/example_dags/example_python_decorator.py for tasks to queue
[2026-04-09T09:17:58.802+0000] {logging_mixin.py:188} INFO - [2026-04-09T09:17:58.802+0000] {dagbag.py:538} INFO - Filling up the DagBag from /home/airflow/.local/lib/python3.8/site-packages/airflow/example_dags/example_python_decorator.py
[2026-04-09T09:17:58.813+0000] {processor.py:840} INFO - DAG(s) 'example_python_decorator' retrieved from /home/airflow/.local/lib/python3.8/site-packages/airflow/example_dags/example_python_decorator.py
[2026-04-09T09:17:58.834+0000] {logging_mixin.py:188} INFO - [2026-04-09T09:17:58.834+0000] {dag.py:3033} INFO - Sync 1 DAGs
[2026-04-09T09:17:58.844+0000] {logging_mixin.py:188} INFO - [2026-04-09T09:17:58.844+0000] {dag.py:3820} INFO - Setting next_dagrun for example_python_decorator to None, run_after=None
[2026-04-09T09:17:58.858+0000] {processor.py:183} INFO - Processing /home/airflow/.local/lib/python3.8/site-packages/airflow/example_dags/example_python_decorator.py took 0.063 seconds
[2026-04-09T09:18:29.303+0000] {processor.py:161} INFO - Started process (PID=8891) to work on /home/airflow/.local/lib/python3.8/site-packages/airflow/example_dags/example_python_decorator.py
[2026-04-09T09:18:29.305+0000] {processor.py:830} INFO - Processing file /home/airflow/.local/lib/python3.8/site-packages/airflow/example_dags/example_python_decorator.py for tasks to queue
[2026-04-09T09:18:29.309+0000] {logging_mixin.py:188} INFO - [2026-04-09T09:18:29.308+0000] {dagbag.py:538} INFO - Filling up the DagBag from /home/airflow/.local/lib/python3.8/site-packages/airflow/example_dags/example_python_decorator.py
[2026-04-09T09:18:29.320+0000] {processor.py:840} INFO - DAG(s) 'example_python_decorator' retrieved from /home/airflow/.local/lib/python3.8/site-packages/airflow/example_dags/example_python_decorator.py
[2026-04-09T09:18:29.344+0000] {logging_mixin.py:188} INFO - [2026-04-09T09:18:29.344+0000] {dag.py:3033} INFO - Sync 1 DAGs
[2026-04-09T09:18:29.359+0000] {logging_mixin.py:188} INFO - [2026-04-09T09:18:29.359+0000] {dag.py:3820} INFO - Setting next_dagrun for example_python_decorator to None, run_after=None
[2026-04-09T09:18:29.378+0000] {processor.py:183} INFO - Processing /home/airflow/.local/lib/python3.8/site-packages/airflow/example_dags/example_python_decorator.py took 0.083 seconds
[2026-04-09T09:19:00.313+0000] {processor.py:161} INFO - Started process (PID=8952) to work on /home/airflow/.local/lib/python3.8/site-packages/airflow/example_dags/example_python_decorator.py
[2026-04-09T09:19:00.314+0000] {processor.py:830} INFO - Processing file /home/airflow/.local/lib/python3.8/site-packages/airflow/example_dags/example_python_decorator.py for tasks to queue
[2026-04-09T09:19:00.318+0000] {logging_mixin.py:188} INFO - [2026-04-09T09:19:00.317+0000] {dagbag.py:538} INFO - Filling up the DagBag from /home/airflow/.local/lib/python3.8/site-packages/airflow/example_dags/example_python_decorator.py
[2026-04-09T09:19:00.338+0000] {processor.py:840} INFO - DAG(s) 'example_python_decorator' retrieved from /home/airflow/.local/lib/python3.8/site-packages/airflow/example_dags/example_python_decorator.py
[2026-04-09T09:19:00.383+0000] {logging_mixin.py:188} INFO - [2026-04-09T09:19:00.383+0000] {dag.py:3033} INFO - Sync 1 DAGs
[2026-04-09T09:19:00.398+0000] {logging_mixin.py:188} INFO - [2026-04-09T09:19:00.398+0000] {dag.py:3820} INFO - Setting next_dagrun for example_python_decorator to None, run_after=None
[2026-04-09T09:19:00.417+0000] {processor.py:183} INFO - Processing /home/airflow/.local/lib/python3.8/site-packages/airflow/example_dags/example_python_decorator.py took 0.111 seconds
[2026-04-09T09:19:30.492+0000] {processor.py:161} INFO - Started process (PID=9013) to work on /home/airflow/.local/lib/python3.8/site-packages/airflow/example_dags/example_python_decorator.py
[2026-04-09T09:19:30.493+0000] {processor.py:830} INFO - Processing file /home/airflow/.local/lib/python3.8/site-packages/airflow/example_dags/example_python_decorator.py for tasks to queue
[2026-04-09T09:19:30.494+0000] {logging_mixin.py:188} INFO - [2026-04-09T09:19:30.494+0000] {dagbag.py:538} INFO - Filling up the DagBag from /home/airflow/.local/lib/python3.8/site-packages/airflow/example_dags/example_python_decorator.py
[2026-04-09T09:19:30.501+0000] {processor.py:840} INFO - DAG(s) 'example_python_decorator' retrieved from /home/airflow/.local/lib/python3.8/site-packages/airflow/example_dags/example_python_decorator.py
[2026-04-09T09:19:30.518+0000] {logging_mixin.py:188} INFO - [2026-04-09T09:19:30.518+0000] {dag.py:3033} INFO - Sync 1 DAGs
[2026-04-09T09:19:30.527+0000] {logging_mixin.py:188} INFO - [2026-04-09T09:19:30.527+0000] {dag.py:3820} INFO - Setting next_dagrun for example_python_decorator to None, run_after=None
[2026-04-09T09:19:30.540+0000] {processor.py:183} INFO - Processing /home/airflow/.local/lib/python3.8/site-packages/airflow/example_dags/example_python_decorator.py took 0.051 seconds
[2026-04-09T09:20:01.539+0000] {processor.py:161} INFO - Started process (PID=9074) to work on /home/airflow/.local/lib/python3.8/site-packages/airflow/example_dags/example_python_decorator.py
[2026-04-09T09:20:01.540+0000] {processor.py:830} INFO - Processing file /home/airflow/.local/lib/python3.8/site-packages/airflow/example_dags/example_python_decorator.py for tasks to queue
[2026-04-09T09:20:01.543+0000] {logging_mixin.py:188} INFO - [2026-04-09T09:20:01.542+0000] {dagbag.py:538} INFO - Filling up the DagBag from /home/airflow/.local/lib/python3.8/site-packages/airflow/example_dags/example_python_decorator.py
[2026-04-09T09:20:01.557+0000] {processor.py:840} INFO - DAG(s) 'example_python_decorator' retrieved from /home/airflow/.local/lib/python3.8/site-packages/airflow/example_dags/example_python_decorator.py
[2026-04-09T09:20:01.594+0000] {logging_mixin.py:188} INFO - [2026-04-09T09:20:01.594+0000] {dag.py:3033} INFO - Sync 1 DAGs
[2026-04-09T09:20:01.604+0000] {logging_mixin.py:188} INFO - [2026-04-09T09:20:01.604+0000] {dag.py:3820} INFO - Setting next_dagrun for example_python_decorator to None, run_after=None
[2026-04-09T09:20:01.621+0000] {processor.py:183} INFO - Processing /home/airflow/.local/lib/python3.8/site-packages/airflow/example_dags/example_python_decorator.py took 0.091 seconds
[2026-04-09T09:20:32.478+0000] {processor.py:161} INFO - Started process (PID=9135) to work on /home/airflow/.local/lib/python3.8/site-packages/airflow/example_dags/example_python_decorator.py
[2026-04-09T09:20:32.479+0000] {processor.py:830} INFO - Processing file /home/airflow/.local/lib/python3.8/site-packages/airflow/example_dags/example_python_decorator.py for tasks to queue
[2026-04-09T09:20:32.480+0000] {logging_mixin.py:188} INFO - [2026-04-09T09:20:32.480+0000] {dagbag.py:538} INFO - Filling up the DagBag from /home/airflow/.local/lib/python3.8/site-packages/airflow/example_dags/example_python_decorator.py
[2026-04-09T09:20:32.487+0000] {processor.py:840} INFO - DAG(s) 'example_python_decorator' retrieved from /home/airflow/.local/lib/python3.8/site-packages/airflow/example_dags/example_python_decorator.py
[2026-04-09T09:20:32.504+0000] {logging_mixin.py:188} INFO - [2026-04-09T09:20:32.504+0000] {dag.py:3033} INFO - Sync 1 DAGs
[2026-04-09T09:20:32.513+0000] {logging_mixin.py:188} INFO - [2026-04-09T09:20:32.513+0000] {dag.py:3820} INFO - Setting next_dagrun for example_python_decorator to None, run_after=None
[2026-04-09T09:20:32.526+0000] {processor.py:183} INFO - Processing /home/airflow/.local/lib/python3.8/site-packages/airflow/example_dags/example_python_decorator.py took 0.050 seconds
[2026-04-09T09:21:03.150+0000] {processor.py:161} INFO - Started process (PID=9196) to work on /home/airflow/.local/lib/python3.8/site-packages/airflow/example_dags/example_python_decorator.py
[2026-04-09T09:21:03.151+0000] {processor.py:830} INFO - Processing file /home/airflow/.local/lib/python3.8/site-packages/airflow/example_dags/example_python_decorator.py for tasks to queue
[2026-04-09T09:21:03.153+0000] {logging_mixin.py:188} INFO - [2026-04-09T09:21:03.153+0000] {dagbag.py:538} INFO - Filling up the DagBag from /home/airflow/.local/lib/python3.8/site-packages/airflow/example_dags/example_python_decorator.py
[2026-04-09T09:21:03.160+0000] {processor.py:840} INFO - DAG(s) 'example_python_decorator' retrieved from /home/airflow/.local/lib/python3.8/site-packages/airflow/example_dags/example_python_decorator.py
[2026-04-09T09:21:03.178+0000] {logging_mixin.py:188} INFO - [2026-04-09T09:21:03.177+0000] {dag.py:3033} INFO - Sync 1 DAGs
[2026-04-09T09:21:03.187+0000] {logging_mixin.py:188} INFO - [2026-04-09T09:21:03.187+0000] {dag.py:3820} INFO - Setting next_dagrun for example_python_decorator to None, run_after=None
[2026-04-09T09:21:03.202+0000] {processor.py:183} INFO - Processing /home/airflow/.local/lib/python3.8/site-packages/airflow/example_dags/example_python_decorator.py took 0.056 seconds
[2026-04-09T09:21:33.314+0000] {processor.py:161} INFO - Started process (PID=9257) to work on /home/airflow/.local/lib/python3.8/site-packages/airflow/example_dags/example_python_decorator.py
[2026-04-09T09:21:33.315+0000] {processor.py:830} INFO - Processing file /home/airflow/.local/lib/python3.8/site-packages/airflow/example_dags/example_python_decorator.py for tasks to queue
[2026-04-09T09:21:33.316+0000] {logging_mixin.py:188} INFO - [2026-04-09T09:21:33.316+0000] {dagbag.py:538} INFO - Filling up the DagBag from /home/airflow/.local/lib/python3.8/site-packages/airflow/example_dags/example_python_decorator.py
[2026-04-09T09:21:33.323+0000] {processor.py:840} INFO - DAG(s) 'example_python_decorator' retrieved from /home/airflow/.local/lib/python3.8/site-packages/airflow/example_dags/example_python_decorator.py
[2026-04-09T09:21:33.340+0000] {logging_mixin.py:188} INFO - [2026-04-09T09:21:33.339+0000] {dag.py:3033} INFO - Sync 1 DAGs
[2026-04-09T09:21:33.349+0000] {logging_mixin.py:188} INFO - [2026-04-09T09:21:33.349+0000] {dag.py:3820} INFO - Setting next_dagrun for example_python_decorator to None, run_after=None
[2026-04-09T09:21:33.363+0000] {processor.py:183} INFO - Processing /home/airflow/.local/lib/python3.8/site-packages/airflow/example_dags/example_python_decorator.py took 0.052 seconds
[2026-04-09T09:22:04.225+0000] {processor.py:161} INFO - Started process (PID=9318) to work on /home/airflow/.local/lib/python3.8/site-packages/airflow/example_dags/example_python_decorator.py
[2026-04-09T09:22:04.225+0000] {processor.py:830} INFO - Processing file /home/airflow/.local/lib/python3.8/site-packages/airflow/example_dags/example_python_decorator.py for tasks to queue
[2026-04-09T09:22:04.227+0000] {logging_mixin.py:188} INFO - [2026-04-09T09:22:04.227+0000] {dagbag.py:538} INFO - Filling up the DagBag from /home/airflow/.local/lib/python3.8/site-packages/airflow/example_dags/example_python_decorator.py
[2026-04-09T09:22:04.234+0000] {processor.py:840} INFO - DAG(s) 'example_python_decorator' retrieved from /home/airflow/.local/lib/python3.8/site-packages/airflow/example_dags/example_python_decorator.py
[2026-04-09T09:22:04.251+0000] {logging_mixin.py:188} INFO - [2026-04-09T09:22:04.251+0000] {dag.py:3033} INFO - Sync 1 DAGs
[2026-04-09T09:22:04.389+0000] {logging_mixin.py:188} INFO - [2026-04-09T09:22:04.389+0000] {dag.py:3820} INFO - Setting next_dagrun for example_python_decorator to None, run_after=None
[2026-04-09T09:22:04.405+0000] {processor.py:183} INFO - Processing /home/airflow/.local/lib/python3.8/site-packages/airflow/example_dags/example_python_decorator.py took 0.183 seconds
[2026-04-09T09:22:34.814+0000] {processor.py:161} INFO - Started process (PID=9379) to work on /home/airflow/.local/lib/python3.8/site-packages/airflow/example_dags/example_python_decorator.py
[2026-04-09T09:22:34.815+0000] {processor.py:830} INFO - Processing file /home/airflow/.local/lib/python3.8/site-packages/airflow/example_dags/example_python_decorator.py for tasks to queue
[2026-04-09T09:22:34.818+0000] {logging_mixin.py:188} INFO - [2026-04-09T09:22:34.817+0000] {dagbag.py:538} INFO - Filling up the DagBag from /home/airflow/.local/lib/python3.8/site-packages/airflow/example_dags/example_python_decorator.py
[2026-04-09T09:22:34.828+0000] {processor.py:840} INFO - DAG(s) 'example_python_decorator' retrieved from /home/airflow/.local/lib/python3.8/site-packages/airflow/example_dags/example_python_decorator.py
[2026-04-09T09:22:34.847+0000] {logging_mixin.py:188} INFO - [2026-04-09T09:22:34.847+0000] {dag.py:3033} INFO - Sync 1 DAGs
[2026-04-09T09:22:34.857+0000] {logging_mixin.py:188} INFO - [2026-04-09T09:22:34.857+0000] {dag.py:3820} INFO - Setting next_dagrun for example_python_decorator to None, run_after=None
[2026-04-09T09:22:34.873+0000] {processor.py:183} INFO - Processing /home/airflow/.local/lib/python3.8/site-packages/airflow/example_dags/example_python_decorator.py took 0.062 seconds
[2026-04-09T09:23:05.370+0000] {processor.py:161} INFO - Started process (PID=9440) to work on /home/airflow/.local/lib/python3.8/site-packages/airflow/example_dags/example_python_decorator.py
[2026-04-09T09:23:05.371+0000] {processor.py:830} INFO - Processing file /home/airflow/.local/lib/python3.8/site-packages/airflow/example_dags/example_python_decorator.py for tasks to queue
[2026-04-09T09:23:05.373+0000] {logging_mixin.py:188} INFO - [2026-04-09T09:23:05.373+0000] {dagbag.py:538} INFO - Filling up the DagBag from /home/airflow/.local/lib/python3.8/site-packages/airflow/example_dags/example_python_decorator.py
[2026-04-09T09:23:05.380+0000] {processor.py:840} INFO - DAG(s) 'example_python_decorator' retrieved from /home/airflow/.local/lib/python3.8/site-packages/airflow/example_dags/example_python_decorator.py
[2026-04-09T09:23:05.399+0000] {logging_mixin.py:188} INFO - [2026-04-09T09:23:05.398+0000] {dag.py:3033} INFO - Sync 1 DAGs
[2026-04-09T09:23:05.409+0000] {logging_mixin.py:188} INFO - [2026-04-09T09:23:05.408+0000] {dag.py:3820} INFO - Setting next_dagrun for example_python_decorator to None, run_after=None
[2026-04-09T09:23:05.424+0000] {processor.py:183} INFO - Processing /home/airflow/.local/lib/python3.8/site-packages/airflow/example_dags/example_python_decorator.py took 0.056 seconds
[2026-04-09T09:23:35.527+0000] {processor.py:161} INFO - Started process (PID=9501) to work on /home/airflow/.local/lib/python3.8/site-packages/airflow/example_dags/example_python_decorator.py
[2026-04-09T09:23:35.528+0000] {processor.py:830} INFO - Processing file /home/airflow/.local/lib/python3.8/site-packages/airflow/example_dags/example_python_decorator.py for tasks to queue
[2026-04-09T09:23:35.530+0000] {logging_mixin.py:188} INFO - [2026-04-09T09:23:35.529+0000] {dagbag.py:538} INFO - Filling up the DagBag from /home/airflow/.local/lib/python3.8/site-packages/airflow/example_dags/example_python_decorator.py
[2026-04-09T09:23:35.537+0000] {processor.py:840} INFO - DAG(s) 'example_python_decorator' retrieved from /home/airflow/.local/lib/python3.8/site-packages/airflow/example_dags/example_python_decorator.py
[2026-04-09T09:23:35.557+0000] {logging_mixin.py:188} INFO - [2026-04-09T09:23:35.557+0000] {dag.py:3033} INFO - Sync 1 DAGs
[2026-04-09T09:23:35.568+0000] {logging_mixin.py:188} INFO - [2026-04-09T09:23:35.568+0000] {dag.py:3820} INFO - Setting next_dagrun for example_python_decorator to None, run_after=None
[2026-04-09T09:23:35.583+0000] {processor.py:183} INFO - Processing /home/airflow/.local/lib/python3.8/site-packages/airflow/example_dags/example_python_decorator.py took 0.059 seconds
[2026-04-09T09:24:05.921+0000] {processor.py:161} INFO - Started process (PID=9562) to work on /home/airflow/.local/lib/python3.8/site-packages/airflow/example_dags/example_python_decorator.py
[2026-04-09T09:24:05.921+0000] {processor.py:830} INFO - Processing file /home/airflow/.local/lib/python3.8/site-packages/airflow/example_dags/example_python_decorator.py for tasks to queue
[2026-04-09T09:24:05.924+0000] {logging_mixin.py:188} INFO - [2026-04-09T09:24:05.923+0000] {dagbag.py:538} INFO - Filling up the DagBag from /home/airflow/.local/lib/python3.8/site-packages/airflow/example_dags/example_python_decorator.py
[2026-04-09T09:24:05.935+0000] {processor.py:840} INFO - DAG(s) 'example_python_decorator' retrieved from /home/airflow/.local/lib/python3.8/site-packages/airflow/example_dags/example_python_decorator.py
[2026-04-09T09:24:05.952+0000] {logging_mixin.py:188} INFO - [2026-04-09T09:24:05.952+0000] {dag.py:3033} INFO - Sync 1 DAGs
[2026-04-09T09:24:05.962+0000] {logging_mixin.py:188} INFO - [2026-04-09T09:24:05.962+0000] {dag.py:3820} INFO - Setting next_dagrun for example_python_decorator to None, run_after=None
[2026-04-09T09:24:05.977+0000] {processor.py:183} INFO - Processing /home/airflow/.local/lib/python3.8/site-packages/airflow/example_dags/example_python_decorator.py took 0.059 seconds
[2026-04-09T09:24:36.955+0000] {processor.py:161} INFO - Started process (PID=9623) to work on /home/airflow/.local/lib/python3.8/site-packages/airflow/example_dags/example_python_decorator.py
[2026-04-09T09:24:36.956+0000] {processor.py:830} INFO - Processing file /home/airflow/.local/lib/python3.8/site-packages/airflow/example_dags/example_python_decorator.py for tasks to queue
[2026-04-09T09:24:36.959+0000] {logging_mixin.py:188} INFO - [2026-04-09T09:24:36.959+0000] {dagbag.py:538} INFO - Filling up the DagBag from /home/airflow/.local/lib/python3.8/site-packages/airflow/example_dags/example_python_decorator.py
[2026-04-09T09:24:36.971+0000] {processor.py:840} INFO - DAG(s) 'example_python_decorator' retrieved from /home/airflow/.local/lib/python3.8/site-packages/airflow/example_dags/example_python_decorator.py
[2026-04-09T09:24:37.007+0000] {logging_mixin.py:188} INFO - [2026-04-09T09:24:37.006+0000] {dag.py:3033} INFO - Sync 1 DAGs
[2026-04-09T09:24:37.029+0000] {logging_mixin.py:188} INFO - [2026-04-09T09:24:37.029+0000] {dag.py:3820} INFO - Setting next_dagrun for example_python_decorator to None, run_after=None
[2026-04-09T09:24:37.059+0000] {processor.py:183} INFO - Processing /home/airflow/.local/lib/python3.8/site-packages/airflow/example_dags/example_python_decorator.py took 0.107 seconds
[2026-04-09T09:25:07.140+0000] {processor.py:161} INFO - Started process (PID=9684) to work on /home/airflow/.local/lib/python3.8/site-packages/airflow/example_dags/example_python_decorator.py
[2026-04-09T09:25:07.141+0000] {processor.py:830} INFO - Processing file /home/airflow/.local/lib/python3.8/site-packages/airflow/example_dags/example_python_decorator.py for tasks to queue
[2026-04-09T09:25:07.144+0000] {logging_mixin.py:188} INFO - [2026-04-09T09:25:07.143+0000] {dagbag.py:538} INFO - Filling up the DagBag from /home/airflow/.local/lib/python3.8/site-packages/airflow/example_dags/example_python_decorator.py
[2026-04-09T09:25:07.155+0000] {processor.py:840} INFO - DAG(s) 'example_python_decorator' retrieved from /home/airflow/.local/lib/python3.8/site-packages/airflow/example_dags/example_python_decorator.py
[2026-04-09T09:25:07.179+0000] {logging_mixin.py:188} INFO - [2026-04-09T09:25:07.179+0000] {dag.py:3033} INFO - Sync 1 DAGs
[2026-04-09T09:25:07.193+0000] {logging_mixin.py:188} INFO - [2026-04-09T09:25:07.193+0000] {dag.py:3820} INFO - Setting next_dagrun for example_python_decorator to None, run_after=None
[2026-04-09T09:25:07.211+0000] {processor.py:183} INFO - Processing /home/airflow/.local/lib/python3.8/site-packages/airflow/example_dags/example_python_decorator.py took 0.074 seconds
[2026-04-09T09:25:38.070+0000] {processor.py:161} INFO - Started process (PID=9745) to work on /home/airflow/.local/lib/python3.8/site-packages/airflow/example_dags/example_python_decorator.py
[2026-04-09T09:25:38.071+0000] {processor.py:830} INFO - Processing file /home/airflow/.local/lib/python3.8/site-packages/airflow/example_dags/example_python_decorator.py for tasks to queue
[2026-04-09T09:25:38.073+0000] {logging_mixin.py:188} INFO - [2026-04-09T09:25:38.073+0000] {dagbag.py:538} INFO - Filling up the DagBag from /home/airflow/.local/lib/python3.8/site-packages/airflow/example_dags/example_python_decorator.py
[2026-04-09T09:25:38.082+0000] {processor.py:840} INFO - DAG(s) 'example_python_decorator' retrieved from /home/airflow/.local/lib/python3.8/site-packages/airflow/example_dags/example_python_decorator.py
[2026-04-09T09:25:38.099+0000] {logging_mixin.py:188} INFO - [2026-04-09T09:25:38.098+0000] {dag.py:3033} INFO - Sync 1 DAGs
[2026-04-09T09:25:38.108+0000] {logging_mixin.py:188} INFO - [2026-04-09T09:25:38.108+0000] {dag.py:3820} INFO - Setting next_dagrun for example_python_decorator to None, run_after=None
[2026-04-09T09:25:38.121+0000] {processor.py:183} INFO - Processing /home/airflow/.local/lib/python3.8/site-packages/airflow/example_dags/example_python_decorator.py took 0.053 seconds
[2026-04-09T09:26:08.972+0000] {processor.py:161} INFO - Started process (PID=9806) to work on /home/airflow/.local/lib/python3.8/site-packages/airflow/example_dags/example_python_decorator.py
[2026-04-09T09:26:08.973+0000] {processor.py:830} INFO - Processing file /home/airflow/.local/lib/python3.8/site-packages/airflow/example_dags/example_python_decorator.py for tasks to queue
[2026-04-09T09:26:08.976+0000] {logging_mixin.py:188} INFO - [2026-04-09T09:26:08.975+0000] {dagbag.py:538} INFO - Filling up the DagBag from /home/airflow/.local/lib/python3.8/site-packages/airflow/example_dags/example_python_decorator.py
[2026-04-09T09:26:08.985+0000] {processor.py:840} INFO - DAG(s) 'example_python_decorator' retrieved from /home/airflow/.local/lib/python3.8/site-packages/airflow/example_dags/example_python_decorator.py
[2026-04-09T09:26:09.002+0000] {logging_mixin.py:188} INFO - [2026-04-09T09:26:09.002+0000] {dag.py:3033} INFO - Sync 1 DAGs
[2026-04-09T09:26:09.011+0000] {logging_mixin.py:188} INFO - [2026-04-09T09:26:09.011+0000] {dag.py:3820} INFO - Setting next_dagrun for example_python_decorator to None, run_after=None
[2026-04-09T09:26:09.025+0000] {processor.py:183} INFO - Processing /home/airflow/.local/lib/python3.8/site-packages/airflow/example_dags/example_python_decorator.py took 0.056 seconds
[2026-04-09T09:26:39.279+0000] {processor.py:161} INFO - Started process (PID=9867) to work on /home/airflow/.local/lib/python3.8/site-packages/airflow/example_dags/example_python_decorator.py
[2026-04-09T09:26:39.279+0000] {processor.py:830} INFO - Processing file /home/airflow/.local/lib/python3.8/site-packages/airflow/example_dags/example_python_decorator.py for tasks to queue
[2026-04-09T09:26:39.282+0000] {logging_mixin.py:188} INFO - [2026-04-09T09:26:39.281+0000] {dagbag.py:538} INFO - Filling up the DagBag from /home/airflow/.local/lib/python3.8/site-packages/airflow/example_dags/example_python_decorator.py
[2026-04-09T09:26:39.306+0000] {processor.py:840} INFO - DAG(s) 'example_python_decorator' retrieved from /home/airflow/.local/lib/python3.8/site-packages/airflow/example_dags/example_python_decorator.py
[2026-04-09T09:26:39.332+0000] {logging_mixin.py:188} INFO - [2026-04-09T09:26:39.332+0000] {dag.py:3033} INFO - Sync 1 DAGs
[2026-04-09T09:26:39.347+0000] {logging_mixin.py:188} INFO - [2026-04-09T09:26:39.347+0000] {dag.py:3820} INFO - Setting next_dagrun for example_python_decorator to None, run_after=None
[2026-04-09T09:26:39.374+0000] {processor.py:183} INFO - Processing /home/airflow/.local/lib/python3.8/site-packages/airflow/example_dags/example_python_decorator.py took 0.099 seconds
[2026-04-09T09:27:09.717+0000] {processor.py:161} INFO - Started process (PID=9928) to work on /home/airflow/.local/lib/python3.8/site-packages/airflow/example_dags/example_python_decorator.py
[2026-04-09T09:27:09.718+0000] {processor.py:830} INFO - Processing file /home/airflow/.local/lib/python3.8/site-packages/airflow/example_dags/example_python_decorator.py for tasks to queue
[2026-04-09T09:27:09.720+0000] {logging_mixin.py:188} INFO - [2026-04-09T09:27:09.720+0000] {dagbag.py:538} INFO - Filling up the DagBag from /home/airflow/.local/lib/python3.8/site-packages/airflow/example_dags/example_python_decorator.py
[2026-04-09T09:27:09.730+0000] {processor.py:840} INFO - DAG(s) 'example_python_decorator' retrieved from /home/airflow/.local/lib/python3.8/site-packages/airflow/example_dags/example_python_decorator.py
[2026-04-09T09:27:09.753+0000] {logging_mixin.py:188} INFO - [2026-04-09T09:27:09.753+0000] {dag.py:3033} INFO - Sync 1 DAGs
[2026-04-09T09:27:09.767+0000] {logging_mixin.py:188} INFO - [2026-04-09T09:27:09.767+0000] {dag.py:3820} INFO - Setting next_dagrun for example_python_decorator to None, run_after=None
[2026-04-09T09:27:09.789+0000] {processor.py:183} INFO - Processing /home/airflow/.local/lib/python3.8/site-packages/airflow/example_dags/example_python_decorator.py took 0.075 seconds
[2026-04-09T09:27:40.128+0000] {processor.py:161} INFO - Started process (PID=9989) to work on /home/airflow/.local/lib/python3.8/site-packages/airflow/example_dags/example_python_decorator.py
[2026-04-09T09:27:40.129+0000] {processor.py:830} INFO - Processing file /home/airflow/.local/lib/python3.8/site-packages/airflow/example_dags/example_python_decorator.py for tasks to queue
[2026-04-09T09:27:40.130+0000] {logging_mixin.py:188} INFO - [2026-04-09T09:27:40.130+0000] {dagbag.py:538} INFO - Filling up the DagBag from /home/airflow/.local/lib/python3.8/site-packages/airflow/example_dags/example_python_decorator.py
[2026-04-09T09:27:40.138+0000] {processor.py:840} INFO - DAG(s) 'example_python_decorator' retrieved from /home/airflow/.local/lib/python3.8/site-packages/airflow/example_dags/example_python_decorator.py
[2026-04-09T09:27:40.155+0000] {logging_mixin.py:188} INFO - [2026-04-09T09:27:40.155+0000] {dag.py:3033} INFO - Sync 1 DAGs
[2026-04-09T09:27:40.165+0000] {logging_mixin.py:188} INFO - [2026-04-09T09:27:40.165+0000] {dag.py:3820} INFO - Setting next_dagrun for example_python_decorator to None, run_after=None
[2026-04-09T09:27:40.178+0000] {processor.py:183} INFO - Processing /home/airflow/.local/lib/python3.8/site-packages/airflow/example_dags/example_python_decorator.py took 0.052 seconds
[2026-04-09T09:28:10.898+0000] {processor.py:161} INFO - Started process (PID=10050) to work on /home/airflow/.local/lib/python3.8/site-packages/airflow/example_dags/example_python_decorator.py
[2026-04-09T09:28:10.898+0000] {processor.py:830} INFO - Processing file /home/airflow/.local/lib/python3.8/site-packages/airflow/example_dags/example_python_decorator.py for tasks to queue
[2026-04-09T09:28:10.900+0000] {logging_mixin.py:188} INFO - [2026-04-09T09:28:10.900+0000] {dagbag.py:538} INFO - Filling up the DagBag from /home/airflow/.local/lib/python3.8/site-packages/airflow/example_dags/example_python_decorator.py
[2026-04-09T09:28:10.907+0000] {processor.py:840} INFO - DAG(s) 'example_python_decorator' retrieved from /home/airflow/.local/lib/python3.8/site-packages/airflow/example_dags/example_python_decorator.py
[2026-04-09T09:28:10.924+0000] {logging_mixin.py:188} INFO - [2026-04-09T09:28:10.923+0000] {dag.py:3033} INFO - Sync 1 DAGs
[2026-04-09T09:28:10.932+0000] {logging_mixin.py:188} INFO - [2026-04-09T09:28:10.932+0000] {dag.py:3820} INFO - Setting next_dagrun for example_python_decorator to None, run_after=None
[2026-04-09T09:28:10.946+0000] {processor.py:183} INFO - Processing /home/airflow/.local/lib/python3.8/site-packages/airflow/example_dags/example_python_decorator.py took 0.051 seconds
[2026-04-09T09:28:41.068+0000] {processor.py:161} INFO - Started process (PID=10111) to work on /home/airflow/.local/lib/python3.8/site-packages/airflow/example_dags/example_python_decorator.py
[2026-04-09T09:28:41.068+0000] {processor.py:830} INFO - Processing file /home/airflow/.local/lib/python3.8/site-packages/airflow/example_dags/example_python_decorator.py for tasks to queue
[2026-04-09T09:28:41.070+0000] {logging_mixin.py:188} INFO - [2026-04-09T09:28:41.070+0000] {dagbag.py:538} INFO - Filling up the DagBag from /home/airflow/.local/lib/python3.8/site-packages/airflow/example_dags/example_python_decorator.py
[2026-04-09T09:28:41.078+0000] {processor.py:840} INFO - DAG(s) 'example_python_decorator' retrieved from /home/airflow/.local/lib/python3.8/site-packages/airflow/example_dags/example_python_decorator.py
[2026-04-09T09:28:41.094+0000] {logging_mixin.py:188} INFO - [2026-04-09T09:28:41.094+0000] {dag.py:3033} INFO - Sync 1 DAGs
[2026-04-09T09:28:41.103+0000] {logging_mixin.py:188} INFO - [2026-04-09T09:28:41.103+0000] {dag.py:3820} INFO - Setting next_dagrun for example_python_decorator to None, run_after=None
[2026-04-09T09:28:41.117+0000] {processor.py:183} INFO - Processing /home/airflow/.local/lib/python3.8/site-packages/airflow/example_dags/example_python_decorator.py took 0.052 seconds
[2026-04-09T09:29:11.200+0000] {processor.py:161} INFO - Started process (PID=10172) to work on /home/airflow/.local/lib/python3.8/site-packages/airflow/example_dags/example_python_decorator.py
[2026-04-09T09:29:11.201+0000] {processor.py:830} INFO - Processing file /home/airflow/.local/lib/python3.8/site-packages/airflow/example_dags/example_python_decorator.py for tasks to queue
[2026-04-09T09:29:11.202+0000] {logging_mixin.py:188} INFO - [2026-04-09T09:29:11.202+0000] {dagbag.py:538} INFO - Filling up the DagBag from /home/airflow/.local/lib/python3.8/site-packages/airflow/example_dags/example_python_decorator.py
[2026-04-09T09:29:11.210+0000] {processor.py:840} INFO - DAG(s) 'example_python_decorator' retrieved from /home/airflow/.local/lib/python3.8/site-packages/airflow/example_dags/example_python_decorator.py
[2026-04-09T09:29:11.230+0000] {logging_mixin.py:188} INFO - [2026-04-09T09:29:11.230+0000] {dag.py:3033} INFO - Sync 1 DAGs
[2026-04-09T09:29:11.240+0000] {logging_mixin.py:188} INFO - [2026-04-09T09:29:11.240+0000] {dag.py:3820} INFO - Setting next_dagrun for example_python_decorator to None, run_after=None
[2026-04-09T09:29:11.253+0000] {processor.py:183} INFO - Processing /home/airflow/.local/lib/python3.8/site-packages/airflow/example_dags/example_python_decorator.py took 0.056 seconds
[2026-04-09T09:29:41.530+0000] {processor.py:161} INFO - Started process (PID=10233) to work on /home/airflow/.local/lib/python3.8/site-packages/airflow/example_dags/example_python_decorator.py
[2026-04-09T09:29:41.531+0000] {processor.py:830} INFO - Processing file /home/airflow/.local/lib/python3.8/site-packages/airflow/example_dags/example_python_decorator.py for tasks to queue
[2026-04-09T09:29:41.532+0000] {logging_mixin.py:188} INFO - [2026-04-09T09:29:41.532+0000] {dagbag.py:538} INFO - Filling up the DagBag from /home/airflow/.local/lib/python3.8/site-packages/airflow/example_dags/example_python_decorator.py
[2026-04-09T09:29:41.539+0000] {processor.py:840} INFO - DAG(s) 'example_python_decorator' retrieved from /home/airflow/.local/lib/python3.8/site-packages/airflow/example_dags/example_python_decorator.py
[2026-04-09T09:29:41.555+0000] {logging_mixin.py:188} INFO - [2026-04-09T09:29:41.555+0000] {dag.py:3033} INFO - Sync 1 DAGs
[2026-04-09T09:29:41.564+0000] {logging_mixin.py:188} INFO - [2026-04-09T09:29:41.564+0000] {dag.py:3820} INFO - Setting next_dagrun for example_python_decorator to None, run_after=None
[2026-04-09T09:29:41.577+0000] {processor.py:183} INFO - Processing /home/airflow/.local/lib/python3.8/site-packages/airflow/example_dags/example_python_decorator.py took 0.050 seconds
[2026-04-09T09:30:12.326+0000] {processor.py:161} INFO - Started process (PID=10294) to work on /home/airflow/.local/lib/python3.8/site-packages/airflow/example_dags/example_python_decorator.py
[2026-04-09T09:30:12.327+0000] {processor.py:830} INFO - Processing file /home/airflow/.local/lib/python3.8/site-packages/airflow/example_dags/example_python_decorator.py for tasks to queue
[2026-04-09T09:30:12.329+0000] {logging_mixin.py:188} INFO - [2026-04-09T09:30:12.329+0000] {dagbag.py:538} INFO - Filling up the DagBag from /home/airflow/.local/lib/python3.8/site-packages/airflow/example_dags/example_python_decorator.py
[2026-04-09T09:30:12.340+0000] {processor.py:840} INFO - DAG(s) 'example_python_decorator' retrieved from /home/airflow/.local/lib/python3.8/site-packages/airflow/example_dags/example_python_decorator.py
[2026-04-09T09:30:12.364+0000] {logging_mixin.py:188} INFO - [2026-04-09T09:30:12.364+0000] {dag.py:3033} INFO - Sync 1 DAGs
[2026-04-09T09:30:12.378+0000] {logging_mixin.py:188} INFO - [2026-04-09T09:30:12.377+0000] {dag.py:3820} INFO - Setting next_dagrun for example_python_decorator to None, run_after=None
[2026-04-09T09:30:12.396+0000] {processor.py:183} INFO - Processing /home/airflow/.local/lib/python3.8/site-packages/airflow/example_dags/example_python_decorator.py took 0.073 seconds
[2026-04-09T09:30:42.448+0000] {processor.py:161} INFO - Started process (PID=10356) to work on /home/airflow/.local/lib/python3.8/site-packages/airflow/example_dags/example_python_decorator.py
[2026-04-09T09:30:42.448+0000] {processor.py:830} INFO - Processing file /home/airflow/.local/lib/python3.8/site-packages/airflow/example_dags/example_python_decorator.py for tasks to queue
[2026-04-09T09:30:42.450+0000] {logging_mixin.py:188} INFO - [2026-04-09T09:30:42.450+0000] {dagbag.py:538} INFO - Filling up the DagBag from /home/airflow/.local/lib/python3.8/site-packages/airflow/example_dags/example_python_decorator.py
[2026-04-09T09:30:42.457+0000] {processor.py:840} INFO - DAG(s) 'example_python_decorator' retrieved from /home/airflow/.local/lib/python3.8/site-packages/airflow/example_dags/example_python_decorator.py
[2026-04-09T09:30:42.474+0000] {logging_mixin.py:188} INFO - [2026-04-09T09:30:42.474+0000] {dag.py:3033} INFO - Sync 1 DAGs
[2026-04-09T09:30:42.483+0000] {logging_mixin.py:188} INFO - [2026-04-09T09:30:42.483+0000] {dag.py:3820} INFO - Setting next_dagrun for example_python_decorator to None, run_after=None
[2026-04-09T09:30:42.498+0000] {processor.py:183} INFO - Processing /home/airflow/.local/lib/python3.8/site-packages/airflow/example_dags/example_python_decorator.py took 0.053 seconds
[2026-04-09T09:31:12.710+0000] {processor.py:161} INFO - Started process (PID=10417) to work on /home/airflow/.local/lib/python3.8/site-packages/airflow/example_dags/example_python_decorator.py
[2026-04-09T09:31:12.711+0000] {processor.py:830} INFO - Processing file /home/airflow/.local/lib/python3.8/site-packages/airflow/example_dags/example_python_decorator.py for tasks to queue
[2026-04-09T09:31:12.714+0000] {logging_mixin.py:188} INFO - [2026-04-09T09:31:12.714+0000] {dagbag.py:538} INFO - Filling up the DagBag from /home/airflow/.local/lib/python3.8/site-packages/airflow/example_dags/example_python_decorator.py
[2026-04-09T09:31:12.725+0000] {processor.py:840} INFO - DAG(s) 'example_python_decorator' retrieved from /home/airflow/.local/lib/python3.8/site-packages/airflow/example_dags/example_python_decorator.py
[2026-04-09T09:31:12.750+0000] {logging_mixin.py:188} INFO - [2026-04-09T09:31:12.749+0000] {dag.py:3033} INFO - Sync 1 DAGs
[2026-04-09T09:31:12.763+0000] {logging_mixin.py:188} INFO - [2026-04-09T09:31:12.763+0000] {dag.py:3820} INFO - Setting next_dagrun for example_python_decorator to None, run_after=None
[2026-04-09T09:31:12.783+0000] {processor.py:183} INFO - Processing /home/airflow/.local/lib/python3.8/site-packages/airflow/example_dags/example_python_decorator.py took 0.076 seconds
[2026-04-09T09:31:43.005+0000] {processor.py:161} INFO - Started process (PID=10478) to work on /home/airflow/.local/lib/python3.8/site-packages/airflow/example_dags/example_python_decorator.py
[2026-04-09T09:31:43.006+0000] {processor.py:830} INFO - Processing file /home/airflow/.local/lib/python3.8/site-packages/airflow/example_dags/example_python_decorator.py for tasks to queue
[2026-04-09T09:31:43.008+0000] {logging_mixin.py:188} INFO - [2026-04-09T09:31:43.008+0000] {dagbag.py:538} INFO - Filling up the DagBag from /home/airflow/.local/lib/python3.8/site-packages/airflow/example_dags/example_python_decorator.py
[2026-04-09T09:31:43.018+0000] {processor.py:840} INFO - DAG(s) 'example_python_decorator' retrieved from /home/airflow/.local/lib/python3.8/site-packages/airflow/example_dags/example_python_decorator.py
[2026-04-09T09:31:43.042+0000] {logging_mixin.py:188} INFO - [2026-04-09T09:31:43.042+0000] {dag.py:3033} INFO - Sync 1 DAGs
[2026-04-09T09:31:43.055+0000] {logging_mixin.py:188} INFO - [2026-04-09T09:31:43.055+0000] {dag.py:3820} INFO - Setting next_dagrun for example_python_decorator to None, run_after=None
[2026-04-09T09:31:43.074+0000] {processor.py:183} INFO - Processing /home/airflow/.local/lib/python3.8/site-packages/airflow/example_dags/example_python_decorator.py took 0.072 seconds
[2026-04-09T09:32:13.803+0000] {processor.py:161} INFO - Started process (PID=10539) to work on /home/airflow/.local/lib/python3.8/site-packages/airflow/example_dags/example_python_decorator.py
[2026-04-09T09:32:13.804+0000] {processor.py:830} INFO - Processing file /home/airflow/.local/lib/python3.8/site-packages/airflow/example_dags/example_python_decorator.py for tasks to queue
[2026-04-09T09:32:13.806+0000] {logging_mixin.py:188} INFO - [2026-04-09T09:32:13.805+0000] {dagbag.py:538} INFO - Filling up the DagBag from /home/airflow/.local/lib/python3.8/site-packages/airflow/example_dags/example_python_decorator.py
[2026-04-09T09:32:13.813+0000] {processor.py:840} INFO - DAG(s) 'example_python_decorator' retrieved from /home/airflow/.local/lib/python3.8/site-packages/airflow/example_dags/example_python_decorator.py
[2026-04-09T09:32:13.830+0000] {logging_mixin.py:188} INFO - [2026-04-09T09:32:13.830+0000] {dag.py:3033} INFO - Sync 1 DAGs
[2026-04-09T09:32:13.840+0000] {logging_mixin.py:188} INFO - [2026-04-09T09:32:13.839+0000] {dag.py:3820} INFO - Setting next_dagrun for example_python_decorator to None, run_after=None
[2026-04-09T09:32:13.853+0000] {processor.py:183} INFO - Processing /home/airflow/.local/lib/python3.8/site-packages/airflow/example_dags/example_python_decorator.py took 0.052 seconds
[2026-04-09T09:32:43.950+0000] {processor.py:161} INFO - Started process (PID=10600) to work on /home/airflow/.local/lib/python3.8/site-packages/airflow/example_dags/example_python_decorator.py
[2026-04-09T09:32:43.951+0000] {processor.py:830} INFO - Processing file /home/airflow/.local/lib/python3.8/site-packages/airflow/example_dags/example_python_decorator.py for tasks to queue
[2026-04-09T09:32:43.952+0000] {logging_mixin.py:188} INFO - [2026-04-09T09:32:43.952+0000] {dagbag.py:538} INFO - Filling up the DagBag from /home/airflow/.local/lib/python3.8/site-packages/airflow/example_dags/example_python_decorator.py
[2026-04-09T09:32:43.960+0000] {processor.py:840} INFO - DAG(s) 'example_python_decorator' retrieved from /home/airflow/.local/lib/python3.8/site-packages/airflow/example_dags/example_python_decorator.py
[2026-04-09T09:32:43.976+0000] {logging_mixin.py:188} INFO - [2026-04-09T09:32:43.976+0000] {dag.py:3033} INFO - Sync 1 DAGs
[2026-04-09T09:32:43.986+0000] {logging_mixin.py:188} INFO - [2026-04-09T09:32:43.985+0000] {dag.py:3820} INFO - Setting next_dagrun for example_python_decorator to None, run_after=None
[2026-04-09T09:32:43.998+0000] {processor.py:183} INFO - Processing /home/airflow/.local/lib/python3.8/site-packages/airflow/example_dags/example_python_decorator.py took 0.051 seconds
[2026-04-09T09:33:14.778+0000] {processor.py:161} INFO - Started process (PID=10661) to work on /home/airflow/.local/lib/python3.8/site-packages/airflow/example_dags/example_python_decorator.py
[2026-04-09T09:33:14.779+0000] {processor.py:830} INFO - Processing file /home/airflow/.local/lib/python3.8/site-packages/airflow/example_dags/example_python_decorator.py for tasks to queue
[2026-04-09T09:33:14.781+0000] {logging_mixin.py:188} INFO - [2026-04-09T09:33:14.780+0000] {dagbag.py:538} INFO - Filling up the DagBag from /home/airflow/.local/lib/python3.8/site-packages/airflow/example_dags/example_python_decorator.py
[2026-04-09T09:33:14.791+0000] {processor.py:840} INFO - DAG(s) 'example_python_decorator' retrieved from /home/airflow/.local/lib/python3.8/site-packages/airflow/example_dags/example_python_decorator.py
[2026-04-09T09:33:14.814+0000] {logging_mixin.py:188} INFO - [2026-04-09T09:33:14.814+0000] {dag.py:3033} INFO - Sync 1 DAGs
[2026-04-09T09:33:14.828+0000] {logging_mixin.py:188} INFO - [2026-04-09T09:33:14.827+0000] {dag.py:3820} INFO - Setting next_dagrun for example_python_decorator to None, run_after=None
[2026-04-09T09:33:14.846+0000] {processor.py:183} INFO - Processing /home/airflow/.local/lib/python3.8/site-packages/airflow/example_dags/example_python_decorator.py took 0.071 seconds
[2026-04-09T09:33:45.269+0000] {processor.py:161} INFO - Started process (PID=10722) to work on /home/airflow/.local/lib/python3.8/site-packages/airflow/example_dags/example_python_decorator.py
[2026-04-09T09:33:45.270+0000] {processor.py:830} INFO - Processing file /home/airflow/.local/lib/python3.8/site-packages/airflow/example_dags/example_python_decorator.py for tasks to queue
[2026-04-09T09:33:45.271+0000] {logging_mixin.py:188} INFO - [2026-04-09T09:33:45.271+0000] {dagbag.py:538} INFO - Filling up the DagBag from /home/airflow/.local/lib/python3.8/site-packages/airflow/example_dags/example_python_decorator.py
[2026-04-09T09:33:45.279+0000] {processor.py:840} INFO - DAG(s) 'example_python_decorator' retrieved from /home/airflow/.local/lib/python3.8/site-packages/airflow/example_dags/example_python_decorator.py
[2026-04-09T09:33:45.297+0000] {logging_mixin.py:188} INFO - [2026-04-09T09:33:45.297+0000] {dag.py:3033} INFO - Sync 1 DAGs
[2026-04-09T09:33:45.306+0000] {logging_mixin.py:188} INFO - [2026-04-09T09:33:45.306+0000] {dag.py:3820} INFO - Setting next_dagrun for example_python_decorator to None, run_after=None
[2026-04-09T09:33:45.320+0000] {processor.py:183} INFO - Processing /home/airflow/.local/lib/python3.8/site-packages/airflow/example_dags/example_python_decorator.py took 0.053 seconds
[2026-04-09T09:34:15.495+0000] {processor.py:161} INFO - Started process (PID=10783) to work on /home/airflow/.local/lib/python3.8/site-packages/airflow/example_dags/example_python_decorator.py
[2026-04-09T09:34:15.499+0000] {processor.py:830} INFO - Processing file /home/airflow/.local/lib/python3.8/site-packages/airflow/example_dags/example_python_decorator.py for tasks to queue
[2026-04-09T09:34:15.502+0000] {logging_mixin.py:188} INFO - [2026-04-09T09:34:15.502+0000] {dagbag.py:538} INFO - Filling up the DagBag from /home/airflow/.local/lib/python3.8/site-packages/airflow/example_dags/example_python_decorator.py
[2026-04-09T09:34:15.523+0000] {processor.py:840} INFO - DAG(s) 'example_python_decorator' retrieved from /home/airflow/.local/lib/python3.8/site-packages/airflow/example_dags/example_python_decorator.py
[2026-04-09T09:34:15.572+0000] {logging_mixin.py:188} INFO - [2026-04-09T09:34:15.572+0000] {dag.py:3033} INFO - Sync 1 DAGs
[2026-04-09T09:34:15.592+0000] {logging_mixin.py:188} INFO - [2026-04-09T09:34:15.592+0000] {dag.py:3820} INFO - Setting next_dagrun for example_python_decorator to None, run_after=None
[2026-04-09T09:34:15.633+0000] {processor.py:183} INFO - Processing /home/airflow/.local/lib/python3.8/site-packages/airflow/example_dags/example_python_decorator.py took 0.144 seconds
[2026-04-09T09:34:45.710+0000] {processor.py:161} INFO - Started process (PID=10844) to work on /home/airflow/.local/lib/python3.8/site-packages/airflow/example_dags/example_python_decorator.py
[2026-04-09T09:34:45.711+0000] {processor.py:830} INFO - Processing file /home/airflow/.local/lib/python3.8/site-packages/airflow/example_dags/example_python_decorator.py for tasks to queue
[2026-04-09T09:34:45.713+0000] {logging_mixin.py:188} INFO - [2026-04-09T09:34:45.713+0000] {dagbag.py:538} INFO - Filling up the DagBag from /home/airflow/.local/lib/python3.8/site-packages/airflow/example_dags/example_python_decorator.py
[2026-04-09T09:34:45.723+0000] {processor.py:840} INFO - DAG(s) 'example_python_decorator' retrieved from /home/airflow/.local/lib/python3.8/site-packages/airflow/example_dags/example_python_decorator.py
[2026-04-09T09:34:45.747+0000] {logging_mixin.py:188} INFO - [2026-04-09T09:34:45.747+0000] {dag.py:3033} INFO - Sync 1 DAGs
[2026-04-09T09:34:45.763+0000] {logging_mixin.py:188} INFO - [2026-04-09T09:34:45.763+0000] {dag.py:3820} INFO - Setting next_dagrun for example_python_decorator to None, run_after=None
[2026-04-09T09:34:45.783+0000] {processor.py:183} INFO - Processing /home/airflow/.local/lib/python3.8/site-packages/airflow/example_dags/example_python_decorator.py took 0.076 seconds
[2026-04-09T09:35:15.941+0000] {processor.py:161} INFO - Started process (PID=10905) to work on /home/airflow/.local/lib/python3.8/site-packages/airflow/example_dags/example_python_decorator.py
[2026-04-09T09:35:15.941+0000] {processor.py:830} INFO - Processing file /home/airflow/.local/lib/python3.8/site-packages/airflow/example_dags/example_python_decorator.py for tasks to queue
[2026-04-09T09:35:15.943+0000] {logging_mixin.py:188} INFO - [2026-04-09T09:35:15.943+0000] {dagbag.py:538} INFO - Filling up the DagBag from /home/airflow/.local/lib/python3.8/site-packages/airflow/example_dags/example_python_decorator.py
[2026-04-09T09:35:15.950+0000] {processor.py:840} INFO - DAG(s) 'example_python_decorator' retrieved from /home/airflow/.local/lib/python3.8/site-packages/airflow/example_dags/example_python_decorator.py
[2026-04-09T09:35:15.970+0000] {logging_mixin.py:188} INFO - [2026-04-09T09:35:15.969+0000] {dag.py:3033} INFO - Sync 1 DAGs
[2026-04-09T09:35:15.980+0000] {logging_mixin.py:188} INFO - [2026-04-09T09:35:15.979+0000] {dag.py:3820} INFO - Setting next_dagrun for example_python_decorator to None, run_after=None
[2026-04-09T09:35:15.992+0000] {processor.py:183} INFO - Processing /home/airflow/.local/lib/python3.8/site-packages/airflow/example_dags/example_python_decorator.py took 0.057 seconds
[2026-04-09T09:35:46.667+0000] {processor.py:161} INFO - Started process (PID=10966) to work on /home/airflow/.local/lib/python3.8/site-packages/airflow/example_dags/example_python_decorator.py
[2026-04-09T09:35:46.668+0000] {processor.py:830} INFO - Processing file /home/airflow/.local/lib/python3.8/site-packages/airflow/example_dags/example_python_decorator.py for tasks to queue
[2026-04-09T09:35:46.669+0000] {logging_mixin.py:188} INFO - [2026-04-09T09:35:46.669+0000] {dagbag.py:538} INFO - Filling up the DagBag from /home/airflow/.local/lib/python3.8/site-packages/airflow/example_dags/example_python_decorator.py
[2026-04-09T09:35:46.678+0000] {processor.py:840} INFO - DAG(s) 'example_python_decorator' retrieved from /home/airflow/.local/lib/python3.8/site-packages/airflow/example_dags/example_python_decorator.py
[2026-04-09T09:35:46.694+0000] {logging_mixin.py:188} INFO - [2026-04-09T09:35:46.694+0000] {dag.py:3033} INFO - Sync 1 DAGs
[2026-04-09T09:35:46.703+0000] {logging_mixin.py:188} INFO - [2026-04-09T09:35:46.703+0000] {dag.py:3820} INFO - Setting next_dagrun for example_python_decorator to None, run_after=None
[2026-04-09T09:35:46.716+0000] {processor.py:183} INFO - Processing /home/airflow/.local/lib/python3.8/site-packages/airflow/example_dags/example_python_decorator.py took 0.052 seconds
[2026-04-09T09:36:17.142+0000] {processor.py:161} INFO - Started process (PID=11027) to work on /home/airflow/.local/lib/python3.8/site-packages/airflow/example_dags/example_python_decorator.py
[2026-04-09T09:36:17.143+0000] {processor.py:830} INFO - Processing file /home/airflow/.local/lib/python3.8/site-packages/airflow/example_dags/example_python_decorator.py for tasks to queue
[2026-04-09T09:36:17.145+0000] {logging_mixin.py:188} INFO - [2026-04-09T09:36:17.145+0000] {dagbag.py:538} INFO - Filling up the DagBag from /home/airflow/.local/lib/python3.8/site-packages/airflow/example_dags/example_python_decorator.py
[2026-04-09T09:36:17.156+0000] {processor.py:840} INFO - DAG(s) 'example_python_decorator' retrieved from /home/airflow/.local/lib/python3.8/site-packages/airflow/example_dags/example_python_decorator.py
[2026-04-09T09:36:17.182+0000] {logging_mixin.py:188} INFO - [2026-04-09T09:36:17.182+0000] {dag.py:3033} INFO - Sync 1 DAGs
[2026-04-09T09:36:17.197+0000] {logging_mixin.py:188} INFO - [2026-04-09T09:36:17.197+0000] {dag.py:3820} INFO - Setting next_dagrun for example_python_decorator to None, run_after=None
[2026-04-09T09:36:17.216+0000] {processor.py:183} INFO - Processing /home/airflow/.local/lib/python3.8/site-packages/airflow/example_dags/example_python_decorator.py took 0.077 seconds
[2026-04-09T09:36:47.717+0000] {processor.py:161} INFO - Started process (PID=11094) to work on /home/airflow/.local/lib/python3.8/site-packages/airflow/example_dags/example_python_decorator.py
[2026-04-09T09:36:47.719+0000] {processor.py:830} INFO - Processing file /home/airflow/.local/lib/python3.8/site-packages/airflow/example_dags/example_python_decorator.py for tasks to queue
[2026-04-09T09:36:47.723+0000] {logging_mixin.py:188} INFO - [2026-04-09T09:36:47.723+0000] {dagbag.py:538} INFO - Filling up the DagBag from /home/airflow/.local/lib/python3.8/site-packages/airflow/example_dags/example_python_decorator.py
[2026-04-09T09:36:47.735+0000] {processor.py:840} INFO - DAG(s) 'example_python_decorator' retrieved from /home/airflow/.local/lib/python3.8/site-packages/airflow/example_dags/example_python_decorator.py
[2026-04-09T09:36:47.757+0000] {logging_mixin.py:188} INFO - [2026-04-09T09:36:47.757+0000] {dag.py:3033} INFO - Sync 1 DAGs
[2026-04-09T09:36:47.771+0000] {logging_mixin.py:188} INFO - [2026-04-09T09:36:47.770+0000] {dag.py:3820} INFO - Setting next_dagrun for example_python_decorator to None, run_after=None
[2026-04-09T09:36:47.793+0000] {processor.py:183} INFO - Processing /home/airflow/.local/lib/python3.8/site-packages/airflow/example_dags/example_python_decorator.py took 0.088 seconds
[2026-04-09T09:37:17.978+0000] {processor.py:161} INFO - Started process (PID=11155) to work on /home/airflow/.local/lib/python3.8/site-packages/airflow/example_dags/example_python_decorator.py
[2026-04-09T09:37:17.979+0000] {processor.py:830} INFO - Processing file /home/airflow/.local/lib/python3.8/site-packages/airflow/example_dags/example_python_decorator.py for tasks to queue
[2026-04-09T09:37:17.980+0000] {logging_mixin.py:188} INFO - [2026-04-09T09:37:17.980+0000] {dagbag.py:538} INFO - Filling up the DagBag from /home/airflow/.local/lib/python3.8/site-packages/airflow/example_dags/example_python_decorator.py
[2026-04-09T09:37:17.988+0000] {processor.py:840} INFO - DAG(s) 'example_python_decorator' retrieved from /home/airflow/.local/lib/python3.8/site-packages/airflow/example_dags/example_python_decorator.py
[2026-04-09T09:37:18.006+0000] {logging_mixin.py:188} INFO - [2026-04-09T09:37:18.005+0000] {dag.py:3033} INFO - Sync 1 DAGs
[2026-04-09T09:37:18.015+0000] {logging_mixin.py:188} INFO - [2026-04-09T09:37:18.015+0000] {dag.py:3820} INFO - Setting next_dagrun for example_python_decorator to None, run_after=None
[2026-04-09T09:37:18.029+0000] {processor.py:183} INFO - Processing /home/airflow/.local/lib/python3.8/site-packages/airflow/example_dags/example_python_decorator.py took 0.054 seconds
[2026-04-09T09:37:48.243+0000] {processor.py:161} INFO - Started process (PID=11216) to work on /home/airflow/.local/lib/python3.8/site-packages/airflow/example_dags/example_python_decorator.py
[2026-04-09T09:37:48.246+0000] {processor.py:830} INFO - Processing file /home/airflow/.local/lib/python3.8/site-packages/airflow/example_dags/example_python_decorator.py for tasks to queue
[2026-04-09T09:37:48.252+0000] {logging_mixin.py:188} INFO - [2026-04-09T09:37:48.252+0000] {dagbag.py:538} INFO - Filling up the DagBag from /home/airflow/.local/lib/python3.8/site-packages/airflow/example_dags/example_python_decorator.py
[2026-04-09T09:37:48.273+0000] {processor.py:840} INFO - DAG(s) 'example_python_decorator' retrieved from /home/airflow/.local/lib/python3.8/site-packages/airflow/example_dags/example_python_decorator.py
[2026-04-09T09:37:48.304+0000] {logging_mixin.py:188} INFO - [2026-04-09T09:37:48.304+0000] {dag.py:3033} INFO - Sync 1 DAGs
[2026-04-09T09:37:48.320+0000] {logging_mixin.py:188} INFO - [2026-04-09T09:37:48.320+0000] {dag.py:3820} INFO - Setting next_dagrun for example_python_decorator to None, run_after=None
[2026-04-09T09:37:48.339+0000] {processor.py:183} INFO - Processing /home/airflow/.local/lib/python3.8/site-packages/airflow/example_dags/example_python_decorator.py took 0.106 seconds
[2026-04-09T09:38:18.474+0000] {processor.py:161} INFO - Started process (PID=11277) to work on /home/airflow/.local/lib/python3.8/site-packages/airflow/example_dags/example_python_decorator.py
[2026-04-09T09:38:18.475+0000] {processor.py:830} INFO - Processing file /home/airflow/.local/lib/python3.8/site-packages/airflow/example_dags/example_python_decorator.py for tasks to queue
[2026-04-09T09:38:18.477+0000] {logging_mixin.py:188} INFO - [2026-04-09T09:38:18.476+0000] {dagbag.py:538} INFO - Filling up the DagBag from /home/airflow/.local/lib/python3.8/site-packages/airflow/example_dags/example_python_decorator.py
[2026-04-09T09:38:18.487+0000] {processor.py:840} INFO - DAG(s) 'example_python_decorator' retrieved from /home/airflow/.local/lib/python3.8/site-packages/airflow/example_dags/example_python_decorator.py
[2026-04-09T09:38:18.512+0000] {logging_mixin.py:188} INFO - [2026-04-09T09:38:18.512+0000] {dag.py:3033} INFO - Sync 1 DAGs
[2026-04-09T09:38:18.528+0000] {logging_mixin.py:188} INFO - [2026-04-09T09:38:18.528+0000] {dag.py:3820} INFO - Setting next_dagrun for example_python_decorator to None, run_after=None
[2026-04-09T09:38:18.547+0000] {processor.py:183} INFO - Processing /home/airflow/.local/lib/python3.8/site-packages/airflow/example_dags/example_python_decorator.py took 0.077 seconds
[2026-04-09T09:38:48.784+0000] {processor.py:161} INFO - Started process (PID=11338) to work on /home/airflow/.local/lib/python3.8/site-packages/airflow/example_dags/example_python_decorator.py
[2026-04-09T09:38:48.785+0000] {processor.py:830} INFO - Processing file /home/airflow/.local/lib/python3.8/site-packages/airflow/example_dags/example_python_decorator.py for tasks to queue
[2026-04-09T09:38:48.786+0000] {logging_mixin.py:188} INFO - [2026-04-09T09:38:48.786+0000] {dagbag.py:538} INFO - Filling up the DagBag from /home/airflow/.local/lib/python3.8/site-packages/airflow/example_dags/example_python_decorator.py
[2026-04-09T09:38:48.794+0000] {processor.py:840} INFO - DAG(s) 'example_python_decorator' retrieved from /home/airflow/.local/lib/python3.8/site-packages/airflow/example_dags/example_python_decorator.py
[2026-04-09T09:38:48.813+0000] {logging_mixin.py:188} INFO - [2026-04-09T09:38:48.812+0000] {dag.py:3033} INFO - Sync 1 DAGs
[2026-04-09T09:38:48.822+0000] {logging_mixin.py:188} INFO - [2026-04-09T09:38:48.822+0000] {dag.py:3820} INFO - Setting next_dagrun for example_python_decorator to None, run_after=None
[2026-04-09T09:38:48.837+0000] {processor.py:183} INFO - Processing /home/airflow/.local/lib/python3.8/site-packages/airflow/example_dags/example_python_decorator.py took 0.056 seconds
[2026-04-09T09:39:19.841+0000] {processor.py:161} INFO - Started process (PID=11399) to work on /home/airflow/.local/lib/python3.8/site-packages/airflow/example_dags/example_python_decorator.py
[2026-04-09T09:39:19.842+0000] {processor.py:830} INFO - Processing file /home/airflow/.local/lib/python3.8/site-packages/airflow/example_dags/example_python_decorator.py for tasks to queue
[2026-04-09T09:39:19.844+0000] {logging_mixin.py:188} INFO - [2026-04-09T09:39:19.843+0000] {dagbag.py:538} INFO - Filling up the DagBag from /home/airflow/.local/lib/python3.8/site-packages/airflow/example_dags/example_python_decorator.py
[2026-04-09T09:39:19.854+0000] {processor.py:840} INFO - DAG(s) 'example_python_decorator' retrieved from /home/airflow/.local/lib/python3.8/site-packages/airflow/example_dags/example_python_decorator.py
[2026-04-09T09:39:19.879+0000] {logging_mixin.py:188} INFO - [2026-04-09T09:39:19.879+0000] {dag.py:3033} INFO - Sync 1 DAGs
[2026-04-09T09:39:19.894+0000] {logging_mixin.py:188} INFO - [2026-04-09T09:39:19.894+0000] {dag.py:3820} INFO - Setting next_dagrun for example_python_decorator to None, run_after=None
[2026-04-09T09:39:19.913+0000] {processor.py:183} INFO - Processing /home/airflow/.local/lib/python3.8/site-packages/airflow/example_dags/example_python_decorator.py took 0.076 seconds
[2026-04-09T09:39:50.173+0000] {processor.py:161} INFO - Started process (PID=11460) to work on /home/airflow/.local/lib/python3.8/site-packages/airflow/example_dags/example_python_decorator.py
[2026-04-09T09:39:50.173+0000] {processor.py:830} INFO - Processing file /home/airflow/.local/lib/python3.8/site-packages/airflow/example_dags/example_python_decorator.py for tasks to queue
[2026-04-09T09:39:50.175+0000] {logging_mixin.py:188} INFO - [2026-04-09T09:39:50.175+0000] {dagbag.py:538} INFO - Filling up the DagBag from /home/airflow/.local/lib/python3.8/site-packages/airflow/example_dags/example_python_decorator.py
[2026-04-09T09:39:50.183+0000] {processor.py:840} INFO - DAG(s) 'example_python_decorator' retrieved from /home/airflow/.local/lib/python3.8/site-packages/airflow/example_dags/example_python_decorator.py
[2026-04-09T09:39:50.200+0000] {logging_mixin.py:188} INFO - [2026-04-09T09:39:50.200+0000] {dag.py:3033} INFO - Sync 1 DAGs
[2026-04-09T09:39:50.210+0000] {logging_mixin.py:188} INFO - [2026-04-09T09:39:50.210+0000] {dag.py:3820} INFO - Setting next_dagrun for example_python_decorator to None, run_after=None
[2026-04-09T09:39:50.225+0000] {processor.py:183} INFO - Processing /home/airflow/.local/lib/python3.8/site-packages/airflow/example_dags/example_python_decorator.py took 0.055 seconds
[2026-04-09T09:40:20.779+0000] {processor.py:161} INFO - Started process (PID=11521) to work on /home/airflow/.local/lib/python3.8/site-packages/airflow/example_dags/example_python_decorator.py
[2026-04-09T09:40:20.784+0000] {processor.py:830} INFO - Processing file /home/airflow/.local/lib/python3.8/site-packages/airflow/example_dags/example_python_decorator.py for tasks to queue
[2026-04-09T09:40:20.790+0000] {logging_mixin.py:188} INFO - [2026-04-09T09:40:20.790+0000] {dagbag.py:538} INFO - Filling up the DagBag from /home/airflow/.local/lib/python3.8/site-packages/airflow/example_dags/example_python_decorator.py
[2026-04-09T09:40:20.830+0000] {processor.py:840} INFO - DAG(s) 'example_python_decorator' retrieved from /home/airflow/.local/lib/python3.8/site-packages/airflow/example_dags/example_python_decorator.py
[2026-04-09T09:40:20.902+0000] {logging_mixin.py:188} INFO - [2026-04-09T09:40:20.902+0000] {dag.py:3033} INFO - Sync 1 DAGs
[2026-04-09T09:40:20.956+0000] {logging_mixin.py:188} INFO - [2026-04-09T09:40:20.956+0000] {dag.py:3820} INFO - Setting next_dagrun for example_python_decorator to None, run_after=None
[2026-04-09T09:40:21.065+0000] {processor.py:183} INFO - Processing /home/airflow/.local/lib/python3.8/site-packages/airflow/example_dags/example_python_decorator.py took 0.298 seconds
[2026-04-09T09:40:51.235+0000] {processor.py:161} INFO - Started process (PID=11582) to work on /home/airflow/.local/lib/python3.8/site-packages/airflow/example_dags/example_python_decorator.py
[2026-04-09T09:40:51.236+0000] {processor.py:830} INFO - Processing file /home/airflow/.local/lib/python3.8/site-packages/airflow/example_dags/example_python_decorator.py for tasks to queue
[2026-04-09T09:40:51.238+0000] {logging_mixin.py:188} INFO - [2026-04-09T09:40:51.238+0000] {dagbag.py:538} INFO - Filling up the DagBag from /home/airflow/.local/lib/python3.8/site-packages/airflow/example_dags/example_python_decorator.py
[2026-04-09T09:40:51.248+0000] {processor.py:840} INFO - DAG(s) 'example_python_decorator' retrieved from /home/airflow/.local/lib/python3.8/site-packages/airflow/example_dags/example_python_decorator.py
[2026-04-09T09:40:51.268+0000] {logging_mixin.py:188} INFO - [2026-04-09T09:40:51.268+0000] {dag.py:3033} INFO - Sync 1 DAGs
[2026-04-09T09:40:51.277+0000] {logging_mixin.py:188} INFO - [2026-04-09T09:40:51.277+0000] {dag.py:3820} INFO - Setting next_dagrun for example_python_decorator to None, run_after=None
[2026-04-09T09:40:51.291+0000] {processor.py:183} INFO - Processing /home/airflow/.local/lib/python3.8/site-packages/airflow/example_dags/example_python_decorator.py took 0.060 seconds
[2026-04-09T09:41:22.250+0000] {processor.py:161} INFO - Started process (PID=11643) to work on /home/airflow/.local/lib/python3.8/site-packages/airflow/example_dags/example_python_decorator.py
[2026-04-09T09:41:22.251+0000] {processor.py:830} INFO - Processing file /home/airflow/.local/lib/python3.8/site-packages/airflow/example_dags/example_python_decorator.py for tasks to queue
[2026-04-09T09:41:22.253+0000] {logging_mixin.py:188} INFO - [2026-04-09T09:41:22.253+0000] {dagbag.py:538} INFO - Filling up the DagBag from /home/airflow/.local/lib/python3.8/site-packages/airflow/example_dags/example_python_decorator.py
[2026-04-09T09:41:22.264+0000] {processor.py:840} INFO - DAG(s) 'example_python_decorator' retrieved from /home/airflow/.local/lib/python3.8/site-packages/airflow/example_dags/example_python_decorator.py
[2026-04-09T09:41:22.288+0000] {logging_mixin.py:188} INFO - [2026-04-09T09:41:22.287+0000] {dag.py:3033} INFO - Sync 1 DAGs
[2026-04-09T09:41:22.299+0000] {logging_mixin.py:188} INFO - [2026-04-09T09:41:22.299+0000] {dag.py:3820} INFO - Setting next_dagrun for example_python_decorator to None, run_after=None
[2026-04-09T09:41:22.313+0000] {processor.py:183} INFO - Processing /home/airflow/.local/lib/python3.8/site-packages/airflow/example_dags/example_python_decorator.py took 0.066 seconds
[2026-04-09T09:41:52.627+0000] {processor.py:161} INFO - Started process (PID=11704) to work on /home/airflow/.local/lib/python3.8/site-packages/airflow/example_dags/example_python_decorator.py
[2026-04-09T09:41:52.628+0000] {processor.py:830} INFO - Processing file /home/airflow/.local/lib/python3.8/site-packages/airflow/example_dags/example_python_decorator.py for tasks to queue
[2026-04-09T09:41:52.630+0000] {logging_mixin.py:188} INFO - [2026-04-09T09:41:52.630+0000] {dagbag.py:538} INFO - Filling up the DagBag from /home/airflow/.local/lib/python3.8/site-packages/airflow/example_dags/example_python_decorator.py
[2026-04-09T09:41:52.644+0000] {processor.py:840} INFO - DAG(s) 'example_python_decorator' retrieved from /home/airflow/.local/lib/python3.8/site-packages/airflow/example_dags/example_python_decorator.py
[2026-04-09T09:41:52.668+0000] {logging_mixin.py:188} INFO - [2026-04-09T09:41:52.668+0000] {dag.py:3033} INFO - Sync 1 DAGs
[2026-04-09T09:41:52.678+0000] {logging_mixin.py:188} INFO - [2026-04-09T09:41:52.678+0000] {dag.py:3820} INFO - Setting next_dagrun for example_python_decorator to None, run_after=None
[2026-04-09T09:41:52.695+0000] {processor.py:183} INFO - Processing /home/airflow/.local/lib/python3.8/site-packages/airflow/example_dags/example_python_decorator.py took 0.072 seconds
[2026-04-09T09:42:23.049+0000] {processor.py:161} INFO - Started process (PID=11765) to work on /home/airflow/.local/lib/python3.8/site-packages/airflow/example_dags/example_python_decorator.py
[2026-04-09T09:42:23.050+0000] {processor.py:830} INFO - Processing file /home/airflow/.local/lib/python3.8/site-packages/airflow/example_dags/example_python_decorator.py for tasks to queue
[2026-04-09T09:42:23.052+0000] {logging_mixin.py:188} INFO - [2026-04-09T09:42:23.052+0000] {dagbag.py:538} INFO - Filling up the DagBag from /home/airflow/.local/lib/python3.8/site-packages/airflow/example_dags/example_python_decorator.py
[2026-04-09T09:42:23.063+0000] {processor.py:840} INFO - DAG(s) 'example_python_decorator' retrieved from /home/airflow/.local/lib/python3.8/site-packages/airflow/example_dags/example_python_decorator.py
[2026-04-09T09:42:23.087+0000] {logging_mixin.py:188} INFO - [2026-04-09T09:42:23.087+0000] {dag.py:3033} INFO - Sync 1 DAGs
[2026-04-09T09:42:23.101+0000] {logging_mixin.py:188} INFO - [2026-04-09T09:42:23.100+0000] {dag.py:3820} INFO - Setting next_dagrun for example_python_decorator to None, run_after=None
[2026-04-09T09:42:23.115+0000] {processor.py:183} INFO - Processing /home/airflow/.local/lib/python3.8/site-packages/airflow/example_dags/example_python_decorator.py took 0.070 seconds
[2026-04-09T09:42:53.538+0000] {processor.py:161} INFO - Started process (PID=11826) to work on /home/airflow/.local/lib/python3.8/site-packages/airflow/example_dags/example_python_decorator.py
[2026-04-09T09:42:53.539+0000] {processor.py:830} INFO - Processing file /home/airflow/.local/lib/python3.8/site-packages/airflow/example_dags/example_python_decorator.py for tasks to queue
[2026-04-09T09:42:53.542+0000] {logging_mixin.py:188} INFO - [2026-04-09T09:42:53.541+0000] {dagbag.py:538} INFO - Filling up the DagBag from /home/airflow/.local/lib/python3.8/site-packages/airflow/example_dags/example_python_decorator.py
[2026-04-09T09:42:53.551+0000] {processor.py:840} INFO - DAG(s) 'example_python_decorator' retrieved from /home/airflow/.local/lib/python3.8/site-packages/airflow/example_dags/example_python_decorator.py
[2026-04-09T09:42:53.569+0000] {logging_mixin.py:188} INFO - [2026-04-09T09:42:53.569+0000] {dag.py:3033} INFO - Sync 1 DAGs
[2026-04-09T09:42:53.579+0000] {logging_mixin.py:188} INFO - [2026-04-09T09:42:53.578+0000] {dag.py:3820} INFO - Setting next_dagrun for example_python_decorator to None, run_after=None
[2026-04-09T09:42:53.592+0000] {processor.py:183} INFO - Processing /home/airflow/.local/lib/python3.8/site-packages/airflow/example_dags/example_python_decorator.py took 0.057 seconds
[2026-04-09T09:43:23.791+0000] {processor.py:161} INFO - Started process (PID=11887) to work on /home/airflow/.local/lib/python3.8/site-packages/airflow/example_dags/example_python_decorator.py
[2026-04-09T09:43:23.792+0000] {processor.py:830} INFO - Processing file /home/airflow/.local/lib/python3.8/site-packages/airflow/example_dags/example_python_decorator.py for tasks to queue
[2026-04-09T09:43:23.794+0000] {logging_mixin.py:188} INFO - [2026-04-09T09:43:23.793+0000] {dagbag.py:538} INFO - Filling up the DagBag from /home/airflow/.local/lib/python3.8/site-packages/airflow/example_dags/example_python_decorator.py
[2026-04-09T09:43:23.805+0000] {processor.py:840} INFO - DAG(s) 'example_python_decorator' retrieved from /home/airflow/.local/lib/python3.8/site-packages/airflow/example_dags/example_python_decorator.py
[2026-04-09T09:43:23.829+0000] {logging_mixin.py:188} INFO - [2026-04-09T09:43:23.828+0000] {dag.py:3033} INFO - Sync 1 DAGs
[2026-04-09T09:43:23.842+0000] {logging_mixin.py:188} INFO - [2026-04-09T09:43:23.842+0000] {dag.py:3820} INFO - Setting next_dagrun for example_python_decorator to None, run_after=None
[2026-04-09T09:43:23.856+0000] {processor.py:183} INFO - Processing /home/airflow/.local/lib/python3.8/site-packages/airflow/example_dags/example_python_decorator.py took 0.069 seconds
[2026-04-09T09:43:54.145+0000] {processor.py:161} INFO - Started process (PID=11947) to work on /home/airflow/.local/lib/python3.8/site-packages/airflow/example_dags/example_python_decorator.py
[2026-04-09T09:43:54.146+0000] {processor.py:830} INFO - Processing file /home/airflow/.local/lib/python3.8/site-packages/airflow/example_dags/example_python_decorator.py for tasks to queue
[2026-04-09T09:43:54.148+0000] {logging_mixin.py:188} INFO - [2026-04-09T09:43:54.148+0000] {dagbag.py:538} INFO - Filling up the DagBag from /home/airflow/.local/lib/python3.8/site-packages/airflow/example_dags/example_python_decorator.py
[2026-04-09T09:43:54.159+0000] {processor.py:840} INFO - DAG(s) 'example_python_decorator' retrieved from /home/airflow/.local/lib/python3.8/site-packages/airflow/example_dags/example_python_decorator.py
[2026-04-09T09:43:54.183+0000] {logging_mixin.py:188} INFO - [2026-04-09T09:43:54.183+0000] {dag.py:3033} INFO - Sync 1 DAGs
[2026-04-09T09:43:54.192+0000] {logging_mixin.py:188} INFO - [2026-04-09T09:43:54.192+0000] {dag.py:3820} INFO - Setting next_dagrun for example_python_decorator to None, run_after=None
[2026-04-09T09:43:54.205+0000] {processor.py:183} INFO - Processing /home/airflow/.local/lib/python3.8/site-packages/airflow/example_dags/example_python_decorator.py took 0.067 seconds
[2026-04-09T09:44:24.384+0000] {processor.py:161} INFO - Started process (PID=12008) to work on /home/airflow/.local/lib/python3.8/site-packages/airflow/example_dags/example_python_decorator.py
[2026-04-09T09:44:24.385+0000] {processor.py:830} INFO - Processing file /home/airflow/.local/lib/python3.8/site-packages/airflow/example_dags/example_python_decorator.py for tasks to queue
[2026-04-09T09:44:24.387+0000] {logging_mixin.py:188} INFO - [2026-04-09T09:44:24.387+0000] {dagbag.py:538} INFO - Filling up the DagBag from /home/airflow/.local/lib/python3.8/site-packages/airflow/example_dags/example_python_decorator.py
[2026-04-09T09:44:24.398+0000] {processor.py:840} INFO - DAG(s) 'example_python_decorator' retrieved from /home/airflow/.local/lib/python3.8/site-packages/airflow/example_dags/example_python_decorator.py
[2026-04-09T09:44:24.417+0000] {logging_mixin.py:188} INFO - [2026-04-09T09:44:24.417+0000] {dag.py:3033} INFO - Sync 1 DAGs
[2026-04-09T09:44:24.426+0000] {logging_mixin.py:188} INFO - [2026-04-09T09:44:24.426+0000] {dag.py:3820} INFO - Setting next_dagrun for example_python_decorator to None, run_after=None
[2026-04-09T09:44:24.440+0000] {processor.py:183} INFO - Processing /home/airflow/.local/lib/python3.8/site-packages/airflow/example_dags/example_python_decorator.py took 0.060 seconds
[2026-04-09T09:44:54.933+0000] {processor.py:161} INFO - Started process (PID=12069) to work on /home/airflow/.local/lib/python3.8/site-packages/airflow/example_dags/example_python_decorator.py
[2026-04-09T09:44:54.937+0000] {processor.py:830} INFO - Processing file /home/airflow/.local/lib/python3.8/site-packages/airflow/example_dags/example_python_decorator.py for tasks to queue
[2026-04-09T09:44:54.939+0000] {logging_mixin.py:188} INFO - [2026-04-09T09:44:54.939+0000] {dagbag.py:538} INFO - Filling up the DagBag from /home/airflow/.local/lib/python3.8/site-packages/airflow/example_dags/example_python_decorator.py
[2026-04-09T09:44:54.954+0000] {processor.py:840} INFO - DAG(s) 'example_python_decorator' retrieved from /home/airflow/.local/lib/python3.8/site-packages/airflow/example_dags/example_python_decorator.py
[2026-04-09T09:44:54.998+0000] {logging_mixin.py:188} INFO - [2026-04-09T09:44:54.997+0000] {dag.py:3033} INFO - Sync 1 DAGs
[2026-04-09T09:44:55.011+0000] {logging_mixin.py:188} INFO - [2026-04-09T09:44:55.011+0000] {dag.py:3820} INFO - Setting next_dagrun for example_python_decorator to None, run_after=None
[2026-04-09T09:44:55.026+0000] {processor.py:183} INFO - Processing /home/airflow/.local/lib/python3.8/site-packages/airflow/example_dags/example_python_decorator.py took 0.101 seconds
[2026-04-09T09:45:25.081+0000] {processor.py:161} INFO - Started process (PID=12130) to work on /home/airflow/.local/lib/python3.8/site-packages/airflow/example_dags/example_python_decorator.py
[2026-04-09T09:45:25.082+0000] {processor.py:830} INFO - Processing file /home/airflow/.local/lib/python3.8/site-packages/airflow/example_dags/example_python_decorator.py for tasks to queue
[2026-04-09T09:45:25.084+0000] {logging_mixin.py:188} INFO - [2026-04-09T09:45:25.084+0000] {dagbag.py:538} INFO - Filling up the DagBag from /home/airflow/.local/lib/python3.8/site-packages/airflow/example_dags/example_python_decorator.py
[2026-04-09T09:45:25.095+0000] {processor.py:840} INFO - DAG(s) 'example_python_decorator' retrieved from /home/airflow/.local/lib/python3.8/site-packages/airflow/example_dags/example_python_decorator.py
[2026-04-09T09:45:25.118+0000] {logging_mixin.py:188} INFO - [2026-04-09T09:45:25.118+0000] {dag.py:3033} INFO - Sync 1 DAGs
[2026-04-09T09:45:25.128+0000] {logging_mixin.py:188} INFO - [2026-04-09T09:45:25.127+0000] {dag.py:3820} INFO - Setting next_dagrun for example_python_decorator to None, run_after=None
[2026-04-09T09:45:25.159+0000] {processor.py:183} INFO - Processing /home/airflow/.local/lib/python3.8/site-packages/airflow/example_dags/example_python_decorator.py took 0.082 seconds
[2026-04-09T09:45:55.769+0000] {processor.py:161} INFO - Started process (PID=12191) to work on /home/airflow/.local/lib/python3.8/site-packages/airflow/example_dags/example_python_decorator.py
[2026-04-09T09:45:55.770+0000] {processor.py:830} INFO - Processing file /home/airflow/.local/lib/python3.8/site-packages/airflow/example_dags/example_python_decorator.py for tasks to queue
[2026-04-09T09:45:55.772+0000] {logging_mixin.py:188} INFO - [2026-04-09T09:45:55.772+0000] {dagbag.py:538} INFO - Filling up the DagBag from /home/airflow/.local/lib/python3.8/site-packages/airflow/example_dags/example_python_decorator.py
[2026-04-09T09:45:55.800+0000] {processor.py:840} INFO - DAG(s) 'example_python_decorator' retrieved from /home/airflow/.local/lib/python3.8/site-packages/airflow/example_dags/example_python_decorator.py
[2026-04-09T09:45:55.853+0000] {logging_mixin.py:188} INFO - [2026-04-09T09:45:55.852+0000] {dag.py:3033} INFO - Sync 1 DAGs
[2026-04-09T09:45:55.878+0000] {logging_mixin.py:188} INFO - [2026-04-09T09:45:55.878+0000] {dag.py:3820} INFO - Setting next_dagrun for example_python_decorator to None, run_after=None
[2026-04-09T09:45:55.917+0000] {processor.py:183} INFO - Processing /home/airflow/.local/lib/python3.8/site-packages/airflow/example_dags/example_python_decorator.py took 0.152 seconds
[2026-04-09T09:46:26.307+0000] {processor.py:161} INFO - Started process (PID=12252) to work on /home/airflow/.local/lib/python3.8/site-packages/airflow/example_dags/example_python_decorator.py
[2026-04-09T09:46:26.307+0000] {processor.py:830} INFO - Processing file /home/airflow/.local/lib/python3.8/site-packages/airflow/example_dags/example_python_decorator.py for tasks to queue
[2026-04-09T09:46:26.310+0000] {logging_mixin.py:188} INFO - [2026-04-09T09:46:26.309+0000] {dagbag.py:538} INFO - Filling up the DagBag from /home/airflow/.local/lib/python3.8/site-packages/airflow/example_dags/example_python_decorator.py
[2026-04-09T09:46:26.320+0000] {processor.py:840} INFO - DAG(s) 'example_python_decorator' retrieved from /home/airflow/.local/lib/python3.8/site-packages/airflow/example_dags/example_python_decorator.py
[2026-04-09T09:46:26.344+0000] {logging_mixin.py:188} INFO - [2026-04-09T09:46:26.344+0000] {dag.py:3033} INFO - Sync 1 DAGs
[2026-04-09T09:46:26.355+0000] {logging_mixin.py:188} INFO - [2026-04-09T09:46:26.355+0000] {dag.py:3820} INFO - Setting next_dagrun for example_python_decorator to None, run_after=None
[2026-04-09T09:46:26.369+0000] {processor.py:183} INFO - Processing /home/airflow/.local/lib/python3.8/site-packages/airflow/example_dags/example_python_decorator.py took 0.066 seconds
[2026-04-09T09:46:57.299+0000] {processor.py:161} INFO - Started process (PID=12311) to work on /home/airflow/.local/lib/python3.8/site-packages/airflow/example_dags/example_python_decorator.py
[2026-04-09T09:46:57.301+0000] {processor.py:830} INFO - Processing file /home/airflow/.local/lib/python3.8/site-packages/airflow/example_dags/example_python_decorator.py for tasks to queue
[2026-04-09T09:46:57.304+0000] {logging_mixin.py:188} INFO - [2026-04-09T09:46:57.304+0000] {dagbag.py:538} INFO - Filling up the DagBag from /home/airflow/.local/lib/python3.8/site-packages/airflow/example_dags/example_python_decorator.py
[2026-04-09T09:46:57.323+0000] {processor.py:840} INFO - DAG(s) 'example_python_decorator' retrieved from /home/airflow/.local/lib/python3.8/site-packages/airflow/example_dags/example_python_decorator.py
[2026-04-09T09:46:57.374+0000] {logging_mixin.py:188} INFO - [2026-04-09T09:46:57.374+0000] {dag.py:3033} INFO - Sync 1 DAGs
[2026-04-09T09:46:57.406+0000] {logging_mixin.py:188} INFO - [2026-04-09T09:46:57.406+0000] {dag.py:3820} INFO - Setting next_dagrun for example_python_decorator to None, run_after=None
[2026-04-09T09:46:57.450+0000] {processor.py:183} INFO - Processing /home/airflow/.local/lib/python3.8/site-packages/airflow/example_dags/example_python_decorator.py took 0.167 seconds
[2026-04-09T09:47:27.987+0000] {processor.py:161} INFO - Started process (PID=12372) to work on /home/airflow/.local/lib/python3.8/site-packages/airflow/example_dags/example_python_decorator.py
[2026-04-09T09:47:27.988+0000] {processor.py:830} INFO - Processing file /home/airflow/.local/lib/python3.8/site-packages/airflow/example_dags/example_python_decorator.py for tasks to queue
[2026-04-09T09:47:27.991+0000] {logging_mixin.py:188} INFO - [2026-04-09T09:47:27.990+0000] {dagbag.py:538} INFO - Filling up the DagBag from /home/airflow/.local/lib/python3.8/site-packages/airflow/example_dags/example_python_decorator.py
[2026-04-09T09:47:28.002+0000] {processor.py:840} INFO - DAG(s) 'example_python_decorator' retrieved from /home/airflow/.local/lib/python3.8/site-packages/airflow/example_dags/example_python_decorator.py
[2026-04-09T09:47:28.023+0000] {logging_mixin.py:188} INFO - [2026-04-09T09:47:28.022+0000] {dag.py:3033} INFO - Sync 1 DAGs
[2026-04-09T09:47:28.032+0000] {logging_mixin.py:188} INFO - [2026-04-09T09:47:28.032+0000] {dag.py:3820} INFO - Setting next_dagrun for example_python_decorator to None, run_after=None
[2026-04-09T09:47:28.050+0000] {processor.py:183} INFO - Processing /home/airflow/.local/lib/python3.8/site-packages/airflow/example_dags/example_python_decorator.py took 0.066 seconds
[2026-04-09T09:47:58.247+0000] {processor.py:161} INFO - Started process (PID=12433) to work on /home/airflow/.local/lib/python3.8/site-packages/airflow/example_dags/example_python_decorator.py
[2026-04-09T09:47:58.248+0000] {processor.py:830} INFO - Processing file /home/airflow/.local/lib/python3.8/site-packages/airflow/example_dags/example_python_decorator.py for tasks to queue
[2026-04-09T09:47:58.250+0000] {logging_mixin.py:188} INFO - [2026-04-09T09:47:58.250+0000] {dagbag.py:538} INFO - Filling up the DagBag from /home/airflow/.local/lib/python3.8/site-packages/airflow/example_dags/example_python_decorator.py
[2026-04-09T09:47:58.260+0000] {processor.py:840} INFO - DAG(s) 'example_python_decorator' retrieved from /home/airflow/.local/lib/python3.8/site-packages/airflow/example_dags/example_python_decorator.py
[2026-04-09T09:47:58.278+0000] {logging_mixin.py:188} INFO - [2026-04-09T09:47:58.278+0000] {dag.py:3033} INFO - Sync 1 DAGs
[2026-04-09T09:47:58.288+0000] {logging_mixin.py:188} INFO - [2026-04-09T09:47:58.288+0000] {dag.py:3820} INFO - Setting next_dagrun for example_python_decorator to None, run_after=None
[2026-04-09T09:47:58.301+0000] {processor.py:183} INFO - Processing /home/airflow/.local/lib/python3.8/site-packages/airflow/example_dags/example_python_decorator.py took 0.058 seconds
[2026-04-09T09:48:28.675+0000] {processor.py:161} INFO - Started process (PID=12494) to work on /home/airflow/.local/lib/python3.8/site-packages/airflow/example_dags/example_python_decorator.py
[2026-04-09T09:48:28.676+0000] {processor.py:830} INFO - Processing file /home/airflow/.local/lib/python3.8/site-packages/airflow/example_dags/example_python_decorator.py for tasks to queue
[2026-04-09T09:48:28.678+0000] {logging_mixin.py:188} INFO - [2026-04-09T09:48:28.677+0000] {dagbag.py:538} INFO - Filling up the DagBag from /home/airflow/.local/lib/python3.8/site-packages/airflow/example_dags/example_python_decorator.py
[2026-04-09T09:48:28.689+0000] {processor.py:840} INFO - DAG(s) 'example_python_decorator' retrieved from /home/airflow/.local/lib/python3.8/site-packages/airflow/example_dags/example_python_decorator.py
[2026-04-09T09:48:28.709+0000] {logging_mixin.py:188} INFO - [2026-04-09T09:48:28.709+0000] {dag.py:3033} INFO - Sync 1 DAGs
[2026-04-09T09:48:28.719+0000] {logging_mixin.py:188} INFO - [2026-04-09T09:48:28.719+0000] {dag.py:3820} INFO - Setting next_dagrun for example_python_decorator to None, run_after=None
[2026-04-09T09:48:28.733+0000] {processor.py:183} INFO - Processing /home/airflow/.local/lib/python3.8/site-packages/airflow/example_dags/example_python_decorator.py took 0.062 seconds
[2026-04-09T09:48:59.138+0000] {processor.py:161} INFO - Started process (PID=12555) to work on /home/airflow/.local/lib/python3.8/site-packages/airflow/example_dags/example_python_decorator.py
[2026-04-09T09:48:59.139+0000] {processor.py:830} INFO - Processing file /home/airflow/.local/lib/python3.8/site-packages/airflow/example_dags/example_python_decorator.py for tasks to queue
[2026-04-09T09:48:59.141+0000] {logging_mixin.py:188} INFO - [2026-04-09T09:48:59.141+0000] {dagbag.py:538} INFO - Filling up the DagBag from /home/airflow/.local/lib/python3.8/site-packages/airflow/example_dags/example_python_decorator.py
[2026-04-09T09:48:59.152+0000] {processor.py:840} INFO - DAG(s) 'example_python_decorator' retrieved from /home/airflow/.local/lib/python3.8/site-packages/airflow/example_dags/example_python_decorator.py
[2026-04-09T09:48:59.177+0000] {logging_mixin.py:188} INFO - [2026-04-09T09:48:59.177+0000] {dag.py:3033} INFO - Sync 1 DAGs
[2026-04-09T09:48:59.190+0000] {logging_mixin.py:188} INFO - [2026-04-09T09:48:59.190+0000] {dag.py:3820} INFO - Setting next_dagrun for example_python_decorator to None, run_after=None
[2026-04-09T09:48:59.205+0000] {processor.py:183} INFO - Processing /home/airflow/.local/lib/python3.8/site-packages/airflow/example_dags/example_python_decorator.py took 0.071 seconds
[2026-04-09T09:49:30.166+0000] {processor.py:161} INFO - Started process (PID=12616) to work on /home/airflow/.local/lib/python3.8/site-packages/airflow/example_dags/example_python_decorator.py
[2026-04-09T09:49:30.167+0000] {processor.py:830} INFO - Processing file /home/airflow/.local/lib/python3.8/site-packages/airflow/example_dags/example_python_decorator.py for tasks to queue
[2026-04-09T09:49:30.169+0000] {logging_mixin.py:188} INFO - [2026-04-09T09:49:30.169+0000] {dagbag.py:538} INFO - Filling up the DagBag from /home/airflow/.local/lib/python3.8/site-packages/airflow/example_dags/example_python_decorator.py
[2026-04-09T09:49:30.180+0000] {processor.py:840} INFO - DAG(s) 'example_python_decorator' retrieved from /home/airflow/.local/lib/python3.8/site-packages/airflow/example_dags/example_python_decorator.py
[2026-04-09T09:49:30.205+0000] {logging_mixin.py:188} INFO - [2026-04-09T09:49:30.204+0000] {dag.py:3033} INFO - Sync 1 DAGs
[2026-04-09T09:49:30.218+0000] {logging_mixin.py:188} INFO - [2026-04-09T09:49:30.218+0000] {dag.py:3820} INFO - Setting next_dagrun for example_python_decorator to None, run_after=None
[2026-04-09T09:49:30.232+0000] {processor.py:183} INFO - Processing /home/airflow/.local/lib/python3.8/site-packages/airflow/example_dags/example_python_decorator.py took 0.071 seconds
[2026-04-09T09:50:00.867+0000] {processor.py:161} INFO - Started process (PID=12677) to work on /home/airflow/.local/lib/python3.8/site-packages/airflow/example_dags/example_python_decorator.py
[2026-04-09T09:50:00.867+0000] {processor.py:830} INFO - Processing file /home/airflow/.local/lib/python3.8/site-packages/airflow/example_dags/example_python_decorator.py for tasks to queue
[2026-04-09T09:50:00.870+0000] {logging_mixin.py:188} INFO - [2026-04-09T09:50:00.869+0000] {dagbag.py:538} INFO - Filling up the DagBag from /home/airflow/.local/lib/python3.8/site-packages/airflow/example_dags/example_python_decorator.py
[2026-04-09T09:50:00.881+0000] {processor.py:840} INFO - DAG(s) 'example_python_decorator' retrieved from /home/airflow/.local/lib/python3.8/site-packages/airflow/example_dags/example_python_decorator.py
[2026-04-09T09:50:00.902+0000] {logging_mixin.py:188} INFO - [2026-04-09T09:50:00.902+0000] {dag.py:3033} INFO - Sync 1 DAGs
[2026-04-09T09:50:00.911+0000] {logging_mixin.py:188} INFO - [2026-04-09T09:50:00.911+0000] {dag.py:3820} INFO - Setting next_dagrun for example_python_decorator to None, run_after=None
[2026-04-09T09:50:00.925+0000] {processor.py:183} INFO - Processing /home/airflow/.local/lib/python3.8/site-packages/airflow/example_dags/example_python_decorator.py took 0.062 seconds
[2026-04-09T09:50:31.670+0000] {processor.py:161} INFO - Started process (PID=12738) to work on /home/airflow/.local/lib/python3.8/site-packages/airflow/example_dags/example_python_decorator.py
[2026-04-09T09:50:31.671+0000] {processor.py:830} INFO - Processing file /home/airflow/.local/lib/python3.8/site-packages/airflow/example_dags/example_python_decorator.py for tasks to queue
[2026-04-09T09:50:31.673+0000] {logging_mixin.py:188} INFO - [2026-04-09T09:50:31.673+0000] {dagbag.py:538} INFO - Filling up the DagBag from /home/airflow/.local/lib/python3.8/site-packages/airflow/example_dags/example_python_decorator.py
[2026-04-09T09:50:31.684+0000] {processor.py:840} INFO - DAG(s) 'example_python_decorator' retrieved from /home/airflow/.local/lib/python3.8/site-packages/airflow/example_dags/example_python_decorator.py
[2026-04-09T09:50:31.705+0000] {logging_mixin.py:188} INFO - [2026-04-09T09:50:31.704+0000] {dag.py:3033} INFO - Sync 1 DAGs
[2026-04-09T09:50:31.714+0000] {logging_mixin.py:188} INFO - [2026-04-09T09:50:31.714+0000] {dag.py:3820} INFO - Setting next_dagrun for example_python_decorator to None, run_after=None
[2026-04-09T09:50:31.727+0000] {processor.py:183} INFO - Processing /home/airflow/.local/lib/python3.8/site-packages/airflow/example_dags/example_python_decorator.py took 0.061 seconds
[2026-04-09T09:51:02.666+0000] {processor.py:161} INFO - Started process (PID=12799) to work on /home/airflow/.local/lib/python3.8/site-packages/airflow/example_dags/example_python_decorator.py
[2026-04-09T09:51:02.666+0000] {processor.py:830} INFO - Processing file /home/airflow/.local/lib/python3.8/site-packages/airflow/example_dags/example_python_decorator.py for tasks to queue
[2026-04-09T09:51:02.669+0000] {logging_mixin.py:188} INFO - [2026-04-09T09:51:02.668+0000] {dagbag.py:538} INFO - Filling up the DagBag from /home/airflow/.local/lib/python3.8/site-packages/airflow/example_dags/example_python_decorator.py
[2026-04-09T09:51:02.681+0000] {processor.py:840} INFO - DAG(s) 'example_python_decorator' retrieved from /home/airflow/.local/lib/python3.8/site-packages/airflow/example_dags/example_python_decorator.py
[2026-04-09T09:51:02.713+0000] {logging_mixin.py:188} INFO - [2026-04-09T09:51:02.712+0000] {dag.py:3033} INFO - Sync 1 DAGs
[2026-04-09T09:51:02.727+0000] {logging_mixin.py:188} INFO - [2026-04-09T09:51:02.727+0000] {dag.py:3820} INFO - Setting next_dagrun for example_python_decorator to None, run_after=None
[2026-04-09T09:51:02.747+0000] {processor.py:183} INFO - Processing /home/airflow/.local/lib/python3.8/site-packages/airflow/example_dags/example_python_decorator.py took 0.085 seconds
[2026-04-09T09:51:33.659+0000] {processor.py:161} INFO - Started process (PID=12860) to work on /home/airflow/.local/lib/python3.8/site-packages/airflow/example_dags/example_python_decorator.py
[2026-04-09T09:51:33.660+0000] {processor.py:830} INFO - Processing file /home/airflow/.local/lib/python3.8/site-packages/airflow/example_dags/example_python_decorator.py for tasks to queue
[2026-04-09T09:51:33.662+0000] {logging_mixin.py:188} INFO - [2026-04-09T09:51:33.662+0000] {dagbag.py:538} INFO - Filling up the DagBag from /home/airflow/.local/lib/python3.8/site-packages/airflow/example_dags/example_python_decorator.py
[2026-04-09T09:51:33.673+0000] {processor.py:840} INFO - DAG(s) 'example_python_decorator' retrieved from /home/airflow/.local/lib/python3.8/site-packages/airflow/example_dags/example_python_decorator.py
[2026-04-09T09:51:33.698+0000] {logging_mixin.py:188} INFO - [2026-04-09T09:51:33.698+0000] {dag.py:3033} INFO - Sync 1 DAGs
[2026-04-09T09:51:33.872+0000] {logging_mixin.py:188} INFO - [2026-04-09T09:51:33.871+0000] {dag.py:3820} INFO - Setting next_dagrun for example_python_decorator to None, run_after=None
[2026-04-09T09:51:33.893+0000] {processor.py:183} INFO - Processing /home/airflow/.local/lib/python3.8/site-packages/airflow/example_dags/example_python_decorator.py took 0.238 seconds
[2026-04-09T10:26:25.858+0000] {processor.py:161} INFO - Started process (PID=92) to work on /home/airflow/.local/lib/python3.8/site-packages/airflow/example_dags/example_python_decorator.py
[2026-04-09T10:26:25.862+0000] {processor.py:830} INFO - Processing file /home/airflow/.local/lib/python3.8/site-packages/airflow/example_dags/example_python_decorator.py for tasks to queue
[2026-04-09T10:26:25.865+0000] {logging_mixin.py:188} INFO - [2026-04-09T10:26:25.865+0000] {dagbag.py:538} INFO - Filling up the DagBag from /home/airflow/.local/lib/python3.8/site-packages/airflow/example_dags/example_python_decorator.py
[2026-04-09T10:26:25.892+0000] {processor.py:840} INFO - DAG(s) 'example_python_decorator' retrieved from /home/airflow/.local/lib/python3.8/site-packages/airflow/example_dags/example_python_decorator.py
[2026-04-09T10:26:25.944+0000] {logging_mixin.py:188} INFO - [2026-04-09T10:26:25.944+0000] {dag.py:3033} INFO - Sync 1 DAGs
[2026-04-09T10:26:25.969+0000] {logging_mixin.py:188} INFO - [2026-04-09T10:26:25.969+0000] {dag.py:3820} INFO - Setting next_dagrun for example_python_decorator to None, run_after=None
[2026-04-09T10:26:26.020+0000] {processor.py:183} INFO - Processing /home/airflow/.local/lib/python3.8/site-packages/airflow/example_dags/example_python_decorator.py took 0.170 seconds
[2026-04-09T10:26:56.656+0000] {processor.py:161} INFO - Started process (PID=153) to work on /home/airflow/.local/lib/python3.8/site-packages/airflow/example_dags/example_python_decorator.py
[2026-04-09T10:26:56.657+0000] {processor.py:830} INFO - Processing file /home/airflow/.local/lib/python3.8/site-packages/airflow/example_dags/example_python_decorator.py for tasks to queue
[2026-04-09T10:26:56.662+0000] {logging_mixin.py:188} INFO - [2026-04-09T10:26:56.662+0000] {dagbag.py:538} INFO - Filling up the DagBag from /home/airflow/.local/lib/python3.8/site-packages/airflow/example_dags/example_python_decorator.py
[2026-04-09T10:26:56.690+0000] {processor.py:840} INFO - DAG(s) 'example_python_decorator' retrieved from /home/airflow/.local/lib/python3.8/site-packages/airflow/example_dags/example_python_decorator.py
[2026-04-09T10:26:56.735+0000] {logging_mixin.py:188} INFO - [2026-04-09T10:26:56.735+0000] {dag.py:3033} INFO - Sync 1 DAGs
[2026-04-09T10:26:56.762+0000] {logging_mixin.py:188} INFO - [2026-04-09T10:26:56.762+0000] {dag.py:3820} INFO - Setting next_dagrun for example_python_decorator to None, run_after=None
[2026-04-09T10:26:56.802+0000] {processor.py:183} INFO - Processing /home/airflow/.local/lib/python3.8/site-packages/airflow/example_dags/example_python_decorator.py took 0.156 seconds
[2026-04-09T10:27:26.927+0000] {processor.py:161} INFO - Started process (PID=213) to work on /home/airflow/.local/lib/python3.8/site-packages/airflow/example_dags/example_python_decorator.py
[2026-04-09T10:27:26.928+0000] {processor.py:830} INFO - Processing file /home/airflow/.local/lib/python3.8/site-packages/airflow/example_dags/example_python_decorator.py for tasks to queue
[2026-04-09T10:27:26.930+0000] {logging_mixin.py:188} INFO - [2026-04-09T10:27:26.930+0000] {dagbag.py:538} INFO - Filling up the DagBag from /home/airflow/.local/lib/python3.8/site-packages/airflow/example_dags/example_python_decorator.py
[2026-04-09T10:27:26.941+0000] {processor.py:840} INFO - DAG(s) 'example_python_decorator' retrieved from /home/airflow/.local/lib/python3.8/site-packages/airflow/example_dags/example_python_decorator.py
[2026-04-09T10:27:26.968+0000] {logging_mixin.py:188} INFO - [2026-04-09T10:27:26.968+0000] {dag.py:3033} INFO - Sync 1 DAGs
[2026-04-09T10:27:26.983+0000] {logging_mixin.py:188} INFO - [2026-04-09T10:27:26.983+0000] {dag.py:3820} INFO - Setting next_dagrun for example_python_decorator to None, run_after=None
[2026-04-09T10:27:27.001+0000] {processor.py:183} INFO - Processing /home/airflow/.local/lib/python3.8/site-packages/airflow/example_dags/example_python_decorator.py took 0.077 seconds
[2026-04-09T10:27:57.341+0000] {processor.py:161} INFO - Started process (PID=274) to work on /home/airflow/.local/lib/python3.8/site-packages/airflow/example_dags/example_python_decorator.py
[2026-04-09T10:27:57.342+0000] {processor.py:830} INFO - Processing file /home/airflow/.local/lib/python3.8/site-packages/airflow/example_dags/example_python_decorator.py for tasks to queue
[2026-04-09T10:27:57.345+0000] {logging_mixin.py:188} INFO - [2026-04-09T10:27:57.344+0000] {dagbag.py:538} INFO - Filling up the DagBag from /home/airflow/.local/lib/python3.8/site-packages/airflow/example_dags/example_python_decorator.py
[2026-04-09T10:27:57.355+0000] {processor.py:840} INFO - DAG(s) 'example_python_decorator' retrieved from /home/airflow/.local/lib/python3.8/site-packages/airflow/example_dags/example_python_decorator.py
[2026-04-09T10:27:57.378+0000] {logging_mixin.py:188} INFO - [2026-04-09T10:27:57.378+0000] {dag.py:3033} INFO - Sync 1 DAGs
[2026-04-09T10:27:57.392+0000] {logging_mixin.py:188} INFO - [2026-04-09T10:27:57.392+0000] {dag.py:3820} INFO - Setting next_dagrun for example_python_decorator to None, run_after=None
[2026-04-09T10:27:57.410+0000] {processor.py:183} INFO - Processing /home/airflow/.local/lib/python3.8/site-packages/airflow/example_dags/example_python_decorator.py took 0.072 seconds
[2026-04-09T10:28:27.507+0000] {processor.py:161} INFO - Started process (PID=334) to work on /home/airflow/.local/lib/python3.8/site-packages/airflow/example_dags/example_python_decorator.py
[2026-04-09T10:28:27.508+0000] {processor.py:830} INFO - Processing file /home/airflow/.local/lib/python3.8/site-packages/airflow/example_dags/example_python_decorator.py for tasks to queue
[2026-04-09T10:28:27.510+0000] {logging_mixin.py:188} INFO - [2026-04-09T10:28:27.510+0000] {dagbag.py:538} INFO - Filling up the DagBag from /home/airflow/.local/lib/python3.8/site-packages/airflow/example_dags/example_python_decorator.py
[2026-04-09T10:28:27.521+0000] {processor.py:840} INFO - DAG(s) 'example_python_decorator' retrieved from /home/airflow/.local/lib/python3.8/site-packages/airflow/example_dags/example_python_decorator.py
[2026-04-09T10:28:27.543+0000] {logging_mixin.py:188} INFO - [2026-04-09T10:28:27.543+0000] {dag.py:3033} INFO - Sync 1 DAGs
[2026-04-09T10:28:27.552+0000] {logging_mixin.py:188} INFO - [2026-04-09T10:28:27.552+0000] {dag.py:3820} INFO - Setting next_dagrun for example_python_decorator to None, run_after=None
[2026-04-09T10:28:27.565+0000] {processor.py:183} INFO - Processing /home/airflow/.local/lib/python3.8/site-packages/airflow/example_dags/example_python_decorator.py took 0.061 seconds
[2026-04-09T10:28:57.963+0000] {processor.py:161} INFO - Started process (PID=395) to work on /home/airflow/.local/lib/python3.8/site-packages/airflow/example_dags/example_python_decorator.py
[2026-04-09T10:28:57.964+0000] {processor.py:830} INFO - Processing file /home/airflow/.local/lib/python3.8/site-packages/airflow/example_dags/example_python_decorator.py for tasks to queue
[2026-04-09T10:28:57.967+0000] {logging_mixin.py:188} INFO - [2026-04-09T10:28:57.967+0000] {dagbag.py:538} INFO - Filling up the DagBag from /home/airflow/.local/lib/python3.8/site-packages/airflow/example_dags/example_python_decorator.py
[2026-04-09T10:28:57.984+0000] {processor.py:840} INFO - DAG(s) 'example_python_decorator' retrieved from /home/airflow/.local/lib/python3.8/site-packages/airflow/example_dags/example_python_decorator.py
[2026-04-09T10:28:58.042+0000] {logging_mixin.py:188} INFO - [2026-04-09T10:28:58.042+0000] {dag.py:3033} INFO - Sync 1 DAGs
[2026-04-09T10:28:58.065+0000] {logging_mixin.py:188} INFO - [2026-04-09T10:28:58.065+0000] {dag.py:3820} INFO - Setting next_dagrun for example_python_decorator to None, run_after=None
[2026-04-09T10:28:58.090+0000] {processor.py:183} INFO - Processing /home/airflow/.local/lib/python3.8/site-packages/airflow/example_dags/example_python_decorator.py took 0.132 seconds
[2026-04-09T10:29:28.346+0000] {processor.py:161} INFO - Started process (PID=456) to work on /home/airflow/.local/lib/python3.8/site-packages/airflow/example_dags/example_python_decorator.py
[2026-04-09T10:29:28.347+0000] {processor.py:830} INFO - Processing file /home/airflow/.local/lib/python3.8/site-packages/airflow/example_dags/example_python_decorator.py for tasks to queue
[2026-04-09T10:29:28.349+0000] {logging_mixin.py:188} INFO - [2026-04-09T10:29:28.349+0000] {dagbag.py:538} INFO - Filling up the DagBag from /home/airflow/.local/lib/python3.8/site-packages/airflow/example_dags/example_python_decorator.py
[2026-04-09T10:29:28.359+0000] {processor.py:840} INFO - DAG(s) 'example_python_decorator' retrieved from /home/airflow/.local/lib/python3.8/site-packages/airflow/example_dags/example_python_decorator.py
[2026-04-09T10:29:28.383+0000] {logging_mixin.py:188} INFO - [2026-04-09T10:29:28.382+0000] {dag.py:3033} INFO - Sync 1 DAGs
[2026-04-09T10:29:28.397+0000] {logging_mixin.py:188} INFO - [2026-04-09T10:29:28.397+0000] {dag.py:3820} INFO - Setting next_dagrun for example_python_decorator to None, run_after=None
[2026-04-09T10:29:28.415+0000] {processor.py:183} INFO - Processing /home/airflow/.local/lib/python3.8/site-packages/airflow/example_dags/example_python_decorator.py took 0.072 seconds
[2026-04-09T10:29:58.636+0000] {processor.py:161} INFO - Started process (PID=517) to work on /home/airflow/.local/lib/python3.8/site-packages/airflow/example_dags/example_python_decorator.py
[2026-04-09T10:29:58.636+0000] {processor.py:830} INFO - Processing file /home/airflow/.local/lib/python3.8/site-packages/airflow/example_dags/example_python_decorator.py for tasks to queue
[2026-04-09T10:29:58.638+0000] {logging_mixin.py:188} INFO - [2026-04-09T10:29:58.638+0000] {dagbag.py:538} INFO - Filling up the DagBag from /home/airflow/.local/lib/python3.8/site-packages/airflow/example_dags/example_python_decorator.py
[2026-04-09T10:29:58.649+0000] {processor.py:840} INFO - DAG(s) 'example_python_decorator' retrieved from /home/airflow/.local/lib/python3.8/site-packages/airflow/example_dags/example_python_decorator.py
[2026-04-09T10:29:58.682+0000] {logging_mixin.py:188} INFO - [2026-04-09T10:29:58.682+0000] {dag.py:3033} INFO - Sync 1 DAGs
[2026-04-09T10:29:58.733+0000] {logging_mixin.py:188} INFO - [2026-04-09T10:29:58.733+0000] {dag.py:3820} INFO - Setting next_dagrun for example_python_decorator to None, run_after=None
[2026-04-09T10:29:58.793+0000] {processor.py:183} INFO - Processing /home/airflow/.local/lib/python3.8/site-packages/airflow/example_dags/example_python_decorator.py took 0.161 seconds
[2026-04-09T10:30:29.268+0000] {processor.py:161} INFO - Started process (PID=578) to work on /home/airflow/.local/lib/python3.8/site-packages/airflow/example_dags/example_python_decorator.py
[2026-04-09T10:30:29.269+0000] {processor.py:830} INFO - Processing file /home/airflow/.local/lib/python3.8/site-packages/airflow/example_dags/example_python_decorator.py for tasks to queue
[2026-04-09T10:30:29.271+0000] {logging_mixin.py:188} INFO - [2026-04-09T10:30:29.271+0000] {dagbag.py:538} INFO - Filling up the DagBag from /home/airflow/.local/lib/python3.8/site-packages/airflow/example_dags/example_python_decorator.py
[2026-04-09T10:30:29.282+0000] {processor.py:840} INFO - DAG(s) 'example_python_decorator' retrieved from /home/airflow/.local/lib/python3.8/site-packages/airflow/example_dags/example_python_decorator.py
[2026-04-09T10:30:29.304+0000] {logging_mixin.py:188} INFO - [2026-04-09T10:30:29.304+0000] {dag.py:3033} INFO - Sync 1 DAGs
[2026-04-09T10:30:29.317+0000] {logging_mixin.py:188} INFO - [2026-04-09T10:30:29.317+0000] {dag.py:3820} INFO - Setting next_dagrun for example_python_decorator to None, run_after=None
[2026-04-09T10:30:29.336+0000] {processor.py:183} INFO - Processing /home/airflow/.local/lib/python3.8/site-packages/airflow/example_dags/example_python_decorator.py took 0.071 seconds
[2026-04-09T10:30:59.851+0000] {processor.py:161} INFO - Started process (PID=639) to work on /home/airflow/.local/lib/python3.8/site-packages/airflow/example_dags/example_python_decorator.py
[2026-04-09T10:30:59.852+0000] {processor.py:830} INFO - Processing file /home/airflow/.local/lib/python3.8/site-packages/airflow/example_dags/example_python_decorator.py for tasks to queue
[2026-04-09T10:30:59.853+0000] {logging_mixin.py:188} INFO - [2026-04-09T10:30:59.853+0000] {dagbag.py:538} INFO - Filling up the DagBag from /home/airflow/.local/lib/python3.8/site-packages/airflow/example_dags/example_python_decorator.py
[2026-04-09T10:30:59.860+0000] {processor.py:840} INFO - DAG(s) 'example_python_decorator' retrieved from /home/airflow/.local/lib/python3.8/site-packages/airflow/example_dags/example_python_decorator.py
[2026-04-09T10:30:59.876+0000] {logging_mixin.py:188} INFO - [2026-04-09T10:30:59.876+0000] {dag.py:3033} INFO - Sync 1 DAGs
[2026-04-09T10:30:59.885+0000] {logging_mixin.py:188} INFO - [2026-04-09T10:30:59.885+0000] {dag.py:3820} INFO - Setting next_dagrun for example_python_decorator to None, run_after=None
[2026-04-09T10:30:59.898+0000] {processor.py:183} INFO - Processing /home/airflow/.local/lib/python3.8/site-packages/airflow/example_dags/example_python_decorator.py took 0.050 seconds
[2026-04-09T10:31:30.039+0000] {processor.py:161} INFO - Started process (PID=700) to work on /home/airflow/.local/lib/python3.8/site-packages/airflow/example_dags/example_python_decorator.py
[2026-04-09T10:31:30.040+0000] {processor.py:830} INFO - Processing file /home/airflow/.local/lib/python3.8/site-packages/airflow/example_dags/example_python_decorator.py for tasks to queue
[2026-04-09T10:31:30.042+0000] {logging_mixin.py:188} INFO - [2026-04-09T10:31:30.042+0000] {dagbag.py:538} INFO - Filling up the DagBag from /home/airflow/.local/lib/python3.8/site-packages/airflow/example_dags/example_python_decorator.py
[2026-04-09T10:31:30.054+0000] {processor.py:840} INFO - DAG(s) 'example_python_decorator' retrieved from /home/airflow/.local/lib/python3.8/site-packages/airflow/example_dags/example_python_decorator.py
[2026-04-09T10:31:30.071+0000] {logging_mixin.py:188} INFO - [2026-04-09T10:31:30.071+0000] {dag.py:3033} INFO - Sync 1 DAGs
[2026-04-09T10:31:30.080+0000] {logging_mixin.py:188} INFO - [2026-04-09T10:31:30.080+0000] {dag.py:3820} INFO - Setting next_dagrun for example_python_decorator to None, run_after=None
[2026-04-09T10:31:30.093+0000] {processor.py:183} INFO - Processing /home/airflow/.local/lib/python3.8/site-packages/airflow/example_dags/example_python_decorator.py took 0.057 seconds
[2026-04-09T10:32:01.159+0000] {processor.py:161} INFO - Started process (PID=761) to work on /home/airflow/.local/lib/python3.8/site-packages/airflow/example_dags/example_python_decorator.py
[2026-04-09T10:32:01.160+0000] {processor.py:830} INFO - Processing file /home/airflow/.local/lib/python3.8/site-packages/airflow/example_dags/example_python_decorator.py for tasks to queue
[2026-04-09T10:32:01.162+0000] {logging_mixin.py:188} INFO - [2026-04-09T10:32:01.162+0000] {dagbag.py:538} INFO - Filling up the DagBag from /home/airflow/.local/lib/python3.8/site-packages/airflow/example_dags/example_python_decorator.py
[2026-04-09T10:32:01.173+0000] {processor.py:840} INFO - DAG(s) 'example_python_decorator' retrieved from /home/airflow/.local/lib/python3.8/site-packages/airflow/example_dags/example_python_decorator.py
[2026-04-09T10:32:01.196+0000] {logging_mixin.py:188} INFO - [2026-04-09T10:32:01.195+0000] {dag.py:3033} INFO - Sync 1 DAGs
[2026-04-09T10:32:01.209+0000] {logging_mixin.py:188} INFO - [2026-04-09T10:32:01.209+0000] {dag.py:3820} INFO - Setting next_dagrun for example_python_decorator to None, run_after=None
[2026-04-09T10:32:01.226+0000] {processor.py:183} INFO - Processing /home/airflow/.local/lib/python3.8/site-packages/airflow/example_dags/example_python_decorator.py took 0.070 seconds
[2026-04-09T10:32:31.482+0000] {processor.py:161} INFO - Started process (PID=822) to work on /home/airflow/.local/lib/python3.8/site-packages/airflow/example_dags/example_python_decorator.py
[2026-04-09T10:32:31.482+0000] {processor.py:830} INFO - Processing file /home/airflow/.local/lib/python3.8/site-packages/airflow/example_dags/example_python_decorator.py for tasks to queue
[2026-04-09T10:32:31.485+0000] {logging_mixin.py:188} INFO - [2026-04-09T10:32:31.484+0000] {dagbag.py:538} INFO - Filling up the DagBag from /home/airflow/.local/lib/python3.8/site-packages/airflow/example_dags/example_python_decorator.py
[2026-04-09T10:32:31.496+0000] {processor.py:840} INFO - DAG(s) 'example_python_decorator' retrieved from /home/airflow/.local/lib/python3.8/site-packages/airflow/example_dags/example_python_decorator.py
[2026-04-09T10:32:31.521+0000] {logging_mixin.py:188} INFO - [2026-04-09T10:32:31.520+0000] {dag.py:3033} INFO - Sync 1 DAGs
[2026-04-09T10:32:31.535+0000] {logging_mixin.py:188} INFO - [2026-04-09T10:32:31.535+0000] {dag.py:3820} INFO - Setting next_dagrun for example_python_decorator to None, run_after=None
[2026-04-09T10:32:31.553+0000] {processor.py:183} INFO - Processing /home/airflow/.local/lib/python3.8/site-packages/airflow/example_dags/example_python_decorator.py took 0.075 seconds
[2026-04-09T10:33:02.021+0000] {processor.py:161} INFO - Started process (PID=883) to work on /home/airflow/.local/lib/python3.8/site-packages/airflow/example_dags/example_python_decorator.py
[2026-04-09T10:33:02.022+0000] {processor.py:830} INFO - Processing file /home/airflow/.local/lib/python3.8/site-packages/airflow/example_dags/example_python_decorator.py for tasks to queue
[2026-04-09T10:33:02.024+0000] {logging_mixin.py:188} INFO - [2026-04-09T10:33:02.024+0000] {dagbag.py:538} INFO - Filling up the DagBag from /home/airflow/.local/lib/python3.8/site-packages/airflow/example_dags/example_python_decorator.py
[2026-04-09T10:33:02.035+0000] {processor.py:840} INFO - DAG(s) 'example_python_decorator' retrieved from /home/airflow/.local/lib/python3.8/site-packages/airflow/example_dags/example_python_decorator.py
[2026-04-09T10:33:02.059+0000] {logging_mixin.py:188} INFO - [2026-04-09T10:33:02.058+0000] {dag.py:3033} INFO - Sync 1 DAGs
[2026-04-09T10:33:02.073+0000] {logging_mixin.py:188} INFO - [2026-04-09T10:33:02.073+0000] {dag.py:3820} INFO - Setting next_dagrun for example_python_decorator to None, run_after=None
[2026-04-09T10:33:02.092+0000] {processor.py:183} INFO - Processing /home/airflow/.local/lib/python3.8/site-packages/airflow/example_dags/example_python_decorator.py took 0.075 seconds
[2026-04-09T10:33:32.600+0000] {processor.py:161} INFO - Started process (PID=944) to work on /home/airflow/.local/lib/python3.8/site-packages/airflow/example_dags/example_python_decorator.py
[2026-04-09T10:33:32.601+0000] {processor.py:830} INFO - Processing file /home/airflow/.local/lib/python3.8/site-packages/airflow/example_dags/example_python_decorator.py for tasks to queue
[2026-04-09T10:33:32.603+0000] {logging_mixin.py:188} INFO - [2026-04-09T10:33:32.603+0000] {dagbag.py:538} INFO - Filling up the DagBag from /home/airflow/.local/lib/python3.8/site-packages/airflow/example_dags/example_python_decorator.py
[2026-04-09T10:33:32.616+0000] {processor.py:840} INFO - DAG(s) 'example_python_decorator' retrieved from /home/airflow/.local/lib/python3.8/site-packages/airflow/example_dags/example_python_decorator.py
[2026-04-09T10:33:32.640+0000] {logging_mixin.py:188} INFO - [2026-04-09T10:33:32.640+0000] {dag.py:3033} INFO - Sync 1 DAGs
[2026-04-09T10:33:32.654+0000] {logging_mixin.py:188} INFO - [2026-04-09T10:33:32.654+0000] {dag.py:3820} INFO - Setting next_dagrun for example_python_decorator to None, run_after=None
[2026-04-09T10:33:32.671+0000] {processor.py:183} INFO - Processing /home/airflow/.local/lib/python3.8/site-packages/airflow/example_dags/example_python_decorator.py took 0.074 seconds
[2026-04-09T10:34:06.269+0000] {processor.py:161} INFO - Started process (PID=1005) to work on /home/airflow/.local/lib/python3.8/site-packages/airflow/example_dags/example_python_decorator.py
[2026-04-09T10:34:06.270+0000] {processor.py:830} INFO - Processing file /home/airflow/.local/lib/python3.8/site-packages/airflow/example_dags/example_python_decorator.py for tasks to queue
[2026-04-09T10:34:06.272+0000] {logging_mixin.py:188} INFO - [2026-04-09T10:34:06.272+0000] {dagbag.py:538} INFO - Filling up the DagBag from /home/airflow/.local/lib/python3.8/site-packages/airflow/example_dags/example_python_decorator.py
[2026-04-09T10:34:06.279+0000] {processor.py:840} INFO - DAG(s) 'example_python_decorator' retrieved from /home/airflow/.local/lib/python3.8/site-packages/airflow/example_dags/example_python_decorator.py
[2026-04-09T10:34:06.296+0000] {logging_mixin.py:188} INFO - [2026-04-09T10:34:06.296+0000] {dag.py:3033} INFO - Sync 1 DAGs
[2026-04-09T10:34:06.310+0000] {logging_mixin.py:188} INFO - [2026-04-09T10:34:06.309+0000] {dag.py:3820} INFO - Setting next_dagrun for example_python_decorator to None, run_after=None
[2026-04-09T10:34:06.323+0000] {processor.py:183} INFO - Processing /home/airflow/.local/lib/python3.8/site-packages/airflow/example_dags/example_python_decorator.py took 0.057 seconds
[2026-04-09T10:34:37.857+0000] {processor.py:161} INFO - Started process (PID=1066) to work on /home/airflow/.local/lib/python3.8/site-packages/airflow/example_dags/example_python_decorator.py
[2026-04-09T10:34:37.862+0000] {processor.py:830} INFO - Processing file /home/airflow/.local/lib/python3.8/site-packages/airflow/example_dags/example_python_decorator.py for tasks to queue
[2026-04-09T10:34:37.866+0000] {logging_mixin.py:188} INFO - [2026-04-09T10:34:37.866+0000] {dagbag.py:538} INFO - Filling up the DagBag from /home/airflow/.local/lib/python3.8/site-packages/airflow/example_dags/example_python_decorator.py
[2026-04-09T10:34:37.916+0000] {processor.py:840} INFO - DAG(s) 'example_python_decorator' retrieved from /home/airflow/.local/lib/python3.8/site-packages/airflow/example_dags/example_python_decorator.py
[2026-04-09T10:34:38.005+0000] {logging_mixin.py:188} INFO - [2026-04-09T10:34:38.004+0000] {dag.py:3033} INFO - Sync 1 DAGs
[2026-04-09T10:34:38.050+0000] {logging_mixin.py:188} INFO - [2026-04-09T10:34:38.049+0000] {dag.py:3820} INFO - Setting next_dagrun for example_python_decorator to None, run_after=None
[2026-04-09T10:34:38.123+0000] {processor.py:183} INFO - Processing /home/airflow/.local/lib/python3.8/site-packages/airflow/example_dags/example_python_decorator.py took 0.274 seconds
[2026-04-09T10:35:09.037+0000] {processor.py:161} INFO - Started process (PID=1127) to work on /home/airflow/.local/lib/python3.8/site-packages/airflow/example_dags/example_python_decorator.py
[2026-04-09T10:35:09.039+0000] {processor.py:830} INFO - Processing file /home/airflow/.local/lib/python3.8/site-packages/airflow/example_dags/example_python_decorator.py for tasks to queue
[2026-04-09T10:35:09.044+0000] {logging_mixin.py:188} INFO - [2026-04-09T10:35:09.043+0000] {dagbag.py:538} INFO - Filling up the DagBag from /home/airflow/.local/lib/python3.8/site-packages/airflow/example_dags/example_python_decorator.py
[2026-04-09T10:35:09.056+0000] {processor.py:840} INFO - DAG(s) 'example_python_decorator' retrieved from /home/airflow/.local/lib/python3.8/site-packages/airflow/example_dags/example_python_decorator.py
[2026-04-09T10:35:09.080+0000] {logging_mixin.py:188} INFO - [2026-04-09T10:35:09.080+0000] {dag.py:3033} INFO - Sync 1 DAGs
[2026-04-09T10:35:09.094+0000] {logging_mixin.py:188} INFO - [2026-04-09T10:35:09.093+0000] {dag.py:3820} INFO - Setting next_dagrun for example_python_decorator to None, run_after=None
[2026-04-09T10:35:09.112+0000] {processor.py:183} INFO - Processing /home/airflow/.local/lib/python3.8/site-packages/airflow/example_dags/example_python_decorator.py took 0.081 seconds
[2026-04-09T10:35:39.404+0000] {processor.py:161} INFO - Started process (PID=1188) to work on /home/airflow/.local/lib/python3.8/site-packages/airflow/example_dags/example_python_decorator.py
[2026-04-09T10:35:39.404+0000] {processor.py:830} INFO - Processing file /home/airflow/.local/lib/python3.8/site-packages/airflow/example_dags/example_python_decorator.py for tasks to queue
[2026-04-09T10:35:39.407+0000] {logging_mixin.py:188} INFO - [2026-04-09T10:35:39.406+0000] {dagbag.py:538} INFO - Filling up the DagBag from /home/airflow/.local/lib/python3.8/site-packages/airflow/example_dags/example_python_decorator.py
[2026-04-09T10:35:39.417+0000] {processor.py:840} INFO - DAG(s) 'example_python_decorator' retrieved from /home/airflow/.local/lib/python3.8/site-packages/airflow/example_dags/example_python_decorator.py
[2026-04-09T10:35:39.441+0000] {logging_mixin.py:188} INFO - [2026-04-09T10:35:39.441+0000] {dag.py:3033} INFO - Sync 1 DAGs
[2026-04-09T10:35:39.454+0000] {logging_mixin.py:188} INFO - [2026-04-09T10:35:39.454+0000] {dag.py:3820} INFO - Setting next_dagrun for example_python_decorator to None, run_after=None
[2026-04-09T10:35:39.474+0000] {processor.py:183} INFO - Processing /home/airflow/.local/lib/python3.8/site-packages/airflow/example_dags/example_python_decorator.py took 0.073 seconds
[2026-04-09T10:36:09.505+0000] {processor.py:161} INFO - Started process (PID=1249) to work on /home/airflow/.local/lib/python3.8/site-packages/airflow/example_dags/example_python_decorator.py
[2026-04-09T10:36:09.506+0000] {processor.py:830} INFO - Processing file /home/airflow/.local/lib/python3.8/site-packages/airflow/example_dags/example_python_decorator.py for tasks to queue
[2026-04-09T10:36:09.508+0000] {logging_mixin.py:188} INFO - [2026-04-09T10:36:09.508+0000] {dagbag.py:538} INFO - Filling up the DagBag from /home/airflow/.local/lib/python3.8/site-packages/airflow/example_dags/example_python_decorator.py
[2026-04-09T10:36:09.515+0000] {processor.py:840} INFO - DAG(s) 'example_python_decorator' retrieved from /home/airflow/.local/lib/python3.8/site-packages/airflow/example_dags/example_python_decorator.py
[2026-04-09T10:36:09.532+0000] {logging_mixin.py:188} INFO - [2026-04-09T10:36:09.532+0000] {dag.py:3033} INFO - Sync 1 DAGs
[2026-04-09T10:36:09.541+0000] {logging_mixin.py:188} INFO - [2026-04-09T10:36:09.541+0000] {dag.py:3820} INFO - Setting next_dagrun for example_python_decorator to None, run_after=None
[2026-04-09T10:36:09.554+0000] {processor.py:183} INFO - Processing /home/airflow/.local/lib/python3.8/site-packages/airflow/example_dags/example_python_decorator.py took 0.053 seconds
[2026-04-09T10:36:39.766+0000] {processor.py:161} INFO - Started process (PID=1311) to work on /home/airflow/.local/lib/python3.8/site-packages/airflow/example_dags/example_python_decorator.py
[2026-04-09T10:36:39.767+0000] {processor.py:830} INFO - Processing file /home/airflow/.local/lib/python3.8/site-packages/airflow/example_dags/example_python_decorator.py for tasks to queue
[2026-04-09T10:36:39.769+0000] {logging_mixin.py:188} INFO - [2026-04-09T10:36:39.769+0000] {dagbag.py:538} INFO - Filling up the DagBag from /home/airflow/.local/lib/python3.8/site-packages/airflow/example_dags/example_python_decorator.py
[2026-04-09T10:36:39.780+0000] {processor.py:840} INFO - DAG(s) 'example_python_decorator' retrieved from /home/airflow/.local/lib/python3.8/site-packages/airflow/example_dags/example_python_decorator.py
[2026-04-09T10:36:39.804+0000] {logging_mixin.py:188} INFO - [2026-04-09T10:36:39.804+0000] {dag.py:3033} INFO - Sync 1 DAGs
[2026-04-09T10:36:39.818+0000] {logging_mixin.py:188} INFO - [2026-04-09T10:36:39.818+0000] {dag.py:3820} INFO - Setting next_dagrun for example_python_decorator to None, run_after=None
[2026-04-09T10:36:39.834+0000] {processor.py:183} INFO - Processing /home/airflow/.local/lib/python3.8/site-packages/airflow/example_dags/example_python_decorator.py took 0.072 seconds
[2026-04-09T10:37:10.042+0000] {processor.py:161} INFO - Started process (PID=1373) to work on /home/airflow/.local/lib/python3.8/site-packages/airflow/example_dags/example_python_decorator.py
[2026-04-09T10:37:10.043+0000] {processor.py:830} INFO - Processing file /home/airflow/.local/lib/python3.8/site-packages/airflow/example_dags/example_python_decorator.py for tasks to queue
[2026-04-09T10:37:10.045+0000] {logging_mixin.py:188} INFO - [2026-04-09T10:37:10.044+0000] {dagbag.py:538} INFO - Filling up the DagBag from /home/airflow/.local/lib/python3.8/site-packages/airflow/example_dags/example_python_decorator.py
[2026-04-09T10:37:10.053+0000] {processor.py:840} INFO - DAG(s) 'example_python_decorator' retrieved from /home/airflow/.local/lib/python3.8/site-packages/airflow/example_dags/example_python_decorator.py
[2026-04-09T10:37:10.071+0000] {logging_mixin.py:188} INFO - [2026-04-09T10:37:10.070+0000] {dag.py:3033} INFO - Sync 1 DAGs
[2026-04-09T10:37:10.080+0000] {logging_mixin.py:188} INFO - [2026-04-09T10:37:10.080+0000] {dag.py:3820} INFO - Setting next_dagrun for example_python_decorator to None, run_after=None
[2026-04-09T10:37:10.093+0000] {processor.py:183} INFO - Processing /home/airflow/.local/lib/python3.8/site-packages/airflow/example_dags/example_python_decorator.py took 0.053 seconds
[2026-04-09T10:37:40.187+0000] {processor.py:161} INFO - Started process (PID=1434) to work on /home/airflow/.local/lib/python3.8/site-packages/airflow/example_dags/example_python_decorator.py
[2026-04-09T10:37:40.188+0000] {processor.py:830} INFO - Processing file /home/airflow/.local/lib/python3.8/site-packages/airflow/example_dags/example_python_decorator.py for tasks to queue
[2026-04-09T10:37:40.190+0000] {logging_mixin.py:188} INFO - [2026-04-09T10:37:40.190+0000] {dagbag.py:538} INFO - Filling up the DagBag from /home/airflow/.local/lib/python3.8/site-packages/airflow/example_dags/example_python_decorator.py
[2026-04-09T10:37:40.203+0000] {processor.py:840} INFO - DAG(s) 'example_python_decorator' retrieved from /home/airflow/.local/lib/python3.8/site-packages/airflow/example_dags/example_python_decorator.py
[2026-04-09T10:37:40.227+0000] {logging_mixin.py:188} INFO - [2026-04-09T10:37:40.226+0000] {dag.py:3033} INFO - Sync 1 DAGs
[2026-04-09T10:37:40.240+0000] {logging_mixin.py:188} INFO - [2026-04-09T10:37:40.240+0000] {dag.py:3820} INFO - Setting next_dagrun for example_python_decorator to None, run_after=None
[2026-04-09T10:37:40.270+0000] {processor.py:183} INFO - Processing /home/airflow/.local/lib/python3.8/site-packages/airflow/example_dags/example_python_decorator.py took 0.087 seconds
[2026-04-09T10:38:10.504+0000] {processor.py:161} INFO - Started process (PID=1495) to work on /home/airflow/.local/lib/python3.8/site-packages/airflow/example_dags/example_python_decorator.py
[2026-04-09T10:38:10.505+0000] {processor.py:830} INFO - Processing file /home/airflow/.local/lib/python3.8/site-packages/airflow/example_dags/example_python_decorator.py for tasks to queue
[2026-04-09T10:38:10.507+0000] {logging_mixin.py:188} INFO - [2026-04-09T10:38:10.507+0000] {dagbag.py:538} INFO - Filling up the DagBag from /home/airflow/.local/lib/python3.8/site-packages/airflow/example_dags/example_python_decorator.py
[2026-04-09T10:38:10.518+0000] {processor.py:840} INFO - DAG(s) 'example_python_decorator' retrieved from /home/airflow/.local/lib/python3.8/site-packages/airflow/example_dags/example_python_decorator.py
[2026-04-09T10:38:10.545+0000] {logging_mixin.py:188} INFO - [2026-04-09T10:38:10.545+0000] {dag.py:3033} INFO - Sync 1 DAGs
[2026-04-09T10:38:10.558+0000] {logging_mixin.py:188} INFO - [2026-04-09T10:38:10.558+0000] {dag.py:3820} INFO - Setting next_dagrun for example_python_decorator to None, run_after=None
[2026-04-09T10:38:10.577+0000] {processor.py:183} INFO - Processing /home/airflow/.local/lib/python3.8/site-packages/airflow/example_dags/example_python_decorator.py took 0.075 seconds
[2026-04-09T10:38:40.626+0000] {processor.py:161} INFO - Started process (PID=1555) to work on /home/airflow/.local/lib/python3.8/site-packages/airflow/example_dags/example_python_decorator.py
[2026-04-09T10:38:40.626+0000] {processor.py:830} INFO - Processing file /home/airflow/.local/lib/python3.8/site-packages/airflow/example_dags/example_python_decorator.py for tasks to queue
[2026-04-09T10:38:40.629+0000] {logging_mixin.py:188} INFO - [2026-04-09T10:38:40.628+0000] {dagbag.py:538} INFO - Filling up the DagBag from /home/airflow/.local/lib/python3.8/site-packages/airflow/example_dags/example_python_decorator.py
[2026-04-09T10:38:40.640+0000] {processor.py:840} INFO - DAG(s) 'example_python_decorator' retrieved from /home/airflow/.local/lib/python3.8/site-packages/airflow/example_dags/example_python_decorator.py
[2026-04-09T10:38:40.663+0000] {logging_mixin.py:188} INFO - [2026-04-09T10:38:40.663+0000] {dag.py:3033} INFO - Sync 1 DAGs
[2026-04-09T10:38:40.675+0000] {logging_mixin.py:188} INFO - [2026-04-09T10:38:40.675+0000] {dag.py:3820} INFO - Setting next_dagrun for example_python_decorator to None, run_after=None
[2026-04-09T10:38:40.689+0000] {processor.py:183} INFO - Processing /home/airflow/.local/lib/python3.8/site-packages/airflow/example_dags/example_python_decorator.py took 0.067 seconds
[2026-04-09T10:39:11.005+0000] {processor.py:161} INFO - Started process (PID=1616) to work on /home/airflow/.local/lib/python3.8/site-packages/airflow/example_dags/example_python_decorator.py
[2026-04-09T10:39:11.008+0000] {processor.py:830} INFO - Processing file /home/airflow/.local/lib/python3.8/site-packages/airflow/example_dags/example_python_decorator.py for tasks to queue
[2026-04-09T10:39:11.014+0000] {logging_mixin.py:188} INFO - [2026-04-09T10:39:11.013+0000] {dagbag.py:538} INFO - Filling up the DagBag from /home/airflow/.local/lib/python3.8/site-packages/airflow/example_dags/example_python_decorator.py
[2026-04-09T10:39:11.035+0000] {processor.py:840} INFO - DAG(s) 'example_python_decorator' retrieved from /home/airflow/.local/lib/python3.8/site-packages/airflow/example_dags/example_python_decorator.py
[2026-04-09T10:39:11.061+0000] {logging_mixin.py:188} INFO - [2026-04-09T10:39:11.060+0000] {dag.py:3033} INFO - Sync 1 DAGs
[2026-04-09T10:39:11.074+0000] {logging_mixin.py:188} INFO - [2026-04-09T10:39:11.074+0000] {dag.py:3820} INFO - Setting next_dagrun for example_python_decorator to None, run_after=None
[2026-04-09T10:39:11.090+0000] {processor.py:183} INFO - Processing /home/airflow/.local/lib/python3.8/site-packages/airflow/example_dags/example_python_decorator.py took 0.098 seconds
[2026-04-09T10:39:41.364+0000] {processor.py:161} INFO - Started process (PID=1677) to work on /home/airflow/.local/lib/python3.8/site-packages/airflow/example_dags/example_python_decorator.py
[2026-04-09T10:39:41.364+0000] {processor.py:830} INFO - Processing file /home/airflow/.local/lib/python3.8/site-packages/airflow/example_dags/example_python_decorator.py for tasks to queue
[2026-04-09T10:39:41.367+0000] {logging_mixin.py:188} INFO - [2026-04-09T10:39:41.367+0000] {dagbag.py:538} INFO - Filling up the DagBag from /home/airflow/.local/lib/python3.8/site-packages/airflow/example_dags/example_python_decorator.py
[2026-04-09T10:39:41.376+0000] {processor.py:840} INFO - DAG(s) 'example_python_decorator' retrieved from /home/airflow/.local/lib/python3.8/site-packages/airflow/example_dags/example_python_decorator.py
[2026-04-09T10:39:41.393+0000] {logging_mixin.py:188} INFO - [2026-04-09T10:39:41.392+0000] {dag.py:3033} INFO - Sync 1 DAGs
[2026-04-09T10:39:41.402+0000] {logging_mixin.py:188} INFO - [2026-04-09T10:39:41.402+0000] {dag.py:3820} INFO - Setting next_dagrun for example_python_decorator to None, run_after=None
[2026-04-09T10:39:41.415+0000] {processor.py:183} INFO - Processing /home/airflow/.local/lib/python3.8/site-packages/airflow/example_dags/example_python_decorator.py took 0.054 seconds
[2026-04-09T10:40:11.677+0000] {processor.py:161} INFO - Started process (PID=1738) to work on /home/airflow/.local/lib/python3.8/site-packages/airflow/example_dags/example_python_decorator.py
[2026-04-09T10:40:11.678+0000] {processor.py:830} INFO - Processing file /home/airflow/.local/lib/python3.8/site-packages/airflow/example_dags/example_python_decorator.py for tasks to queue
[2026-04-09T10:40:11.681+0000] {logging_mixin.py:188} INFO - [2026-04-09T10:40:11.681+0000] {dagbag.py:538} INFO - Filling up the DagBag from /home/airflow/.local/lib/python3.8/site-packages/airflow/example_dags/example_python_decorator.py
[2026-04-09T10:40:11.692+0000] {processor.py:840} INFO - DAG(s) 'example_python_decorator' retrieved from /home/airflow/.local/lib/python3.8/site-packages/airflow/example_dags/example_python_decorator.py
[2026-04-09T10:40:11.711+0000] {logging_mixin.py:188} INFO - [2026-04-09T10:40:11.711+0000] {dag.py:3033} INFO - Sync 1 DAGs
[2026-04-09T10:40:11.720+0000] {logging_mixin.py:188} INFO - [2026-04-09T10:40:11.720+0000] {dag.py:3820} INFO - Setting next_dagrun for example_python_decorator to None, run_after=None
[2026-04-09T10:40:11.733+0000] {processor.py:183} INFO - Processing /home/airflow/.local/lib/python3.8/site-packages/airflow/example_dags/example_python_decorator.py took 0.059 seconds
[2026-04-09T10:40:42.291+0000] {processor.py:161} INFO - Started process (PID=1799) to work on /home/airflow/.local/lib/python3.8/site-packages/airflow/example_dags/example_python_decorator.py
[2026-04-09T10:40:42.292+0000] {processor.py:830} INFO - Processing file /home/airflow/.local/lib/python3.8/site-packages/airflow/example_dags/example_python_decorator.py for tasks to queue
[2026-04-09T10:40:42.294+0000] {logging_mixin.py:188} INFO - [2026-04-09T10:40:42.294+0000] {dagbag.py:538} INFO - Filling up the DagBag from /home/airflow/.local/lib/python3.8/site-packages/airflow/example_dags/example_python_decorator.py
[2026-04-09T10:40:42.305+0000] {processor.py:840} INFO - DAG(s) 'example_python_decorator' retrieved from /home/airflow/.local/lib/python3.8/site-packages/airflow/example_dags/example_python_decorator.py
[2026-04-09T10:40:42.328+0000] {logging_mixin.py:188} INFO - [2026-04-09T10:40:42.327+0000] {dag.py:3033} INFO - Sync 1 DAGs
[2026-04-09T10:40:42.342+0000] {logging_mixin.py:188} INFO - [2026-04-09T10:40:42.342+0000] {dag.py:3820} INFO - Setting next_dagrun for example_python_decorator to None, run_after=None
[2026-04-09T10:40:42.357+0000] {processor.py:183} INFO - Processing /home/airflow/.local/lib/python3.8/site-packages/airflow/example_dags/example_python_decorator.py took 0.069 seconds
[2026-04-09T10:41:12.528+0000] {processor.py:161} INFO - Started process (PID=1860) to work on /home/airflow/.local/lib/python3.8/site-packages/airflow/example_dags/example_python_decorator.py
[2026-04-09T10:41:12.528+0000] {processor.py:830} INFO - Processing file /home/airflow/.local/lib/python3.8/site-packages/airflow/example_dags/example_python_decorator.py for tasks to queue
[2026-04-09T10:41:12.530+0000] {logging_mixin.py:188} INFO - [2026-04-09T10:41:12.530+0000] {dagbag.py:538} INFO - Filling up the DagBag from /home/airflow/.local/lib/python3.8/site-packages/airflow/example_dags/example_python_decorator.py
[2026-04-09T10:41:12.537+0000] {processor.py:840} INFO - DAG(s) 'example_python_decorator' retrieved from /home/airflow/.local/lib/python3.8/site-packages/airflow/example_dags/example_python_decorator.py
[2026-04-09T10:41:12.553+0000] {logging_mixin.py:188} INFO - [2026-04-09T10:41:12.553+0000] {dag.py:3033} INFO - Sync 1 DAGs
[2026-04-09T10:41:12.562+0000] {logging_mixin.py:188} INFO - [2026-04-09T10:41:12.562+0000] {dag.py:3820} INFO - Setting next_dagrun for example_python_decorator to None, run_after=None
[2026-04-09T10:41:12.575+0000] {processor.py:183} INFO - Processing /home/airflow/.local/lib/python3.8/site-packages/airflow/example_dags/example_python_decorator.py took 0.050 seconds
[2026-04-09T10:41:43.059+0000] {processor.py:161} INFO - Started process (PID=1921) to work on /home/airflow/.local/lib/python3.8/site-packages/airflow/example_dags/example_python_decorator.py
[2026-04-09T10:41:43.060+0000] {processor.py:830} INFO - Processing file /home/airflow/.local/lib/python3.8/site-packages/airflow/example_dags/example_python_decorator.py for tasks to queue
[2026-04-09T10:41:43.065+0000] {logging_mixin.py:188} INFO - [2026-04-09T10:41:43.064+0000] {dagbag.py:538} INFO - Filling up the DagBag from /home/airflow/.local/lib/python3.8/site-packages/airflow/example_dags/example_python_decorator.py
[2026-04-09T10:41:43.086+0000] {processor.py:840} INFO - DAG(s) 'example_python_decorator' retrieved from /home/airflow/.local/lib/python3.8/site-packages/airflow/example_dags/example_python_decorator.py
[2026-04-09T10:41:43.132+0000] {logging_mixin.py:188} INFO - [2026-04-09T10:41:43.131+0000] {dag.py:3033} INFO - Sync 1 DAGs
[2026-04-09T10:41:43.155+0000] {logging_mixin.py:188} INFO - [2026-04-09T10:41:43.154+0000] {dag.py:3820} INFO - Setting next_dagrun for example_python_decorator to None, run_after=None
[2026-04-09T10:41:43.189+0000] {processor.py:183} INFO - Processing /home/airflow/.local/lib/python3.8/site-packages/airflow/example_dags/example_python_decorator.py took 0.137 seconds
[2026-04-09T10:42:14.149+0000] {processor.py:161} INFO - Started process (PID=1982) to work on /home/airflow/.local/lib/python3.8/site-packages/airflow/example_dags/example_python_decorator.py
[2026-04-09T10:42:14.150+0000] {processor.py:830} INFO - Processing file /home/airflow/.local/lib/python3.8/site-packages/airflow/example_dags/example_python_decorator.py for tasks to queue
[2026-04-09T10:42:14.152+0000] {logging_mixin.py:188} INFO - [2026-04-09T10:42:14.152+0000] {dagbag.py:538} INFO - Filling up the DagBag from /home/airflow/.local/lib/python3.8/site-packages/airflow/example_dags/example_python_decorator.py
[2026-04-09T10:42:14.163+0000] {processor.py:840} INFO - DAG(s) 'example_python_decorator' retrieved from /home/airflow/.local/lib/python3.8/site-packages/airflow/example_dags/example_python_decorator.py
[2026-04-09T10:42:14.186+0000] {logging_mixin.py:188} INFO - [2026-04-09T10:42:14.186+0000] {dag.py:3033} INFO - Sync 1 DAGs
[2026-04-09T10:42:14.199+0000] {logging_mixin.py:188} INFO - [2026-04-09T10:42:14.199+0000] {dag.py:3820} INFO - Setting next_dagrun for example_python_decorator to None, run_after=None
[2026-04-09T10:42:14.218+0000] {processor.py:183} INFO - Processing /home/airflow/.local/lib/python3.8/site-packages/airflow/example_dags/example_python_decorator.py took 0.076 seconds
[2026-04-09T10:42:44.317+0000] {processor.py:161} INFO - Started process (PID=2043) to work on /home/airflow/.local/lib/python3.8/site-packages/airflow/example_dags/example_python_decorator.py
[2026-04-09T10:42:44.317+0000] {processor.py:830} INFO - Processing file /home/airflow/.local/lib/python3.8/site-packages/airflow/example_dags/example_python_decorator.py for tasks to queue
[2026-04-09T10:42:44.319+0000] {logging_mixin.py:188} INFO - [2026-04-09T10:42:44.319+0000] {dagbag.py:538} INFO - Filling up the DagBag from /home/airflow/.local/lib/python3.8/site-packages/airflow/example_dags/example_python_decorator.py
[2026-04-09T10:42:44.326+0000] {processor.py:840} INFO - DAG(s) 'example_python_decorator' retrieved from /home/airflow/.local/lib/python3.8/site-packages/airflow/example_dags/example_python_decorator.py
[2026-04-09T10:42:44.344+0000] {logging_mixin.py:188} INFO - [2026-04-09T10:42:44.344+0000] {dag.py:3033} INFO - Sync 1 DAGs
[2026-04-09T10:42:44.353+0000] {logging_mixin.py:188} INFO - [2026-04-09T10:42:44.353+0000] {dag.py:3820} INFO - Setting next_dagrun for example_python_decorator to None, run_after=None
[2026-04-09T10:42:44.367+0000] {processor.py:183} INFO - Processing /home/airflow/.local/lib/python3.8/site-packages/airflow/example_dags/example_python_decorator.py took 0.053 seconds
[2026-04-09T10:43:15.301+0000] {processor.py:161} INFO - Started process (PID=2104) to work on /home/airflow/.local/lib/python3.8/site-packages/airflow/example_dags/example_python_decorator.py
[2026-04-09T10:43:15.304+0000] {processor.py:830} INFO - Processing file /home/airflow/.local/lib/python3.8/site-packages/airflow/example_dags/example_python_decorator.py for tasks to queue
[2026-04-09T10:43:15.308+0000] {logging_mixin.py:188} INFO - [2026-04-09T10:43:15.308+0000] {dagbag.py:538} INFO - Filling up the DagBag from /home/airflow/.local/lib/python3.8/site-packages/airflow/example_dags/example_python_decorator.py
[2026-04-09T10:43:15.325+0000] {processor.py:840} INFO - DAG(s) 'example_python_decorator' retrieved from /home/airflow/.local/lib/python3.8/site-packages/airflow/example_dags/example_python_decorator.py
[2026-04-09T10:43:15.378+0000] {logging_mixin.py:188} INFO - [2026-04-09T10:43:15.377+0000] {dag.py:3033} INFO - Sync 1 DAGs
[2026-04-09T10:43:15.392+0000] {logging_mixin.py:188} INFO - [2026-04-09T10:43:15.392+0000] {dag.py:3820} INFO - Setting next_dagrun for example_python_decorator to None, run_after=None
[2026-04-09T10:43:15.413+0000] {processor.py:183} INFO - Processing /home/airflow/.local/lib/python3.8/site-packages/airflow/example_dags/example_python_decorator.py took 0.117 seconds
[2026-04-09T10:43:45.964+0000] {processor.py:161} INFO - Started process (PID=2165) to work on /home/airflow/.local/lib/python3.8/site-packages/airflow/example_dags/example_python_decorator.py
[2026-04-09T10:43:45.965+0000] {processor.py:830} INFO - Processing file /home/airflow/.local/lib/python3.8/site-packages/airflow/example_dags/example_python_decorator.py for tasks to queue
[2026-04-09T10:43:45.966+0000] {logging_mixin.py:188} INFO - [2026-04-09T10:43:45.966+0000] {dagbag.py:538} INFO - Filling up the DagBag from /home/airflow/.local/lib/python3.8/site-packages/airflow/example_dags/example_python_decorator.py
[2026-04-09T10:43:45.974+0000] {processor.py:840} INFO - DAG(s) 'example_python_decorator' retrieved from /home/airflow/.local/lib/python3.8/site-packages/airflow/example_dags/example_python_decorator.py
[2026-04-09T10:43:45.991+0000] {logging_mixin.py:188} INFO - [2026-04-09T10:43:45.991+0000] {dag.py:3033} INFO - Sync 1 DAGs
[2026-04-09T10:43:46.000+0000] {logging_mixin.py:188} INFO - [2026-04-09T10:43:46.000+0000] {dag.py:3820} INFO - Setting next_dagrun for example_python_decorator to None, run_after=None
[2026-04-09T10:43:46.014+0000] {processor.py:183} INFO - Processing /home/airflow/.local/lib/python3.8/site-packages/airflow/example_dags/example_python_decorator.py took 0.052 seconds
[2026-04-09T10:44:16.382+0000] {processor.py:161} INFO - Started process (PID=2226) to work on /home/airflow/.local/lib/python3.8/site-packages/airflow/example_dags/example_python_decorator.py
[2026-04-09T10:44:16.383+0000] {processor.py:830} INFO - Processing file /home/airflow/.local/lib/python3.8/site-packages/airflow/example_dags/example_python_decorator.py for tasks to queue
[2026-04-09T10:44:16.385+0000] {logging_mixin.py:188} INFO - [2026-04-09T10:44:16.385+0000] {dagbag.py:538} INFO - Filling up the DagBag from /home/airflow/.local/lib/python3.8/site-packages/airflow/example_dags/example_python_decorator.py
[2026-04-09T10:44:16.397+0000] {processor.py:840} INFO - DAG(s) 'example_python_decorator' retrieved from /home/airflow/.local/lib/python3.8/site-packages/airflow/example_dags/example_python_decorator.py
[2026-04-09T10:44:16.420+0000] {logging_mixin.py:188} INFO - [2026-04-09T10:44:16.420+0000] {dag.py:3033} INFO - Sync 1 DAGs
[2026-04-09T10:44:16.433+0000] {logging_mixin.py:188} INFO - [2026-04-09T10:44:16.433+0000] {dag.py:3820} INFO - Setting next_dagrun for example_python_decorator to None, run_after=None
[2026-04-09T10:44:16.446+0000] {processor.py:183} INFO - Processing /home/airflow/.local/lib/python3.8/site-packages/airflow/example_dags/example_python_decorator.py took 0.068 seconds
[2026-04-09T10:44:46.787+0000] {processor.py:161} INFO - Started process (PID=2293) to work on /home/airflow/.local/lib/python3.8/site-packages/airflow/example_dags/example_python_decorator.py
[2026-04-09T10:44:46.788+0000] {processor.py:830} INFO - Processing file /home/airflow/.local/lib/python3.8/site-packages/airflow/example_dags/example_python_decorator.py for tasks to queue
[2026-04-09T10:44:46.790+0000] {logging_mixin.py:188} INFO - [2026-04-09T10:44:46.790+0000] {dagbag.py:538} INFO - Filling up the DagBag from /home/airflow/.local/lib/python3.8/site-packages/airflow/example_dags/example_python_decorator.py
[2026-04-09T10:44:46.801+0000] {processor.py:840} INFO - DAG(s) 'example_python_decorator' retrieved from /home/airflow/.local/lib/python3.8/site-packages/airflow/example_dags/example_python_decorator.py
[2026-04-09T10:44:46.820+0000] {logging_mixin.py:188} INFO - [2026-04-09T10:44:46.819+0000] {dag.py:3033} INFO - Sync 1 DAGs
[2026-04-09T10:44:46.829+0000] {logging_mixin.py:188} INFO - [2026-04-09T10:44:46.828+0000] {dag.py:3820} INFO - Setting next_dagrun for example_python_decorator to None, run_after=None
[2026-04-09T10:44:46.842+0000] {processor.py:183} INFO - Processing /home/airflow/.local/lib/python3.8/site-packages/airflow/example_dags/example_python_decorator.py took 0.058 seconds
[2026-04-09T10:45:17.542+0000] {processor.py:161} INFO - Started process (PID=2354) to work on /home/airflow/.local/lib/python3.8/site-packages/airflow/example_dags/example_python_decorator.py
[2026-04-09T10:45:17.543+0000] {processor.py:830} INFO - Processing file /home/airflow/.local/lib/python3.8/site-packages/airflow/example_dags/example_python_decorator.py for tasks to queue
[2026-04-09T10:45:17.545+0000] {logging_mixin.py:188} INFO - [2026-04-09T10:45:17.545+0000] {dagbag.py:538} INFO - Filling up the DagBag from /home/airflow/.local/lib/python3.8/site-packages/airflow/example_dags/example_python_decorator.py
[2026-04-09T10:45:17.556+0000] {processor.py:840} INFO - DAG(s) 'example_python_decorator' retrieved from /home/airflow/.local/lib/python3.8/site-packages/airflow/example_dags/example_python_decorator.py
[2026-04-09T10:45:17.580+0000] {logging_mixin.py:188} INFO - [2026-04-09T10:45:17.580+0000] {dag.py:3033} INFO - Sync 1 DAGs
[2026-04-09T10:45:17.594+0000] {logging_mixin.py:188} INFO - [2026-04-09T10:45:17.594+0000] {dag.py:3820} INFO - Setting next_dagrun for example_python_decorator to None, run_after=None
[2026-04-09T10:45:17.607+0000] {processor.py:183} INFO - Processing /home/airflow/.local/lib/python3.8/site-packages/airflow/example_dags/example_python_decorator.py took 0.069 seconds
[2026-04-09T10:45:47.816+0000] {processor.py:161} INFO - Started process (PID=2415) to work on /home/airflow/.local/lib/python3.8/site-packages/airflow/example_dags/example_python_decorator.py
[2026-04-09T10:45:47.817+0000] {processor.py:830} INFO - Processing file /home/airflow/.local/lib/python3.8/site-packages/airflow/example_dags/example_python_decorator.py for tasks to queue
[2026-04-09T10:45:47.820+0000] {logging_mixin.py:188} INFO - [2026-04-09T10:45:47.819+0000] {dagbag.py:538} INFO - Filling up the DagBag from /home/airflow/.local/lib/python3.8/site-packages/airflow/example_dags/example_python_decorator.py
[2026-04-09T10:45:47.832+0000] {processor.py:840} INFO - DAG(s) 'example_python_decorator' retrieved from /home/airflow/.local/lib/python3.8/site-packages/airflow/example_dags/example_python_decorator.py
[2026-04-09T10:45:47.856+0000] {logging_mixin.py:188} INFO - [2026-04-09T10:45:47.855+0000] {dag.py:3033} INFO - Sync 1 DAGs
[2026-04-09T10:45:47.869+0000] {logging_mixin.py:188} INFO - [2026-04-09T10:45:47.869+0000] {dag.py:3820} INFO - Setting next_dagrun for example_python_decorator to None, run_after=None
[2026-04-09T10:45:47.886+0000] {processor.py:183} INFO - Processing /home/airflow/.local/lib/python3.8/site-packages/airflow/example_dags/example_python_decorator.py took 0.075 seconds
[2026-04-09T10:46:18.050+0000] {processor.py:161} INFO - Started process (PID=2476) to work on /home/airflow/.local/lib/python3.8/site-packages/airflow/example_dags/example_python_decorator.py
[2026-04-09T10:46:18.050+0000] {processor.py:830} INFO - Processing file /home/airflow/.local/lib/python3.8/site-packages/airflow/example_dags/example_python_decorator.py for tasks to queue
[2026-04-09T10:46:18.052+0000] {logging_mixin.py:188} INFO - [2026-04-09T10:46:18.052+0000] {dagbag.py:538} INFO - Filling up the DagBag from /home/airflow/.local/lib/python3.8/site-packages/airflow/example_dags/example_python_decorator.py
[2026-04-09T10:46:18.059+0000] {processor.py:840} INFO - DAG(s) 'example_python_decorator' retrieved from /home/airflow/.local/lib/python3.8/site-packages/airflow/example_dags/example_python_decorator.py
[2026-04-09T10:46:18.077+0000] {logging_mixin.py:188} INFO - [2026-04-09T10:46:18.077+0000] {dag.py:3033} INFO - Sync 1 DAGs
[2026-04-09T10:46:18.088+0000] {logging_mixin.py:188} INFO - [2026-04-09T10:46:18.087+0000] {dag.py:3820} INFO - Setting next_dagrun for example_python_decorator to None, run_after=None
[2026-04-09T10:46:18.106+0000] {processor.py:183} INFO - Processing /home/airflow/.local/lib/python3.8/site-packages/airflow/example_dags/example_python_decorator.py took 0.059 seconds
[2026-04-09T10:46:48.217+0000] {processor.py:161} INFO - Started process (PID=2537) to work on /home/airflow/.local/lib/python3.8/site-packages/airflow/example_dags/example_python_decorator.py
[2026-04-09T10:46:48.218+0000] {processor.py:830} INFO - Processing file /home/airflow/.local/lib/python3.8/site-packages/airflow/example_dags/example_python_decorator.py for tasks to queue
[2026-04-09T10:46:48.220+0000] {logging_mixin.py:188} INFO - [2026-04-09T10:46:48.220+0000] {dagbag.py:538} INFO - Filling up the DagBag from /home/airflow/.local/lib/python3.8/site-packages/airflow/example_dags/example_python_decorator.py
[2026-04-09T10:46:48.231+0000] {processor.py:840} INFO - DAG(s) 'example_python_decorator' retrieved from /home/airflow/.local/lib/python3.8/site-packages/airflow/example_dags/example_python_decorator.py
[2026-04-09T10:46:48.254+0000] {logging_mixin.py:188} INFO - [2026-04-09T10:46:48.254+0000] {dag.py:3033} INFO - Sync 1 DAGs
[2026-04-09T10:46:48.266+0000] {logging_mixin.py:188} INFO - [2026-04-09T10:46:48.265+0000] {dag.py:3820} INFO - Setting next_dagrun for example_python_decorator to None, run_after=None
[2026-04-09T10:46:48.282+0000] {processor.py:183} INFO - Processing /home/airflow/.local/lib/python3.8/site-packages/airflow/example_dags/example_python_decorator.py took 0.069 seconds
[2026-04-09T10:47:18.362+0000] {processor.py:161} INFO - Started process (PID=2598) to work on /home/airflow/.local/lib/python3.8/site-packages/airflow/example_dags/example_python_decorator.py
[2026-04-09T10:47:18.362+0000] {processor.py:830} INFO - Processing file /home/airflow/.local/lib/python3.8/site-packages/airflow/example_dags/example_python_decorator.py for tasks to queue
[2026-04-09T10:47:18.364+0000] {logging_mixin.py:188} INFO - [2026-04-09T10:47:18.364+0000] {dagbag.py:538} INFO - Filling up the DagBag from /home/airflow/.local/lib/python3.8/site-packages/airflow/example_dags/example_python_decorator.py
[2026-04-09T10:47:18.371+0000] {processor.py:840} INFO - DAG(s) 'example_python_decorator' retrieved from /home/airflow/.local/lib/python3.8/site-packages/airflow/example_dags/example_python_decorator.py
[2026-04-09T10:47:18.388+0000] {logging_mixin.py:188} INFO - [2026-04-09T10:47:18.388+0000] {dag.py:3033} INFO - Sync 1 DAGs
[2026-04-09T10:47:18.399+0000] {logging_mixin.py:188} INFO - [2026-04-09T10:47:18.398+0000] {dag.py:3820} INFO - Setting next_dagrun for example_python_decorator to None, run_after=None
[2026-04-09T10:47:18.412+0000] {processor.py:183} INFO - Processing /home/airflow/.local/lib/python3.8/site-packages/airflow/example_dags/example_python_decorator.py took 0.053 seconds
[2026-04-09T10:47:48.801+0000] {processor.py:161} INFO - Started process (PID=2659) to work on /home/airflow/.local/lib/python3.8/site-packages/airflow/example_dags/example_python_decorator.py
[2026-04-09T10:47:48.802+0000] {processor.py:830} INFO - Processing file /home/airflow/.local/lib/python3.8/site-packages/airflow/example_dags/example_python_decorator.py for tasks to queue
[2026-04-09T10:47:48.804+0000] {logging_mixin.py:188} INFO - [2026-04-09T10:47:48.804+0000] {dagbag.py:538} INFO - Filling up the DagBag from /home/airflow/.local/lib/python3.8/site-packages/airflow/example_dags/example_python_decorator.py
[2026-04-09T10:47:48.811+0000] {processor.py:840} INFO - DAG(s) 'example_python_decorator' retrieved from /home/airflow/.local/lib/python3.8/site-packages/airflow/example_dags/example_python_decorator.py
[2026-04-09T10:47:48.828+0000] {logging_mixin.py:188} INFO - [2026-04-09T10:47:48.828+0000] {dag.py:3033} INFO - Sync 1 DAGs
[2026-04-09T10:47:48.838+0000] {logging_mixin.py:188} INFO - [2026-04-09T10:47:48.837+0000] {dag.py:3820} INFO - Setting next_dagrun for example_python_decorator to None, run_after=None
[2026-04-09T10:47:48.851+0000] {processor.py:183} INFO - Processing /home/airflow/.local/lib/python3.8/site-packages/airflow/example_dags/example_python_decorator.py took 0.054 seconds
[2026-04-09T10:48:19.166+0000] {processor.py:161} INFO - Started process (PID=2720) to work on /home/airflow/.local/lib/python3.8/site-packages/airflow/example_dags/example_python_decorator.py
[2026-04-09T10:48:19.170+0000] {processor.py:830} INFO - Processing file /home/airflow/.local/lib/python3.8/site-packages/airflow/example_dags/example_python_decorator.py for tasks to queue
[2026-04-09T10:48:19.179+0000] {logging_mixin.py:188} INFO - [2026-04-09T10:48:19.179+0000] {dagbag.py:538} INFO - Filling up the DagBag from /home/airflow/.local/lib/python3.8/site-packages/airflow/example_dags/example_python_decorator.py
[2026-04-09T10:48:19.199+0000] {processor.py:840} INFO - DAG(s) 'example_python_decorator' retrieved from /home/airflow/.local/lib/python3.8/site-packages/airflow/example_dags/example_python_decorator.py
[2026-04-09T10:48:19.231+0000] {logging_mixin.py:188} INFO - [2026-04-09T10:48:19.231+0000] {dag.py:3033} INFO - Sync 1 DAGs
[2026-04-09T10:48:19.251+0000] {logging_mixin.py:188} INFO - [2026-04-09T10:48:19.250+0000] {dag.py:3820} INFO - Setting next_dagrun for example_python_decorator to None, run_after=None
[2026-04-09T10:48:19.289+0000] {processor.py:183} INFO - Processing /home/airflow/.local/lib/python3.8/site-packages/airflow/example_dags/example_python_decorator.py took 0.127 seconds
[2026-04-09T10:48:49.675+0000] {processor.py:161} INFO - Started process (PID=2781) to work on /home/airflow/.local/lib/python3.8/site-packages/airflow/example_dags/example_python_decorator.py
[2026-04-09T10:48:49.676+0000] {processor.py:830} INFO - Processing file /home/airflow/.local/lib/python3.8/site-packages/airflow/example_dags/example_python_decorator.py for tasks to queue
[2026-04-09T10:48:49.678+0000] {logging_mixin.py:188} INFO - [2026-04-09T10:48:49.678+0000] {dagbag.py:538} INFO - Filling up the DagBag from /home/airflow/.local/lib/python3.8/site-packages/airflow/example_dags/example_python_decorator.py
[2026-04-09T10:48:49.689+0000] {processor.py:840} INFO - DAG(s) 'example_python_decorator' retrieved from /home/airflow/.local/lib/python3.8/site-packages/airflow/example_dags/example_python_decorator.py
[2026-04-09T10:48:49.712+0000] {logging_mixin.py:188} INFO - [2026-04-09T10:48:49.712+0000] {dag.py:3033} INFO - Sync 1 DAGs
[2026-04-09T10:48:49.725+0000] {logging_mixin.py:188} INFO - [2026-04-09T10:48:49.725+0000] {dag.py:3820} INFO - Setting next_dagrun for example_python_decorator to None, run_after=None
[2026-04-09T10:48:49.742+0000] {processor.py:183} INFO - Processing /home/airflow/.local/lib/python3.8/site-packages/airflow/example_dags/example_python_decorator.py took 0.070 seconds
[2026-04-09T10:49:20.454+0000] {processor.py:161} INFO - Started process (PID=2842) to work on /home/airflow/.local/lib/python3.8/site-packages/airflow/example_dags/example_python_decorator.py
[2026-04-09T10:49:20.455+0000] {processor.py:830} INFO - Processing file /home/airflow/.local/lib/python3.8/site-packages/airflow/example_dags/example_python_decorator.py for tasks to queue
[2026-04-09T10:49:20.457+0000] {logging_mixin.py:188} INFO - [2026-04-09T10:49:20.457+0000] {dagbag.py:538} INFO - Filling up the DagBag from /home/airflow/.local/lib/python3.8/site-packages/airflow/example_dags/example_python_decorator.py
[2026-04-09T10:49:20.468+0000] {processor.py:840} INFO - DAG(s) 'example_python_decorator' retrieved from /home/airflow/.local/lib/python3.8/site-packages/airflow/example_dags/example_python_decorator.py
[2026-04-09T10:49:20.491+0000] {logging_mixin.py:188} INFO - [2026-04-09T10:49:20.491+0000] {dag.py:3033} INFO - Sync 1 DAGs
[2026-04-09T10:49:20.503+0000] {logging_mixin.py:188} INFO - [2026-04-09T10:49:20.503+0000] {dag.py:3820} INFO - Setting next_dagrun for example_python_decorator to None, run_after=None
[2026-04-09T10:49:20.519+0000] {processor.py:183} INFO - Processing /home/airflow/.local/lib/python3.8/site-packages/airflow/example_dags/example_python_decorator.py took 0.068 seconds
[2026-04-09T10:49:50.563+0000] {processor.py:161} INFO - Started process (PID=2903) to work on /home/airflow/.local/lib/python3.8/site-packages/airflow/example_dags/example_python_decorator.py
[2026-04-09T10:49:50.564+0000] {processor.py:830} INFO - Processing file /home/airflow/.local/lib/python3.8/site-packages/airflow/example_dags/example_python_decorator.py for tasks to queue
[2026-04-09T10:49:50.566+0000] {logging_mixin.py:188} INFO - [2026-04-09T10:49:50.566+0000] {dagbag.py:538} INFO - Filling up the DagBag from /home/airflow/.local/lib/python3.8/site-packages/airflow/example_dags/example_python_decorator.py
[2026-04-09T10:49:50.576+0000] {processor.py:840} INFO - DAG(s) 'example_python_decorator' retrieved from /home/airflow/.local/lib/python3.8/site-packages/airflow/example_dags/example_python_decorator.py
[2026-04-09T10:49:50.599+0000] {logging_mixin.py:188} INFO - [2026-04-09T10:49:50.599+0000] {dag.py:3033} INFO - Sync 1 DAGs
[2026-04-09T10:49:50.613+0000] {logging_mixin.py:188} INFO - [2026-04-09T10:49:50.613+0000] {dag.py:3820} INFO - Setting next_dagrun for example_python_decorator to None, run_after=None
[2026-04-09T10:49:50.630+0000] {processor.py:183} INFO - Processing /home/airflow/.local/lib/python3.8/site-packages/airflow/example_dags/example_python_decorator.py took 0.070 seconds
[2026-04-09T10:50:21.312+0000] {processor.py:161} INFO - Started process (PID=2964) to work on /home/airflow/.local/lib/python3.8/site-packages/airflow/example_dags/example_python_decorator.py
[2026-04-09T10:50:21.315+0000] {processor.py:830} INFO - Processing file /home/airflow/.local/lib/python3.8/site-packages/airflow/example_dags/example_python_decorator.py for tasks to queue
[2026-04-09T10:50:21.319+0000] {logging_mixin.py:188} INFO - [2026-04-09T10:50:21.318+0000] {dagbag.py:538} INFO - Filling up the DagBag from /home/airflow/.local/lib/python3.8/site-packages/airflow/example_dags/example_python_decorator.py
[2026-04-09T10:50:21.341+0000] {processor.py:840} INFO - DAG(s) 'example_python_decorator' retrieved from /home/airflow/.local/lib/python3.8/site-packages/airflow/example_dags/example_python_decorator.py
[2026-04-09T10:50:21.369+0000] {logging_mixin.py:188} INFO - [2026-04-09T10:50:21.369+0000] {dag.py:3033} INFO - Sync 1 DAGs
[2026-04-09T10:50:21.383+0000] {logging_mixin.py:188} INFO - [2026-04-09T10:50:21.383+0000] {dag.py:3820} INFO - Setting next_dagrun for example_python_decorator to None, run_after=None
[2026-04-09T10:50:21.404+0000] {processor.py:183} INFO - Processing /home/airflow/.local/lib/python3.8/site-packages/airflow/example_dags/example_python_decorator.py took 0.097 seconds
[2026-04-09T10:50:52.284+0000] {processor.py:161} INFO - Started process (PID=3025) to work on /home/airflow/.local/lib/python3.8/site-packages/airflow/example_dags/example_python_decorator.py
[2026-04-09T10:50:52.299+0000] {processor.py:830} INFO - Processing file /home/airflow/.local/lib/python3.8/site-packages/airflow/example_dags/example_python_decorator.py for tasks to queue
[2026-04-09T10:50:52.308+0000] {logging_mixin.py:188} INFO - [2026-04-09T10:50:52.307+0000] {dagbag.py:538} INFO - Filling up the DagBag from /home/airflow/.local/lib/python3.8/site-packages/airflow/example_dags/example_python_decorator.py
[2026-04-09T10:50:52.345+0000] {processor.py:840} INFO - DAG(s) 'example_python_decorator' retrieved from /home/airflow/.local/lib/python3.8/site-packages/airflow/example_dags/example_python_decorator.py
[2026-04-09T10:50:52.369+0000] {logging_mixin.py:188} INFO - [2026-04-09T10:50:52.369+0000] {dag.py:3033} INFO - Sync 1 DAGs
[2026-04-09T10:50:52.409+0000] {logging_mixin.py:188} INFO - [2026-04-09T10:50:52.409+0000] {dag.py:3820} INFO - Setting next_dagrun for example_python_decorator to None, run_after=None
[2026-04-09T10:50:52.459+0000] {processor.py:183} INFO - Processing /home/airflow/.local/lib/python3.8/site-packages/airflow/example_dags/example_python_decorator.py took 0.191 seconds
[2026-04-09T10:51:23.424+0000] {processor.py:161} INFO - Started process (PID=3086) to work on /home/airflow/.local/lib/python3.8/site-packages/airflow/example_dags/example_python_decorator.py
[2026-04-09T10:51:23.426+0000] {processor.py:830} INFO - Processing file /home/airflow/.local/lib/python3.8/site-packages/airflow/example_dags/example_python_decorator.py for tasks to queue
[2026-04-09T10:51:23.430+0000] {logging_mixin.py:188} INFO - [2026-04-09T10:51:23.429+0000] {dagbag.py:538} INFO - Filling up the DagBag from /home/airflow/.local/lib/python3.8/site-packages/airflow/example_dags/example_python_decorator.py
[2026-04-09T10:51:23.442+0000] {processor.py:840} INFO - DAG(s) 'example_python_decorator' retrieved from /home/airflow/.local/lib/python3.8/site-packages/airflow/example_dags/example_python_decorator.py
[2026-04-09T10:51:23.473+0000] {logging_mixin.py:188} INFO - [2026-04-09T10:51:23.473+0000] {dag.py:3033} INFO - Sync 1 DAGs
[2026-04-09T10:51:23.489+0000] {logging_mixin.py:188} INFO - [2026-04-09T10:51:23.488+0000] {dag.py:3820} INFO - Setting next_dagrun for example_python_decorator to None, run_after=None
[2026-04-09T10:51:23.511+0000] {processor.py:183} INFO - Processing /home/airflow/.local/lib/python3.8/site-packages/airflow/example_dags/example_python_decorator.py took 0.091 seconds
[2026-04-09T10:51:54.316+0000] {processor.py:161} INFO - Started process (PID=3147) to work on /home/airflow/.local/lib/python3.8/site-packages/airflow/example_dags/example_python_decorator.py
[2026-04-09T10:51:54.316+0000] {processor.py:830} INFO - Processing file /home/airflow/.local/lib/python3.8/site-packages/airflow/example_dags/example_python_decorator.py for tasks to queue
[2026-04-09T10:51:54.318+0000] {logging_mixin.py:188} INFO - [2026-04-09T10:51:54.318+0000] {dagbag.py:538} INFO - Filling up the DagBag from /home/airflow/.local/lib/python3.8/site-packages/airflow/example_dags/example_python_decorator.py
[2026-04-09T10:51:54.325+0000] {processor.py:840} INFO - DAG(s) 'example_python_decorator' retrieved from /home/airflow/.local/lib/python3.8/site-packages/airflow/example_dags/example_python_decorator.py
[2026-04-09T10:51:54.342+0000] {logging_mixin.py:188} INFO - [2026-04-09T10:51:54.342+0000] {dag.py:3033} INFO - Sync 1 DAGs
[2026-04-09T10:51:54.352+0000] {logging_mixin.py:188} INFO - [2026-04-09T10:51:54.351+0000] {dag.py:3820} INFO - Setting next_dagrun for example_python_decorator to None, run_after=None
[2026-04-09T10:51:54.370+0000] {processor.py:183} INFO - Processing /home/airflow/.local/lib/python3.8/site-packages/airflow/example_dags/example_python_decorator.py took 0.057 seconds
[2026-04-09T10:52:25.266+0000] {processor.py:161} INFO - Started process (PID=3208) to work on /home/airflow/.local/lib/python3.8/site-packages/airflow/example_dags/example_python_decorator.py
[2026-04-09T10:52:25.267+0000] {processor.py:830} INFO - Processing file /home/airflow/.local/lib/python3.8/site-packages/airflow/example_dags/example_python_decorator.py for tasks to queue
[2026-04-09T10:52:25.269+0000] {logging_mixin.py:188} INFO - [2026-04-09T10:52:25.269+0000] {dagbag.py:538} INFO - Filling up the DagBag from /home/airflow/.local/lib/python3.8/site-packages/airflow/example_dags/example_python_decorator.py
[2026-04-09T10:52:25.276+0000] {processor.py:840} INFO - DAG(s) 'example_python_decorator' retrieved from /home/airflow/.local/lib/python3.8/site-packages/airflow/example_dags/example_python_decorator.py
[2026-04-09T10:52:25.293+0000] {logging_mixin.py:188} INFO - [2026-04-09T10:52:25.293+0000] {dag.py:3033} INFO - Sync 1 DAGs
[2026-04-09T10:52:25.302+0000] {logging_mixin.py:188} INFO - [2026-04-09T10:52:25.302+0000] {dag.py:3820} INFO - Setting next_dagrun for example_python_decorator to None, run_after=None
[2026-04-09T10:52:25.317+0000] {processor.py:183} INFO - Processing /home/airflow/.local/lib/python3.8/site-packages/airflow/example_dags/example_python_decorator.py took 0.054 seconds
[2026-04-09T10:52:55.644+0000] {processor.py:161} INFO - Started process (PID=3269) to work on /home/airflow/.local/lib/python3.8/site-packages/airflow/example_dags/example_python_decorator.py
[2026-04-09T10:52:55.645+0000] {processor.py:830} INFO - Processing file /home/airflow/.local/lib/python3.8/site-packages/airflow/example_dags/example_python_decorator.py for tasks to queue
[2026-04-09T10:52:55.646+0000] {logging_mixin.py:188} INFO - [2026-04-09T10:52:55.646+0000] {dagbag.py:538} INFO - Filling up the DagBag from /home/airflow/.local/lib/python3.8/site-packages/airflow/example_dags/example_python_decorator.py
[2026-04-09T10:52:55.654+0000] {processor.py:840} INFO - DAG(s) 'example_python_decorator' retrieved from /home/airflow/.local/lib/python3.8/site-packages/airflow/example_dags/example_python_decorator.py
[2026-04-09T10:52:55.671+0000] {logging_mixin.py:188} INFO - [2026-04-09T10:52:55.671+0000] {dag.py:3033} INFO - Sync 1 DAGs
[2026-04-09T10:52:55.681+0000] {logging_mixin.py:188} INFO - [2026-04-09T10:52:55.680+0000] {dag.py:3820} INFO - Setting next_dagrun for example_python_decorator to None, run_after=None
[2026-04-09T10:52:55.694+0000] {processor.py:183} INFO - Processing /home/airflow/.local/lib/python3.8/site-packages/airflow/example_dags/example_python_decorator.py took 0.053 seconds
[2026-04-09T10:53:26.133+0000] {processor.py:161} INFO - Started process (PID=3330) to work on /home/airflow/.local/lib/python3.8/site-packages/airflow/example_dags/example_python_decorator.py
[2026-04-09T10:53:26.134+0000] {processor.py:830} INFO - Processing file /home/airflow/.local/lib/python3.8/site-packages/airflow/example_dags/example_python_decorator.py for tasks to queue
[2026-04-09T10:53:26.137+0000] {logging_mixin.py:188} INFO - [2026-04-09T10:53:26.137+0000] {dagbag.py:538} INFO - Filling up the DagBag from /home/airflow/.local/lib/python3.8/site-packages/airflow/example_dags/example_python_decorator.py
[2026-04-09T10:53:26.148+0000] {processor.py:840} INFO - DAG(s) 'example_python_decorator' retrieved from /home/airflow/.local/lib/python3.8/site-packages/airflow/example_dags/example_python_decorator.py
[2026-04-09T10:53:26.172+0000] {logging_mixin.py:188} INFO - [2026-04-09T10:53:26.172+0000] {dag.py:3033} INFO - Sync 1 DAGs
[2026-04-09T10:53:26.185+0000] {logging_mixin.py:188} INFO - [2026-04-09T10:53:26.185+0000] {dag.py:3820} INFO - Setting next_dagrun for example_python_decorator to None, run_after=None
[2026-04-09T10:53:26.203+0000] {processor.py:183} INFO - Processing /home/airflow/.local/lib/python3.8/site-packages/airflow/example_dags/example_python_decorator.py took 0.073 seconds
[2026-04-09T10:53:56.267+0000] {processor.py:161} INFO - Started process (PID=3391) to work on /home/airflow/.local/lib/python3.8/site-packages/airflow/example_dags/example_python_decorator.py
[2026-04-09T10:53:56.268+0000] {processor.py:830} INFO - Processing file /home/airflow/.local/lib/python3.8/site-packages/airflow/example_dags/example_python_decorator.py for tasks to queue
[2026-04-09T10:53:56.270+0000] {logging_mixin.py:188} INFO - [2026-04-09T10:53:56.270+0000] {dagbag.py:538} INFO - Filling up the DagBag from /home/airflow/.local/lib/python3.8/site-packages/airflow/example_dags/example_python_decorator.py
[2026-04-09T10:53:56.277+0000] {processor.py:840} INFO - DAG(s) 'example_python_decorator' retrieved from /home/airflow/.local/lib/python3.8/site-packages/airflow/example_dags/example_python_decorator.py
[2026-04-09T10:53:56.299+0000] {logging_mixin.py:188} INFO - [2026-04-09T10:53:56.299+0000] {dag.py:3033} INFO - Sync 1 DAGs
[2026-04-09T10:53:56.308+0000] {logging_mixin.py:188} INFO - [2026-04-09T10:53:56.308+0000] {dag.py:3820} INFO - Setting next_dagrun for example_python_decorator to None, run_after=None
[2026-04-09T10:53:56.321+0000] {processor.py:183} INFO - Processing /home/airflow/.local/lib/python3.8/site-packages/airflow/example_dags/example_python_decorator.py took 0.057 seconds
[2026-04-09T10:54:26.491+0000] {processor.py:161} INFO - Started process (PID=3452) to work on /home/airflow/.local/lib/python3.8/site-packages/airflow/example_dags/example_python_decorator.py
[2026-04-09T10:54:26.492+0000] {processor.py:830} INFO - Processing file /home/airflow/.local/lib/python3.8/site-packages/airflow/example_dags/example_python_decorator.py for tasks to queue
[2026-04-09T10:54:26.494+0000] {logging_mixin.py:188} INFO - [2026-04-09T10:54:26.494+0000] {dagbag.py:538} INFO - Filling up the DagBag from /home/airflow/.local/lib/python3.8/site-packages/airflow/example_dags/example_python_decorator.py
[2026-04-09T10:54:26.504+0000] {processor.py:840} INFO - DAG(s) 'example_python_decorator' retrieved from /home/airflow/.local/lib/python3.8/site-packages/airflow/example_dags/example_python_decorator.py
[2026-04-09T10:54:26.520+0000] {logging_mixin.py:188} INFO - [2026-04-09T10:54:26.520+0000] {dag.py:3033} INFO - Sync 1 DAGs
[2026-04-09T10:54:26.529+0000] {logging_mixin.py:188} INFO - [2026-04-09T10:54:26.529+0000] {dag.py:3820} INFO - Setting next_dagrun for example_python_decorator to None, run_after=None
[2026-04-09T10:54:26.544+0000] {processor.py:183} INFO - Processing /home/airflow/.local/lib/python3.8/site-packages/airflow/example_dags/example_python_decorator.py took 0.057 seconds
[2026-04-09T10:54:57.077+0000] {processor.py:161} INFO - Started process (PID=3513) to work on /home/airflow/.local/lib/python3.8/site-packages/airflow/example_dags/example_python_decorator.py
[2026-04-09T10:54:57.077+0000] {processor.py:830} INFO - Processing file /home/airflow/.local/lib/python3.8/site-packages/airflow/example_dags/example_python_decorator.py for tasks to queue
[2026-04-09T10:54:57.079+0000] {logging_mixin.py:188} INFO - [2026-04-09T10:54:57.079+0000] {dagbag.py:538} INFO - Filling up the DagBag from /home/airflow/.local/lib/python3.8/site-packages/airflow/example_dags/example_python_decorator.py
[2026-04-09T10:54:57.086+0000] {processor.py:840} INFO - DAG(s) 'example_python_decorator' retrieved from /home/airflow/.local/lib/python3.8/site-packages/airflow/example_dags/example_python_decorator.py
[2026-04-09T10:54:57.103+0000] {logging_mixin.py:188} INFO - [2026-04-09T10:54:57.103+0000] {dag.py:3033} INFO - Sync 1 DAGs
[2026-04-09T10:54:57.112+0000] {logging_mixin.py:188} INFO - [2026-04-09T10:54:57.112+0000] {dag.py:3820} INFO - Setting next_dagrun for example_python_decorator to None, run_after=None
[2026-04-09T10:54:57.132+0000] {processor.py:183} INFO - Processing /home/airflow/.local/lib/python3.8/site-packages/airflow/example_dags/example_python_decorator.py took 0.058 seconds
[2026-04-09T10:55:28.055+0000] {processor.py:161} INFO - Started process (PID=3574) to work on /home/airflow/.local/lib/python3.8/site-packages/airflow/example_dags/example_python_decorator.py
[2026-04-09T10:55:28.056+0000] {processor.py:830} INFO - Processing file /home/airflow/.local/lib/python3.8/site-packages/airflow/example_dags/example_python_decorator.py for tasks to queue
[2026-04-09T10:55:28.058+0000] {logging_mixin.py:188} INFO - [2026-04-09T10:55:28.057+0000] {dagbag.py:538} INFO - Filling up the DagBag from /home/airflow/.local/lib/python3.8/site-packages/airflow/example_dags/example_python_decorator.py
[2026-04-09T10:55:28.065+0000] {processor.py:840} INFO - DAG(s) 'example_python_decorator' retrieved from /home/airflow/.local/lib/python3.8/site-packages/airflow/example_dags/example_python_decorator.py
[2026-04-09T10:55:28.088+0000] {logging_mixin.py:188} INFO - [2026-04-09T10:55:28.088+0000] {dag.py:3033} INFO - Sync 1 DAGs
[2026-04-09T10:55:28.097+0000] {logging_mixin.py:188} INFO - [2026-04-09T10:55:28.097+0000] {dag.py:3820} INFO - Setting next_dagrun for example_python_decorator to None, run_after=None
[2026-04-09T10:55:28.112+0000] {processor.py:183} INFO - Processing /home/airflow/.local/lib/python3.8/site-packages/airflow/example_dags/example_python_decorator.py took 0.059 seconds
[2026-04-09T10:55:58.457+0000] {processor.py:161} INFO - Started process (PID=3635) to work on /home/airflow/.local/lib/python3.8/site-packages/airflow/example_dags/example_python_decorator.py
[2026-04-09T10:55:58.458+0000] {processor.py:830} INFO - Processing file /home/airflow/.local/lib/python3.8/site-packages/airflow/example_dags/example_python_decorator.py for tasks to queue
[2026-04-09T10:55:58.459+0000] {logging_mixin.py:188} INFO - [2026-04-09T10:55:58.459+0000] {dagbag.py:538} INFO - Filling up the DagBag from /home/airflow/.local/lib/python3.8/site-packages/airflow/example_dags/example_python_decorator.py
[2026-04-09T10:55:58.467+0000] {processor.py:840} INFO - DAG(s) 'example_python_decorator' retrieved from /home/airflow/.local/lib/python3.8/site-packages/airflow/example_dags/example_python_decorator.py
[2026-04-09T10:55:58.485+0000] {logging_mixin.py:188} INFO - [2026-04-09T10:55:58.484+0000] {dag.py:3033} INFO - Sync 1 DAGs
[2026-04-09T10:55:58.494+0000] {logging_mixin.py:188} INFO - [2026-04-09T10:55:58.494+0000] {dag.py:3820} INFO - Setting next_dagrun for example_python_decorator to None, run_after=None
[2026-04-09T10:55:58.508+0000] {processor.py:183} INFO - Processing /home/airflow/.local/lib/python3.8/site-packages/airflow/example_dags/example_python_decorator.py took 0.054 seconds
[2026-04-09T10:56:28.712+0000] {processor.py:161} INFO - Started process (PID=3696) to work on /home/airflow/.local/lib/python3.8/site-packages/airflow/example_dags/example_python_decorator.py
[2026-04-09T10:56:28.713+0000] {processor.py:830} INFO - Processing file /home/airflow/.local/lib/python3.8/site-packages/airflow/example_dags/example_python_decorator.py for tasks to queue
[2026-04-09T10:56:28.715+0000] {logging_mixin.py:188} INFO - [2026-04-09T10:56:28.714+0000] {dagbag.py:538} INFO - Filling up the DagBag from /home/airflow/.local/lib/python3.8/site-packages/airflow/example_dags/example_python_decorator.py
[2026-04-09T10:56:28.724+0000] {processor.py:840} INFO - DAG(s) 'example_python_decorator' retrieved from /home/airflow/.local/lib/python3.8/site-packages/airflow/example_dags/example_python_decorator.py
[2026-04-09T10:56:28.741+0000] {logging_mixin.py:188} INFO - [2026-04-09T10:56:28.740+0000] {dag.py:3033} INFO - Sync 1 DAGs
[2026-04-09T10:56:28.750+0000] {logging_mixin.py:188} INFO - [2026-04-09T10:56:28.750+0000] {dag.py:3820} INFO - Setting next_dagrun for example_python_decorator to None, run_after=None
[2026-04-09T10:56:28.763+0000] {processor.py:183} INFO - Processing /home/airflow/.local/lib/python3.8/site-packages/airflow/example_dags/example_python_decorator.py took 0.055 seconds
[2026-04-09T10:56:59.207+0000] {processor.py:161} INFO - Started process (PID=3757) to work on /home/airflow/.local/lib/python3.8/site-packages/airflow/example_dags/example_python_decorator.py
[2026-04-09T10:56:59.208+0000] {processor.py:830} INFO - Processing file /home/airflow/.local/lib/python3.8/site-packages/airflow/example_dags/example_python_decorator.py for tasks to queue
[2026-04-09T10:56:59.209+0000] {logging_mixin.py:188} INFO - [2026-04-09T10:56:59.209+0000] {dagbag.py:538} INFO - Filling up the DagBag from /home/airflow/.local/lib/python3.8/site-packages/airflow/example_dags/example_python_decorator.py
[2026-04-09T10:56:59.217+0000] {processor.py:840} INFO - DAG(s) 'example_python_decorator' retrieved from /home/airflow/.local/lib/python3.8/site-packages/airflow/example_dags/example_python_decorator.py
[2026-04-09T10:56:59.234+0000] {logging_mixin.py:188} INFO - [2026-04-09T10:56:59.233+0000] {dag.py:3033} INFO - Sync 1 DAGs
[2026-04-09T10:56:59.243+0000] {logging_mixin.py:188} INFO - [2026-04-09T10:56:59.243+0000] {dag.py:3820} INFO - Setting next_dagrun for example_python_decorator to None, run_after=None
[2026-04-09T10:56:59.257+0000] {processor.py:183} INFO - Processing /home/airflow/.local/lib/python3.8/site-packages/airflow/example_dags/example_python_decorator.py took 0.053 seconds
[2026-04-09T10:57:29.472+0000] {processor.py:161} INFO - Started process (PID=3818) to work on /home/airflow/.local/lib/python3.8/site-packages/airflow/example_dags/example_python_decorator.py
[2026-04-09T10:57:29.473+0000] {processor.py:830} INFO - Processing file /home/airflow/.local/lib/python3.8/site-packages/airflow/example_dags/example_python_decorator.py for tasks to queue
[2026-04-09T10:57:29.475+0000] {logging_mixin.py:188} INFO - [2026-04-09T10:57:29.475+0000] {dagbag.py:538} INFO - Filling up the DagBag from /home/airflow/.local/lib/python3.8/site-packages/airflow/example_dags/example_python_decorator.py
[2026-04-09T10:57:29.484+0000] {processor.py:840} INFO - DAG(s) 'example_python_decorator' retrieved from /home/airflow/.local/lib/python3.8/site-packages/airflow/example_dags/example_python_decorator.py
[2026-04-09T10:57:29.501+0000] {logging_mixin.py:188} INFO - [2026-04-09T10:57:29.501+0000] {dag.py:3033} INFO - Sync 1 DAGs
[2026-04-09T10:57:29.510+0000] {logging_mixin.py:188} INFO - [2026-04-09T10:57:29.510+0000] {dag.py:3820} INFO - Setting next_dagrun for example_python_decorator to None, run_after=None
[2026-04-09T10:57:29.524+0000] {processor.py:183} INFO - Processing /home/airflow/.local/lib/python3.8/site-packages/airflow/example_dags/example_python_decorator.py took 0.054 seconds
[2026-04-09T10:57:59.717+0000] {processor.py:161} INFO - Started process (PID=3879) to work on /home/airflow/.local/lib/python3.8/site-packages/airflow/example_dags/example_python_decorator.py
[2026-04-09T10:57:59.718+0000] {processor.py:830} INFO - Processing file /home/airflow/.local/lib/python3.8/site-packages/airflow/example_dags/example_python_decorator.py for tasks to queue
[2026-04-09T10:57:59.719+0000] {logging_mixin.py:188} INFO - [2026-04-09T10:57:59.719+0000] {dagbag.py:538} INFO - Filling up the DagBag from /home/airflow/.local/lib/python3.8/site-packages/airflow/example_dags/example_python_decorator.py
[2026-04-09T10:57:59.726+0000] {processor.py:840} INFO - DAG(s) 'example_python_decorator' retrieved from /home/airflow/.local/lib/python3.8/site-packages/airflow/example_dags/example_python_decorator.py
[2026-04-09T10:57:59.743+0000] {logging_mixin.py:188} INFO - [2026-04-09T10:57:59.743+0000] {dag.py:3033} INFO - Sync 1 DAGs
[2026-04-09T10:57:59.754+0000] {logging_mixin.py:188} INFO - [2026-04-09T10:57:59.753+0000] {dag.py:3820} INFO - Setting next_dagrun for example_python_decorator to None, run_after=None
[2026-04-09T10:57:59.767+0000] {processor.py:183} INFO - Processing /home/airflow/.local/lib/python3.8/site-packages/airflow/example_dags/example_python_decorator.py took 0.053 seconds
[2026-04-09T10:58:30.001+0000] {processor.py:161} INFO - Started process (PID=3940) to work on /home/airflow/.local/lib/python3.8/site-packages/airflow/example_dags/example_python_decorator.py
[2026-04-09T10:58:30.001+0000] {processor.py:830} INFO - Processing file /home/airflow/.local/lib/python3.8/site-packages/airflow/example_dags/example_python_decorator.py for tasks to queue
[2026-04-09T10:58:30.003+0000] {logging_mixin.py:188} INFO - [2026-04-09T10:58:30.003+0000] {dagbag.py:538} INFO - Filling up the DagBag from /home/airflow/.local/lib/python3.8/site-packages/airflow/example_dags/example_python_decorator.py
[2026-04-09T10:58:30.011+0000] {processor.py:840} INFO - DAG(s) 'example_python_decorator' retrieved from /home/airflow/.local/lib/python3.8/site-packages/airflow/example_dags/example_python_decorator.py
[2026-04-09T10:58:30.028+0000] {logging_mixin.py:188} INFO - [2026-04-09T10:58:30.028+0000] {dag.py:3033} INFO - Sync 1 DAGs
[2026-04-09T10:58:30.037+0000] {logging_mixin.py:188} INFO - [2026-04-09T10:58:30.037+0000] {dag.py:3820} INFO - Setting next_dagrun for example_python_decorator to None, run_after=None
[2026-04-09T10:58:30.051+0000] {processor.py:183} INFO - Processing /home/airflow/.local/lib/python3.8/site-packages/airflow/example_dags/example_python_decorator.py took 0.053 seconds
[2026-04-09T12:02:51.106+0000] {processor.py:161} INFO - Started process (PID=86) to work on /home/airflow/.local/lib/python3.8/site-packages/airflow/example_dags/example_python_decorator.py
[2026-04-09T12:02:51.110+0000] {processor.py:830} INFO - Processing file /home/airflow/.local/lib/python3.8/site-packages/airflow/example_dags/example_python_decorator.py for tasks to queue
[2026-04-09T12:02:51.115+0000] {logging_mixin.py:188} INFO - [2026-04-09T12:02:51.115+0000] {dagbag.py:538} INFO - Filling up the DagBag from /home/airflow/.local/lib/python3.8/site-packages/airflow/example_dags/example_python_decorator.py
[2026-04-09T12:02:51.142+0000] {processor.py:840} INFO - DAG(s) 'example_python_decorator' retrieved from /home/airflow/.local/lib/python3.8/site-packages/airflow/example_dags/example_python_decorator.py
[2026-04-09T12:02:51.202+0000] {logging_mixin.py:188} INFO - [2026-04-09T12:02:51.202+0000] {dag.py:3033} INFO - Sync 1 DAGs
[2026-04-09T12:02:51.232+0000] {logging_mixin.py:188} INFO - [2026-04-09T12:02:51.232+0000] {dag.py:3820} INFO - Setting next_dagrun for example_python_decorator to None, run_after=None
[2026-04-09T12:02:51.277+0000] {processor.py:183} INFO - Processing /home/airflow/.local/lib/python3.8/site-packages/airflow/example_dags/example_python_decorator.py took 0.178 seconds
[2026-04-09T12:03:21.355+0000] {processor.py:161} INFO - Started process (PID=147) to work on /home/airflow/.local/lib/python3.8/site-packages/airflow/example_dags/example_python_decorator.py
[2026-04-09T12:03:21.356+0000] {processor.py:830} INFO - Processing file /home/airflow/.local/lib/python3.8/site-packages/airflow/example_dags/example_python_decorator.py for tasks to queue
[2026-04-09T12:03:21.358+0000] {logging_mixin.py:188} INFO - [2026-04-09T12:03:21.358+0000] {dagbag.py:538} INFO - Filling up the DagBag from /home/airflow/.local/lib/python3.8/site-packages/airflow/example_dags/example_python_decorator.py
[2026-04-09T12:03:21.369+0000] {processor.py:840} INFO - DAG(s) 'example_python_decorator' retrieved from /home/airflow/.local/lib/python3.8/site-packages/airflow/example_dags/example_python_decorator.py
[2026-04-09T12:03:21.392+0000] {logging_mixin.py:188} INFO - [2026-04-09T12:03:21.392+0000] {dag.py:3033} INFO - Sync 1 DAGs
[2026-04-09T12:03:21.405+0000] {logging_mixin.py:188} INFO - [2026-04-09T12:03:21.405+0000] {dag.py:3820} INFO - Setting next_dagrun for example_python_decorator to None, run_after=None
[2026-04-09T12:03:21.418+0000] {processor.py:183} INFO - Processing /home/airflow/.local/lib/python3.8/site-packages/airflow/example_dags/example_python_decorator.py took 0.066 seconds
[2026-04-09T12:03:51.641+0000] {processor.py:161} INFO - Started process (PID=208) to work on /home/airflow/.local/lib/python3.8/site-packages/airflow/example_dags/example_python_decorator.py
[2026-04-09T12:03:51.642+0000] {processor.py:830} INFO - Processing file /home/airflow/.local/lib/python3.8/site-packages/airflow/example_dags/example_python_decorator.py for tasks to queue
[2026-04-09T12:03:51.644+0000] {logging_mixin.py:188} INFO - [2026-04-09T12:03:51.644+0000] {dagbag.py:538} INFO - Filling up the DagBag from /home/airflow/.local/lib/python3.8/site-packages/airflow/example_dags/example_python_decorator.py
[2026-04-09T12:03:51.655+0000] {processor.py:840} INFO - DAG(s) 'example_python_decorator' retrieved from /home/airflow/.local/lib/python3.8/site-packages/airflow/example_dags/example_python_decorator.py
[2026-04-09T12:03:51.680+0000] {logging_mixin.py:188} INFO - [2026-04-09T12:03:51.679+0000] {dag.py:3033} INFO - Sync 1 DAGs
[2026-04-09T12:03:51.693+0000] {logging_mixin.py:188} INFO - [2026-04-09T12:03:51.693+0000] {dag.py:3820} INFO - Setting next_dagrun for example_python_decorator to None, run_after=None
[2026-04-09T12:03:51.707+0000] {processor.py:183} INFO - Processing /home/airflow/.local/lib/python3.8/site-packages/airflow/example_dags/example_python_decorator.py took 0.070 seconds
[2026-04-09T12:04:21.996+0000] {processor.py:161} INFO - Started process (PID=269) to work on /home/airflow/.local/lib/python3.8/site-packages/airflow/example_dags/example_python_decorator.py
[2026-04-09T12:04:21.996+0000] {processor.py:830} INFO - Processing file /home/airflow/.local/lib/python3.8/site-packages/airflow/example_dags/example_python_decorator.py for tasks to queue
[2026-04-09T12:04:21.998+0000] {logging_mixin.py:188} INFO - [2026-04-09T12:04:21.998+0000] {dagbag.py:538} INFO - Filling up the DagBag from /home/airflow/.local/lib/python3.8/site-packages/airflow/example_dags/example_python_decorator.py
[2026-04-09T12:04:22.009+0000] {processor.py:840} INFO - DAG(s) 'example_python_decorator' retrieved from /home/airflow/.local/lib/python3.8/site-packages/airflow/example_dags/example_python_decorator.py
[2026-04-09T12:04:22.034+0000] {logging_mixin.py:188} INFO - [2026-04-09T12:04:22.034+0000] {dag.py:3033} INFO - Sync 1 DAGs
[2026-04-09T12:04:22.047+0000] {logging_mixin.py:188} INFO - [2026-04-09T12:04:22.047+0000] {dag.py:3820} INFO - Setting next_dagrun for example_python_decorator to None, run_after=None
[2026-04-09T12:04:22.061+0000] {processor.py:183} INFO - Processing /home/airflow/.local/lib/python3.8/site-packages/airflow/example_dags/example_python_decorator.py took 0.068 seconds
[2026-04-09T12:04:52.322+0000] {processor.py:161} INFO - Started process (PID=330) to work on /home/airflow/.local/lib/python3.8/site-packages/airflow/example_dags/example_python_decorator.py
[2026-04-09T12:04:52.323+0000] {processor.py:830} INFO - Processing file /home/airflow/.local/lib/python3.8/site-packages/airflow/example_dags/example_python_decorator.py for tasks to queue
[2026-04-09T12:04:52.325+0000] {logging_mixin.py:188} INFO - [2026-04-09T12:04:52.324+0000] {dagbag.py:538} INFO - Filling up the DagBag from /home/airflow/.local/lib/python3.8/site-packages/airflow/example_dags/example_python_decorator.py
[2026-04-09T12:04:52.335+0000] {processor.py:840} INFO - DAG(s) 'example_python_decorator' retrieved from /home/airflow/.local/lib/python3.8/site-packages/airflow/example_dags/example_python_decorator.py
[2026-04-09T12:04:52.359+0000] {logging_mixin.py:188} INFO - [2026-04-09T12:04:52.359+0000] {dag.py:3033} INFO - Sync 1 DAGs
[2026-04-09T12:04:52.382+0000] {logging_mixin.py:188} INFO - [2026-04-09T12:04:52.382+0000] {dag.py:3820} INFO - Setting next_dagrun for example_python_decorator to None, run_after=None
[2026-04-09T12:04:52.400+0000] {processor.py:183} INFO - Processing /home/airflow/.local/lib/python3.8/site-packages/airflow/example_dags/example_python_decorator.py took 0.082 seconds
[2026-04-09T12:05:22.835+0000] {processor.py:161} INFO - Started process (PID=391) to work on /home/airflow/.local/lib/python3.8/site-packages/airflow/example_dags/example_python_decorator.py
[2026-04-09T12:05:22.838+0000] {processor.py:830} INFO - Processing file /home/airflow/.local/lib/python3.8/site-packages/airflow/example_dags/example_python_decorator.py for tasks to queue
[2026-04-09T12:05:22.841+0000] {logging_mixin.py:188} INFO - [2026-04-09T12:05:22.841+0000] {dagbag.py:538} INFO - Filling up the DagBag from /home/airflow/.local/lib/python3.8/site-packages/airflow/example_dags/example_python_decorator.py
[2026-04-09T12:05:22.862+0000] {processor.py:840} INFO - DAG(s) 'example_python_decorator' retrieved from /home/airflow/.local/lib/python3.8/site-packages/airflow/example_dags/example_python_decorator.py
[2026-04-09T12:05:22.884+0000] {logging_mixin.py:188} INFO - [2026-04-09T12:05:22.884+0000] {dag.py:3033} INFO - Sync 1 DAGs
[2026-04-09T12:05:22.894+0000] {logging_mixin.py:188} INFO - [2026-04-09T12:05:22.894+0000] {dag.py:3820} INFO - Setting next_dagrun for example_python_decorator to None, run_after=None
[2026-04-09T12:05:22.907+0000] {processor.py:183} INFO - Processing /home/airflow/.local/lib/python3.8/site-packages/airflow/example_dags/example_python_decorator.py took 0.081 seconds
[2026-04-09T12:05:53.075+0000] {processor.py:161} INFO - Started process (PID=452) to work on /home/airflow/.local/lib/python3.8/site-packages/airflow/example_dags/example_python_decorator.py
[2026-04-09T12:05:53.079+0000] {processor.py:830} INFO - Processing file /home/airflow/.local/lib/python3.8/site-packages/airflow/example_dags/example_python_decorator.py for tasks to queue
[2026-04-09T12:05:53.082+0000] {logging_mixin.py:188} INFO - [2026-04-09T12:05:53.081+0000] {dagbag.py:538} INFO - Filling up the DagBag from /home/airflow/.local/lib/python3.8/site-packages/airflow/example_dags/example_python_decorator.py
[2026-04-09T12:05:53.092+0000] {processor.py:840} INFO - DAG(s) 'example_python_decorator' retrieved from /home/airflow/.local/lib/python3.8/site-packages/airflow/example_dags/example_python_decorator.py
[2026-04-09T12:05:53.111+0000] {logging_mixin.py:188} INFO - [2026-04-09T12:05:53.111+0000] {dag.py:3033} INFO - Sync 1 DAGs
[2026-04-09T12:05:53.120+0000] {logging_mixin.py:188} INFO - [2026-04-09T12:05:53.120+0000] {dag.py:3820} INFO - Setting next_dagrun for example_python_decorator to None, run_after=None
[2026-04-09T12:05:53.133+0000] {processor.py:183} INFO - Processing /home/airflow/.local/lib/python3.8/site-packages/airflow/example_dags/example_python_decorator.py took 0.065 seconds
[2026-04-09T12:06:23.612+0000] {processor.py:161} INFO - Started process (PID=513) to work on /home/airflow/.local/lib/python3.8/site-packages/airflow/example_dags/example_python_decorator.py
[2026-04-09T12:06:23.612+0000] {processor.py:830} INFO - Processing file /home/airflow/.local/lib/python3.8/site-packages/airflow/example_dags/example_python_decorator.py for tasks to queue
[2026-04-09T12:06:23.614+0000] {logging_mixin.py:188} INFO - [2026-04-09T12:06:23.614+0000] {dagbag.py:538} INFO - Filling up the DagBag from /home/airflow/.local/lib/python3.8/site-packages/airflow/example_dags/example_python_decorator.py
[2026-04-09T12:06:23.621+0000] {processor.py:840} INFO - DAG(s) 'example_python_decorator' retrieved from /home/airflow/.local/lib/python3.8/site-packages/airflow/example_dags/example_python_decorator.py
[2026-04-09T12:06:23.638+0000] {logging_mixin.py:188} INFO - [2026-04-09T12:06:23.637+0000] {dag.py:3033} INFO - Sync 1 DAGs
[2026-04-09T12:06:23.647+0000] {logging_mixin.py:188} INFO - [2026-04-09T12:06:23.647+0000] {dag.py:3820} INFO - Setting next_dagrun for example_python_decorator to None, run_after=None
[2026-04-09T12:06:23.661+0000] {processor.py:183} INFO - Processing /home/airflow/.local/lib/python3.8/site-packages/airflow/example_dags/example_python_decorator.py took 0.052 seconds
[2026-04-09T12:06:54.545+0000] {processor.py:161} INFO - Started process (PID=574) to work on /home/airflow/.local/lib/python3.8/site-packages/airflow/example_dags/example_python_decorator.py
[2026-04-09T12:06:54.546+0000] {processor.py:830} INFO - Processing file /home/airflow/.local/lib/python3.8/site-packages/airflow/example_dags/example_python_decorator.py for tasks to queue
[2026-04-09T12:06:54.548+0000] {logging_mixin.py:188} INFO - [2026-04-09T12:06:54.548+0000] {dagbag.py:538} INFO - Filling up the DagBag from /home/airflow/.local/lib/python3.8/site-packages/airflow/example_dags/example_python_decorator.py
[2026-04-09T12:06:54.559+0000] {processor.py:840} INFO - DAG(s) 'example_python_decorator' retrieved from /home/airflow/.local/lib/python3.8/site-packages/airflow/example_dags/example_python_decorator.py
[2026-04-09T12:06:54.586+0000] {logging_mixin.py:188} INFO - [2026-04-09T12:06:54.586+0000] {dag.py:3033} INFO - Sync 1 DAGs
[2026-04-09T12:06:54.599+0000] {logging_mixin.py:188} INFO - [2026-04-09T12:06:54.599+0000] {dag.py:3820} INFO - Setting next_dagrun for example_python_decorator to None, run_after=None
[2026-04-09T12:06:54.614+0000] {processor.py:183} INFO - Processing /home/airflow/.local/lib/python3.8/site-packages/airflow/example_dags/example_python_decorator.py took 0.072 seconds
[2026-04-09T12:07:25.664+0000] {processor.py:161} INFO - Started process (PID=635) to work on /home/airflow/.local/lib/python3.8/site-packages/airflow/example_dags/example_python_decorator.py
[2026-04-09T12:07:25.665+0000] {processor.py:830} INFO - Processing file /home/airflow/.local/lib/python3.8/site-packages/airflow/example_dags/example_python_decorator.py for tasks to queue
[2026-04-09T12:07:25.667+0000] {logging_mixin.py:188} INFO - [2026-04-09T12:07:25.667+0000] {dagbag.py:538} INFO - Filling up the DagBag from /home/airflow/.local/lib/python3.8/site-packages/airflow/example_dags/example_python_decorator.py
[2026-04-09T12:07:25.677+0000] {processor.py:840} INFO - DAG(s) 'example_python_decorator' retrieved from /home/airflow/.local/lib/python3.8/site-packages/airflow/example_dags/example_python_decorator.py
[2026-04-09T12:07:25.718+0000] {logging_mixin.py:188} INFO - [2026-04-09T12:07:25.718+0000] {dag.py:3033} INFO - Sync 1 DAGs
[2026-04-09T12:07:25.732+0000] {logging_mixin.py:188} INFO - [2026-04-09T12:07:25.732+0000] {dag.py:3820} INFO - Setting next_dagrun for example_python_decorator to None, run_after=None
[2026-04-09T12:07:25.750+0000] {processor.py:183} INFO - Processing /home/airflow/.local/lib/python3.8/site-packages/airflow/example_dags/example_python_decorator.py took 0.089 seconds
[2026-04-09T12:07:56.719+0000] {processor.py:161} INFO - Started process (PID=696) to work on /home/airflow/.local/lib/python3.8/site-packages/airflow/example_dags/example_python_decorator.py
[2026-04-09T12:07:56.722+0000] {processor.py:830} INFO - Processing file /home/airflow/.local/lib/python3.8/site-packages/airflow/example_dags/example_python_decorator.py for tasks to queue
[2026-04-09T12:07:56.725+0000] {logging_mixin.py:188} INFO - [2026-04-09T12:07:56.725+0000] {dagbag.py:538} INFO - Filling up the DagBag from /home/airflow/.local/lib/python3.8/site-packages/airflow/example_dags/example_python_decorator.py
[2026-04-09T12:07:56.749+0000] {processor.py:840} INFO - DAG(s) 'example_python_decorator' retrieved from /home/airflow/.local/lib/python3.8/site-packages/airflow/example_dags/example_python_decorator.py
[2026-04-09T12:07:56.804+0000] {logging_mixin.py:188} INFO - [2026-04-09T12:07:56.804+0000] {dag.py:3033} INFO - Sync 1 DAGs
[2026-04-09T12:07:56.832+0000] {logging_mixin.py:188} INFO - [2026-04-09T12:07:56.832+0000] {dag.py:3820} INFO - Setting next_dagrun for example_python_decorator to None, run_after=None
[2026-04-09T12:07:56.874+0000] {processor.py:183} INFO - Processing /home/airflow/.local/lib/python3.8/site-packages/airflow/example_dags/example_python_decorator.py took 0.160 seconds
[2026-04-09T12:08:27.805+0000] {processor.py:161} INFO - Started process (PID=757) to work on /home/airflow/.local/lib/python3.8/site-packages/airflow/example_dags/example_python_decorator.py
[2026-04-09T12:08:27.806+0000] {processor.py:830} INFO - Processing file /home/airflow/.local/lib/python3.8/site-packages/airflow/example_dags/example_python_decorator.py for tasks to queue
[2026-04-09T12:08:27.808+0000] {logging_mixin.py:188} INFO - [2026-04-09T12:08:27.808+0000] {dagbag.py:538} INFO - Filling up the DagBag from /home/airflow/.local/lib/python3.8/site-packages/airflow/example_dags/example_python_decorator.py
[2026-04-09T12:08:27.819+0000] {processor.py:840} INFO - DAG(s) 'example_python_decorator' retrieved from /home/airflow/.local/lib/python3.8/site-packages/airflow/example_dags/example_python_decorator.py
[2026-04-09T12:08:27.843+0000] {logging_mixin.py:188} INFO - [2026-04-09T12:08:27.843+0000] {dag.py:3033} INFO - Sync 1 DAGs
[2026-04-09T12:08:27.859+0000] {logging_mixin.py:188} INFO - [2026-04-09T12:08:27.859+0000] {dag.py:3820} INFO - Setting next_dagrun for example_python_decorator to None, run_after=None
[2026-04-09T12:08:27.879+0000] {processor.py:183} INFO - Processing /home/airflow/.local/lib/python3.8/site-packages/airflow/example_dags/example_python_decorator.py took 0.077 seconds
[2026-04-09T12:08:58.955+0000] {processor.py:161} INFO - Started process (PID=818) to work on /home/airflow/.local/lib/python3.8/site-packages/airflow/example_dags/example_python_decorator.py
[2026-04-09T12:08:58.956+0000] {processor.py:830} INFO - Processing file /home/airflow/.local/lib/python3.8/site-packages/airflow/example_dags/example_python_decorator.py for tasks to queue
[2026-04-09T12:08:58.958+0000] {logging_mixin.py:188} INFO - [2026-04-09T12:08:58.958+0000] {dagbag.py:538} INFO - Filling up the DagBag from /home/airflow/.local/lib/python3.8/site-packages/airflow/example_dags/example_python_decorator.py
[2026-04-09T12:08:58.970+0000] {processor.py:840} INFO - DAG(s) 'example_python_decorator' retrieved from /home/airflow/.local/lib/python3.8/site-packages/airflow/example_dags/example_python_decorator.py
[2026-04-09T12:08:58.996+0000] {logging_mixin.py:188} INFO - [2026-04-09T12:08:58.996+0000] {dag.py:3033} INFO - Sync 1 DAGs
[2026-04-09T12:08:59.012+0000] {logging_mixin.py:188} INFO - [2026-04-09T12:08:59.012+0000] {dag.py:3820} INFO - Setting next_dagrun for example_python_decorator to None, run_after=None
[2026-04-09T12:08:59.032+0000] {processor.py:183} INFO - Processing /home/airflow/.local/lib/python3.8/site-packages/airflow/example_dags/example_python_decorator.py took 0.080 seconds
[2026-04-09T12:09:29.235+0000] {processor.py:161} INFO - Started process (PID=879) to work on /home/airflow/.local/lib/python3.8/site-packages/airflow/example_dags/example_python_decorator.py
[2026-04-09T12:09:29.236+0000] {processor.py:830} INFO - Processing file /home/airflow/.local/lib/python3.8/site-packages/airflow/example_dags/example_python_decorator.py for tasks to queue
[2026-04-09T12:09:29.238+0000] {logging_mixin.py:188} INFO - [2026-04-09T12:09:29.238+0000] {dagbag.py:538} INFO - Filling up the DagBag from /home/airflow/.local/lib/python3.8/site-packages/airflow/example_dags/example_python_decorator.py
[2026-04-09T12:09:29.249+0000] {processor.py:840} INFO - DAG(s) 'example_python_decorator' retrieved from /home/airflow/.local/lib/python3.8/site-packages/airflow/example_dags/example_python_decorator.py
[2026-04-09T12:09:29.273+0000] {logging_mixin.py:188} INFO - [2026-04-09T12:09:29.272+0000] {dag.py:3033} INFO - Sync 1 DAGs
[2026-04-09T12:09:29.287+0000] {logging_mixin.py:188} INFO - [2026-04-09T12:09:29.287+0000] {dag.py:3820} INFO - Setting next_dagrun for example_python_decorator to None, run_after=None
[2026-04-09T12:09:29.309+0000] {processor.py:183} INFO - Processing /home/airflow/.local/lib/python3.8/site-packages/airflow/example_dags/example_python_decorator.py took 0.077 seconds
[2026-04-09T12:09:59.638+0000] {processor.py:161} INFO - Started process (PID=940) to work on /home/airflow/.local/lib/python3.8/site-packages/airflow/example_dags/example_python_decorator.py
[2026-04-09T12:09:59.639+0000] {processor.py:830} INFO - Processing file /home/airflow/.local/lib/python3.8/site-packages/airflow/example_dags/example_python_decorator.py for tasks to queue
[2026-04-09T12:09:59.641+0000] {logging_mixin.py:188} INFO - [2026-04-09T12:09:59.641+0000] {dagbag.py:538} INFO - Filling up the DagBag from /home/airflow/.local/lib/python3.8/site-packages/airflow/example_dags/example_python_decorator.py
[2026-04-09T12:09:59.652+0000] {processor.py:840} INFO - DAG(s) 'example_python_decorator' retrieved from /home/airflow/.local/lib/python3.8/site-packages/airflow/example_dags/example_python_decorator.py
[2026-04-09T12:09:59.675+0000] {logging_mixin.py:188} INFO - [2026-04-09T12:09:59.675+0000] {dag.py:3033} INFO - Sync 1 DAGs
[2026-04-09T12:09:59.689+0000] {logging_mixin.py:188} INFO - [2026-04-09T12:09:59.689+0000] {dag.py:3820} INFO - Setting next_dagrun for example_python_decorator to None, run_after=None
[2026-04-09T12:09:59.708+0000] {processor.py:183} INFO - Processing /home/airflow/.local/lib/python3.8/site-packages/airflow/example_dags/example_python_decorator.py took 0.073 seconds
[2026-04-09T12:10:29.979+0000] {processor.py:161} INFO - Started process (PID=1001) to work on /home/airflow/.local/lib/python3.8/site-packages/airflow/example_dags/example_python_decorator.py
[2026-04-09T12:10:29.980+0000] {processor.py:830} INFO - Processing file /home/airflow/.local/lib/python3.8/site-packages/airflow/example_dags/example_python_decorator.py for tasks to queue
[2026-04-09T12:10:29.983+0000] {logging_mixin.py:188} INFO - [2026-04-09T12:10:29.982+0000] {dagbag.py:538} INFO - Filling up the DagBag from /home/airflow/.local/lib/python3.8/site-packages/airflow/example_dags/example_python_decorator.py
[2026-04-09T12:10:30.000+0000] {processor.py:840} INFO - DAG(s) 'example_python_decorator' retrieved from /home/airflow/.local/lib/python3.8/site-packages/airflow/example_dags/example_python_decorator.py
[2026-04-09T12:10:30.025+0000] {logging_mixin.py:188} INFO - [2026-04-09T12:10:30.025+0000] {dag.py:3033} INFO - Sync 1 DAGs
[2026-04-09T12:10:30.039+0000] {logging_mixin.py:188} INFO - [2026-04-09T12:10:30.039+0000] {dag.py:3820} INFO - Setting next_dagrun for example_python_decorator to None, run_after=None
[2026-04-09T12:10:30.064+0000] {processor.py:183} INFO - Processing /home/airflow/.local/lib/python3.8/site-packages/airflow/example_dags/example_python_decorator.py took 0.089 seconds
[2026-04-09T12:11:00.204+0000] {processor.py:161} INFO - Started process (PID=1062) to work on /home/airflow/.local/lib/python3.8/site-packages/airflow/example_dags/example_python_decorator.py
[2026-04-09T12:11:00.205+0000] {processor.py:830} INFO - Processing file /home/airflow/.local/lib/python3.8/site-packages/airflow/example_dags/example_python_decorator.py for tasks to queue
[2026-04-09T12:11:00.207+0000] {logging_mixin.py:188} INFO - [2026-04-09T12:11:00.207+0000] {dagbag.py:538} INFO - Filling up the DagBag from /home/airflow/.local/lib/python3.8/site-packages/airflow/example_dags/example_python_decorator.py
[2026-04-09T12:11:00.218+0000] {processor.py:840} INFO - DAG(s) 'example_python_decorator' retrieved from /home/airflow/.local/lib/python3.8/site-packages/airflow/example_dags/example_python_decorator.py
[2026-04-09T12:11:00.242+0000] {logging_mixin.py:188} INFO - [2026-04-09T12:11:00.242+0000] {dag.py:3033} INFO - Sync 1 DAGs
[2026-04-09T12:11:00.256+0000] {logging_mixin.py:188} INFO - [2026-04-09T12:11:00.256+0000] {dag.py:3820} INFO - Setting next_dagrun for example_python_decorator to None, run_after=None
[2026-04-09T12:11:00.276+0000] {processor.py:183} INFO - Processing /home/airflow/.local/lib/python3.8/site-packages/airflow/example_dags/example_python_decorator.py took 0.075 seconds
[2026-04-09T12:11:30.468+0000] {processor.py:161} INFO - Started process (PID=1123) to work on /home/airflow/.local/lib/python3.8/site-packages/airflow/example_dags/example_python_decorator.py
[2026-04-09T12:11:30.469+0000] {processor.py:830} INFO - Processing file /home/airflow/.local/lib/python3.8/site-packages/airflow/example_dags/example_python_decorator.py for tasks to queue
[2026-04-09T12:11:30.471+0000] {logging_mixin.py:188} INFO - [2026-04-09T12:11:30.470+0000] {dagbag.py:538} INFO - Filling up the DagBag from /home/airflow/.local/lib/python3.8/site-packages/airflow/example_dags/example_python_decorator.py
[2026-04-09T12:11:30.481+0000] {processor.py:840} INFO - DAG(s) 'example_python_decorator' retrieved from /home/airflow/.local/lib/python3.8/site-packages/airflow/example_dags/example_python_decorator.py
[2026-04-09T12:11:30.507+0000] {logging_mixin.py:188} INFO - [2026-04-09T12:11:30.506+0000] {dag.py:3033} INFO - Sync 1 DAGs
[2026-04-09T12:11:30.520+0000] {logging_mixin.py:188} INFO - [2026-04-09T12:11:30.520+0000] {dag.py:3820} INFO - Setting next_dagrun for example_python_decorator to None, run_after=None
[2026-04-09T12:11:30.540+0000] {processor.py:183} INFO - Processing /home/airflow/.local/lib/python3.8/site-packages/airflow/example_dags/example_python_decorator.py took 0.076 seconds
[2026-04-09T12:12:00.801+0000] {processor.py:161} INFO - Started process (PID=1190) to work on /home/airflow/.local/lib/python3.8/site-packages/airflow/example_dags/example_python_decorator.py
[2026-04-09T12:12:00.802+0000] {processor.py:830} INFO - Processing file /home/airflow/.local/lib/python3.8/site-packages/airflow/example_dags/example_python_decorator.py for tasks to queue
[2026-04-09T12:12:00.804+0000] {logging_mixin.py:188} INFO - [2026-04-09T12:12:00.804+0000] {dagbag.py:538} INFO - Filling up the DagBag from /home/airflow/.local/lib/python3.8/site-packages/airflow/example_dags/example_python_decorator.py
[2026-04-09T12:12:00.815+0000] {processor.py:840} INFO - DAG(s) 'example_python_decorator' retrieved from /home/airflow/.local/lib/python3.8/site-packages/airflow/example_dags/example_python_decorator.py
[2026-04-09T12:12:00.839+0000] {logging_mixin.py:188} INFO - [2026-04-09T12:12:00.839+0000] {dag.py:3033} INFO - Sync 1 DAGs
[2026-04-09T12:12:00.853+0000] {logging_mixin.py:188} INFO - [2026-04-09T12:12:00.853+0000] {dag.py:3820} INFO - Setting next_dagrun for example_python_decorator to None, run_after=None
[2026-04-09T12:12:00.872+0000] {processor.py:183} INFO - Processing /home/airflow/.local/lib/python3.8/site-packages/airflow/example_dags/example_python_decorator.py took 0.075 seconds
[2026-04-09T12:12:31.099+0000] {processor.py:161} INFO - Started process (PID=1251) to work on /home/airflow/.local/lib/python3.8/site-packages/airflow/example_dags/example_python_decorator.py
[2026-04-09T12:12:31.100+0000] {processor.py:830} INFO - Processing file /home/airflow/.local/lib/python3.8/site-packages/airflow/example_dags/example_python_decorator.py for tasks to queue
[2026-04-09T12:12:31.102+0000] {logging_mixin.py:188} INFO - [2026-04-09T12:12:31.102+0000] {dagbag.py:538} INFO - Filling up the DagBag from /home/airflow/.local/lib/python3.8/site-packages/airflow/example_dags/example_python_decorator.py
[2026-04-09T12:12:31.114+0000] {processor.py:840} INFO - DAG(s) 'example_python_decorator' retrieved from /home/airflow/.local/lib/python3.8/site-packages/airflow/example_dags/example_python_decorator.py
[2026-04-09T12:12:31.142+0000] {logging_mixin.py:188} INFO - [2026-04-09T12:12:31.142+0000] {dag.py:3033} INFO - Sync 1 DAGs
[2026-04-09T12:12:31.156+0000] {logging_mixin.py:188} INFO - [2026-04-09T12:12:31.156+0000] {dag.py:3820} INFO - Setting next_dagrun for example_python_decorator to None, run_after=None
[2026-04-09T12:12:31.175+0000] {processor.py:183} INFO - Processing /home/airflow/.local/lib/python3.8/site-packages/airflow/example_dags/example_python_decorator.py took 0.082 seconds
[2026-04-09T12:13:01.442+0000] {processor.py:161} INFO - Started process (PID=1312) to work on /home/airflow/.local/lib/python3.8/site-packages/airflow/example_dags/example_python_decorator.py
[2026-04-09T12:13:01.443+0000] {processor.py:830} INFO - Processing file /home/airflow/.local/lib/python3.8/site-packages/airflow/example_dags/example_python_decorator.py for tasks to queue
[2026-04-09T12:13:01.445+0000] {logging_mixin.py:188} INFO - [2026-04-09T12:13:01.444+0000] {dagbag.py:538} INFO - Filling up the DagBag from /home/airflow/.local/lib/python3.8/site-packages/airflow/example_dags/example_python_decorator.py
[2026-04-09T12:13:01.455+0000] {processor.py:840} INFO - DAG(s) 'example_python_decorator' retrieved from /home/airflow/.local/lib/python3.8/site-packages/airflow/example_dags/example_python_decorator.py
[2026-04-09T12:13:01.480+0000] {logging_mixin.py:188} INFO - [2026-04-09T12:13:01.480+0000] {dag.py:3033} INFO - Sync 1 DAGs
[2026-04-09T12:13:01.494+0000] {logging_mixin.py:188} INFO - [2026-04-09T12:13:01.494+0000] {dag.py:3820} INFO - Setting next_dagrun for example_python_decorator to None, run_after=None
[2026-04-09T12:13:01.514+0000] {processor.py:183} INFO - Processing /home/airflow/.local/lib/python3.8/site-packages/airflow/example_dags/example_python_decorator.py took 0.076 seconds
[2026-04-09T12:13:32.405+0000] {processor.py:161} INFO - Started process (PID=1373) to work on /home/airflow/.local/lib/python3.8/site-packages/airflow/example_dags/example_python_decorator.py
[2026-04-09T12:13:32.406+0000] {processor.py:830} INFO - Processing file /home/airflow/.local/lib/python3.8/site-packages/airflow/example_dags/example_python_decorator.py for tasks to queue
[2026-04-09T12:13:32.413+0000] {logging_mixin.py:188} INFO - [2026-04-09T12:13:32.413+0000] {dagbag.py:538} INFO - Filling up the DagBag from /home/airflow/.local/lib/python3.8/site-packages/airflow/example_dags/example_python_decorator.py
[2026-04-09T12:13:32.427+0000] {processor.py:840} INFO - DAG(s) 'example_python_decorator' retrieved from /home/airflow/.local/lib/python3.8/site-packages/airflow/example_dags/example_python_decorator.py
[2026-04-09T12:13:32.452+0000] {logging_mixin.py:188} INFO - [2026-04-09T12:13:32.452+0000] {dag.py:3033} INFO - Sync 1 DAGs
[2026-04-09T12:13:32.626+0000] {logging_mixin.py:188} INFO - [2026-04-09T12:13:32.626+0000] {dag.py:3820} INFO - Setting next_dagrun for example_python_decorator to None, run_after=None
[2026-04-09T12:13:32.645+0000] {processor.py:183} INFO - Processing /home/airflow/.local/lib/python3.8/site-packages/airflow/example_dags/example_python_decorator.py took 0.244 seconds
[2026-04-09T12:14:03.494+0000] {processor.py:161} INFO - Started process (PID=1434) to work on /home/airflow/.local/lib/python3.8/site-packages/airflow/example_dags/example_python_decorator.py
[2026-04-09T12:14:03.495+0000] {processor.py:830} INFO - Processing file /home/airflow/.local/lib/python3.8/site-packages/airflow/example_dags/example_python_decorator.py for tasks to queue
[2026-04-09T12:14:03.497+0000] {logging_mixin.py:188} INFO - [2026-04-09T12:14:03.497+0000] {dagbag.py:538} INFO - Filling up the DagBag from /home/airflow/.local/lib/python3.8/site-packages/airflow/example_dags/example_python_decorator.py
[2026-04-09T12:14:03.508+0000] {processor.py:840} INFO - DAG(s) 'example_python_decorator' retrieved from /home/airflow/.local/lib/python3.8/site-packages/airflow/example_dags/example_python_decorator.py
[2026-04-09T12:14:03.719+0000] {logging_mixin.py:188} INFO - [2026-04-09T12:14:03.719+0000] {dag.py:3033} INFO - Sync 1 DAGs
[2026-04-09T12:14:03.732+0000] {logging_mixin.py:188} INFO - [2026-04-09T12:14:03.732+0000] {dag.py:3820} INFO - Setting next_dagrun for example_python_decorator to None, run_after=None
[2026-04-09T12:14:03.756+0000] {processor.py:183} INFO - Processing /home/airflow/.local/lib/python3.8/site-packages/airflow/example_dags/example_python_decorator.py took 0.265 seconds
[2026-04-09T12:14:33.944+0000] {processor.py:161} INFO - Started process (PID=1495) to work on /home/airflow/.local/lib/python3.8/site-packages/airflow/example_dags/example_python_decorator.py
[2026-04-09T12:14:33.945+0000] {processor.py:830} INFO - Processing file /home/airflow/.local/lib/python3.8/site-packages/airflow/example_dags/example_python_decorator.py for tasks to queue
[2026-04-09T12:14:33.947+0000] {logging_mixin.py:188} INFO - [2026-04-09T12:14:33.947+0000] {dagbag.py:538} INFO - Filling up the DagBag from /home/airflow/.local/lib/python3.8/site-packages/airflow/example_dags/example_python_decorator.py
[2026-04-09T12:14:33.958+0000] {processor.py:840} INFO - DAG(s) 'example_python_decorator' retrieved from /home/airflow/.local/lib/python3.8/site-packages/airflow/example_dags/example_python_decorator.py
[2026-04-09T12:14:34.157+0000] {logging_mixin.py:188} INFO - [2026-04-09T12:14:34.157+0000] {dag.py:3033} INFO - Sync 1 DAGs
[2026-04-09T12:14:34.169+0000] {logging_mixin.py:188} INFO - [2026-04-09T12:14:34.169+0000] {dag.py:3820} INFO - Setting next_dagrun for example_python_decorator to None, run_after=None
[2026-04-09T12:14:34.186+0000] {processor.py:183} INFO - Processing /home/airflow/.local/lib/python3.8/site-packages/airflow/example_dags/example_python_decorator.py took 0.246 seconds
[2026-04-09T12:15:04.815+0000] {processor.py:161} INFO - Started process (PID=1556) to work on /home/airflow/.local/lib/python3.8/site-packages/airflow/example_dags/example_python_decorator.py
[2026-04-09T12:15:04.816+0000] {processor.py:830} INFO - Processing file /home/airflow/.local/lib/python3.8/site-packages/airflow/example_dags/example_python_decorator.py for tasks to queue
[2026-04-09T12:15:04.818+0000] {logging_mixin.py:188} INFO - [2026-04-09T12:15:04.818+0000] {dagbag.py:538} INFO - Filling up the DagBag from /home/airflow/.local/lib/python3.8/site-packages/airflow/example_dags/example_python_decorator.py
[2026-04-09T12:15:04.829+0000] {processor.py:840} INFO - DAG(s) 'example_python_decorator' retrieved from /home/airflow/.local/lib/python3.8/site-packages/airflow/example_dags/example_python_decorator.py
[2026-04-09T12:15:04.852+0000] {logging_mixin.py:188} INFO - [2026-04-09T12:15:04.852+0000] {dag.py:3033} INFO - Sync 1 DAGs
[2026-04-09T12:15:04.867+0000] {logging_mixin.py:188} INFO - [2026-04-09T12:15:04.866+0000] {dag.py:3820} INFO - Setting next_dagrun for example_python_decorator to None, run_after=None
[2026-04-09T12:15:04.884+0000] {processor.py:183} INFO - Processing /home/airflow/.local/lib/python3.8/site-packages/airflow/example_dags/example_python_decorator.py took 0.073 seconds
[2026-04-09T12:15:34.939+0000] {processor.py:161} INFO - Started process (PID=1617) to work on /home/airflow/.local/lib/python3.8/site-packages/airflow/example_dags/example_python_decorator.py
[2026-04-09T12:15:34.940+0000] {processor.py:830} INFO - Processing file /home/airflow/.local/lib/python3.8/site-packages/airflow/example_dags/example_python_decorator.py for tasks to queue
[2026-04-09T12:15:34.942+0000] {logging_mixin.py:188} INFO - [2026-04-09T12:15:34.941+0000] {dagbag.py:538} INFO - Filling up the DagBag from /home/airflow/.local/lib/python3.8/site-packages/airflow/example_dags/example_python_decorator.py
[2026-04-09T12:15:34.952+0000] {processor.py:840} INFO - DAG(s) 'example_python_decorator' retrieved from /home/airflow/.local/lib/python3.8/site-packages/airflow/example_dags/example_python_decorator.py
[2026-04-09T12:15:34.977+0000] {logging_mixin.py:188} INFO - [2026-04-09T12:15:34.976+0000] {dag.py:3033} INFO - Sync 1 DAGs
[2026-04-09T12:15:34.990+0000] {logging_mixin.py:188} INFO - [2026-04-09T12:15:34.990+0000] {dag.py:3820} INFO - Setting next_dagrun for example_python_decorator to None, run_after=None
[2026-04-09T12:15:35.008+0000] {processor.py:183} INFO - Processing /home/airflow/.local/lib/python3.8/site-packages/airflow/example_dags/example_python_decorator.py took 0.072 seconds
[2026-04-09T12:16:05.580+0000] {processor.py:161} INFO - Started process (PID=1678) to work on /home/airflow/.local/lib/python3.8/site-packages/airflow/example_dags/example_python_decorator.py
[2026-04-09T12:16:05.581+0000] {processor.py:830} INFO - Processing file /home/airflow/.local/lib/python3.8/site-packages/airflow/example_dags/example_python_decorator.py for tasks to queue
[2026-04-09T12:16:05.583+0000] {logging_mixin.py:188} INFO - [2026-04-09T12:16:05.583+0000] {dagbag.py:538} INFO - Filling up the DagBag from /home/airflow/.local/lib/python3.8/site-packages/airflow/example_dags/example_python_decorator.py
[2026-04-09T12:16:05.594+0000] {processor.py:840} INFO - DAG(s) 'example_python_decorator' retrieved from /home/airflow/.local/lib/python3.8/site-packages/airflow/example_dags/example_python_decorator.py
[2026-04-09T12:16:05.620+0000] {logging_mixin.py:188} INFO - [2026-04-09T12:16:05.620+0000] {dag.py:3033} INFO - Sync 1 DAGs
[2026-04-09T12:16:05.635+0000] {logging_mixin.py:188} INFO - [2026-04-09T12:16:05.635+0000] {dag.py:3820} INFO - Setting next_dagrun for example_python_decorator to None, run_after=None
[2026-04-09T12:16:05.657+0000] {processor.py:183} INFO - Processing /home/airflow/.local/lib/python3.8/site-packages/airflow/example_dags/example_python_decorator.py took 0.080 seconds
[2026-04-09T12:16:36.060+0000] {processor.py:161} INFO - Started process (PID=1739) to work on /home/airflow/.local/lib/python3.8/site-packages/airflow/example_dags/example_python_decorator.py
[2026-04-09T12:16:36.061+0000] {processor.py:830} INFO - Processing file /home/airflow/.local/lib/python3.8/site-packages/airflow/example_dags/example_python_decorator.py for tasks to queue
[2026-04-09T12:16:36.062+0000] {logging_mixin.py:188} INFO - [2026-04-09T12:16:36.062+0000] {dagbag.py:538} INFO - Filling up the DagBag from /home/airflow/.local/lib/python3.8/site-packages/airflow/example_dags/example_python_decorator.py
[2026-04-09T12:16:36.069+0000] {processor.py:840} INFO - DAG(s) 'example_python_decorator' retrieved from /home/airflow/.local/lib/python3.8/site-packages/airflow/example_dags/example_python_decorator.py
[2026-04-09T12:16:36.087+0000] {logging_mixin.py:188} INFO - [2026-04-09T12:16:36.087+0000] {dag.py:3033} INFO - Sync 1 DAGs
[2026-04-09T12:16:36.097+0000] {logging_mixin.py:188} INFO - [2026-04-09T12:16:36.097+0000] {dag.py:3820} INFO - Setting next_dagrun for example_python_decorator to None, run_after=None
[2026-04-09T12:16:36.115+0000] {processor.py:183} INFO - Processing /home/airflow/.local/lib/python3.8/site-packages/airflow/example_dags/example_python_decorator.py took 0.057 seconds
[2026-04-09T12:17:06.423+0000] {processor.py:161} INFO - Started process (PID=1800) to work on /home/airflow/.local/lib/python3.8/site-packages/airflow/example_dags/example_python_decorator.py
[2026-04-09T12:17:06.423+0000] {processor.py:830} INFO - Processing file /home/airflow/.local/lib/python3.8/site-packages/airflow/example_dags/example_python_decorator.py for tasks to queue
[2026-04-09T12:17:06.435+0000] {logging_mixin.py:188} INFO - [2026-04-09T12:17:06.434+0000] {dagbag.py:538} INFO - Filling up the DagBag from /home/airflow/.local/lib/python3.8/site-packages/airflow/example_dags/example_python_decorator.py
[2026-04-09T12:17:06.462+0000] {processor.py:840} INFO - DAG(s) 'example_python_decorator' retrieved from /home/airflow/.local/lib/python3.8/site-packages/airflow/example_dags/example_python_decorator.py
[2026-04-09T12:17:06.497+0000] {logging_mixin.py:188} INFO - [2026-04-09T12:17:06.497+0000] {dag.py:3033} INFO - Sync 1 DAGs
[2026-04-09T12:17:06.515+0000] {logging_mixin.py:188} INFO - [2026-04-09T12:17:06.515+0000] {dag.py:3820} INFO - Setting next_dagrun for example_python_decorator to None, run_after=None
[2026-04-09T12:17:06.539+0000] {processor.py:183} INFO - Processing /home/airflow/.local/lib/python3.8/site-packages/airflow/example_dags/example_python_decorator.py took 0.123 seconds
[2026-04-09T12:17:36.590+0000] {processor.py:161} INFO - Started process (PID=1861) to work on /home/airflow/.local/lib/python3.8/site-packages/airflow/example_dags/example_python_decorator.py
[2026-04-09T12:17:36.591+0000] {processor.py:830} INFO - Processing file /home/airflow/.local/lib/python3.8/site-packages/airflow/example_dags/example_python_decorator.py for tasks to queue
[2026-04-09T12:17:36.593+0000] {logging_mixin.py:188} INFO - [2026-04-09T12:17:36.593+0000] {dagbag.py:538} INFO - Filling up the DagBag from /home/airflow/.local/lib/python3.8/site-packages/airflow/example_dags/example_python_decorator.py
[2026-04-09T12:17:36.604+0000] {processor.py:840} INFO - DAG(s) 'example_python_decorator' retrieved from /home/airflow/.local/lib/python3.8/site-packages/airflow/example_dags/example_python_decorator.py
[2026-04-09T12:17:36.630+0000] {logging_mixin.py:188} INFO - [2026-04-09T12:17:36.630+0000] {dag.py:3033} INFO - Sync 1 DAGs
[2026-04-09T12:17:36.644+0000] {logging_mixin.py:188} INFO - [2026-04-09T12:17:36.644+0000] {dag.py:3820} INFO - Setting next_dagrun for example_python_decorator to None, run_after=None
[2026-04-09T12:17:36.662+0000] {processor.py:183} INFO - Processing /home/airflow/.local/lib/python3.8/site-packages/airflow/example_dags/example_python_decorator.py took 0.075 seconds
[2026-04-09T12:18:07.105+0000] {processor.py:161} INFO - Started process (PID=1922) to work on /home/airflow/.local/lib/python3.8/site-packages/airflow/example_dags/example_python_decorator.py
[2026-04-09T12:18:07.106+0000] {processor.py:830} INFO - Processing file /home/airflow/.local/lib/python3.8/site-packages/airflow/example_dags/example_python_decorator.py for tasks to queue
[2026-04-09T12:18:07.108+0000] {logging_mixin.py:188} INFO - [2026-04-09T12:18:07.108+0000] {dagbag.py:538} INFO - Filling up the DagBag from /home/airflow/.local/lib/python3.8/site-packages/airflow/example_dags/example_python_decorator.py
[2026-04-09T12:18:07.119+0000] {processor.py:840} INFO - DAG(s) 'example_python_decorator' retrieved from /home/airflow/.local/lib/python3.8/site-packages/airflow/example_dags/example_python_decorator.py
[2026-04-09T12:18:07.144+0000] {logging_mixin.py:188} INFO - [2026-04-09T12:18:07.144+0000] {dag.py:3033} INFO - Sync 1 DAGs
[2026-04-09T12:18:07.159+0000] {logging_mixin.py:188} INFO - [2026-04-09T12:18:07.159+0000] {dag.py:3820} INFO - Setting next_dagrun for example_python_decorator to None, run_after=None
[2026-04-09T12:18:07.178+0000] {processor.py:183} INFO - Processing /home/airflow/.local/lib/python3.8/site-packages/airflow/example_dags/example_python_decorator.py took 0.076 seconds
[2026-04-09T12:18:38.184+0000] {processor.py:161} INFO - Started process (PID=1983) to work on /home/airflow/.local/lib/python3.8/site-packages/airflow/example_dags/example_python_decorator.py
[2026-04-09T12:18:38.184+0000] {processor.py:830} INFO - Processing file /home/airflow/.local/lib/python3.8/site-packages/airflow/example_dags/example_python_decorator.py for tasks to queue
[2026-04-09T12:18:38.187+0000] {logging_mixin.py:188} INFO - [2026-04-09T12:18:38.186+0000] {dagbag.py:538} INFO - Filling up the DagBag from /home/airflow/.local/lib/python3.8/site-packages/airflow/example_dags/example_python_decorator.py
[2026-04-09T12:18:38.198+0000] {processor.py:840} INFO - DAG(s) 'example_python_decorator' retrieved from /home/airflow/.local/lib/python3.8/site-packages/airflow/example_dags/example_python_decorator.py
[2026-04-09T12:18:38.223+0000] {logging_mixin.py:188} INFO - [2026-04-09T12:18:38.222+0000] {dag.py:3033} INFO - Sync 1 DAGs
[2026-04-09T12:18:38.237+0000] {logging_mixin.py:188} INFO - [2026-04-09T12:18:38.237+0000] {dag.py:3820} INFO - Setting next_dagrun for example_python_decorator to None, run_after=None
[2026-04-09T12:18:38.259+0000] {processor.py:183} INFO - Processing /home/airflow/.local/lib/python3.8/site-packages/airflow/example_dags/example_python_decorator.py took 0.079 seconds
[2026-04-09T12:19:08.496+0000] {processor.py:161} INFO - Started process (PID=2044) to work on /home/airflow/.local/lib/python3.8/site-packages/airflow/example_dags/example_python_decorator.py
[2026-04-09T12:19:08.497+0000] {processor.py:830} INFO - Processing file /home/airflow/.local/lib/python3.8/site-packages/airflow/example_dags/example_python_decorator.py for tasks to queue
[2026-04-09T12:19:08.498+0000] {logging_mixin.py:188} INFO - [2026-04-09T12:19:08.498+0000] {dagbag.py:538} INFO - Filling up the DagBag from /home/airflow/.local/lib/python3.8/site-packages/airflow/example_dags/example_python_decorator.py
[2026-04-09T12:19:08.505+0000] {processor.py:840} INFO - DAG(s) 'example_python_decorator' retrieved from /home/airflow/.local/lib/python3.8/site-packages/airflow/example_dags/example_python_decorator.py
[2026-04-09T12:19:08.522+0000] {logging_mixin.py:188} INFO - [2026-04-09T12:19:08.522+0000] {dag.py:3033} INFO - Sync 1 DAGs
[2026-04-09T12:19:08.533+0000] {logging_mixin.py:188} INFO - [2026-04-09T12:19:08.533+0000] {dag.py:3820} INFO - Setting next_dagrun for example_python_decorator to None, run_after=None
[2026-04-09T12:19:08.551+0000] {processor.py:183} INFO - Processing /home/airflow/.local/lib/python3.8/site-packages/airflow/example_dags/example_python_decorator.py took 0.058 seconds
[2026-04-09T12:19:39.240+0000] {processor.py:161} INFO - Started process (PID=2105) to work on /home/airflow/.local/lib/python3.8/site-packages/airflow/example_dags/example_python_decorator.py
[2026-04-09T12:19:39.241+0000] {processor.py:830} INFO - Processing file /home/airflow/.local/lib/python3.8/site-packages/airflow/example_dags/example_python_decorator.py for tasks to queue
[2026-04-09T12:19:39.243+0000] {logging_mixin.py:188} INFO - [2026-04-09T12:19:39.243+0000] {dagbag.py:538} INFO - Filling up the DagBag from /home/airflow/.local/lib/python3.8/site-packages/airflow/example_dags/example_python_decorator.py
[2026-04-09T12:19:39.250+0000] {processor.py:840} INFO - DAG(s) 'example_python_decorator' retrieved from /home/airflow/.local/lib/python3.8/site-packages/airflow/example_dags/example_python_decorator.py
[2026-04-09T12:19:39.267+0000] {logging_mixin.py:188} INFO - [2026-04-09T12:19:39.267+0000] {dag.py:3033} INFO - Sync 1 DAGs
[2026-04-09T12:19:39.276+0000] {logging_mixin.py:188} INFO - [2026-04-09T12:19:39.276+0000] {dag.py:3820} INFO - Setting next_dagrun for example_python_decorator to None, run_after=None
[2026-04-09T12:19:39.292+0000] {processor.py:183} INFO - Processing /home/airflow/.local/lib/python3.8/site-packages/airflow/example_dags/example_python_decorator.py took 0.055 seconds
[2026-04-09T12:20:09.567+0000] {processor.py:161} INFO - Started process (PID=2166) to work on /home/airflow/.local/lib/python3.8/site-packages/airflow/example_dags/example_python_decorator.py
[2026-04-09T12:20:09.568+0000] {processor.py:830} INFO - Processing file /home/airflow/.local/lib/python3.8/site-packages/airflow/example_dags/example_python_decorator.py for tasks to queue
[2026-04-09T12:20:09.569+0000] {logging_mixin.py:188} INFO - [2026-04-09T12:20:09.569+0000] {dagbag.py:538} INFO - Filling up the DagBag from /home/airflow/.local/lib/python3.8/site-packages/airflow/example_dags/example_python_decorator.py
[2026-04-09T12:20:09.576+0000] {processor.py:840} INFO - DAG(s) 'example_python_decorator' retrieved from /home/airflow/.local/lib/python3.8/site-packages/airflow/example_dags/example_python_decorator.py
[2026-04-09T12:20:09.593+0000] {logging_mixin.py:188} INFO - [2026-04-09T12:20:09.593+0000] {dag.py:3033} INFO - Sync 1 DAGs
[2026-04-09T12:20:09.602+0000] {logging_mixin.py:188} INFO - [2026-04-09T12:20:09.602+0000] {dag.py:3820} INFO - Setting next_dagrun for example_python_decorator to None, run_after=None
[2026-04-09T12:20:09.616+0000] {processor.py:183} INFO - Processing /home/airflow/.local/lib/python3.8/site-packages/airflow/example_dags/example_python_decorator.py took 0.052 seconds
[2026-04-09T12:20:39.861+0000] {processor.py:161} INFO - Started process (PID=2228) to work on /home/airflow/.local/lib/python3.8/site-packages/airflow/example_dags/example_python_decorator.py
[2026-04-09T12:20:39.862+0000] {processor.py:830} INFO - Processing file /home/airflow/.local/lib/python3.8/site-packages/airflow/example_dags/example_python_decorator.py for tasks to queue
[2026-04-09T12:20:39.863+0000] {logging_mixin.py:188} INFO - [2026-04-09T12:20:39.863+0000] {dagbag.py:538} INFO - Filling up the DagBag from /home/airflow/.local/lib/python3.8/site-packages/airflow/example_dags/example_python_decorator.py
[2026-04-09T12:20:39.871+0000] {processor.py:840} INFO - DAG(s) 'example_python_decorator' retrieved from /home/airflow/.local/lib/python3.8/site-packages/airflow/example_dags/example_python_decorator.py
[2026-04-09T12:20:39.888+0000] {logging_mixin.py:188} INFO - [2026-04-09T12:20:39.887+0000] {dag.py:3033} INFO - Sync 1 DAGs
[2026-04-09T12:20:39.897+0000] {logging_mixin.py:188} INFO - [2026-04-09T12:20:39.897+0000] {dag.py:3820} INFO - Setting next_dagrun for example_python_decorator to None, run_after=None
[2026-04-09T12:20:39.910+0000] {processor.py:183} INFO - Processing /home/airflow/.local/lib/python3.8/site-packages/airflow/example_dags/example_python_decorator.py took 0.051 seconds
[2026-04-09T12:21:10.099+0000] {processor.py:161} INFO - Started process (PID=2288) to work on /home/airflow/.local/lib/python3.8/site-packages/airflow/example_dags/example_python_decorator.py
[2026-04-09T12:21:10.100+0000] {processor.py:830} INFO - Processing file /home/airflow/.local/lib/python3.8/site-packages/airflow/example_dags/example_python_decorator.py for tasks to queue
[2026-04-09T12:21:10.101+0000] {logging_mixin.py:188} INFO - [2026-04-09T12:21:10.101+0000] {dagbag.py:538} INFO - Filling up the DagBag from /home/airflow/.local/lib/python3.8/site-packages/airflow/example_dags/example_python_decorator.py
[2026-04-09T12:21:10.109+0000] {processor.py:840} INFO - DAG(s) 'example_python_decorator' retrieved from /home/airflow/.local/lib/python3.8/site-packages/airflow/example_dags/example_python_decorator.py
[2026-04-09T12:21:10.126+0000] {logging_mixin.py:188} INFO - [2026-04-09T12:21:10.126+0000] {dag.py:3033} INFO - Sync 1 DAGs
[2026-04-09T12:21:10.135+0000] {logging_mixin.py:188} INFO - [2026-04-09T12:21:10.135+0000] {dag.py:3820} INFO - Setting next_dagrun for example_python_decorator to None, run_after=None
[2026-04-09T12:21:10.149+0000] {processor.py:183} INFO - Processing /home/airflow/.local/lib/python3.8/site-packages/airflow/example_dags/example_python_decorator.py took 0.052 seconds
[2026-04-09T12:21:41.062+0000] {processor.py:161} INFO - Started process (PID=2349) to work on /home/airflow/.local/lib/python3.8/site-packages/airflow/example_dags/example_python_decorator.py
[2026-04-09T12:21:41.063+0000] {processor.py:830} INFO - Processing file /home/airflow/.local/lib/python3.8/site-packages/airflow/example_dags/example_python_decorator.py for tasks to queue
[2026-04-09T12:21:41.065+0000] {logging_mixin.py:188} INFO - [2026-04-09T12:21:41.064+0000] {dagbag.py:538} INFO - Filling up the DagBag from /home/airflow/.local/lib/python3.8/site-packages/airflow/example_dags/example_python_decorator.py
[2026-04-09T12:21:41.072+0000] {processor.py:840} INFO - DAG(s) 'example_python_decorator' retrieved from /home/airflow/.local/lib/python3.8/site-packages/airflow/example_dags/example_python_decorator.py
[2026-04-09T12:21:41.089+0000] {logging_mixin.py:188} INFO - [2026-04-09T12:21:41.088+0000] {dag.py:3033} INFO - Sync 1 DAGs
[2026-04-09T12:21:41.098+0000] {logging_mixin.py:188} INFO - [2026-04-09T12:21:41.098+0000] {dag.py:3820} INFO - Setting next_dagrun for example_python_decorator to None, run_after=None
[2026-04-09T12:21:41.112+0000] {processor.py:183} INFO - Processing /home/airflow/.local/lib/python3.8/site-packages/airflow/example_dags/example_python_decorator.py took 0.052 seconds
[2026-04-09T12:22:11.313+0000] {processor.py:161} INFO - Started process (PID=2410) to work on /home/airflow/.local/lib/python3.8/site-packages/airflow/example_dags/example_python_decorator.py
[2026-04-09T12:22:11.314+0000] {processor.py:830} INFO - Processing file /home/airflow/.local/lib/python3.8/site-packages/airflow/example_dags/example_python_decorator.py for tasks to queue
[2026-04-09T12:22:11.316+0000] {logging_mixin.py:188} INFO - [2026-04-09T12:22:11.316+0000] {dagbag.py:538} INFO - Filling up the DagBag from /home/airflow/.local/lib/python3.8/site-packages/airflow/example_dags/example_python_decorator.py
[2026-04-09T12:22:11.327+0000] {processor.py:840} INFO - DAG(s) 'example_python_decorator' retrieved from /home/airflow/.local/lib/python3.8/site-packages/airflow/example_dags/example_python_decorator.py
[2026-04-09T12:22:11.343+0000] {logging_mixin.py:188} INFO - [2026-04-09T12:22:11.343+0000] {dag.py:3033} INFO - Sync 1 DAGs
[2026-04-09T12:22:11.353+0000] {logging_mixin.py:188} INFO - [2026-04-09T12:22:11.352+0000] {dag.py:3820} INFO - Setting next_dagrun for example_python_decorator to None, run_after=None
[2026-04-09T12:22:11.369+0000] {processor.py:183} INFO - Processing /home/airflow/.local/lib/python3.8/site-packages/airflow/example_dags/example_python_decorator.py took 0.060 seconds
[2026-04-09T12:22:41.462+0000] {processor.py:161} INFO - Started process (PID=2471) to work on /home/airflow/.local/lib/python3.8/site-packages/airflow/example_dags/example_python_decorator.py
[2026-04-09T12:22:41.463+0000] {processor.py:830} INFO - Processing file /home/airflow/.local/lib/python3.8/site-packages/airflow/example_dags/example_python_decorator.py for tasks to queue
[2026-04-09T12:22:41.465+0000] {logging_mixin.py:188} INFO - [2026-04-09T12:22:41.465+0000] {dagbag.py:538} INFO - Filling up the DagBag from /home/airflow/.local/lib/python3.8/site-packages/airflow/example_dags/example_python_decorator.py
[2026-04-09T12:22:41.476+0000] {processor.py:840} INFO - DAG(s) 'example_python_decorator' retrieved from /home/airflow/.local/lib/python3.8/site-packages/airflow/example_dags/example_python_decorator.py
[2026-04-09T12:22:41.504+0000] {logging_mixin.py:188} INFO - [2026-04-09T12:22:41.503+0000] {dag.py:3033} INFO - Sync 1 DAGs
[2026-04-09T12:22:41.520+0000] {logging_mixin.py:188} INFO - [2026-04-09T12:22:41.520+0000] {dag.py:3820} INFO - Setting next_dagrun for example_python_decorator to None, run_after=None
[2026-04-09T12:22:41.541+0000] {processor.py:183} INFO - Processing /home/airflow/.local/lib/python3.8/site-packages/airflow/example_dags/example_python_decorator.py took 0.082 seconds
[2026-04-09T12:23:11.704+0000] {processor.py:161} INFO - Started process (PID=2532) to work on /home/airflow/.local/lib/python3.8/site-packages/airflow/example_dags/example_python_decorator.py
[2026-04-09T12:23:11.707+0000] {processor.py:830} INFO - Processing file /home/airflow/.local/lib/python3.8/site-packages/airflow/example_dags/example_python_decorator.py for tasks to queue
[2026-04-09T12:23:11.709+0000] {logging_mixin.py:188} INFO - [2026-04-09T12:23:11.709+0000] {dagbag.py:538} INFO - Filling up the DagBag from /home/airflow/.local/lib/python3.8/site-packages/airflow/example_dags/example_python_decorator.py
[2026-04-09T12:23:11.737+0000] {processor.py:840} INFO - DAG(s) 'example_python_decorator' retrieved from /home/airflow/.local/lib/python3.8/site-packages/airflow/example_dags/example_python_decorator.py
[2026-04-09T12:23:11.764+0000] {logging_mixin.py:188} INFO - [2026-04-09T12:23:11.764+0000] {dag.py:3033} INFO - Sync 1 DAGs
[2026-04-09T12:23:11.777+0000] {logging_mixin.py:188} INFO - [2026-04-09T12:23:11.777+0000] {dag.py:3820} INFO - Setting next_dagrun for example_python_decorator to None, run_after=None
[2026-04-09T12:23:11.791+0000] {processor.py:183} INFO - Processing /home/airflow/.local/lib/python3.8/site-packages/airflow/example_dags/example_python_decorator.py took 0.101 seconds
[2026-04-09T12:23:42.326+0000] {processor.py:161} INFO - Started process (PID=2593) to work on /home/airflow/.local/lib/python3.8/site-packages/airflow/example_dags/example_python_decorator.py
[2026-04-09T12:23:42.327+0000] {processor.py:830} INFO - Processing file /home/airflow/.local/lib/python3.8/site-packages/airflow/example_dags/example_python_decorator.py for tasks to queue
[2026-04-09T12:23:42.329+0000] {logging_mixin.py:188} INFO - [2026-04-09T12:23:42.329+0000] {dagbag.py:538} INFO - Filling up the DagBag from /home/airflow/.local/lib/python3.8/site-packages/airflow/example_dags/example_python_decorator.py
[2026-04-09T12:23:42.340+0000] {processor.py:840} INFO - DAG(s) 'example_python_decorator' retrieved from /home/airflow/.local/lib/python3.8/site-packages/airflow/example_dags/example_python_decorator.py
[2026-04-09T12:23:42.364+0000] {logging_mixin.py:188} INFO - [2026-04-09T12:23:42.364+0000] {dag.py:3033} INFO - Sync 1 DAGs
[2026-04-09T12:23:42.387+0000] {logging_mixin.py:188} INFO - [2026-04-09T12:23:42.387+0000] {dag.py:3820} INFO - Setting next_dagrun for example_python_decorator to None, run_after=None
[2026-04-09T12:23:42.407+0000] {processor.py:183} INFO - Processing /home/airflow/.local/lib/python3.8/site-packages/airflow/example_dags/example_python_decorator.py took 0.084 seconds
[2026-04-09T12:24:12.661+0000] {processor.py:161} INFO - Started process (PID=2654) to work on /home/airflow/.local/lib/python3.8/site-packages/airflow/example_dags/example_python_decorator.py
[2026-04-09T12:24:12.662+0000] {processor.py:830} INFO - Processing file /home/airflow/.local/lib/python3.8/site-packages/airflow/example_dags/example_python_decorator.py for tasks to queue
[2026-04-09T12:24:12.664+0000] {logging_mixin.py:188} INFO - [2026-04-09T12:24:12.664+0000] {dagbag.py:538} INFO - Filling up the DagBag from /home/airflow/.local/lib/python3.8/site-packages/airflow/example_dags/example_python_decorator.py
[2026-04-09T12:24:12.672+0000] {processor.py:840} INFO - DAG(s) 'example_python_decorator' retrieved from /home/airflow/.local/lib/python3.8/site-packages/airflow/example_dags/example_python_decorator.py
[2026-04-09T12:24:12.689+0000] {logging_mixin.py:188} INFO - [2026-04-09T12:24:12.689+0000] {dag.py:3033} INFO - Sync 1 DAGs
[2026-04-09T12:24:12.699+0000] {logging_mixin.py:188} INFO - [2026-04-09T12:24:12.698+0000] {dag.py:3820} INFO - Setting next_dagrun for example_python_decorator to None, run_after=None
[2026-04-09T12:24:12.713+0000] {processor.py:183} INFO - Processing /home/airflow/.local/lib/python3.8/site-packages/airflow/example_dags/example_python_decorator.py took 0.055 seconds
[2026-04-09T12:24:42.934+0000] {processor.py:161} INFO - Started process (PID=2715) to work on /home/airflow/.local/lib/python3.8/site-packages/airflow/example_dags/example_python_decorator.py
[2026-04-09T12:24:42.935+0000] {processor.py:830} INFO - Processing file /home/airflow/.local/lib/python3.8/site-packages/airflow/example_dags/example_python_decorator.py for tasks to queue
[2026-04-09T12:24:42.937+0000] {logging_mixin.py:188} INFO - [2026-04-09T12:24:42.937+0000] {dagbag.py:538} INFO - Filling up the DagBag from /home/airflow/.local/lib/python3.8/site-packages/airflow/example_dags/example_python_decorator.py
[2026-04-09T12:24:42.948+0000] {processor.py:840} INFO - DAG(s) 'example_python_decorator' retrieved from /home/airflow/.local/lib/python3.8/site-packages/airflow/example_dags/example_python_decorator.py
[2026-04-09T12:24:42.967+0000] {logging_mixin.py:188} INFO - [2026-04-09T12:24:42.967+0000] {dag.py:3033} INFO - Sync 1 DAGs
[2026-04-09T12:24:42.977+0000] {logging_mixin.py:188} INFO - [2026-04-09T12:24:42.977+0000] {dag.py:3820} INFO - Setting next_dagrun for example_python_decorator to None, run_after=None
[2026-04-09T12:24:42.991+0000] {processor.py:183} INFO - Processing /home/airflow/.local/lib/python3.8/site-packages/airflow/example_dags/example_python_decorator.py took 0.061 seconds
[2026-04-09T12:25:13.271+0000] {processor.py:161} INFO - Started process (PID=2776) to work on /home/airflow/.local/lib/python3.8/site-packages/airflow/example_dags/example_python_decorator.py
[2026-04-09T12:25:13.272+0000] {processor.py:830} INFO - Processing file /home/airflow/.local/lib/python3.8/site-packages/airflow/example_dags/example_python_decorator.py for tasks to queue
[2026-04-09T12:25:13.273+0000] {logging_mixin.py:188} INFO - [2026-04-09T12:25:13.273+0000] {dagbag.py:538} INFO - Filling up the DagBag from /home/airflow/.local/lib/python3.8/site-packages/airflow/example_dags/example_python_decorator.py
[2026-04-09T12:25:13.280+0000] {processor.py:840} INFO - DAG(s) 'example_python_decorator' retrieved from /home/airflow/.local/lib/python3.8/site-packages/airflow/example_dags/example_python_decorator.py
[2026-04-09T12:25:13.298+0000] {logging_mixin.py:188} INFO - [2026-04-09T12:25:13.298+0000] {dag.py:3033} INFO - Sync 1 DAGs
[2026-04-09T12:25:13.307+0000] {logging_mixin.py:188} INFO - [2026-04-09T12:25:13.307+0000] {dag.py:3820} INFO - Setting next_dagrun for example_python_decorator to None, run_after=None
[2026-04-09T12:25:13.321+0000] {processor.py:183} INFO - Processing /home/airflow/.local/lib/python3.8/site-packages/airflow/example_dags/example_python_decorator.py took 0.053 seconds
[2026-04-09T12:25:44.663+0000] {processor.py:161} INFO - Started process (PID=2837) to work on /home/airflow/.local/lib/python3.8/site-packages/airflow/example_dags/example_python_decorator.py
[2026-04-09T12:25:44.664+0000] {processor.py:830} INFO - Processing file /home/airflow/.local/lib/python3.8/site-packages/airflow/example_dags/example_python_decorator.py for tasks to queue
[2026-04-09T12:25:44.667+0000] {logging_mixin.py:188} INFO - [2026-04-09T12:25:44.666+0000] {dagbag.py:538} INFO - Filling up the DagBag from /home/airflow/.local/lib/python3.8/site-packages/airflow/example_dags/example_python_decorator.py
[2026-04-09T12:25:44.678+0000] {processor.py:840} INFO - DAG(s) 'example_python_decorator' retrieved from /home/airflow/.local/lib/python3.8/site-packages/airflow/example_dags/example_python_decorator.py
[2026-04-09T12:25:44.715+0000] {logging_mixin.py:188} INFO - [2026-04-09T12:25:44.715+0000] {dag.py:3033} INFO - Sync 1 DAGs
[2026-04-09T12:25:44.730+0000] {logging_mixin.py:188} INFO - [2026-04-09T12:25:44.730+0000] {dag.py:3820} INFO - Setting next_dagrun for example_python_decorator to None, run_after=None
[2026-04-09T12:25:44.750+0000] {processor.py:183} INFO - Processing /home/airflow/.local/lib/python3.8/site-packages/airflow/example_dags/example_python_decorator.py took 0.099 seconds
[2026-04-09T12:26:15.792+0000] {processor.py:161} INFO - Started process (PID=2898) to work on /home/airflow/.local/lib/python3.8/site-packages/airflow/example_dags/example_python_decorator.py
[2026-04-09T12:26:15.792+0000] {processor.py:830} INFO - Processing file /home/airflow/.local/lib/python3.8/site-packages/airflow/example_dags/example_python_decorator.py for tasks to queue
[2026-04-09T12:26:15.795+0000] {logging_mixin.py:188} INFO - [2026-04-09T12:26:15.794+0000] {dagbag.py:538} INFO - Filling up the DagBag from /home/airflow/.local/lib/python3.8/site-packages/airflow/example_dags/example_python_decorator.py
[2026-04-09T12:26:15.806+0000] {processor.py:840} INFO - DAG(s) 'example_python_decorator' retrieved from /home/airflow/.local/lib/python3.8/site-packages/airflow/example_dags/example_python_decorator.py
[2026-04-09T12:26:15.859+0000] {logging_mixin.py:188} INFO - [2026-04-09T12:26:15.859+0000] {dag.py:3033} INFO - Sync 1 DAGs
[2026-04-09T12:26:15.889+0000] {logging_mixin.py:188} INFO - [2026-04-09T12:26:15.888+0000] {dag.py:3820} INFO - Setting next_dagrun for example_python_decorator to None, run_after=None
[2026-04-09T12:26:15.938+0000] {processor.py:183} INFO - Processing /home/airflow/.local/lib/python3.8/site-packages/airflow/example_dags/example_python_decorator.py took 0.150 seconds
[2026-04-09T12:26:46.547+0000] {processor.py:161} INFO - Started process (PID=2959) to work on /home/airflow/.local/lib/python3.8/site-packages/airflow/example_dags/example_python_decorator.py
[2026-04-09T12:26:46.548+0000] {processor.py:830} INFO - Processing file /home/airflow/.local/lib/python3.8/site-packages/airflow/example_dags/example_python_decorator.py for tasks to queue
[2026-04-09T12:26:46.551+0000] {logging_mixin.py:188} INFO - [2026-04-09T12:26:46.550+0000] {dagbag.py:538} INFO - Filling up the DagBag from /home/airflow/.local/lib/python3.8/site-packages/airflow/example_dags/example_python_decorator.py
[2026-04-09T12:26:46.563+0000] {processor.py:840} INFO - DAG(s) 'example_python_decorator' retrieved from /home/airflow/.local/lib/python3.8/site-packages/airflow/example_dags/example_python_decorator.py
[2026-04-09T12:26:46.589+0000] {logging_mixin.py:188} INFO - [2026-04-09T12:26:46.589+0000] {dag.py:3033} INFO - Sync 1 DAGs
[2026-04-09T12:26:46.613+0000] {logging_mixin.py:188} INFO - [2026-04-09T12:26:46.613+0000] {dag.py:3820} INFO - Setting next_dagrun for example_python_decorator to None, run_after=None
[2026-04-09T12:26:46.632+0000] {processor.py:183} INFO - Processing /home/airflow/.local/lib/python3.8/site-packages/airflow/example_dags/example_python_decorator.py took 0.088 seconds
[2026-04-09T12:27:17.246+0000] {processor.py:161} INFO - Started process (PID=3020) to work on /home/airflow/.local/lib/python3.8/site-packages/airflow/example_dags/example_python_decorator.py
[2026-04-09T12:27:17.247+0000] {processor.py:830} INFO - Processing file /home/airflow/.local/lib/python3.8/site-packages/airflow/example_dags/example_python_decorator.py for tasks to queue
[2026-04-09T12:27:17.248+0000] {logging_mixin.py:188} INFO - [2026-04-09T12:27:17.248+0000] {dagbag.py:538} INFO - Filling up the DagBag from /home/airflow/.local/lib/python3.8/site-packages/airflow/example_dags/example_python_decorator.py
[2026-04-09T12:27:17.255+0000] {processor.py:840} INFO - DAG(s) 'example_python_decorator' retrieved from /home/airflow/.local/lib/python3.8/site-packages/airflow/example_dags/example_python_decorator.py
[2026-04-09T12:27:17.272+0000] {logging_mixin.py:188} INFO - [2026-04-09T12:27:17.272+0000] {dag.py:3033} INFO - Sync 1 DAGs
[2026-04-09T12:27:17.281+0000] {logging_mixin.py:188} INFO - [2026-04-09T12:27:17.281+0000] {dag.py:3820} INFO - Setting next_dagrun for example_python_decorator to None, run_after=None
[2026-04-09T12:27:17.295+0000] {processor.py:183} INFO - Processing /home/airflow/.local/lib/python3.8/site-packages/airflow/example_dags/example_python_decorator.py took 0.052 seconds
[2026-04-09T12:27:47.367+0000] {processor.py:161} INFO - Started process (PID=3081) to work on /home/airflow/.local/lib/python3.8/site-packages/airflow/example_dags/example_python_decorator.py
[2026-04-09T12:27:47.368+0000] {processor.py:830} INFO - Processing file /home/airflow/.local/lib/python3.8/site-packages/airflow/example_dags/example_python_decorator.py for tasks to queue
[2026-04-09T12:27:47.370+0000] {logging_mixin.py:188} INFO - [2026-04-09T12:27:47.370+0000] {dagbag.py:538} INFO - Filling up the DagBag from /home/airflow/.local/lib/python3.8/site-packages/airflow/example_dags/example_python_decorator.py
[2026-04-09T12:27:47.381+0000] {processor.py:840} INFO - DAG(s) 'example_python_decorator' retrieved from /home/airflow/.local/lib/python3.8/site-packages/airflow/example_dags/example_python_decorator.py
[2026-04-09T12:27:47.409+0000] {logging_mixin.py:188} INFO - [2026-04-09T12:27:47.409+0000] {dag.py:3033} INFO - Sync 1 DAGs
[2026-04-09T12:27:47.431+0000] {logging_mixin.py:188} INFO - [2026-04-09T12:27:47.431+0000] {dag.py:3820} INFO - Setting next_dagrun for example_python_decorator to None, run_after=None
[2026-04-09T12:27:47.448+0000] {processor.py:183} INFO - Processing /home/airflow/.local/lib/python3.8/site-packages/airflow/example_dags/example_python_decorator.py took 0.085 seconds
[2026-04-09T12:28:17.532+0000] {processor.py:161} INFO - Started process (PID=3142) to work on /home/airflow/.local/lib/python3.8/site-packages/airflow/example_dags/example_python_decorator.py
[2026-04-09T12:28:17.532+0000] {processor.py:830} INFO - Processing file /home/airflow/.local/lib/python3.8/site-packages/airflow/example_dags/example_python_decorator.py for tasks to queue
[2026-04-09T12:28:17.534+0000] {logging_mixin.py:188} INFO - [2026-04-09T12:28:17.534+0000] {dagbag.py:538} INFO - Filling up the DagBag from /home/airflow/.local/lib/python3.8/site-packages/airflow/example_dags/example_python_decorator.py
[2026-04-09T12:28:17.545+0000] {processor.py:840} INFO - DAG(s) 'example_python_decorator' retrieved from /home/airflow/.local/lib/python3.8/site-packages/airflow/example_dags/example_python_decorator.py
[2026-04-09T12:28:17.569+0000] {logging_mixin.py:188} INFO - [2026-04-09T12:28:17.569+0000] {dag.py:3033} INFO - Sync 1 DAGs
[2026-04-09T12:28:17.583+0000] {logging_mixin.py:188} INFO - [2026-04-09T12:28:17.583+0000] {dag.py:3820} INFO - Setting next_dagrun for example_python_decorator to None, run_after=None
[2026-04-09T12:28:17.602+0000] {processor.py:183} INFO - Processing /home/airflow/.local/lib/python3.8/site-packages/airflow/example_dags/example_python_decorator.py took 0.073 seconds
[2026-04-09T12:28:47.899+0000] {processor.py:161} INFO - Started process (PID=3202) to work on /home/airflow/.local/lib/python3.8/site-packages/airflow/example_dags/example_python_decorator.py
[2026-04-09T12:28:47.900+0000] {processor.py:830} INFO - Processing file /home/airflow/.local/lib/python3.8/site-packages/airflow/example_dags/example_python_decorator.py for tasks to queue
[2026-04-09T12:28:47.902+0000] {logging_mixin.py:188} INFO - [2026-04-09T12:28:47.902+0000] {dagbag.py:538} INFO - Filling up the DagBag from /home/airflow/.local/lib/python3.8/site-packages/airflow/example_dags/example_python_decorator.py
[2026-04-09T12:28:47.921+0000] {processor.py:840} INFO - DAG(s) 'example_python_decorator' retrieved from /home/airflow/.local/lib/python3.8/site-packages/airflow/example_dags/example_python_decorator.py
[2026-04-09T12:28:47.949+0000] {logging_mixin.py:188} INFO - [2026-04-09T12:28:47.948+0000] {dag.py:3033} INFO - Sync 1 DAGs
[2026-04-09T12:28:47.963+0000] {logging_mixin.py:188} INFO - [2026-04-09T12:28:47.963+0000] {dag.py:3820} INFO - Setting next_dagrun for example_python_decorator to None, run_after=None
[2026-04-09T12:28:47.983+0000] {processor.py:183} INFO - Processing /home/airflow/.local/lib/python3.8/site-packages/airflow/example_dags/example_python_decorator.py took 0.090 seconds
[2026-04-09T12:29:19.299+0000] {processor.py:161} INFO - Started process (PID=3264) to work on /home/airflow/.local/lib/python3.8/site-packages/airflow/example_dags/example_python_decorator.py
[2026-04-09T12:29:19.302+0000] {processor.py:830} INFO - Processing file /home/airflow/.local/lib/python3.8/site-packages/airflow/example_dags/example_python_decorator.py for tasks to queue
[2026-04-09T12:29:19.305+0000] {logging_mixin.py:188} INFO - [2026-04-09T12:29:19.305+0000] {dagbag.py:538} INFO - Filling up the DagBag from /home/airflow/.local/lib/python3.8/site-packages/airflow/example_dags/example_python_decorator.py
[2026-04-09T12:29:19.321+0000] {processor.py:840} INFO - DAG(s) 'example_python_decorator' retrieved from /home/airflow/.local/lib/python3.8/site-packages/airflow/example_dags/example_python_decorator.py
[2026-04-09T12:29:19.367+0000] {logging_mixin.py:188} INFO - [2026-04-09T12:29:19.366+0000] {dag.py:3033} INFO - Sync 1 DAGs
[2026-04-09T12:29:19.386+0000] {logging_mixin.py:188} INFO - [2026-04-09T12:29:19.386+0000] {dag.py:3820} INFO - Setting next_dagrun for example_python_decorator to None, run_after=None
[2026-04-09T12:29:19.425+0000] {processor.py:183} INFO - Processing /home/airflow/.local/lib/python3.8/site-packages/airflow/example_dags/example_python_decorator.py took 0.130 seconds
[2026-04-09T12:29:50.235+0000] {processor.py:161} INFO - Started process (PID=3325) to work on /home/airflow/.local/lib/python3.8/site-packages/airflow/example_dags/example_python_decorator.py
[2026-04-09T12:29:50.236+0000] {processor.py:830} INFO - Processing file /home/airflow/.local/lib/python3.8/site-packages/airflow/example_dags/example_python_decorator.py for tasks to queue
[2026-04-09T12:29:50.239+0000] {logging_mixin.py:188} INFO - [2026-04-09T12:29:50.238+0000] {dagbag.py:538} INFO - Filling up the DagBag from /home/airflow/.local/lib/python3.8/site-packages/airflow/example_dags/example_python_decorator.py
[2026-04-09T12:29:50.250+0000] {processor.py:840} INFO - DAG(s) 'example_python_decorator' retrieved from /home/airflow/.local/lib/python3.8/site-packages/airflow/example_dags/example_python_decorator.py
[2026-04-09T12:29:50.273+0000] {logging_mixin.py:188} INFO - [2026-04-09T12:29:50.273+0000] {dag.py:3033} INFO - Sync 1 DAGs
[2026-04-09T12:29:50.288+0000] {logging_mixin.py:188} INFO - [2026-04-09T12:29:50.287+0000] {dag.py:3820} INFO - Setting next_dagrun for example_python_decorator to None, run_after=None
[2026-04-09T12:29:50.306+0000] {processor.py:183} INFO - Processing /home/airflow/.local/lib/python3.8/site-packages/airflow/example_dags/example_python_decorator.py took 0.077 seconds
[2026-04-09T12:30:20.450+0000] {processor.py:161} INFO - Started process (PID=3386) to work on /home/airflow/.local/lib/python3.8/site-packages/airflow/example_dags/example_python_decorator.py
[2026-04-09T12:30:20.451+0000] {processor.py:830} INFO - Processing file /home/airflow/.local/lib/python3.8/site-packages/airflow/example_dags/example_python_decorator.py for tasks to queue
[2026-04-09T12:30:20.453+0000] {logging_mixin.py:188} INFO - [2026-04-09T12:30:20.453+0000] {dagbag.py:538} INFO - Filling up the DagBag from /home/airflow/.local/lib/python3.8/site-packages/airflow/example_dags/example_python_decorator.py
[2026-04-09T12:30:20.464+0000] {processor.py:840} INFO - DAG(s) 'example_python_decorator' retrieved from /home/airflow/.local/lib/python3.8/site-packages/airflow/example_dags/example_python_decorator.py
[2026-04-09T12:30:20.493+0000] {logging_mixin.py:188} INFO - [2026-04-09T12:30:20.493+0000] {dag.py:3033} INFO - Sync 1 DAGs
[2026-04-09T12:30:20.520+0000] {logging_mixin.py:188} INFO - [2026-04-09T12:30:20.519+0000] {dag.py:3820} INFO - Setting next_dagrun for example_python_decorator to None, run_after=None
[2026-04-09T12:30:20.540+0000] {processor.py:183} INFO - Processing /home/airflow/.local/lib/python3.8/site-packages/airflow/example_dags/example_python_decorator.py took 0.095 seconds
[2026-04-09T12:30:51.093+0000] {processor.py:161} INFO - Started process (PID=3447) to work on /home/airflow/.local/lib/python3.8/site-packages/airflow/example_dags/example_python_decorator.py
[2026-04-09T12:30:51.094+0000] {processor.py:830} INFO - Processing file /home/airflow/.local/lib/python3.8/site-packages/airflow/example_dags/example_python_decorator.py for tasks to queue
[2026-04-09T12:30:51.097+0000] {logging_mixin.py:188} INFO - [2026-04-09T12:30:51.096+0000] {dagbag.py:538} INFO - Filling up the DagBag from /home/airflow/.local/lib/python3.8/site-packages/airflow/example_dags/example_python_decorator.py
[2026-04-09T12:30:51.107+0000] {processor.py:840} INFO - DAG(s) 'example_python_decorator' retrieved from /home/airflow/.local/lib/python3.8/site-packages/airflow/example_dags/example_python_decorator.py
[2026-04-09T12:30:51.134+0000] {logging_mixin.py:188} INFO - [2026-04-09T12:30:51.133+0000] {dag.py:3033} INFO - Sync 1 DAGs
[2026-04-09T12:30:51.150+0000] {logging_mixin.py:188} INFO - [2026-04-09T12:30:51.149+0000] {dag.py:3820} INFO - Setting next_dagrun for example_python_decorator to None, run_after=None
[2026-04-09T12:30:51.173+0000] {processor.py:183} INFO - Processing /home/airflow/.local/lib/python3.8/site-packages/airflow/example_dags/example_python_decorator.py took 0.083 seconds
[2026-04-09T12:31:21.306+0000] {processor.py:161} INFO - Started process (PID=3508) to work on /home/airflow/.local/lib/python3.8/site-packages/airflow/example_dags/example_python_decorator.py
[2026-04-09T12:31:21.307+0000] {processor.py:830} INFO - Processing file /home/airflow/.local/lib/python3.8/site-packages/airflow/example_dags/example_python_decorator.py for tasks to queue
[2026-04-09T12:31:21.309+0000] {logging_mixin.py:188} INFO - [2026-04-09T12:31:21.309+0000] {dagbag.py:538} INFO - Filling up the DagBag from /home/airflow/.local/lib/python3.8/site-packages/airflow/example_dags/example_python_decorator.py
[2026-04-09T12:31:21.321+0000] {processor.py:840} INFO - DAG(s) 'example_python_decorator' retrieved from /home/airflow/.local/lib/python3.8/site-packages/airflow/example_dags/example_python_decorator.py
[2026-04-09T12:31:21.347+0000] {logging_mixin.py:188} INFO - [2026-04-09T12:31:21.347+0000] {dag.py:3033} INFO - Sync 1 DAGs
[2026-04-09T12:31:21.362+0000] {logging_mixin.py:188} INFO - [2026-04-09T12:31:21.362+0000] {dag.py:3820} INFO - Setting next_dagrun for example_python_decorator to None, run_after=None
[2026-04-09T12:31:21.384+0000] {processor.py:183} INFO - Processing /home/airflow/.local/lib/python3.8/site-packages/airflow/example_dags/example_python_decorator.py took 0.082 seconds
[2026-04-09T12:31:51.702+0000] {processor.py:161} INFO - Started process (PID=3569) to work on /home/airflow/.local/lib/python3.8/site-packages/airflow/example_dags/example_python_decorator.py
[2026-04-09T12:31:51.703+0000] {processor.py:830} INFO - Processing file /home/airflow/.local/lib/python3.8/site-packages/airflow/example_dags/example_python_decorator.py for tasks to queue
[2026-04-09T12:31:51.705+0000] {logging_mixin.py:188} INFO - [2026-04-09T12:31:51.705+0000] {dagbag.py:538} INFO - Filling up the DagBag from /home/airflow/.local/lib/python3.8/site-packages/airflow/example_dags/example_python_decorator.py
[2026-04-09T12:31:51.716+0000] {processor.py:840} INFO - DAG(s) 'example_python_decorator' retrieved from /home/airflow/.local/lib/python3.8/site-packages/airflow/example_dags/example_python_decorator.py
[2026-04-09T12:31:51.741+0000] {logging_mixin.py:188} INFO - [2026-04-09T12:31:51.741+0000] {dag.py:3033} INFO - Sync 1 DAGs
[2026-04-09T12:31:51.756+0000] {logging_mixin.py:188} INFO - [2026-04-09T12:31:51.756+0000] {dag.py:3820} INFO - Setting next_dagrun for example_python_decorator to None, run_after=None
[2026-04-09T12:31:51.778+0000] {processor.py:183} INFO - Processing /home/airflow/.local/lib/python3.8/site-packages/airflow/example_dags/example_python_decorator.py took 0.080 seconds
[2026-04-09T12:46:16.729+0000] {processor.py:161} INFO - Started process (PID=92) to work on /home/airflow/.local/lib/python3.8/site-packages/airflow/example_dags/example_python_decorator.py
[2026-04-09T12:46:16.731+0000] {processor.py:830} INFO - Processing file /home/airflow/.local/lib/python3.8/site-packages/airflow/example_dags/example_python_decorator.py for tasks to queue
[2026-04-09T12:46:16.738+0000] {logging_mixin.py:188} INFO - [2026-04-09T12:46:16.738+0000] {dagbag.py:538} INFO - Filling up the DagBag from /home/airflow/.local/lib/python3.8/site-packages/airflow/example_dags/example_python_decorator.py
[2026-04-09T12:46:16.775+0000] {processor.py:840} INFO - DAG(s) 'example_python_decorator' retrieved from /home/airflow/.local/lib/python3.8/site-packages/airflow/example_dags/example_python_decorator.py
[2026-04-09T12:46:16.839+0000] {logging_mixin.py:188} INFO - [2026-04-09T12:46:16.839+0000] {dag.py:3033} INFO - Sync 1 DAGs
[2026-04-09T12:46:16.856+0000] {logging_mixin.py:188} INFO - [2026-04-09T12:46:16.856+0000] {dag.py:3820} INFO - Setting next_dagrun for example_python_decorator to None, run_after=None
[2026-04-09T12:46:16.909+0000] {processor.py:183} INFO - Processing /home/airflow/.local/lib/python3.8/site-packages/airflow/example_dags/example_python_decorator.py took 0.187 seconds
[2026-04-09T12:46:47.949+0000] {processor.py:161} INFO - Started process (PID=152) to work on /home/airflow/.local/lib/python3.8/site-packages/airflow/example_dags/example_python_decorator.py
[2026-04-09T12:46:47.957+0000] {processor.py:830} INFO - Processing file /home/airflow/.local/lib/python3.8/site-packages/airflow/example_dags/example_python_decorator.py for tasks to queue
[2026-04-09T12:46:47.968+0000] {logging_mixin.py:188} INFO - [2026-04-09T12:46:47.968+0000] {dagbag.py:538} INFO - Filling up the DagBag from /home/airflow/.local/lib/python3.8/site-packages/airflow/example_dags/example_python_decorator.py
[2026-04-09T12:46:48.000+0000] {processor.py:840} INFO - DAG(s) 'example_python_decorator' retrieved from /home/airflow/.local/lib/python3.8/site-packages/airflow/example_dags/example_python_decorator.py
[2026-04-09T12:46:48.063+0000] {logging_mixin.py:188} INFO - [2026-04-09T12:46:48.062+0000] {dag.py:3033} INFO - Sync 1 DAGs
[2026-04-09T12:46:48.089+0000] {logging_mixin.py:188} INFO - [2026-04-09T12:46:48.089+0000] {dag.py:3820} INFO - Setting next_dagrun for example_python_decorator to None, run_after=None
[2026-04-09T12:46:48.132+0000] {processor.py:183} INFO - Processing /home/airflow/.local/lib/python3.8/site-packages/airflow/example_dags/example_python_decorator.py took 0.204 seconds
[2026-04-09T12:47:22.669+0000] {processor.py:161} INFO - Started process (PID=212) to work on /home/airflow/.local/lib/python3.8/site-packages/airflow/example_dags/example_python_decorator.py
[2026-04-09T12:47:22.672+0000] {processor.py:830} INFO - Processing file /home/airflow/.local/lib/python3.8/site-packages/airflow/example_dags/example_python_decorator.py for tasks to queue
[2026-04-09T12:47:22.676+0000] {logging_mixin.py:188} INFO - [2026-04-09T12:47:22.676+0000] {dagbag.py:538} INFO - Filling up the DagBag from /home/airflow/.local/lib/python3.8/site-packages/airflow/example_dags/example_python_decorator.py
[2026-04-09T12:47:22.830+0000] {processor.py:840} INFO - DAG(s) 'example_python_decorator' retrieved from /home/airflow/.local/lib/python3.8/site-packages/airflow/example_dags/example_python_decorator.py
[2026-04-09T12:47:23.314+0000] {logging_mixin.py:188} INFO - [2026-04-09T12:47:23.301+0000] {dag.py:3033} INFO - Sync 1 DAGs
[2026-04-09T12:47:23.430+0000] {logging_mixin.py:188} INFO - [2026-04-09T12:47:23.430+0000] {dag.py:3820} INFO - Setting next_dagrun for example_python_decorator to None, run_after=None
[2026-04-09T12:47:23.591+0000] {processor.py:183} INFO - Processing /home/airflow/.local/lib/python3.8/site-packages/airflow/example_dags/example_python_decorator.py took 0.931 seconds
[2026-04-09T12:47:53.668+0000] {processor.py:161} INFO - Started process (PID=273) to work on /home/airflow/.local/lib/python3.8/site-packages/airflow/example_dags/example_python_decorator.py
[2026-04-09T12:47:53.671+0000] {processor.py:830} INFO - Processing file /home/airflow/.local/lib/python3.8/site-packages/airflow/example_dags/example_python_decorator.py for tasks to queue
[2026-04-09T12:47:53.673+0000] {logging_mixin.py:188} INFO - [2026-04-09T12:47:53.673+0000] {dagbag.py:538} INFO - Filling up the DagBag from /home/airflow/.local/lib/python3.8/site-packages/airflow/example_dags/example_python_decorator.py
[2026-04-09T12:47:53.694+0000] {processor.py:840} INFO - DAG(s) 'example_python_decorator' retrieved from /home/airflow/.local/lib/python3.8/site-packages/airflow/example_dags/example_python_decorator.py
[2026-04-09T12:47:53.751+0000] {logging_mixin.py:188} INFO - [2026-04-09T12:47:53.750+0000] {dag.py:3033} INFO - Sync 1 DAGs
[2026-04-09T12:47:53.773+0000] {logging_mixin.py:188} INFO - [2026-04-09T12:47:53.773+0000] {dag.py:3820} INFO - Setting next_dagrun for example_python_decorator to None, run_after=None
[2026-04-09T12:47:53.809+0000] {processor.py:183} INFO - Processing /home/airflow/.local/lib/python3.8/site-packages/airflow/example_dags/example_python_decorator.py took 0.152 seconds
[2026-04-09T12:48:24.371+0000] {processor.py:161} INFO - Started process (PID=334) to work on /home/airflow/.local/lib/python3.8/site-packages/airflow/example_dags/example_python_decorator.py
[2026-04-09T12:48:24.372+0000] {processor.py:830} INFO - Processing file /home/airflow/.local/lib/python3.8/site-packages/airflow/example_dags/example_python_decorator.py for tasks to queue
[2026-04-09T12:48:24.375+0000] {logging_mixin.py:188} INFO - [2026-04-09T12:48:24.374+0000] {dagbag.py:538} INFO - Filling up the DagBag from /home/airflow/.local/lib/python3.8/site-packages/airflow/example_dags/example_python_decorator.py
[2026-04-09T12:48:24.385+0000] {processor.py:840} INFO - DAG(s) 'example_python_decorator' retrieved from /home/airflow/.local/lib/python3.8/site-packages/airflow/example_dags/example_python_decorator.py
[2026-04-09T12:48:24.458+0000] {logging_mixin.py:188} INFO - [2026-04-09T12:48:24.458+0000] {dag.py:3033} INFO - Sync 1 DAGs
[2026-04-09T12:48:24.482+0000] {logging_mixin.py:188} INFO - [2026-04-09T12:48:24.481+0000] {dag.py:3820} INFO - Setting next_dagrun for example_python_decorator to None, run_after=None
[2026-04-09T12:48:24.515+0000] {processor.py:183} INFO - Processing /home/airflow/.local/lib/python3.8/site-packages/airflow/example_dags/example_python_decorator.py took 0.147 seconds
[2026-04-09T12:48:55.255+0000] {processor.py:161} INFO - Started process (PID=395) to work on /home/airflow/.local/lib/python3.8/site-packages/airflow/example_dags/example_python_decorator.py
[2026-04-09T12:48:55.258+0000] {processor.py:830} INFO - Processing file /home/airflow/.local/lib/python3.8/site-packages/airflow/example_dags/example_python_decorator.py for tasks to queue
[2026-04-09T12:48:55.261+0000] {logging_mixin.py:188} INFO - [2026-04-09T12:48:55.261+0000] {dagbag.py:538} INFO - Filling up the DagBag from /home/airflow/.local/lib/python3.8/site-packages/airflow/example_dags/example_python_decorator.py
[2026-04-09T12:48:55.283+0000] {processor.py:840} INFO - DAG(s) 'example_python_decorator' retrieved from /home/airflow/.local/lib/python3.8/site-packages/airflow/example_dags/example_python_decorator.py
[2026-04-09T12:48:55.324+0000] {logging_mixin.py:188} INFO - [2026-04-09T12:48:55.323+0000] {dag.py:3033} INFO - Sync 1 DAGs
[2026-04-09T12:48:55.344+0000] {logging_mixin.py:188} INFO - [2026-04-09T12:48:55.344+0000] {dag.py:3820} INFO - Setting next_dagrun for example_python_decorator to None, run_after=None
[2026-04-09T12:48:55.373+0000] {processor.py:183} INFO - Processing /home/airflow/.local/lib/python3.8/site-packages/airflow/example_dags/example_python_decorator.py took 0.123 seconds
[2026-04-09T12:49:25.948+0000] {processor.py:161} INFO - Started process (PID=455) to work on /home/airflow/.local/lib/python3.8/site-packages/airflow/example_dags/example_python_decorator.py
[2026-04-09T12:49:25.951+0000] {processor.py:830} INFO - Processing file /home/airflow/.local/lib/python3.8/site-packages/airflow/example_dags/example_python_decorator.py for tasks to queue
[2026-04-09T12:49:25.955+0000] {logging_mixin.py:188} INFO - [2026-04-09T12:49:25.955+0000] {dagbag.py:538} INFO - Filling up the DagBag from /home/airflow/.local/lib/python3.8/site-packages/airflow/example_dags/example_python_decorator.py
[2026-04-09T12:49:25.974+0000] {processor.py:840} INFO - DAG(s) 'example_python_decorator' retrieved from /home/airflow/.local/lib/python3.8/site-packages/airflow/example_dags/example_python_decorator.py
[2026-04-09T12:49:26.000+0000] {logging_mixin.py:188} INFO - [2026-04-09T12:49:25.999+0000] {dag.py:3033} INFO - Sync 1 DAGs
[2026-04-09T12:49:26.033+0000] {logging_mixin.py:188} INFO - [2026-04-09T12:49:26.029+0000] {dag.py:3820} INFO - Setting next_dagrun for example_python_decorator to None, run_after=None
[2026-04-09T12:49:26.067+0000] {processor.py:183} INFO - Processing /home/airflow/.local/lib/python3.8/site-packages/airflow/example_dags/example_python_decorator.py took 0.128 seconds
