[2026-04-09T08:04:51.479+0000] {processor.py:161} INFO - Started process (PID=112) to work on /home/airflow/.local/lib/python3.8/site-packages/airflow/example_dags/example_branch_operator.py
[2026-04-09T08:04:51.486+0000] {processor.py:830} INFO - Processing file /home/airflow/.local/lib/python3.8/site-packages/airflow/example_dags/example_branch_operator.py for tasks to queue
[2026-04-09T08:04:51.492+0000] {logging_mixin.py:188} INFO - [2026-04-09T08:04:51.492+0000] {dagbag.py:538} INFO - Filling up the DagBag from /home/airflow/.local/lib/python3.8/site-packages/airflow/example_dags/example_branch_operator.py
[2026-04-09T08:04:51.587+0000] {processor.py:840} INFO - DAG(s) 'example_branch_operator' retrieved from /home/airflow/.local/lib/python3.8/site-packages/airflow/example_dags/example_branch_operator.py
[2026-04-09T08:04:51.887+0000] {logging_mixin.py:188} INFO - [2026-04-09T08:04:51.886+0000] {dag.py:3033} INFO - Sync 1 DAGs
[2026-04-09T08:04:51.952+0000] {logging_mixin.py:188} INFO - [2026-04-09T08:04:51.952+0000] {dag.py:3820} INFO - Setting next_dagrun for example_branch_operator to 2026-04-08T00:00:00+00:00, run_after=2026-04-09T00:00:00+00:00
[2026-04-09T08:04:52.022+0000] {processor.py:183} INFO - Processing /home/airflow/.local/lib/python3.8/site-packages/airflow/example_dags/example_branch_operator.py took 0.555 seconds
[2026-04-09T08:05:26.288+0000] {processor.py:161} INFO - Started process (PID=173) to work on /home/airflow/.local/lib/python3.8/site-packages/airflow/example_dags/example_branch_operator.py
[2026-04-09T08:05:26.293+0000] {processor.py:830} INFO - Processing file /home/airflow/.local/lib/python3.8/site-packages/airflow/example_dags/example_branch_operator.py for tasks to queue
[2026-04-09T08:05:26.297+0000] {logging_mixin.py:188} INFO - [2026-04-09T08:05:26.297+0000] {dagbag.py:538} INFO - Filling up the DagBag from /home/airflow/.local/lib/python3.8/site-packages/airflow/example_dags/example_branch_operator.py
[2026-04-09T08:05:26.339+0000] {processor.py:840} INFO - DAG(s) 'example_branch_operator' retrieved from /home/airflow/.local/lib/python3.8/site-packages/airflow/example_dags/example_branch_operator.py
[2026-04-09T08:05:26.491+0000] {logging_mixin.py:188} INFO - [2026-04-09T08:05:26.491+0000] {dag.py:3033} INFO - Sync 1 DAGs
[2026-04-09T08:05:26.701+0000] {logging_mixin.py:188} INFO - [2026-04-09T08:05:26.701+0000] {dag.py:3820} INFO - Setting next_dagrun for example_branch_operator to 2026-04-08T00:00:00+00:00, run_after=2026-04-09T00:00:00+00:00
[2026-04-09T08:05:26.806+0000] {processor.py:183} INFO - Processing /home/airflow/.local/lib/python3.8/site-packages/airflow/example_dags/example_branch_operator.py took 0.526 seconds
[2026-04-09T08:05:58.465+0000] {processor.py:161} INFO - Started process (PID=233) to work on /home/airflow/.local/lib/python3.8/site-packages/airflow/example_dags/example_branch_operator.py
[2026-04-09T08:05:58.470+0000] {processor.py:830} INFO - Processing file /home/airflow/.local/lib/python3.8/site-packages/airflow/example_dags/example_branch_operator.py for tasks to queue
[2026-04-09T08:05:58.477+0000] {logging_mixin.py:188} INFO - [2026-04-09T08:05:58.476+0000] {dagbag.py:538} INFO - Filling up the DagBag from /home/airflow/.local/lib/python3.8/site-packages/airflow/example_dags/example_branch_operator.py
[2026-04-09T08:05:58.537+0000] {processor.py:840} INFO - DAG(s) 'example_branch_operator' retrieved from /home/airflow/.local/lib/python3.8/site-packages/airflow/example_dags/example_branch_operator.py
[2026-04-09T08:05:58.608+0000] {logging_mixin.py:188} INFO - [2026-04-09T08:05:58.608+0000] {dag.py:3033} INFO - Sync 1 DAGs
[2026-04-09T08:05:58.648+0000] {logging_mixin.py:188} INFO - [2026-04-09T08:05:58.647+0000] {dag.py:3820} INFO - Setting next_dagrun for example_branch_operator to 2026-04-08T00:00:00+00:00, run_after=2026-04-09T00:00:00+00:00
[2026-04-09T08:05:58.693+0000] {processor.py:183} INFO - Processing /home/airflow/.local/lib/python3.8/site-packages/airflow/example_dags/example_branch_operator.py took 0.242 seconds
[2026-04-09T08:06:29.775+0000] {processor.py:161} INFO - Started process (PID=294) to work on /home/airflow/.local/lib/python3.8/site-packages/airflow/example_dags/example_branch_operator.py
[2026-04-09T08:06:29.777+0000] {processor.py:830} INFO - Processing file /home/airflow/.local/lib/python3.8/site-packages/airflow/example_dags/example_branch_operator.py for tasks to queue
[2026-04-09T08:06:29.782+0000] {logging_mixin.py:188} INFO - [2026-04-09T08:06:29.782+0000] {dagbag.py:538} INFO - Filling up the DagBag from /home/airflow/.local/lib/python3.8/site-packages/airflow/example_dags/example_branch_operator.py
[2026-04-09T08:06:29.816+0000] {processor.py:840} INFO - DAG(s) 'example_branch_operator' retrieved from /home/airflow/.local/lib/python3.8/site-packages/airflow/example_dags/example_branch_operator.py
[2026-04-09T08:06:29.870+0000] {logging_mixin.py:188} INFO - [2026-04-09T08:06:29.870+0000] {dag.py:3033} INFO - Sync 1 DAGs
[2026-04-09T08:06:29.901+0000] {logging_mixin.py:188} INFO - [2026-04-09T08:06:29.901+0000] {dag.py:3820} INFO - Setting next_dagrun for example_branch_operator to 2026-04-08T00:00:00+00:00, run_after=2026-04-09T00:00:00+00:00
[2026-04-09T08:06:29.920+0000] {processor.py:183} INFO - Processing /home/airflow/.local/lib/python3.8/site-packages/airflow/example_dags/example_branch_operator.py took 0.156 seconds
[2026-04-09T08:07:00.222+0000] {processor.py:161} INFO - Started process (PID=355) to work on /home/airflow/.local/lib/python3.8/site-packages/airflow/example_dags/example_branch_operator.py
[2026-04-09T08:07:00.230+0000] {processor.py:830} INFO - Processing file /home/airflow/.local/lib/python3.8/site-packages/airflow/example_dags/example_branch_operator.py for tasks to queue
[2026-04-09T08:07:00.251+0000] {logging_mixin.py:188} INFO - [2026-04-09T08:07:00.242+0000] {dagbag.py:538} INFO - Filling up the DagBag from /home/airflow/.local/lib/python3.8/site-packages/airflow/example_dags/example_branch_operator.py
[2026-04-09T08:07:00.360+0000] {processor.py:840} INFO - DAG(s) 'example_branch_operator' retrieved from /home/airflow/.local/lib/python3.8/site-packages/airflow/example_dags/example_branch_operator.py
[2026-04-09T08:07:00.461+0000] {logging_mixin.py:188} INFO - [2026-04-09T08:07:00.461+0000] {dag.py:3033} INFO - Sync 1 DAGs
[2026-04-09T08:07:00.572+0000] {logging_mixin.py:188} INFO - [2026-04-09T08:07:00.572+0000] {dag.py:3820} INFO - Setting next_dagrun for example_branch_operator to 2026-04-08T00:00:00+00:00, run_after=2026-04-09T00:00:00+00:00
[2026-04-09T08:07:00.641+0000] {processor.py:183} INFO - Processing /home/airflow/.local/lib/python3.8/site-packages/airflow/example_dags/example_branch_operator.py took 0.441 seconds
[2026-04-09T08:07:30.765+0000] {processor.py:161} INFO - Started process (PID=417) to work on /home/airflow/.local/lib/python3.8/site-packages/airflow/example_dags/example_branch_operator.py
[2026-04-09T08:07:30.765+0000] {processor.py:830} INFO - Processing file /home/airflow/.local/lib/python3.8/site-packages/airflow/example_dags/example_branch_operator.py for tasks to queue
[2026-04-09T08:07:30.768+0000] {logging_mixin.py:188} INFO - [2026-04-09T08:07:30.767+0000] {dagbag.py:538} INFO - Filling up the DagBag from /home/airflow/.local/lib/python3.8/site-packages/airflow/example_dags/example_branch_operator.py
[2026-04-09T08:07:30.796+0000] {processor.py:840} INFO - DAG(s) 'example_branch_operator' retrieved from /home/airflow/.local/lib/python3.8/site-packages/airflow/example_dags/example_branch_operator.py
[2026-04-09T08:07:30.827+0000] {logging_mixin.py:188} INFO - [2026-04-09T08:07:30.827+0000] {dag.py:3033} INFO - Sync 1 DAGs
[2026-04-09T08:07:30.852+0000] {logging_mixin.py:188} INFO - [2026-04-09T08:07:30.851+0000] {dag.py:3820} INFO - Setting next_dagrun for example_branch_operator to 2026-04-08T00:00:00+00:00, run_after=2026-04-09T00:00:00+00:00
[2026-04-09T08:07:30.869+0000] {processor.py:183} INFO - Processing /home/airflow/.local/lib/python3.8/site-packages/airflow/example_dags/example_branch_operator.py took 0.107 seconds
[2026-04-09T08:08:01.405+0000] {processor.py:161} INFO - Started process (PID=484) to work on /home/airflow/.local/lib/python3.8/site-packages/airflow/example_dags/example_branch_operator.py
[2026-04-09T08:08:01.408+0000] {processor.py:830} INFO - Processing file /home/airflow/.local/lib/python3.8/site-packages/airflow/example_dags/example_branch_operator.py for tasks to queue
[2026-04-09T08:08:01.412+0000] {logging_mixin.py:188} INFO - [2026-04-09T08:08:01.412+0000] {dagbag.py:538} INFO - Filling up the DagBag from /home/airflow/.local/lib/python3.8/site-packages/airflow/example_dags/example_branch_operator.py
[2026-04-09T08:08:01.472+0000] {processor.py:840} INFO - DAG(s) 'example_branch_operator' retrieved from /home/airflow/.local/lib/python3.8/site-packages/airflow/example_dags/example_branch_operator.py
[2026-04-09T08:08:01.511+0000] {logging_mixin.py:188} INFO - [2026-04-09T08:08:01.511+0000] {dag.py:3033} INFO - Sync 1 DAGs
[2026-04-09T08:08:01.552+0000] {logging_mixin.py:188} INFO - [2026-04-09T08:08:01.552+0000] {dag.py:3820} INFO - Setting next_dagrun for example_branch_operator to 2026-04-08T00:00:00+00:00, run_after=2026-04-09T00:00:00+00:00
[2026-04-09T08:08:01.594+0000] {processor.py:183} INFO - Processing /home/airflow/.local/lib/python3.8/site-packages/airflow/example_dags/example_branch_operator.py took 0.205 seconds
[2026-04-09T08:08:31.778+0000] {processor.py:161} INFO - Started process (PID=545) to work on /home/airflow/.local/lib/python3.8/site-packages/airflow/example_dags/example_branch_operator.py
[2026-04-09T08:08:31.779+0000] {processor.py:830} INFO - Processing file /home/airflow/.local/lib/python3.8/site-packages/airflow/example_dags/example_branch_operator.py for tasks to queue
[2026-04-09T08:08:31.781+0000] {logging_mixin.py:188} INFO - [2026-04-09T08:08:31.781+0000] {dagbag.py:538} INFO - Filling up the DagBag from /home/airflow/.local/lib/python3.8/site-packages/airflow/example_dags/example_branch_operator.py
[2026-04-09T08:08:31.801+0000] {processor.py:840} INFO - DAG(s) 'example_branch_operator' retrieved from /home/airflow/.local/lib/python3.8/site-packages/airflow/example_dags/example_branch_operator.py
[2026-04-09T08:08:31.832+0000] {logging_mixin.py:188} INFO - [2026-04-09T08:08:31.831+0000] {dag.py:3033} INFO - Sync 1 DAGs
[2026-04-09T08:08:31.856+0000] {logging_mixin.py:188} INFO - [2026-04-09T08:08:31.856+0000] {dag.py:3820} INFO - Setting next_dagrun for example_branch_operator to 2026-04-08T00:00:00+00:00, run_after=2026-04-09T00:00:00+00:00
[2026-04-09T08:08:31.873+0000] {processor.py:183} INFO - Processing /home/airflow/.local/lib/python3.8/site-packages/airflow/example_dags/example_branch_operator.py took 0.099 seconds
[2026-04-09T08:09:02.331+0000] {processor.py:161} INFO - Started process (PID=606) to work on /home/airflow/.local/lib/python3.8/site-packages/airflow/example_dags/example_branch_operator.py
[2026-04-09T08:09:02.332+0000] {processor.py:830} INFO - Processing file /home/airflow/.local/lib/python3.8/site-packages/airflow/example_dags/example_branch_operator.py for tasks to queue
[2026-04-09T08:09:02.334+0000] {logging_mixin.py:188} INFO - [2026-04-09T08:09:02.334+0000] {dagbag.py:538} INFO - Filling up the DagBag from /home/airflow/.local/lib/python3.8/site-packages/airflow/example_dags/example_branch_operator.py
[2026-04-09T08:09:02.352+0000] {processor.py:840} INFO - DAG(s) 'example_branch_operator' retrieved from /home/airflow/.local/lib/python3.8/site-packages/airflow/example_dags/example_branch_operator.py
[2026-04-09T08:09:02.382+0000] {logging_mixin.py:188} INFO - [2026-04-09T08:09:02.382+0000] {dag.py:3033} INFO - Sync 1 DAGs
[2026-04-09T08:09:02.417+0000] {logging_mixin.py:188} INFO - [2026-04-09T08:09:02.417+0000] {dag.py:3820} INFO - Setting next_dagrun for example_branch_operator to 2026-04-08T00:00:00+00:00, run_after=2026-04-09T00:00:00+00:00
[2026-04-09T08:09:02.435+0000] {processor.py:183} INFO - Processing /home/airflow/.local/lib/python3.8/site-packages/airflow/example_dags/example_branch_operator.py took 0.108 seconds
[2026-04-09T08:09:32.541+0000] {processor.py:161} INFO - Started process (PID=668) to work on /home/airflow/.local/lib/python3.8/site-packages/airflow/example_dags/example_branch_operator.py
[2026-04-09T08:09:32.542+0000] {processor.py:830} INFO - Processing file /home/airflow/.local/lib/python3.8/site-packages/airflow/example_dags/example_branch_operator.py for tasks to queue
[2026-04-09T08:09:32.543+0000] {logging_mixin.py:188} INFO - [2026-04-09T08:09:32.543+0000] {dagbag.py:538} INFO - Filling up the DagBag from /home/airflow/.local/lib/python3.8/site-packages/airflow/example_dags/example_branch_operator.py
[2026-04-09T08:09:32.556+0000] {processor.py:840} INFO - DAG(s) 'example_branch_operator' retrieved from /home/airflow/.local/lib/python3.8/site-packages/airflow/example_dags/example_branch_operator.py
[2026-04-09T08:09:32.577+0000] {logging_mixin.py:188} INFO - [2026-04-09T08:09:32.577+0000] {dag.py:3033} INFO - Sync 1 DAGs
[2026-04-09T08:09:32.594+0000] {logging_mixin.py:188} INFO - [2026-04-09T08:09:32.594+0000] {dag.py:3820} INFO - Setting next_dagrun for example_branch_operator to 2026-04-08T00:00:00+00:00, run_after=2026-04-09T00:00:00+00:00
[2026-04-09T08:09:32.608+0000] {processor.py:183} INFO - Processing /home/airflow/.local/lib/python3.8/site-packages/airflow/example_dags/example_branch_operator.py took 0.070 seconds
[2026-04-09T08:10:03.038+0000] {processor.py:161} INFO - Started process (PID=728) to work on /home/airflow/.local/lib/python3.8/site-packages/airflow/example_dags/example_branch_operator.py
[2026-04-09T08:10:03.039+0000] {processor.py:830} INFO - Processing file /home/airflow/.local/lib/python3.8/site-packages/airflow/example_dags/example_branch_operator.py for tasks to queue
[2026-04-09T08:10:03.041+0000] {logging_mixin.py:188} INFO - [2026-04-09T08:10:03.040+0000] {dagbag.py:538} INFO - Filling up the DagBag from /home/airflow/.local/lib/python3.8/site-packages/airflow/example_dags/example_branch_operator.py
[2026-04-09T08:10:03.054+0000] {processor.py:840} INFO - DAG(s) 'example_branch_operator' retrieved from /home/airflow/.local/lib/python3.8/site-packages/airflow/example_dags/example_branch_operator.py
[2026-04-09T08:10:03.075+0000] {logging_mixin.py:188} INFO - [2026-04-09T08:10:03.075+0000] {dag.py:3033} INFO - Sync 1 DAGs
[2026-04-09T08:10:03.092+0000] {logging_mixin.py:188} INFO - [2026-04-09T08:10:03.092+0000] {dag.py:3820} INFO - Setting next_dagrun for example_branch_operator to 2026-04-08T00:00:00+00:00, run_after=2026-04-09T00:00:00+00:00
[2026-04-09T08:10:03.105+0000] {processor.py:183} INFO - Processing /home/airflow/.local/lib/python3.8/site-packages/airflow/example_dags/example_branch_operator.py took 0.069 seconds
[2026-04-09T08:10:33.343+0000] {processor.py:161} INFO - Started process (PID=788) to work on /home/airflow/.local/lib/python3.8/site-packages/airflow/example_dags/example_branch_operator.py
[2026-04-09T08:10:33.345+0000] {processor.py:830} INFO - Processing file /home/airflow/.local/lib/python3.8/site-packages/airflow/example_dags/example_branch_operator.py for tasks to queue
[2026-04-09T08:10:33.347+0000] {logging_mixin.py:188} INFO - [2026-04-09T08:10:33.347+0000] {dagbag.py:538} INFO - Filling up the DagBag from /home/airflow/.local/lib/python3.8/site-packages/airflow/example_dags/example_branch_operator.py
[2026-04-09T08:10:33.371+0000] {processor.py:840} INFO - DAG(s) 'example_branch_operator' retrieved from /home/airflow/.local/lib/python3.8/site-packages/airflow/example_dags/example_branch_operator.py
[2026-04-09T08:10:33.409+0000] {logging_mixin.py:188} INFO - [2026-04-09T08:10:33.409+0000] {dag.py:3033} INFO - Sync 1 DAGs
[2026-04-09T08:10:33.435+0000] {logging_mixin.py:188} INFO - [2026-04-09T08:10:33.435+0000] {dag.py:3820} INFO - Setting next_dagrun for example_branch_operator to 2026-04-08T00:00:00+00:00, run_after=2026-04-09T00:00:00+00:00
[2026-04-09T08:10:33.448+0000] {processor.py:183} INFO - Processing /home/airflow/.local/lib/python3.8/site-packages/airflow/example_dags/example_branch_operator.py took 0.109 seconds
[2026-04-09T08:11:05.556+0000] {processor.py:161} INFO - Started process (PID=848) to work on /home/airflow/.local/lib/python3.8/site-packages/airflow/example_dags/example_branch_operator.py
[2026-04-09T08:11:05.558+0000] {processor.py:830} INFO - Processing file /home/airflow/.local/lib/python3.8/site-packages/airflow/example_dags/example_branch_operator.py for tasks to queue
[2026-04-09T08:11:05.564+0000] {logging_mixin.py:188} INFO - [2026-04-09T08:11:05.564+0000] {dagbag.py:538} INFO - Filling up the DagBag from /home/airflow/.local/lib/python3.8/site-packages/airflow/example_dags/example_branch_operator.py
[2026-04-09T08:11:05.610+0000] {processor.py:840} INFO - DAG(s) 'example_branch_operator' retrieved from /home/airflow/.local/lib/python3.8/site-packages/airflow/example_dags/example_branch_operator.py
[2026-04-09T08:11:05.647+0000] {logging_mixin.py:188} INFO - [2026-04-09T08:11:05.647+0000] {dag.py:3033} INFO - Sync 1 DAGs
[2026-04-09T08:11:05.701+0000] {logging_mixin.py:188} INFO - [2026-04-09T08:11:05.701+0000] {dag.py:3820} INFO - Setting next_dagrun for example_branch_operator to 2026-04-08T00:00:00+00:00, run_after=2026-04-09T00:00:00+00:00
[2026-04-09T08:11:05.732+0000] {processor.py:183} INFO - Processing /home/airflow/.local/lib/python3.8/site-packages/airflow/example_dags/example_branch_operator.py took 0.183 seconds
[2026-04-09T08:11:37.246+0000] {processor.py:161} INFO - Started process (PID=909) to work on /home/airflow/.local/lib/python3.8/site-packages/airflow/example_dags/example_branch_operator.py
[2026-04-09T08:11:37.253+0000] {processor.py:830} INFO - Processing file /home/airflow/.local/lib/python3.8/site-packages/airflow/example_dags/example_branch_operator.py for tasks to queue
[2026-04-09T08:11:37.258+0000] {logging_mixin.py:188} INFO - [2026-04-09T08:11:37.258+0000] {dagbag.py:538} INFO - Filling up the DagBag from /home/airflow/.local/lib/python3.8/site-packages/airflow/example_dags/example_branch_operator.py
[2026-04-09T08:11:37.332+0000] {processor.py:840} INFO - DAG(s) 'example_branch_operator' retrieved from /home/airflow/.local/lib/python3.8/site-packages/airflow/example_dags/example_branch_operator.py
[2026-04-09T08:11:37.449+0000] {logging_mixin.py:188} INFO - [2026-04-09T08:11:37.449+0000] {dag.py:3033} INFO - Sync 1 DAGs
[2026-04-09T08:11:37.507+0000] {logging_mixin.py:188} INFO - [2026-04-09T08:11:37.506+0000] {dag.py:3820} INFO - Setting next_dagrun for example_branch_operator to 2026-04-08T00:00:00+00:00, run_after=2026-04-09T00:00:00+00:00
[2026-04-09T08:11:37.545+0000] {processor.py:183} INFO - Processing /home/airflow/.local/lib/python3.8/site-packages/airflow/example_dags/example_branch_operator.py took 0.314 seconds
[2026-04-09T08:12:08.342+0000] {processor.py:161} INFO - Started process (PID=970) to work on /home/airflow/.local/lib/python3.8/site-packages/airflow/example_dags/example_branch_operator.py
[2026-04-09T08:12:08.346+0000] {processor.py:830} INFO - Processing file /home/airflow/.local/lib/python3.8/site-packages/airflow/example_dags/example_branch_operator.py for tasks to queue
[2026-04-09T08:12:08.353+0000] {logging_mixin.py:188} INFO - [2026-04-09T08:12:08.353+0000] {dagbag.py:538} INFO - Filling up the DagBag from /home/airflow/.local/lib/python3.8/site-packages/airflow/example_dags/example_branch_operator.py
[2026-04-09T08:12:08.416+0000] {processor.py:840} INFO - DAG(s) 'example_branch_operator' retrieved from /home/airflow/.local/lib/python3.8/site-packages/airflow/example_dags/example_branch_operator.py
[2026-04-09T08:12:08.603+0000] {logging_mixin.py:188} INFO - [2026-04-09T08:12:08.602+0000] {dag.py:3033} INFO - Sync 1 DAGs
[2026-04-09T08:12:08.706+0000] {logging_mixin.py:188} INFO - [2026-04-09T08:12:08.706+0000] {dag.py:3820} INFO - Setting next_dagrun for example_branch_operator to 2026-04-08T00:00:00+00:00, run_after=2026-04-09T00:00:00+00:00
[2026-04-09T08:12:08.806+0000] {processor.py:183} INFO - Processing /home/airflow/.local/lib/python3.8/site-packages/airflow/example_dags/example_branch_operator.py took 0.484 seconds
[2026-04-09T08:12:39.242+0000] {processor.py:161} INFO - Started process (PID=1031) to work on /home/airflow/.local/lib/python3.8/site-packages/airflow/example_dags/example_branch_operator.py
[2026-04-09T08:12:39.243+0000] {processor.py:830} INFO - Processing file /home/airflow/.local/lib/python3.8/site-packages/airflow/example_dags/example_branch_operator.py for tasks to queue
[2026-04-09T08:12:39.245+0000] {logging_mixin.py:188} INFO - [2026-04-09T08:12:39.245+0000] {dagbag.py:538} INFO - Filling up the DagBag from /home/airflow/.local/lib/python3.8/site-packages/airflow/example_dags/example_branch_operator.py
[2026-04-09T08:12:39.265+0000] {processor.py:840} INFO - DAG(s) 'example_branch_operator' retrieved from /home/airflow/.local/lib/python3.8/site-packages/airflow/example_dags/example_branch_operator.py
[2026-04-09T08:12:39.311+0000] {logging_mixin.py:188} INFO - [2026-04-09T08:12:39.311+0000] {dag.py:3033} INFO - Sync 1 DAGs
[2026-04-09T08:12:39.349+0000] {logging_mixin.py:188} INFO - [2026-04-09T08:12:39.349+0000] {dag.py:3820} INFO - Setting next_dagrun for example_branch_operator to 2026-04-08T00:00:00+00:00, run_after=2026-04-09T00:00:00+00:00
[2026-04-09T08:12:39.514+0000] {processor.py:183} INFO - Processing /home/airflow/.local/lib/python3.8/site-packages/airflow/example_dags/example_branch_operator.py took 0.275 seconds
[2026-04-09T08:13:10.178+0000] {processor.py:161} INFO - Started process (PID=1092) to work on /home/airflow/.local/lib/python3.8/site-packages/airflow/example_dags/example_branch_operator.py
[2026-04-09T08:13:10.178+0000] {processor.py:830} INFO - Processing file /home/airflow/.local/lib/python3.8/site-packages/airflow/example_dags/example_branch_operator.py for tasks to queue
[2026-04-09T08:13:10.180+0000] {logging_mixin.py:188} INFO - [2026-04-09T08:13:10.180+0000] {dagbag.py:538} INFO - Filling up the DagBag from /home/airflow/.local/lib/python3.8/site-packages/airflow/example_dags/example_branch_operator.py
[2026-04-09T08:13:10.198+0000] {processor.py:840} INFO - DAG(s) 'example_branch_operator' retrieved from /home/airflow/.local/lib/python3.8/site-packages/airflow/example_dags/example_branch_operator.py
[2026-04-09T08:13:10.229+0000] {logging_mixin.py:188} INFO - [2026-04-09T08:13:10.229+0000] {dag.py:3033} INFO - Sync 1 DAGs
[2026-04-09T08:13:10.254+0000] {logging_mixin.py:188} INFO - [2026-04-09T08:13:10.254+0000] {dag.py:3820} INFO - Setting next_dagrun for example_branch_operator to 2026-04-08T00:00:00+00:00, run_after=2026-04-09T00:00:00+00:00
[2026-04-09T08:13:10.273+0000] {processor.py:183} INFO - Processing /home/airflow/.local/lib/python3.8/site-packages/airflow/example_dags/example_branch_operator.py took 0.099 seconds
[2026-04-09T08:13:40.641+0000] {processor.py:161} INFO - Started process (PID=1154) to work on /home/airflow/.local/lib/python3.8/site-packages/airflow/example_dags/example_branch_operator.py
[2026-04-09T08:13:40.642+0000] {processor.py:830} INFO - Processing file /home/airflow/.local/lib/python3.8/site-packages/airflow/example_dags/example_branch_operator.py for tasks to queue
[2026-04-09T08:13:40.644+0000] {logging_mixin.py:188} INFO - [2026-04-09T08:13:40.644+0000] {dagbag.py:538} INFO - Filling up the DagBag from /home/airflow/.local/lib/python3.8/site-packages/airflow/example_dags/example_branch_operator.py
[2026-04-09T08:13:40.664+0000] {processor.py:840} INFO - DAG(s) 'example_branch_operator' retrieved from /home/airflow/.local/lib/python3.8/site-packages/airflow/example_dags/example_branch_operator.py
[2026-04-09T08:13:41.017+0000] {logging_mixin.py:188} INFO - [2026-04-09T08:13:41.016+0000] {dag.py:3033} INFO - Sync 1 DAGs
[2026-04-09T08:13:41.035+0000] {logging_mixin.py:188} INFO - [2026-04-09T08:13:41.034+0000] {dag.py:3820} INFO - Setting next_dagrun for example_branch_operator to 2026-04-08T00:00:00+00:00, run_after=2026-04-09T00:00:00+00:00
[2026-04-09T08:13:41.047+0000] {processor.py:183} INFO - Processing /home/airflow/.local/lib/python3.8/site-packages/airflow/example_dags/example_branch_operator.py took 0.410 seconds
[2026-04-09T08:14:11.331+0000] {processor.py:161} INFO - Started process (PID=1218) to work on /home/airflow/.local/lib/python3.8/site-packages/airflow/example_dags/example_branch_operator.py
[2026-04-09T08:14:11.331+0000] {processor.py:830} INFO - Processing file /home/airflow/.local/lib/python3.8/site-packages/airflow/example_dags/example_branch_operator.py for tasks to queue
[2026-04-09T08:14:11.334+0000] {logging_mixin.py:188} INFO - [2026-04-09T08:14:11.334+0000] {dagbag.py:538} INFO - Filling up the DagBag from /home/airflow/.local/lib/python3.8/site-packages/airflow/example_dags/example_branch_operator.py
[2026-04-09T08:14:11.348+0000] {processor.py:840} INFO - DAG(s) 'example_branch_operator' retrieved from /home/airflow/.local/lib/python3.8/site-packages/airflow/example_dags/example_branch_operator.py
[2026-04-09T08:14:11.370+0000] {logging_mixin.py:188} INFO - [2026-04-09T08:14:11.370+0000] {dag.py:3033} INFO - Sync 1 DAGs
[2026-04-09T08:14:11.389+0000] {logging_mixin.py:188} INFO - [2026-04-09T08:14:11.389+0000] {dag.py:3820} INFO - Setting next_dagrun for example_branch_operator to 2026-04-08T00:00:00+00:00, run_after=2026-04-09T00:00:00+00:00
[2026-04-09T08:14:11.404+0000] {processor.py:183} INFO - Processing /home/airflow/.local/lib/python3.8/site-packages/airflow/example_dags/example_branch_operator.py took 0.077 seconds
[2026-04-09T08:14:41.911+0000] {processor.py:161} INFO - Started process (PID=1276) to work on /home/airflow/.local/lib/python3.8/site-packages/airflow/example_dags/example_branch_operator.py
[2026-04-09T08:14:41.912+0000] {processor.py:830} INFO - Processing file /home/airflow/.local/lib/python3.8/site-packages/airflow/example_dags/example_branch_operator.py for tasks to queue
[2026-04-09T08:14:41.914+0000] {logging_mixin.py:188} INFO - [2026-04-09T08:14:41.914+0000] {dagbag.py:538} INFO - Filling up the DagBag from /home/airflow/.local/lib/python3.8/site-packages/airflow/example_dags/example_branch_operator.py
[2026-04-09T08:14:41.934+0000] {processor.py:840} INFO - DAG(s) 'example_branch_operator' retrieved from /home/airflow/.local/lib/python3.8/site-packages/airflow/example_dags/example_branch_operator.py
[2026-04-09T08:14:41.966+0000] {logging_mixin.py:188} INFO - [2026-04-09T08:14:41.966+0000] {dag.py:3033} INFO - Sync 1 DAGs
[2026-04-09T08:14:41.996+0000] {logging_mixin.py:188} INFO - [2026-04-09T08:14:41.995+0000] {dag.py:3820} INFO - Setting next_dagrun for example_branch_operator to 2026-04-08T00:00:00+00:00, run_after=2026-04-09T00:00:00+00:00
[2026-04-09T08:14:42.017+0000] {processor.py:183} INFO - Processing /home/airflow/.local/lib/python3.8/site-packages/airflow/example_dags/example_branch_operator.py took 0.109 seconds
[2026-04-09T08:15:12.398+0000] {processor.py:161} INFO - Started process (PID=1337) to work on /home/airflow/.local/lib/python3.8/site-packages/airflow/example_dags/example_branch_operator.py
[2026-04-09T08:15:12.399+0000] {processor.py:830} INFO - Processing file /home/airflow/.local/lib/python3.8/site-packages/airflow/example_dags/example_branch_operator.py for tasks to queue
[2026-04-09T08:15:12.401+0000] {logging_mixin.py:188} INFO - [2026-04-09T08:15:12.401+0000] {dagbag.py:538} INFO - Filling up the DagBag from /home/airflow/.local/lib/python3.8/site-packages/airflow/example_dags/example_branch_operator.py
[2026-04-09T08:15:12.421+0000] {processor.py:840} INFO - DAG(s) 'example_branch_operator' retrieved from /home/airflow/.local/lib/python3.8/site-packages/airflow/example_dags/example_branch_operator.py
[2026-04-09T08:15:12.452+0000] {logging_mixin.py:188} INFO - [2026-04-09T08:15:12.452+0000] {dag.py:3033} INFO - Sync 1 DAGs
[2026-04-09T08:15:12.479+0000] {logging_mixin.py:188} INFO - [2026-04-09T08:15:12.479+0000] {dag.py:3820} INFO - Setting next_dagrun for example_branch_operator to 2026-04-08T00:00:00+00:00, run_after=2026-04-09T00:00:00+00:00
[2026-04-09T08:15:12.501+0000] {processor.py:183} INFO - Processing /home/airflow/.local/lib/python3.8/site-packages/airflow/example_dags/example_branch_operator.py took 0.107 seconds
[2026-04-09T08:15:43.306+0000] {processor.py:161} INFO - Started process (PID=1398) to work on /home/airflow/.local/lib/python3.8/site-packages/airflow/example_dags/example_branch_operator.py
[2026-04-09T08:15:43.307+0000] {processor.py:830} INFO - Processing file /home/airflow/.local/lib/python3.8/site-packages/airflow/example_dags/example_branch_operator.py for tasks to queue
[2026-04-09T08:15:43.309+0000] {logging_mixin.py:188} INFO - [2026-04-09T08:15:43.309+0000] {dagbag.py:538} INFO - Filling up the DagBag from /home/airflow/.local/lib/python3.8/site-packages/airflow/example_dags/example_branch_operator.py
[2026-04-09T08:15:43.330+0000] {processor.py:840} INFO - DAG(s) 'example_branch_operator' retrieved from /home/airflow/.local/lib/python3.8/site-packages/airflow/example_dags/example_branch_operator.py
[2026-04-09T08:15:43.363+0000] {logging_mixin.py:188} INFO - [2026-04-09T08:15:43.363+0000] {dag.py:3033} INFO - Sync 1 DAGs
[2026-04-09T08:15:43.395+0000] {logging_mixin.py:188} INFO - [2026-04-09T08:15:43.394+0000] {dag.py:3820} INFO - Setting next_dagrun for example_branch_operator to 2026-04-08T00:00:00+00:00, run_after=2026-04-09T00:00:00+00:00
[2026-04-09T08:15:43.432+0000] {processor.py:183} INFO - Processing /home/airflow/.local/lib/python3.8/site-packages/airflow/example_dags/example_branch_operator.py took 0.129 seconds
[2026-04-09T08:16:14.045+0000] {processor.py:161} INFO - Started process (PID=1459) to work on /home/airflow/.local/lib/python3.8/site-packages/airflow/example_dags/example_branch_operator.py
[2026-04-09T08:16:14.046+0000] {processor.py:830} INFO - Processing file /home/airflow/.local/lib/python3.8/site-packages/airflow/example_dags/example_branch_operator.py for tasks to queue
[2026-04-09T08:16:14.049+0000] {logging_mixin.py:188} INFO - [2026-04-09T08:16:14.048+0000] {dagbag.py:538} INFO - Filling up the DagBag from /home/airflow/.local/lib/python3.8/site-packages/airflow/example_dags/example_branch_operator.py
[2026-04-09T08:16:14.102+0000] {processor.py:840} INFO - DAG(s) 'example_branch_operator' retrieved from /home/airflow/.local/lib/python3.8/site-packages/airflow/example_dags/example_branch_operator.py
[2026-04-09T08:16:14.157+0000] {logging_mixin.py:188} INFO - [2026-04-09T08:16:14.156+0000] {dag.py:3033} INFO - Sync 1 DAGs
[2026-04-09T08:16:14.214+0000] {logging_mixin.py:188} INFO - [2026-04-09T08:16:14.214+0000] {dag.py:3820} INFO - Setting next_dagrun for example_branch_operator to 2026-04-08T00:00:00+00:00, run_after=2026-04-09T00:00:00+00:00
[2026-04-09T08:16:14.271+0000] {processor.py:183} INFO - Processing /home/airflow/.local/lib/python3.8/site-packages/airflow/example_dags/example_branch_operator.py took 0.232 seconds
[2026-04-09T08:16:44.520+0000] {processor.py:161} INFO - Started process (PID=1520) to work on /home/airflow/.local/lib/python3.8/site-packages/airflow/example_dags/example_branch_operator.py
[2026-04-09T08:16:44.521+0000] {processor.py:830} INFO - Processing file /home/airflow/.local/lib/python3.8/site-packages/airflow/example_dags/example_branch_operator.py for tasks to queue
[2026-04-09T08:16:44.523+0000] {logging_mixin.py:188} INFO - [2026-04-09T08:16:44.523+0000] {dagbag.py:538} INFO - Filling up the DagBag from /home/airflow/.local/lib/python3.8/site-packages/airflow/example_dags/example_branch_operator.py
[2026-04-09T08:16:44.543+0000] {processor.py:840} INFO - DAG(s) 'example_branch_operator' retrieved from /home/airflow/.local/lib/python3.8/site-packages/airflow/example_dags/example_branch_operator.py
[2026-04-09T08:16:44.576+0000] {logging_mixin.py:188} INFO - [2026-04-09T08:16:44.576+0000] {dag.py:3033} INFO - Sync 1 DAGs
[2026-04-09T08:16:44.615+0000] {logging_mixin.py:188} INFO - [2026-04-09T08:16:44.611+0000] {dag.py:3820} INFO - Setting next_dagrun for example_branch_operator to 2026-04-08T00:00:00+00:00, run_after=2026-04-09T00:00:00+00:00
[2026-04-09T08:16:44.636+0000] {processor.py:183} INFO - Processing /home/airflow/.local/lib/python3.8/site-packages/airflow/example_dags/example_branch_operator.py took 0.120 seconds
[2026-04-09T08:17:15.226+0000] {processor.py:161} INFO - Started process (PID=1581) to work on /home/airflow/.local/lib/python3.8/site-packages/airflow/example_dags/example_branch_operator.py
[2026-04-09T08:17:15.227+0000] {processor.py:830} INFO - Processing file /home/airflow/.local/lib/python3.8/site-packages/airflow/example_dags/example_branch_operator.py for tasks to queue
[2026-04-09T08:17:15.229+0000] {logging_mixin.py:188} INFO - [2026-04-09T08:17:15.229+0000] {dagbag.py:538} INFO - Filling up the DagBag from /home/airflow/.local/lib/python3.8/site-packages/airflow/example_dags/example_branch_operator.py
[2026-04-09T08:17:15.261+0000] {processor.py:840} INFO - DAG(s) 'example_branch_operator' retrieved from /home/airflow/.local/lib/python3.8/site-packages/airflow/example_dags/example_branch_operator.py
[2026-04-09T08:17:15.318+0000] {logging_mixin.py:188} INFO - [2026-04-09T08:17:15.318+0000] {dag.py:3033} INFO - Sync 1 DAGs
[2026-04-09T08:17:15.356+0000] {logging_mixin.py:188} INFO - [2026-04-09T08:17:15.355+0000] {dag.py:3820} INFO - Setting next_dagrun for example_branch_operator to 2026-04-08T00:00:00+00:00, run_after=2026-04-09T00:00:00+00:00
[2026-04-09T08:17:15.385+0000] {processor.py:183} INFO - Processing /home/airflow/.local/lib/python3.8/site-packages/airflow/example_dags/example_branch_operator.py took 0.163 seconds
[2026-04-09T08:17:46.026+0000] {processor.py:161} INFO - Started process (PID=1642) to work on /home/airflow/.local/lib/python3.8/site-packages/airflow/example_dags/example_branch_operator.py
[2026-04-09T08:17:46.029+0000] {processor.py:830} INFO - Processing file /home/airflow/.local/lib/python3.8/site-packages/airflow/example_dags/example_branch_operator.py for tasks to queue
[2026-04-09T08:17:46.032+0000] {logging_mixin.py:188} INFO - [2026-04-09T08:17:46.031+0000] {dagbag.py:538} INFO - Filling up the DagBag from /home/airflow/.local/lib/python3.8/site-packages/airflow/example_dags/example_branch_operator.py
[2026-04-09T08:17:46.062+0000] {processor.py:840} INFO - DAG(s) 'example_branch_operator' retrieved from /home/airflow/.local/lib/python3.8/site-packages/airflow/example_dags/example_branch_operator.py
[2026-04-09T08:17:46.113+0000] {logging_mixin.py:188} INFO - [2026-04-09T08:17:46.112+0000] {dag.py:3033} INFO - Sync 1 DAGs
[2026-04-09T08:17:46.148+0000] {logging_mixin.py:188} INFO - [2026-04-09T08:17:46.148+0000] {dag.py:3820} INFO - Setting next_dagrun for example_branch_operator to 2026-04-08T00:00:00+00:00, run_after=2026-04-09T00:00:00+00:00
[2026-04-09T08:17:46.186+0000] {processor.py:183} INFO - Processing /home/airflow/.local/lib/python3.8/site-packages/airflow/example_dags/example_branch_operator.py took 0.166 seconds
[2026-04-09T08:18:16.500+0000] {processor.py:161} INFO - Started process (PID=1703) to work on /home/airflow/.local/lib/python3.8/site-packages/airflow/example_dags/example_branch_operator.py
[2026-04-09T08:18:16.501+0000] {processor.py:830} INFO - Processing file /home/airflow/.local/lib/python3.8/site-packages/airflow/example_dags/example_branch_operator.py for tasks to queue
[2026-04-09T08:18:16.504+0000] {logging_mixin.py:188} INFO - [2026-04-09T08:18:16.503+0000] {dagbag.py:538} INFO - Filling up the DagBag from /home/airflow/.local/lib/python3.8/site-packages/airflow/example_dags/example_branch_operator.py
[2026-04-09T08:18:16.524+0000] {processor.py:840} INFO - DAG(s) 'example_branch_operator' retrieved from /home/airflow/.local/lib/python3.8/site-packages/airflow/example_dags/example_branch_operator.py
[2026-04-09T08:18:16.556+0000] {logging_mixin.py:188} INFO - [2026-04-09T08:18:16.555+0000] {dag.py:3033} INFO - Sync 1 DAGs
[2026-04-09T08:18:16.585+0000] {logging_mixin.py:188} INFO - [2026-04-09T08:18:16.585+0000] {dag.py:3820} INFO - Setting next_dagrun for example_branch_operator to 2026-04-08T00:00:00+00:00, run_after=2026-04-09T00:00:00+00:00
[2026-04-09T08:18:16.651+0000] {processor.py:183} INFO - Processing /home/airflow/.local/lib/python3.8/site-packages/airflow/example_dags/example_branch_operator.py took 0.157 seconds
[2026-04-09T08:18:47.683+0000] {processor.py:161} INFO - Started process (PID=1764) to work on /home/airflow/.local/lib/python3.8/site-packages/airflow/example_dags/example_branch_operator.py
[2026-04-09T08:18:47.684+0000] {processor.py:830} INFO - Processing file /home/airflow/.local/lib/python3.8/site-packages/airflow/example_dags/example_branch_operator.py for tasks to queue
[2026-04-09T08:18:47.688+0000] {logging_mixin.py:188} INFO - [2026-04-09T08:18:47.688+0000] {dagbag.py:538} INFO - Filling up the DagBag from /home/airflow/.local/lib/python3.8/site-packages/airflow/example_dags/example_branch_operator.py
[2026-04-09T08:18:47.722+0000] {processor.py:840} INFO - DAG(s) 'example_branch_operator' retrieved from /home/airflow/.local/lib/python3.8/site-packages/airflow/example_dags/example_branch_operator.py
[2026-04-09T08:18:47.756+0000] {logging_mixin.py:188} INFO - [2026-04-09T08:18:47.756+0000] {dag.py:3033} INFO - Sync 1 DAGs
[2026-04-09T08:18:47.786+0000] {logging_mixin.py:188} INFO - [2026-04-09T08:18:47.786+0000] {dag.py:3820} INFO - Setting next_dagrun for example_branch_operator to 2026-04-08T00:00:00+00:00, run_after=2026-04-09T00:00:00+00:00
[2026-04-09T08:18:47.811+0000] {processor.py:183} INFO - Processing /home/airflow/.local/lib/python3.8/site-packages/airflow/example_dags/example_branch_operator.py took 0.136 seconds
[2026-04-09T08:19:18.029+0000] {processor.py:161} INFO - Started process (PID=1825) to work on /home/airflow/.local/lib/python3.8/site-packages/airflow/example_dags/example_branch_operator.py
[2026-04-09T08:19:18.030+0000] {processor.py:830} INFO - Processing file /home/airflow/.local/lib/python3.8/site-packages/airflow/example_dags/example_branch_operator.py for tasks to queue
[2026-04-09T08:19:18.032+0000] {logging_mixin.py:188} INFO - [2026-04-09T08:19:18.032+0000] {dagbag.py:538} INFO - Filling up the DagBag from /home/airflow/.local/lib/python3.8/site-packages/airflow/example_dags/example_branch_operator.py
[2026-04-09T08:19:18.050+0000] {processor.py:840} INFO - DAG(s) 'example_branch_operator' retrieved from /home/airflow/.local/lib/python3.8/site-packages/airflow/example_dags/example_branch_operator.py
[2026-04-09T08:19:18.086+0000] {logging_mixin.py:188} INFO - [2026-04-09T08:19:18.086+0000] {dag.py:3033} INFO - Sync 1 DAGs
[2026-04-09T08:19:18.133+0000] {logging_mixin.py:188} INFO - [2026-04-09T08:19:18.133+0000] {dag.py:3820} INFO - Setting next_dagrun for example_branch_operator to 2026-04-08T00:00:00+00:00, run_after=2026-04-09T00:00:00+00:00
[2026-04-09T08:19:18.228+0000] {processor.py:183} INFO - Processing /home/airflow/.local/lib/python3.8/site-packages/airflow/example_dags/example_branch_operator.py took 0.202 seconds
[2026-04-09T08:19:48.634+0000] {processor.py:161} INFO - Started process (PID=1886) to work on /home/airflow/.local/lib/python3.8/site-packages/airflow/example_dags/example_branch_operator.py
[2026-04-09T08:19:48.635+0000] {processor.py:830} INFO - Processing file /home/airflow/.local/lib/python3.8/site-packages/airflow/example_dags/example_branch_operator.py for tasks to queue
[2026-04-09T08:19:48.638+0000] {logging_mixin.py:188} INFO - [2026-04-09T08:19:48.637+0000] {dagbag.py:538} INFO - Filling up the DagBag from /home/airflow/.local/lib/python3.8/site-packages/airflow/example_dags/example_branch_operator.py
[2026-04-09T08:19:48.682+0000] {processor.py:840} INFO - DAG(s) 'example_branch_operator' retrieved from /home/airflow/.local/lib/python3.8/site-packages/airflow/example_dags/example_branch_operator.py
[2026-04-09T08:19:48.759+0000] {logging_mixin.py:188} INFO - [2026-04-09T08:19:48.758+0000] {dag.py:3033} INFO - Sync 1 DAGs
[2026-04-09T08:19:48.791+0000] {logging_mixin.py:188} INFO - [2026-04-09T08:19:48.791+0000] {dag.py:3820} INFO - Setting next_dagrun for example_branch_operator to 2026-04-08T00:00:00+00:00, run_after=2026-04-09T00:00:00+00:00
[2026-04-09T08:19:48.809+0000] {processor.py:183} INFO - Processing /home/airflow/.local/lib/python3.8/site-packages/airflow/example_dags/example_branch_operator.py took 0.182 seconds
[2026-04-09T08:20:19.247+0000] {processor.py:161} INFO - Started process (PID=1948) to work on /home/airflow/.local/lib/python3.8/site-packages/airflow/example_dags/example_branch_operator.py
[2026-04-09T08:20:19.248+0000] {processor.py:830} INFO - Processing file /home/airflow/.local/lib/python3.8/site-packages/airflow/example_dags/example_branch_operator.py for tasks to queue
[2026-04-09T08:20:19.251+0000] {logging_mixin.py:188} INFO - [2026-04-09T08:20:19.250+0000] {dagbag.py:538} INFO - Filling up the DagBag from /home/airflow/.local/lib/python3.8/site-packages/airflow/example_dags/example_branch_operator.py
[2026-04-09T08:20:19.286+0000] {processor.py:840} INFO - DAG(s) 'example_branch_operator' retrieved from /home/airflow/.local/lib/python3.8/site-packages/airflow/example_dags/example_branch_operator.py
[2026-04-09T08:20:19.368+0000] {logging_mixin.py:188} INFO - [2026-04-09T08:20:19.368+0000] {dag.py:3033} INFO - Sync 1 DAGs
[2026-04-09T08:20:19.442+0000] {logging_mixin.py:188} INFO - [2026-04-09T08:20:19.442+0000] {dag.py:3820} INFO - Setting next_dagrun for example_branch_operator to 2026-04-08T00:00:00+00:00, run_after=2026-04-09T00:00:00+00:00
[2026-04-09T08:20:19.485+0000] {processor.py:183} INFO - Processing /home/airflow/.local/lib/python3.8/site-packages/airflow/example_dags/example_branch_operator.py took 0.241 seconds
[2026-04-09T08:20:50.147+0000] {processor.py:161} INFO - Started process (PID=2009) to work on /home/airflow/.local/lib/python3.8/site-packages/airflow/example_dags/example_branch_operator.py
[2026-04-09T08:20:50.155+0000] {processor.py:830} INFO - Processing file /home/airflow/.local/lib/python3.8/site-packages/airflow/example_dags/example_branch_operator.py for tasks to queue
[2026-04-09T08:20:50.162+0000] {logging_mixin.py:188} INFO - [2026-04-09T08:20:50.162+0000] {dagbag.py:538} INFO - Filling up the DagBag from /home/airflow/.local/lib/python3.8/site-packages/airflow/example_dags/example_branch_operator.py
[2026-04-09T08:20:50.386+0000] {processor.py:840} INFO - DAG(s) 'example_branch_operator' retrieved from /home/airflow/.local/lib/python3.8/site-packages/airflow/example_dags/example_branch_operator.py
[2026-04-09T08:20:50.655+0000] {logging_mixin.py:188} INFO - [2026-04-09T08:20:50.653+0000] {dag.py:3033} INFO - Sync 1 DAGs
[2026-04-09T08:20:50.803+0000] {logging_mixin.py:188} INFO - [2026-04-09T08:20:50.803+0000] {dag.py:3820} INFO - Setting next_dagrun for example_branch_operator to 2026-04-08T00:00:00+00:00, run_after=2026-04-09T00:00:00+00:00
[2026-04-09T08:20:50.864+0000] {processor.py:183} INFO - Processing /home/airflow/.local/lib/python3.8/site-packages/airflow/example_dags/example_branch_operator.py took 0.734 seconds
[2026-04-09T08:21:21.314+0000] {processor.py:161} INFO - Started process (PID=2069) to work on /home/airflow/.local/lib/python3.8/site-packages/airflow/example_dags/example_branch_operator.py
[2026-04-09T08:21:21.315+0000] {processor.py:830} INFO - Processing file /home/airflow/.local/lib/python3.8/site-packages/airflow/example_dags/example_branch_operator.py for tasks to queue
[2026-04-09T08:21:21.319+0000] {logging_mixin.py:188} INFO - [2026-04-09T08:21:21.319+0000] {dagbag.py:538} INFO - Filling up the DagBag from /home/airflow/.local/lib/python3.8/site-packages/airflow/example_dags/example_branch_operator.py
[2026-04-09T08:21:21.353+0000] {processor.py:840} INFO - DAG(s) 'example_branch_operator' retrieved from /home/airflow/.local/lib/python3.8/site-packages/airflow/example_dags/example_branch_operator.py
[2026-04-09T08:21:21.367+0000] {logging_mixin.py:188} INFO - [2026-04-09T08:21:21.367+0000] {dag.py:3033} INFO - Sync 1 DAGs
[2026-04-09T08:21:21.400+0000] {logging_mixin.py:188} INFO - [2026-04-09T08:21:21.399+0000] {dag.py:3820} INFO - Setting next_dagrun for example_branch_operator to 2026-04-08T00:00:00+00:00, run_after=2026-04-09T00:00:00+00:00
[2026-04-09T08:21:21.421+0000] {processor.py:183} INFO - Processing /home/airflow/.local/lib/python3.8/site-packages/airflow/example_dags/example_branch_operator.py took 0.110 seconds
[2026-04-09T08:21:52.305+0000] {processor.py:161} INFO - Started process (PID=2130) to work on /home/airflow/.local/lib/python3.8/site-packages/airflow/example_dags/example_branch_operator.py
[2026-04-09T08:21:52.306+0000] {processor.py:830} INFO - Processing file /home/airflow/.local/lib/python3.8/site-packages/airflow/example_dags/example_branch_operator.py for tasks to queue
[2026-04-09T08:21:52.310+0000] {logging_mixin.py:188} INFO - [2026-04-09T08:21:52.308+0000] {dagbag.py:538} INFO - Filling up the DagBag from /home/airflow/.local/lib/python3.8/site-packages/airflow/example_dags/example_branch_operator.py
[2026-04-09T08:21:52.330+0000] {processor.py:840} INFO - DAG(s) 'example_branch_operator' retrieved from /home/airflow/.local/lib/python3.8/site-packages/airflow/example_dags/example_branch_operator.py
[2026-04-09T08:21:52.454+0000] {logging_mixin.py:188} INFO - [2026-04-09T08:21:52.454+0000] {dag.py:3033} INFO - Sync 1 DAGs
[2026-04-09T08:21:52.475+0000] {logging_mixin.py:188} INFO - [2026-04-09T08:21:52.475+0000] {dag.py:3820} INFO - Setting next_dagrun for example_branch_operator to 2026-04-08T00:00:00+00:00, run_after=2026-04-09T00:00:00+00:00
[2026-04-09T08:21:52.489+0000] {processor.py:183} INFO - Processing /home/airflow/.local/lib/python3.8/site-packages/airflow/example_dags/example_branch_operator.py took 0.188 seconds
[2026-04-09T08:22:22.559+0000] {processor.py:161} INFO - Started process (PID=2194) to work on /home/airflow/.local/lib/python3.8/site-packages/airflow/example_dags/example_branch_operator.py
[2026-04-09T08:22:22.560+0000] {processor.py:830} INFO - Processing file /home/airflow/.local/lib/python3.8/site-packages/airflow/example_dags/example_branch_operator.py for tasks to queue
[2026-04-09T08:22:22.562+0000] {logging_mixin.py:188} INFO - [2026-04-09T08:22:22.561+0000] {dagbag.py:538} INFO - Filling up the DagBag from /home/airflow/.local/lib/python3.8/site-packages/airflow/example_dags/example_branch_operator.py
[2026-04-09T08:22:22.581+0000] {processor.py:840} INFO - DAG(s) 'example_branch_operator' retrieved from /home/airflow/.local/lib/python3.8/site-packages/airflow/example_dags/example_branch_operator.py
[2026-04-09T08:22:22.602+0000] {logging_mixin.py:188} INFO - [2026-04-09T08:22:22.602+0000] {dag.py:3033} INFO - Sync 1 DAGs
[2026-04-09T08:22:22.619+0000] {logging_mixin.py:188} INFO - [2026-04-09T08:22:22.619+0000] {dag.py:3820} INFO - Setting next_dagrun for example_branch_operator to 2026-04-08T00:00:00+00:00, run_after=2026-04-09T00:00:00+00:00
[2026-04-09T08:22:22.631+0000] {processor.py:183} INFO - Processing /home/airflow/.local/lib/python3.8/site-packages/airflow/example_dags/example_branch_operator.py took 0.075 seconds
[2026-04-09T08:22:53.068+0000] {processor.py:161} INFO - Started process (PID=2252) to work on /home/airflow/.local/lib/python3.8/site-packages/airflow/example_dags/example_branch_operator.py
[2026-04-09T08:22:53.069+0000] {processor.py:830} INFO - Processing file /home/airflow/.local/lib/python3.8/site-packages/airflow/example_dags/example_branch_operator.py for tasks to queue
[2026-04-09T08:22:53.071+0000] {logging_mixin.py:188} INFO - [2026-04-09T08:22:53.071+0000] {dagbag.py:538} INFO - Filling up the DagBag from /home/airflow/.local/lib/python3.8/site-packages/airflow/example_dags/example_branch_operator.py
[2026-04-09T08:22:53.091+0000] {processor.py:840} INFO - DAG(s) 'example_branch_operator' retrieved from /home/airflow/.local/lib/python3.8/site-packages/airflow/example_dags/example_branch_operator.py
[2026-04-09T08:22:53.123+0000] {logging_mixin.py:188} INFO - [2026-04-09T08:22:53.123+0000] {dag.py:3033} INFO - Sync 1 DAGs
[2026-04-09T08:22:53.156+0000] {logging_mixin.py:188} INFO - [2026-04-09T08:22:53.156+0000] {dag.py:3820} INFO - Setting next_dagrun for example_branch_operator to 2026-04-08T00:00:00+00:00, run_after=2026-04-09T00:00:00+00:00
[2026-04-09T08:22:53.258+0000] {processor.py:183} INFO - Processing /home/airflow/.local/lib/python3.8/site-packages/airflow/example_dags/example_branch_operator.py took 0.193 seconds
[2026-04-09T08:23:23.704+0000] {processor.py:161} INFO - Started process (PID=2314) to work on /home/airflow/.local/lib/python3.8/site-packages/airflow/example_dags/example_branch_operator.py
[2026-04-09T08:23:23.705+0000] {processor.py:830} INFO - Processing file /home/airflow/.local/lib/python3.8/site-packages/airflow/example_dags/example_branch_operator.py for tasks to queue
[2026-04-09T08:23:23.707+0000] {logging_mixin.py:188} INFO - [2026-04-09T08:23:23.707+0000] {dagbag.py:538} INFO - Filling up the DagBag from /home/airflow/.local/lib/python3.8/site-packages/airflow/example_dags/example_branch_operator.py
[2026-04-09T08:23:23.735+0000] {processor.py:840} INFO - DAG(s) 'example_branch_operator' retrieved from /home/airflow/.local/lib/python3.8/site-packages/airflow/example_dags/example_branch_operator.py
[2026-04-09T08:23:23.768+0000] {logging_mixin.py:188} INFO - [2026-04-09T08:23:23.768+0000] {dag.py:3033} INFO - Sync 1 DAGs
[2026-04-09T08:23:23.832+0000] {logging_mixin.py:188} INFO - [2026-04-09T08:23:23.832+0000] {dag.py:3820} INFO - Setting next_dagrun for example_branch_operator to 2026-04-08T00:00:00+00:00, run_after=2026-04-09T00:00:00+00:00
[2026-04-09T08:23:23.887+0000] {processor.py:183} INFO - Processing /home/airflow/.local/lib/python3.8/site-packages/airflow/example_dags/example_branch_operator.py took 0.186 seconds
[2026-04-09T08:23:54.592+0000] {processor.py:161} INFO - Started process (PID=2375) to work on /home/airflow/.local/lib/python3.8/site-packages/airflow/example_dags/example_branch_operator.py
[2026-04-09T08:23:54.592+0000] {processor.py:830} INFO - Processing file /home/airflow/.local/lib/python3.8/site-packages/airflow/example_dags/example_branch_operator.py for tasks to queue
[2026-04-09T08:23:54.595+0000] {logging_mixin.py:188} INFO - [2026-04-09T08:23:54.594+0000] {dagbag.py:538} INFO - Filling up the DagBag from /home/airflow/.local/lib/python3.8/site-packages/airflow/example_dags/example_branch_operator.py
[2026-04-09T08:23:54.619+0000] {processor.py:840} INFO - DAG(s) 'example_branch_operator' retrieved from /home/airflow/.local/lib/python3.8/site-packages/airflow/example_dags/example_branch_operator.py
[2026-04-09T08:23:54.674+0000] {logging_mixin.py:188} INFO - [2026-04-09T08:23:54.674+0000] {dag.py:3033} INFO - Sync 1 DAGs
[2026-04-09T08:23:54.700+0000] {logging_mixin.py:188} INFO - [2026-04-09T08:23:54.700+0000] {dag.py:3820} INFO - Setting next_dagrun for example_branch_operator to 2026-04-08T00:00:00+00:00, run_after=2026-04-09T00:00:00+00:00
[2026-04-09T08:23:54.728+0000] {processor.py:183} INFO - Processing /home/airflow/.local/lib/python3.8/site-packages/airflow/example_dags/example_branch_operator.py took 0.140 seconds
[2026-04-09T08:24:25.457+0000] {processor.py:161} INFO - Started process (PID=2436) to work on /home/airflow/.local/lib/python3.8/site-packages/airflow/example_dags/example_branch_operator.py
[2026-04-09T08:24:25.457+0000] {processor.py:830} INFO - Processing file /home/airflow/.local/lib/python3.8/site-packages/airflow/example_dags/example_branch_operator.py for tasks to queue
[2026-04-09T08:24:25.460+0000] {logging_mixin.py:188} INFO - [2026-04-09T08:24:25.459+0000] {dagbag.py:538} INFO - Filling up the DagBag from /home/airflow/.local/lib/python3.8/site-packages/airflow/example_dags/example_branch_operator.py
[2026-04-09T08:24:25.502+0000] {processor.py:840} INFO - DAG(s) 'example_branch_operator' retrieved from /home/airflow/.local/lib/python3.8/site-packages/airflow/example_dags/example_branch_operator.py
[2026-04-09T08:24:25.531+0000] {logging_mixin.py:188} INFO - [2026-04-09T08:24:25.531+0000] {dag.py:3033} INFO - Sync 1 DAGs
[2026-04-09T08:24:25.565+0000] {logging_mixin.py:188} INFO - [2026-04-09T08:24:25.565+0000] {dag.py:3820} INFO - Setting next_dagrun for example_branch_operator to 2026-04-08T00:00:00+00:00, run_after=2026-04-09T00:00:00+00:00
[2026-04-09T08:24:25.591+0000] {processor.py:183} INFO - Processing /home/airflow/.local/lib/python3.8/site-packages/airflow/example_dags/example_branch_operator.py took 0.137 seconds
[2026-04-09T08:24:56.039+0000] {processor.py:161} INFO - Started process (PID=2497) to work on /home/airflow/.local/lib/python3.8/site-packages/airflow/example_dags/example_branch_operator.py
[2026-04-09T08:24:56.040+0000] {processor.py:830} INFO - Processing file /home/airflow/.local/lib/python3.8/site-packages/airflow/example_dags/example_branch_operator.py for tasks to queue
[2026-04-09T08:24:56.042+0000] {logging_mixin.py:188} INFO - [2026-04-09T08:24:56.042+0000] {dagbag.py:538} INFO - Filling up the DagBag from /home/airflow/.local/lib/python3.8/site-packages/airflow/example_dags/example_branch_operator.py
[2026-04-09T08:24:56.063+0000] {processor.py:840} INFO - DAG(s) 'example_branch_operator' retrieved from /home/airflow/.local/lib/python3.8/site-packages/airflow/example_dags/example_branch_operator.py
[2026-04-09T08:24:56.091+0000] {logging_mixin.py:188} INFO - [2026-04-09T08:24:56.091+0000] {dag.py:3033} INFO - Sync 1 DAGs
[2026-04-09T08:24:56.117+0000] {logging_mixin.py:188} INFO - [2026-04-09T08:24:56.116+0000] {dag.py:3820} INFO - Setting next_dagrun for example_branch_operator to 2026-04-08T00:00:00+00:00, run_after=2026-04-09T00:00:00+00:00
[2026-04-09T08:24:56.133+0000] {processor.py:183} INFO - Processing /home/airflow/.local/lib/python3.8/site-packages/airflow/example_dags/example_branch_operator.py took 0.099 seconds
[2026-04-09T08:25:27.339+0000] {processor.py:161} INFO - Started process (PID=2558) to work on /home/airflow/.local/lib/python3.8/site-packages/airflow/example_dags/example_branch_operator.py
[2026-04-09T08:25:27.346+0000] {processor.py:830} INFO - Processing file /home/airflow/.local/lib/python3.8/site-packages/airflow/example_dags/example_branch_operator.py for tasks to queue
[2026-04-09T08:25:27.352+0000] {logging_mixin.py:188} INFO - [2026-04-09T08:25:27.352+0000] {dagbag.py:538} INFO - Filling up the DagBag from /home/airflow/.local/lib/python3.8/site-packages/airflow/example_dags/example_branch_operator.py
[2026-04-09T08:25:27.414+0000] {processor.py:840} INFO - DAG(s) 'example_branch_operator' retrieved from /home/airflow/.local/lib/python3.8/site-packages/airflow/example_dags/example_branch_operator.py
[2026-04-09T08:25:27.470+0000] {logging_mixin.py:188} INFO - [2026-04-09T08:25:27.470+0000] {dag.py:3033} INFO - Sync 1 DAGs
[2026-04-09T08:25:27.504+0000] {logging_mixin.py:188} INFO - [2026-04-09T08:25:27.503+0000] {dag.py:3820} INFO - Setting next_dagrun for example_branch_operator to 2026-04-08T00:00:00+00:00, run_after=2026-04-09T00:00:00+00:00
[2026-04-09T08:25:27.541+0000] {processor.py:183} INFO - Processing /home/airflow/.local/lib/python3.8/site-packages/airflow/example_dags/example_branch_operator.py took 0.209 seconds
[2026-04-09T08:25:58.355+0000] {processor.py:161} INFO - Started process (PID=2619) to work on /home/airflow/.local/lib/python3.8/site-packages/airflow/example_dags/example_branch_operator.py
[2026-04-09T08:25:58.356+0000] {processor.py:830} INFO - Processing file /home/airflow/.local/lib/python3.8/site-packages/airflow/example_dags/example_branch_operator.py for tasks to queue
[2026-04-09T08:25:58.358+0000] {logging_mixin.py:188} INFO - [2026-04-09T08:25:58.358+0000] {dagbag.py:538} INFO - Filling up the DagBag from /home/airflow/.local/lib/python3.8/site-packages/airflow/example_dags/example_branch_operator.py
[2026-04-09T08:25:58.378+0000] {processor.py:840} INFO - DAG(s) 'example_branch_operator' retrieved from /home/airflow/.local/lib/python3.8/site-packages/airflow/example_dags/example_branch_operator.py
[2026-04-09T08:25:58.415+0000] {logging_mixin.py:188} INFO - [2026-04-09T08:25:58.415+0000] {dag.py:3033} INFO - Sync 1 DAGs
[2026-04-09T08:25:58.444+0000] {logging_mixin.py:188} INFO - [2026-04-09T08:25:58.444+0000] {dag.py:3820} INFO - Setting next_dagrun for example_branch_operator to 2026-04-08T00:00:00+00:00, run_after=2026-04-09T00:00:00+00:00
[2026-04-09T08:25:58.464+0000] {processor.py:183} INFO - Processing /home/airflow/.local/lib/python3.8/site-packages/airflow/example_dags/example_branch_operator.py took 0.112 seconds
[2026-04-09T08:26:28.692+0000] {processor.py:161} INFO - Started process (PID=2680) to work on /home/airflow/.local/lib/python3.8/site-packages/airflow/example_dags/example_branch_operator.py
[2026-04-09T08:26:28.693+0000] {processor.py:830} INFO - Processing file /home/airflow/.local/lib/python3.8/site-packages/airflow/example_dags/example_branch_operator.py for tasks to queue
[2026-04-09T08:26:28.695+0000] {logging_mixin.py:188} INFO - [2026-04-09T08:26:28.694+0000] {dagbag.py:538} INFO - Filling up the DagBag from /home/airflow/.local/lib/python3.8/site-packages/airflow/example_dags/example_branch_operator.py
[2026-04-09T08:26:28.714+0000] {processor.py:840} INFO - DAG(s) 'example_branch_operator' retrieved from /home/airflow/.local/lib/python3.8/site-packages/airflow/example_dags/example_branch_operator.py
[2026-04-09T08:26:28.767+0000] {logging_mixin.py:188} INFO - [2026-04-09T08:26:28.767+0000] {dag.py:3033} INFO - Sync 1 DAGs
[2026-04-09T08:26:28.804+0000] {logging_mixin.py:188} INFO - [2026-04-09T08:26:28.804+0000] {dag.py:3820} INFO - Setting next_dagrun for example_branch_operator to 2026-04-08T00:00:00+00:00, run_after=2026-04-09T00:00:00+00:00
[2026-04-09T08:26:28.837+0000] {processor.py:183} INFO - Processing /home/airflow/.local/lib/python3.8/site-packages/airflow/example_dags/example_branch_operator.py took 0.148 seconds
[2026-04-09T08:27:00.243+0000] {processor.py:161} INFO - Started process (PID=2741) to work on /home/airflow/.local/lib/python3.8/site-packages/airflow/example_dags/example_branch_operator.py
[2026-04-09T08:27:00.245+0000] {processor.py:830} INFO - Processing file /home/airflow/.local/lib/python3.8/site-packages/airflow/example_dags/example_branch_operator.py for tasks to queue
[2026-04-09T08:27:00.248+0000] {logging_mixin.py:188} INFO - [2026-04-09T08:27:00.248+0000] {dagbag.py:538} INFO - Filling up the DagBag from /home/airflow/.local/lib/python3.8/site-packages/airflow/example_dags/example_branch_operator.py
[2026-04-09T08:27:00.273+0000] {processor.py:840} INFO - DAG(s) 'example_branch_operator' retrieved from /home/airflow/.local/lib/python3.8/site-packages/airflow/example_dags/example_branch_operator.py
[2026-04-09T08:27:00.307+0000] {logging_mixin.py:188} INFO - [2026-04-09T08:27:00.307+0000] {dag.py:3033} INFO - Sync 1 DAGs
[2026-04-09T08:27:00.334+0000] {logging_mixin.py:188} INFO - [2026-04-09T08:27:00.334+0000] {dag.py:3820} INFO - Setting next_dagrun for example_branch_operator to 2026-04-08T00:00:00+00:00, run_after=2026-04-09T00:00:00+00:00
[2026-04-09T08:27:00.352+0000] {processor.py:183} INFO - Processing /home/airflow/.local/lib/python3.8/site-packages/airflow/example_dags/example_branch_operator.py took 0.117 seconds
[2026-04-09T08:27:31.051+0000] {processor.py:161} INFO - Started process (PID=2802) to work on /home/airflow/.local/lib/python3.8/site-packages/airflow/example_dags/example_branch_operator.py
[2026-04-09T08:27:31.054+0000] {processor.py:830} INFO - Processing file /home/airflow/.local/lib/python3.8/site-packages/airflow/example_dags/example_branch_operator.py for tasks to queue
[2026-04-09T08:27:31.056+0000] {logging_mixin.py:188} INFO - [2026-04-09T08:27:31.056+0000] {dagbag.py:538} INFO - Filling up the DagBag from /home/airflow/.local/lib/python3.8/site-packages/airflow/example_dags/example_branch_operator.py
[2026-04-09T08:27:31.105+0000] {processor.py:840} INFO - DAG(s) 'example_branch_operator' retrieved from /home/airflow/.local/lib/python3.8/site-packages/airflow/example_dags/example_branch_operator.py
[2026-04-09T08:27:31.148+0000] {logging_mixin.py:188} INFO - [2026-04-09T08:27:31.148+0000] {dag.py:3033} INFO - Sync 1 DAGs
[2026-04-09T08:27:31.175+0000] {logging_mixin.py:188} INFO - [2026-04-09T08:27:31.175+0000] {dag.py:3820} INFO - Setting next_dagrun for example_branch_operator to 2026-04-08T00:00:00+00:00, run_after=2026-04-09T00:00:00+00:00
[2026-04-09T08:27:31.195+0000] {processor.py:183} INFO - Processing /home/airflow/.local/lib/python3.8/site-packages/airflow/example_dags/example_branch_operator.py took 0.154 seconds
[2026-04-09T08:28:02.521+0000] {processor.py:161} INFO - Started process (PID=2863) to work on /home/airflow/.local/lib/python3.8/site-packages/airflow/example_dags/example_branch_operator.py
[2026-04-09T08:28:02.527+0000] {processor.py:830} INFO - Processing file /home/airflow/.local/lib/python3.8/site-packages/airflow/example_dags/example_branch_operator.py for tasks to queue
[2026-04-09T08:28:02.536+0000] {logging_mixin.py:188} INFO - [2026-04-09T08:28:02.531+0000] {dagbag.py:538} INFO - Filling up the DagBag from /home/airflow/.local/lib/python3.8/site-packages/airflow/example_dags/example_branch_operator.py
[2026-04-09T08:28:02.569+0000] {processor.py:840} INFO - DAG(s) 'example_branch_operator' retrieved from /home/airflow/.local/lib/python3.8/site-packages/airflow/example_dags/example_branch_operator.py
[2026-04-09T08:28:02.644+0000] {logging_mixin.py:188} INFO - [2026-04-09T08:28:02.644+0000] {dag.py:3033} INFO - Sync 1 DAGs
[2026-04-09T08:28:02.685+0000] {logging_mixin.py:188} INFO - [2026-04-09T08:28:02.684+0000] {dag.py:3820} INFO - Setting next_dagrun for example_branch_operator to 2026-04-08T00:00:00+00:00, run_after=2026-04-09T00:00:00+00:00
[2026-04-09T08:28:02.737+0000] {processor.py:183} INFO - Processing /home/airflow/.local/lib/python3.8/site-packages/airflow/example_dags/example_branch_operator.py took 0.239 seconds
[2026-04-09T08:28:33.366+0000] {processor.py:161} INFO - Started process (PID=2924) to work on /home/airflow/.local/lib/python3.8/site-packages/airflow/example_dags/example_branch_operator.py
[2026-04-09T08:28:33.368+0000] {processor.py:830} INFO - Processing file /home/airflow/.local/lib/python3.8/site-packages/airflow/example_dags/example_branch_operator.py for tasks to queue
[2026-04-09T08:28:33.373+0000] {logging_mixin.py:188} INFO - [2026-04-09T08:28:33.372+0000] {dagbag.py:538} INFO - Filling up the DagBag from /home/airflow/.local/lib/python3.8/site-packages/airflow/example_dags/example_branch_operator.py
[2026-04-09T08:28:33.390+0000] {processor.py:840} INFO - DAG(s) 'example_branch_operator' retrieved from /home/airflow/.local/lib/python3.8/site-packages/airflow/example_dags/example_branch_operator.py
[2026-04-09T08:28:33.421+0000] {logging_mixin.py:188} INFO - [2026-04-09T08:28:33.421+0000] {dag.py:3033} INFO - Sync 1 DAGs
[2026-04-09T08:28:33.447+0000] {logging_mixin.py:188} INFO - [2026-04-09T08:28:33.447+0000] {dag.py:3820} INFO - Setting next_dagrun for example_branch_operator to 2026-04-08T00:00:00+00:00, run_after=2026-04-09T00:00:00+00:00
[2026-04-09T08:28:33.469+0000] {processor.py:183} INFO - Processing /home/airflow/.local/lib/python3.8/site-packages/airflow/example_dags/example_branch_operator.py took 0.111 seconds
[2026-04-09T08:29:03.581+0000] {processor.py:161} INFO - Started process (PID=2986) to work on /home/airflow/.local/lib/python3.8/site-packages/airflow/example_dags/example_branch_operator.py
[2026-04-09T08:29:03.582+0000] {processor.py:830} INFO - Processing file /home/airflow/.local/lib/python3.8/site-packages/airflow/example_dags/example_branch_operator.py for tasks to queue
[2026-04-09T08:29:03.584+0000] {logging_mixin.py:188} INFO - [2026-04-09T08:29:03.583+0000] {dagbag.py:538} INFO - Filling up the DagBag from /home/airflow/.local/lib/python3.8/site-packages/airflow/example_dags/example_branch_operator.py
[2026-04-09T08:29:03.602+0000] {processor.py:840} INFO - DAG(s) 'example_branch_operator' retrieved from /home/airflow/.local/lib/python3.8/site-packages/airflow/example_dags/example_branch_operator.py
[2026-04-09T08:29:03.637+0000] {logging_mixin.py:188} INFO - [2026-04-09T08:29:03.637+0000] {dag.py:3033} INFO - Sync 1 DAGs
[2026-04-09T08:29:03.673+0000] {logging_mixin.py:188} INFO - [2026-04-09T08:29:03.673+0000] {dag.py:3820} INFO - Setting next_dagrun for example_branch_operator to 2026-04-08T00:00:00+00:00, run_after=2026-04-09T00:00:00+00:00
[2026-04-09T08:29:03.691+0000] {processor.py:183} INFO - Processing /home/airflow/.local/lib/python3.8/site-packages/airflow/example_dags/example_branch_operator.py took 0.114 seconds
[2026-04-09T08:29:33.851+0000] {processor.py:161} INFO - Started process (PID=3046) to work on /home/airflow/.local/lib/python3.8/site-packages/airflow/example_dags/example_branch_operator.py
[2026-04-09T08:29:33.852+0000] {processor.py:830} INFO - Processing file /home/airflow/.local/lib/python3.8/site-packages/airflow/example_dags/example_branch_operator.py for tasks to queue
[2026-04-09T08:29:33.854+0000] {logging_mixin.py:188} INFO - [2026-04-09T08:29:33.854+0000] {dagbag.py:538} INFO - Filling up the DagBag from /home/airflow/.local/lib/python3.8/site-packages/airflow/example_dags/example_branch_operator.py
[2026-04-09T08:29:33.876+0000] {processor.py:840} INFO - DAG(s) 'example_branch_operator' retrieved from /home/airflow/.local/lib/python3.8/site-packages/airflow/example_dags/example_branch_operator.py
[2026-04-09T08:29:33.908+0000] {logging_mixin.py:188} INFO - [2026-04-09T08:29:33.908+0000] {dag.py:3033} INFO - Sync 1 DAGs
[2026-04-09T08:29:33.935+0000] {logging_mixin.py:188} INFO - [2026-04-09T08:29:33.934+0000] {dag.py:3820} INFO - Setting next_dagrun for example_branch_operator to 2026-04-08T00:00:00+00:00, run_after=2026-04-09T00:00:00+00:00
[2026-04-09T08:29:33.954+0000] {processor.py:183} INFO - Processing /home/airflow/.local/lib/python3.8/site-packages/airflow/example_dags/example_branch_operator.py took 0.107 seconds
[2026-04-09T08:30:04.331+0000] {processor.py:161} INFO - Started process (PID=3106) to work on /home/airflow/.local/lib/python3.8/site-packages/airflow/example_dags/example_branch_operator.py
[2026-04-09T08:30:04.332+0000] {processor.py:830} INFO - Processing file /home/airflow/.local/lib/python3.8/site-packages/airflow/example_dags/example_branch_operator.py for tasks to queue
[2026-04-09T08:30:04.334+0000] {logging_mixin.py:188} INFO - [2026-04-09T08:30:04.334+0000] {dagbag.py:538} INFO - Filling up the DagBag from /home/airflow/.local/lib/python3.8/site-packages/airflow/example_dags/example_branch_operator.py
[2026-04-09T08:30:04.358+0000] {processor.py:840} INFO - DAG(s) 'example_branch_operator' retrieved from /home/airflow/.local/lib/python3.8/site-packages/airflow/example_dags/example_branch_operator.py
[2026-04-09T08:30:04.404+0000] {logging_mixin.py:188} INFO - [2026-04-09T08:30:04.404+0000] {dag.py:3033} INFO - Sync 1 DAGs
[2026-04-09T08:30:04.445+0000] {logging_mixin.py:188} INFO - [2026-04-09T08:30:04.445+0000] {dag.py:3820} INFO - Setting next_dagrun for example_branch_operator to 2026-04-08T00:00:00+00:00, run_after=2026-04-09T00:00:00+00:00
[2026-04-09T08:30:04.468+0000] {processor.py:183} INFO - Processing /home/airflow/.local/lib/python3.8/site-packages/airflow/example_dags/example_branch_operator.py took 0.140 seconds
[2026-04-09T08:30:35.276+0000] {processor.py:161} INFO - Started process (PID=3167) to work on /home/airflow/.local/lib/python3.8/site-packages/airflow/example_dags/example_branch_operator.py
[2026-04-09T08:30:35.277+0000] {processor.py:830} INFO - Processing file /home/airflow/.local/lib/python3.8/site-packages/airflow/example_dags/example_branch_operator.py for tasks to queue
[2026-04-09T08:30:35.279+0000] {logging_mixin.py:188} INFO - [2026-04-09T08:30:35.279+0000] {dagbag.py:538} INFO - Filling up the DagBag from /home/airflow/.local/lib/python3.8/site-packages/airflow/example_dags/example_branch_operator.py
[2026-04-09T08:30:35.299+0000] {processor.py:840} INFO - DAG(s) 'example_branch_operator' retrieved from /home/airflow/.local/lib/python3.8/site-packages/airflow/example_dags/example_branch_operator.py
[2026-04-09T08:30:35.330+0000] {logging_mixin.py:188} INFO - [2026-04-09T08:30:35.329+0000] {dag.py:3033} INFO - Sync 1 DAGs
[2026-04-09T08:30:35.369+0000] {logging_mixin.py:188} INFO - [2026-04-09T08:30:35.369+0000] {dag.py:3820} INFO - Setting next_dagrun for example_branch_operator to 2026-04-08T00:00:00+00:00, run_after=2026-04-09T00:00:00+00:00
[2026-04-09T08:30:35.386+0000] {processor.py:183} INFO - Processing /home/airflow/.local/lib/python3.8/site-packages/airflow/example_dags/example_branch_operator.py took 0.113 seconds
[2026-04-09T08:31:05.575+0000] {processor.py:161} INFO - Started process (PID=3228) to work on /home/airflow/.local/lib/python3.8/site-packages/airflow/example_dags/example_branch_operator.py
[2026-04-09T08:31:05.579+0000] {processor.py:830} INFO - Processing file /home/airflow/.local/lib/python3.8/site-packages/airflow/example_dags/example_branch_operator.py for tasks to queue
[2026-04-09T08:31:05.585+0000] {logging_mixin.py:188} INFO - [2026-04-09T08:31:05.585+0000] {dagbag.py:538} INFO - Filling up the DagBag from /home/airflow/.local/lib/python3.8/site-packages/airflow/example_dags/example_branch_operator.py
[2026-04-09T08:31:05.611+0000] {processor.py:840} INFO - DAG(s) 'example_branch_operator' retrieved from /home/airflow/.local/lib/python3.8/site-packages/airflow/example_dags/example_branch_operator.py
[2026-04-09T08:31:05.636+0000] {logging_mixin.py:188} INFO - [2026-04-09T08:31:05.636+0000] {dag.py:3033} INFO - Sync 1 DAGs
[2026-04-09T08:31:05.657+0000] {logging_mixin.py:188} INFO - [2026-04-09T08:31:05.657+0000] {dag.py:3820} INFO - Setting next_dagrun for example_branch_operator to 2026-04-08T00:00:00+00:00, run_after=2026-04-09T00:00:00+00:00
[2026-04-09T08:31:05.670+0000] {processor.py:183} INFO - Processing /home/airflow/.local/lib/python3.8/site-packages/airflow/example_dags/example_branch_operator.py took 0.100 seconds
[2026-04-09T08:31:36.385+0000] {processor.py:161} INFO - Started process (PID=3289) to work on /home/airflow/.local/lib/python3.8/site-packages/airflow/example_dags/example_branch_operator.py
[2026-04-09T08:31:36.386+0000] {processor.py:830} INFO - Processing file /home/airflow/.local/lib/python3.8/site-packages/airflow/example_dags/example_branch_operator.py for tasks to queue
[2026-04-09T08:31:36.390+0000] {logging_mixin.py:188} INFO - [2026-04-09T08:31:36.389+0000] {dagbag.py:538} INFO - Filling up the DagBag from /home/airflow/.local/lib/python3.8/site-packages/airflow/example_dags/example_branch_operator.py
[2026-04-09T08:31:36.414+0000] {processor.py:840} INFO - DAG(s) 'example_branch_operator' retrieved from /home/airflow/.local/lib/python3.8/site-packages/airflow/example_dags/example_branch_operator.py
[2026-04-09T08:31:36.444+0000] {logging_mixin.py:188} INFO - [2026-04-09T08:31:36.444+0000] {dag.py:3033} INFO - Sync 1 DAGs
[2026-04-09T08:31:36.470+0000] {logging_mixin.py:188} INFO - [2026-04-09T08:31:36.470+0000] {dag.py:3820} INFO - Setting next_dagrun for example_branch_operator to 2026-04-08T00:00:00+00:00, run_after=2026-04-09T00:00:00+00:00
[2026-04-09T08:31:36.488+0000] {processor.py:183} INFO - Processing /home/airflow/.local/lib/python3.8/site-packages/airflow/example_dags/example_branch_operator.py took 0.106 seconds
[2026-04-09T08:32:08.468+0000] {processor.py:161} INFO - Started process (PID=3357) to work on /home/airflow/.local/lib/python3.8/site-packages/airflow/example_dags/example_branch_operator.py
[2026-04-09T08:32:08.477+0000] {processor.py:830} INFO - Processing file /home/airflow/.local/lib/python3.8/site-packages/airflow/example_dags/example_branch_operator.py for tasks to queue
[2026-04-09T08:32:08.493+0000] {logging_mixin.py:188} INFO - [2026-04-09T08:32:08.479+0000] {dagbag.py:538} INFO - Filling up the DagBag from /home/airflow/.local/lib/python3.8/site-packages/airflow/example_dags/example_branch_operator.py
[2026-04-09T08:32:08.556+0000] {processor.py:840} INFO - DAG(s) 'example_branch_operator' retrieved from /home/airflow/.local/lib/python3.8/site-packages/airflow/example_dags/example_branch_operator.py
[2026-04-09T08:32:08.635+0000] {logging_mixin.py:188} INFO - [2026-04-09T08:32:08.635+0000] {dag.py:3033} INFO - Sync 1 DAGs
[2026-04-09T08:32:08.691+0000] {logging_mixin.py:188} INFO - [2026-04-09T08:32:08.691+0000] {dag.py:3820} INFO - Setting next_dagrun for example_branch_operator to 2026-04-08T00:00:00+00:00, run_after=2026-04-09T00:00:00+00:00
[2026-04-09T08:32:08.732+0000] {processor.py:183} INFO - Processing /home/airflow/.local/lib/python3.8/site-packages/airflow/example_dags/example_branch_operator.py took 0.268 seconds
[2026-04-09T08:32:39.658+0000] {processor.py:161} INFO - Started process (PID=3419) to work on /home/airflow/.local/lib/python3.8/site-packages/airflow/example_dags/example_branch_operator.py
[2026-04-09T08:32:39.666+0000] {processor.py:830} INFO - Processing file /home/airflow/.local/lib/python3.8/site-packages/airflow/example_dags/example_branch_operator.py for tasks to queue
[2026-04-09T08:32:39.671+0000] {logging_mixin.py:188} INFO - [2026-04-09T08:32:39.671+0000] {dagbag.py:538} INFO - Filling up the DagBag from /home/airflow/.local/lib/python3.8/site-packages/airflow/example_dags/example_branch_operator.py
[2026-04-09T08:32:39.727+0000] {processor.py:840} INFO - DAG(s) 'example_branch_operator' retrieved from /home/airflow/.local/lib/python3.8/site-packages/airflow/example_dags/example_branch_operator.py
[2026-04-09T08:32:39.793+0000] {logging_mixin.py:188} INFO - [2026-04-09T08:32:39.793+0000] {dag.py:3033} INFO - Sync 1 DAGs
[2026-04-09T08:32:39.870+0000] {logging_mixin.py:188} INFO - [2026-04-09T08:32:39.869+0000] {dag.py:3820} INFO - Setting next_dagrun for example_branch_operator to 2026-04-08T00:00:00+00:00, run_after=2026-04-09T00:00:00+00:00
[2026-04-09T08:32:39.936+0000] {processor.py:183} INFO - Processing /home/airflow/.local/lib/python3.8/site-packages/airflow/example_dags/example_branch_operator.py took 0.285 seconds
[2026-04-09T08:33:10.025+0000] {processor.py:161} INFO - Started process (PID=3481) to work on /home/airflow/.local/lib/python3.8/site-packages/airflow/example_dags/example_branch_operator.py
[2026-04-09T08:33:10.029+0000] {processor.py:830} INFO - Processing file /home/airflow/.local/lib/python3.8/site-packages/airflow/example_dags/example_branch_operator.py for tasks to queue
[2026-04-09T08:33:10.037+0000] {logging_mixin.py:188} INFO - [2026-04-09T08:33:10.033+0000] {dagbag.py:538} INFO - Filling up the DagBag from /home/airflow/.local/lib/python3.8/site-packages/airflow/example_dags/example_branch_operator.py
[2026-04-09T08:33:10.094+0000] {processor.py:840} INFO - DAG(s) 'example_branch_operator' retrieved from /home/airflow/.local/lib/python3.8/site-packages/airflow/example_dags/example_branch_operator.py
[2026-04-09T08:33:10.153+0000] {logging_mixin.py:188} INFO - [2026-04-09T08:33:10.152+0000] {dag.py:3033} INFO - Sync 1 DAGs
[2026-04-09T08:33:10.183+0000] {logging_mixin.py:188} INFO - [2026-04-09T08:33:10.183+0000] {dag.py:3820} INFO - Setting next_dagrun for example_branch_operator to 2026-04-08T00:00:00+00:00, run_after=2026-04-09T00:00:00+00:00
[2026-04-09T08:33:10.203+0000] {processor.py:183} INFO - Processing /home/airflow/.local/lib/python3.8/site-packages/airflow/example_dags/example_branch_operator.py took 0.182 seconds
[2026-04-09T08:33:41.039+0000] {processor.py:161} INFO - Started process (PID=3541) to work on /home/airflow/.local/lib/python3.8/site-packages/airflow/example_dags/example_branch_operator.py
[2026-04-09T08:33:41.044+0000] {processor.py:830} INFO - Processing file /home/airflow/.local/lib/python3.8/site-packages/airflow/example_dags/example_branch_operator.py for tasks to queue
[2026-04-09T08:33:41.047+0000] {logging_mixin.py:188} INFO - [2026-04-09T08:33:41.047+0000] {dagbag.py:538} INFO - Filling up the DagBag from /home/airflow/.local/lib/python3.8/site-packages/airflow/example_dags/example_branch_operator.py
[2026-04-09T08:33:41.082+0000] {processor.py:840} INFO - DAG(s) 'example_branch_operator' retrieved from /home/airflow/.local/lib/python3.8/site-packages/airflow/example_dags/example_branch_operator.py
[2026-04-09T08:33:41.134+0000] {logging_mixin.py:188} INFO - [2026-04-09T08:33:41.134+0000] {dag.py:3033} INFO - Sync 1 DAGs
[2026-04-09T08:33:41.186+0000] {logging_mixin.py:188} INFO - [2026-04-09T08:33:41.186+0000] {dag.py:3820} INFO - Setting next_dagrun for example_branch_operator to 2026-04-08T00:00:00+00:00, run_after=2026-04-09T00:00:00+00:00
[2026-04-09T08:33:41.223+0000] {processor.py:183} INFO - Processing /home/airflow/.local/lib/python3.8/site-packages/airflow/example_dags/example_branch_operator.py took 0.191 seconds
[2026-04-09T08:34:11.526+0000] {processor.py:161} INFO - Started process (PID=3603) to work on /home/airflow/.local/lib/python3.8/site-packages/airflow/example_dags/example_branch_operator.py
[2026-04-09T08:34:11.528+0000] {processor.py:830} INFO - Processing file /home/airflow/.local/lib/python3.8/site-packages/airflow/example_dags/example_branch_operator.py for tasks to queue
[2026-04-09T08:34:11.530+0000] {logging_mixin.py:188} INFO - [2026-04-09T08:34:11.530+0000] {dagbag.py:538} INFO - Filling up the DagBag from /home/airflow/.local/lib/python3.8/site-packages/airflow/example_dags/example_branch_operator.py
[2026-04-09T08:34:11.551+0000] {processor.py:840} INFO - DAG(s) 'example_branch_operator' retrieved from /home/airflow/.local/lib/python3.8/site-packages/airflow/example_dags/example_branch_operator.py
[2026-04-09T08:34:11.582+0000] {logging_mixin.py:188} INFO - [2026-04-09T08:34:11.582+0000] {dag.py:3033} INFO - Sync 1 DAGs
[2026-04-09T08:34:11.610+0000] {logging_mixin.py:188} INFO - [2026-04-09T08:34:11.610+0000] {dag.py:3820} INFO - Setting next_dagrun for example_branch_operator to 2026-04-08T00:00:00+00:00, run_after=2026-04-09T00:00:00+00:00
[2026-04-09T08:34:11.629+0000] {processor.py:183} INFO - Processing /home/airflow/.local/lib/python3.8/site-packages/airflow/example_dags/example_branch_operator.py took 0.106 seconds
[2026-04-09T08:34:42.110+0000] {processor.py:161} INFO - Started process (PID=3663) to work on /home/airflow/.local/lib/python3.8/site-packages/airflow/example_dags/example_branch_operator.py
[2026-04-09T08:34:42.112+0000] {processor.py:830} INFO - Processing file /home/airflow/.local/lib/python3.8/site-packages/airflow/example_dags/example_branch_operator.py for tasks to queue
[2026-04-09T08:34:42.114+0000] {logging_mixin.py:188} INFO - [2026-04-09T08:34:42.114+0000] {dagbag.py:538} INFO - Filling up the DagBag from /home/airflow/.local/lib/python3.8/site-packages/airflow/example_dags/example_branch_operator.py
[2026-04-09T08:34:42.135+0000] {processor.py:840} INFO - DAG(s) 'example_branch_operator' retrieved from /home/airflow/.local/lib/python3.8/site-packages/airflow/example_dags/example_branch_operator.py
[2026-04-09T08:34:42.175+0000] {logging_mixin.py:188} INFO - [2026-04-09T08:34:42.174+0000] {dag.py:3033} INFO - Sync 1 DAGs
[2026-04-09T08:34:42.204+0000] {logging_mixin.py:188} INFO - [2026-04-09T08:34:42.203+0000] {dag.py:3820} INFO - Setting next_dagrun for example_branch_operator to 2026-04-08T00:00:00+00:00, run_after=2026-04-09T00:00:00+00:00
[2026-04-09T08:34:42.223+0000] {processor.py:183} INFO - Processing /home/airflow/.local/lib/python3.8/site-packages/airflow/example_dags/example_branch_operator.py took 0.116 seconds
[2026-04-09T08:35:12.442+0000] {processor.py:161} INFO - Started process (PID=3724) to work on /home/airflow/.local/lib/python3.8/site-packages/airflow/example_dags/example_branch_operator.py
[2026-04-09T08:35:12.446+0000] {processor.py:830} INFO - Processing file /home/airflow/.local/lib/python3.8/site-packages/airflow/example_dags/example_branch_operator.py for tasks to queue
[2026-04-09T08:35:12.449+0000] {logging_mixin.py:188} INFO - [2026-04-09T08:35:12.448+0000] {dagbag.py:538} INFO - Filling up the DagBag from /home/airflow/.local/lib/python3.8/site-packages/airflow/example_dags/example_branch_operator.py
[2026-04-09T08:35:12.474+0000] {processor.py:840} INFO - DAG(s) 'example_branch_operator' retrieved from /home/airflow/.local/lib/python3.8/site-packages/airflow/example_dags/example_branch_operator.py
[2026-04-09T08:35:12.514+0000] {logging_mixin.py:188} INFO - [2026-04-09T08:35:12.514+0000] {dag.py:3033} INFO - Sync 1 DAGs
[2026-04-09T08:35:12.546+0000] {logging_mixin.py:188} INFO - [2026-04-09T08:35:12.546+0000] {dag.py:3820} INFO - Setting next_dagrun for example_branch_operator to 2026-04-08T00:00:00+00:00, run_after=2026-04-09T00:00:00+00:00
[2026-04-09T08:35:12.593+0000] {processor.py:183} INFO - Processing /home/airflow/.local/lib/python3.8/site-packages/airflow/example_dags/example_branch_operator.py took 0.154 seconds
[2026-04-09T08:35:42.996+0000] {processor.py:161} INFO - Started process (PID=3785) to work on /home/airflow/.local/lib/python3.8/site-packages/airflow/example_dags/example_branch_operator.py
[2026-04-09T08:35:43.001+0000] {processor.py:830} INFO - Processing file /home/airflow/.local/lib/python3.8/site-packages/airflow/example_dags/example_branch_operator.py for tasks to queue
[2026-04-09T08:35:43.003+0000] {logging_mixin.py:188} INFO - [2026-04-09T08:35:43.003+0000] {dagbag.py:538} INFO - Filling up the DagBag from /home/airflow/.local/lib/python3.8/site-packages/airflow/example_dags/example_branch_operator.py
[2026-04-09T08:35:43.027+0000] {processor.py:840} INFO - DAG(s) 'example_branch_operator' retrieved from /home/airflow/.local/lib/python3.8/site-packages/airflow/example_dags/example_branch_operator.py
[2026-04-09T08:35:43.058+0000] {logging_mixin.py:188} INFO - [2026-04-09T08:35:43.057+0000] {dag.py:3033} INFO - Sync 1 DAGs
[2026-04-09T08:35:43.091+0000] {logging_mixin.py:188} INFO - [2026-04-09T08:35:43.090+0000] {dag.py:3820} INFO - Setting next_dagrun for example_branch_operator to 2026-04-08T00:00:00+00:00, run_after=2026-04-09T00:00:00+00:00
[2026-04-09T08:35:43.109+0000] {processor.py:183} INFO - Processing /home/airflow/.local/lib/python3.8/site-packages/airflow/example_dags/example_branch_operator.py took 0.117 seconds
[2026-04-09T08:36:13.719+0000] {processor.py:161} INFO - Started process (PID=3846) to work on /home/airflow/.local/lib/python3.8/site-packages/airflow/example_dags/example_branch_operator.py
[2026-04-09T08:36:13.720+0000] {processor.py:830} INFO - Processing file /home/airflow/.local/lib/python3.8/site-packages/airflow/example_dags/example_branch_operator.py for tasks to queue
[2026-04-09T08:36:13.723+0000] {logging_mixin.py:188} INFO - [2026-04-09T08:36:13.723+0000] {dagbag.py:538} INFO - Filling up the DagBag from /home/airflow/.local/lib/python3.8/site-packages/airflow/example_dags/example_branch_operator.py
[2026-04-09T08:36:13.758+0000] {processor.py:840} INFO - DAG(s) 'example_branch_operator' retrieved from /home/airflow/.local/lib/python3.8/site-packages/airflow/example_dags/example_branch_operator.py
[2026-04-09T08:36:13.799+0000] {logging_mixin.py:188} INFO - [2026-04-09T08:36:13.799+0000] {dag.py:3033} INFO - Sync 1 DAGs
[2026-04-09T08:36:13.831+0000] {logging_mixin.py:188} INFO - [2026-04-09T08:36:13.830+0000] {dag.py:3820} INFO - Setting next_dagrun for example_branch_operator to 2026-04-08T00:00:00+00:00, run_after=2026-04-09T00:00:00+00:00
[2026-04-09T08:36:13.858+0000] {processor.py:183} INFO - Processing /home/airflow/.local/lib/python3.8/site-packages/airflow/example_dags/example_branch_operator.py took 0.142 seconds
[2026-04-09T08:36:44.133+0000] {processor.py:161} INFO - Started process (PID=3907) to work on /home/airflow/.local/lib/python3.8/site-packages/airflow/example_dags/example_branch_operator.py
[2026-04-09T08:36:44.135+0000] {processor.py:830} INFO - Processing file /home/airflow/.local/lib/python3.8/site-packages/airflow/example_dags/example_branch_operator.py for tasks to queue
[2026-04-09T08:36:44.137+0000] {logging_mixin.py:188} INFO - [2026-04-09T08:36:44.137+0000] {dagbag.py:538} INFO - Filling up the DagBag from /home/airflow/.local/lib/python3.8/site-packages/airflow/example_dags/example_branch_operator.py
[2026-04-09T08:36:44.159+0000] {processor.py:840} INFO - DAG(s) 'example_branch_operator' retrieved from /home/airflow/.local/lib/python3.8/site-packages/airflow/example_dags/example_branch_operator.py
[2026-04-09T08:36:44.188+0000] {logging_mixin.py:188} INFO - [2026-04-09T08:36:44.188+0000] {dag.py:3033} INFO - Sync 1 DAGs
[2026-04-09T08:36:44.217+0000] {logging_mixin.py:188} INFO - [2026-04-09T08:36:44.217+0000] {dag.py:3820} INFO - Setting next_dagrun for example_branch_operator to 2026-04-08T00:00:00+00:00, run_after=2026-04-09T00:00:00+00:00
[2026-04-09T08:36:44.236+0000] {processor.py:183} INFO - Processing /home/airflow/.local/lib/python3.8/site-packages/airflow/example_dags/example_branch_operator.py took 0.106 seconds
[2026-04-09T08:37:15.582+0000] {processor.py:161} INFO - Started process (PID=3969) to work on /home/airflow/.local/lib/python3.8/site-packages/airflow/example_dags/example_branch_operator.py
[2026-04-09T08:37:15.583+0000] {processor.py:830} INFO - Processing file /home/airflow/.local/lib/python3.8/site-packages/airflow/example_dags/example_branch_operator.py for tasks to queue
[2026-04-09T08:37:15.586+0000] {logging_mixin.py:188} INFO - [2026-04-09T08:37:15.586+0000] {dagbag.py:538} INFO - Filling up the DagBag from /home/airflow/.local/lib/python3.8/site-packages/airflow/example_dags/example_branch_operator.py
[2026-04-09T08:37:15.607+0000] {processor.py:840} INFO - DAG(s) 'example_branch_operator' retrieved from /home/airflow/.local/lib/python3.8/site-packages/airflow/example_dags/example_branch_operator.py
[2026-04-09T08:37:15.669+0000] {logging_mixin.py:188} INFO - [2026-04-09T08:37:15.668+0000] {dag.py:3033} INFO - Sync 1 DAGs
[2026-04-09T08:37:15.698+0000] {logging_mixin.py:188} INFO - [2026-04-09T08:37:15.697+0000] {dag.py:3820} INFO - Setting next_dagrun for example_branch_operator to 2026-04-08T00:00:00+00:00, run_after=2026-04-09T00:00:00+00:00
[2026-04-09T08:37:15.794+0000] {processor.py:183} INFO - Processing /home/airflow/.local/lib/python3.8/site-packages/airflow/example_dags/example_branch_operator.py took 0.234 seconds
[2026-04-09T08:37:46.145+0000] {processor.py:161} INFO - Started process (PID=4030) to work on /home/airflow/.local/lib/python3.8/site-packages/airflow/example_dags/example_branch_operator.py
[2026-04-09T08:37:46.148+0000] {processor.py:830} INFO - Processing file /home/airflow/.local/lib/python3.8/site-packages/airflow/example_dags/example_branch_operator.py for tasks to queue
[2026-04-09T08:37:46.156+0000] {logging_mixin.py:188} INFO - [2026-04-09T08:37:46.151+0000] {dagbag.py:538} INFO - Filling up the DagBag from /home/airflow/.local/lib/python3.8/site-packages/airflow/example_dags/example_branch_operator.py
[2026-04-09T08:37:46.228+0000] {processor.py:840} INFO - DAG(s) 'example_branch_operator' retrieved from /home/airflow/.local/lib/python3.8/site-packages/airflow/example_dags/example_branch_operator.py
[2026-04-09T08:37:46.299+0000] {logging_mixin.py:188} INFO - [2026-04-09T08:37:46.299+0000] {dag.py:3033} INFO - Sync 1 DAGs
[2026-04-09T08:37:46.338+0000] {logging_mixin.py:188} INFO - [2026-04-09T08:37:46.337+0000] {dag.py:3820} INFO - Setting next_dagrun for example_branch_operator to 2026-04-08T00:00:00+00:00, run_after=2026-04-09T00:00:00+00:00
[2026-04-09T08:37:46.363+0000] {processor.py:183} INFO - Processing /home/airflow/.local/lib/python3.8/site-packages/airflow/example_dags/example_branch_operator.py took 0.222 seconds
[2026-04-09T08:38:16.857+0000] {processor.py:161} INFO - Started process (PID=4090) to work on /home/airflow/.local/lib/python3.8/site-packages/airflow/example_dags/example_branch_operator.py
[2026-04-09T08:38:16.858+0000] {processor.py:830} INFO - Processing file /home/airflow/.local/lib/python3.8/site-packages/airflow/example_dags/example_branch_operator.py for tasks to queue
[2026-04-09T08:38:16.860+0000] {logging_mixin.py:188} INFO - [2026-04-09T08:38:16.860+0000] {dagbag.py:538} INFO - Filling up the DagBag from /home/airflow/.local/lib/python3.8/site-packages/airflow/example_dags/example_branch_operator.py
[2026-04-09T08:38:16.881+0000] {processor.py:840} INFO - DAG(s) 'example_branch_operator' retrieved from /home/airflow/.local/lib/python3.8/site-packages/airflow/example_dags/example_branch_operator.py
[2026-04-09T08:38:16.913+0000] {logging_mixin.py:188} INFO - [2026-04-09T08:38:16.913+0000] {dag.py:3033} INFO - Sync 1 DAGs
[2026-04-09T08:38:16.940+0000] {logging_mixin.py:188} INFO - [2026-04-09T08:38:16.940+0000] {dag.py:3820} INFO - Setting next_dagrun for example_branch_operator to 2026-04-08T00:00:00+00:00, run_after=2026-04-09T00:00:00+00:00
[2026-04-09T08:38:16.959+0000] {processor.py:183} INFO - Processing /home/airflow/.local/lib/python3.8/site-packages/airflow/example_dags/example_branch_operator.py took 0.105 seconds
[2026-04-09T08:38:47.359+0000] {processor.py:161} INFO - Started process (PID=4151) to work on /home/airflow/.local/lib/python3.8/site-packages/airflow/example_dags/example_branch_operator.py
[2026-04-09T08:38:47.361+0000] {processor.py:830} INFO - Processing file /home/airflow/.local/lib/python3.8/site-packages/airflow/example_dags/example_branch_operator.py for tasks to queue
[2026-04-09T08:38:47.365+0000] {logging_mixin.py:188} INFO - [2026-04-09T08:38:47.365+0000] {dagbag.py:538} INFO - Filling up the DagBag from /home/airflow/.local/lib/python3.8/site-packages/airflow/example_dags/example_branch_operator.py
[2026-04-09T08:38:47.386+0000] {processor.py:840} INFO - DAG(s) 'example_branch_operator' retrieved from /home/airflow/.local/lib/python3.8/site-packages/airflow/example_dags/example_branch_operator.py
[2026-04-09T08:38:47.418+0000] {logging_mixin.py:188} INFO - [2026-04-09T08:38:47.418+0000] {dag.py:3033} INFO - Sync 1 DAGs
[2026-04-09T08:38:47.443+0000] {logging_mixin.py:188} INFO - [2026-04-09T08:38:47.443+0000] {dag.py:3820} INFO - Setting next_dagrun for example_branch_operator to 2026-04-08T00:00:00+00:00, run_after=2026-04-09T00:00:00+00:00
[2026-04-09T08:38:47.460+0000] {processor.py:183} INFO - Processing /home/airflow/.local/lib/python3.8/site-packages/airflow/example_dags/example_branch_operator.py took 0.108 seconds
[2026-04-09T08:39:18.432+0000] {processor.py:161} INFO - Started process (PID=4212) to work on /home/airflow/.local/lib/python3.8/site-packages/airflow/example_dags/example_branch_operator.py
[2026-04-09T08:39:18.433+0000] {processor.py:830} INFO - Processing file /home/airflow/.local/lib/python3.8/site-packages/airflow/example_dags/example_branch_operator.py for tasks to queue
[2026-04-09T08:39:18.436+0000] {logging_mixin.py:188} INFO - [2026-04-09T08:39:18.435+0000] {dagbag.py:538} INFO - Filling up the DagBag from /home/airflow/.local/lib/python3.8/site-packages/airflow/example_dags/example_branch_operator.py
[2026-04-09T08:39:18.455+0000] {processor.py:840} INFO - DAG(s) 'example_branch_operator' retrieved from /home/airflow/.local/lib/python3.8/site-packages/airflow/example_dags/example_branch_operator.py
[2026-04-09T08:39:18.570+0000] {logging_mixin.py:188} INFO - [2026-04-09T08:39:18.570+0000] {dag.py:3033} INFO - Sync 1 DAGs
[2026-04-09T08:39:18.609+0000] {logging_mixin.py:188} INFO - [2026-04-09T08:39:18.608+0000] {dag.py:3820} INFO - Setting next_dagrun for example_branch_operator to 2026-04-08T00:00:00+00:00, run_after=2026-04-09T00:00:00+00:00
[2026-04-09T08:39:18.637+0000] {processor.py:183} INFO - Processing /home/airflow/.local/lib/python3.8/site-packages/airflow/example_dags/example_branch_operator.py took 0.209 seconds
[2026-04-09T08:39:49.159+0000] {processor.py:161} INFO - Started process (PID=4273) to work on /home/airflow/.local/lib/python3.8/site-packages/airflow/example_dags/example_branch_operator.py
[2026-04-09T08:39:49.162+0000] {processor.py:830} INFO - Processing file /home/airflow/.local/lib/python3.8/site-packages/airflow/example_dags/example_branch_operator.py for tasks to queue
[2026-04-09T08:39:49.168+0000] {logging_mixin.py:188} INFO - [2026-04-09T08:39:49.168+0000] {dagbag.py:538} INFO - Filling up the DagBag from /home/airflow/.local/lib/python3.8/site-packages/airflow/example_dags/example_branch_operator.py
[2026-04-09T08:39:49.210+0000] {processor.py:840} INFO - DAG(s) 'example_branch_operator' retrieved from /home/airflow/.local/lib/python3.8/site-packages/airflow/example_dags/example_branch_operator.py
[2026-04-09T08:39:49.265+0000] {logging_mixin.py:188} INFO - [2026-04-09T08:39:49.265+0000] {dag.py:3033} INFO - Sync 1 DAGs
[2026-04-09T08:39:49.311+0000] {logging_mixin.py:188} INFO - [2026-04-09T08:39:49.311+0000] {dag.py:3820} INFO - Setting next_dagrun for example_branch_operator to 2026-04-08T00:00:00+00:00, run_after=2026-04-09T00:00:00+00:00
[2026-04-09T08:39:49.355+0000] {processor.py:183} INFO - Processing /home/airflow/.local/lib/python3.8/site-packages/airflow/example_dags/example_branch_operator.py took 0.203 seconds
[2026-04-09T08:40:19.410+0000] {processor.py:161} INFO - Started process (PID=4334) to work on /home/airflow/.local/lib/python3.8/site-packages/airflow/example_dags/example_branch_operator.py
[2026-04-09T08:40:19.411+0000] {processor.py:830} INFO - Processing file /home/airflow/.local/lib/python3.8/site-packages/airflow/example_dags/example_branch_operator.py for tasks to queue
[2026-04-09T08:40:19.413+0000] {logging_mixin.py:188} INFO - [2026-04-09T08:40:19.413+0000] {dagbag.py:538} INFO - Filling up the DagBag from /home/airflow/.local/lib/python3.8/site-packages/airflow/example_dags/example_branch_operator.py
[2026-04-09T08:40:19.433+0000] {processor.py:840} INFO - DAG(s) 'example_branch_operator' retrieved from /home/airflow/.local/lib/python3.8/site-packages/airflow/example_dags/example_branch_operator.py
[2026-04-09T08:40:19.465+0000] {logging_mixin.py:188} INFO - [2026-04-09T08:40:19.464+0000] {dag.py:3033} INFO - Sync 1 DAGs
[2026-04-09T08:40:19.527+0000] {logging_mixin.py:188} INFO - [2026-04-09T08:40:19.527+0000] {dag.py:3820} INFO - Setting next_dagrun for example_branch_operator to 2026-04-08T00:00:00+00:00, run_after=2026-04-09T00:00:00+00:00
[2026-04-09T08:40:19.628+0000] {processor.py:183} INFO - Processing /home/airflow/.local/lib/python3.8/site-packages/airflow/example_dags/example_branch_operator.py took 0.221 seconds
[2026-04-09T08:40:50.611+0000] {processor.py:161} INFO - Started process (PID=4395) to work on /home/airflow/.local/lib/python3.8/site-packages/airflow/example_dags/example_branch_operator.py
[2026-04-09T08:40:50.613+0000] {processor.py:830} INFO - Processing file /home/airflow/.local/lib/python3.8/site-packages/airflow/example_dags/example_branch_operator.py for tasks to queue
[2026-04-09T08:40:50.615+0000] {logging_mixin.py:188} INFO - [2026-04-09T08:40:50.615+0000] {dagbag.py:538} INFO - Filling up the DagBag from /home/airflow/.local/lib/python3.8/site-packages/airflow/example_dags/example_branch_operator.py
[2026-04-09T08:40:50.635+0000] {processor.py:840} INFO - DAG(s) 'example_branch_operator' retrieved from /home/airflow/.local/lib/python3.8/site-packages/airflow/example_dags/example_branch_operator.py
[2026-04-09T08:40:50.675+0000] {logging_mixin.py:188} INFO - [2026-04-09T08:40:50.675+0000] {dag.py:3033} INFO - Sync 1 DAGs
[2026-04-09T08:40:50.710+0000] {logging_mixin.py:188} INFO - [2026-04-09T08:40:50.710+0000] {dag.py:3820} INFO - Setting next_dagrun for example_branch_operator to 2026-04-08T00:00:00+00:00, run_after=2026-04-09T00:00:00+00:00
[2026-04-09T08:40:50.728+0000] {processor.py:183} INFO - Processing /home/airflow/.local/lib/python3.8/site-packages/airflow/example_dags/example_branch_operator.py took 0.122 seconds
[2026-04-09T08:41:21.685+0000] {processor.py:161} INFO - Started process (PID=4456) to work on /home/airflow/.local/lib/python3.8/site-packages/airflow/example_dags/example_branch_operator.py
[2026-04-09T08:41:21.686+0000] {processor.py:830} INFO - Processing file /home/airflow/.local/lib/python3.8/site-packages/airflow/example_dags/example_branch_operator.py for tasks to queue
[2026-04-09T08:41:21.689+0000] {logging_mixin.py:188} INFO - [2026-04-09T08:41:21.688+0000] {dagbag.py:538} INFO - Filling up the DagBag from /home/airflow/.local/lib/python3.8/site-packages/airflow/example_dags/example_branch_operator.py
[2026-04-09T08:41:21.709+0000] {processor.py:840} INFO - DAG(s) 'example_branch_operator' retrieved from /home/airflow/.local/lib/python3.8/site-packages/airflow/example_dags/example_branch_operator.py
[2026-04-09T08:41:21.742+0000] {logging_mixin.py:188} INFO - [2026-04-09T08:41:21.742+0000] {dag.py:3033} INFO - Sync 1 DAGs
[2026-04-09T08:41:21.770+0000] {logging_mixin.py:188} INFO - [2026-04-09T08:41:21.769+0000] {dag.py:3820} INFO - Setting next_dagrun for example_branch_operator to 2026-04-08T00:00:00+00:00, run_after=2026-04-09T00:00:00+00:00
[2026-04-09T08:41:21.789+0000] {processor.py:183} INFO - Processing /home/airflow/.local/lib/python3.8/site-packages/airflow/example_dags/example_branch_operator.py took 0.108 seconds
[2026-04-09T08:41:52.672+0000] {processor.py:161} INFO - Started process (PID=4517) to work on /home/airflow/.local/lib/python3.8/site-packages/airflow/example_dags/example_branch_operator.py
[2026-04-09T08:41:52.674+0000] {processor.py:830} INFO - Processing file /home/airflow/.local/lib/python3.8/site-packages/airflow/example_dags/example_branch_operator.py for tasks to queue
[2026-04-09T08:41:52.681+0000] {logging_mixin.py:188} INFO - [2026-04-09T08:41:52.681+0000] {dagbag.py:538} INFO - Filling up the DagBag from /home/airflow/.local/lib/python3.8/site-packages/airflow/example_dags/example_branch_operator.py
[2026-04-09T08:41:52.743+0000] {processor.py:840} INFO - DAG(s) 'example_branch_operator' retrieved from /home/airflow/.local/lib/python3.8/site-packages/airflow/example_dags/example_branch_operator.py
[2026-04-09T08:41:52.777+0000] {logging_mixin.py:188} INFO - [2026-04-09T08:41:52.777+0000] {dag.py:3033} INFO - Sync 1 DAGs
[2026-04-09T08:41:52.803+0000] {logging_mixin.py:188} INFO - [2026-04-09T08:41:52.803+0000] {dag.py:3820} INFO - Setting next_dagrun for example_branch_operator to 2026-04-08T00:00:00+00:00, run_after=2026-04-09T00:00:00+00:00
[2026-04-09T08:41:52.821+0000] {processor.py:183} INFO - Processing /home/airflow/.local/lib/python3.8/site-packages/airflow/example_dags/example_branch_operator.py took 0.165 seconds
[2026-04-09T08:42:22.917+0000] {processor.py:161} INFO - Started process (PID=4578) to work on /home/airflow/.local/lib/python3.8/site-packages/airflow/example_dags/example_branch_operator.py
[2026-04-09T08:42:22.918+0000] {processor.py:830} INFO - Processing file /home/airflow/.local/lib/python3.8/site-packages/airflow/example_dags/example_branch_operator.py for tasks to queue
[2026-04-09T08:42:22.922+0000] {logging_mixin.py:188} INFO - [2026-04-09T08:42:22.922+0000] {dagbag.py:538} INFO - Filling up the DagBag from /home/airflow/.local/lib/python3.8/site-packages/airflow/example_dags/example_branch_operator.py
[2026-04-09T08:42:22.961+0000] {processor.py:840} INFO - DAG(s) 'example_branch_operator' retrieved from /home/airflow/.local/lib/python3.8/site-packages/airflow/example_dags/example_branch_operator.py
[2026-04-09T08:42:22.992+0000] {logging_mixin.py:188} INFO - [2026-04-09T08:42:22.992+0000] {dag.py:3033} INFO - Sync 1 DAGs
[2026-04-09T08:42:23.016+0000] {logging_mixin.py:188} INFO - [2026-04-09T08:42:23.016+0000] {dag.py:3820} INFO - Setting next_dagrun for example_branch_operator to 2026-04-08T00:00:00+00:00, run_after=2026-04-09T00:00:00+00:00
[2026-04-09T08:42:23.032+0000] {processor.py:183} INFO - Processing /home/airflow/.local/lib/python3.8/site-packages/airflow/example_dags/example_branch_operator.py took 0.125 seconds
[2026-04-09T08:42:53.620+0000] {processor.py:161} INFO - Started process (PID=4639) to work on /home/airflow/.local/lib/python3.8/site-packages/airflow/example_dags/example_branch_operator.py
[2026-04-09T08:42:53.623+0000] {processor.py:830} INFO - Processing file /home/airflow/.local/lib/python3.8/site-packages/airflow/example_dags/example_branch_operator.py for tasks to queue
[2026-04-09T08:42:53.626+0000] {logging_mixin.py:188} INFO - [2026-04-09T08:42:53.626+0000] {dagbag.py:538} INFO - Filling up the DagBag from /home/airflow/.local/lib/python3.8/site-packages/airflow/example_dags/example_branch_operator.py
[2026-04-09T08:42:53.647+0000] {processor.py:840} INFO - DAG(s) 'example_branch_operator' retrieved from /home/airflow/.local/lib/python3.8/site-packages/airflow/example_dags/example_branch_operator.py
[2026-04-09T08:42:53.679+0000] {logging_mixin.py:188} INFO - [2026-04-09T08:42:53.679+0000] {dag.py:3033} INFO - Sync 1 DAGs
[2026-04-09T08:42:53.704+0000] {logging_mixin.py:188} INFO - [2026-04-09T08:42:53.704+0000] {dag.py:3820} INFO - Setting next_dagrun for example_branch_operator to 2026-04-08T00:00:00+00:00, run_after=2026-04-09T00:00:00+00:00
[2026-04-09T08:42:53.721+0000] {processor.py:183} INFO - Processing /home/airflow/.local/lib/python3.8/site-packages/airflow/example_dags/example_branch_operator.py took 0.104 seconds
[2026-04-09T08:43:24.133+0000] {processor.py:161} INFO - Started process (PID=4700) to work on /home/airflow/.local/lib/python3.8/site-packages/airflow/example_dags/example_branch_operator.py
[2026-04-09T08:43:24.134+0000] {processor.py:830} INFO - Processing file /home/airflow/.local/lib/python3.8/site-packages/airflow/example_dags/example_branch_operator.py for tasks to queue
[2026-04-09T08:43:24.136+0000] {logging_mixin.py:188} INFO - [2026-04-09T08:43:24.136+0000] {dagbag.py:538} INFO - Filling up the DagBag from /home/airflow/.local/lib/python3.8/site-packages/airflow/example_dags/example_branch_operator.py
[2026-04-09T08:43:24.158+0000] {processor.py:840} INFO - DAG(s) 'example_branch_operator' retrieved from /home/airflow/.local/lib/python3.8/site-packages/airflow/example_dags/example_branch_operator.py
[2026-04-09T08:43:24.194+0000] {logging_mixin.py:188} INFO - [2026-04-09T08:43:24.194+0000] {dag.py:3033} INFO - Sync 1 DAGs
[2026-04-09T08:43:24.228+0000] {logging_mixin.py:188} INFO - [2026-04-09T08:43:24.228+0000] {dag.py:3820} INFO - Setting next_dagrun for example_branch_operator to 2026-04-08T00:00:00+00:00, run_after=2026-04-09T00:00:00+00:00
[2026-04-09T08:43:24.269+0000] {processor.py:183} INFO - Processing /home/airflow/.local/lib/python3.8/site-packages/airflow/example_dags/example_branch_operator.py took 0.139 seconds
[2026-04-09T08:43:54.531+0000] {processor.py:161} INFO - Started process (PID=4761) to work on /home/airflow/.local/lib/python3.8/site-packages/airflow/example_dags/example_branch_operator.py
[2026-04-09T08:43:54.532+0000] {processor.py:830} INFO - Processing file /home/airflow/.local/lib/python3.8/site-packages/airflow/example_dags/example_branch_operator.py for tasks to queue
[2026-04-09T08:43:54.535+0000] {logging_mixin.py:188} INFO - [2026-04-09T08:43:54.534+0000] {dagbag.py:538} INFO - Filling up the DagBag from /home/airflow/.local/lib/python3.8/site-packages/airflow/example_dags/example_branch_operator.py
[2026-04-09T08:43:54.554+0000] {processor.py:840} INFO - DAG(s) 'example_branch_operator' retrieved from /home/airflow/.local/lib/python3.8/site-packages/airflow/example_dags/example_branch_operator.py
[2026-04-09T08:43:54.585+0000] {logging_mixin.py:188} INFO - [2026-04-09T08:43:54.585+0000] {dag.py:3033} INFO - Sync 1 DAGs
[2026-04-09T08:43:54.611+0000] {logging_mixin.py:188} INFO - [2026-04-09T08:43:54.611+0000] {dag.py:3820} INFO - Setting next_dagrun for example_branch_operator to 2026-04-08T00:00:00+00:00, run_after=2026-04-09T00:00:00+00:00
[2026-04-09T08:43:54.647+0000] {processor.py:183} INFO - Processing /home/airflow/.local/lib/python3.8/site-packages/airflow/example_dags/example_branch_operator.py took 0.122 seconds
[2026-04-09T08:44:25.472+0000] {processor.py:161} INFO - Started process (PID=4822) to work on /home/airflow/.local/lib/python3.8/site-packages/airflow/example_dags/example_branch_operator.py
[2026-04-09T08:44:25.475+0000] {processor.py:830} INFO - Processing file /home/airflow/.local/lib/python3.8/site-packages/airflow/example_dags/example_branch_operator.py for tasks to queue
[2026-04-09T08:44:25.480+0000] {logging_mixin.py:188} INFO - [2026-04-09T08:44:25.476+0000] {dagbag.py:538} INFO - Filling up the DagBag from /home/airflow/.local/lib/python3.8/site-packages/airflow/example_dags/example_branch_operator.py
[2026-04-09T08:44:25.511+0000] {processor.py:840} INFO - DAG(s) 'example_branch_operator' retrieved from /home/airflow/.local/lib/python3.8/site-packages/airflow/example_dags/example_branch_operator.py
[2026-04-09T08:44:25.569+0000] {logging_mixin.py:188} INFO - [2026-04-09T08:44:25.569+0000] {dag.py:3033} INFO - Sync 1 DAGs
[2026-04-09T08:44:25.594+0000] {logging_mixin.py:188} INFO - [2026-04-09T08:44:25.594+0000] {dag.py:3820} INFO - Setting next_dagrun for example_branch_operator to 2026-04-08T00:00:00+00:00, run_after=2026-04-09T00:00:00+00:00
[2026-04-09T08:44:25.611+0000] {processor.py:183} INFO - Processing /home/airflow/.local/lib/python3.8/site-packages/airflow/example_dags/example_branch_operator.py took 0.148 seconds
[2026-04-09T08:44:56.128+0000] {processor.py:161} INFO - Started process (PID=4884) to work on /home/airflow/.local/lib/python3.8/site-packages/airflow/example_dags/example_branch_operator.py
[2026-04-09T08:44:56.129+0000] {processor.py:830} INFO - Processing file /home/airflow/.local/lib/python3.8/site-packages/airflow/example_dags/example_branch_operator.py for tasks to queue
[2026-04-09T08:44:56.131+0000] {logging_mixin.py:188} INFO - [2026-04-09T08:44:56.131+0000] {dagbag.py:538} INFO - Filling up the DagBag from /home/airflow/.local/lib/python3.8/site-packages/airflow/example_dags/example_branch_operator.py
[2026-04-09T08:44:56.151+0000] {processor.py:840} INFO - DAG(s) 'example_branch_operator' retrieved from /home/airflow/.local/lib/python3.8/site-packages/airflow/example_dags/example_branch_operator.py
[2026-04-09T08:44:56.182+0000] {logging_mixin.py:188} INFO - [2026-04-09T08:44:56.182+0000] {dag.py:3033} INFO - Sync 1 DAGs
[2026-04-09T08:44:56.211+0000] {logging_mixin.py:188} INFO - [2026-04-09T08:44:56.210+0000] {dag.py:3820} INFO - Setting next_dagrun for example_branch_operator to 2026-04-08T00:00:00+00:00, run_after=2026-04-09T00:00:00+00:00
[2026-04-09T08:44:56.228+0000] {processor.py:183} INFO - Processing /home/airflow/.local/lib/python3.8/site-packages/airflow/example_dags/example_branch_operator.py took 0.104 seconds
[2026-04-09T08:45:26.787+0000] {processor.py:161} INFO - Started process (PID=4945) to work on /home/airflow/.local/lib/python3.8/site-packages/airflow/example_dags/example_branch_operator.py
[2026-04-09T08:45:26.788+0000] {processor.py:830} INFO - Processing file /home/airflow/.local/lib/python3.8/site-packages/airflow/example_dags/example_branch_operator.py for tasks to queue
[2026-04-09T08:45:26.790+0000] {logging_mixin.py:188} INFO - [2026-04-09T08:45:26.790+0000] {dagbag.py:538} INFO - Filling up the DagBag from /home/airflow/.local/lib/python3.8/site-packages/airflow/example_dags/example_branch_operator.py
[2026-04-09T08:45:26.810+0000] {processor.py:840} INFO - DAG(s) 'example_branch_operator' retrieved from /home/airflow/.local/lib/python3.8/site-packages/airflow/example_dags/example_branch_operator.py
[2026-04-09T08:45:26.844+0000] {logging_mixin.py:188} INFO - [2026-04-09T08:45:26.844+0000] {dag.py:3033} INFO - Sync 1 DAGs
[2026-04-09T08:45:27.040+0000] {logging_mixin.py:188} INFO - [2026-04-09T08:45:27.040+0000] {dag.py:3820} INFO - Setting next_dagrun for example_branch_operator to 2026-04-08T00:00:00+00:00, run_after=2026-04-09T00:00:00+00:00
[2026-04-09T08:45:27.061+0000] {processor.py:183} INFO - Processing /home/airflow/.local/lib/python3.8/site-packages/airflow/example_dags/example_branch_operator.py took 0.278 seconds
[2026-04-09T08:45:57.713+0000] {processor.py:161} INFO - Started process (PID=5006) to work on /home/airflow/.local/lib/python3.8/site-packages/airflow/example_dags/example_branch_operator.py
[2026-04-09T08:45:57.716+0000] {processor.py:830} INFO - Processing file /home/airflow/.local/lib/python3.8/site-packages/airflow/example_dags/example_branch_operator.py for tasks to queue
[2026-04-09T08:45:57.722+0000] {logging_mixin.py:188} INFO - [2026-04-09T08:45:57.722+0000] {dagbag.py:538} INFO - Filling up the DagBag from /home/airflow/.local/lib/python3.8/site-packages/airflow/example_dags/example_branch_operator.py
[2026-04-09T08:45:57.791+0000] {processor.py:840} INFO - DAG(s) 'example_branch_operator' retrieved from /home/airflow/.local/lib/python3.8/site-packages/airflow/example_dags/example_branch_operator.py
[2026-04-09T08:45:57.862+0000] {logging_mixin.py:188} INFO - [2026-04-09T08:45:57.862+0000] {dag.py:3033} INFO - Sync 1 DAGs
[2026-04-09T08:45:58.288+0000] {logging_mixin.py:188} INFO - [2026-04-09T08:45:58.288+0000] {dag.py:3820} INFO - Setting next_dagrun for example_branch_operator to 2026-04-08T00:00:00+00:00, run_after=2026-04-09T00:00:00+00:00
[2026-04-09T08:45:58.344+0000] {processor.py:183} INFO - Processing /home/airflow/.local/lib/python3.8/site-packages/airflow/example_dags/example_branch_operator.py took 0.648 seconds
[2026-04-09T08:46:28.601+0000] {processor.py:161} INFO - Started process (PID=5067) to work on /home/airflow/.local/lib/python3.8/site-packages/airflow/example_dags/example_branch_operator.py
[2026-04-09T08:46:28.601+0000] {processor.py:830} INFO - Processing file /home/airflow/.local/lib/python3.8/site-packages/airflow/example_dags/example_branch_operator.py for tasks to queue
[2026-04-09T08:46:28.604+0000] {logging_mixin.py:188} INFO - [2026-04-09T08:46:28.603+0000] {dagbag.py:538} INFO - Filling up the DagBag from /home/airflow/.local/lib/python3.8/site-packages/airflow/example_dags/example_branch_operator.py
[2026-04-09T08:46:28.630+0000] {processor.py:840} INFO - DAG(s) 'example_branch_operator' retrieved from /home/airflow/.local/lib/python3.8/site-packages/airflow/example_dags/example_branch_operator.py
[2026-04-09T08:46:28.667+0000] {logging_mixin.py:188} INFO - [2026-04-09T08:46:28.667+0000] {dag.py:3033} INFO - Sync 1 DAGs
[2026-04-09T08:46:28.700+0000] {logging_mixin.py:188} INFO - [2026-04-09T08:46:28.700+0000] {dag.py:3820} INFO - Setting next_dagrun for example_branch_operator to 2026-04-08T00:00:00+00:00, run_after=2026-04-09T00:00:00+00:00
[2026-04-09T08:46:28.754+0000] {processor.py:183} INFO - Processing /home/airflow/.local/lib/python3.8/site-packages/airflow/example_dags/example_branch_operator.py took 0.157 seconds
[2026-04-09T08:46:58.862+0000] {processor.py:161} INFO - Started process (PID=5128) to work on /home/airflow/.local/lib/python3.8/site-packages/airflow/example_dags/example_branch_operator.py
[2026-04-09T08:46:58.862+0000] {processor.py:830} INFO - Processing file /home/airflow/.local/lib/python3.8/site-packages/airflow/example_dags/example_branch_operator.py for tasks to queue
[2026-04-09T08:46:58.865+0000] {logging_mixin.py:188} INFO - [2026-04-09T08:46:58.865+0000] {dagbag.py:538} INFO - Filling up the DagBag from /home/airflow/.local/lib/python3.8/site-packages/airflow/example_dags/example_branch_operator.py
[2026-04-09T08:46:58.886+0000] {processor.py:840} INFO - DAG(s) 'example_branch_operator' retrieved from /home/airflow/.local/lib/python3.8/site-packages/airflow/example_dags/example_branch_operator.py
[2026-04-09T08:46:58.915+0000] {logging_mixin.py:188} INFO - [2026-04-09T08:46:58.915+0000] {dag.py:3033} INFO - Sync 1 DAGs
[2026-04-09T08:46:58.939+0000] {logging_mixin.py:188} INFO - [2026-04-09T08:46:58.938+0000] {dag.py:3820} INFO - Setting next_dagrun for example_branch_operator to 2026-04-08T00:00:00+00:00, run_after=2026-04-09T00:00:00+00:00
[2026-04-09T08:46:58.955+0000] {processor.py:183} INFO - Processing /home/airflow/.local/lib/python3.8/site-packages/airflow/example_dags/example_branch_operator.py took 0.097 seconds
[2026-04-09T08:47:29.160+0000] {processor.py:161} INFO - Started process (PID=5189) to work on /home/airflow/.local/lib/python3.8/site-packages/airflow/example_dags/example_branch_operator.py
[2026-04-09T08:47:29.163+0000] {processor.py:830} INFO - Processing file /home/airflow/.local/lib/python3.8/site-packages/airflow/example_dags/example_branch_operator.py for tasks to queue
[2026-04-09T08:47:29.165+0000] {logging_mixin.py:188} INFO - [2026-04-09T08:47:29.165+0000] {dagbag.py:538} INFO - Filling up the DagBag from /home/airflow/.local/lib/python3.8/site-packages/airflow/example_dags/example_branch_operator.py
[2026-04-09T08:47:29.221+0000] {processor.py:840} INFO - DAG(s) 'example_branch_operator' retrieved from /home/airflow/.local/lib/python3.8/site-packages/airflow/example_dags/example_branch_operator.py
[2026-04-09T08:47:29.306+0000] {logging_mixin.py:188} INFO - [2026-04-09T08:47:29.306+0000] {dag.py:3033} INFO - Sync 1 DAGs
[2026-04-09T08:47:29.350+0000] {logging_mixin.py:188} INFO - [2026-04-09T08:47:29.350+0000] {dag.py:3820} INFO - Setting next_dagrun for example_branch_operator to 2026-04-08T00:00:00+00:00, run_after=2026-04-09T00:00:00+00:00
[2026-04-09T08:47:29.623+0000] {processor.py:183} INFO - Processing /home/airflow/.local/lib/python3.8/site-packages/airflow/example_dags/example_branch_operator.py took 0.468 seconds
[2026-04-09T08:47:59.713+0000] {processor.py:161} INFO - Started process (PID=5253) to work on /home/airflow/.local/lib/python3.8/site-packages/airflow/example_dags/example_branch_operator.py
[2026-04-09T08:47:59.713+0000] {processor.py:830} INFO - Processing file /home/airflow/.local/lib/python3.8/site-packages/airflow/example_dags/example_branch_operator.py for tasks to queue
[2026-04-09T08:47:59.715+0000] {logging_mixin.py:188} INFO - [2026-04-09T08:47:59.715+0000] {dagbag.py:538} INFO - Filling up the DagBag from /home/airflow/.local/lib/python3.8/site-packages/airflow/example_dags/example_branch_operator.py
[2026-04-09T08:47:59.730+0000] {processor.py:840} INFO - DAG(s) 'example_branch_operator' retrieved from /home/airflow/.local/lib/python3.8/site-packages/airflow/example_dags/example_branch_operator.py
[2026-04-09T08:47:59.756+0000] {logging_mixin.py:188} INFO - [2026-04-09T08:47:59.756+0000] {dag.py:3033} INFO - Sync 1 DAGs
[2026-04-09T08:47:59.968+0000] {logging_mixin.py:188} INFO - [2026-04-09T08:47:59.967+0000] {dag.py:3820} INFO - Setting next_dagrun for example_branch_operator to 2026-04-08T00:00:00+00:00, run_after=2026-04-09T00:00:00+00:00
[2026-04-09T08:47:59.980+0000] {processor.py:183} INFO - Processing /home/airflow/.local/lib/python3.8/site-packages/airflow/example_dags/example_branch_operator.py took 0.270 seconds
[2026-04-09T08:48:31.230+0000] {processor.py:161} INFO - Started process (PID=5311) to work on /home/airflow/.local/lib/python3.8/site-packages/airflow/example_dags/example_branch_operator.py
[2026-04-09T08:48:31.230+0000] {processor.py:830} INFO - Processing file /home/airflow/.local/lib/python3.8/site-packages/airflow/example_dags/example_branch_operator.py for tasks to queue
[2026-04-09T08:48:31.232+0000] {logging_mixin.py:188} INFO - [2026-04-09T08:48:31.232+0000] {dagbag.py:538} INFO - Filling up the DagBag from /home/airflow/.local/lib/python3.8/site-packages/airflow/example_dags/example_branch_operator.py
[2026-04-09T08:48:31.253+0000] {processor.py:840} INFO - DAG(s) 'example_branch_operator' retrieved from /home/airflow/.local/lib/python3.8/site-packages/airflow/example_dags/example_branch_operator.py
[2026-04-09T08:48:31.530+0000] {logging_mixin.py:188} INFO - [2026-04-09T08:48:31.529+0000] {dag.py:3033} INFO - Sync 1 DAGs
[2026-04-09T08:48:31.555+0000] {logging_mixin.py:188} INFO - [2026-04-09T08:48:31.555+0000] {dag.py:3820} INFO - Setting next_dagrun for example_branch_operator to 2026-04-08T00:00:00+00:00, run_after=2026-04-09T00:00:00+00:00
[2026-04-09T08:48:31.575+0000] {processor.py:183} INFO - Processing /home/airflow/.local/lib/python3.8/site-packages/airflow/example_dags/example_branch_operator.py took 0.349 seconds
[2026-04-09T08:49:02.289+0000] {processor.py:161} INFO - Started process (PID=5372) to work on /home/airflow/.local/lib/python3.8/site-packages/airflow/example_dags/example_branch_operator.py
[2026-04-09T08:49:02.293+0000] {processor.py:830} INFO - Processing file /home/airflow/.local/lib/python3.8/site-packages/airflow/example_dags/example_branch_operator.py for tasks to queue
[2026-04-09T08:49:02.299+0000] {logging_mixin.py:188} INFO - [2026-04-09T08:49:02.298+0000] {dagbag.py:538} INFO - Filling up the DagBag from /home/airflow/.local/lib/python3.8/site-packages/airflow/example_dags/example_branch_operator.py
[2026-04-09T08:49:02.351+0000] {processor.py:840} INFO - DAG(s) 'example_branch_operator' retrieved from /home/airflow/.local/lib/python3.8/site-packages/airflow/example_dags/example_branch_operator.py
[2026-04-09T08:49:02.386+0000] {logging_mixin.py:188} INFO - [2026-04-09T08:49:02.386+0000] {dag.py:3033} INFO - Sync 1 DAGs
[2026-04-09T08:49:02.429+0000] {logging_mixin.py:188} INFO - [2026-04-09T08:49:02.428+0000] {dag.py:3820} INFO - Setting next_dagrun for example_branch_operator to 2026-04-08T00:00:00+00:00, run_after=2026-04-09T00:00:00+00:00
[2026-04-09T08:49:02.468+0000] {processor.py:183} INFO - Processing /home/airflow/.local/lib/python3.8/site-packages/airflow/example_dags/example_branch_operator.py took 0.189 seconds
[2026-04-09T08:49:33.236+0000] {processor.py:161} INFO - Started process (PID=5433) to work on /home/airflow/.local/lib/python3.8/site-packages/airflow/example_dags/example_branch_operator.py
[2026-04-09T08:49:33.237+0000] {processor.py:830} INFO - Processing file /home/airflow/.local/lib/python3.8/site-packages/airflow/example_dags/example_branch_operator.py for tasks to queue
[2026-04-09T08:49:33.241+0000] {logging_mixin.py:188} INFO - [2026-04-09T08:49:33.239+0000] {dagbag.py:538} INFO - Filling up the DagBag from /home/airflow/.local/lib/python3.8/site-packages/airflow/example_dags/example_branch_operator.py
[2026-04-09T08:49:33.266+0000] {processor.py:840} INFO - DAG(s) 'example_branch_operator' retrieved from /home/airflow/.local/lib/python3.8/site-packages/airflow/example_dags/example_branch_operator.py
[2026-04-09T08:49:33.303+0000] {logging_mixin.py:188} INFO - [2026-04-09T08:49:33.303+0000] {dag.py:3033} INFO - Sync 1 DAGs
[2026-04-09T08:49:33.329+0000] {logging_mixin.py:188} INFO - [2026-04-09T08:49:33.329+0000] {dag.py:3820} INFO - Setting next_dagrun for example_branch_operator to 2026-04-08T00:00:00+00:00, run_after=2026-04-09T00:00:00+00:00
[2026-04-09T08:49:33.349+0000] {processor.py:183} INFO - Processing /home/airflow/.local/lib/python3.8/site-packages/airflow/example_dags/example_branch_operator.py took 0.118 seconds
[2026-04-09T08:50:03.913+0000] {processor.py:161} INFO - Started process (PID=5494) to work on /home/airflow/.local/lib/python3.8/site-packages/airflow/example_dags/example_branch_operator.py
[2026-04-09T08:50:03.914+0000] {processor.py:830} INFO - Processing file /home/airflow/.local/lib/python3.8/site-packages/airflow/example_dags/example_branch_operator.py for tasks to queue
[2026-04-09T08:50:03.916+0000] {logging_mixin.py:188} INFO - [2026-04-09T08:50:03.916+0000] {dagbag.py:538} INFO - Filling up the DagBag from /home/airflow/.local/lib/python3.8/site-packages/airflow/example_dags/example_branch_operator.py
[2026-04-09T08:50:03.935+0000] {processor.py:840} INFO - DAG(s) 'example_branch_operator' retrieved from /home/airflow/.local/lib/python3.8/site-packages/airflow/example_dags/example_branch_operator.py
[2026-04-09T08:50:03.966+0000] {logging_mixin.py:188} INFO - [2026-04-09T08:50:03.966+0000] {dag.py:3033} INFO - Sync 1 DAGs
[2026-04-09T08:50:03.990+0000] {logging_mixin.py:188} INFO - [2026-04-09T08:50:03.990+0000] {dag.py:3820} INFO - Setting next_dagrun for example_branch_operator to 2026-04-08T00:00:00+00:00, run_after=2026-04-09T00:00:00+00:00
[2026-04-09T08:50:04.008+0000] {processor.py:183} INFO - Processing /home/airflow/.local/lib/python3.8/site-packages/airflow/example_dags/example_branch_operator.py took 0.098 seconds
[2026-04-09T08:50:34.480+0000] {processor.py:161} INFO - Started process (PID=5555) to work on /home/airflow/.local/lib/python3.8/site-packages/airflow/example_dags/example_branch_operator.py
[2026-04-09T08:50:34.481+0000] {processor.py:830} INFO - Processing file /home/airflow/.local/lib/python3.8/site-packages/airflow/example_dags/example_branch_operator.py for tasks to queue
[2026-04-09T08:50:34.483+0000] {logging_mixin.py:188} INFO - [2026-04-09T08:50:34.483+0000] {dagbag.py:538} INFO - Filling up the DagBag from /home/airflow/.local/lib/python3.8/site-packages/airflow/example_dags/example_branch_operator.py
[2026-04-09T08:50:34.502+0000] {processor.py:840} INFO - DAG(s) 'example_branch_operator' retrieved from /home/airflow/.local/lib/python3.8/site-packages/airflow/example_dags/example_branch_operator.py
[2026-04-09T08:50:34.533+0000] {logging_mixin.py:188} INFO - [2026-04-09T08:50:34.533+0000] {dag.py:3033} INFO - Sync 1 DAGs
[2026-04-09T08:50:34.556+0000] {logging_mixin.py:188} INFO - [2026-04-09T08:50:34.556+0000] {dag.py:3820} INFO - Setting next_dagrun for example_branch_operator to 2026-04-08T00:00:00+00:00, run_after=2026-04-09T00:00:00+00:00
[2026-04-09T08:50:34.574+0000] {processor.py:183} INFO - Processing /home/airflow/.local/lib/python3.8/site-packages/airflow/example_dags/example_branch_operator.py took 0.098 seconds
[2026-04-09T08:51:04.763+0000] {processor.py:161} INFO - Started process (PID=5616) to work on /home/airflow/.local/lib/python3.8/site-packages/airflow/example_dags/example_branch_operator.py
[2026-04-09T08:51:04.764+0000] {processor.py:830} INFO - Processing file /home/airflow/.local/lib/python3.8/site-packages/airflow/example_dags/example_branch_operator.py for tasks to queue
[2026-04-09T08:51:04.766+0000] {logging_mixin.py:188} INFO - [2026-04-09T08:51:04.766+0000] {dagbag.py:538} INFO - Filling up the DagBag from /home/airflow/.local/lib/python3.8/site-packages/airflow/example_dags/example_branch_operator.py
[2026-04-09T08:51:04.787+0000] {processor.py:840} INFO - DAG(s) 'example_branch_operator' retrieved from /home/airflow/.local/lib/python3.8/site-packages/airflow/example_dags/example_branch_operator.py
[2026-04-09T08:51:04.818+0000] {logging_mixin.py:188} INFO - [2026-04-09T08:51:04.818+0000] {dag.py:3033} INFO - Sync 1 DAGs
[2026-04-09T08:51:04.841+0000] {logging_mixin.py:188} INFO - [2026-04-09T08:51:04.841+0000] {dag.py:3820} INFO - Setting next_dagrun for example_branch_operator to 2026-04-08T00:00:00+00:00, run_after=2026-04-09T00:00:00+00:00
[2026-04-09T08:51:04.860+0000] {processor.py:183} INFO - Processing /home/airflow/.local/lib/python3.8/site-packages/airflow/example_dags/example_branch_operator.py took 0.100 seconds
[2026-04-09T08:51:35.280+0000] {processor.py:161} INFO - Started process (PID=5677) to work on /home/airflow/.local/lib/python3.8/site-packages/airflow/example_dags/example_branch_operator.py
[2026-04-09T08:51:35.281+0000] {processor.py:830} INFO - Processing file /home/airflow/.local/lib/python3.8/site-packages/airflow/example_dags/example_branch_operator.py for tasks to queue
[2026-04-09T08:51:35.284+0000] {logging_mixin.py:188} INFO - [2026-04-09T08:51:35.283+0000] {dagbag.py:538} INFO - Filling up the DagBag from /home/airflow/.local/lib/python3.8/site-packages/airflow/example_dags/example_branch_operator.py
[2026-04-09T08:51:35.310+0000] {processor.py:840} INFO - DAG(s) 'example_branch_operator' retrieved from /home/airflow/.local/lib/python3.8/site-packages/airflow/example_dags/example_branch_operator.py
[2026-04-09T08:51:35.341+0000] {logging_mixin.py:188} INFO - [2026-04-09T08:51:35.341+0000] {dag.py:3033} INFO - Sync 1 DAGs
[2026-04-09T08:51:35.366+0000] {logging_mixin.py:188} INFO - [2026-04-09T08:51:35.366+0000] {dag.py:3820} INFO - Setting next_dagrun for example_branch_operator to 2026-04-08T00:00:00+00:00, run_after=2026-04-09T00:00:00+00:00
[2026-04-09T08:51:35.385+0000] {processor.py:183} INFO - Processing /home/airflow/.local/lib/python3.8/site-packages/airflow/example_dags/example_branch_operator.py took 0.111 seconds
[2026-04-09T08:52:05.661+0000] {processor.py:161} INFO - Started process (PID=5738) to work on /home/airflow/.local/lib/python3.8/site-packages/airflow/example_dags/example_branch_operator.py
[2026-04-09T08:52:05.662+0000] {processor.py:830} INFO - Processing file /home/airflow/.local/lib/python3.8/site-packages/airflow/example_dags/example_branch_operator.py for tasks to queue
[2026-04-09T08:52:05.664+0000] {logging_mixin.py:188} INFO - [2026-04-09T08:52:05.664+0000] {dagbag.py:538} INFO - Filling up the DagBag from /home/airflow/.local/lib/python3.8/site-packages/airflow/example_dags/example_branch_operator.py
[2026-04-09T08:52:05.683+0000] {processor.py:840} INFO - DAG(s) 'example_branch_operator' retrieved from /home/airflow/.local/lib/python3.8/site-packages/airflow/example_dags/example_branch_operator.py
[2026-04-09T08:52:05.719+0000] {logging_mixin.py:188} INFO - [2026-04-09T08:52:05.719+0000] {dag.py:3033} INFO - Sync 1 DAGs
[2026-04-09T08:52:05.744+0000] {logging_mixin.py:188} INFO - [2026-04-09T08:52:05.744+0000] {dag.py:3820} INFO - Setting next_dagrun for example_branch_operator to 2026-04-08T00:00:00+00:00, run_after=2026-04-09T00:00:00+00:00
[2026-04-09T08:52:05.762+0000] {processor.py:183} INFO - Processing /home/airflow/.local/lib/python3.8/site-packages/airflow/example_dags/example_branch_operator.py took 0.105 seconds
[2026-04-09T08:52:36.429+0000] {processor.py:161} INFO - Started process (PID=5799) to work on /home/airflow/.local/lib/python3.8/site-packages/airflow/example_dags/example_branch_operator.py
[2026-04-09T08:52:36.432+0000] {processor.py:830} INFO - Processing file /home/airflow/.local/lib/python3.8/site-packages/airflow/example_dags/example_branch_operator.py for tasks to queue
[2026-04-09T08:52:36.435+0000] {logging_mixin.py:188} INFO - [2026-04-09T08:52:36.435+0000] {dagbag.py:538} INFO - Filling up the DagBag from /home/airflow/.local/lib/python3.8/site-packages/airflow/example_dags/example_branch_operator.py
[2026-04-09T08:52:36.465+0000] {processor.py:840} INFO - DAG(s) 'example_branch_operator' retrieved from /home/airflow/.local/lib/python3.8/site-packages/airflow/example_dags/example_branch_operator.py
[2026-04-09T08:52:36.495+0000] {logging_mixin.py:188} INFO - [2026-04-09T08:52:36.495+0000] {dag.py:3033} INFO - Sync 1 DAGs
[2026-04-09T08:52:36.521+0000] {logging_mixin.py:188} INFO - [2026-04-09T08:52:36.521+0000] {dag.py:3820} INFO - Setting next_dagrun for example_branch_operator to 2026-04-08T00:00:00+00:00, run_after=2026-04-09T00:00:00+00:00
[2026-04-09T08:52:36.537+0000] {processor.py:183} INFO - Processing /home/airflow/.local/lib/python3.8/site-packages/airflow/example_dags/example_branch_operator.py took 0.114 seconds
[2026-04-09T08:53:06.858+0000] {processor.py:161} INFO - Started process (PID=5860) to work on /home/airflow/.local/lib/python3.8/site-packages/airflow/example_dags/example_branch_operator.py
[2026-04-09T08:53:06.859+0000] {processor.py:830} INFO - Processing file /home/airflow/.local/lib/python3.8/site-packages/airflow/example_dags/example_branch_operator.py for tasks to queue
[2026-04-09T08:53:06.861+0000] {logging_mixin.py:188} INFO - [2026-04-09T08:53:06.861+0000] {dagbag.py:538} INFO - Filling up the DagBag from /home/airflow/.local/lib/python3.8/site-packages/airflow/example_dags/example_branch_operator.py
[2026-04-09T08:53:06.881+0000] {processor.py:840} INFO - DAG(s) 'example_branch_operator' retrieved from /home/airflow/.local/lib/python3.8/site-packages/airflow/example_dags/example_branch_operator.py
[2026-04-09T08:53:06.911+0000] {logging_mixin.py:188} INFO - [2026-04-09T08:53:06.911+0000] {dag.py:3033} INFO - Sync 1 DAGs
[2026-04-09T08:53:06.935+0000] {logging_mixin.py:188} INFO - [2026-04-09T08:53:06.935+0000] {dag.py:3820} INFO - Setting next_dagrun for example_branch_operator to 2026-04-08T00:00:00+00:00, run_after=2026-04-09T00:00:00+00:00
[2026-04-09T08:53:06.952+0000] {processor.py:183} INFO - Processing /home/airflow/.local/lib/python3.8/site-packages/airflow/example_dags/example_branch_operator.py took 0.097 seconds
[2026-04-09T08:53:37.197+0000] {processor.py:161} INFO - Started process (PID=5921) to work on /home/airflow/.local/lib/python3.8/site-packages/airflow/example_dags/example_branch_operator.py
[2026-04-09T08:53:37.198+0000] {processor.py:830} INFO - Processing file /home/airflow/.local/lib/python3.8/site-packages/airflow/example_dags/example_branch_operator.py for tasks to queue
[2026-04-09T08:53:37.201+0000] {logging_mixin.py:188} INFO - [2026-04-09T08:53:37.200+0000] {dagbag.py:538} INFO - Filling up the DagBag from /home/airflow/.local/lib/python3.8/site-packages/airflow/example_dags/example_branch_operator.py
[2026-04-09T08:53:37.221+0000] {processor.py:840} INFO - DAG(s) 'example_branch_operator' retrieved from /home/airflow/.local/lib/python3.8/site-packages/airflow/example_dags/example_branch_operator.py
[2026-04-09T08:53:37.259+0000] {logging_mixin.py:188} INFO - [2026-04-09T08:53:37.259+0000] {dag.py:3033} INFO - Sync 1 DAGs
[2026-04-09T08:53:37.286+0000] {logging_mixin.py:188} INFO - [2026-04-09T08:53:37.286+0000] {dag.py:3820} INFO - Setting next_dagrun for example_branch_operator to 2026-04-08T00:00:00+00:00, run_after=2026-04-09T00:00:00+00:00
[2026-04-09T08:53:37.304+0000] {processor.py:183} INFO - Processing /home/airflow/.local/lib/python3.8/site-packages/airflow/example_dags/example_branch_operator.py took 0.110 seconds
[2026-04-09T08:54:08.146+0000] {processor.py:161} INFO - Started process (PID=5982) to work on /home/airflow/.local/lib/python3.8/site-packages/airflow/example_dags/example_branch_operator.py
[2026-04-09T08:54:08.146+0000] {processor.py:830} INFO - Processing file /home/airflow/.local/lib/python3.8/site-packages/airflow/example_dags/example_branch_operator.py for tasks to queue
[2026-04-09T08:54:08.151+0000] {logging_mixin.py:188} INFO - [2026-04-09T08:54:08.151+0000] {dagbag.py:538} INFO - Filling up the DagBag from /home/airflow/.local/lib/python3.8/site-packages/airflow/example_dags/example_branch_operator.py
[2026-04-09T08:54:08.190+0000] {processor.py:840} INFO - DAG(s) 'example_branch_operator' retrieved from /home/airflow/.local/lib/python3.8/site-packages/airflow/example_dags/example_branch_operator.py
[2026-04-09T08:54:08.319+0000] {logging_mixin.py:188} INFO - [2026-04-09T08:54:08.317+0000] {dag.py:3033} INFO - Sync 1 DAGs
[2026-04-09T08:54:08.389+0000] {logging_mixin.py:188} INFO - [2026-04-09T08:54:08.389+0000] {dag.py:3820} INFO - Setting next_dagrun for example_branch_operator to 2026-04-08T00:00:00+00:00, run_after=2026-04-09T00:00:00+00:00
[2026-04-09T08:54:08.441+0000] {processor.py:183} INFO - Processing /home/airflow/.local/lib/python3.8/site-packages/airflow/example_dags/example_branch_operator.py took 0.303 seconds
[2026-04-09T08:54:39.330+0000] {processor.py:161} INFO - Started process (PID=6043) to work on /home/airflow/.local/lib/python3.8/site-packages/airflow/example_dags/example_branch_operator.py
[2026-04-09T08:54:39.332+0000] {processor.py:830} INFO - Processing file /home/airflow/.local/lib/python3.8/site-packages/airflow/example_dags/example_branch_operator.py for tasks to queue
[2026-04-09T08:54:39.340+0000] {logging_mixin.py:188} INFO - [2026-04-09T08:54:39.340+0000] {dagbag.py:538} INFO - Filling up the DagBag from /home/airflow/.local/lib/python3.8/site-packages/airflow/example_dags/example_branch_operator.py
[2026-04-09T08:54:39.403+0000] {processor.py:840} INFO - DAG(s) 'example_branch_operator' retrieved from /home/airflow/.local/lib/python3.8/site-packages/airflow/example_dags/example_branch_operator.py
[2026-04-09T08:54:39.435+0000] {logging_mixin.py:188} INFO - [2026-04-09T08:54:39.435+0000] {dag.py:3033} INFO - Sync 1 DAGs
[2026-04-09T08:54:39.470+0000] {logging_mixin.py:188} INFO - [2026-04-09T08:54:39.469+0000] {dag.py:3820} INFO - Setting next_dagrun for example_branch_operator to 2026-04-08T00:00:00+00:00, run_after=2026-04-09T00:00:00+00:00
[2026-04-09T08:54:39.513+0000] {processor.py:183} INFO - Processing /home/airflow/.local/lib/python3.8/site-packages/airflow/example_dags/example_branch_operator.py took 0.189 seconds
[2026-04-09T08:55:09.807+0000] {processor.py:161} INFO - Started process (PID=6104) to work on /home/airflow/.local/lib/python3.8/site-packages/airflow/example_dags/example_branch_operator.py
[2026-04-09T08:55:09.808+0000] {processor.py:830} INFO - Processing file /home/airflow/.local/lib/python3.8/site-packages/airflow/example_dags/example_branch_operator.py for tasks to queue
[2026-04-09T08:55:09.810+0000] {logging_mixin.py:188} INFO - [2026-04-09T08:55:09.809+0000] {dagbag.py:538} INFO - Filling up the DagBag from /home/airflow/.local/lib/python3.8/site-packages/airflow/example_dags/example_branch_operator.py
[2026-04-09T08:55:09.837+0000] {processor.py:840} INFO - DAG(s) 'example_branch_operator' retrieved from /home/airflow/.local/lib/python3.8/site-packages/airflow/example_dags/example_branch_operator.py
[2026-04-09T08:55:09.865+0000] {logging_mixin.py:188} INFO - [2026-04-09T08:55:09.865+0000] {dag.py:3033} INFO - Sync 1 DAGs
[2026-04-09T08:55:09.890+0000] {logging_mixin.py:188} INFO - [2026-04-09T08:55:09.890+0000] {dag.py:3820} INFO - Setting next_dagrun for example_branch_operator to 2026-04-08T00:00:00+00:00, run_after=2026-04-09T00:00:00+00:00
[2026-04-09T08:55:09.908+0000] {processor.py:183} INFO - Processing /home/airflow/.local/lib/python3.8/site-packages/airflow/example_dags/example_branch_operator.py took 0.104 seconds
[2026-04-09T08:55:40.484+0000] {processor.py:161} INFO - Started process (PID=6165) to work on /home/airflow/.local/lib/python3.8/site-packages/airflow/example_dags/example_branch_operator.py
[2026-04-09T08:55:40.485+0000] {processor.py:830} INFO - Processing file /home/airflow/.local/lib/python3.8/site-packages/airflow/example_dags/example_branch_operator.py for tasks to queue
[2026-04-09T08:55:40.488+0000] {logging_mixin.py:188} INFO - [2026-04-09T08:55:40.487+0000] {dagbag.py:538} INFO - Filling up the DagBag from /home/airflow/.local/lib/python3.8/site-packages/airflow/example_dags/example_branch_operator.py
[2026-04-09T08:55:40.508+0000] {processor.py:840} INFO - DAG(s) 'example_branch_operator' retrieved from /home/airflow/.local/lib/python3.8/site-packages/airflow/example_dags/example_branch_operator.py
[2026-04-09T08:55:40.538+0000] {logging_mixin.py:188} INFO - [2026-04-09T08:55:40.538+0000] {dag.py:3033} INFO - Sync 1 DAGs
[2026-04-09T08:55:40.566+0000] {logging_mixin.py:188} INFO - [2026-04-09T08:55:40.566+0000] {dag.py:3820} INFO - Setting next_dagrun for example_branch_operator to 2026-04-08T00:00:00+00:00, run_after=2026-04-09T00:00:00+00:00
[2026-04-09T08:55:40.585+0000] {processor.py:183} INFO - Processing /home/airflow/.local/lib/python3.8/site-packages/airflow/example_dags/example_branch_operator.py took 0.104 seconds
[2026-04-09T08:56:10.754+0000] {processor.py:161} INFO - Started process (PID=6226) to work on /home/airflow/.local/lib/python3.8/site-packages/airflow/example_dags/example_branch_operator.py
[2026-04-09T08:56:10.756+0000] {processor.py:830} INFO - Processing file /home/airflow/.local/lib/python3.8/site-packages/airflow/example_dags/example_branch_operator.py for tasks to queue
[2026-04-09T08:56:10.758+0000] {logging_mixin.py:188} INFO - [2026-04-09T08:56:10.758+0000] {dagbag.py:538} INFO - Filling up the DagBag from /home/airflow/.local/lib/python3.8/site-packages/airflow/example_dags/example_branch_operator.py
[2026-04-09T08:56:10.779+0000] {processor.py:840} INFO - DAG(s) 'example_branch_operator' retrieved from /home/airflow/.local/lib/python3.8/site-packages/airflow/example_dags/example_branch_operator.py
[2026-04-09T08:56:10.808+0000] {logging_mixin.py:188} INFO - [2026-04-09T08:56:10.808+0000] {dag.py:3033} INFO - Sync 1 DAGs
[2026-04-09T08:56:10.834+0000] {logging_mixin.py:188} INFO - [2026-04-09T08:56:10.834+0000] {dag.py:3820} INFO - Setting next_dagrun for example_branch_operator to 2026-04-08T00:00:00+00:00, run_after=2026-04-09T00:00:00+00:00
[2026-04-09T08:56:10.851+0000] {processor.py:183} INFO - Processing /home/airflow/.local/lib/python3.8/site-packages/airflow/example_dags/example_branch_operator.py took 0.101 seconds
[2026-04-09T08:56:41.628+0000] {processor.py:161} INFO - Started process (PID=6287) to work on /home/airflow/.local/lib/python3.8/site-packages/airflow/example_dags/example_branch_operator.py
[2026-04-09T08:56:41.628+0000] {processor.py:830} INFO - Processing file /home/airflow/.local/lib/python3.8/site-packages/airflow/example_dags/example_branch_operator.py for tasks to queue
[2026-04-09T08:56:41.631+0000] {logging_mixin.py:188} INFO - [2026-04-09T08:56:41.630+0000] {dagbag.py:538} INFO - Filling up the DagBag from /home/airflow/.local/lib/python3.8/site-packages/airflow/example_dags/example_branch_operator.py
[2026-04-09T08:56:41.649+0000] {processor.py:840} INFO - DAG(s) 'example_branch_operator' retrieved from /home/airflow/.local/lib/python3.8/site-packages/airflow/example_dags/example_branch_operator.py
[2026-04-09T08:56:41.680+0000] {logging_mixin.py:188} INFO - [2026-04-09T08:56:41.680+0000] {dag.py:3033} INFO - Sync 1 DAGs
[2026-04-09T08:56:41.705+0000] {logging_mixin.py:188} INFO - [2026-04-09T08:56:41.704+0000] {dag.py:3820} INFO - Setting next_dagrun for example_branch_operator to 2026-04-08T00:00:00+00:00, run_after=2026-04-09T00:00:00+00:00
[2026-04-09T08:56:41.722+0000] {processor.py:183} INFO - Processing /home/airflow/.local/lib/python3.8/site-packages/airflow/example_dags/example_branch_operator.py took 0.098 seconds
[2026-04-09T08:57:12.390+0000] {processor.py:161} INFO - Started process (PID=6354) to work on /home/airflow/.local/lib/python3.8/site-packages/airflow/example_dags/example_branch_operator.py
[2026-04-09T08:57:12.391+0000] {processor.py:830} INFO - Processing file /home/airflow/.local/lib/python3.8/site-packages/airflow/example_dags/example_branch_operator.py for tasks to queue
[2026-04-09T08:57:12.393+0000] {logging_mixin.py:188} INFO - [2026-04-09T08:57:12.393+0000] {dagbag.py:538} INFO - Filling up the DagBag from /home/airflow/.local/lib/python3.8/site-packages/airflow/example_dags/example_branch_operator.py
[2026-04-09T08:57:12.414+0000] {processor.py:840} INFO - DAG(s) 'example_branch_operator' retrieved from /home/airflow/.local/lib/python3.8/site-packages/airflow/example_dags/example_branch_operator.py
[2026-04-09T08:57:12.448+0000] {logging_mixin.py:188} INFO - [2026-04-09T08:57:12.448+0000] {dag.py:3033} INFO - Sync 1 DAGs
[2026-04-09T08:57:12.523+0000] {logging_mixin.py:188} INFO - [2026-04-09T08:57:12.522+0000] {dag.py:3820} INFO - Setting next_dagrun for example_branch_operator to 2026-04-08T00:00:00+00:00, run_after=2026-04-09T00:00:00+00:00
[2026-04-09T08:57:12.543+0000] {processor.py:183} INFO - Processing /home/airflow/.local/lib/python3.8/site-packages/airflow/example_dags/example_branch_operator.py took 0.156 seconds
[2026-04-09T08:57:43.309+0000] {processor.py:161} INFO - Started process (PID=6415) to work on /home/airflow/.local/lib/python3.8/site-packages/airflow/example_dags/example_branch_operator.py
[2026-04-09T08:57:43.310+0000] {processor.py:830} INFO - Processing file /home/airflow/.local/lib/python3.8/site-packages/airflow/example_dags/example_branch_operator.py for tasks to queue
[2026-04-09T08:57:43.312+0000] {logging_mixin.py:188} INFO - [2026-04-09T08:57:43.312+0000] {dagbag.py:538} INFO - Filling up the DagBag from /home/airflow/.local/lib/python3.8/site-packages/airflow/example_dags/example_branch_operator.py
[2026-04-09T08:57:43.335+0000] {processor.py:840} INFO - DAG(s) 'example_branch_operator' retrieved from /home/airflow/.local/lib/python3.8/site-packages/airflow/example_dags/example_branch_operator.py
[2026-04-09T08:57:43.403+0000] {logging_mixin.py:188} INFO - [2026-04-09T08:57:43.403+0000] {dag.py:3033} INFO - Sync 1 DAGs
[2026-04-09T08:57:43.462+0000] {logging_mixin.py:188} INFO - [2026-04-09T08:57:43.462+0000] {dag.py:3820} INFO - Setting next_dagrun for example_branch_operator to 2026-04-08T00:00:00+00:00, run_after=2026-04-09T00:00:00+00:00
[2026-04-09T08:57:43.514+0000] {processor.py:183} INFO - Processing /home/airflow/.local/lib/python3.8/site-packages/airflow/example_dags/example_branch_operator.py took 0.208 seconds
[2026-04-09T08:58:14.543+0000] {processor.py:161} INFO - Started process (PID=6476) to work on /home/airflow/.local/lib/python3.8/site-packages/airflow/example_dags/example_branch_operator.py
[2026-04-09T08:58:14.543+0000] {processor.py:830} INFO - Processing file /home/airflow/.local/lib/python3.8/site-packages/airflow/example_dags/example_branch_operator.py for tasks to queue
[2026-04-09T08:58:14.546+0000] {logging_mixin.py:188} INFO - [2026-04-09T08:58:14.545+0000] {dagbag.py:538} INFO - Filling up the DagBag from /home/airflow/.local/lib/python3.8/site-packages/airflow/example_dags/example_branch_operator.py
[2026-04-09T08:58:14.575+0000] {processor.py:840} INFO - DAG(s) 'example_branch_operator' retrieved from /home/airflow/.local/lib/python3.8/site-packages/airflow/example_dags/example_branch_operator.py
[2026-04-09T08:58:14.608+0000] {logging_mixin.py:188} INFO - [2026-04-09T08:58:14.608+0000] {dag.py:3033} INFO - Sync 1 DAGs
[2026-04-09T08:58:14.634+0000] {logging_mixin.py:188} INFO - [2026-04-09T08:58:14.634+0000] {dag.py:3820} INFO - Setting next_dagrun for example_branch_operator to 2026-04-08T00:00:00+00:00, run_after=2026-04-09T00:00:00+00:00
[2026-04-09T08:58:14.655+0000] {processor.py:183} INFO - Processing /home/airflow/.local/lib/python3.8/site-packages/airflow/example_dags/example_branch_operator.py took 0.116 seconds
[2026-04-09T08:58:44.908+0000] {processor.py:161} INFO - Started process (PID=6537) to work on /home/airflow/.local/lib/python3.8/site-packages/airflow/example_dags/example_branch_operator.py
[2026-04-09T08:58:44.909+0000] {processor.py:830} INFO - Processing file /home/airflow/.local/lib/python3.8/site-packages/airflow/example_dags/example_branch_operator.py for tasks to queue
[2026-04-09T08:58:44.911+0000] {logging_mixin.py:188} INFO - [2026-04-09T08:58:44.911+0000] {dagbag.py:538} INFO - Filling up the DagBag from /home/airflow/.local/lib/python3.8/site-packages/airflow/example_dags/example_branch_operator.py
[2026-04-09T08:58:44.933+0000] {processor.py:840} INFO - DAG(s) 'example_branch_operator' retrieved from /home/airflow/.local/lib/python3.8/site-packages/airflow/example_dags/example_branch_operator.py
[2026-04-09T08:58:44.969+0000] {logging_mixin.py:188} INFO - [2026-04-09T08:58:44.969+0000] {dag.py:3033} INFO - Sync 1 DAGs
[2026-04-09T08:58:44.994+0000] {logging_mixin.py:188} INFO - [2026-04-09T08:58:44.994+0000] {dag.py:3820} INFO - Setting next_dagrun for example_branch_operator to 2026-04-08T00:00:00+00:00, run_after=2026-04-09T00:00:00+00:00
[2026-04-09T08:58:45.011+0000] {processor.py:183} INFO - Processing /home/airflow/.local/lib/python3.8/site-packages/airflow/example_dags/example_branch_operator.py took 0.107 seconds
[2026-04-09T08:59:15.051+0000] {processor.py:161} INFO - Started process (PID=6599) to work on /home/airflow/.local/lib/python3.8/site-packages/airflow/example_dags/example_branch_operator.py
[2026-04-09T08:59:15.052+0000] {processor.py:830} INFO - Processing file /home/airflow/.local/lib/python3.8/site-packages/airflow/example_dags/example_branch_operator.py for tasks to queue
[2026-04-09T08:59:15.054+0000] {logging_mixin.py:188} INFO - [2026-04-09T08:59:15.053+0000] {dagbag.py:538} INFO - Filling up the DagBag from /home/airflow/.local/lib/python3.8/site-packages/airflow/example_dags/example_branch_operator.py
[2026-04-09T08:59:15.073+0000] {processor.py:840} INFO - DAG(s) 'example_branch_operator' retrieved from /home/airflow/.local/lib/python3.8/site-packages/airflow/example_dags/example_branch_operator.py
[2026-04-09T08:59:15.101+0000] {logging_mixin.py:188} INFO - [2026-04-09T08:59:15.101+0000] {dag.py:3033} INFO - Sync 1 DAGs
[2026-04-09T08:59:15.128+0000] {logging_mixin.py:188} INFO - [2026-04-09T08:59:15.128+0000] {dag.py:3820} INFO - Setting next_dagrun for example_branch_operator to 2026-04-08T00:00:00+00:00, run_after=2026-04-09T00:00:00+00:00
[2026-04-09T08:59:15.146+0000] {processor.py:183} INFO - Processing /home/airflow/.local/lib/python3.8/site-packages/airflow/example_dags/example_branch_operator.py took 0.098 seconds
[2026-04-09T08:59:45.528+0000] {processor.py:161} INFO - Started process (PID=6659) to work on /home/airflow/.local/lib/python3.8/site-packages/airflow/example_dags/example_branch_operator.py
[2026-04-09T08:59:45.529+0000] {processor.py:830} INFO - Processing file /home/airflow/.local/lib/python3.8/site-packages/airflow/example_dags/example_branch_operator.py for tasks to queue
[2026-04-09T08:59:45.531+0000] {logging_mixin.py:188} INFO - [2026-04-09T08:59:45.531+0000] {dagbag.py:538} INFO - Filling up the DagBag from /home/airflow/.local/lib/python3.8/site-packages/airflow/example_dags/example_branch_operator.py
[2026-04-09T08:59:45.550+0000] {processor.py:840} INFO - DAG(s) 'example_branch_operator' retrieved from /home/airflow/.local/lib/python3.8/site-packages/airflow/example_dags/example_branch_operator.py
[2026-04-09T08:59:45.580+0000] {logging_mixin.py:188} INFO - [2026-04-09T08:59:45.579+0000] {dag.py:3033} INFO - Sync 1 DAGs
[2026-04-09T08:59:45.605+0000] {logging_mixin.py:188} INFO - [2026-04-09T08:59:45.605+0000] {dag.py:3820} INFO - Setting next_dagrun for example_branch_operator to 2026-04-08T00:00:00+00:00, run_after=2026-04-09T00:00:00+00:00
[2026-04-09T08:59:45.625+0000] {processor.py:183} INFO - Processing /home/airflow/.local/lib/python3.8/site-packages/airflow/example_dags/example_branch_operator.py took 0.101 seconds
[2026-04-09T09:00:16.515+0000] {processor.py:161} INFO - Started process (PID=6720) to work on /home/airflow/.local/lib/python3.8/site-packages/airflow/example_dags/example_branch_operator.py
[2026-04-09T09:00:16.516+0000] {processor.py:830} INFO - Processing file /home/airflow/.local/lib/python3.8/site-packages/airflow/example_dags/example_branch_operator.py for tasks to queue
[2026-04-09T09:00:16.519+0000] {logging_mixin.py:188} INFO - [2026-04-09T09:00:16.518+0000] {dagbag.py:538} INFO - Filling up the DagBag from /home/airflow/.local/lib/python3.8/site-packages/airflow/example_dags/example_branch_operator.py
[2026-04-09T09:00:16.540+0000] {processor.py:840} INFO - DAG(s) 'example_branch_operator' retrieved from /home/airflow/.local/lib/python3.8/site-packages/airflow/example_dags/example_branch_operator.py
[2026-04-09T09:00:16.570+0000] {logging_mixin.py:188} INFO - [2026-04-09T09:00:16.570+0000] {dag.py:3033} INFO - Sync 1 DAGs
[2026-04-09T09:00:16.596+0000] {logging_mixin.py:188} INFO - [2026-04-09T09:00:16.595+0000] {dag.py:3820} INFO - Setting next_dagrun for example_branch_operator to 2026-04-08T00:00:00+00:00, run_after=2026-04-09T00:00:00+00:00
[2026-04-09T09:00:16.616+0000] {processor.py:183} INFO - Processing /home/airflow/.local/lib/python3.8/site-packages/airflow/example_dags/example_branch_operator.py took 0.105 seconds
[2026-04-09T09:00:47.116+0000] {processor.py:161} INFO - Started process (PID=6781) to work on /home/airflow/.local/lib/python3.8/site-packages/airflow/example_dags/example_branch_operator.py
[2026-04-09T09:00:47.117+0000] {processor.py:830} INFO - Processing file /home/airflow/.local/lib/python3.8/site-packages/airflow/example_dags/example_branch_operator.py for tasks to queue
[2026-04-09T09:00:47.119+0000] {logging_mixin.py:188} INFO - [2026-04-09T09:00:47.119+0000] {dagbag.py:538} INFO - Filling up the DagBag from /home/airflow/.local/lib/python3.8/site-packages/airflow/example_dags/example_branch_operator.py
[2026-04-09T09:00:47.138+0000] {processor.py:840} INFO - DAG(s) 'example_branch_operator' retrieved from /home/airflow/.local/lib/python3.8/site-packages/airflow/example_dags/example_branch_operator.py
[2026-04-09T09:00:47.171+0000] {logging_mixin.py:188} INFO - [2026-04-09T09:00:47.171+0000] {dag.py:3033} INFO - Sync 1 DAGs
[2026-04-09T09:00:47.223+0000] {logging_mixin.py:188} INFO - [2026-04-09T09:00:47.220+0000] {dag.py:3820} INFO - Setting next_dagrun for example_branch_operator to 2026-04-08T00:00:00+00:00, run_after=2026-04-09T00:00:00+00:00
[2026-04-09T09:00:47.307+0000] {processor.py:183} INFO - Processing /home/airflow/.local/lib/python3.8/site-packages/airflow/example_dags/example_branch_operator.py took 0.194 seconds
[2026-04-09T09:01:17.959+0000] {processor.py:161} INFO - Started process (PID=6842) to work on /home/airflow/.local/lib/python3.8/site-packages/airflow/example_dags/example_branch_operator.py
[2026-04-09T09:01:17.960+0000] {processor.py:830} INFO - Processing file /home/airflow/.local/lib/python3.8/site-packages/airflow/example_dags/example_branch_operator.py for tasks to queue
[2026-04-09T09:01:17.964+0000] {logging_mixin.py:188} INFO - [2026-04-09T09:01:17.964+0000] {dagbag.py:538} INFO - Filling up the DagBag from /home/airflow/.local/lib/python3.8/site-packages/airflow/example_dags/example_branch_operator.py
[2026-04-09T09:01:17.989+0000] {processor.py:840} INFO - DAG(s) 'example_branch_operator' retrieved from /home/airflow/.local/lib/python3.8/site-packages/airflow/example_dags/example_branch_operator.py
[2026-04-09T09:01:18.020+0000] {logging_mixin.py:188} INFO - [2026-04-09T09:01:18.020+0000] {dag.py:3033} INFO - Sync 1 DAGs
[2026-04-09T09:01:18.043+0000] {logging_mixin.py:188} INFO - [2026-04-09T09:01:18.043+0000] {dag.py:3820} INFO - Setting next_dagrun for example_branch_operator to 2026-04-08T00:00:00+00:00, run_after=2026-04-09T00:00:00+00:00
[2026-04-09T09:01:18.061+0000] {processor.py:183} INFO - Processing /home/airflow/.local/lib/python3.8/site-packages/airflow/example_dags/example_branch_operator.py took 0.105 seconds
[2026-04-09T09:01:48.652+0000] {processor.py:161} INFO - Started process (PID=6903) to work on /home/airflow/.local/lib/python3.8/site-packages/airflow/example_dags/example_branch_operator.py
[2026-04-09T09:01:48.653+0000] {processor.py:830} INFO - Processing file /home/airflow/.local/lib/python3.8/site-packages/airflow/example_dags/example_branch_operator.py for tasks to queue
[2026-04-09T09:01:48.656+0000] {logging_mixin.py:188} INFO - [2026-04-09T09:01:48.655+0000] {dagbag.py:538} INFO - Filling up the DagBag from /home/airflow/.local/lib/python3.8/site-packages/airflow/example_dags/example_branch_operator.py
[2026-04-09T09:01:48.674+0000] {processor.py:840} INFO - DAG(s) 'example_branch_operator' retrieved from /home/airflow/.local/lib/python3.8/site-packages/airflow/example_dags/example_branch_operator.py
[2026-04-09T09:01:48.707+0000] {logging_mixin.py:188} INFO - [2026-04-09T09:01:48.707+0000] {dag.py:3033} INFO - Sync 1 DAGs
[2026-04-09T09:01:48.732+0000] {logging_mixin.py:188} INFO - [2026-04-09T09:01:48.732+0000] {dag.py:3820} INFO - Setting next_dagrun for example_branch_operator to 2026-04-08T00:00:00+00:00, run_after=2026-04-09T00:00:00+00:00
[2026-04-09T09:01:48.750+0000] {processor.py:183} INFO - Processing /home/airflow/.local/lib/python3.8/site-packages/airflow/example_dags/example_branch_operator.py took 0.101 seconds
[2026-04-09T09:02:19.728+0000] {processor.py:161} INFO - Started process (PID=6964) to work on /home/airflow/.local/lib/python3.8/site-packages/airflow/example_dags/example_branch_operator.py
[2026-04-09T09:02:19.729+0000] {processor.py:830} INFO - Processing file /home/airflow/.local/lib/python3.8/site-packages/airflow/example_dags/example_branch_operator.py for tasks to queue
[2026-04-09T09:02:19.731+0000] {logging_mixin.py:188} INFO - [2026-04-09T09:02:19.731+0000] {dagbag.py:538} INFO - Filling up the DagBag from /home/airflow/.local/lib/python3.8/site-packages/airflow/example_dags/example_branch_operator.py
[2026-04-09T09:02:19.750+0000] {processor.py:840} INFO - DAG(s) 'example_branch_operator' retrieved from /home/airflow/.local/lib/python3.8/site-packages/airflow/example_dags/example_branch_operator.py
[2026-04-09T09:02:19.781+0000] {logging_mixin.py:188} INFO - [2026-04-09T09:02:19.780+0000] {dag.py:3033} INFO - Sync 1 DAGs
[2026-04-09T09:02:19.805+0000] {logging_mixin.py:188} INFO - [2026-04-09T09:02:19.805+0000] {dag.py:3820} INFO - Setting next_dagrun for example_branch_operator to 2026-04-08T00:00:00+00:00, run_after=2026-04-09T00:00:00+00:00
[2026-04-09T09:02:19.825+0000] {processor.py:183} INFO - Processing /home/airflow/.local/lib/python3.8/site-packages/airflow/example_dags/example_branch_operator.py took 0.100 seconds
[2026-04-09T09:02:50.144+0000] {processor.py:161} INFO - Started process (PID=7025) to work on /home/airflow/.local/lib/python3.8/site-packages/airflow/example_dags/example_branch_operator.py
[2026-04-09T09:02:50.145+0000] {processor.py:830} INFO - Processing file /home/airflow/.local/lib/python3.8/site-packages/airflow/example_dags/example_branch_operator.py for tasks to queue
[2026-04-09T09:02:50.147+0000] {logging_mixin.py:188} INFO - [2026-04-09T09:02:50.147+0000] {dagbag.py:538} INFO - Filling up the DagBag from /home/airflow/.local/lib/python3.8/site-packages/airflow/example_dags/example_branch_operator.py
[2026-04-09T09:02:50.207+0000] {processor.py:840} INFO - DAG(s) 'example_branch_operator' retrieved from /home/airflow/.local/lib/python3.8/site-packages/airflow/example_dags/example_branch_operator.py
[2026-04-09T09:02:50.240+0000] {logging_mixin.py:188} INFO - [2026-04-09T09:02:50.240+0000] {dag.py:3033} INFO - Sync 1 DAGs
[2026-04-09T09:02:50.266+0000] {logging_mixin.py:188} INFO - [2026-04-09T09:02:50.265+0000] {dag.py:3820} INFO - Setting next_dagrun for example_branch_operator to 2026-04-08T00:00:00+00:00, run_after=2026-04-09T00:00:00+00:00
[2026-04-09T09:02:50.285+0000] {processor.py:183} INFO - Processing /home/airflow/.local/lib/python3.8/site-packages/airflow/example_dags/example_branch_operator.py took 0.144 seconds
[2026-04-09T09:03:20.914+0000] {processor.py:161} INFO - Started process (PID=7086) to work on /home/airflow/.local/lib/python3.8/site-packages/airflow/example_dags/example_branch_operator.py
[2026-04-09T09:03:20.915+0000] {processor.py:830} INFO - Processing file /home/airflow/.local/lib/python3.8/site-packages/airflow/example_dags/example_branch_operator.py for tasks to queue
[2026-04-09T09:03:20.917+0000] {logging_mixin.py:188} INFO - [2026-04-09T09:03:20.917+0000] {dagbag.py:538} INFO - Filling up the DagBag from /home/airflow/.local/lib/python3.8/site-packages/airflow/example_dags/example_branch_operator.py
[2026-04-09T09:03:20.936+0000] {processor.py:840} INFO - DAG(s) 'example_branch_operator' retrieved from /home/airflow/.local/lib/python3.8/site-packages/airflow/example_dags/example_branch_operator.py
[2026-04-09T09:03:20.967+0000] {logging_mixin.py:188} INFO - [2026-04-09T09:03:20.966+0000] {dag.py:3033} INFO - Sync 1 DAGs
[2026-04-09T09:03:20.990+0000] {logging_mixin.py:188} INFO - [2026-04-09T09:03:20.990+0000] {dag.py:3820} INFO - Setting next_dagrun for example_branch_operator to 2026-04-08T00:00:00+00:00, run_after=2026-04-09T00:00:00+00:00
[2026-04-09T09:03:21.010+0000] {processor.py:183} INFO - Processing /home/airflow/.local/lib/python3.8/site-packages/airflow/example_dags/example_branch_operator.py took 0.099 seconds
[2026-04-09T09:03:51.254+0000] {processor.py:161} INFO - Started process (PID=7148) to work on /home/airflow/.local/lib/python3.8/site-packages/airflow/example_dags/example_branch_operator.py
[2026-04-09T09:03:51.257+0000] {processor.py:830} INFO - Processing file /home/airflow/.local/lib/python3.8/site-packages/airflow/example_dags/example_branch_operator.py for tasks to queue
[2026-04-09T09:03:51.263+0000] {logging_mixin.py:188} INFO - [2026-04-09T09:03:51.263+0000] {dagbag.py:538} INFO - Filling up the DagBag from /home/airflow/.local/lib/python3.8/site-packages/airflow/example_dags/example_branch_operator.py
[2026-04-09T09:03:51.331+0000] {processor.py:840} INFO - DAG(s) 'example_branch_operator' retrieved from /home/airflow/.local/lib/python3.8/site-packages/airflow/example_dags/example_branch_operator.py
[2026-04-09T09:03:51.395+0000] {logging_mixin.py:188} INFO - [2026-04-09T09:03:51.395+0000] {dag.py:3033} INFO - Sync 1 DAGs
[2026-04-09T09:03:51.455+0000] {logging_mixin.py:188} INFO - [2026-04-09T09:03:51.455+0000] {dag.py:3820} INFO - Setting next_dagrun for example_branch_operator to 2026-04-08T00:00:00+00:00, run_after=2026-04-09T00:00:00+00:00
[2026-04-09T09:03:51.501+0000] {processor.py:183} INFO - Processing /home/airflow/.local/lib/python3.8/site-packages/airflow/example_dags/example_branch_operator.py took 0.250 seconds
[2026-04-09T09:04:21.789+0000] {processor.py:161} INFO - Started process (PID=7209) to work on /home/airflow/.local/lib/python3.8/site-packages/airflow/example_dags/example_branch_operator.py
[2026-04-09T09:04:21.790+0000] {processor.py:830} INFO - Processing file /home/airflow/.local/lib/python3.8/site-packages/airflow/example_dags/example_branch_operator.py for tasks to queue
[2026-04-09T09:04:21.792+0000] {logging_mixin.py:188} INFO - [2026-04-09T09:04:21.792+0000] {dagbag.py:538} INFO - Filling up the DagBag from /home/airflow/.local/lib/python3.8/site-packages/airflow/example_dags/example_branch_operator.py
[2026-04-09T09:04:21.811+0000] {processor.py:840} INFO - DAG(s) 'example_branch_operator' retrieved from /home/airflow/.local/lib/python3.8/site-packages/airflow/example_dags/example_branch_operator.py
[2026-04-09T09:04:21.841+0000] {logging_mixin.py:188} INFO - [2026-04-09T09:04:21.841+0000] {dag.py:3033} INFO - Sync 1 DAGs
[2026-04-09T09:04:21.869+0000] {logging_mixin.py:188} INFO - [2026-04-09T09:04:21.869+0000] {dag.py:3820} INFO - Setting next_dagrun for example_branch_operator to 2026-04-08T00:00:00+00:00, run_after=2026-04-09T00:00:00+00:00
[2026-04-09T09:04:21.931+0000] {processor.py:183} INFO - Processing /home/airflow/.local/lib/python3.8/site-packages/airflow/example_dags/example_branch_operator.py took 0.146 seconds
[2026-04-09T09:04:51.994+0000] {processor.py:161} INFO - Started process (PID=7272) to work on /home/airflow/.local/lib/python3.8/site-packages/airflow/example_dags/example_branch_operator.py
[2026-04-09T09:04:51.995+0000] {processor.py:830} INFO - Processing file /home/airflow/.local/lib/python3.8/site-packages/airflow/example_dags/example_branch_operator.py for tasks to queue
[2026-04-09T09:04:51.997+0000] {logging_mixin.py:188} INFO - [2026-04-09T09:04:51.997+0000] {dagbag.py:538} INFO - Filling up the DagBag from /home/airflow/.local/lib/python3.8/site-packages/airflow/example_dags/example_branch_operator.py
[2026-04-09T09:04:52.017+0000] {processor.py:840} INFO - DAG(s) 'example_branch_operator' retrieved from /home/airflow/.local/lib/python3.8/site-packages/airflow/example_dags/example_branch_operator.py
[2026-04-09T09:04:52.046+0000] {logging_mixin.py:188} INFO - [2026-04-09T09:04:52.046+0000] {dag.py:3033} INFO - Sync 1 DAGs
[2026-04-09T09:04:52.063+0000] {logging_mixin.py:188} INFO - [2026-04-09T09:04:52.063+0000] {dag.py:3820} INFO - Setting next_dagrun for example_branch_operator to 2026-04-08T00:00:00+00:00, run_after=2026-04-09T00:00:00+00:00
[2026-04-09T09:04:52.076+0000] {processor.py:183} INFO - Processing /home/airflow/.local/lib/python3.8/site-packages/airflow/example_dags/example_branch_operator.py took 0.085 seconds
[2026-04-09T09:05:22.607+0000] {processor.py:161} INFO - Started process (PID=7331) to work on /home/airflow/.local/lib/python3.8/site-packages/airflow/example_dags/example_branch_operator.py
[2026-04-09T09:05:22.608+0000] {processor.py:830} INFO - Processing file /home/airflow/.local/lib/python3.8/site-packages/airflow/example_dags/example_branch_operator.py for tasks to queue
[2026-04-09T09:05:22.610+0000] {logging_mixin.py:188} INFO - [2026-04-09T09:05:22.609+0000] {dagbag.py:538} INFO - Filling up the DagBag from /home/airflow/.local/lib/python3.8/site-packages/airflow/example_dags/example_branch_operator.py
[2026-04-09T09:05:22.623+0000] {processor.py:840} INFO - DAG(s) 'example_branch_operator' retrieved from /home/airflow/.local/lib/python3.8/site-packages/airflow/example_dags/example_branch_operator.py
[2026-04-09T09:05:22.644+0000] {logging_mixin.py:188} INFO - [2026-04-09T09:05:22.643+0000] {dag.py:3033} INFO - Sync 1 DAGs
[2026-04-09T09:05:22.660+0000] {logging_mixin.py:188} INFO - [2026-04-09T09:05:22.660+0000] {dag.py:3820} INFO - Setting next_dagrun for example_branch_operator to 2026-04-08T00:00:00+00:00, run_after=2026-04-09T00:00:00+00:00
[2026-04-09T09:05:22.674+0000] {processor.py:183} INFO - Processing /home/airflow/.local/lib/python3.8/site-packages/airflow/example_dags/example_branch_operator.py took 0.069 seconds
[2026-04-09T09:05:53.083+0000] {processor.py:161} INFO - Started process (PID=7392) to work on /home/airflow/.local/lib/python3.8/site-packages/airflow/example_dags/example_branch_operator.py
[2026-04-09T09:05:53.084+0000] {processor.py:830} INFO - Processing file /home/airflow/.local/lib/python3.8/site-packages/airflow/example_dags/example_branch_operator.py for tasks to queue
[2026-04-09T09:05:53.086+0000] {logging_mixin.py:188} INFO - [2026-04-09T09:05:53.086+0000] {dagbag.py:538} INFO - Filling up the DagBag from /home/airflow/.local/lib/python3.8/site-packages/airflow/example_dags/example_branch_operator.py
[2026-04-09T09:05:53.105+0000] {processor.py:840} INFO - DAG(s) 'example_branch_operator' retrieved from /home/airflow/.local/lib/python3.8/site-packages/airflow/example_dags/example_branch_operator.py
[2026-04-09T09:05:53.134+0000] {logging_mixin.py:188} INFO - [2026-04-09T09:05:53.134+0000] {dag.py:3033} INFO - Sync 1 DAGs
[2026-04-09T09:05:53.159+0000] {logging_mixin.py:188} INFO - [2026-04-09T09:05:53.158+0000] {dag.py:3820} INFO - Setting next_dagrun for example_branch_operator to 2026-04-08T00:00:00+00:00, run_after=2026-04-09T00:00:00+00:00
[2026-04-09T09:05:53.177+0000] {processor.py:183} INFO - Processing /home/airflow/.local/lib/python3.8/site-packages/airflow/example_dags/example_branch_operator.py took 0.097 seconds
[2026-04-09T09:06:23.325+0000] {processor.py:161} INFO - Started process (PID=7453) to work on /home/airflow/.local/lib/python3.8/site-packages/airflow/example_dags/example_branch_operator.py
[2026-04-09T09:06:23.326+0000] {processor.py:830} INFO - Processing file /home/airflow/.local/lib/python3.8/site-packages/airflow/example_dags/example_branch_operator.py for tasks to queue
[2026-04-09T09:06:23.328+0000] {logging_mixin.py:188} INFO - [2026-04-09T09:06:23.328+0000] {dagbag.py:538} INFO - Filling up the DagBag from /home/airflow/.local/lib/python3.8/site-packages/airflow/example_dags/example_branch_operator.py
[2026-04-09T09:06:23.348+0000] {processor.py:840} INFO - DAG(s) 'example_branch_operator' retrieved from /home/airflow/.local/lib/python3.8/site-packages/airflow/example_dags/example_branch_operator.py
[2026-04-09T09:06:23.378+0000] {logging_mixin.py:188} INFO - [2026-04-09T09:06:23.378+0000] {dag.py:3033} INFO - Sync 1 DAGs
[2026-04-09T09:06:23.404+0000] {logging_mixin.py:188} INFO - [2026-04-09T09:06:23.404+0000] {dag.py:3820} INFO - Setting next_dagrun for example_branch_operator to 2026-04-08T00:00:00+00:00, run_after=2026-04-09T00:00:00+00:00
[2026-04-09T09:06:23.423+0000] {processor.py:183} INFO - Processing /home/airflow/.local/lib/python3.8/site-packages/airflow/example_dags/example_branch_operator.py took 0.102 seconds
[2026-04-09T09:06:53.864+0000] {processor.py:161} INFO - Started process (PID=7514) to work on /home/airflow/.local/lib/python3.8/site-packages/airflow/example_dags/example_branch_operator.py
[2026-04-09T09:06:53.865+0000] {processor.py:830} INFO - Processing file /home/airflow/.local/lib/python3.8/site-packages/airflow/example_dags/example_branch_operator.py for tasks to queue
[2026-04-09T09:06:53.867+0000] {logging_mixin.py:188} INFO - [2026-04-09T09:06:53.867+0000] {dagbag.py:538} INFO - Filling up the DagBag from /home/airflow/.local/lib/python3.8/site-packages/airflow/example_dags/example_branch_operator.py
[2026-04-09T09:06:53.886+0000] {processor.py:840} INFO - DAG(s) 'example_branch_operator' retrieved from /home/airflow/.local/lib/python3.8/site-packages/airflow/example_dags/example_branch_operator.py
[2026-04-09T09:06:53.924+0000] {logging_mixin.py:188} INFO - [2026-04-09T09:06:53.923+0000] {dag.py:3033} INFO - Sync 1 DAGs
[2026-04-09T09:06:53.950+0000] {logging_mixin.py:188} INFO - [2026-04-09T09:06:53.950+0000] {dag.py:3820} INFO - Setting next_dagrun for example_branch_operator to 2026-04-08T00:00:00+00:00, run_after=2026-04-09T00:00:00+00:00
[2026-04-09T09:06:53.974+0000] {processor.py:183} INFO - Processing /home/airflow/.local/lib/python3.8/site-packages/airflow/example_dags/example_branch_operator.py took 0.113 seconds
[2026-04-09T09:07:24.382+0000] {processor.py:161} INFO - Started process (PID=7575) to work on /home/airflow/.local/lib/python3.8/site-packages/airflow/example_dags/example_branch_operator.py
[2026-04-09T09:07:24.383+0000] {processor.py:830} INFO - Processing file /home/airflow/.local/lib/python3.8/site-packages/airflow/example_dags/example_branch_operator.py for tasks to queue
[2026-04-09T09:07:24.385+0000] {logging_mixin.py:188} INFO - [2026-04-09T09:07:24.384+0000] {dagbag.py:538} INFO - Filling up the DagBag from /home/airflow/.local/lib/python3.8/site-packages/airflow/example_dags/example_branch_operator.py
[2026-04-09T09:07:24.404+0000] {processor.py:840} INFO - DAG(s) 'example_branch_operator' retrieved from /home/airflow/.local/lib/python3.8/site-packages/airflow/example_dags/example_branch_operator.py
[2026-04-09T09:07:24.432+0000] {logging_mixin.py:188} INFO - [2026-04-09T09:07:24.431+0000] {dag.py:3033} INFO - Sync 1 DAGs
[2026-04-09T09:07:24.457+0000] {logging_mixin.py:188} INFO - [2026-04-09T09:07:24.456+0000] {dag.py:3820} INFO - Setting next_dagrun for example_branch_operator to 2026-04-08T00:00:00+00:00, run_after=2026-04-09T00:00:00+00:00
[2026-04-09T09:07:24.474+0000] {processor.py:183} INFO - Processing /home/airflow/.local/lib/python3.8/site-packages/airflow/example_dags/example_branch_operator.py took 0.096 seconds
[2026-04-09T09:07:54.910+0000] {processor.py:161} INFO - Started process (PID=7636) to work on /home/airflow/.local/lib/python3.8/site-packages/airflow/example_dags/example_branch_operator.py
[2026-04-09T09:07:54.911+0000] {processor.py:830} INFO - Processing file /home/airflow/.local/lib/python3.8/site-packages/airflow/example_dags/example_branch_operator.py for tasks to queue
[2026-04-09T09:07:54.913+0000] {logging_mixin.py:188} INFO - [2026-04-09T09:07:54.913+0000] {dagbag.py:538} INFO - Filling up the DagBag from /home/airflow/.local/lib/python3.8/site-packages/airflow/example_dags/example_branch_operator.py
[2026-04-09T09:07:54.932+0000] {processor.py:840} INFO - DAG(s) 'example_branch_operator' retrieved from /home/airflow/.local/lib/python3.8/site-packages/airflow/example_dags/example_branch_operator.py
[2026-04-09T09:07:54.963+0000] {logging_mixin.py:188} INFO - [2026-04-09T09:07:54.963+0000] {dag.py:3033} INFO - Sync 1 DAGs
[2026-04-09T09:07:54.988+0000] {logging_mixin.py:188} INFO - [2026-04-09T09:07:54.988+0000] {dag.py:3820} INFO - Setting next_dagrun for example_branch_operator to 2026-04-08T00:00:00+00:00, run_after=2026-04-09T00:00:00+00:00
[2026-04-09T09:07:55.008+0000] {processor.py:183} INFO - Processing /home/airflow/.local/lib/python3.8/site-packages/airflow/example_dags/example_branch_operator.py took 0.102 seconds
[2026-04-09T09:08:25.216+0000] {processor.py:161} INFO - Started process (PID=7698) to work on /home/airflow/.local/lib/python3.8/site-packages/airflow/example_dags/example_branch_operator.py
[2026-04-09T09:08:25.217+0000] {processor.py:830} INFO - Processing file /home/airflow/.local/lib/python3.8/site-packages/airflow/example_dags/example_branch_operator.py for tasks to queue
[2026-04-09T09:08:25.220+0000] {logging_mixin.py:188} INFO - [2026-04-09T09:08:25.220+0000] {dagbag.py:538} INFO - Filling up the DagBag from /home/airflow/.local/lib/python3.8/site-packages/airflow/example_dags/example_branch_operator.py
[2026-04-09T09:08:25.273+0000] {processor.py:840} INFO - DAG(s) 'example_branch_operator' retrieved from /home/airflow/.local/lib/python3.8/site-packages/airflow/example_dags/example_branch_operator.py
[2026-04-09T09:08:25.343+0000] {logging_mixin.py:188} INFO - [2026-04-09T09:08:25.342+0000] {dag.py:3033} INFO - Sync 1 DAGs
[2026-04-09T09:08:25.397+0000] {logging_mixin.py:188} INFO - [2026-04-09T09:08:25.396+0000] {dag.py:3820} INFO - Setting next_dagrun for example_branch_operator to 2026-04-08T00:00:00+00:00, run_after=2026-04-09T00:00:00+00:00
[2026-04-09T09:08:25.439+0000] {processor.py:183} INFO - Processing /home/airflow/.local/lib/python3.8/site-packages/airflow/example_dags/example_branch_operator.py took 0.232 seconds
[2026-04-09T09:08:55.661+0000] {processor.py:161} INFO - Started process (PID=7758) to work on /home/airflow/.local/lib/python3.8/site-packages/airflow/example_dags/example_branch_operator.py
[2026-04-09T09:08:55.662+0000] {processor.py:830} INFO - Processing file /home/airflow/.local/lib/python3.8/site-packages/airflow/example_dags/example_branch_operator.py for tasks to queue
[2026-04-09T09:08:55.664+0000] {logging_mixin.py:188} INFO - [2026-04-09T09:08:55.664+0000] {dagbag.py:538} INFO - Filling up the DagBag from /home/airflow/.local/lib/python3.8/site-packages/airflow/example_dags/example_branch_operator.py
[2026-04-09T09:08:55.683+0000] {processor.py:840} INFO - DAG(s) 'example_branch_operator' retrieved from /home/airflow/.local/lib/python3.8/site-packages/airflow/example_dags/example_branch_operator.py
[2026-04-09T09:08:55.710+0000] {logging_mixin.py:188} INFO - [2026-04-09T09:08:55.710+0000] {dag.py:3033} INFO - Sync 1 DAGs
[2026-04-09T09:08:55.736+0000] {logging_mixin.py:188} INFO - [2026-04-09T09:08:55.736+0000] {dag.py:3820} INFO - Setting next_dagrun for example_branch_operator to 2026-04-08T00:00:00+00:00, run_after=2026-04-09T00:00:00+00:00
[2026-04-09T09:08:55.774+0000] {processor.py:183} INFO - Processing /home/airflow/.local/lib/python3.8/site-packages/airflow/example_dags/example_branch_operator.py took 0.116 seconds
[2026-04-09T09:09:26.197+0000] {processor.py:161} INFO - Started process (PID=7820) to work on /home/airflow/.local/lib/python3.8/site-packages/airflow/example_dags/example_branch_operator.py
[2026-04-09T09:09:26.198+0000] {processor.py:830} INFO - Processing file /home/airflow/.local/lib/python3.8/site-packages/airflow/example_dags/example_branch_operator.py for tasks to queue
[2026-04-09T09:09:26.203+0000] {logging_mixin.py:188} INFO - [2026-04-09T09:09:26.203+0000] {dagbag.py:538} INFO - Filling up the DagBag from /home/airflow/.local/lib/python3.8/site-packages/airflow/example_dags/example_branch_operator.py
[2026-04-09T09:09:26.239+0000] {processor.py:840} INFO - DAG(s) 'example_branch_operator' retrieved from /home/airflow/.local/lib/python3.8/site-packages/airflow/example_dags/example_branch_operator.py
[2026-04-09T09:09:26.273+0000] {logging_mixin.py:188} INFO - [2026-04-09T09:09:26.272+0000] {dag.py:3033} INFO - Sync 1 DAGs
[2026-04-09T09:09:26.293+0000] {logging_mixin.py:188} INFO - [2026-04-09T09:09:26.293+0000] {dag.py:3820} INFO - Setting next_dagrun for example_branch_operator to 2026-04-08T00:00:00+00:00, run_after=2026-04-09T00:00:00+00:00
[2026-04-09T09:09:26.308+0000] {processor.py:183} INFO - Processing /home/airflow/.local/lib/python3.8/site-packages/airflow/example_dags/example_branch_operator.py took 0.126 seconds
[2026-04-09T09:09:56.447+0000] {processor.py:161} INFO - Started process (PID=7881) to work on /home/airflow/.local/lib/python3.8/site-packages/airflow/example_dags/example_branch_operator.py
[2026-04-09T09:09:56.452+0000] {processor.py:830} INFO - Processing file /home/airflow/.local/lib/python3.8/site-packages/airflow/example_dags/example_branch_operator.py for tasks to queue
[2026-04-09T09:09:56.462+0000] {logging_mixin.py:188} INFO - [2026-04-09T09:09:56.462+0000] {dagbag.py:538} INFO - Filling up the DagBag from /home/airflow/.local/lib/python3.8/site-packages/airflow/example_dags/example_branch_operator.py
[2026-04-09T09:09:56.532+0000] {processor.py:840} INFO - DAG(s) 'example_branch_operator' retrieved from /home/airflow/.local/lib/python3.8/site-packages/airflow/example_dags/example_branch_operator.py
[2026-04-09T09:09:56.625+0000] {logging_mixin.py:188} INFO - [2026-04-09T09:09:56.625+0000] {dag.py:3033} INFO - Sync 1 DAGs
[2026-04-09T09:09:56.653+0000] {logging_mixin.py:188} INFO - [2026-04-09T09:09:56.653+0000] {dag.py:3820} INFO - Setting next_dagrun for example_branch_operator to 2026-04-08T00:00:00+00:00, run_after=2026-04-09T00:00:00+00:00
[2026-04-09T09:09:56.671+0000] {processor.py:183} INFO - Processing /home/airflow/.local/lib/python3.8/site-packages/airflow/example_dags/example_branch_operator.py took 0.237 seconds
[2026-04-09T09:10:26.924+0000] {processor.py:161} INFO - Started process (PID=7942) to work on /home/airflow/.local/lib/python3.8/site-packages/airflow/example_dags/example_branch_operator.py
[2026-04-09T09:10:26.929+0000] {processor.py:830} INFO - Processing file /home/airflow/.local/lib/python3.8/site-packages/airflow/example_dags/example_branch_operator.py for tasks to queue
[2026-04-09T09:10:26.932+0000] {logging_mixin.py:188} INFO - [2026-04-09T09:10:26.932+0000] {dagbag.py:538} INFO - Filling up the DagBag from /home/airflow/.local/lib/python3.8/site-packages/airflow/example_dags/example_branch_operator.py
[2026-04-09T09:10:26.988+0000] {processor.py:840} INFO - DAG(s) 'example_branch_operator' retrieved from /home/airflow/.local/lib/python3.8/site-packages/airflow/example_dags/example_branch_operator.py
[2026-04-09T09:10:27.061+0000] {logging_mixin.py:188} INFO - [2026-04-09T09:10:27.061+0000] {dag.py:3033} INFO - Sync 1 DAGs
[2026-04-09T09:10:27.093+0000] {logging_mixin.py:188} INFO - [2026-04-09T09:10:27.093+0000] {dag.py:3820} INFO - Setting next_dagrun for example_branch_operator to 2026-04-08T00:00:00+00:00, run_after=2026-04-09T00:00:00+00:00
[2026-04-09T09:10:27.142+0000] {processor.py:183} INFO - Processing /home/airflow/.local/lib/python3.8/site-packages/airflow/example_dags/example_branch_operator.py took 0.226 seconds
[2026-04-09T09:10:57.366+0000] {processor.py:161} INFO - Started process (PID=8001) to work on /home/airflow/.local/lib/python3.8/site-packages/airflow/example_dags/example_branch_operator.py
[2026-04-09T09:10:57.367+0000] {processor.py:830} INFO - Processing file /home/airflow/.local/lib/python3.8/site-packages/airflow/example_dags/example_branch_operator.py for tasks to queue
[2026-04-09T09:10:57.369+0000] {logging_mixin.py:188} INFO - [2026-04-09T09:10:57.369+0000] {dagbag.py:538} INFO - Filling up the DagBag from /home/airflow/.local/lib/python3.8/site-packages/airflow/example_dags/example_branch_operator.py
[2026-04-09T09:10:57.388+0000] {processor.py:840} INFO - DAG(s) 'example_branch_operator' retrieved from /home/airflow/.local/lib/python3.8/site-packages/airflow/example_dags/example_branch_operator.py
[2026-04-09T09:10:57.427+0000] {logging_mixin.py:188} INFO - [2026-04-09T09:10:57.427+0000] {dag.py:3033} INFO - Sync 1 DAGs
[2026-04-09T09:10:57.452+0000] {logging_mixin.py:188} INFO - [2026-04-09T09:10:57.452+0000] {dag.py:3820} INFO - Setting next_dagrun for example_branch_operator to 2026-04-08T00:00:00+00:00, run_after=2026-04-09T00:00:00+00:00
[2026-04-09T09:10:57.476+0000] {processor.py:183} INFO - Processing /home/airflow/.local/lib/python3.8/site-packages/airflow/example_dags/example_branch_operator.py took 0.113 seconds
[2026-04-09T09:11:28.376+0000] {processor.py:161} INFO - Started process (PID=8062) to work on /home/airflow/.local/lib/python3.8/site-packages/airflow/example_dags/example_branch_operator.py
[2026-04-09T09:11:28.377+0000] {processor.py:830} INFO - Processing file /home/airflow/.local/lib/python3.8/site-packages/airflow/example_dags/example_branch_operator.py for tasks to queue
[2026-04-09T09:11:28.379+0000] {logging_mixin.py:188} INFO - [2026-04-09T09:11:28.379+0000] {dagbag.py:538} INFO - Filling up the DagBag from /home/airflow/.local/lib/python3.8/site-packages/airflow/example_dags/example_branch_operator.py
[2026-04-09T09:11:28.399+0000] {processor.py:840} INFO - DAG(s) 'example_branch_operator' retrieved from /home/airflow/.local/lib/python3.8/site-packages/airflow/example_dags/example_branch_operator.py
[2026-04-09T09:11:28.433+0000] {logging_mixin.py:188} INFO - [2026-04-09T09:11:28.433+0000] {dag.py:3033} INFO - Sync 1 DAGs
[2026-04-09T09:11:28.462+0000] {logging_mixin.py:188} INFO - [2026-04-09T09:11:28.462+0000] {dag.py:3820} INFO - Setting next_dagrun for example_branch_operator to 2026-04-08T00:00:00+00:00, run_after=2026-04-09T00:00:00+00:00
[2026-04-09T09:11:28.478+0000] {processor.py:183} INFO - Processing /home/airflow/.local/lib/python3.8/site-packages/airflow/example_dags/example_branch_operator.py took 0.106 seconds
[2026-04-09T09:11:59.135+0000] {processor.py:161} INFO - Started process (PID=8123) to work on /home/airflow/.local/lib/python3.8/site-packages/airflow/example_dags/example_branch_operator.py
[2026-04-09T09:11:59.142+0000] {processor.py:830} INFO - Processing file /home/airflow/.local/lib/python3.8/site-packages/airflow/example_dags/example_branch_operator.py for tasks to queue
[2026-04-09T09:11:59.149+0000] {logging_mixin.py:188} INFO - [2026-04-09T09:11:59.148+0000] {dagbag.py:538} INFO - Filling up the DagBag from /home/airflow/.local/lib/python3.8/site-packages/airflow/example_dags/example_branch_operator.py
[2026-04-09T09:11:59.193+0000] {processor.py:840} INFO - DAG(s) 'example_branch_operator' retrieved from /home/airflow/.local/lib/python3.8/site-packages/airflow/example_dags/example_branch_operator.py
[2026-04-09T09:11:59.279+0000] {logging_mixin.py:188} INFO - [2026-04-09T09:11:59.278+0000] {dag.py:3033} INFO - Sync 1 DAGs
[2026-04-09T09:11:59.309+0000] {logging_mixin.py:188} INFO - [2026-04-09T09:11:59.308+0000] {dag.py:3820} INFO - Setting next_dagrun for example_branch_operator to 2026-04-08T00:00:00+00:00, run_after=2026-04-09T00:00:00+00:00
[2026-04-09T09:11:59.327+0000] {processor.py:183} INFO - Processing /home/airflow/.local/lib/python3.8/site-packages/airflow/example_dags/example_branch_operator.py took 0.201 seconds
[2026-04-09T09:12:29.739+0000] {processor.py:161} INFO - Started process (PID=8184) to work on /home/airflow/.local/lib/python3.8/site-packages/airflow/example_dags/example_branch_operator.py
[2026-04-09T09:12:29.740+0000] {processor.py:830} INFO - Processing file /home/airflow/.local/lib/python3.8/site-packages/airflow/example_dags/example_branch_operator.py for tasks to queue
[2026-04-09T09:12:29.743+0000] {logging_mixin.py:188} INFO - [2026-04-09T09:12:29.742+0000] {dagbag.py:538} INFO - Filling up the DagBag from /home/airflow/.local/lib/python3.8/site-packages/airflow/example_dags/example_branch_operator.py
[2026-04-09T09:12:29.764+0000] {processor.py:840} INFO - DAG(s) 'example_branch_operator' retrieved from /home/airflow/.local/lib/python3.8/site-packages/airflow/example_dags/example_branch_operator.py
[2026-04-09T09:12:29.795+0000] {logging_mixin.py:188} INFO - [2026-04-09T09:12:29.795+0000] {dag.py:3033} INFO - Sync 1 DAGs
[2026-04-09T09:12:29.820+0000] {logging_mixin.py:188} INFO - [2026-04-09T09:12:29.820+0000] {dag.py:3820} INFO - Setting next_dagrun for example_branch_operator to 2026-04-08T00:00:00+00:00, run_after=2026-04-09T00:00:00+00:00
[2026-04-09T09:12:29.837+0000] {processor.py:183} INFO - Processing /home/airflow/.local/lib/python3.8/site-packages/airflow/example_dags/example_branch_operator.py took 0.102 seconds
[2026-04-09T09:13:00.059+0000] {processor.py:161} INFO - Started process (PID=8245) to work on /home/airflow/.local/lib/python3.8/site-packages/airflow/example_dags/example_branch_operator.py
[2026-04-09T09:13:00.059+0000] {processor.py:830} INFO - Processing file /home/airflow/.local/lib/python3.8/site-packages/airflow/example_dags/example_branch_operator.py for tasks to queue
[2026-04-09T09:13:00.062+0000] {logging_mixin.py:188} INFO - [2026-04-09T09:13:00.061+0000] {dagbag.py:538} INFO - Filling up the DagBag from /home/airflow/.local/lib/python3.8/site-packages/airflow/example_dags/example_branch_operator.py
[2026-04-09T09:13:00.083+0000] {processor.py:840} INFO - DAG(s) 'example_branch_operator' retrieved from /home/airflow/.local/lib/python3.8/site-packages/airflow/example_dags/example_branch_operator.py
[2026-04-09T09:13:00.113+0000] {logging_mixin.py:188} INFO - [2026-04-09T09:13:00.112+0000] {dag.py:3033} INFO - Sync 1 DAGs
[2026-04-09T09:13:00.139+0000] {logging_mixin.py:188} INFO - [2026-04-09T09:13:00.139+0000] {dag.py:3820} INFO - Setting next_dagrun for example_branch_operator to 2026-04-08T00:00:00+00:00, run_after=2026-04-09T00:00:00+00:00
[2026-04-09T09:13:00.158+0000] {processor.py:183} INFO - Processing /home/airflow/.local/lib/python3.8/site-packages/airflow/example_dags/example_branch_operator.py took 0.102 seconds
[2026-04-09T09:13:30.521+0000] {processor.py:161} INFO - Started process (PID=8305) to work on /home/airflow/.local/lib/python3.8/site-packages/airflow/example_dags/example_branch_operator.py
[2026-04-09T09:13:30.522+0000] {processor.py:830} INFO - Processing file /home/airflow/.local/lib/python3.8/site-packages/airflow/example_dags/example_branch_operator.py for tasks to queue
[2026-04-09T09:13:30.524+0000] {logging_mixin.py:188} INFO - [2026-04-09T09:13:30.524+0000] {dagbag.py:538} INFO - Filling up the DagBag from /home/airflow/.local/lib/python3.8/site-packages/airflow/example_dags/example_branch_operator.py
[2026-04-09T09:13:30.545+0000] {processor.py:840} INFO - DAG(s) 'example_branch_operator' retrieved from /home/airflow/.local/lib/python3.8/site-packages/airflow/example_dags/example_branch_operator.py
[2026-04-09T09:13:30.575+0000] {logging_mixin.py:188} INFO - [2026-04-09T09:13:30.575+0000] {dag.py:3033} INFO - Sync 1 DAGs
[2026-04-09T09:13:30.601+0000] {logging_mixin.py:188} INFO - [2026-04-09T09:13:30.601+0000] {dag.py:3820} INFO - Setting next_dagrun for example_branch_operator to 2026-04-08T00:00:00+00:00, run_after=2026-04-09T00:00:00+00:00
[2026-04-09T09:13:30.618+0000] {processor.py:183} INFO - Processing /home/airflow/.local/lib/python3.8/site-packages/airflow/example_dags/example_branch_operator.py took 0.100 seconds
[2026-04-09T09:14:01.188+0000] {processor.py:161} INFO - Started process (PID=8366) to work on /home/airflow/.local/lib/python3.8/site-packages/airflow/example_dags/example_branch_operator.py
[2026-04-09T09:14:01.191+0000] {processor.py:830} INFO - Processing file /home/airflow/.local/lib/python3.8/site-packages/airflow/example_dags/example_branch_operator.py for tasks to queue
[2026-04-09T09:14:01.195+0000] {logging_mixin.py:188} INFO - [2026-04-09T09:14:01.195+0000] {dagbag.py:538} INFO - Filling up the DagBag from /home/airflow/.local/lib/python3.8/site-packages/airflow/example_dags/example_branch_operator.py
[2026-04-09T09:14:01.236+0000] {processor.py:840} INFO - DAG(s) 'example_branch_operator' retrieved from /home/airflow/.local/lib/python3.8/site-packages/airflow/example_dags/example_branch_operator.py
[2026-04-09T09:14:01.305+0000] {logging_mixin.py:188} INFO - [2026-04-09T09:14:01.305+0000] {dag.py:3033} INFO - Sync 1 DAGs
[2026-04-09T09:14:01.360+0000] {logging_mixin.py:188} INFO - [2026-04-09T09:14:01.360+0000] {dag.py:3820} INFO - Setting next_dagrun for example_branch_operator to 2026-04-08T00:00:00+00:00, run_after=2026-04-09T00:00:00+00:00
[2026-04-09T09:14:01.403+0000] {processor.py:183} INFO - Processing /home/airflow/.local/lib/python3.8/site-packages/airflow/example_dags/example_branch_operator.py took 0.223 seconds
[2026-04-09T09:14:31.496+0000] {processor.py:161} INFO - Started process (PID=8427) to work on /home/airflow/.local/lib/python3.8/site-packages/airflow/example_dags/example_branch_operator.py
[2026-04-09T09:14:31.497+0000] {processor.py:830} INFO - Processing file /home/airflow/.local/lib/python3.8/site-packages/airflow/example_dags/example_branch_operator.py for tasks to queue
[2026-04-09T09:14:31.499+0000] {logging_mixin.py:188} INFO - [2026-04-09T09:14:31.499+0000] {dagbag.py:538} INFO - Filling up the DagBag from /home/airflow/.local/lib/python3.8/site-packages/airflow/example_dags/example_branch_operator.py
[2026-04-09T09:14:31.517+0000] {processor.py:840} INFO - DAG(s) 'example_branch_operator' retrieved from /home/airflow/.local/lib/python3.8/site-packages/airflow/example_dags/example_branch_operator.py
[2026-04-09T09:14:31.547+0000] {logging_mixin.py:188} INFO - [2026-04-09T09:14:31.547+0000] {dag.py:3033} INFO - Sync 1 DAGs
[2026-04-09T09:14:31.571+0000] {logging_mixin.py:188} INFO - [2026-04-09T09:14:31.571+0000] {dag.py:3820} INFO - Setting next_dagrun for example_branch_operator to 2026-04-08T00:00:00+00:00, run_after=2026-04-09T00:00:00+00:00
[2026-04-09T09:14:31.588+0000] {processor.py:183} INFO - Processing /home/airflow/.local/lib/python3.8/site-packages/airflow/example_dags/example_branch_operator.py took 0.096 seconds
[2026-04-09T09:15:01.947+0000] {processor.py:161} INFO - Started process (PID=8489) to work on /home/airflow/.local/lib/python3.8/site-packages/airflow/example_dags/example_branch_operator.py
[2026-04-09T09:15:01.948+0000] {processor.py:830} INFO - Processing file /home/airflow/.local/lib/python3.8/site-packages/airflow/example_dags/example_branch_operator.py for tasks to queue
[2026-04-09T09:15:01.951+0000] {logging_mixin.py:188} INFO - [2026-04-09T09:15:01.950+0000] {dagbag.py:538} INFO - Filling up the DagBag from /home/airflow/.local/lib/python3.8/site-packages/airflow/example_dags/example_branch_operator.py
[2026-04-09T09:15:01.971+0000] {processor.py:840} INFO - DAG(s) 'example_branch_operator' retrieved from /home/airflow/.local/lib/python3.8/site-packages/airflow/example_dags/example_branch_operator.py
[2026-04-09T09:15:02.032+0000] {logging_mixin.py:188} INFO - [2026-04-09T09:15:02.031+0000] {dag.py:3033} INFO - Sync 1 DAGs
[2026-04-09T09:15:02.056+0000] {logging_mixin.py:188} INFO - [2026-04-09T09:15:02.056+0000] {dag.py:3820} INFO - Setting next_dagrun for example_branch_operator to 2026-04-08T00:00:00+00:00, run_after=2026-04-09T00:00:00+00:00
[2026-04-09T09:15:02.073+0000] {processor.py:183} INFO - Processing /home/airflow/.local/lib/python3.8/site-packages/airflow/example_dags/example_branch_operator.py took 0.130 seconds
[2026-04-09T09:15:32.415+0000] {processor.py:161} INFO - Started process (PID=8549) to work on /home/airflow/.local/lib/python3.8/site-packages/airflow/example_dags/example_branch_operator.py
[2026-04-09T09:15:32.416+0000] {processor.py:830} INFO - Processing file /home/airflow/.local/lib/python3.8/site-packages/airflow/example_dags/example_branch_operator.py for tasks to queue
[2026-04-09T09:15:32.418+0000] {logging_mixin.py:188} INFO - [2026-04-09T09:15:32.418+0000] {dagbag.py:538} INFO - Filling up the DagBag from /home/airflow/.local/lib/python3.8/site-packages/airflow/example_dags/example_branch_operator.py
[2026-04-09T09:15:32.439+0000] {processor.py:840} INFO - DAG(s) 'example_branch_operator' retrieved from /home/airflow/.local/lib/python3.8/site-packages/airflow/example_dags/example_branch_operator.py
[2026-04-09T09:15:32.474+0000] {logging_mixin.py:188} INFO - [2026-04-09T09:15:32.474+0000] {dag.py:3033} INFO - Sync 1 DAGs
[2026-04-09T09:15:32.502+0000] {logging_mixin.py:188} INFO - [2026-04-09T09:15:32.501+0000] {dag.py:3820} INFO - Setting next_dagrun for example_branch_operator to 2026-04-08T00:00:00+00:00, run_after=2026-04-09T00:00:00+00:00
[2026-04-09T09:15:32.520+0000] {processor.py:183} INFO - Processing /home/airflow/.local/lib/python3.8/site-packages/airflow/example_dags/example_branch_operator.py took 0.109 seconds
[2026-04-09T09:16:02.846+0000] {processor.py:161} INFO - Started process (PID=8610) to work on /home/airflow/.local/lib/python3.8/site-packages/airflow/example_dags/example_branch_operator.py
[2026-04-09T09:16:02.847+0000] {processor.py:830} INFO - Processing file /home/airflow/.local/lib/python3.8/site-packages/airflow/example_dags/example_branch_operator.py for tasks to queue
[2026-04-09T09:16:02.851+0000] {logging_mixin.py:188} INFO - [2026-04-09T09:16:02.851+0000] {dagbag.py:538} INFO - Filling up the DagBag from /home/airflow/.local/lib/python3.8/site-packages/airflow/example_dags/example_branch_operator.py
[2026-04-09T09:16:02.907+0000] {processor.py:840} INFO - DAG(s) 'example_branch_operator' retrieved from /home/airflow/.local/lib/python3.8/site-packages/airflow/example_dags/example_branch_operator.py
[2026-04-09T09:16:02.966+0000] {logging_mixin.py:188} INFO - [2026-04-09T09:16:02.966+0000] {dag.py:3033} INFO - Sync 1 DAGs
[2026-04-09T09:16:03.010+0000] {logging_mixin.py:188} INFO - [2026-04-09T09:16:03.009+0000] {dag.py:3820} INFO - Setting next_dagrun for example_branch_operator to 2026-04-08T00:00:00+00:00, run_after=2026-04-09T00:00:00+00:00
[2026-04-09T09:16:03.056+0000] {processor.py:183} INFO - Processing /home/airflow/.local/lib/python3.8/site-packages/airflow/example_dags/example_branch_operator.py took 0.220 seconds
[2026-04-09T09:16:34.065+0000] {processor.py:161} INFO - Started process (PID=8672) to work on /home/airflow/.local/lib/python3.8/site-packages/airflow/example_dags/example_branch_operator.py
[2026-04-09T09:16:34.066+0000] {processor.py:830} INFO - Processing file /home/airflow/.local/lib/python3.8/site-packages/airflow/example_dags/example_branch_operator.py for tasks to queue
[2026-04-09T09:16:34.068+0000] {logging_mixin.py:188} INFO - [2026-04-09T09:16:34.068+0000] {dagbag.py:538} INFO - Filling up the DagBag from /home/airflow/.local/lib/python3.8/site-packages/airflow/example_dags/example_branch_operator.py
[2026-04-09T09:16:34.093+0000] {processor.py:840} INFO - DAG(s) 'example_branch_operator' retrieved from /home/airflow/.local/lib/python3.8/site-packages/airflow/example_dags/example_branch_operator.py
[2026-04-09T09:16:34.123+0000] {logging_mixin.py:188} INFO - [2026-04-09T09:16:34.123+0000] {dag.py:3033} INFO - Sync 1 DAGs
[2026-04-09T09:16:34.153+0000] {logging_mixin.py:188} INFO - [2026-04-09T09:16:34.153+0000] {dag.py:3820} INFO - Setting next_dagrun for example_branch_operator to 2026-04-08T00:00:00+00:00, run_after=2026-04-09T00:00:00+00:00
[2026-04-09T09:16:34.171+0000] {processor.py:183} INFO - Processing /home/airflow/.local/lib/python3.8/site-packages/airflow/example_dags/example_branch_operator.py took 0.109 seconds
[2026-04-09T09:17:04.660+0000] {processor.py:161} INFO - Started process (PID=8733) to work on /home/airflow/.local/lib/python3.8/site-packages/airflow/example_dags/example_branch_operator.py
[2026-04-09T09:17:04.661+0000] {processor.py:830} INFO - Processing file /home/airflow/.local/lib/python3.8/site-packages/airflow/example_dags/example_branch_operator.py for tasks to queue
[2026-04-09T09:17:04.664+0000] {logging_mixin.py:188} INFO - [2026-04-09T09:17:04.663+0000] {dagbag.py:538} INFO - Filling up the DagBag from /home/airflow/.local/lib/python3.8/site-packages/airflow/example_dags/example_branch_operator.py
[2026-04-09T09:17:04.686+0000] {processor.py:840} INFO - DAG(s) 'example_branch_operator' retrieved from /home/airflow/.local/lib/python3.8/site-packages/airflow/example_dags/example_branch_operator.py
[2026-04-09T09:17:04.721+0000] {logging_mixin.py:188} INFO - [2026-04-09T09:17:04.721+0000] {dag.py:3033} INFO - Sync 1 DAGs
[2026-04-09T09:17:04.749+0000] {logging_mixin.py:188} INFO - [2026-04-09T09:17:04.749+0000] {dag.py:3820} INFO - Setting next_dagrun for example_branch_operator to 2026-04-08T00:00:00+00:00, run_after=2026-04-09T00:00:00+00:00
[2026-04-09T09:17:04.768+0000] {processor.py:183} INFO - Processing /home/airflow/.local/lib/python3.8/site-packages/airflow/example_dags/example_branch_operator.py took 0.112 seconds
[2026-04-09T09:17:34.951+0000] {processor.py:161} INFO - Started process (PID=8793) to work on /home/airflow/.local/lib/python3.8/site-packages/airflow/example_dags/example_branch_operator.py
[2026-04-09T09:17:34.952+0000] {processor.py:830} INFO - Processing file /home/airflow/.local/lib/python3.8/site-packages/airflow/example_dags/example_branch_operator.py for tasks to queue
[2026-04-09T09:17:34.954+0000] {logging_mixin.py:188} INFO - [2026-04-09T09:17:34.954+0000] {dagbag.py:538} INFO - Filling up the DagBag from /home/airflow/.local/lib/python3.8/site-packages/airflow/example_dags/example_branch_operator.py
[2026-04-09T09:17:34.974+0000] {processor.py:840} INFO - DAG(s) 'example_branch_operator' retrieved from /home/airflow/.local/lib/python3.8/site-packages/airflow/example_dags/example_branch_operator.py
[2026-04-09T09:17:35.006+0000] {logging_mixin.py:188} INFO - [2026-04-09T09:17:35.006+0000] {dag.py:3033} INFO - Sync 1 DAGs
[2026-04-09T09:17:35.033+0000] {logging_mixin.py:188} INFO - [2026-04-09T09:17:35.033+0000] {dag.py:3820} INFO - Setting next_dagrun for example_branch_operator to 2026-04-08T00:00:00+00:00, run_after=2026-04-09T00:00:00+00:00
[2026-04-09T09:17:35.052+0000] {processor.py:183} INFO - Processing /home/airflow/.local/lib/python3.8/site-packages/airflow/example_dags/example_branch_operator.py took 0.105 seconds
[2026-04-09T09:18:05.584+0000] {processor.py:161} INFO - Started process (PID=8853) to work on /home/airflow/.local/lib/python3.8/site-packages/airflow/example_dags/example_branch_operator.py
[2026-04-09T09:18:05.585+0000] {processor.py:830} INFO - Processing file /home/airflow/.local/lib/python3.8/site-packages/airflow/example_dags/example_branch_operator.py for tasks to queue
[2026-04-09T09:18:05.587+0000] {logging_mixin.py:188} INFO - [2026-04-09T09:18:05.587+0000] {dagbag.py:538} INFO - Filling up the DagBag from /home/airflow/.local/lib/python3.8/site-packages/airflow/example_dags/example_branch_operator.py
[2026-04-09T09:18:05.610+0000] {processor.py:840} INFO - DAG(s) 'example_branch_operator' retrieved from /home/airflow/.local/lib/python3.8/site-packages/airflow/example_dags/example_branch_operator.py
[2026-04-09T09:18:05.641+0000] {logging_mixin.py:188} INFO - [2026-04-09T09:18:05.641+0000] {dag.py:3033} INFO - Sync 1 DAGs
[2026-04-09T09:18:05.667+0000] {logging_mixin.py:188} INFO - [2026-04-09T09:18:05.667+0000] {dag.py:3820} INFO - Setting next_dagrun for example_branch_operator to 2026-04-08T00:00:00+00:00, run_after=2026-04-09T00:00:00+00:00
[2026-04-09T09:18:05.687+0000] {processor.py:183} INFO - Processing /home/airflow/.local/lib/python3.8/site-packages/airflow/example_dags/example_branch_operator.py took 0.107 seconds
[2026-04-09T09:18:35.862+0000] {processor.py:161} INFO - Started process (PID=8913) to work on /home/airflow/.local/lib/python3.8/site-packages/airflow/example_dags/example_branch_operator.py
[2026-04-09T09:18:35.862+0000] {processor.py:830} INFO - Processing file /home/airflow/.local/lib/python3.8/site-packages/airflow/example_dags/example_branch_operator.py for tasks to queue
[2026-04-09T09:18:35.874+0000] {logging_mixin.py:188} INFO - [2026-04-09T09:18:35.874+0000] {dagbag.py:538} INFO - Filling up the DagBag from /home/airflow/.local/lib/python3.8/site-packages/airflow/example_dags/example_branch_operator.py
[2026-04-09T09:18:35.912+0000] {processor.py:840} INFO - DAG(s) 'example_branch_operator' retrieved from /home/airflow/.local/lib/python3.8/site-packages/airflow/example_dags/example_branch_operator.py
[2026-04-09T09:18:35.951+0000] {logging_mixin.py:188} INFO - [2026-04-09T09:18:35.951+0000] {dag.py:3033} INFO - Sync 1 DAGs
[2026-04-09T09:18:35.985+0000] {logging_mixin.py:188} INFO - [2026-04-09T09:18:35.985+0000] {dag.py:3820} INFO - Setting next_dagrun for example_branch_operator to 2026-04-08T00:00:00+00:00, run_after=2026-04-09T00:00:00+00:00
[2026-04-09T09:18:36.004+0000] {processor.py:183} INFO - Processing /home/airflow/.local/lib/python3.8/site-packages/airflow/example_dags/example_branch_operator.py took 0.146 seconds
[2026-04-09T09:19:06.662+0000] {processor.py:161} INFO - Started process (PID=8974) to work on /home/airflow/.local/lib/python3.8/site-packages/airflow/example_dags/example_branch_operator.py
[2026-04-09T09:19:06.663+0000] {processor.py:830} INFO - Processing file /home/airflow/.local/lib/python3.8/site-packages/airflow/example_dags/example_branch_operator.py for tasks to queue
[2026-04-09T09:19:06.665+0000] {logging_mixin.py:188} INFO - [2026-04-09T09:19:06.665+0000] {dagbag.py:538} INFO - Filling up the DagBag from /home/airflow/.local/lib/python3.8/site-packages/airflow/example_dags/example_branch_operator.py
[2026-04-09T09:19:06.685+0000] {processor.py:840} INFO - DAG(s) 'example_branch_operator' retrieved from /home/airflow/.local/lib/python3.8/site-packages/airflow/example_dags/example_branch_operator.py
[2026-04-09T09:19:06.716+0000] {logging_mixin.py:188} INFO - [2026-04-09T09:19:06.715+0000] {dag.py:3033} INFO - Sync 1 DAGs
[2026-04-09T09:19:06.741+0000] {logging_mixin.py:188} INFO - [2026-04-09T09:19:06.741+0000] {dag.py:3820} INFO - Setting next_dagrun for example_branch_operator to 2026-04-08T00:00:00+00:00, run_after=2026-04-09T00:00:00+00:00
[2026-04-09T09:19:06.758+0000] {processor.py:183} INFO - Processing /home/airflow/.local/lib/python3.8/site-packages/airflow/example_dags/example_branch_operator.py took 0.099 seconds
[2026-04-09T09:19:37.589+0000] {processor.py:161} INFO - Started process (PID=9035) to work on /home/airflow/.local/lib/python3.8/site-packages/airflow/example_dags/example_branch_operator.py
[2026-04-09T09:19:37.591+0000] {processor.py:830} INFO - Processing file /home/airflow/.local/lib/python3.8/site-packages/airflow/example_dags/example_branch_operator.py for tasks to queue
[2026-04-09T09:19:37.594+0000] {logging_mixin.py:188} INFO - [2026-04-09T09:19:37.594+0000] {dagbag.py:538} INFO - Filling up the DagBag from /home/airflow/.local/lib/python3.8/site-packages/airflow/example_dags/example_branch_operator.py
[2026-04-09T09:19:37.616+0000] {processor.py:840} INFO - DAG(s) 'example_branch_operator' retrieved from /home/airflow/.local/lib/python3.8/site-packages/airflow/example_dags/example_branch_operator.py
[2026-04-09T09:19:37.678+0000] {logging_mixin.py:188} INFO - [2026-04-09T09:19:37.678+0000] {dag.py:3033} INFO - Sync 1 DAGs
[2026-04-09T09:19:37.721+0000] {logging_mixin.py:188} INFO - [2026-04-09T09:19:37.721+0000] {dag.py:3820} INFO - Setting next_dagrun for example_branch_operator to 2026-04-08T00:00:00+00:00, run_after=2026-04-09T00:00:00+00:00
[2026-04-09T09:19:37.790+0000] {processor.py:183} INFO - Processing /home/airflow/.local/lib/python3.8/site-packages/airflow/example_dags/example_branch_operator.py took 0.207 seconds
[2026-04-09T09:20:08.432+0000] {processor.py:161} INFO - Started process (PID=9096) to work on /home/airflow/.local/lib/python3.8/site-packages/airflow/example_dags/example_branch_operator.py
[2026-04-09T09:20:08.434+0000] {processor.py:830} INFO - Processing file /home/airflow/.local/lib/python3.8/site-packages/airflow/example_dags/example_branch_operator.py for tasks to queue
[2026-04-09T09:20:08.439+0000] {logging_mixin.py:188} INFO - [2026-04-09T09:20:08.439+0000] {dagbag.py:538} INFO - Filling up the DagBag from /home/airflow/.local/lib/python3.8/site-packages/airflow/example_dags/example_branch_operator.py
[2026-04-09T09:20:08.482+0000] {processor.py:840} INFO - DAG(s) 'example_branch_operator' retrieved from /home/airflow/.local/lib/python3.8/site-packages/airflow/example_dags/example_branch_operator.py
[2026-04-09T09:20:08.522+0000] {logging_mixin.py:188} INFO - [2026-04-09T09:20:08.522+0000] {dag.py:3033} INFO - Sync 1 DAGs
[2026-04-09T09:20:08.549+0000] {logging_mixin.py:188} INFO - [2026-04-09T09:20:08.548+0000] {dag.py:3820} INFO - Setting next_dagrun for example_branch_operator to 2026-04-08T00:00:00+00:00, run_after=2026-04-09T00:00:00+00:00
[2026-04-09T09:20:08.567+0000] {processor.py:183} INFO - Processing /home/airflow/.local/lib/python3.8/site-packages/airflow/example_dags/example_branch_operator.py took 0.142 seconds
[2026-04-09T09:20:39.133+0000] {processor.py:161} INFO - Started process (PID=9157) to work on /home/airflow/.local/lib/python3.8/site-packages/airflow/example_dags/example_branch_operator.py
[2026-04-09T09:20:39.134+0000] {processor.py:830} INFO - Processing file /home/airflow/.local/lib/python3.8/site-packages/airflow/example_dags/example_branch_operator.py for tasks to queue
[2026-04-09T09:20:39.136+0000] {logging_mixin.py:188} INFO - [2026-04-09T09:20:39.136+0000] {dagbag.py:538} INFO - Filling up the DagBag from /home/airflow/.local/lib/python3.8/site-packages/airflow/example_dags/example_branch_operator.py
[2026-04-09T09:20:39.156+0000] {processor.py:840} INFO - DAG(s) 'example_branch_operator' retrieved from /home/airflow/.local/lib/python3.8/site-packages/airflow/example_dags/example_branch_operator.py
[2026-04-09T09:20:39.186+0000] {logging_mixin.py:188} INFO - [2026-04-09T09:20:39.186+0000] {dag.py:3033} INFO - Sync 1 DAGs
[2026-04-09T09:20:39.212+0000] {logging_mixin.py:188} INFO - [2026-04-09T09:20:39.212+0000] {dag.py:3820} INFO - Setting next_dagrun for example_branch_operator to 2026-04-08T00:00:00+00:00, run_after=2026-04-09T00:00:00+00:00
[2026-04-09T09:20:39.228+0000] {processor.py:183} INFO - Processing /home/airflow/.local/lib/python3.8/site-packages/airflow/example_dags/example_branch_operator.py took 0.098 seconds
[2026-04-09T09:21:09.327+0000] {processor.py:161} INFO - Started process (PID=9218) to work on /home/airflow/.local/lib/python3.8/site-packages/airflow/example_dags/example_branch_operator.py
[2026-04-09T09:21:09.333+0000] {processor.py:830} INFO - Processing file /home/airflow/.local/lib/python3.8/site-packages/airflow/example_dags/example_branch_operator.py for tasks to queue
[2026-04-09T09:21:09.351+0000] {logging_mixin.py:188} INFO - [2026-04-09T09:21:09.350+0000] {dagbag.py:538} INFO - Filling up the DagBag from /home/airflow/.local/lib/python3.8/site-packages/airflow/example_dags/example_branch_operator.py
[2026-04-09T09:21:09.372+0000] {processor.py:840} INFO - DAG(s) 'example_branch_operator' retrieved from /home/airflow/.local/lib/python3.8/site-packages/airflow/example_dags/example_branch_operator.py
[2026-04-09T09:21:09.404+0000] {logging_mixin.py:188} INFO - [2026-04-09T09:21:09.403+0000] {dag.py:3033} INFO - Sync 1 DAGs
[2026-04-09T09:21:09.429+0000] {logging_mixin.py:188} INFO - [2026-04-09T09:21:09.428+0000] {dag.py:3820} INFO - Setting next_dagrun for example_branch_operator to 2026-04-08T00:00:00+00:00, run_after=2026-04-09T00:00:00+00:00
[2026-04-09T09:21:09.594+0000] {processor.py:183} INFO - Processing /home/airflow/.local/lib/python3.8/site-packages/airflow/example_dags/example_branch_operator.py took 0.275 seconds
[2026-04-09T09:21:40.098+0000] {processor.py:161} INFO - Started process (PID=9279) to work on /home/airflow/.local/lib/python3.8/site-packages/airflow/example_dags/example_branch_operator.py
[2026-04-09T09:21:40.099+0000] {processor.py:830} INFO - Processing file /home/airflow/.local/lib/python3.8/site-packages/airflow/example_dags/example_branch_operator.py for tasks to queue
[2026-04-09T09:21:40.101+0000] {logging_mixin.py:188} INFO - [2026-04-09T09:21:40.101+0000] {dagbag.py:538} INFO - Filling up the DagBag from /home/airflow/.local/lib/python3.8/site-packages/airflow/example_dags/example_branch_operator.py
[2026-04-09T09:21:40.121+0000] {processor.py:840} INFO - DAG(s) 'example_branch_operator' retrieved from /home/airflow/.local/lib/python3.8/site-packages/airflow/example_dags/example_branch_operator.py
[2026-04-09T09:21:40.151+0000] {logging_mixin.py:188} INFO - [2026-04-09T09:21:40.150+0000] {dag.py:3033} INFO - Sync 1 DAGs
[2026-04-09T09:21:40.349+0000] {logging_mixin.py:188} INFO - [2026-04-09T09:21:40.349+0000] {dag.py:3820} INFO - Setting next_dagrun for example_branch_operator to 2026-04-08T00:00:00+00:00, run_after=2026-04-09T00:00:00+00:00
[2026-04-09T09:21:40.366+0000] {processor.py:183} INFO - Processing /home/airflow/.local/lib/python3.8/site-packages/airflow/example_dags/example_branch_operator.py took 0.273 seconds
[2026-04-09T09:22:10.421+0000] {processor.py:161} INFO - Started process (PID=9340) to work on /home/airflow/.local/lib/python3.8/site-packages/airflow/example_dags/example_branch_operator.py
[2026-04-09T09:22:10.422+0000] {processor.py:830} INFO - Processing file /home/airflow/.local/lib/python3.8/site-packages/airflow/example_dags/example_branch_operator.py for tasks to queue
[2026-04-09T09:22:10.424+0000] {logging_mixin.py:188} INFO - [2026-04-09T09:22:10.424+0000] {dagbag.py:538} INFO - Filling up the DagBag from /home/airflow/.local/lib/python3.8/site-packages/airflow/example_dags/example_branch_operator.py
[2026-04-09T09:22:10.459+0000] {processor.py:840} INFO - DAG(s) 'example_branch_operator' retrieved from /home/airflow/.local/lib/python3.8/site-packages/airflow/example_dags/example_branch_operator.py
[2026-04-09T09:22:10.498+0000] {logging_mixin.py:188} INFO - [2026-04-09T09:22:10.498+0000] {dag.py:3033} INFO - Sync 1 DAGs
[2026-04-09T09:22:10.525+0000] {logging_mixin.py:188} INFO - [2026-04-09T09:22:10.525+0000] {dag.py:3820} INFO - Setting next_dagrun for example_branch_operator to 2026-04-08T00:00:00+00:00, run_after=2026-04-09T00:00:00+00:00
[2026-04-09T09:22:10.544+0000] {processor.py:183} INFO - Processing /home/airflow/.local/lib/python3.8/site-packages/airflow/example_dags/example_branch_operator.py took 0.126 seconds
[2026-04-09T09:22:41.487+0000] {processor.py:161} INFO - Started process (PID=9401) to work on /home/airflow/.local/lib/python3.8/site-packages/airflow/example_dags/example_branch_operator.py
[2026-04-09T09:22:41.488+0000] {processor.py:830} INFO - Processing file /home/airflow/.local/lib/python3.8/site-packages/airflow/example_dags/example_branch_operator.py for tasks to queue
[2026-04-09T09:22:41.491+0000] {logging_mixin.py:188} INFO - [2026-04-09T09:22:41.490+0000] {dagbag.py:538} INFO - Filling up the DagBag from /home/airflow/.local/lib/python3.8/site-packages/airflow/example_dags/example_branch_operator.py
[2026-04-09T09:22:41.512+0000] {processor.py:840} INFO - DAG(s) 'example_branch_operator' retrieved from /home/airflow/.local/lib/python3.8/site-packages/airflow/example_dags/example_branch_operator.py
[2026-04-09T09:22:41.544+0000] {logging_mixin.py:188} INFO - [2026-04-09T09:22:41.544+0000] {dag.py:3033} INFO - Sync 1 DAGs
[2026-04-09T09:22:41.571+0000] {logging_mixin.py:188} INFO - [2026-04-09T09:22:41.571+0000] {dag.py:3820} INFO - Setting next_dagrun for example_branch_operator to 2026-04-08T00:00:00+00:00, run_after=2026-04-09T00:00:00+00:00
[2026-04-09T09:22:41.749+0000] {processor.py:183} INFO - Processing /home/airflow/.local/lib/python3.8/site-packages/airflow/example_dags/example_branch_operator.py took 0.266 seconds
[2026-04-09T09:23:12.041+0000] {processor.py:161} INFO - Started process (PID=9462) to work on /home/airflow/.local/lib/python3.8/site-packages/airflow/example_dags/example_branch_operator.py
[2026-04-09T09:23:12.042+0000] {processor.py:830} INFO - Processing file /home/airflow/.local/lib/python3.8/site-packages/airflow/example_dags/example_branch_operator.py for tasks to queue
[2026-04-09T09:23:12.045+0000] {logging_mixin.py:188} INFO - [2026-04-09T09:23:12.044+0000] {dagbag.py:538} INFO - Filling up the DagBag from /home/airflow/.local/lib/python3.8/site-packages/airflow/example_dags/example_branch_operator.py
[2026-04-09T09:23:12.102+0000] {processor.py:840} INFO - DAG(s) 'example_branch_operator' retrieved from /home/airflow/.local/lib/python3.8/site-packages/airflow/example_dags/example_branch_operator.py
[2026-04-09T09:23:12.177+0000] {logging_mixin.py:188} INFO - [2026-04-09T09:23:12.176+0000] {dag.py:3033} INFO - Sync 1 DAGs
[2026-04-09T09:23:12.398+0000] {logging_mixin.py:188} INFO - [2026-04-09T09:23:12.397+0000] {dag.py:3820} INFO - Setting next_dagrun for example_branch_operator to 2026-04-08T00:00:00+00:00, run_after=2026-04-09T00:00:00+00:00
[2026-04-09T09:23:12.451+0000] {processor.py:183} INFO - Processing /home/airflow/.local/lib/python3.8/site-packages/airflow/example_dags/example_branch_operator.py took 0.413 seconds
[2026-04-09T09:23:42.702+0000] {processor.py:161} INFO - Started process (PID=9522) to work on /home/airflow/.local/lib/python3.8/site-packages/airflow/example_dags/example_branch_operator.py
[2026-04-09T09:23:42.703+0000] {processor.py:830} INFO - Processing file /home/airflow/.local/lib/python3.8/site-packages/airflow/example_dags/example_branch_operator.py for tasks to queue
[2026-04-09T09:23:42.704+0000] {logging_mixin.py:188} INFO - [2026-04-09T09:23:42.704+0000] {dagbag.py:538} INFO - Filling up the DagBag from /home/airflow/.local/lib/python3.8/site-packages/airflow/example_dags/example_branch_operator.py
[2026-04-09T09:23:42.719+0000] {processor.py:840} INFO - DAG(s) 'example_branch_operator' retrieved from /home/airflow/.local/lib/python3.8/site-packages/airflow/example_dags/example_branch_operator.py
[2026-04-09T09:23:42.741+0000] {logging_mixin.py:188} INFO - [2026-04-09T09:23:42.741+0000] {dag.py:3033} INFO - Sync 1 DAGs
[2026-04-09T09:23:42.761+0000] {logging_mixin.py:188} INFO - [2026-04-09T09:23:42.760+0000] {dag.py:3820} INFO - Setting next_dagrun for example_branch_operator to 2026-04-08T00:00:00+00:00, run_after=2026-04-09T00:00:00+00:00
[2026-04-09T09:23:42.776+0000] {processor.py:183} INFO - Processing /home/airflow/.local/lib/python3.8/site-packages/airflow/example_dags/example_branch_operator.py took 0.077 seconds
[2026-04-09T09:24:13.416+0000] {processor.py:161} INFO - Started process (PID=9583) to work on /home/airflow/.local/lib/python3.8/site-packages/airflow/example_dags/example_branch_operator.py
[2026-04-09T09:24:13.418+0000] {processor.py:830} INFO - Processing file /home/airflow/.local/lib/python3.8/site-packages/airflow/example_dags/example_branch_operator.py for tasks to queue
[2026-04-09T09:24:13.420+0000] {logging_mixin.py:188} INFO - [2026-04-09T09:24:13.420+0000] {dagbag.py:538} INFO - Filling up the DagBag from /home/airflow/.local/lib/python3.8/site-packages/airflow/example_dags/example_branch_operator.py
[2026-04-09T09:24:13.474+0000] {processor.py:840} INFO - DAG(s) 'example_branch_operator' retrieved from /home/airflow/.local/lib/python3.8/site-packages/airflow/example_dags/example_branch_operator.py
[2026-04-09T09:24:13.506+0000] {logging_mixin.py:188} INFO - [2026-04-09T09:24:13.506+0000] {dag.py:3033} INFO - Sync 1 DAGs
[2026-04-09T09:24:13.532+0000] {logging_mixin.py:188} INFO - [2026-04-09T09:24:13.532+0000] {dag.py:3820} INFO - Setting next_dagrun for example_branch_operator to 2026-04-08T00:00:00+00:00, run_after=2026-04-09T00:00:00+00:00
[2026-04-09T09:24:13.553+0000] {processor.py:183} INFO - Processing /home/airflow/.local/lib/python3.8/site-packages/airflow/example_dags/example_branch_operator.py took 0.141 seconds
[2026-04-09T09:24:44.620+0000] {processor.py:161} INFO - Started process (PID=9645) to work on /home/airflow/.local/lib/python3.8/site-packages/airflow/example_dags/example_branch_operator.py
[2026-04-09T09:24:44.621+0000] {processor.py:830} INFO - Processing file /home/airflow/.local/lib/python3.8/site-packages/airflow/example_dags/example_branch_operator.py for tasks to queue
[2026-04-09T09:24:44.623+0000] {logging_mixin.py:188} INFO - [2026-04-09T09:24:44.623+0000] {dagbag.py:538} INFO - Filling up the DagBag from /home/airflow/.local/lib/python3.8/site-packages/airflow/example_dags/example_branch_operator.py
[2026-04-09T09:24:44.664+0000] {processor.py:840} INFO - DAG(s) 'example_branch_operator' retrieved from /home/airflow/.local/lib/python3.8/site-packages/airflow/example_dags/example_branch_operator.py
[2026-04-09T09:24:44.699+0000] {logging_mixin.py:188} INFO - [2026-04-09T09:24:44.698+0000] {dag.py:3033} INFO - Sync 1 DAGs
[2026-04-09T09:24:44.726+0000] {logging_mixin.py:188} INFO - [2026-04-09T09:24:44.726+0000] {dag.py:3820} INFO - Setting next_dagrun for example_branch_operator to 2026-04-08T00:00:00+00:00, run_after=2026-04-09T00:00:00+00:00
[2026-04-09T09:24:44.747+0000] {processor.py:183} INFO - Processing /home/airflow/.local/lib/python3.8/site-packages/airflow/example_dags/example_branch_operator.py took 0.130 seconds
[2026-04-09T09:25:14.929+0000] {processor.py:161} INFO - Started process (PID=9706) to work on /home/airflow/.local/lib/python3.8/site-packages/airflow/example_dags/example_branch_operator.py
[2026-04-09T09:25:14.929+0000] {processor.py:830} INFO - Processing file /home/airflow/.local/lib/python3.8/site-packages/airflow/example_dags/example_branch_operator.py for tasks to queue
[2026-04-09T09:25:14.932+0000] {logging_mixin.py:188} INFO - [2026-04-09T09:25:14.931+0000] {dagbag.py:538} INFO - Filling up the DagBag from /home/airflow/.local/lib/python3.8/site-packages/airflow/example_dags/example_branch_operator.py
[2026-04-09T09:25:14.952+0000] {processor.py:840} INFO - DAG(s) 'example_branch_operator' retrieved from /home/airflow/.local/lib/python3.8/site-packages/airflow/example_dags/example_branch_operator.py
[2026-04-09T09:25:14.985+0000] {logging_mixin.py:188} INFO - [2026-04-09T09:25:14.985+0000] {dag.py:3033} INFO - Sync 1 DAGs
[2026-04-09T09:25:15.012+0000] {logging_mixin.py:188} INFO - [2026-04-09T09:25:15.011+0000] {dag.py:3820} INFO - Setting next_dagrun for example_branch_operator to 2026-04-08T00:00:00+00:00, run_after=2026-04-09T00:00:00+00:00
[2026-04-09T09:25:15.029+0000] {processor.py:183} INFO - Processing /home/airflow/.local/lib/python3.8/site-packages/airflow/example_dags/example_branch_operator.py took 0.104 seconds
[2026-04-09T09:25:45.765+0000] {processor.py:161} INFO - Started process (PID=9767) to work on /home/airflow/.local/lib/python3.8/site-packages/airflow/example_dags/example_branch_operator.py
[2026-04-09T09:25:45.766+0000] {processor.py:830} INFO - Processing file /home/airflow/.local/lib/python3.8/site-packages/airflow/example_dags/example_branch_operator.py for tasks to queue
[2026-04-09T09:25:45.768+0000] {logging_mixin.py:188} INFO - [2026-04-09T09:25:45.768+0000] {dagbag.py:538} INFO - Filling up the DagBag from /home/airflow/.local/lib/python3.8/site-packages/airflow/example_dags/example_branch_operator.py
[2026-04-09T09:25:45.789+0000] {processor.py:840} INFO - DAG(s) 'example_branch_operator' retrieved from /home/airflow/.local/lib/python3.8/site-packages/airflow/example_dags/example_branch_operator.py
[2026-04-09T09:25:45.818+0000] {logging_mixin.py:188} INFO - [2026-04-09T09:25:45.817+0000] {dag.py:3033} INFO - Sync 1 DAGs
[2026-04-09T09:25:45.842+0000] {logging_mixin.py:188} INFO - [2026-04-09T09:25:45.842+0000] {dag.py:3820} INFO - Setting next_dagrun for example_branch_operator to 2026-04-08T00:00:00+00:00, run_after=2026-04-09T00:00:00+00:00
[2026-04-09T09:25:45.859+0000] {processor.py:183} INFO - Processing /home/airflow/.local/lib/python3.8/site-packages/airflow/example_dags/example_branch_operator.py took 0.098 seconds
[2026-04-09T09:26:16.376+0000] {processor.py:161} INFO - Started process (PID=9834) to work on /home/airflow/.local/lib/python3.8/site-packages/airflow/example_dags/example_branch_operator.py
[2026-04-09T09:26:16.377+0000] {processor.py:830} INFO - Processing file /home/airflow/.local/lib/python3.8/site-packages/airflow/example_dags/example_branch_operator.py for tasks to queue
[2026-04-09T09:26:16.379+0000] {logging_mixin.py:188} INFO - [2026-04-09T09:26:16.379+0000] {dagbag.py:538} INFO - Filling up the DagBag from /home/airflow/.local/lib/python3.8/site-packages/airflow/example_dags/example_branch_operator.py
[2026-04-09T09:26:16.399+0000] {processor.py:840} INFO - DAG(s) 'example_branch_operator' retrieved from /home/airflow/.local/lib/python3.8/site-packages/airflow/example_dags/example_branch_operator.py
[2026-04-09T09:26:16.433+0000] {logging_mixin.py:188} INFO - [2026-04-09T09:26:16.433+0000] {dag.py:3033} INFO - Sync 1 DAGs
[2026-04-09T09:26:16.457+0000] {logging_mixin.py:188} INFO - [2026-04-09T09:26:16.457+0000] {dag.py:3820} INFO - Setting next_dagrun for example_branch_operator to 2026-04-08T00:00:00+00:00, run_after=2026-04-09T00:00:00+00:00
[2026-04-09T09:26:16.476+0000] {processor.py:183} INFO - Processing /home/airflow/.local/lib/python3.8/site-packages/airflow/example_dags/example_branch_operator.py took 0.104 seconds
[2026-04-09T09:26:47.051+0000] {processor.py:161} INFO - Started process (PID=9895) to work on /home/airflow/.local/lib/python3.8/site-packages/airflow/example_dags/example_branch_operator.py
[2026-04-09T09:26:47.052+0000] {processor.py:830} INFO - Processing file /home/airflow/.local/lib/python3.8/site-packages/airflow/example_dags/example_branch_operator.py for tasks to queue
[2026-04-09T09:26:47.055+0000] {logging_mixin.py:188} INFO - [2026-04-09T09:26:47.054+0000] {dagbag.py:538} INFO - Filling up the DagBag from /home/airflow/.local/lib/python3.8/site-packages/airflow/example_dags/example_branch_operator.py
[2026-04-09T09:26:47.074+0000] {processor.py:840} INFO - DAG(s) 'example_branch_operator' retrieved from /home/airflow/.local/lib/python3.8/site-packages/airflow/example_dags/example_branch_operator.py
[2026-04-09T09:26:47.113+0000] {logging_mixin.py:188} INFO - [2026-04-09T09:26:47.113+0000] {dag.py:3033} INFO - Sync 1 DAGs
[2026-04-09T09:26:47.158+0000] {logging_mixin.py:188} INFO - [2026-04-09T09:26:47.157+0000] {dag.py:3820} INFO - Setting next_dagrun for example_branch_operator to 2026-04-08T00:00:00+00:00, run_after=2026-04-09T00:00:00+00:00
[2026-04-09T09:26:47.177+0000] {processor.py:183} INFO - Processing /home/airflow/.local/lib/python3.8/site-packages/airflow/example_dags/example_branch_operator.py took 0.129 seconds
[2026-04-09T09:27:17.918+0000] {processor.py:161} INFO - Started process (PID=9956) to work on /home/airflow/.local/lib/python3.8/site-packages/airflow/example_dags/example_branch_operator.py
[2026-04-09T09:27:17.919+0000] {processor.py:830} INFO - Processing file /home/airflow/.local/lib/python3.8/site-packages/airflow/example_dags/example_branch_operator.py for tasks to queue
[2026-04-09T09:27:17.921+0000] {logging_mixin.py:188} INFO - [2026-04-09T09:27:17.921+0000] {dagbag.py:538} INFO - Filling up the DagBag from /home/airflow/.local/lib/python3.8/site-packages/airflow/example_dags/example_branch_operator.py
[2026-04-09T09:27:17.942+0000] {processor.py:840} INFO - DAG(s) 'example_branch_operator' retrieved from /home/airflow/.local/lib/python3.8/site-packages/airflow/example_dags/example_branch_operator.py
[2026-04-09T09:27:17.978+0000] {logging_mixin.py:188} INFO - [2026-04-09T09:27:17.977+0000] {dag.py:3033} INFO - Sync 1 DAGs
[2026-04-09T09:27:18.005+0000] {logging_mixin.py:188} INFO - [2026-04-09T09:27:18.005+0000] {dag.py:3820} INFO - Setting next_dagrun for example_branch_operator to 2026-04-08T00:00:00+00:00, run_after=2026-04-09T00:00:00+00:00
[2026-04-09T09:27:18.023+0000] {processor.py:183} INFO - Processing /home/airflow/.local/lib/python3.8/site-packages/airflow/example_dags/example_branch_operator.py took 0.109 seconds
[2026-04-09T09:27:48.747+0000] {processor.py:161} INFO - Started process (PID=10017) to work on /home/airflow/.local/lib/python3.8/site-packages/airflow/example_dags/example_branch_operator.py
[2026-04-09T09:27:48.750+0000] {processor.py:830} INFO - Processing file /home/airflow/.local/lib/python3.8/site-packages/airflow/example_dags/example_branch_operator.py for tasks to queue
[2026-04-09T09:27:48.754+0000] {logging_mixin.py:188} INFO - [2026-04-09T09:27:48.754+0000] {dagbag.py:538} INFO - Filling up the DagBag from /home/airflow/.local/lib/python3.8/site-packages/airflow/example_dags/example_branch_operator.py
[2026-04-09T09:27:48.776+0000] {processor.py:840} INFO - DAG(s) 'example_branch_operator' retrieved from /home/airflow/.local/lib/python3.8/site-packages/airflow/example_dags/example_branch_operator.py
[2026-04-09T09:27:48.838+0000] {logging_mixin.py:188} INFO - [2026-04-09T09:27:48.838+0000] {dag.py:3033} INFO - Sync 1 DAGs
[2026-04-09T09:27:48.873+0000] {logging_mixin.py:188} INFO - [2026-04-09T09:27:48.873+0000] {dag.py:3820} INFO - Setting next_dagrun for example_branch_operator to 2026-04-08T00:00:00+00:00, run_after=2026-04-09T00:00:00+00:00
[2026-04-09T09:27:48.905+0000] {processor.py:183} INFO - Processing /home/airflow/.local/lib/python3.8/site-packages/airflow/example_dags/example_branch_operator.py took 0.169 seconds
[2026-04-09T09:28:19.218+0000] {processor.py:161} INFO - Started process (PID=10077) to work on /home/airflow/.local/lib/python3.8/site-packages/airflow/example_dags/example_branch_operator.py
[2026-04-09T09:28:19.219+0000] {processor.py:830} INFO - Processing file /home/airflow/.local/lib/python3.8/site-packages/airflow/example_dags/example_branch_operator.py for tasks to queue
[2026-04-09T09:28:19.222+0000] {logging_mixin.py:188} INFO - [2026-04-09T09:28:19.221+0000] {dagbag.py:538} INFO - Filling up the DagBag from /home/airflow/.local/lib/python3.8/site-packages/airflow/example_dags/example_branch_operator.py
[2026-04-09T09:28:19.242+0000] {processor.py:840} INFO - DAG(s) 'example_branch_operator' retrieved from /home/airflow/.local/lib/python3.8/site-packages/airflow/example_dags/example_branch_operator.py
[2026-04-09T09:28:19.273+0000] {logging_mixin.py:188} INFO - [2026-04-09T09:28:19.273+0000] {dag.py:3033} INFO - Sync 1 DAGs
[2026-04-09T09:28:19.301+0000] {logging_mixin.py:188} INFO - [2026-04-09T09:28:19.300+0000] {dag.py:3820} INFO - Setting next_dagrun for example_branch_operator to 2026-04-08T00:00:00+00:00, run_after=2026-04-09T00:00:00+00:00
[2026-04-09T09:28:19.318+0000] {processor.py:183} INFO - Processing /home/airflow/.local/lib/python3.8/site-packages/airflow/example_dags/example_branch_operator.py took 0.103 seconds
[2026-04-09T09:28:49.742+0000] {processor.py:161} INFO - Started process (PID=10139) to work on /home/airflow/.local/lib/python3.8/site-packages/airflow/example_dags/example_branch_operator.py
[2026-04-09T09:28:49.745+0000] {processor.py:830} INFO - Processing file /home/airflow/.local/lib/python3.8/site-packages/airflow/example_dags/example_branch_operator.py for tasks to queue
[2026-04-09T09:28:49.749+0000] {logging_mixin.py:188} INFO - [2026-04-09T09:28:49.749+0000] {dagbag.py:538} INFO - Filling up the DagBag from /home/airflow/.local/lib/python3.8/site-packages/airflow/example_dags/example_branch_operator.py
[2026-04-09T09:28:49.807+0000] {processor.py:840} INFO - DAG(s) 'example_branch_operator' retrieved from /home/airflow/.local/lib/python3.8/site-packages/airflow/example_dags/example_branch_operator.py
[2026-04-09T09:28:49.906+0000] {logging_mixin.py:188} INFO - [2026-04-09T09:28:49.905+0000] {dag.py:3033} INFO - Sync 1 DAGs
[2026-04-09T09:28:49.966+0000] {logging_mixin.py:188} INFO - [2026-04-09T09:28:49.966+0000] {dag.py:3820} INFO - Setting next_dagrun for example_branch_operator to 2026-04-08T00:00:00+00:00, run_after=2026-04-09T00:00:00+00:00
[2026-04-09T09:28:50.024+0000] {processor.py:183} INFO - Processing /home/airflow/.local/lib/python3.8/site-packages/airflow/example_dags/example_branch_operator.py took 0.287 seconds
[2026-04-09T09:29:20.464+0000] {processor.py:161} INFO - Started process (PID=10200) to work on /home/airflow/.local/lib/python3.8/site-packages/airflow/example_dags/example_branch_operator.py
[2026-04-09T09:29:20.465+0000] {processor.py:830} INFO - Processing file /home/airflow/.local/lib/python3.8/site-packages/airflow/example_dags/example_branch_operator.py for tasks to queue
[2026-04-09T09:29:20.467+0000] {logging_mixin.py:188} INFO - [2026-04-09T09:29:20.467+0000] {dagbag.py:538} INFO - Filling up the DagBag from /home/airflow/.local/lib/python3.8/site-packages/airflow/example_dags/example_branch_operator.py
[2026-04-09T09:29:20.487+0000] {processor.py:840} INFO - DAG(s) 'example_branch_operator' retrieved from /home/airflow/.local/lib/python3.8/site-packages/airflow/example_dags/example_branch_operator.py
[2026-04-09T09:29:20.516+0000] {logging_mixin.py:188} INFO - [2026-04-09T09:29:20.516+0000] {dag.py:3033} INFO - Sync 1 DAGs
[2026-04-09T09:29:20.542+0000] {logging_mixin.py:188} INFO - [2026-04-09T09:29:20.541+0000] {dag.py:3820} INFO - Setting next_dagrun for example_branch_operator to 2026-04-08T00:00:00+00:00, run_after=2026-04-09T00:00:00+00:00
[2026-04-09T09:29:20.558+0000] {processor.py:183} INFO - Processing /home/airflow/.local/lib/python3.8/site-packages/airflow/example_dags/example_branch_operator.py took 0.097 seconds
[2026-04-09T09:29:50.639+0000] {processor.py:161} INFO - Started process (PID=10261) to work on /home/airflow/.local/lib/python3.8/site-packages/airflow/example_dags/example_branch_operator.py
[2026-04-09T09:29:50.639+0000] {processor.py:830} INFO - Processing file /home/airflow/.local/lib/python3.8/site-packages/airflow/example_dags/example_branch_operator.py for tasks to queue
[2026-04-09T09:29:50.642+0000] {logging_mixin.py:188} INFO - [2026-04-09T09:29:50.641+0000] {dagbag.py:538} INFO - Filling up the DagBag from /home/airflow/.local/lib/python3.8/site-packages/airflow/example_dags/example_branch_operator.py
[2026-04-09T09:29:50.662+0000] {processor.py:840} INFO - DAG(s) 'example_branch_operator' retrieved from /home/airflow/.local/lib/python3.8/site-packages/airflow/example_dags/example_branch_operator.py
[2026-04-09T09:29:50.693+0000] {logging_mixin.py:188} INFO - [2026-04-09T09:29:50.693+0000] {dag.py:3033} INFO - Sync 1 DAGs
[2026-04-09T09:29:50.720+0000] {logging_mixin.py:188} INFO - [2026-04-09T09:29:50.720+0000] {dag.py:3820} INFO - Setting next_dagrun for example_branch_operator to 2026-04-08T00:00:00+00:00, run_after=2026-04-09T00:00:00+00:00
[2026-04-09T09:29:50.738+0000] {processor.py:183} INFO - Processing /home/airflow/.local/lib/python3.8/site-packages/airflow/example_dags/example_branch_operator.py took 0.103 seconds
[2026-04-09T09:30:21.651+0000] {processor.py:161} INFO - Started process (PID=10323) to work on /home/airflow/.local/lib/python3.8/site-packages/airflow/example_dags/example_branch_operator.py
[2026-04-09T09:30:21.652+0000] {processor.py:830} INFO - Processing file /home/airflow/.local/lib/python3.8/site-packages/airflow/example_dags/example_branch_operator.py for tasks to queue
[2026-04-09T09:30:21.654+0000] {logging_mixin.py:188} INFO - [2026-04-09T09:30:21.654+0000] {dagbag.py:538} INFO - Filling up the DagBag from /home/airflow/.local/lib/python3.8/site-packages/airflow/example_dags/example_branch_operator.py
[2026-04-09T09:30:21.675+0000] {processor.py:840} INFO - DAG(s) 'example_branch_operator' retrieved from /home/airflow/.local/lib/python3.8/site-packages/airflow/example_dags/example_branch_operator.py
[2026-04-09T09:30:21.705+0000] {logging_mixin.py:188} INFO - [2026-04-09T09:30:21.705+0000] {dag.py:3033} INFO - Sync 1 DAGs
[2026-04-09T09:30:21.731+0000] {logging_mixin.py:188} INFO - [2026-04-09T09:30:21.731+0000] {dag.py:3820} INFO - Setting next_dagrun for example_branch_operator to 2026-04-08T00:00:00+00:00, run_after=2026-04-09T00:00:00+00:00
[2026-04-09T09:30:21.750+0000] {processor.py:183} INFO - Processing /home/airflow/.local/lib/python3.8/site-packages/airflow/example_dags/example_branch_operator.py took 0.102 seconds
[2026-04-09T09:30:51.961+0000] {processor.py:161} INFO - Started process (PID=10384) to work on /home/airflow/.local/lib/python3.8/site-packages/airflow/example_dags/example_branch_operator.py
[2026-04-09T09:30:51.962+0000] {processor.py:830} INFO - Processing file /home/airflow/.local/lib/python3.8/site-packages/airflow/example_dags/example_branch_operator.py for tasks to queue
[2026-04-09T09:30:51.964+0000] {logging_mixin.py:188} INFO - [2026-04-09T09:30:51.964+0000] {dagbag.py:538} INFO - Filling up the DagBag from /home/airflow/.local/lib/python3.8/site-packages/airflow/example_dags/example_branch_operator.py
[2026-04-09T09:30:51.984+0000] {processor.py:840} INFO - DAG(s) 'example_branch_operator' retrieved from /home/airflow/.local/lib/python3.8/site-packages/airflow/example_dags/example_branch_operator.py
[2026-04-09T09:30:52.015+0000] {logging_mixin.py:188} INFO - [2026-04-09T09:30:52.015+0000] {dag.py:3033} INFO - Sync 1 DAGs
[2026-04-09T09:30:52.040+0000] {logging_mixin.py:188} INFO - [2026-04-09T09:30:52.040+0000] {dag.py:3820} INFO - Setting next_dagrun for example_branch_operator to 2026-04-08T00:00:00+00:00, run_after=2026-04-09T00:00:00+00:00
[2026-04-09T09:30:52.057+0000] {processor.py:183} INFO - Processing /home/airflow/.local/lib/python3.8/site-packages/airflow/example_dags/example_branch_operator.py took 0.100 seconds
[2026-04-09T09:31:22.200+0000] {processor.py:161} INFO - Started process (PID=10445) to work on /home/airflow/.local/lib/python3.8/site-packages/airflow/example_dags/example_branch_operator.py
[2026-04-09T09:31:22.201+0000] {processor.py:830} INFO - Processing file /home/airflow/.local/lib/python3.8/site-packages/airflow/example_dags/example_branch_operator.py for tasks to queue
[2026-04-09T09:31:22.203+0000] {logging_mixin.py:188} INFO - [2026-04-09T09:31:22.203+0000] {dagbag.py:538} INFO - Filling up the DagBag from /home/airflow/.local/lib/python3.8/site-packages/airflow/example_dags/example_branch_operator.py
[2026-04-09T09:31:22.223+0000] {processor.py:840} INFO - DAG(s) 'example_branch_operator' retrieved from /home/airflow/.local/lib/python3.8/site-packages/airflow/example_dags/example_branch_operator.py
[2026-04-09T09:31:22.255+0000] {logging_mixin.py:188} INFO - [2026-04-09T09:31:22.255+0000] {dag.py:3033} INFO - Sync 1 DAGs
[2026-04-09T09:31:22.281+0000] {logging_mixin.py:188} INFO - [2026-04-09T09:31:22.281+0000] {dag.py:3820} INFO - Setting next_dagrun for example_branch_operator to 2026-04-08T00:00:00+00:00, run_after=2026-04-09T00:00:00+00:00
[2026-04-09T09:31:22.298+0000] {processor.py:183} INFO - Processing /home/airflow/.local/lib/python3.8/site-packages/airflow/example_dags/example_branch_operator.py took 0.102 seconds
[2026-04-09T09:31:53.284+0000] {processor.py:161} INFO - Started process (PID=10506) to work on /home/airflow/.local/lib/python3.8/site-packages/airflow/example_dags/example_branch_operator.py
[2026-04-09T09:31:53.285+0000] {processor.py:830} INFO - Processing file /home/airflow/.local/lib/python3.8/site-packages/airflow/example_dags/example_branch_operator.py for tasks to queue
[2026-04-09T09:31:53.287+0000] {logging_mixin.py:188} INFO - [2026-04-09T09:31:53.286+0000] {dagbag.py:538} INFO - Filling up the DagBag from /home/airflow/.local/lib/python3.8/site-packages/airflow/example_dags/example_branch_operator.py
[2026-04-09T09:31:53.306+0000] {processor.py:840} INFO - DAG(s) 'example_branch_operator' retrieved from /home/airflow/.local/lib/python3.8/site-packages/airflow/example_dags/example_branch_operator.py
[2026-04-09T09:31:53.354+0000] {logging_mixin.py:188} INFO - [2026-04-09T09:31:53.354+0000] {dag.py:3033} INFO - Sync 1 DAGs
[2026-04-09T09:31:53.417+0000] {logging_mixin.py:188} INFO - [2026-04-09T09:31:53.417+0000] {dag.py:3820} INFO - Setting next_dagrun for example_branch_operator to 2026-04-08T00:00:00+00:00, run_after=2026-04-09T00:00:00+00:00
[2026-04-09T09:31:53.435+0000] {processor.py:183} INFO - Processing /home/airflow/.local/lib/python3.8/site-packages/airflow/example_dags/example_branch_operator.py took 0.155 seconds
[2026-04-09T09:32:23.945+0000] {processor.py:161} INFO - Started process (PID=10567) to work on /home/airflow/.local/lib/python3.8/site-packages/airflow/example_dags/example_branch_operator.py
[2026-04-09T09:32:23.946+0000] {processor.py:830} INFO - Processing file /home/airflow/.local/lib/python3.8/site-packages/airflow/example_dags/example_branch_operator.py for tasks to queue
[2026-04-09T09:32:23.948+0000] {logging_mixin.py:188} INFO - [2026-04-09T09:32:23.947+0000] {dagbag.py:538} INFO - Filling up the DagBag from /home/airflow/.local/lib/python3.8/site-packages/airflow/example_dags/example_branch_operator.py
[2026-04-09T09:32:23.967+0000] {processor.py:840} INFO - DAG(s) 'example_branch_operator' retrieved from /home/airflow/.local/lib/python3.8/site-packages/airflow/example_dags/example_branch_operator.py
[2026-04-09T09:32:24.002+0000] {logging_mixin.py:188} INFO - [2026-04-09T09:32:24.002+0000] {dag.py:3033} INFO - Sync 1 DAGs
[2026-04-09T09:32:24.048+0000] {logging_mixin.py:188} INFO - [2026-04-09T09:32:24.048+0000] {dag.py:3820} INFO - Setting next_dagrun for example_branch_operator to 2026-04-08T00:00:00+00:00, run_after=2026-04-09T00:00:00+00:00
[2026-04-09T09:32:24.072+0000] {processor.py:183} INFO - Processing /home/airflow/.local/lib/python3.8/site-packages/airflow/example_dags/example_branch_operator.py took 0.131 seconds
[2026-04-09T09:32:54.167+0000] {processor.py:161} INFO - Started process (PID=10628) to work on /home/airflow/.local/lib/python3.8/site-packages/airflow/example_dags/example_branch_operator.py
[2026-04-09T09:32:54.168+0000] {processor.py:830} INFO - Processing file /home/airflow/.local/lib/python3.8/site-packages/airflow/example_dags/example_branch_operator.py for tasks to queue
[2026-04-09T09:32:54.170+0000] {logging_mixin.py:188} INFO - [2026-04-09T09:32:54.169+0000] {dagbag.py:538} INFO - Filling up the DagBag from /home/airflow/.local/lib/python3.8/site-packages/airflow/example_dags/example_branch_operator.py
[2026-04-09T09:32:54.238+0000] {processor.py:840} INFO - DAG(s) 'example_branch_operator' retrieved from /home/airflow/.local/lib/python3.8/site-packages/airflow/example_dags/example_branch_operator.py
[2026-04-09T09:32:54.342+0000] {logging_mixin.py:188} INFO - [2026-04-09T09:32:54.342+0000] {dag.py:3033} INFO - Sync 1 DAGs
[2026-04-09T09:32:54.369+0000] {logging_mixin.py:188} INFO - [2026-04-09T09:32:54.369+0000] {dag.py:3820} INFO - Setting next_dagrun for example_branch_operator to 2026-04-08T00:00:00+00:00, run_after=2026-04-09T00:00:00+00:00
[2026-04-09T09:32:54.397+0000] {processor.py:183} INFO - Processing /home/airflow/.local/lib/python3.8/site-packages/airflow/example_dags/example_branch_operator.py took 0.235 seconds
[2026-04-09T09:33:24.959+0000] {processor.py:161} INFO - Started process (PID=10689) to work on /home/airflow/.local/lib/python3.8/site-packages/airflow/example_dags/example_branch_operator.py
[2026-04-09T09:33:24.960+0000] {processor.py:830} INFO - Processing file /home/airflow/.local/lib/python3.8/site-packages/airflow/example_dags/example_branch_operator.py for tasks to queue
[2026-04-09T09:33:24.962+0000] {logging_mixin.py:188} INFO - [2026-04-09T09:33:24.962+0000] {dagbag.py:538} INFO - Filling up the DagBag from /home/airflow/.local/lib/python3.8/site-packages/airflow/example_dags/example_branch_operator.py
[2026-04-09T09:33:24.982+0000] {processor.py:840} INFO - DAG(s) 'example_branch_operator' retrieved from /home/airflow/.local/lib/python3.8/site-packages/airflow/example_dags/example_branch_operator.py
[2026-04-09T09:33:25.028+0000] {logging_mixin.py:188} INFO - [2026-04-09T09:33:25.027+0000] {dag.py:3033} INFO - Sync 1 DAGs
[2026-04-09T09:33:25.053+0000] {logging_mixin.py:188} INFO - [2026-04-09T09:33:25.053+0000] {dag.py:3820} INFO - Setting next_dagrun for example_branch_operator to 2026-04-08T00:00:00+00:00, run_after=2026-04-09T00:00:00+00:00
[2026-04-09T09:33:25.071+0000] {processor.py:183} INFO - Processing /home/airflow/.local/lib/python3.8/site-packages/airflow/example_dags/example_branch_operator.py took 0.116 seconds
[2026-04-09T09:33:55.415+0000] {processor.py:161} INFO - Started process (PID=10750) to work on /home/airflow/.local/lib/python3.8/site-packages/airflow/example_dags/example_branch_operator.py
[2026-04-09T09:33:55.416+0000] {processor.py:830} INFO - Processing file /home/airflow/.local/lib/python3.8/site-packages/airflow/example_dags/example_branch_operator.py for tasks to queue
[2026-04-09T09:33:55.418+0000] {logging_mixin.py:188} INFO - [2026-04-09T09:33:55.418+0000] {dagbag.py:538} INFO - Filling up the DagBag from /home/airflow/.local/lib/python3.8/site-packages/airflow/example_dags/example_branch_operator.py
[2026-04-09T09:33:55.439+0000] {processor.py:840} INFO - DAG(s) 'example_branch_operator' retrieved from /home/airflow/.local/lib/python3.8/site-packages/airflow/example_dags/example_branch_operator.py
[2026-04-09T09:33:55.469+0000] {logging_mixin.py:188} INFO - [2026-04-09T09:33:55.469+0000] {dag.py:3033} INFO - Sync 1 DAGs
[2026-04-09T09:33:55.497+0000] {logging_mixin.py:188} INFO - [2026-04-09T09:33:55.497+0000] {dag.py:3820} INFO - Setting next_dagrun for example_branch_operator to 2026-04-08T00:00:00+00:00, run_after=2026-04-09T00:00:00+00:00
[2026-04-09T09:33:55.516+0000] {processor.py:183} INFO - Processing /home/airflow/.local/lib/python3.8/site-packages/airflow/example_dags/example_branch_operator.py took 0.105 seconds
[2026-04-09T09:34:25.993+0000] {processor.py:161} INFO - Started process (PID=10811) to work on /home/airflow/.local/lib/python3.8/site-packages/airflow/example_dags/example_branch_operator.py
[2026-04-09T09:34:25.993+0000] {processor.py:830} INFO - Processing file /home/airflow/.local/lib/python3.8/site-packages/airflow/example_dags/example_branch_operator.py for tasks to queue
[2026-04-09T09:34:25.995+0000] {logging_mixin.py:188} INFO - [2026-04-09T09:34:25.995+0000] {dagbag.py:538} INFO - Filling up the DagBag from /home/airflow/.local/lib/python3.8/site-packages/airflow/example_dags/example_branch_operator.py
[2026-04-09T09:34:26.015+0000] {processor.py:840} INFO - DAG(s) 'example_branch_operator' retrieved from /home/airflow/.local/lib/python3.8/site-packages/airflow/example_dags/example_branch_operator.py
[2026-04-09T09:34:26.048+0000] {logging_mixin.py:188} INFO - [2026-04-09T09:34:26.048+0000] {dag.py:3033} INFO - Sync 1 DAGs
[2026-04-09T09:34:26.071+0000] {logging_mixin.py:188} INFO - [2026-04-09T09:34:26.070+0000] {dag.py:3820} INFO - Setting next_dagrun for example_branch_operator to 2026-04-08T00:00:00+00:00, run_after=2026-04-09T00:00:00+00:00
[2026-04-09T09:34:26.088+0000] {processor.py:183} INFO - Processing /home/airflow/.local/lib/python3.8/site-packages/airflow/example_dags/example_branch_operator.py took 0.099 seconds
[2026-04-09T09:34:56.267+0000] {processor.py:161} INFO - Started process (PID=10872) to work on /home/airflow/.local/lib/python3.8/site-packages/airflow/example_dags/example_branch_operator.py
[2026-04-09T09:34:56.268+0000] {processor.py:830} INFO - Processing file /home/airflow/.local/lib/python3.8/site-packages/airflow/example_dags/example_branch_operator.py for tasks to queue
[2026-04-09T09:34:56.271+0000] {logging_mixin.py:188} INFO - [2026-04-09T09:34:56.271+0000] {dagbag.py:538} INFO - Filling up the DagBag from /home/airflow/.local/lib/python3.8/site-packages/airflow/example_dags/example_branch_operator.py
[2026-04-09T09:34:56.291+0000] {processor.py:840} INFO - DAG(s) 'example_branch_operator' retrieved from /home/airflow/.local/lib/python3.8/site-packages/airflow/example_dags/example_branch_operator.py
[2026-04-09T09:34:56.323+0000] {logging_mixin.py:188} INFO - [2026-04-09T09:34:56.323+0000] {dag.py:3033} INFO - Sync 1 DAGs
[2026-04-09T09:34:56.347+0000] {logging_mixin.py:188} INFO - [2026-04-09T09:34:56.346+0000] {dag.py:3820} INFO - Setting next_dagrun for example_branch_operator to 2026-04-08T00:00:00+00:00, run_after=2026-04-09T00:00:00+00:00
[2026-04-09T09:34:56.365+0000] {processor.py:183} INFO - Processing /home/airflow/.local/lib/python3.8/site-packages/airflow/example_dags/example_branch_operator.py took 0.102 seconds
[2026-04-09T09:35:26.874+0000] {processor.py:161} INFO - Started process (PID=10933) to work on /home/airflow/.local/lib/python3.8/site-packages/airflow/example_dags/example_branch_operator.py
[2026-04-09T09:35:26.875+0000] {processor.py:830} INFO - Processing file /home/airflow/.local/lib/python3.8/site-packages/airflow/example_dags/example_branch_operator.py for tasks to queue
[2026-04-09T09:35:26.877+0000] {logging_mixin.py:188} INFO - [2026-04-09T09:35:26.877+0000] {dagbag.py:538} INFO - Filling up the DagBag from /home/airflow/.local/lib/python3.8/site-packages/airflow/example_dags/example_branch_operator.py
[2026-04-09T09:35:26.898+0000] {processor.py:840} INFO - DAG(s) 'example_branch_operator' retrieved from /home/airflow/.local/lib/python3.8/site-packages/airflow/example_dags/example_branch_operator.py
[2026-04-09T09:35:26.927+0000] {logging_mixin.py:188} INFO - [2026-04-09T09:35:26.926+0000] {dag.py:3033} INFO - Sync 1 DAGs
[2026-04-09T09:35:26.952+0000] {logging_mixin.py:188} INFO - [2026-04-09T09:35:26.952+0000] {dag.py:3820} INFO - Setting next_dagrun for example_branch_operator to 2026-04-08T00:00:00+00:00, run_after=2026-04-09T00:00:00+00:00
[2026-04-09T09:35:26.976+0000] {processor.py:183} INFO - Processing /home/airflow/.local/lib/python3.8/site-packages/airflow/example_dags/example_branch_operator.py took 0.106 seconds
[2026-04-09T09:35:57.271+0000] {processor.py:161} INFO - Started process (PID=10994) to work on /home/airflow/.local/lib/python3.8/site-packages/airflow/example_dags/example_branch_operator.py
[2026-04-09T09:35:57.272+0000] {processor.py:830} INFO - Processing file /home/airflow/.local/lib/python3.8/site-packages/airflow/example_dags/example_branch_operator.py for tasks to queue
[2026-04-09T09:35:57.274+0000] {logging_mixin.py:188} INFO - [2026-04-09T09:35:57.274+0000] {dagbag.py:538} INFO - Filling up the DagBag from /home/airflow/.local/lib/python3.8/site-packages/airflow/example_dags/example_branch_operator.py
[2026-04-09T09:35:57.295+0000] {processor.py:840} INFO - DAG(s) 'example_branch_operator' retrieved from /home/airflow/.local/lib/python3.8/site-packages/airflow/example_dags/example_branch_operator.py
[2026-04-09T09:35:57.324+0000] {logging_mixin.py:188} INFO - [2026-04-09T09:35:57.324+0000] {dag.py:3033} INFO - Sync 1 DAGs
[2026-04-09T09:35:57.351+0000] {logging_mixin.py:188} INFO - [2026-04-09T09:35:57.351+0000] {dag.py:3820} INFO - Setting next_dagrun for example_branch_operator to 2026-04-08T00:00:00+00:00, run_after=2026-04-09T00:00:00+00:00
[2026-04-09T09:35:57.368+0000] {processor.py:183} INFO - Processing /home/airflow/.local/lib/python3.8/site-packages/airflow/example_dags/example_branch_operator.py took 0.100 seconds
[2026-04-09T09:36:27.992+0000] {processor.py:161} INFO - Started process (PID=11055) to work on /home/airflow/.local/lib/python3.8/site-packages/airflow/example_dags/example_branch_operator.py
[2026-04-09T09:36:27.993+0000] {processor.py:830} INFO - Processing file /home/airflow/.local/lib/python3.8/site-packages/airflow/example_dags/example_branch_operator.py for tasks to queue
[2026-04-09T09:36:27.995+0000] {logging_mixin.py:188} INFO - [2026-04-09T09:36:27.995+0000] {dagbag.py:538} INFO - Filling up the DagBag from /home/airflow/.local/lib/python3.8/site-packages/airflow/example_dags/example_branch_operator.py
[2026-04-09T09:36:28.015+0000] {processor.py:840} INFO - DAG(s) 'example_branch_operator' retrieved from /home/airflow/.local/lib/python3.8/site-packages/airflow/example_dags/example_branch_operator.py
[2026-04-09T09:36:28.044+0000] {logging_mixin.py:188} INFO - [2026-04-09T09:36:28.044+0000] {dag.py:3033} INFO - Sync 1 DAGs
[2026-04-09T09:36:28.070+0000] {logging_mixin.py:188} INFO - [2026-04-09T09:36:28.069+0000] {dag.py:3820} INFO - Setting next_dagrun for example_branch_operator to 2026-04-08T00:00:00+00:00, run_after=2026-04-09T00:00:00+00:00
[2026-04-09T09:36:28.086+0000] {processor.py:183} INFO - Processing /home/airflow/.local/lib/python3.8/site-packages/airflow/example_dags/example_branch_operator.py took 0.097 seconds
[2026-04-09T09:36:58.385+0000] {processor.py:161} INFO - Started process (PID=11116) to work on /home/airflow/.local/lib/python3.8/site-packages/airflow/example_dags/example_branch_operator.py
[2026-04-09T09:36:58.395+0000] {processor.py:830} INFO - Processing file /home/airflow/.local/lib/python3.8/site-packages/airflow/example_dags/example_branch_operator.py for tasks to queue
[2026-04-09T09:36:58.414+0000] {logging_mixin.py:188} INFO - [2026-04-09T09:36:58.412+0000] {dagbag.py:538} INFO - Filling up the DagBag from /home/airflow/.local/lib/python3.8/site-packages/airflow/example_dags/example_branch_operator.py
[2026-04-09T09:36:58.529+0000] {processor.py:840} INFO - DAG(s) 'example_branch_operator' retrieved from /home/airflow/.local/lib/python3.8/site-packages/airflow/example_dags/example_branch_operator.py
[2026-04-09T09:36:58.658+0000] {logging_mixin.py:188} INFO - [2026-04-09T09:36:58.658+0000] {dag.py:3033} INFO - Sync 1 DAGs
[2026-04-09T09:36:58.803+0000] {logging_mixin.py:188} INFO - [2026-04-09T09:36:58.803+0000] {dag.py:3820} INFO - Setting next_dagrun for example_branch_operator to 2026-04-08T00:00:00+00:00, run_after=2026-04-09T00:00:00+00:00
[2026-04-09T09:36:58.898+0000] {processor.py:183} INFO - Processing /home/airflow/.local/lib/python3.8/site-packages/airflow/example_dags/example_branch_operator.py took 0.528 seconds
[2026-04-09T09:37:29.066+0000] {processor.py:161} INFO - Started process (PID=11176) to work on /home/airflow/.local/lib/python3.8/site-packages/airflow/example_dags/example_branch_operator.py
[2026-04-09T09:37:29.069+0000] {processor.py:830} INFO - Processing file /home/airflow/.local/lib/python3.8/site-packages/airflow/example_dags/example_branch_operator.py for tasks to queue
[2026-04-09T09:37:29.073+0000] {logging_mixin.py:188} INFO - [2026-04-09T09:37:29.073+0000] {dagbag.py:538} INFO - Filling up the DagBag from /home/airflow/.local/lib/python3.8/site-packages/airflow/example_dags/example_branch_operator.py
[2026-04-09T09:37:29.096+0000] {processor.py:840} INFO - DAG(s) 'example_branch_operator' retrieved from /home/airflow/.local/lib/python3.8/site-packages/airflow/example_dags/example_branch_operator.py
[2026-04-09T09:37:29.128+0000] {logging_mixin.py:188} INFO - [2026-04-09T09:37:29.127+0000] {dag.py:3033} INFO - Sync 1 DAGs
[2026-04-09T09:37:29.154+0000] {logging_mixin.py:188} INFO - [2026-04-09T09:37:29.154+0000] {dag.py:3820} INFO - Setting next_dagrun for example_branch_operator to 2026-04-08T00:00:00+00:00, run_after=2026-04-09T00:00:00+00:00
[2026-04-09T09:37:29.173+0000] {processor.py:183} INFO - Processing /home/airflow/.local/lib/python3.8/site-packages/airflow/example_dags/example_branch_operator.py took 0.110 seconds
[2026-04-09T09:37:59.308+0000] {processor.py:161} INFO - Started process (PID=11237) to work on /home/airflow/.local/lib/python3.8/site-packages/airflow/example_dags/example_branch_operator.py
[2026-04-09T09:37:59.309+0000] {processor.py:830} INFO - Processing file /home/airflow/.local/lib/python3.8/site-packages/airflow/example_dags/example_branch_operator.py for tasks to queue
[2026-04-09T09:37:59.311+0000] {logging_mixin.py:188} INFO - [2026-04-09T09:37:59.311+0000] {dagbag.py:538} INFO - Filling up the DagBag from /home/airflow/.local/lib/python3.8/site-packages/airflow/example_dags/example_branch_operator.py
[2026-04-09T09:37:59.336+0000] {processor.py:840} INFO - DAG(s) 'example_branch_operator' retrieved from /home/airflow/.local/lib/python3.8/site-packages/airflow/example_dags/example_branch_operator.py
[2026-04-09T09:37:59.402+0000] {logging_mixin.py:188} INFO - [2026-04-09T09:37:59.402+0000] {dag.py:3033} INFO - Sync 1 DAGs
[2026-04-09T09:37:59.433+0000] {logging_mixin.py:188} INFO - [2026-04-09T09:37:59.432+0000] {dag.py:3820} INFO - Setting next_dagrun for example_branch_operator to 2026-04-08T00:00:00+00:00, run_after=2026-04-09T00:00:00+00:00
[2026-04-09T09:37:59.450+0000] {processor.py:183} INFO - Processing /home/airflow/.local/lib/python3.8/site-packages/airflow/example_dags/example_branch_operator.py took 0.145 seconds
[2026-04-09T09:38:29.592+0000] {processor.py:161} INFO - Started process (PID=11298) to work on /home/airflow/.local/lib/python3.8/site-packages/airflow/example_dags/example_branch_operator.py
[2026-04-09T09:38:29.592+0000] {processor.py:830} INFO - Processing file /home/airflow/.local/lib/python3.8/site-packages/airflow/example_dags/example_branch_operator.py for tasks to queue
[2026-04-09T09:38:29.595+0000] {logging_mixin.py:188} INFO - [2026-04-09T09:38:29.594+0000] {dagbag.py:538} INFO - Filling up the DagBag from /home/airflow/.local/lib/python3.8/site-packages/airflow/example_dags/example_branch_operator.py
[2026-04-09T09:38:29.616+0000] {processor.py:840} INFO - DAG(s) 'example_branch_operator' retrieved from /home/airflow/.local/lib/python3.8/site-packages/airflow/example_dags/example_branch_operator.py
[2026-04-09T09:38:29.648+0000] {logging_mixin.py:188} INFO - [2026-04-09T09:38:29.647+0000] {dag.py:3033} INFO - Sync 1 DAGs
[2026-04-09T09:38:29.674+0000] {logging_mixin.py:188} INFO - [2026-04-09T09:38:29.673+0000] {dag.py:3820} INFO - Setting next_dagrun for example_branch_operator to 2026-04-08T00:00:00+00:00, run_after=2026-04-09T00:00:00+00:00
[2026-04-09T09:38:29.692+0000] {processor.py:183} INFO - Processing /home/airflow/.local/lib/python3.8/site-packages/airflow/example_dags/example_branch_operator.py took 0.106 seconds
[2026-04-09T09:38:59.854+0000] {processor.py:161} INFO - Started process (PID=11359) to work on /home/airflow/.local/lib/python3.8/site-packages/airflow/example_dags/example_branch_operator.py
[2026-04-09T09:38:59.856+0000] {processor.py:830} INFO - Processing file /home/airflow/.local/lib/python3.8/site-packages/airflow/example_dags/example_branch_operator.py for tasks to queue
[2026-04-09T09:38:59.858+0000] {logging_mixin.py:188} INFO - [2026-04-09T09:38:59.858+0000] {dagbag.py:538} INFO - Filling up the DagBag from /home/airflow/.local/lib/python3.8/site-packages/airflow/example_dags/example_branch_operator.py
[2026-04-09T09:38:59.879+0000] {processor.py:840} INFO - DAG(s) 'example_branch_operator' retrieved from /home/airflow/.local/lib/python3.8/site-packages/airflow/example_dags/example_branch_operator.py
[2026-04-09T09:38:59.911+0000] {logging_mixin.py:188} INFO - [2026-04-09T09:38:59.911+0000] {dag.py:3033} INFO - Sync 1 DAGs
[2026-04-09T09:38:59.938+0000] {logging_mixin.py:188} INFO - [2026-04-09T09:38:59.937+0000] {dag.py:3820} INFO - Setting next_dagrun for example_branch_operator to 2026-04-08T00:00:00+00:00, run_after=2026-04-09T00:00:00+00:00
[2026-04-09T09:38:59.954+0000] {processor.py:183} INFO - Processing /home/airflow/.local/lib/python3.8/site-packages/airflow/example_dags/example_branch_operator.py took 0.106 seconds
[2026-04-09T09:39:30.075+0000] {processor.py:161} INFO - Started process (PID=11420) to work on /home/airflow/.local/lib/python3.8/site-packages/airflow/example_dags/example_branch_operator.py
[2026-04-09T09:39:30.077+0000] {processor.py:830} INFO - Processing file /home/airflow/.local/lib/python3.8/site-packages/airflow/example_dags/example_branch_operator.py for tasks to queue
[2026-04-09T09:39:30.079+0000] {logging_mixin.py:188} INFO - [2026-04-09T09:39:30.079+0000] {dagbag.py:538} INFO - Filling up the DagBag from /home/airflow/.local/lib/python3.8/site-packages/airflow/example_dags/example_branch_operator.py
[2026-04-09T09:39:30.099+0000] {processor.py:840} INFO - DAG(s) 'example_branch_operator' retrieved from /home/airflow/.local/lib/python3.8/site-packages/airflow/example_dags/example_branch_operator.py
[2026-04-09T09:39:30.131+0000] {logging_mixin.py:188} INFO - [2026-04-09T09:39:30.131+0000] {dag.py:3033} INFO - Sync 1 DAGs
[2026-04-09T09:39:30.157+0000] {logging_mixin.py:188} INFO - [2026-04-09T09:39:30.156+0000] {dag.py:3820} INFO - Setting next_dagrun for example_branch_operator to 2026-04-08T00:00:00+00:00, run_after=2026-04-09T00:00:00+00:00
[2026-04-09T09:39:30.174+0000] {processor.py:183} INFO - Processing /home/airflow/.local/lib/python3.8/site-packages/airflow/example_dags/example_branch_operator.py took 0.106 seconds
[2026-04-09T09:40:00.227+0000] {processor.py:161} INFO - Started process (PID=11481) to work on /home/airflow/.local/lib/python3.8/site-packages/airflow/example_dags/example_branch_operator.py
[2026-04-09T09:40:00.230+0000] {processor.py:830} INFO - Processing file /home/airflow/.local/lib/python3.8/site-packages/airflow/example_dags/example_branch_operator.py for tasks to queue
[2026-04-09T09:40:00.233+0000] {logging_mixin.py:188} INFO - [2026-04-09T09:40:00.233+0000] {dagbag.py:538} INFO - Filling up the DagBag from /home/airflow/.local/lib/python3.8/site-packages/airflow/example_dags/example_branch_operator.py
[2026-04-09T09:40:00.256+0000] {processor.py:840} INFO - DAG(s) 'example_branch_operator' retrieved from /home/airflow/.local/lib/python3.8/site-packages/airflow/example_dags/example_branch_operator.py
[2026-04-09T09:40:00.288+0000] {logging_mixin.py:188} INFO - [2026-04-09T09:40:00.288+0000] {dag.py:3033} INFO - Sync 1 DAGs
[2026-04-09T09:40:00.316+0000] {logging_mixin.py:188} INFO - [2026-04-09T09:40:00.315+0000] {dag.py:3820} INFO - Setting next_dagrun for example_branch_operator to 2026-04-08T00:00:00+00:00, run_after=2026-04-09T00:00:00+00:00
[2026-04-09T09:40:00.333+0000] {processor.py:183} INFO - Processing /home/airflow/.local/lib/python3.8/site-packages/airflow/example_dags/example_branch_operator.py took 0.109 seconds
[2026-04-09T09:40:30.935+0000] {processor.py:161} INFO - Started process (PID=11543) to work on /home/airflow/.local/lib/python3.8/site-packages/airflow/example_dags/example_branch_operator.py
[2026-04-09T09:40:30.936+0000] {processor.py:830} INFO - Processing file /home/airflow/.local/lib/python3.8/site-packages/airflow/example_dags/example_branch_operator.py for tasks to queue
[2026-04-09T09:40:30.938+0000] {logging_mixin.py:188} INFO - [2026-04-09T09:40:30.937+0000] {dagbag.py:538} INFO - Filling up the DagBag from /home/airflow/.local/lib/python3.8/site-packages/airflow/example_dags/example_branch_operator.py
[2026-04-09T09:40:30.958+0000] {processor.py:840} INFO - DAG(s) 'example_branch_operator' retrieved from /home/airflow/.local/lib/python3.8/site-packages/airflow/example_dags/example_branch_operator.py
[2026-04-09T09:40:30.987+0000] {logging_mixin.py:188} INFO - [2026-04-09T09:40:30.987+0000] {dag.py:3033} INFO - Sync 1 DAGs
[2026-04-09T09:40:31.014+0000] {logging_mixin.py:188} INFO - [2026-04-09T09:40:31.013+0000] {dag.py:3820} INFO - Setting next_dagrun for example_branch_operator to 2026-04-08T00:00:00+00:00, run_after=2026-04-09T00:00:00+00:00
[2026-04-09T09:40:31.031+0000] {processor.py:183} INFO - Processing /home/airflow/.local/lib/python3.8/site-packages/airflow/example_dags/example_branch_operator.py took 0.100 seconds
[2026-04-09T09:41:01.899+0000] {processor.py:161} INFO - Started process (PID=11604) to work on /home/airflow/.local/lib/python3.8/site-packages/airflow/example_dags/example_branch_operator.py
[2026-04-09T09:41:01.900+0000] {processor.py:830} INFO - Processing file /home/airflow/.local/lib/python3.8/site-packages/airflow/example_dags/example_branch_operator.py for tasks to queue
[2026-04-09T09:41:01.903+0000] {logging_mixin.py:188} INFO - [2026-04-09T09:41:01.902+0000] {dagbag.py:538} INFO - Filling up the DagBag from /home/airflow/.local/lib/python3.8/site-packages/airflow/example_dags/example_branch_operator.py
[2026-04-09T09:41:01.932+0000] {processor.py:840} INFO - DAG(s) 'example_branch_operator' retrieved from /home/airflow/.local/lib/python3.8/site-packages/airflow/example_dags/example_branch_operator.py
[2026-04-09T09:41:01.985+0000] {logging_mixin.py:188} INFO - [2026-04-09T09:41:01.985+0000] {dag.py:3033} INFO - Sync 1 DAGs
[2026-04-09T09:41:02.012+0000] {logging_mixin.py:188} INFO - [2026-04-09T09:41:02.012+0000] {dag.py:3820} INFO - Setting next_dagrun for example_branch_operator to 2026-04-08T00:00:00+00:00, run_after=2026-04-09T00:00:00+00:00
[2026-04-09T09:41:02.034+0000] {processor.py:183} INFO - Processing /home/airflow/.local/lib/python3.8/site-packages/airflow/example_dags/example_branch_operator.py took 0.138 seconds
[2026-04-09T09:41:32.920+0000] {processor.py:161} INFO - Started process (PID=11665) to work on /home/airflow/.local/lib/python3.8/site-packages/airflow/example_dags/example_branch_operator.py
[2026-04-09T09:41:32.921+0000] {processor.py:830} INFO - Processing file /home/airflow/.local/lib/python3.8/site-packages/airflow/example_dags/example_branch_operator.py for tasks to queue
[2026-04-09T09:41:32.923+0000] {logging_mixin.py:188} INFO - [2026-04-09T09:41:32.922+0000] {dagbag.py:538} INFO - Filling up the DagBag from /home/airflow/.local/lib/python3.8/site-packages/airflow/example_dags/example_branch_operator.py
[2026-04-09T09:41:32.943+0000] {processor.py:840} INFO - DAG(s) 'example_branch_operator' retrieved from /home/airflow/.local/lib/python3.8/site-packages/airflow/example_dags/example_branch_operator.py
[2026-04-09T09:41:32.976+0000] {logging_mixin.py:188} INFO - [2026-04-09T09:41:32.976+0000] {dag.py:3033} INFO - Sync 1 DAGs
[2026-04-09T09:41:33.002+0000] {logging_mixin.py:188} INFO - [2026-04-09T09:41:33.002+0000] {dag.py:3820} INFO - Setting next_dagrun for example_branch_operator to 2026-04-08T00:00:00+00:00, run_after=2026-04-09T00:00:00+00:00
[2026-04-09T09:41:33.020+0000] {processor.py:183} INFO - Processing /home/airflow/.local/lib/python3.8/site-packages/airflow/example_dags/example_branch_operator.py took 0.104 seconds
[2026-04-09T09:42:03.963+0000] {processor.py:161} INFO - Started process (PID=11726) to work on /home/airflow/.local/lib/python3.8/site-packages/airflow/example_dags/example_branch_operator.py
[2026-04-09T09:42:03.972+0000] {processor.py:830} INFO - Processing file /home/airflow/.local/lib/python3.8/site-packages/airflow/example_dags/example_branch_operator.py for tasks to queue
[2026-04-09T09:42:03.983+0000] {logging_mixin.py:188} INFO - [2026-04-09T09:42:03.981+0000] {dagbag.py:538} INFO - Filling up the DagBag from /home/airflow/.local/lib/python3.8/site-packages/airflow/example_dags/example_branch_operator.py
[2026-04-09T09:42:04.028+0000] {processor.py:840} INFO - DAG(s) 'example_branch_operator' retrieved from /home/airflow/.local/lib/python3.8/site-packages/airflow/example_dags/example_branch_operator.py
[2026-04-09T09:42:04.126+0000] {logging_mixin.py:188} INFO - [2026-04-09T09:42:04.126+0000] {dag.py:3033} INFO - Sync 1 DAGs
[2026-04-09T09:42:04.206+0000] {logging_mixin.py:188} INFO - [2026-04-09T09:42:04.205+0000] {dag.py:3820} INFO - Setting next_dagrun for example_branch_operator to 2026-04-08T00:00:00+00:00, run_after=2026-04-09T00:00:00+00:00
[2026-04-09T09:42:04.248+0000] {processor.py:183} INFO - Processing /home/airflow/.local/lib/python3.8/site-packages/airflow/example_dags/example_branch_operator.py took 0.305 seconds
[2026-04-09T09:42:34.712+0000] {processor.py:161} INFO - Started process (PID=11787) to work on /home/airflow/.local/lib/python3.8/site-packages/airflow/example_dags/example_branch_operator.py
[2026-04-09T09:42:34.716+0000] {processor.py:830} INFO - Processing file /home/airflow/.local/lib/python3.8/site-packages/airflow/example_dags/example_branch_operator.py for tasks to queue
[2026-04-09T09:42:34.729+0000] {logging_mixin.py:188} INFO - [2026-04-09T09:42:34.728+0000] {dagbag.py:538} INFO - Filling up the DagBag from /home/airflow/.local/lib/python3.8/site-packages/airflow/example_dags/example_branch_operator.py
[2026-04-09T09:42:34.841+0000] {processor.py:840} INFO - DAG(s) 'example_branch_operator' retrieved from /home/airflow/.local/lib/python3.8/site-packages/airflow/example_dags/example_branch_operator.py
[2026-04-09T09:42:34.950+0000] {logging_mixin.py:188} INFO - [2026-04-09T09:42:34.950+0000] {dag.py:3033} INFO - Sync 1 DAGs
[2026-04-09T09:42:35.039+0000] {logging_mixin.py:188} INFO - [2026-04-09T09:42:35.039+0000] {dag.py:3820} INFO - Setting next_dagrun for example_branch_operator to 2026-04-08T00:00:00+00:00, run_after=2026-04-09T00:00:00+00:00
[2026-04-09T09:42:35.126+0000] {processor.py:183} INFO - Processing /home/airflow/.local/lib/python3.8/site-packages/airflow/example_dags/example_branch_operator.py took 0.421 seconds
[2026-04-09T09:43:05.989+0000] {processor.py:161} INFO - Started process (PID=11848) to work on /home/airflow/.local/lib/python3.8/site-packages/airflow/example_dags/example_branch_operator.py
[2026-04-09T09:43:05.991+0000] {processor.py:830} INFO - Processing file /home/airflow/.local/lib/python3.8/site-packages/airflow/example_dags/example_branch_operator.py for tasks to queue
[2026-04-09T09:43:05.996+0000] {logging_mixin.py:188} INFO - [2026-04-09T09:43:05.996+0000] {dagbag.py:538} INFO - Filling up the DagBag from /home/airflow/.local/lib/python3.8/site-packages/airflow/example_dags/example_branch_operator.py
[2026-04-09T09:43:06.022+0000] {processor.py:840} INFO - DAG(s) 'example_branch_operator' retrieved from /home/airflow/.local/lib/python3.8/site-packages/airflow/example_dags/example_branch_operator.py
[2026-04-09T09:43:06.064+0000] {logging_mixin.py:188} INFO - [2026-04-09T09:43:06.062+0000] {dag.py:3033} INFO - Sync 1 DAGs
[2026-04-09T09:43:06.116+0000] {logging_mixin.py:188} INFO - [2026-04-09T09:43:06.115+0000] {dag.py:3820} INFO - Setting next_dagrun for example_branch_operator to 2026-04-08T00:00:00+00:00, run_after=2026-04-09T00:00:00+00:00
[2026-04-09T09:43:06.161+0000] {processor.py:183} INFO - Processing /home/airflow/.local/lib/python3.8/site-packages/airflow/example_dags/example_branch_operator.py took 0.179 seconds
[2026-04-09T09:43:36.890+0000] {processor.py:161} INFO - Started process (PID=11909) to work on /home/airflow/.local/lib/python3.8/site-packages/airflow/example_dags/example_branch_operator.py
[2026-04-09T09:43:36.894+0000] {processor.py:830} INFO - Processing file /home/airflow/.local/lib/python3.8/site-packages/airflow/example_dags/example_branch_operator.py for tasks to queue
[2026-04-09T09:43:36.898+0000] {logging_mixin.py:188} INFO - [2026-04-09T09:43:36.898+0000] {dagbag.py:538} INFO - Filling up the DagBag from /home/airflow/.local/lib/python3.8/site-packages/airflow/example_dags/example_branch_operator.py
[2026-04-09T09:43:36.922+0000] {processor.py:840} INFO - DAG(s) 'example_branch_operator' retrieved from /home/airflow/.local/lib/python3.8/site-packages/airflow/example_dags/example_branch_operator.py
[2026-04-09T09:43:36.982+0000] {logging_mixin.py:188} INFO - [2026-04-09T09:43:36.982+0000] {dag.py:3033} INFO - Sync 1 DAGs
[2026-04-09T09:43:37.040+0000] {logging_mixin.py:188} INFO - [2026-04-09T09:43:37.038+0000] {dag.py:3820} INFO - Setting next_dagrun for example_branch_operator to 2026-04-08T00:00:00+00:00, run_after=2026-04-09T00:00:00+00:00
[2026-04-09T09:43:37.061+0000] {processor.py:183} INFO - Processing /home/airflow/.local/lib/python3.8/site-packages/airflow/example_dags/example_branch_operator.py took 0.179 seconds
[2026-04-09T09:44:07.185+0000] {processor.py:161} INFO - Started process (PID=11968) to work on /home/airflow/.local/lib/python3.8/site-packages/airflow/example_dags/example_branch_operator.py
[2026-04-09T09:44:07.186+0000] {processor.py:830} INFO - Processing file /home/airflow/.local/lib/python3.8/site-packages/airflow/example_dags/example_branch_operator.py for tasks to queue
[2026-04-09T09:44:07.188+0000] {logging_mixin.py:188} INFO - [2026-04-09T09:44:07.188+0000] {dagbag.py:538} INFO - Filling up the DagBag from /home/airflow/.local/lib/python3.8/site-packages/airflow/example_dags/example_branch_operator.py
[2026-04-09T09:44:07.210+0000] {processor.py:840} INFO - DAG(s) 'example_branch_operator' retrieved from /home/airflow/.local/lib/python3.8/site-packages/airflow/example_dags/example_branch_operator.py
[2026-04-09T09:44:07.256+0000] {logging_mixin.py:188} INFO - [2026-04-09T09:44:07.256+0000] {dag.py:3033} INFO - Sync 1 DAGs
[2026-04-09T09:44:07.298+0000] {logging_mixin.py:188} INFO - [2026-04-09T09:44:07.298+0000] {dag.py:3820} INFO - Setting next_dagrun for example_branch_operator to 2026-04-08T00:00:00+00:00, run_after=2026-04-09T00:00:00+00:00
[2026-04-09T09:44:07.331+0000] {processor.py:183} INFO - Processing /home/airflow/.local/lib/python3.8/site-packages/airflow/example_dags/example_branch_operator.py took 0.149 seconds
[2026-04-09T09:44:37.639+0000] {processor.py:161} INFO - Started process (PID=12029) to work on /home/airflow/.local/lib/python3.8/site-packages/airflow/example_dags/example_branch_operator.py
[2026-04-09T09:44:37.644+0000] {processor.py:830} INFO - Processing file /home/airflow/.local/lib/python3.8/site-packages/airflow/example_dags/example_branch_operator.py for tasks to queue
[2026-04-09T09:44:37.649+0000] {logging_mixin.py:188} INFO - [2026-04-09T09:44:37.649+0000] {dagbag.py:538} INFO - Filling up the DagBag from /home/airflow/.local/lib/python3.8/site-packages/airflow/example_dags/example_branch_operator.py
[2026-04-09T09:44:37.678+0000] {processor.py:840} INFO - DAG(s) 'example_branch_operator' retrieved from /home/airflow/.local/lib/python3.8/site-packages/airflow/example_dags/example_branch_operator.py
[2026-04-09T09:44:37.713+0000] {logging_mixin.py:188} INFO - [2026-04-09T09:44:37.713+0000] {dag.py:3033} INFO - Sync 1 DAGs
[2026-04-09T09:44:37.745+0000] {logging_mixin.py:188} INFO - [2026-04-09T09:44:37.745+0000] {dag.py:3820} INFO - Setting next_dagrun for example_branch_operator to 2026-04-08T00:00:00+00:00, run_after=2026-04-09T00:00:00+00:00
[2026-04-09T09:44:37.769+0000] {processor.py:183} INFO - Processing /home/airflow/.local/lib/python3.8/site-packages/airflow/example_dags/example_branch_operator.py took 0.135 seconds
[2026-04-09T09:45:08.635+0000] {processor.py:161} INFO - Started process (PID=12095) to work on /home/airflow/.local/lib/python3.8/site-packages/airflow/example_dags/example_branch_operator.py
[2026-04-09T09:45:08.636+0000] {processor.py:830} INFO - Processing file /home/airflow/.local/lib/python3.8/site-packages/airflow/example_dags/example_branch_operator.py for tasks to queue
[2026-04-09T09:45:08.642+0000] {logging_mixin.py:188} INFO - [2026-04-09T09:45:08.639+0000] {dagbag.py:538} INFO - Filling up the DagBag from /home/airflow/.local/lib/python3.8/site-packages/airflow/example_dags/example_branch_operator.py
[2026-04-09T09:45:08.685+0000] {processor.py:840} INFO - DAG(s) 'example_branch_operator' retrieved from /home/airflow/.local/lib/python3.8/site-packages/airflow/example_dags/example_branch_operator.py
[2026-04-09T09:45:08.754+0000] {logging_mixin.py:188} INFO - [2026-04-09T09:45:08.754+0000] {dag.py:3033} INFO - Sync 1 DAGs
[2026-04-09T09:45:08.784+0000] {logging_mixin.py:188} INFO - [2026-04-09T09:45:08.784+0000] {dag.py:3820} INFO - Setting next_dagrun for example_branch_operator to 2026-04-08T00:00:00+00:00, run_after=2026-04-09T00:00:00+00:00
[2026-04-09T09:45:08.802+0000] {processor.py:183} INFO - Processing /home/airflow/.local/lib/python3.8/site-packages/airflow/example_dags/example_branch_operator.py took 0.171 seconds
[2026-04-09T09:45:39.882+0000] {processor.py:161} INFO - Started process (PID=12157) to work on /home/airflow/.local/lib/python3.8/site-packages/airflow/example_dags/example_branch_operator.py
[2026-04-09T09:45:39.883+0000] {processor.py:830} INFO - Processing file /home/airflow/.local/lib/python3.8/site-packages/airflow/example_dags/example_branch_operator.py for tasks to queue
[2026-04-09T09:45:39.885+0000] {logging_mixin.py:188} INFO - [2026-04-09T09:45:39.884+0000] {dagbag.py:538} INFO - Filling up the DagBag from /home/airflow/.local/lib/python3.8/site-packages/airflow/example_dags/example_branch_operator.py
[2026-04-09T09:45:39.911+0000] {processor.py:840} INFO - DAG(s) 'example_branch_operator' retrieved from /home/airflow/.local/lib/python3.8/site-packages/airflow/example_dags/example_branch_operator.py
[2026-04-09T09:45:39.945+0000] {logging_mixin.py:188} INFO - [2026-04-09T09:45:39.944+0000] {dag.py:3033} INFO - Sync 1 DAGs
[2026-04-09T09:45:39.973+0000] {logging_mixin.py:188} INFO - [2026-04-09T09:45:39.973+0000] {dag.py:3820} INFO - Setting next_dagrun for example_branch_operator to 2026-04-08T00:00:00+00:00, run_after=2026-04-09T00:00:00+00:00
[2026-04-09T09:45:39.994+0000] {processor.py:183} INFO - Processing /home/airflow/.local/lib/python3.8/site-packages/airflow/example_dags/example_branch_operator.py took 0.116 seconds
[2026-04-09T09:46:10.598+0000] {processor.py:161} INFO - Started process (PID=12219) to work on /home/airflow/.local/lib/python3.8/site-packages/airflow/example_dags/example_branch_operator.py
[2026-04-09T09:46:10.599+0000] {processor.py:830} INFO - Processing file /home/airflow/.local/lib/python3.8/site-packages/airflow/example_dags/example_branch_operator.py for tasks to queue
[2026-04-09T09:46:10.601+0000] {logging_mixin.py:188} INFO - [2026-04-09T09:46:10.601+0000] {dagbag.py:538} INFO - Filling up the DagBag from /home/airflow/.local/lib/python3.8/site-packages/airflow/example_dags/example_branch_operator.py
[2026-04-09T09:46:10.623+0000] {processor.py:840} INFO - DAG(s) 'example_branch_operator' retrieved from /home/airflow/.local/lib/python3.8/site-packages/airflow/example_dags/example_branch_operator.py
[2026-04-09T09:46:10.656+0000] {logging_mixin.py:188} INFO - [2026-04-09T09:46:10.656+0000] {dag.py:3033} INFO - Sync 1 DAGs
[2026-04-09T09:46:10.674+0000] {logging_mixin.py:188} INFO - [2026-04-09T09:46:10.673+0000] {dag.py:3820} INFO - Setting next_dagrun for example_branch_operator to 2026-04-08T00:00:00+00:00, run_after=2026-04-09T00:00:00+00:00
[2026-04-09T09:46:10.688+0000] {processor.py:183} INFO - Processing /home/airflow/.local/lib/python3.8/site-packages/airflow/example_dags/example_branch_operator.py took 0.093 seconds
[2026-04-09T09:46:41.357+0000] {processor.py:161} INFO - Started process (PID=12280) to work on /home/airflow/.local/lib/python3.8/site-packages/airflow/example_dags/example_branch_operator.py
[2026-04-09T09:46:41.358+0000] {processor.py:830} INFO - Processing file /home/airflow/.local/lib/python3.8/site-packages/airflow/example_dags/example_branch_operator.py for tasks to queue
[2026-04-09T09:46:41.360+0000] {logging_mixin.py:188} INFO - [2026-04-09T09:46:41.360+0000] {dagbag.py:538} INFO - Filling up the DagBag from /home/airflow/.local/lib/python3.8/site-packages/airflow/example_dags/example_branch_operator.py
[2026-04-09T09:46:41.380+0000] {processor.py:840} INFO - DAG(s) 'example_branch_operator' retrieved from /home/airflow/.local/lib/python3.8/site-packages/airflow/example_dags/example_branch_operator.py
[2026-04-09T09:46:41.412+0000] {logging_mixin.py:188} INFO - [2026-04-09T09:46:41.411+0000] {dag.py:3033} INFO - Sync 1 DAGs
[2026-04-09T09:46:41.437+0000] {logging_mixin.py:188} INFO - [2026-04-09T09:46:41.436+0000] {dag.py:3820} INFO - Setting next_dagrun for example_branch_operator to 2026-04-08T00:00:00+00:00, run_after=2026-04-09T00:00:00+00:00
[2026-04-09T09:46:41.454+0000] {processor.py:183} INFO - Processing /home/airflow/.local/lib/python3.8/site-packages/airflow/example_dags/example_branch_operator.py took 0.101 seconds
[2026-04-09T09:47:12.274+0000] {processor.py:161} INFO - Started process (PID=12341) to work on /home/airflow/.local/lib/python3.8/site-packages/airflow/example_dags/example_branch_operator.py
[2026-04-09T09:47:12.274+0000] {processor.py:830} INFO - Processing file /home/airflow/.local/lib/python3.8/site-packages/airflow/example_dags/example_branch_operator.py for tasks to queue
[2026-04-09T09:47:12.277+0000] {logging_mixin.py:188} INFO - [2026-04-09T09:47:12.276+0000] {dagbag.py:538} INFO - Filling up the DagBag from /home/airflow/.local/lib/python3.8/site-packages/airflow/example_dags/example_branch_operator.py
[2026-04-09T09:47:12.297+0000] {processor.py:840} INFO - DAG(s) 'example_branch_operator' retrieved from /home/airflow/.local/lib/python3.8/site-packages/airflow/example_dags/example_branch_operator.py
[2026-04-09T09:47:12.327+0000] {logging_mixin.py:188} INFO - [2026-04-09T09:47:12.327+0000] {dag.py:3033} INFO - Sync 1 DAGs
[2026-04-09T09:47:12.353+0000] {logging_mixin.py:188} INFO - [2026-04-09T09:47:12.353+0000] {dag.py:3820} INFO - Setting next_dagrun for example_branch_operator to 2026-04-08T00:00:00+00:00, run_after=2026-04-09T00:00:00+00:00
[2026-04-09T09:47:12.374+0000] {processor.py:183} INFO - Processing /home/airflow/.local/lib/python3.8/site-packages/airflow/example_dags/example_branch_operator.py took 0.105 seconds
[2026-04-09T09:47:42.550+0000] {processor.py:161} INFO - Started process (PID=12403) to work on /home/airflow/.local/lib/python3.8/site-packages/airflow/example_dags/example_branch_operator.py
[2026-04-09T09:47:42.551+0000] {processor.py:830} INFO - Processing file /home/airflow/.local/lib/python3.8/site-packages/airflow/example_dags/example_branch_operator.py for tasks to queue
[2026-04-09T09:47:42.553+0000] {logging_mixin.py:188} INFO - [2026-04-09T09:47:42.553+0000] {dagbag.py:538} INFO - Filling up the DagBag from /home/airflow/.local/lib/python3.8/site-packages/airflow/example_dags/example_branch_operator.py
[2026-04-09T09:47:42.575+0000] {processor.py:840} INFO - DAG(s) 'example_branch_operator' retrieved from /home/airflow/.local/lib/python3.8/site-packages/airflow/example_dags/example_branch_operator.py
[2026-04-09T09:47:42.613+0000] {logging_mixin.py:188} INFO - [2026-04-09T09:47:42.613+0000] {dag.py:3033} INFO - Sync 1 DAGs
[2026-04-09T09:47:42.641+0000] {logging_mixin.py:188} INFO - [2026-04-09T09:47:42.641+0000] {dag.py:3820} INFO - Setting next_dagrun for example_branch_operator to 2026-04-08T00:00:00+00:00, run_after=2026-04-09T00:00:00+00:00
[2026-04-09T09:47:42.659+0000] {processor.py:183} INFO - Processing /home/airflow/.local/lib/python3.8/site-packages/airflow/example_dags/example_branch_operator.py took 0.113 seconds
[2026-04-09T09:48:13.235+0000] {processor.py:161} INFO - Started process (PID=12463) to work on /home/airflow/.local/lib/python3.8/site-packages/airflow/example_dags/example_branch_operator.py
[2026-04-09T09:48:13.236+0000] {processor.py:830} INFO - Processing file /home/airflow/.local/lib/python3.8/site-packages/airflow/example_dags/example_branch_operator.py for tasks to queue
[2026-04-09T09:48:13.238+0000] {logging_mixin.py:188} INFO - [2026-04-09T09:48:13.238+0000] {dagbag.py:538} INFO - Filling up the DagBag from /home/airflow/.local/lib/python3.8/site-packages/airflow/example_dags/example_branch_operator.py
[2026-04-09T09:48:13.258+0000] {processor.py:840} INFO - DAG(s) 'example_branch_operator' retrieved from /home/airflow/.local/lib/python3.8/site-packages/airflow/example_dags/example_branch_operator.py
[2026-04-09T09:48:13.291+0000] {logging_mixin.py:188} INFO - [2026-04-09T09:48:13.290+0000] {dag.py:3033} INFO - Sync 1 DAGs
[2026-04-09T09:48:13.320+0000] {logging_mixin.py:188} INFO - [2026-04-09T09:48:13.320+0000] {dag.py:3820} INFO - Setting next_dagrun for example_branch_operator to 2026-04-08T00:00:00+00:00, run_after=2026-04-09T00:00:00+00:00
[2026-04-09T09:48:13.340+0000] {processor.py:183} INFO - Processing /home/airflow/.local/lib/python3.8/site-packages/airflow/example_dags/example_branch_operator.py took 0.108 seconds
[2026-04-09T09:48:43.699+0000] {processor.py:161} INFO - Started process (PID=12524) to work on /home/airflow/.local/lib/python3.8/site-packages/airflow/example_dags/example_branch_operator.py
[2026-04-09T09:48:43.699+0000] {processor.py:830} INFO - Processing file /home/airflow/.local/lib/python3.8/site-packages/airflow/example_dags/example_branch_operator.py for tasks to queue
[2026-04-09T09:48:43.701+0000] {logging_mixin.py:188} INFO - [2026-04-09T09:48:43.701+0000] {dagbag.py:538} INFO - Filling up the DagBag from /home/airflow/.local/lib/python3.8/site-packages/airflow/example_dags/example_branch_operator.py
[2026-04-09T09:48:43.715+0000] {processor.py:840} INFO - DAG(s) 'example_branch_operator' retrieved from /home/airflow/.local/lib/python3.8/site-packages/airflow/example_dags/example_branch_operator.py
[2026-04-09T09:48:43.744+0000] {logging_mixin.py:188} INFO - [2026-04-09T09:48:43.743+0000] {dag.py:3033} INFO - Sync 1 DAGs
[2026-04-09T09:48:43.764+0000] {logging_mixin.py:188} INFO - [2026-04-09T09:48:43.764+0000] {dag.py:3820} INFO - Setting next_dagrun for example_branch_operator to 2026-04-08T00:00:00+00:00, run_after=2026-04-09T00:00:00+00:00
[2026-04-09T09:48:43.779+0000] {processor.py:183} INFO - Processing /home/airflow/.local/lib/python3.8/site-packages/airflow/example_dags/example_branch_operator.py took 0.083 seconds
[2026-04-09T09:49:14.608+0000] {processor.py:161} INFO - Started process (PID=12585) to work on /home/airflow/.local/lib/python3.8/site-packages/airflow/example_dags/example_branch_operator.py
[2026-04-09T09:49:14.609+0000] {processor.py:830} INFO - Processing file /home/airflow/.local/lib/python3.8/site-packages/airflow/example_dags/example_branch_operator.py for tasks to queue
[2026-04-09T09:49:14.611+0000] {logging_mixin.py:188} INFO - [2026-04-09T09:49:14.611+0000] {dagbag.py:538} INFO - Filling up the DagBag from /home/airflow/.local/lib/python3.8/site-packages/airflow/example_dags/example_branch_operator.py
[2026-04-09T09:49:14.636+0000] {processor.py:840} INFO - DAG(s) 'example_branch_operator' retrieved from /home/airflow/.local/lib/python3.8/site-packages/airflow/example_dags/example_branch_operator.py
[2026-04-09T09:49:14.668+0000] {logging_mixin.py:188} INFO - [2026-04-09T09:49:14.668+0000] {dag.py:3033} INFO - Sync 1 DAGs
[2026-04-09T09:49:14.694+0000] {logging_mixin.py:188} INFO - [2026-04-09T09:49:14.694+0000] {dag.py:3820} INFO - Setting next_dagrun for example_branch_operator to 2026-04-08T00:00:00+00:00, run_after=2026-04-09T00:00:00+00:00
[2026-04-09T09:49:14.713+0000] {processor.py:183} INFO - Processing /home/airflow/.local/lib/python3.8/site-packages/airflow/example_dags/example_branch_operator.py took 0.109 seconds
[2026-04-09T09:49:45.225+0000] {processor.py:161} INFO - Started process (PID=12646) to work on /home/airflow/.local/lib/python3.8/site-packages/airflow/example_dags/example_branch_operator.py
[2026-04-09T09:49:45.226+0000] {processor.py:830} INFO - Processing file /home/airflow/.local/lib/python3.8/site-packages/airflow/example_dags/example_branch_operator.py for tasks to queue
[2026-04-09T09:49:45.228+0000] {logging_mixin.py:188} INFO - [2026-04-09T09:49:45.228+0000] {dagbag.py:538} INFO - Filling up the DagBag from /home/airflow/.local/lib/python3.8/site-packages/airflow/example_dags/example_branch_operator.py
[2026-04-09T09:49:45.248+0000] {processor.py:840} INFO - DAG(s) 'example_branch_operator' retrieved from /home/airflow/.local/lib/python3.8/site-packages/airflow/example_dags/example_branch_operator.py
[2026-04-09T09:49:45.282+0000] {logging_mixin.py:188} INFO - [2026-04-09T09:49:45.281+0000] {dag.py:3033} INFO - Sync 1 DAGs
[2026-04-09T09:49:45.487+0000] {logging_mixin.py:188} INFO - [2026-04-09T09:49:45.484+0000] {dag.py:3820} INFO - Setting next_dagrun for example_branch_operator to 2026-04-08T00:00:00+00:00, run_after=2026-04-09T00:00:00+00:00
[2026-04-09T09:49:45.518+0000] {processor.py:183} INFO - Processing /home/airflow/.local/lib/python3.8/site-packages/airflow/example_dags/example_branch_operator.py took 0.297 seconds
[2026-04-09T09:50:16.203+0000] {processor.py:161} INFO - Started process (PID=12707) to work on /home/airflow/.local/lib/python3.8/site-packages/airflow/example_dags/example_branch_operator.py
[2026-04-09T09:50:16.204+0000] {processor.py:830} INFO - Processing file /home/airflow/.local/lib/python3.8/site-packages/airflow/example_dags/example_branch_operator.py for tasks to queue
[2026-04-09T09:50:16.206+0000] {logging_mixin.py:188} INFO - [2026-04-09T09:50:16.206+0000] {dagbag.py:538} INFO - Filling up the DagBag from /home/airflow/.local/lib/python3.8/site-packages/airflow/example_dags/example_branch_operator.py
[2026-04-09T09:50:16.227+0000] {processor.py:840} INFO - DAG(s) 'example_branch_operator' retrieved from /home/airflow/.local/lib/python3.8/site-packages/airflow/example_dags/example_branch_operator.py
[2026-04-09T09:50:16.262+0000] {logging_mixin.py:188} INFO - [2026-04-09T09:50:16.262+0000] {dag.py:3033} INFO - Sync 1 DAGs
[2026-04-09T09:50:16.290+0000] {logging_mixin.py:188} INFO - [2026-04-09T09:50:16.290+0000] {dag.py:3820} INFO - Setting next_dagrun for example_branch_operator to 2026-04-08T00:00:00+00:00, run_after=2026-04-09T00:00:00+00:00
[2026-04-09T09:50:16.308+0000] {processor.py:183} INFO - Processing /home/airflow/.local/lib/python3.8/site-packages/airflow/example_dags/example_branch_operator.py took 0.109 seconds
[2026-04-09T09:50:46.643+0000] {processor.py:161} INFO - Started process (PID=12767) to work on /home/airflow/.local/lib/python3.8/site-packages/airflow/example_dags/example_branch_operator.py
[2026-04-09T09:50:46.646+0000] {processor.py:830} INFO - Processing file /home/airflow/.local/lib/python3.8/site-packages/airflow/example_dags/example_branch_operator.py for tasks to queue
[2026-04-09T09:50:46.648+0000] {logging_mixin.py:188} INFO - [2026-04-09T09:50:46.648+0000] {dagbag.py:538} INFO - Filling up the DagBag from /home/airflow/.local/lib/python3.8/site-packages/airflow/example_dags/example_branch_operator.py
[2026-04-09T09:50:46.670+0000] {processor.py:840} INFO - DAG(s) 'example_branch_operator' retrieved from /home/airflow/.local/lib/python3.8/site-packages/airflow/example_dags/example_branch_operator.py
[2026-04-09T09:50:46.703+0000] {logging_mixin.py:188} INFO - [2026-04-09T09:50:46.703+0000] {dag.py:3033} INFO - Sync 1 DAGs
[2026-04-09T09:50:46.731+0000] {logging_mixin.py:188} INFO - [2026-04-09T09:50:46.731+0000] {dag.py:3820} INFO - Setting next_dagrun for example_branch_operator to 2026-04-08T00:00:00+00:00, run_after=2026-04-09T00:00:00+00:00
[2026-04-09T09:50:46.750+0000] {processor.py:183} INFO - Processing /home/airflow/.local/lib/python3.8/site-packages/airflow/example_dags/example_branch_operator.py took 0.114 seconds
[2026-04-09T09:51:17.688+0000] {processor.py:161} INFO - Started process (PID=12829) to work on /home/airflow/.local/lib/python3.8/site-packages/airflow/example_dags/example_branch_operator.py
[2026-04-09T09:51:17.689+0000] {processor.py:830} INFO - Processing file /home/airflow/.local/lib/python3.8/site-packages/airflow/example_dags/example_branch_operator.py for tasks to queue
[2026-04-09T09:51:17.692+0000] {logging_mixin.py:188} INFO - [2026-04-09T09:51:17.691+0000] {dagbag.py:538} INFO - Filling up the DagBag from /home/airflow/.local/lib/python3.8/site-packages/airflow/example_dags/example_branch_operator.py
[2026-04-09T09:51:17.714+0000] {processor.py:840} INFO - DAG(s) 'example_branch_operator' retrieved from /home/airflow/.local/lib/python3.8/site-packages/airflow/example_dags/example_branch_operator.py
[2026-04-09T09:51:17.747+0000] {logging_mixin.py:188} INFO - [2026-04-09T09:51:17.746+0000] {dag.py:3033} INFO - Sync 1 DAGs
[2026-04-09T09:51:17.772+0000] {logging_mixin.py:188} INFO - [2026-04-09T09:51:17.771+0000] {dag.py:3820} INFO - Setting next_dagrun for example_branch_operator to 2026-04-08T00:00:00+00:00, run_after=2026-04-09T00:00:00+00:00
[2026-04-09T09:51:17.955+0000] {processor.py:183} INFO - Processing /home/airflow/.local/lib/python3.8/site-packages/airflow/example_dags/example_branch_operator.py took 0.271 seconds
[2026-04-09T10:26:28.794+0000] {processor.py:161} INFO - Started process (PID=113) to work on /home/airflow/.local/lib/python3.8/site-packages/airflow/example_dags/example_branch_operator.py
[2026-04-09T10:26:28.797+0000] {processor.py:830} INFO - Processing file /home/airflow/.local/lib/python3.8/site-packages/airflow/example_dags/example_branch_operator.py for tasks to queue
[2026-04-09T10:26:28.803+0000] {logging_mixin.py:188} INFO - [2026-04-09T10:26:28.802+0000] {dagbag.py:538} INFO - Filling up the DagBag from /home/airflow/.local/lib/python3.8/site-packages/airflow/example_dags/example_branch_operator.py
[2026-04-09T10:26:28.847+0000] {processor.py:840} INFO - DAG(s) 'example_branch_operator' retrieved from /home/airflow/.local/lib/python3.8/site-packages/airflow/example_dags/example_branch_operator.py
[2026-04-09T10:26:29.083+0000] {logging_mixin.py:188} INFO - [2026-04-09T10:26:29.082+0000] {dag.py:3033} INFO - Sync 1 DAGs
[2026-04-09T10:26:29.144+0000] {logging_mixin.py:188} INFO - [2026-04-09T10:26:29.144+0000] {dag.py:3820} INFO - Setting next_dagrun for example_branch_operator to 2026-04-08T00:00:00+00:00, run_after=2026-04-09T00:00:00+00:00
[2026-04-09T10:26:29.189+0000] {processor.py:183} INFO - Processing /home/airflow/.local/lib/python3.8/site-packages/airflow/example_dags/example_branch_operator.py took 0.398 seconds
[2026-04-09T10:27:00.068+0000] {processor.py:161} INFO - Started process (PID=174) to work on /home/airflow/.local/lib/python3.8/site-packages/airflow/example_dags/example_branch_operator.py
[2026-04-09T10:27:00.069+0000] {processor.py:830} INFO - Processing file /home/airflow/.local/lib/python3.8/site-packages/airflow/example_dags/example_branch_operator.py for tasks to queue
[2026-04-09T10:27:00.071+0000] {logging_mixin.py:188} INFO - [2026-04-09T10:27:00.071+0000] {dagbag.py:538} INFO - Filling up the DagBag from /home/airflow/.local/lib/python3.8/site-packages/airflow/example_dags/example_branch_operator.py
[2026-04-09T10:27:00.091+0000] {processor.py:840} INFO - DAG(s) 'example_branch_operator' retrieved from /home/airflow/.local/lib/python3.8/site-packages/airflow/example_dags/example_branch_operator.py
[2026-04-09T10:27:00.122+0000] {logging_mixin.py:188} INFO - [2026-04-09T10:27:00.122+0000] {dag.py:3033} INFO - Sync 1 DAGs
[2026-04-09T10:27:00.164+0000] {logging_mixin.py:188} INFO - [2026-04-09T10:27:00.164+0000] {dag.py:3820} INFO - Setting next_dagrun for example_branch_operator to 2026-04-08T00:00:00+00:00, run_after=2026-04-09T00:00:00+00:00
[2026-04-09T10:27:00.182+0000] {processor.py:183} INFO - Processing /home/airflow/.local/lib/python3.8/site-packages/airflow/example_dags/example_branch_operator.py took 0.118 seconds
[2026-04-09T10:27:30.235+0000] {processor.py:161} INFO - Started process (PID=234) to work on /home/airflow/.local/lib/python3.8/site-packages/airflow/example_dags/example_branch_operator.py
[2026-04-09T10:27:30.236+0000] {processor.py:830} INFO - Processing file /home/airflow/.local/lib/python3.8/site-packages/airflow/example_dags/example_branch_operator.py for tasks to queue
[2026-04-09T10:27:30.241+0000] {logging_mixin.py:188} INFO - [2026-04-09T10:27:30.241+0000] {dagbag.py:538} INFO - Filling up the DagBag from /home/airflow/.local/lib/python3.8/site-packages/airflow/example_dags/example_branch_operator.py
[2026-04-09T10:27:30.289+0000] {processor.py:840} INFO - DAG(s) 'example_branch_operator' retrieved from /home/airflow/.local/lib/python3.8/site-packages/airflow/example_dags/example_branch_operator.py
[2026-04-09T10:27:30.366+0000] {logging_mixin.py:188} INFO - [2026-04-09T10:27:30.366+0000] {dag.py:3033} INFO - Sync 1 DAGs
[2026-04-09T10:27:30.404+0000] {logging_mixin.py:188} INFO - [2026-04-09T10:27:30.404+0000] {dag.py:3820} INFO - Setting next_dagrun for example_branch_operator to 2026-04-08T00:00:00+00:00, run_after=2026-04-09T00:00:00+00:00
[2026-04-09T10:27:30.448+0000] {processor.py:183} INFO - Processing /home/airflow/.local/lib/python3.8/site-packages/airflow/example_dags/example_branch_operator.py took 0.218 seconds
[2026-04-09T10:28:00.653+0000] {processor.py:161} INFO - Started process (PID=295) to work on /home/airflow/.local/lib/python3.8/site-packages/airflow/example_dags/example_branch_operator.py
[2026-04-09T10:28:00.654+0000] {processor.py:830} INFO - Processing file /home/airflow/.local/lib/python3.8/site-packages/airflow/example_dags/example_branch_operator.py for tasks to queue
[2026-04-09T10:28:00.656+0000] {logging_mixin.py:188} INFO - [2026-04-09T10:28:00.655+0000] {dagbag.py:538} INFO - Filling up the DagBag from /home/airflow/.local/lib/python3.8/site-packages/airflow/example_dags/example_branch_operator.py
[2026-04-09T10:28:00.682+0000] {processor.py:840} INFO - DAG(s) 'example_branch_operator' retrieved from /home/airflow/.local/lib/python3.8/site-packages/airflow/example_dags/example_branch_operator.py
[2026-04-09T10:28:00.714+0000] {logging_mixin.py:188} INFO - [2026-04-09T10:28:00.714+0000] {dag.py:3033} INFO - Sync 1 DAGs
[2026-04-09T10:28:00.739+0000] {logging_mixin.py:188} INFO - [2026-04-09T10:28:00.738+0000] {dag.py:3820} INFO - Setting next_dagrun for example_branch_operator to 2026-04-08T00:00:00+00:00, run_after=2026-04-09T00:00:00+00:00
[2026-04-09T10:28:00.756+0000] {processor.py:183} INFO - Processing /home/airflow/.local/lib/python3.8/site-packages/airflow/example_dags/example_branch_operator.py took 0.107 seconds
[2026-04-09T10:28:32.462+0000] {processor.py:161} INFO - Started process (PID=355) to work on /home/airflow/.local/lib/python3.8/site-packages/airflow/example_dags/example_branch_operator.py
[2026-04-09T10:28:32.467+0000] {processor.py:830} INFO - Processing file /home/airflow/.local/lib/python3.8/site-packages/airflow/example_dags/example_branch_operator.py for tasks to queue
[2026-04-09T10:28:32.473+0000] {logging_mixin.py:188} INFO - [2026-04-09T10:28:32.473+0000] {dagbag.py:538} INFO - Filling up the DagBag from /home/airflow/.local/lib/python3.8/site-packages/airflow/example_dags/example_branch_operator.py
[2026-04-09T10:28:32.525+0000] {processor.py:840} INFO - DAG(s) 'example_branch_operator' retrieved from /home/airflow/.local/lib/python3.8/site-packages/airflow/example_dags/example_branch_operator.py
[2026-04-09T10:28:32.564+0000] {logging_mixin.py:188} INFO - [2026-04-09T10:28:32.564+0000] {dag.py:3033} INFO - Sync 1 DAGs
[2026-04-09T10:28:32.612+0000] {logging_mixin.py:188} INFO - [2026-04-09T10:28:32.612+0000] {dag.py:3820} INFO - Setting next_dagrun for example_branch_operator to 2026-04-08T00:00:00+00:00, run_after=2026-04-09T00:00:00+00:00
[2026-04-09T10:28:32.655+0000] {processor.py:183} INFO - Processing /home/airflow/.local/lib/python3.8/site-packages/airflow/example_dags/example_branch_operator.py took 0.199 seconds
[2026-04-09T10:29:03.427+0000] {processor.py:161} INFO - Started process (PID=416) to work on /home/airflow/.local/lib/python3.8/site-packages/airflow/example_dags/example_branch_operator.py
[2026-04-09T10:29:03.431+0000] {processor.py:830} INFO - Processing file /home/airflow/.local/lib/python3.8/site-packages/airflow/example_dags/example_branch_operator.py for tasks to queue
[2026-04-09T10:29:03.435+0000] {logging_mixin.py:188} INFO - [2026-04-09T10:29:03.435+0000] {dagbag.py:538} INFO - Filling up the DagBag from /home/airflow/.local/lib/python3.8/site-packages/airflow/example_dags/example_branch_operator.py
[2026-04-09T10:29:03.476+0000] {processor.py:840} INFO - DAG(s) 'example_branch_operator' retrieved from /home/airflow/.local/lib/python3.8/site-packages/airflow/example_dags/example_branch_operator.py
[2026-04-09T10:29:03.533+0000] {logging_mixin.py:188} INFO - [2026-04-09T10:29:03.533+0000] {dag.py:3033} INFO - Sync 1 DAGs
[2026-04-09T10:29:03.581+0000] {logging_mixin.py:188} INFO - [2026-04-09T10:29:03.581+0000] {dag.py:3820} INFO - Setting next_dagrun for example_branch_operator to 2026-04-08T00:00:00+00:00, run_after=2026-04-09T00:00:00+00:00
[2026-04-09T10:29:03.611+0000] {processor.py:183} INFO - Processing /home/airflow/.local/lib/python3.8/site-packages/airflow/example_dags/example_branch_operator.py took 0.194 seconds
[2026-04-09T10:29:34.463+0000] {processor.py:161} INFO - Started process (PID=477) to work on /home/airflow/.local/lib/python3.8/site-packages/airflow/example_dags/example_branch_operator.py
[2026-04-09T10:29:34.465+0000] {processor.py:830} INFO - Processing file /home/airflow/.local/lib/python3.8/site-packages/airflow/example_dags/example_branch_operator.py for tasks to queue
[2026-04-09T10:29:34.469+0000] {logging_mixin.py:188} INFO - [2026-04-09T10:29:34.468+0000] {dagbag.py:538} INFO - Filling up the DagBag from /home/airflow/.local/lib/python3.8/site-packages/airflow/example_dags/example_branch_operator.py
[2026-04-09T10:29:34.488+0000] {processor.py:840} INFO - DAG(s) 'example_branch_operator' retrieved from /home/airflow/.local/lib/python3.8/site-packages/airflow/example_dags/example_branch_operator.py
[2026-04-09T10:29:34.519+0000] {logging_mixin.py:188} INFO - [2026-04-09T10:29:34.518+0000] {dag.py:3033} INFO - Sync 1 DAGs
[2026-04-09T10:29:34.544+0000] {logging_mixin.py:188} INFO - [2026-04-09T10:29:34.543+0000] {dag.py:3820} INFO - Setting next_dagrun for example_branch_operator to 2026-04-08T00:00:00+00:00, run_after=2026-04-09T00:00:00+00:00
[2026-04-09T10:29:34.565+0000] {processor.py:183} INFO - Processing /home/airflow/.local/lib/python3.8/site-packages/airflow/example_dags/example_branch_operator.py took 0.107 seconds
[2026-04-09T10:30:04.886+0000] {processor.py:161} INFO - Started process (PID=538) to work on /home/airflow/.local/lib/python3.8/site-packages/airflow/example_dags/example_branch_operator.py
[2026-04-09T10:30:04.889+0000] {processor.py:830} INFO - Processing file /home/airflow/.local/lib/python3.8/site-packages/airflow/example_dags/example_branch_operator.py for tasks to queue
[2026-04-09T10:30:04.891+0000] {logging_mixin.py:188} INFO - [2026-04-09T10:30:04.891+0000] {dagbag.py:538} INFO - Filling up the DagBag from /home/airflow/.local/lib/python3.8/site-packages/airflow/example_dags/example_branch_operator.py
[2026-04-09T10:30:04.912+0000] {processor.py:840} INFO - DAG(s) 'example_branch_operator' retrieved from /home/airflow/.local/lib/python3.8/site-packages/airflow/example_dags/example_branch_operator.py
[2026-04-09T10:30:04.943+0000] {logging_mixin.py:188} INFO - [2026-04-09T10:30:04.943+0000] {dag.py:3033} INFO - Sync 1 DAGs
[2026-04-09T10:30:04.972+0000] {logging_mixin.py:188} INFO - [2026-04-09T10:30:04.971+0000] {dag.py:3820} INFO - Setting next_dagrun for example_branch_operator to 2026-04-08T00:00:00+00:00, run_after=2026-04-09T00:00:00+00:00
[2026-04-09T10:30:04.988+0000] {processor.py:183} INFO - Processing /home/airflow/.local/lib/python3.8/site-packages/airflow/example_dags/example_branch_operator.py took 0.106 seconds
[2026-04-09T10:30:35.321+0000] {processor.py:161} INFO - Started process (PID=599) to work on /home/airflow/.local/lib/python3.8/site-packages/airflow/example_dags/example_branch_operator.py
[2026-04-09T10:30:35.322+0000] {processor.py:830} INFO - Processing file /home/airflow/.local/lib/python3.8/site-packages/airflow/example_dags/example_branch_operator.py for tasks to queue
[2026-04-09T10:30:35.326+0000] {logging_mixin.py:188} INFO - [2026-04-09T10:30:35.326+0000] {dagbag.py:538} INFO - Filling up the DagBag from /home/airflow/.local/lib/python3.8/site-packages/airflow/example_dags/example_branch_operator.py
[2026-04-09T10:30:35.347+0000] {processor.py:840} INFO - DAG(s) 'example_branch_operator' retrieved from /home/airflow/.local/lib/python3.8/site-packages/airflow/example_dags/example_branch_operator.py
[2026-04-09T10:30:35.378+0000] {logging_mixin.py:188} INFO - [2026-04-09T10:30:35.377+0000] {dag.py:3033} INFO - Sync 1 DAGs
[2026-04-09T10:30:35.407+0000] {logging_mixin.py:188} INFO - [2026-04-09T10:30:35.407+0000] {dag.py:3820} INFO - Setting next_dagrun for example_branch_operator to 2026-04-08T00:00:00+00:00, run_after=2026-04-09T00:00:00+00:00
[2026-04-09T10:30:35.424+0000] {processor.py:183} INFO - Processing /home/airflow/.local/lib/python3.8/site-packages/airflow/example_dags/example_branch_operator.py took 0.106 seconds
[2026-04-09T10:31:05.934+0000] {processor.py:161} INFO - Started process (PID=660) to work on /home/airflow/.local/lib/python3.8/site-packages/airflow/example_dags/example_branch_operator.py
[2026-04-09T10:31:05.934+0000] {processor.py:830} INFO - Processing file /home/airflow/.local/lib/python3.8/site-packages/airflow/example_dags/example_branch_operator.py for tasks to queue
[2026-04-09T10:31:05.938+0000] {logging_mixin.py:188} INFO - [2026-04-09T10:31:05.938+0000] {dagbag.py:538} INFO - Filling up the DagBag from /home/airflow/.local/lib/python3.8/site-packages/airflow/example_dags/example_branch_operator.py
[2026-04-09T10:31:05.959+0000] {processor.py:840} INFO - DAG(s) 'example_branch_operator' retrieved from /home/airflow/.local/lib/python3.8/site-packages/airflow/example_dags/example_branch_operator.py
[2026-04-09T10:31:05.989+0000] {logging_mixin.py:188} INFO - [2026-04-09T10:31:05.988+0000] {dag.py:3033} INFO - Sync 1 DAGs
[2026-04-09T10:31:06.016+0000] {logging_mixin.py:188} INFO - [2026-04-09T10:31:06.016+0000] {dag.py:3820} INFO - Setting next_dagrun for example_branch_operator to 2026-04-08T00:00:00+00:00, run_after=2026-04-09T00:00:00+00:00
[2026-04-09T10:31:06.032+0000] {processor.py:183} INFO - Processing /home/airflow/.local/lib/python3.8/site-packages/airflow/example_dags/example_branch_operator.py took 0.102 seconds
[2026-04-09T10:31:36.242+0000] {processor.py:161} INFO - Started process (PID=721) to work on /home/airflow/.local/lib/python3.8/site-packages/airflow/example_dags/example_branch_operator.py
[2026-04-09T10:31:36.243+0000] {processor.py:830} INFO - Processing file /home/airflow/.local/lib/python3.8/site-packages/airflow/example_dags/example_branch_operator.py for tasks to queue
[2026-04-09T10:31:36.245+0000] {logging_mixin.py:188} INFO - [2026-04-09T10:31:36.245+0000] {dagbag.py:538} INFO - Filling up the DagBag from /home/airflow/.local/lib/python3.8/site-packages/airflow/example_dags/example_branch_operator.py
[2026-04-09T10:31:36.269+0000] {processor.py:840} INFO - DAG(s) 'example_branch_operator' retrieved from /home/airflow/.local/lib/python3.8/site-packages/airflow/example_dags/example_branch_operator.py
[2026-04-09T10:31:36.301+0000] {logging_mixin.py:188} INFO - [2026-04-09T10:31:36.301+0000] {dag.py:3033} INFO - Sync 1 DAGs
[2026-04-09T10:31:36.329+0000] {logging_mixin.py:188} INFO - [2026-04-09T10:31:36.329+0000] {dag.py:3820} INFO - Setting next_dagrun for example_branch_operator to 2026-04-08T00:00:00+00:00, run_after=2026-04-09T00:00:00+00:00
[2026-04-09T10:31:36.345+0000] {processor.py:183} INFO - Processing /home/airflow/.local/lib/python3.8/site-packages/airflow/example_dags/example_branch_operator.py took 0.107 seconds
[2026-04-09T10:32:07.301+0000] {processor.py:161} INFO - Started process (PID=782) to work on /home/airflow/.local/lib/python3.8/site-packages/airflow/example_dags/example_branch_operator.py
[2026-04-09T10:32:07.302+0000] {processor.py:830} INFO - Processing file /home/airflow/.local/lib/python3.8/site-packages/airflow/example_dags/example_branch_operator.py for tasks to queue
[2026-04-09T10:32:07.304+0000] {logging_mixin.py:188} INFO - [2026-04-09T10:32:07.304+0000] {dagbag.py:538} INFO - Filling up the DagBag from /home/airflow/.local/lib/python3.8/site-packages/airflow/example_dags/example_branch_operator.py
[2026-04-09T10:32:07.324+0000] {processor.py:840} INFO - DAG(s) 'example_branch_operator' retrieved from /home/airflow/.local/lib/python3.8/site-packages/airflow/example_dags/example_branch_operator.py
[2026-04-09T10:32:07.353+0000] {logging_mixin.py:188} INFO - [2026-04-09T10:32:07.353+0000] {dag.py:3033} INFO - Sync 1 DAGs
[2026-04-09T10:32:07.378+0000] {logging_mixin.py:188} INFO - [2026-04-09T10:32:07.378+0000] {dag.py:3820} INFO - Setting next_dagrun for example_branch_operator to 2026-04-08T00:00:00+00:00, run_after=2026-04-09T00:00:00+00:00
[2026-04-09T10:32:07.395+0000] {processor.py:183} INFO - Processing /home/airflow/.local/lib/python3.8/site-packages/airflow/example_dags/example_branch_operator.py took 0.098 seconds
[2026-04-09T10:32:37.557+0000] {processor.py:161} INFO - Started process (PID=843) to work on /home/airflow/.local/lib/python3.8/site-packages/airflow/example_dags/example_branch_operator.py
[2026-04-09T10:32:37.558+0000] {processor.py:830} INFO - Processing file /home/airflow/.local/lib/python3.8/site-packages/airflow/example_dags/example_branch_operator.py for tasks to queue
[2026-04-09T10:32:37.560+0000] {logging_mixin.py:188} INFO - [2026-04-09T10:32:37.560+0000] {dagbag.py:538} INFO - Filling up the DagBag from /home/airflow/.local/lib/python3.8/site-packages/airflow/example_dags/example_branch_operator.py
[2026-04-09T10:32:37.581+0000] {processor.py:840} INFO - DAG(s) 'example_branch_operator' retrieved from /home/airflow/.local/lib/python3.8/site-packages/airflow/example_dags/example_branch_operator.py
[2026-04-09T10:32:37.619+0000] {logging_mixin.py:188} INFO - [2026-04-09T10:32:37.619+0000] {dag.py:3033} INFO - Sync 1 DAGs
[2026-04-09T10:32:37.654+0000] {logging_mixin.py:188} INFO - [2026-04-09T10:32:37.653+0000] {dag.py:3820} INFO - Setting next_dagrun for example_branch_operator to 2026-04-08T00:00:00+00:00, run_after=2026-04-09T00:00:00+00:00
[2026-04-09T10:32:37.683+0000] {processor.py:183} INFO - Processing /home/airflow/.local/lib/python3.8/site-packages/airflow/example_dags/example_branch_operator.py took 0.129 seconds
[2026-04-09T10:33:08.080+0000] {processor.py:161} INFO - Started process (PID=904) to work on /home/airflow/.local/lib/python3.8/site-packages/airflow/example_dags/example_branch_operator.py
[2026-04-09T10:33:08.083+0000] {processor.py:830} INFO - Processing file /home/airflow/.local/lib/python3.8/site-packages/airflow/example_dags/example_branch_operator.py for tasks to queue
[2026-04-09T10:33:08.091+0000] {logging_mixin.py:188} INFO - [2026-04-09T10:33:08.091+0000] {dagbag.py:538} INFO - Filling up the DagBag from /home/airflow/.local/lib/python3.8/site-packages/airflow/example_dags/example_branch_operator.py
[2026-04-09T10:33:08.118+0000] {processor.py:840} INFO - DAG(s) 'example_branch_operator' retrieved from /home/airflow/.local/lib/python3.8/site-packages/airflow/example_dags/example_branch_operator.py
[2026-04-09T10:33:08.147+0000] {logging_mixin.py:188} INFO - [2026-04-09T10:33:08.147+0000] {dag.py:3033} INFO - Sync 1 DAGs
[2026-04-09T10:33:08.173+0000] {logging_mixin.py:188} INFO - [2026-04-09T10:33:08.173+0000] {dag.py:3820} INFO - Setting next_dagrun for example_branch_operator to 2026-04-08T00:00:00+00:00, run_after=2026-04-09T00:00:00+00:00
[2026-04-09T10:33:08.190+0000] {processor.py:183} INFO - Processing /home/airflow/.local/lib/python3.8/site-packages/airflow/example_dags/example_branch_operator.py took 0.114 seconds
[2026-04-09T10:33:38.743+0000] {processor.py:161} INFO - Started process (PID=965) to work on /home/airflow/.local/lib/python3.8/site-packages/airflow/example_dags/example_branch_operator.py
[2026-04-09T10:33:38.744+0000] {processor.py:830} INFO - Processing file /home/airflow/.local/lib/python3.8/site-packages/airflow/example_dags/example_branch_operator.py for tasks to queue
[2026-04-09T10:33:38.746+0000] {logging_mixin.py:188} INFO - [2026-04-09T10:33:38.746+0000] {dagbag.py:538} INFO - Filling up the DagBag from /home/airflow/.local/lib/python3.8/site-packages/airflow/example_dags/example_branch_operator.py
[2026-04-09T10:33:38.769+0000] {processor.py:840} INFO - DAG(s) 'example_branch_operator' retrieved from /home/airflow/.local/lib/python3.8/site-packages/airflow/example_dags/example_branch_operator.py
[2026-04-09T10:33:38.799+0000] {logging_mixin.py:188} INFO - [2026-04-09T10:33:38.799+0000] {dag.py:3033} INFO - Sync 1 DAGs
[2026-04-09T10:33:38.826+0000] {logging_mixin.py:188} INFO - [2026-04-09T10:33:38.826+0000] {dag.py:3820} INFO - Setting next_dagrun for example_branch_operator to 2026-04-08T00:00:00+00:00, run_after=2026-04-09T00:00:00+00:00
[2026-04-09T10:33:38.844+0000] {processor.py:183} INFO - Processing /home/airflow/.local/lib/python3.8/site-packages/airflow/example_dags/example_branch_operator.py took 0.104 seconds
[2026-04-09T10:34:09.667+0000] {processor.py:161} INFO - Started process (PID=1026) to work on /home/airflow/.local/lib/python3.8/site-packages/airflow/example_dags/example_branch_operator.py
[2026-04-09T10:34:09.668+0000] {processor.py:830} INFO - Processing file /home/airflow/.local/lib/python3.8/site-packages/airflow/example_dags/example_branch_operator.py for tasks to queue
[2026-04-09T10:34:09.670+0000] {logging_mixin.py:188} INFO - [2026-04-09T10:34:09.670+0000] {dagbag.py:538} INFO - Filling up the DagBag from /home/airflow/.local/lib/python3.8/site-packages/airflow/example_dags/example_branch_operator.py
[2026-04-09T10:34:09.691+0000] {processor.py:840} INFO - DAG(s) 'example_branch_operator' retrieved from /home/airflow/.local/lib/python3.8/site-packages/airflow/example_dags/example_branch_operator.py
[2026-04-09T10:34:09.776+0000] {logging_mixin.py:188} INFO - [2026-04-09T10:34:09.775+0000] {dag.py:3033} INFO - Sync 1 DAGs
[2026-04-09T10:34:09.862+0000] {logging_mixin.py:188} INFO - [2026-04-09T10:34:09.862+0000] {dag.py:3820} INFO - Setting next_dagrun for example_branch_operator to 2026-04-08T00:00:00+00:00, run_after=2026-04-09T00:00:00+00:00
[2026-04-09T10:34:09.884+0000] {processor.py:183} INFO - Processing /home/airflow/.local/lib/python3.8/site-packages/airflow/example_dags/example_branch_operator.py took 0.220 seconds
[2026-04-09T10:34:41.161+0000] {processor.py:161} INFO - Started process (PID=1087) to work on /home/airflow/.local/lib/python3.8/site-packages/airflow/example_dags/example_branch_operator.py
[2026-04-09T10:34:41.164+0000] {processor.py:830} INFO - Processing file /home/airflow/.local/lib/python3.8/site-packages/airflow/example_dags/example_branch_operator.py for tasks to queue
[2026-04-09T10:34:41.168+0000] {logging_mixin.py:188} INFO - [2026-04-09T10:34:41.168+0000] {dagbag.py:538} INFO - Filling up the DagBag from /home/airflow/.local/lib/python3.8/site-packages/airflow/example_dags/example_branch_operator.py
[2026-04-09T10:34:41.230+0000] {processor.py:840} INFO - DAG(s) 'example_branch_operator' retrieved from /home/airflow/.local/lib/python3.8/site-packages/airflow/example_dags/example_branch_operator.py
[2026-04-09T10:34:41.265+0000] {logging_mixin.py:188} INFO - [2026-04-09T10:34:41.265+0000] {dag.py:3033} INFO - Sync 1 DAGs
[2026-04-09T10:34:41.293+0000] {logging_mixin.py:188} INFO - [2026-04-09T10:34:41.293+0000] {dag.py:3820} INFO - Setting next_dagrun for example_branch_operator to 2026-04-08T00:00:00+00:00, run_after=2026-04-09T00:00:00+00:00
[2026-04-09T10:34:41.311+0000] {processor.py:183} INFO - Processing /home/airflow/.local/lib/python3.8/site-packages/airflow/example_dags/example_branch_operator.py took 0.153 seconds
[2026-04-09T10:35:12.716+0000] {processor.py:161} INFO - Started process (PID=1148) to work on /home/airflow/.local/lib/python3.8/site-packages/airflow/example_dags/example_branch_operator.py
[2026-04-09T10:35:12.717+0000] {processor.py:830} INFO - Processing file /home/airflow/.local/lib/python3.8/site-packages/airflow/example_dags/example_branch_operator.py for tasks to queue
[2026-04-09T10:35:12.729+0000] {logging_mixin.py:188} INFO - [2026-04-09T10:35:12.729+0000] {dagbag.py:538} INFO - Filling up the DagBag from /home/airflow/.local/lib/python3.8/site-packages/airflow/example_dags/example_branch_operator.py
[2026-04-09T10:35:12.804+0000] {processor.py:840} INFO - DAG(s) 'example_branch_operator' retrieved from /home/airflow/.local/lib/python3.8/site-packages/airflow/example_dags/example_branch_operator.py
[2026-04-09T10:35:12.918+0000] {logging_mixin.py:188} INFO - [2026-04-09T10:35:12.918+0000] {dag.py:3033} INFO - Sync 1 DAGs
[2026-04-09T10:35:13.007+0000] {logging_mixin.py:188} INFO - [2026-04-09T10:35:13.007+0000] {dag.py:3820} INFO - Setting next_dagrun for example_branch_operator to 2026-04-08T00:00:00+00:00, run_after=2026-04-09T00:00:00+00:00
[2026-04-09T10:35:13.538+0000] {processor.py:183} INFO - Processing /home/airflow/.local/lib/python3.8/site-packages/airflow/example_dags/example_branch_operator.py took 0.832 seconds
[2026-04-09T10:35:43.618+0000] {processor.py:161} INFO - Started process (PID=1212) to work on /home/airflow/.local/lib/python3.8/site-packages/airflow/example_dags/example_branch_operator.py
[2026-04-09T10:35:43.619+0000] {processor.py:830} INFO - Processing file /home/airflow/.local/lib/python3.8/site-packages/airflow/example_dags/example_branch_operator.py for tasks to queue
[2026-04-09T10:35:43.621+0000] {logging_mixin.py:188} INFO - [2026-04-09T10:35:43.621+0000] {dagbag.py:538} INFO - Filling up the DagBag from /home/airflow/.local/lib/python3.8/site-packages/airflow/example_dags/example_branch_operator.py
[2026-04-09T10:35:43.640+0000] {processor.py:840} INFO - DAG(s) 'example_branch_operator' retrieved from /home/airflow/.local/lib/python3.8/site-packages/airflow/example_dags/example_branch_operator.py
[2026-04-09T10:35:43.677+0000] {logging_mixin.py:188} INFO - [2026-04-09T10:35:43.677+0000] {dag.py:3033} INFO - Sync 1 DAGs
[2026-04-09T10:35:43.832+0000] {logging_mixin.py:188} INFO - [2026-04-09T10:35:43.832+0000] {dag.py:3820} INFO - Setting next_dagrun for example_branch_operator to 2026-04-08T00:00:00+00:00, run_after=2026-04-09T00:00:00+00:00
[2026-04-09T10:35:43.844+0000] {processor.py:183} INFO - Processing /home/airflow/.local/lib/python3.8/site-packages/airflow/example_dags/example_branch_operator.py took 0.228 seconds
[2026-04-09T10:36:14.733+0000] {processor.py:161} INFO - Started process (PID=1270) to work on /home/airflow/.local/lib/python3.8/site-packages/airflow/example_dags/example_branch_operator.py
[2026-04-09T10:36:14.734+0000] {processor.py:830} INFO - Processing file /home/airflow/.local/lib/python3.8/site-packages/airflow/example_dags/example_branch_operator.py for tasks to queue
[2026-04-09T10:36:14.736+0000] {logging_mixin.py:188} INFO - [2026-04-09T10:36:14.736+0000] {dagbag.py:538} INFO - Filling up the DagBag from /home/airflow/.local/lib/python3.8/site-packages/airflow/example_dags/example_branch_operator.py
[2026-04-09T10:36:14.754+0000] {processor.py:840} INFO - DAG(s) 'example_branch_operator' retrieved from /home/airflow/.local/lib/python3.8/site-packages/airflow/example_dags/example_branch_operator.py
[2026-04-09T10:36:14.930+0000] {logging_mixin.py:188} INFO - [2026-04-09T10:36:14.930+0000] {dag.py:3033} INFO - Sync 1 DAGs
[2026-04-09T10:36:14.948+0000] {logging_mixin.py:188} INFO - [2026-04-09T10:36:14.948+0000] {dag.py:3820} INFO - Setting next_dagrun for example_branch_operator to 2026-04-08T00:00:00+00:00, run_after=2026-04-09T00:00:00+00:00
[2026-04-09T10:36:14.960+0000] {processor.py:183} INFO - Processing /home/airflow/.local/lib/python3.8/site-packages/airflow/example_dags/example_branch_operator.py took 0.231 seconds
[2026-04-09T10:36:45.066+0000] {processor.py:161} INFO - Started process (PID=1333) to work on /home/airflow/.local/lib/python3.8/site-packages/airflow/example_dags/example_branch_operator.py
[2026-04-09T10:36:45.067+0000] {processor.py:830} INFO - Processing file /home/airflow/.local/lib/python3.8/site-packages/airflow/example_dags/example_branch_operator.py for tasks to queue
[2026-04-09T10:36:45.069+0000] {logging_mixin.py:188} INFO - [2026-04-09T10:36:45.068+0000] {dagbag.py:538} INFO - Filling up the DagBag from /home/airflow/.local/lib/python3.8/site-packages/airflow/example_dags/example_branch_operator.py
[2026-04-09T10:36:45.086+0000] {processor.py:840} INFO - DAG(s) 'example_branch_operator' retrieved from /home/airflow/.local/lib/python3.8/site-packages/airflow/example_dags/example_branch_operator.py
[2026-04-09T10:36:45.110+0000] {logging_mixin.py:188} INFO - [2026-04-09T10:36:45.110+0000] {dag.py:3033} INFO - Sync 1 DAGs
[2026-04-09T10:36:45.127+0000] {logging_mixin.py:188} INFO - [2026-04-09T10:36:45.127+0000] {dag.py:3820} INFO - Setting next_dagrun for example_branch_operator to 2026-04-08T00:00:00+00:00, run_after=2026-04-09T00:00:00+00:00
[2026-04-09T10:36:45.141+0000] {processor.py:183} INFO - Processing /home/airflow/.local/lib/python3.8/site-packages/airflow/example_dags/example_branch_operator.py took 0.077 seconds
[2026-04-09T10:37:15.238+0000] {processor.py:161} INFO - Started process (PID=1395) to work on /home/airflow/.local/lib/python3.8/site-packages/airflow/example_dags/example_branch_operator.py
[2026-04-09T10:37:15.239+0000] {processor.py:830} INFO - Processing file /home/airflow/.local/lib/python3.8/site-packages/airflow/example_dags/example_branch_operator.py for tasks to queue
[2026-04-09T10:37:15.241+0000] {logging_mixin.py:188} INFO - [2026-04-09T10:37:15.241+0000] {dagbag.py:538} INFO - Filling up the DagBag from /home/airflow/.local/lib/python3.8/site-packages/airflow/example_dags/example_branch_operator.py
[2026-04-09T10:37:15.261+0000] {processor.py:840} INFO - DAG(s) 'example_branch_operator' retrieved from /home/airflow/.local/lib/python3.8/site-packages/airflow/example_dags/example_branch_operator.py
[2026-04-09T10:37:15.293+0000] {logging_mixin.py:188} INFO - [2026-04-09T10:37:15.293+0000] {dag.py:3033} INFO - Sync 1 DAGs
[2026-04-09T10:37:15.326+0000] {logging_mixin.py:188} INFO - [2026-04-09T10:37:15.325+0000] {dag.py:3820} INFO - Setting next_dagrun for example_branch_operator to 2026-04-08T00:00:00+00:00, run_after=2026-04-09T00:00:00+00:00
[2026-04-09T10:37:15.345+0000] {processor.py:183} INFO - Processing /home/airflow/.local/lib/python3.8/site-packages/airflow/example_dags/example_branch_operator.py took 0.110 seconds
[2026-04-09T10:37:45.428+0000] {processor.py:161} INFO - Started process (PID=1455) to work on /home/airflow/.local/lib/python3.8/site-packages/airflow/example_dags/example_branch_operator.py
[2026-04-09T10:37:45.429+0000] {processor.py:830} INFO - Processing file /home/airflow/.local/lib/python3.8/site-packages/airflow/example_dags/example_branch_operator.py for tasks to queue
[2026-04-09T10:37:45.431+0000] {logging_mixin.py:188} INFO - [2026-04-09T10:37:45.431+0000] {dagbag.py:538} INFO - Filling up the DagBag from /home/airflow/.local/lib/python3.8/site-packages/airflow/example_dags/example_branch_operator.py
[2026-04-09T10:37:45.451+0000] {processor.py:840} INFO - DAG(s) 'example_branch_operator' retrieved from /home/airflow/.local/lib/python3.8/site-packages/airflow/example_dags/example_branch_operator.py
[2026-04-09T10:37:45.485+0000] {logging_mixin.py:188} INFO - [2026-04-09T10:37:45.485+0000] {dag.py:3033} INFO - Sync 1 DAGs
[2026-04-09T10:37:45.546+0000] {logging_mixin.py:188} INFO - [2026-04-09T10:37:45.546+0000] {dag.py:3820} INFO - Setting next_dagrun for example_branch_operator to 2026-04-08T00:00:00+00:00, run_after=2026-04-09T00:00:00+00:00
[2026-04-09T10:37:45.583+0000] {processor.py:183} INFO - Processing /home/airflow/.local/lib/python3.8/site-packages/airflow/example_dags/example_branch_operator.py took 0.158 seconds
[2026-04-09T10:38:15.993+0000] {processor.py:161} INFO - Started process (PID=1524) to work on /home/airflow/.local/lib/python3.8/site-packages/airflow/example_dags/example_branch_operator.py
[2026-04-09T10:38:15.994+0000] {processor.py:830} INFO - Processing file /home/airflow/.local/lib/python3.8/site-packages/airflow/example_dags/example_branch_operator.py for tasks to queue
[2026-04-09T10:38:15.996+0000] {logging_mixin.py:188} INFO - [2026-04-09T10:38:15.996+0000] {dagbag.py:538} INFO - Filling up the DagBag from /home/airflow/.local/lib/python3.8/site-packages/airflow/example_dags/example_branch_operator.py
[2026-04-09T10:38:16.015+0000] {processor.py:840} INFO - DAG(s) 'example_branch_operator' retrieved from /home/airflow/.local/lib/python3.8/site-packages/airflow/example_dags/example_branch_operator.py
[2026-04-09T10:38:16.043+0000] {logging_mixin.py:188} INFO - [2026-04-09T10:38:16.043+0000] {dag.py:3033} INFO - Sync 1 DAGs
[2026-04-09T10:38:16.060+0000] {logging_mixin.py:188} INFO - [2026-04-09T10:38:16.060+0000] {dag.py:3820} INFO - Setting next_dagrun for example_branch_operator to 2026-04-08T00:00:00+00:00, run_after=2026-04-09T00:00:00+00:00
[2026-04-09T10:38:16.074+0000] {processor.py:183} INFO - Processing /home/airflow/.local/lib/python3.8/site-packages/airflow/example_dags/example_branch_operator.py took 0.084 seconds
[2026-04-09T10:38:46.111+0000] {processor.py:161} INFO - Started process (PID=1584) to work on /home/airflow/.local/lib/python3.8/site-packages/airflow/example_dags/example_branch_operator.py
[2026-04-09T10:38:46.112+0000] {processor.py:830} INFO - Processing file /home/airflow/.local/lib/python3.8/site-packages/airflow/example_dags/example_branch_operator.py for tasks to queue
[2026-04-09T10:38:46.114+0000] {logging_mixin.py:188} INFO - [2026-04-09T10:38:46.114+0000] {dagbag.py:538} INFO - Filling up the DagBag from /home/airflow/.local/lib/python3.8/site-packages/airflow/example_dags/example_branch_operator.py
[2026-04-09T10:38:46.133+0000] {processor.py:840} INFO - DAG(s) 'example_branch_operator' retrieved from /home/airflow/.local/lib/python3.8/site-packages/airflow/example_dags/example_branch_operator.py
[2026-04-09T10:38:46.164+0000] {logging_mixin.py:188} INFO - [2026-04-09T10:38:46.163+0000] {dag.py:3033} INFO - Sync 1 DAGs
[2026-04-09T10:38:46.188+0000] {logging_mixin.py:188} INFO - [2026-04-09T10:38:46.188+0000] {dag.py:3820} INFO - Setting next_dagrun for example_branch_operator to 2026-04-08T00:00:00+00:00, run_after=2026-04-09T00:00:00+00:00
[2026-04-09T10:38:46.205+0000] {processor.py:183} INFO - Processing /home/airflow/.local/lib/python3.8/site-packages/airflow/example_dags/example_branch_operator.py took 0.097 seconds
[2026-04-09T10:39:16.413+0000] {processor.py:161} INFO - Started process (PID=1645) to work on /home/airflow/.local/lib/python3.8/site-packages/airflow/example_dags/example_branch_operator.py
[2026-04-09T10:39:16.413+0000] {processor.py:830} INFO - Processing file /home/airflow/.local/lib/python3.8/site-packages/airflow/example_dags/example_branch_operator.py for tasks to queue
[2026-04-09T10:39:16.415+0000] {logging_mixin.py:188} INFO - [2026-04-09T10:39:16.415+0000] {dagbag.py:538} INFO - Filling up the DagBag from /home/airflow/.local/lib/python3.8/site-packages/airflow/example_dags/example_branch_operator.py
[2026-04-09T10:39:16.436+0000] {processor.py:840} INFO - DAG(s) 'example_branch_operator' retrieved from /home/airflow/.local/lib/python3.8/site-packages/airflow/example_dags/example_branch_operator.py
[2026-04-09T10:39:16.469+0000] {logging_mixin.py:188} INFO - [2026-04-09T10:39:16.469+0000] {dag.py:3033} INFO - Sync 1 DAGs
[2026-04-09T10:39:16.519+0000] {logging_mixin.py:188} INFO - [2026-04-09T10:39:16.519+0000] {dag.py:3820} INFO - Setting next_dagrun for example_branch_operator to 2026-04-08T00:00:00+00:00, run_after=2026-04-09T00:00:00+00:00
[2026-04-09T10:39:16.631+0000] {processor.py:183} INFO - Processing /home/airflow/.local/lib/python3.8/site-packages/airflow/example_dags/example_branch_operator.py took 0.222 seconds
[2026-04-09T10:39:47.598+0000] {processor.py:161} INFO - Started process (PID=1706) to work on /home/airflow/.local/lib/python3.8/site-packages/airflow/example_dags/example_branch_operator.py
[2026-04-09T10:39:47.598+0000] {processor.py:830} INFO - Processing file /home/airflow/.local/lib/python3.8/site-packages/airflow/example_dags/example_branch_operator.py for tasks to queue
[2026-04-09T10:39:47.600+0000] {logging_mixin.py:188} INFO - [2026-04-09T10:39:47.600+0000] {dagbag.py:538} INFO - Filling up the DagBag from /home/airflow/.local/lib/python3.8/site-packages/airflow/example_dags/example_branch_operator.py
[2026-04-09T10:39:47.624+0000] {processor.py:840} INFO - DAG(s) 'example_branch_operator' retrieved from /home/airflow/.local/lib/python3.8/site-packages/airflow/example_dags/example_branch_operator.py
[2026-04-09T10:39:47.655+0000] {logging_mixin.py:188} INFO - [2026-04-09T10:39:47.655+0000] {dag.py:3033} INFO - Sync 1 DAGs
[2026-04-09T10:39:47.682+0000] {logging_mixin.py:188} INFO - [2026-04-09T10:39:47.682+0000] {dag.py:3820} INFO - Setting next_dagrun for example_branch_operator to 2026-04-08T00:00:00+00:00, run_after=2026-04-09T00:00:00+00:00
[2026-04-09T10:39:47.698+0000] {processor.py:183} INFO - Processing /home/airflow/.local/lib/python3.8/site-packages/airflow/example_dags/example_branch_operator.py took 0.103 seconds
[2026-04-09T10:40:17.895+0000] {processor.py:161} INFO - Started process (PID=1767) to work on /home/airflow/.local/lib/python3.8/site-packages/airflow/example_dags/example_branch_operator.py
[2026-04-09T10:40:17.899+0000] {processor.py:830} INFO - Processing file /home/airflow/.local/lib/python3.8/site-packages/airflow/example_dags/example_branch_operator.py for tasks to queue
[2026-04-09T10:40:17.905+0000] {logging_mixin.py:188} INFO - [2026-04-09T10:40:17.905+0000] {dagbag.py:538} INFO - Filling up the DagBag from /home/airflow/.local/lib/python3.8/site-packages/airflow/example_dags/example_branch_operator.py
[2026-04-09T10:40:17.943+0000] {processor.py:840} INFO - DAG(s) 'example_branch_operator' retrieved from /home/airflow/.local/lib/python3.8/site-packages/airflow/example_dags/example_branch_operator.py
[2026-04-09T10:40:17.979+0000] {logging_mixin.py:188} INFO - [2026-04-09T10:40:17.979+0000] {dag.py:3033} INFO - Sync 1 DAGs
[2026-04-09T10:40:18.003+0000] {logging_mixin.py:188} INFO - [2026-04-09T10:40:18.003+0000] {dag.py:3820} INFO - Setting next_dagrun for example_branch_operator to 2026-04-08T00:00:00+00:00, run_after=2026-04-09T00:00:00+00:00
[2026-04-09T10:40:18.020+0000] {processor.py:183} INFO - Processing /home/airflow/.local/lib/python3.8/site-packages/airflow/example_dags/example_branch_operator.py took 0.131 seconds
[2026-04-09T10:40:48.450+0000] {processor.py:161} INFO - Started process (PID=1828) to work on /home/airflow/.local/lib/python3.8/site-packages/airflow/example_dags/example_branch_operator.py
[2026-04-09T10:40:48.452+0000] {processor.py:830} INFO - Processing file /home/airflow/.local/lib/python3.8/site-packages/airflow/example_dags/example_branch_operator.py for tasks to queue
[2026-04-09T10:40:48.457+0000] {logging_mixin.py:188} INFO - [2026-04-09T10:40:48.456+0000] {dagbag.py:538} INFO - Filling up the DagBag from /home/airflow/.local/lib/python3.8/site-packages/airflow/example_dags/example_branch_operator.py
[2026-04-09T10:40:48.480+0000] {processor.py:840} INFO - DAG(s) 'example_branch_operator' retrieved from /home/airflow/.local/lib/python3.8/site-packages/airflow/example_dags/example_branch_operator.py
[2026-04-09T10:40:48.510+0000] {logging_mixin.py:188} INFO - [2026-04-09T10:40:48.510+0000] {dag.py:3033} INFO - Sync 1 DAGs
[2026-04-09T10:40:48.539+0000] {logging_mixin.py:188} INFO - [2026-04-09T10:40:48.538+0000] {dag.py:3820} INFO - Setting next_dagrun for example_branch_operator to 2026-04-08T00:00:00+00:00, run_after=2026-04-09T00:00:00+00:00
[2026-04-09T10:40:48.558+0000] {processor.py:183} INFO - Processing /home/airflow/.local/lib/python3.8/site-packages/airflow/example_dags/example_branch_operator.py took 0.112 seconds
[2026-04-09T10:41:18.898+0000] {processor.py:161} INFO - Started process (PID=1889) to work on /home/airflow/.local/lib/python3.8/site-packages/airflow/example_dags/example_branch_operator.py
[2026-04-09T10:41:18.899+0000] {processor.py:830} INFO - Processing file /home/airflow/.local/lib/python3.8/site-packages/airflow/example_dags/example_branch_operator.py for tasks to queue
[2026-04-09T10:41:18.901+0000] {logging_mixin.py:188} INFO - [2026-04-09T10:41:18.901+0000] {dagbag.py:538} INFO - Filling up the DagBag from /home/airflow/.local/lib/python3.8/site-packages/airflow/example_dags/example_branch_operator.py
[2026-04-09T10:41:18.923+0000] {processor.py:840} INFO - DAG(s) 'example_branch_operator' retrieved from /home/airflow/.local/lib/python3.8/site-packages/airflow/example_dags/example_branch_operator.py
[2026-04-09T10:41:18.962+0000] {logging_mixin.py:188} INFO - [2026-04-09T10:41:18.961+0000] {dag.py:3033} INFO - Sync 1 DAGs
[2026-04-09T10:41:18.993+0000] {logging_mixin.py:188} INFO - [2026-04-09T10:41:18.993+0000] {dag.py:3820} INFO - Setting next_dagrun for example_branch_operator to 2026-04-08T00:00:00+00:00, run_after=2026-04-09T00:00:00+00:00
[2026-04-09T10:41:19.018+0000] {processor.py:183} INFO - Processing /home/airflow/.local/lib/python3.8/site-packages/airflow/example_dags/example_branch_operator.py took 0.123 seconds
[2026-04-09T10:41:49.525+0000] {processor.py:161} INFO - Started process (PID=1950) to work on /home/airflow/.local/lib/python3.8/site-packages/airflow/example_dags/example_branch_operator.py
[2026-04-09T10:41:49.526+0000] {processor.py:830} INFO - Processing file /home/airflow/.local/lib/python3.8/site-packages/airflow/example_dags/example_branch_operator.py for tasks to queue
[2026-04-09T10:41:49.528+0000] {logging_mixin.py:188} INFO - [2026-04-09T10:41:49.527+0000] {dagbag.py:538} INFO - Filling up the DagBag from /home/airflow/.local/lib/python3.8/site-packages/airflow/example_dags/example_branch_operator.py
[2026-04-09T10:41:49.552+0000] {processor.py:840} INFO - DAG(s) 'example_branch_operator' retrieved from /home/airflow/.local/lib/python3.8/site-packages/airflow/example_dags/example_branch_operator.py
[2026-04-09T10:41:49.583+0000] {logging_mixin.py:188} INFO - [2026-04-09T10:41:49.583+0000] {dag.py:3033} INFO - Sync 1 DAGs
[2026-04-09T10:41:49.612+0000] {logging_mixin.py:188} INFO - [2026-04-09T10:41:49.612+0000] {dag.py:3820} INFO - Setting next_dagrun for example_branch_operator to 2026-04-08T00:00:00+00:00, run_after=2026-04-09T00:00:00+00:00
[2026-04-09T10:41:49.630+0000] {processor.py:183} INFO - Processing /home/airflow/.local/lib/python3.8/site-packages/airflow/example_dags/example_branch_operator.py took 0.109 seconds
[2026-04-09T10:42:20.151+0000] {processor.py:161} INFO - Started process (PID=2011) to work on /home/airflow/.local/lib/python3.8/site-packages/airflow/example_dags/example_branch_operator.py
[2026-04-09T10:42:20.152+0000] {processor.py:830} INFO - Processing file /home/airflow/.local/lib/python3.8/site-packages/airflow/example_dags/example_branch_operator.py for tasks to queue
[2026-04-09T10:42:20.154+0000] {logging_mixin.py:188} INFO - [2026-04-09T10:42:20.154+0000] {dagbag.py:538} INFO - Filling up the DagBag from /home/airflow/.local/lib/python3.8/site-packages/airflow/example_dags/example_branch_operator.py
[2026-04-09T10:42:20.178+0000] {processor.py:840} INFO - DAG(s) 'example_branch_operator' retrieved from /home/airflow/.local/lib/python3.8/site-packages/airflow/example_dags/example_branch_operator.py
[2026-04-09T10:42:20.208+0000] {logging_mixin.py:188} INFO - [2026-04-09T10:42:20.208+0000] {dag.py:3033} INFO - Sync 1 DAGs
[2026-04-09T10:42:20.236+0000] {logging_mixin.py:188} INFO - [2026-04-09T10:42:20.236+0000] {dag.py:3820} INFO - Setting next_dagrun for example_branch_operator to 2026-04-08T00:00:00+00:00, run_after=2026-04-09T00:00:00+00:00
[2026-04-09T10:42:20.260+0000] {processor.py:183} INFO - Processing /home/airflow/.local/lib/python3.8/site-packages/airflow/example_dags/example_branch_operator.py took 0.113 seconds
[2026-04-09T10:42:51.235+0000] {processor.py:161} INFO - Started process (PID=2072) to work on /home/airflow/.local/lib/python3.8/site-packages/airflow/example_dags/example_branch_operator.py
[2026-04-09T10:42:51.237+0000] {processor.py:830} INFO - Processing file /home/airflow/.local/lib/python3.8/site-packages/airflow/example_dags/example_branch_operator.py for tasks to queue
[2026-04-09T10:42:51.242+0000] {logging_mixin.py:188} INFO - [2026-04-09T10:42:51.241+0000] {dagbag.py:538} INFO - Filling up the DagBag from /home/airflow/.local/lib/python3.8/site-packages/airflow/example_dags/example_branch_operator.py
[2026-04-09T10:42:51.263+0000] {processor.py:840} INFO - DAG(s) 'example_branch_operator' retrieved from /home/airflow/.local/lib/python3.8/site-packages/airflow/example_dags/example_branch_operator.py
[2026-04-09T10:42:51.296+0000] {logging_mixin.py:188} INFO - [2026-04-09T10:42:51.296+0000] {dag.py:3033} INFO - Sync 1 DAGs
[2026-04-09T10:42:51.324+0000] {logging_mixin.py:188} INFO - [2026-04-09T10:42:51.324+0000] {dag.py:3820} INFO - Setting next_dagrun for example_branch_operator to 2026-04-08T00:00:00+00:00, run_after=2026-04-09T00:00:00+00:00
[2026-04-09T10:42:51.340+0000] {processor.py:183} INFO - Processing /home/airflow/.local/lib/python3.8/site-packages/airflow/example_dags/example_branch_operator.py took 0.109 seconds
[2026-04-09T10:43:22.271+0000] {processor.py:161} INFO - Started process (PID=2133) to work on /home/airflow/.local/lib/python3.8/site-packages/airflow/example_dags/example_branch_operator.py
[2026-04-09T10:43:22.272+0000] {processor.py:830} INFO - Processing file /home/airflow/.local/lib/python3.8/site-packages/airflow/example_dags/example_branch_operator.py for tasks to queue
[2026-04-09T10:43:22.274+0000] {logging_mixin.py:188} INFO - [2026-04-09T10:43:22.274+0000] {dagbag.py:538} INFO - Filling up the DagBag from /home/airflow/.local/lib/python3.8/site-packages/airflow/example_dags/example_branch_operator.py
[2026-04-09T10:43:22.296+0000] {processor.py:840} INFO - DAG(s) 'example_branch_operator' retrieved from /home/airflow/.local/lib/python3.8/site-packages/airflow/example_dags/example_branch_operator.py
[2026-04-09T10:43:22.327+0000] {logging_mixin.py:188} INFO - [2026-04-09T10:43:22.327+0000] {dag.py:3033} INFO - Sync 1 DAGs
[2026-04-09T10:43:22.357+0000] {logging_mixin.py:188} INFO - [2026-04-09T10:43:22.357+0000] {dag.py:3820} INFO - Setting next_dagrun for example_branch_operator to 2026-04-08T00:00:00+00:00, run_after=2026-04-09T00:00:00+00:00
[2026-04-09T10:43:22.374+0000] {processor.py:183} INFO - Processing /home/airflow/.local/lib/python3.8/site-packages/airflow/example_dags/example_branch_operator.py took 0.107 seconds
[2026-04-09T10:43:52.700+0000] {processor.py:161} INFO - Started process (PID=2194) to work on /home/airflow/.local/lib/python3.8/site-packages/airflow/example_dags/example_branch_operator.py
[2026-04-09T10:43:52.704+0000] {processor.py:830} INFO - Processing file /home/airflow/.local/lib/python3.8/site-packages/airflow/example_dags/example_branch_operator.py for tasks to queue
[2026-04-09T10:43:52.714+0000] {logging_mixin.py:188} INFO - [2026-04-09T10:43:52.714+0000] {dagbag.py:538} INFO - Filling up the DagBag from /home/airflow/.local/lib/python3.8/site-packages/airflow/example_dags/example_branch_operator.py
[2026-04-09T10:43:52.754+0000] {processor.py:840} INFO - DAG(s) 'example_branch_operator' retrieved from /home/airflow/.local/lib/python3.8/site-packages/airflow/example_dags/example_branch_operator.py
[2026-04-09T10:43:52.786+0000] {logging_mixin.py:188} INFO - [2026-04-09T10:43:52.786+0000] {dag.py:3033} INFO - Sync 1 DAGs
[2026-04-09T10:43:52.834+0000] {logging_mixin.py:188} INFO - [2026-04-09T10:43:52.834+0000] {dag.py:3820} INFO - Setting next_dagrun for example_branch_operator to 2026-04-08T00:00:00+00:00, run_after=2026-04-09T00:00:00+00:00
[2026-04-09T10:43:52.853+0000] {processor.py:183} INFO - Processing /home/airflow/.local/lib/python3.8/site-packages/airflow/example_dags/example_branch_operator.py took 0.172 seconds
[2026-04-09T10:44:23.248+0000] {processor.py:161} INFO - Started process (PID=2255) to work on /home/airflow/.local/lib/python3.8/site-packages/airflow/example_dags/example_branch_operator.py
[2026-04-09T10:44:23.249+0000] {processor.py:830} INFO - Processing file /home/airflow/.local/lib/python3.8/site-packages/airflow/example_dags/example_branch_operator.py for tasks to queue
[2026-04-09T10:44:23.251+0000] {logging_mixin.py:188} INFO - [2026-04-09T10:44:23.251+0000] {dagbag.py:538} INFO - Filling up the DagBag from /home/airflow/.local/lib/python3.8/site-packages/airflow/example_dags/example_branch_operator.py
[2026-04-09T10:44:23.273+0000] {processor.py:840} INFO - DAG(s) 'example_branch_operator' retrieved from /home/airflow/.local/lib/python3.8/site-packages/airflow/example_dags/example_branch_operator.py
[2026-04-09T10:44:23.307+0000] {logging_mixin.py:188} INFO - [2026-04-09T10:44:23.307+0000] {dag.py:3033} INFO - Sync 1 DAGs
[2026-04-09T10:44:23.337+0000] {logging_mixin.py:188} INFO - [2026-04-09T10:44:23.336+0000] {dag.py:3820} INFO - Setting next_dagrun for example_branch_operator to 2026-04-08T00:00:00+00:00, run_after=2026-04-09T00:00:00+00:00
[2026-04-09T10:44:23.353+0000] {processor.py:183} INFO - Processing /home/airflow/.local/lib/python3.8/site-packages/airflow/example_dags/example_branch_operator.py took 0.111 seconds
[2026-04-09T10:44:53.789+0000] {processor.py:161} INFO - Started process (PID=2316) to work on /home/airflow/.local/lib/python3.8/site-packages/airflow/example_dags/example_branch_operator.py
[2026-04-09T10:44:53.793+0000] {processor.py:830} INFO - Processing file /home/airflow/.local/lib/python3.8/site-packages/airflow/example_dags/example_branch_operator.py for tasks to queue
[2026-04-09T10:44:53.800+0000] {logging_mixin.py:188} INFO - [2026-04-09T10:44:53.800+0000] {dagbag.py:538} INFO - Filling up the DagBag from /home/airflow/.local/lib/python3.8/site-packages/airflow/example_dags/example_branch_operator.py
[2026-04-09T10:44:53.866+0000] {processor.py:840} INFO - DAG(s) 'example_branch_operator' retrieved from /home/airflow/.local/lib/python3.8/site-packages/airflow/example_dags/example_branch_operator.py
[2026-04-09T10:44:53.947+0000] {logging_mixin.py:188} INFO - [2026-04-09T10:44:53.947+0000] {dag.py:3033} INFO - Sync 1 DAGs
[2026-04-09T10:44:53.977+0000] {logging_mixin.py:188} INFO - [2026-04-09T10:44:53.977+0000] {dag.py:3820} INFO - Setting next_dagrun for example_branch_operator to 2026-04-08T00:00:00+00:00, run_after=2026-04-09T00:00:00+00:00
[2026-04-09T10:44:53.993+0000] {processor.py:183} INFO - Processing /home/airflow/.local/lib/python3.8/site-packages/airflow/example_dags/example_branch_operator.py took 0.216 seconds
[2026-04-09T10:45:24.065+0000] {processor.py:161} INFO - Started process (PID=2377) to work on /home/airflow/.local/lib/python3.8/site-packages/airflow/example_dags/example_branch_operator.py
[2026-04-09T10:45:24.070+0000] {processor.py:830} INFO - Processing file /home/airflow/.local/lib/python3.8/site-packages/airflow/example_dags/example_branch_operator.py for tasks to queue
[2026-04-09T10:45:24.076+0000] {logging_mixin.py:188} INFO - [2026-04-09T10:45:24.076+0000] {dagbag.py:538} INFO - Filling up the DagBag from /home/airflow/.local/lib/python3.8/site-packages/airflow/example_dags/example_branch_operator.py
[2026-04-09T10:45:24.124+0000] {processor.py:840} INFO - DAG(s) 'example_branch_operator' retrieved from /home/airflow/.local/lib/python3.8/site-packages/airflow/example_dags/example_branch_operator.py
[2026-04-09T10:45:24.178+0000] {logging_mixin.py:188} INFO - [2026-04-09T10:45:24.178+0000] {dag.py:3033} INFO - Sync 1 DAGs
[2026-04-09T10:45:24.245+0000] {logging_mixin.py:188} INFO - [2026-04-09T10:45:24.244+0000] {dag.py:3820} INFO - Setting next_dagrun for example_branch_operator to 2026-04-08T00:00:00+00:00, run_after=2026-04-09T00:00:00+00:00
[2026-04-09T10:45:24.283+0000] {processor.py:183} INFO - Processing /home/airflow/.local/lib/python3.8/site-packages/airflow/example_dags/example_branch_operator.py took 0.230 seconds
[2026-04-09T10:45:55.198+0000] {processor.py:161} INFO - Started process (PID=2439) to work on /home/airflow/.local/lib/python3.8/site-packages/airflow/example_dags/example_branch_operator.py
[2026-04-09T10:45:55.203+0000] {processor.py:830} INFO - Processing file /home/airflow/.local/lib/python3.8/site-packages/airflow/example_dags/example_branch_operator.py for tasks to queue
[2026-04-09T10:45:55.208+0000] {logging_mixin.py:188} INFO - [2026-04-09T10:45:55.207+0000] {dagbag.py:538} INFO - Filling up the DagBag from /home/airflow/.local/lib/python3.8/site-packages/airflow/example_dags/example_branch_operator.py
[2026-04-09T10:45:55.254+0000] {processor.py:840} INFO - DAG(s) 'example_branch_operator' retrieved from /home/airflow/.local/lib/python3.8/site-packages/airflow/example_dags/example_branch_operator.py
[2026-04-09T10:45:55.305+0000] {logging_mixin.py:188} INFO - [2026-04-09T10:45:55.305+0000] {dag.py:3033} INFO - Sync 1 DAGs
[2026-04-09T10:45:55.327+0000] {logging_mixin.py:188} INFO - [2026-04-09T10:45:55.327+0000] {dag.py:3820} INFO - Setting next_dagrun for example_branch_operator to 2026-04-08T00:00:00+00:00, run_after=2026-04-09T00:00:00+00:00
[2026-04-09T10:45:55.344+0000] {processor.py:183} INFO - Processing /home/airflow/.local/lib/python3.8/site-packages/airflow/example_dags/example_branch_operator.py took 0.153 seconds
[2026-04-09T10:46:25.537+0000] {processor.py:161} INFO - Started process (PID=2500) to work on /home/airflow/.local/lib/python3.8/site-packages/airflow/example_dags/example_branch_operator.py
[2026-04-09T10:46:25.537+0000] {processor.py:830} INFO - Processing file /home/airflow/.local/lib/python3.8/site-packages/airflow/example_dags/example_branch_operator.py for tasks to queue
[2026-04-09T10:46:25.540+0000] {logging_mixin.py:188} INFO - [2026-04-09T10:46:25.539+0000] {dagbag.py:538} INFO - Filling up the DagBag from /home/airflow/.local/lib/python3.8/site-packages/airflow/example_dags/example_branch_operator.py
[2026-04-09T10:46:25.561+0000] {processor.py:840} INFO - DAG(s) 'example_branch_operator' retrieved from /home/airflow/.local/lib/python3.8/site-packages/airflow/example_dags/example_branch_operator.py
[2026-04-09T10:46:25.591+0000] {logging_mixin.py:188} INFO - [2026-04-09T10:46:25.591+0000] {dag.py:3033} INFO - Sync 1 DAGs
[2026-04-09T10:46:25.612+0000] {logging_mixin.py:188} INFO - [2026-04-09T10:46:25.612+0000] {dag.py:3820} INFO - Setting next_dagrun for example_branch_operator to 2026-04-08T00:00:00+00:00, run_after=2026-04-09T00:00:00+00:00
[2026-04-09T10:46:25.630+0000] {processor.py:183} INFO - Processing /home/airflow/.local/lib/python3.8/site-packages/airflow/example_dags/example_branch_operator.py took 0.097 seconds
[2026-04-09T10:46:55.764+0000] {processor.py:161} INFO - Started process (PID=2561) to work on /home/airflow/.local/lib/python3.8/site-packages/airflow/example_dags/example_branch_operator.py
[2026-04-09T10:46:55.767+0000] {processor.py:830} INFO - Processing file /home/airflow/.local/lib/python3.8/site-packages/airflow/example_dags/example_branch_operator.py for tasks to queue
[2026-04-09T10:46:55.771+0000] {logging_mixin.py:188} INFO - [2026-04-09T10:46:55.771+0000] {dagbag.py:538} INFO - Filling up the DagBag from /home/airflow/.local/lib/python3.8/site-packages/airflow/example_dags/example_branch_operator.py
[2026-04-09T10:46:55.817+0000] {processor.py:840} INFO - DAG(s) 'example_branch_operator' retrieved from /home/airflow/.local/lib/python3.8/site-packages/airflow/example_dags/example_branch_operator.py
[2026-04-09T10:46:55.861+0000] {logging_mixin.py:188} INFO - [2026-04-09T10:46:55.861+0000] {dag.py:3033} INFO - Sync 1 DAGs
[2026-04-09T10:46:55.879+0000] {logging_mixin.py:188} INFO - [2026-04-09T10:46:55.879+0000] {dag.py:3820} INFO - Setting next_dagrun for example_branch_operator to 2026-04-08T00:00:00+00:00, run_after=2026-04-09T00:00:00+00:00
[2026-04-09T10:46:55.892+0000] {processor.py:183} INFO - Processing /home/airflow/.local/lib/python3.8/site-packages/airflow/example_dags/example_branch_operator.py took 0.134 seconds
[2026-04-09T10:47:26.760+0000] {processor.py:161} INFO - Started process (PID=2622) to work on /home/airflow/.local/lib/python3.8/site-packages/airflow/example_dags/example_branch_operator.py
[2026-04-09T10:47:26.761+0000] {processor.py:830} INFO - Processing file /home/airflow/.local/lib/python3.8/site-packages/airflow/example_dags/example_branch_operator.py for tasks to queue
[2026-04-09T10:47:26.763+0000] {logging_mixin.py:188} INFO - [2026-04-09T10:47:26.763+0000] {dagbag.py:538} INFO - Filling up the DagBag from /home/airflow/.local/lib/python3.8/site-packages/airflow/example_dags/example_branch_operator.py
[2026-04-09T10:47:26.784+0000] {processor.py:840} INFO - DAG(s) 'example_branch_operator' retrieved from /home/airflow/.local/lib/python3.8/site-packages/airflow/example_dags/example_branch_operator.py
[2026-04-09T10:47:26.811+0000] {logging_mixin.py:188} INFO - [2026-04-09T10:47:26.811+0000] {dag.py:3033} INFO - Sync 1 DAGs
[2026-04-09T10:47:26.830+0000] {logging_mixin.py:188} INFO - [2026-04-09T10:47:26.829+0000] {dag.py:3820} INFO - Setting next_dagrun for example_branch_operator to 2026-04-08T00:00:00+00:00, run_after=2026-04-09T00:00:00+00:00
[2026-04-09T10:47:26.845+0000] {processor.py:183} INFO - Processing /home/airflow/.local/lib/python3.8/site-packages/airflow/example_dags/example_branch_operator.py took 0.088 seconds
[2026-04-09T10:47:57.154+0000] {processor.py:161} INFO - Started process (PID=2683) to work on /home/airflow/.local/lib/python3.8/site-packages/airflow/example_dags/example_branch_operator.py
[2026-04-09T10:47:57.155+0000] {processor.py:830} INFO - Processing file /home/airflow/.local/lib/python3.8/site-packages/airflow/example_dags/example_branch_operator.py for tasks to queue
[2026-04-09T10:47:57.157+0000] {logging_mixin.py:188} INFO - [2026-04-09T10:47:57.157+0000] {dagbag.py:538} INFO - Filling up the DagBag from /home/airflow/.local/lib/python3.8/site-packages/airflow/example_dags/example_branch_operator.py
[2026-04-09T10:47:57.181+0000] {processor.py:840} INFO - DAG(s) 'example_branch_operator' retrieved from /home/airflow/.local/lib/python3.8/site-packages/airflow/example_dags/example_branch_operator.py
[2026-04-09T10:47:57.204+0000] {logging_mixin.py:188} INFO - [2026-04-09T10:47:57.204+0000] {dag.py:3033} INFO - Sync 1 DAGs
[2026-04-09T10:47:57.221+0000] {logging_mixin.py:188} INFO - [2026-04-09T10:47:57.221+0000] {dag.py:3820} INFO - Setting next_dagrun for example_branch_operator to 2026-04-08T00:00:00+00:00, run_after=2026-04-09T00:00:00+00:00
[2026-04-09T10:47:57.240+0000] {processor.py:183} INFO - Processing /home/airflow/.local/lib/python3.8/site-packages/airflow/example_dags/example_branch_operator.py took 0.089 seconds
[2026-04-09T10:48:27.658+0000] {processor.py:161} INFO - Started process (PID=2744) to work on /home/airflow/.local/lib/python3.8/site-packages/airflow/example_dags/example_branch_operator.py
[2026-04-09T10:48:27.660+0000] {processor.py:830} INFO - Processing file /home/airflow/.local/lib/python3.8/site-packages/airflow/example_dags/example_branch_operator.py for tasks to queue
[2026-04-09T10:48:27.662+0000] {logging_mixin.py:188} INFO - [2026-04-09T10:48:27.662+0000] {dagbag.py:538} INFO - Filling up the DagBag from /home/airflow/.local/lib/python3.8/site-packages/airflow/example_dags/example_branch_operator.py
[2026-04-09T10:48:27.686+0000] {processor.py:840} INFO - DAG(s) 'example_branch_operator' retrieved from /home/airflow/.local/lib/python3.8/site-packages/airflow/example_dags/example_branch_operator.py
[2026-04-09T10:48:27.714+0000] {logging_mixin.py:188} INFO - [2026-04-09T10:48:27.714+0000] {dag.py:3033} INFO - Sync 1 DAGs
[2026-04-09T10:48:27.731+0000] {logging_mixin.py:188} INFO - [2026-04-09T10:48:27.731+0000] {dag.py:3820} INFO - Setting next_dagrun for example_branch_operator to 2026-04-08T00:00:00+00:00, run_after=2026-04-09T00:00:00+00:00
[2026-04-09T10:48:27.745+0000] {processor.py:183} INFO - Processing /home/airflow/.local/lib/python3.8/site-packages/airflow/example_dags/example_branch_operator.py took 0.090 seconds
[2026-04-09T10:48:57.942+0000] {processor.py:161} INFO - Started process (PID=2805) to work on /home/airflow/.local/lib/python3.8/site-packages/airflow/example_dags/example_branch_operator.py
[2026-04-09T10:48:57.943+0000] {processor.py:830} INFO - Processing file /home/airflow/.local/lib/python3.8/site-packages/airflow/example_dags/example_branch_operator.py for tasks to queue
[2026-04-09T10:48:57.945+0000] {logging_mixin.py:188} INFO - [2026-04-09T10:48:57.945+0000] {dagbag.py:538} INFO - Filling up the DagBag from /home/airflow/.local/lib/python3.8/site-packages/airflow/example_dags/example_branch_operator.py
[2026-04-09T10:48:57.965+0000] {processor.py:840} INFO - DAG(s) 'example_branch_operator' retrieved from /home/airflow/.local/lib/python3.8/site-packages/airflow/example_dags/example_branch_operator.py
[2026-04-09T10:48:57.991+0000] {logging_mixin.py:188} INFO - [2026-04-09T10:48:57.991+0000] {dag.py:3033} INFO - Sync 1 DAGs
[2026-04-09T10:48:58.025+0000] {logging_mixin.py:188} INFO - [2026-04-09T10:48:58.025+0000] {dag.py:3820} INFO - Setting next_dagrun for example_branch_operator to 2026-04-08T00:00:00+00:00, run_after=2026-04-09T00:00:00+00:00
[2026-04-09T10:48:58.051+0000] {processor.py:183} INFO - Processing /home/airflow/.local/lib/python3.8/site-packages/airflow/example_dags/example_branch_operator.py took 0.112 seconds
[2026-04-09T10:49:28.740+0000] {processor.py:161} INFO - Started process (PID=2866) to work on /home/airflow/.local/lib/python3.8/site-packages/airflow/example_dags/example_branch_operator.py
[2026-04-09T10:49:28.741+0000] {processor.py:830} INFO - Processing file /home/airflow/.local/lib/python3.8/site-packages/airflow/example_dags/example_branch_operator.py for tasks to queue
[2026-04-09T10:49:28.743+0000] {logging_mixin.py:188} INFO - [2026-04-09T10:49:28.743+0000] {dagbag.py:538} INFO - Filling up the DagBag from /home/airflow/.local/lib/python3.8/site-packages/airflow/example_dags/example_branch_operator.py
[2026-04-09T10:49:28.778+0000] {processor.py:840} INFO - DAG(s) 'example_branch_operator' retrieved from /home/airflow/.local/lib/python3.8/site-packages/airflow/example_dags/example_branch_operator.py
[2026-04-09T10:49:28.814+0000] {logging_mixin.py:188} INFO - [2026-04-09T10:49:28.814+0000] {dag.py:3033} INFO - Sync 1 DAGs
[2026-04-09T10:49:28.835+0000] {logging_mixin.py:188} INFO - [2026-04-09T10:49:28.835+0000] {dag.py:3820} INFO - Setting next_dagrun for example_branch_operator to 2026-04-08T00:00:00+00:00, run_after=2026-04-09T00:00:00+00:00
[2026-04-09T10:49:28.848+0000] {processor.py:183} INFO - Processing /home/airflow/.local/lib/python3.8/site-packages/airflow/example_dags/example_branch_operator.py took 0.114 seconds
[2026-04-09T10:49:58.938+0000] {processor.py:161} INFO - Started process (PID=2927) to work on /home/airflow/.local/lib/python3.8/site-packages/airflow/example_dags/example_branch_operator.py
[2026-04-09T10:49:58.939+0000] {processor.py:830} INFO - Processing file /home/airflow/.local/lib/python3.8/site-packages/airflow/example_dags/example_branch_operator.py for tasks to queue
[2026-04-09T10:49:58.941+0000] {logging_mixin.py:188} INFO - [2026-04-09T10:49:58.941+0000] {dagbag.py:538} INFO - Filling up the DagBag from /home/airflow/.local/lib/python3.8/site-packages/airflow/example_dags/example_branch_operator.py
[2026-04-09T10:49:58.963+0000] {processor.py:840} INFO - DAG(s) 'example_branch_operator' retrieved from /home/airflow/.local/lib/python3.8/site-packages/airflow/example_dags/example_branch_operator.py
[2026-04-09T10:49:58.989+0000] {logging_mixin.py:188} INFO - [2026-04-09T10:49:58.989+0000] {dag.py:3033} INFO - Sync 1 DAGs
[2026-04-09T10:49:59.007+0000] {logging_mixin.py:188} INFO - [2026-04-09T10:49:59.006+0000] {dag.py:3820} INFO - Setting next_dagrun for example_branch_operator to 2026-04-08T00:00:00+00:00, run_after=2026-04-09T00:00:00+00:00
[2026-04-09T10:49:59.022+0000] {processor.py:183} INFO - Processing /home/airflow/.local/lib/python3.8/site-packages/airflow/example_dags/example_branch_operator.py took 0.088 seconds
[2026-04-09T10:50:29.181+0000] {processor.py:161} INFO - Started process (PID=2988) to work on /home/airflow/.local/lib/python3.8/site-packages/airflow/example_dags/example_branch_operator.py
[2026-04-09T10:50:29.184+0000] {processor.py:830} INFO - Processing file /home/airflow/.local/lib/python3.8/site-packages/airflow/example_dags/example_branch_operator.py for tasks to queue
[2026-04-09T10:50:29.190+0000] {logging_mixin.py:188} INFO - [2026-04-09T10:50:29.189+0000] {dagbag.py:538} INFO - Filling up the DagBag from /home/airflow/.local/lib/python3.8/site-packages/airflow/example_dags/example_branch_operator.py
[2026-04-09T10:50:29.222+0000] {processor.py:840} INFO - DAG(s) 'example_branch_operator' retrieved from /home/airflow/.local/lib/python3.8/site-packages/airflow/example_dags/example_branch_operator.py
[2026-04-09T10:50:29.315+0000] {logging_mixin.py:188} INFO - [2026-04-09T10:50:29.315+0000] {dag.py:3033} INFO - Sync 1 DAGs
[2026-04-09T10:50:29.352+0000] {logging_mixin.py:188} INFO - [2026-04-09T10:50:29.352+0000] {dag.py:3820} INFO - Setting next_dagrun for example_branch_operator to 2026-04-08T00:00:00+00:00, run_after=2026-04-09T00:00:00+00:00
[2026-04-09T10:50:29.377+0000] {processor.py:183} INFO - Processing /home/airflow/.local/lib/python3.8/site-packages/airflow/example_dags/example_branch_operator.py took 0.203 seconds
[2026-04-09T10:50:59.528+0000] {processor.py:161} INFO - Started process (PID=3049) to work on /home/airflow/.local/lib/python3.8/site-packages/airflow/example_dags/example_branch_operator.py
[2026-04-09T10:50:59.531+0000] {processor.py:830} INFO - Processing file /home/airflow/.local/lib/python3.8/site-packages/airflow/example_dags/example_branch_operator.py for tasks to queue
[2026-04-09T10:50:59.535+0000] {logging_mixin.py:188} INFO - [2026-04-09T10:50:59.535+0000] {dagbag.py:538} INFO - Filling up the DagBag from /home/airflow/.local/lib/python3.8/site-packages/airflow/example_dags/example_branch_operator.py
[2026-04-09T10:50:59.559+0000] {processor.py:840} INFO - DAG(s) 'example_branch_operator' retrieved from /home/airflow/.local/lib/python3.8/site-packages/airflow/example_dags/example_branch_operator.py
[2026-04-09T10:50:59.609+0000] {logging_mixin.py:188} INFO - [2026-04-09T10:50:59.609+0000] {dag.py:3033} INFO - Sync 1 DAGs
[2026-04-09T10:50:59.715+0000] {logging_mixin.py:188} INFO - [2026-04-09T10:50:59.715+0000] {dag.py:3820} INFO - Setting next_dagrun for example_branch_operator to 2026-04-08T00:00:00+00:00, run_after=2026-04-09T00:00:00+00:00
[2026-04-09T10:50:59.739+0000] {processor.py:183} INFO - Processing /home/airflow/.local/lib/python3.8/site-packages/airflow/example_dags/example_branch_operator.py took 0.215 seconds
[2026-04-09T10:51:29.771+0000] {processor.py:161} INFO - Started process (PID=3111) to work on /home/airflow/.local/lib/python3.8/site-packages/airflow/example_dags/example_branch_operator.py
[2026-04-09T10:51:29.772+0000] {processor.py:830} INFO - Processing file /home/airflow/.local/lib/python3.8/site-packages/airflow/example_dags/example_branch_operator.py for tasks to queue
[2026-04-09T10:51:29.774+0000] {logging_mixin.py:188} INFO - [2026-04-09T10:51:29.774+0000] {dagbag.py:538} INFO - Filling up the DagBag from /home/airflow/.local/lib/python3.8/site-packages/airflow/example_dags/example_branch_operator.py
[2026-04-09T10:51:29.792+0000] {processor.py:840} INFO - DAG(s) 'example_branch_operator' retrieved from /home/airflow/.local/lib/python3.8/site-packages/airflow/example_dags/example_branch_operator.py
[2026-04-09T10:51:29.812+0000] {logging_mixin.py:188} INFO - [2026-04-09T10:51:29.811+0000] {dag.py:3033} INFO - Sync 1 DAGs
[2026-04-09T10:51:29.829+0000] {logging_mixin.py:188} INFO - [2026-04-09T10:51:29.829+0000] {dag.py:3820} INFO - Setting next_dagrun for example_branch_operator to 2026-04-08T00:00:00+00:00, run_after=2026-04-09T00:00:00+00:00
[2026-04-09T10:51:29.843+0000] {processor.py:183} INFO - Processing /home/airflow/.local/lib/python3.8/site-packages/airflow/example_dags/example_branch_operator.py took 0.075 seconds
[2026-04-09T10:52:00.487+0000] {processor.py:161} INFO - Started process (PID=3169) to work on /home/airflow/.local/lib/python3.8/site-packages/airflow/example_dags/example_branch_operator.py
[2026-04-09T10:52:00.488+0000] {processor.py:830} INFO - Processing file /home/airflow/.local/lib/python3.8/site-packages/airflow/example_dags/example_branch_operator.py for tasks to queue
[2026-04-09T10:52:00.492+0000] {logging_mixin.py:188} INFO - [2026-04-09T10:52:00.491+0000] {dagbag.py:538} INFO - Filling up the DagBag from /home/airflow/.local/lib/python3.8/site-packages/airflow/example_dags/example_branch_operator.py
[2026-04-09T10:52:00.536+0000] {processor.py:840} INFO - DAG(s) 'example_branch_operator' retrieved from /home/airflow/.local/lib/python3.8/site-packages/airflow/example_dags/example_branch_operator.py
[2026-04-09T10:52:00.578+0000] {logging_mixin.py:188} INFO - [2026-04-09T10:52:00.578+0000] {dag.py:3033} INFO - Sync 1 DAGs
[2026-04-09T10:52:00.610+0000] {logging_mixin.py:188} INFO - [2026-04-09T10:52:00.610+0000] {dag.py:3820} INFO - Setting next_dagrun for example_branch_operator to 2026-04-08T00:00:00+00:00, run_after=2026-04-09T00:00:00+00:00
[2026-04-09T10:52:00.650+0000] {processor.py:183} INFO - Processing /home/airflow/.local/lib/python3.8/site-packages/airflow/example_dags/example_branch_operator.py took 0.167 seconds
[2026-04-09T10:52:30.748+0000] {processor.py:161} INFO - Started process (PID=3230) to work on /home/airflow/.local/lib/python3.8/site-packages/airflow/example_dags/example_branch_operator.py
[2026-04-09T10:52:30.749+0000] {processor.py:830} INFO - Processing file /home/airflow/.local/lib/python3.8/site-packages/airflow/example_dags/example_branch_operator.py for tasks to queue
[2026-04-09T10:52:30.752+0000] {logging_mixin.py:188} INFO - [2026-04-09T10:52:30.751+0000] {dagbag.py:538} INFO - Filling up the DagBag from /home/airflow/.local/lib/python3.8/site-packages/airflow/example_dags/example_branch_operator.py
[2026-04-09T10:52:30.790+0000] {processor.py:840} INFO - DAG(s) 'example_branch_operator' retrieved from /home/airflow/.local/lib/python3.8/site-packages/airflow/example_dags/example_branch_operator.py
[2026-04-09T10:52:30.864+0000] {logging_mixin.py:188} INFO - [2026-04-09T10:52:30.864+0000] {dag.py:3033} INFO - Sync 1 DAGs
[2026-04-09T10:52:30.914+0000] {logging_mixin.py:188} INFO - [2026-04-09T10:52:30.914+0000] {dag.py:3820} INFO - Setting next_dagrun for example_branch_operator to 2026-04-08T00:00:00+00:00, run_after=2026-04-09T00:00:00+00:00
[2026-04-09T10:52:31.005+0000] {processor.py:183} INFO - Processing /home/airflow/.local/lib/python3.8/site-packages/airflow/example_dags/example_branch_operator.py took 0.260 seconds
[2026-04-09T10:53:01.924+0000] {processor.py:161} INFO - Started process (PID=3291) to work on /home/airflow/.local/lib/python3.8/site-packages/airflow/example_dags/example_branch_operator.py
[2026-04-09T10:53:01.925+0000] {processor.py:830} INFO - Processing file /home/airflow/.local/lib/python3.8/site-packages/airflow/example_dags/example_branch_operator.py for tasks to queue
[2026-04-09T10:53:01.927+0000] {logging_mixin.py:188} INFO - [2026-04-09T10:53:01.926+0000] {dagbag.py:538} INFO - Filling up the DagBag from /home/airflow/.local/lib/python3.8/site-packages/airflow/example_dags/example_branch_operator.py
[2026-04-09T10:53:01.949+0000] {processor.py:840} INFO - DAG(s) 'example_branch_operator' retrieved from /home/airflow/.local/lib/python3.8/site-packages/airflow/example_dags/example_branch_operator.py
[2026-04-09T10:53:01.978+0000] {logging_mixin.py:188} INFO - [2026-04-09T10:53:01.978+0000] {dag.py:3033} INFO - Sync 1 DAGs
[2026-04-09T10:53:02.007+0000] {logging_mixin.py:188} INFO - [2026-04-09T10:53:02.007+0000] {dag.py:3820} INFO - Setting next_dagrun for example_branch_operator to 2026-04-08T00:00:00+00:00, run_after=2026-04-09T00:00:00+00:00
[2026-04-09T10:53:02.028+0000] {processor.py:183} INFO - Processing /home/airflow/.local/lib/python3.8/site-packages/airflow/example_dags/example_branch_operator.py took 0.110 seconds
[2026-04-09T10:53:32.555+0000] {processor.py:161} INFO - Started process (PID=3352) to work on /home/airflow/.local/lib/python3.8/site-packages/airflow/example_dags/example_branch_operator.py
[2026-04-09T10:53:32.557+0000] {processor.py:830} INFO - Processing file /home/airflow/.local/lib/python3.8/site-packages/airflow/example_dags/example_branch_operator.py for tasks to queue
[2026-04-09T10:53:32.559+0000] {logging_mixin.py:188} INFO - [2026-04-09T10:53:32.559+0000] {dagbag.py:538} INFO - Filling up the DagBag from /home/airflow/.local/lib/python3.8/site-packages/airflow/example_dags/example_branch_operator.py
[2026-04-09T10:53:32.580+0000] {processor.py:840} INFO - DAG(s) 'example_branch_operator' retrieved from /home/airflow/.local/lib/python3.8/site-packages/airflow/example_dags/example_branch_operator.py
[2026-04-09T10:53:32.614+0000] {logging_mixin.py:188} INFO - [2026-04-09T10:53:32.614+0000] {dag.py:3033} INFO - Sync 1 DAGs
[2026-04-09T10:53:32.643+0000] {logging_mixin.py:188} INFO - [2026-04-09T10:53:32.643+0000] {dag.py:3820} INFO - Setting next_dagrun for example_branch_operator to 2026-04-08T00:00:00+00:00, run_after=2026-04-09T00:00:00+00:00
[2026-04-09T10:53:32.672+0000] {processor.py:183} INFO - Processing /home/airflow/.local/lib/python3.8/site-packages/airflow/example_dags/example_branch_operator.py took 0.121 seconds
[2026-04-09T10:54:02.871+0000] {processor.py:161} INFO - Started process (PID=3413) to work on /home/airflow/.local/lib/python3.8/site-packages/airflow/example_dags/example_branch_operator.py
[2026-04-09T10:54:02.872+0000] {processor.py:830} INFO - Processing file /home/airflow/.local/lib/python3.8/site-packages/airflow/example_dags/example_branch_operator.py for tasks to queue
[2026-04-09T10:54:02.874+0000] {logging_mixin.py:188} INFO - [2026-04-09T10:54:02.874+0000] {dagbag.py:538} INFO - Filling up the DagBag from /home/airflow/.local/lib/python3.8/site-packages/airflow/example_dags/example_branch_operator.py
[2026-04-09T10:54:02.894+0000] {processor.py:840} INFO - DAG(s) 'example_branch_operator' retrieved from /home/airflow/.local/lib/python3.8/site-packages/airflow/example_dags/example_branch_operator.py
[2026-04-09T10:54:02.926+0000] {logging_mixin.py:188} INFO - [2026-04-09T10:54:02.926+0000] {dag.py:3033} INFO - Sync 1 DAGs
[2026-04-09T10:54:02.955+0000] {logging_mixin.py:188} INFO - [2026-04-09T10:54:02.955+0000] {dag.py:3820} INFO - Setting next_dagrun for example_branch_operator to 2026-04-08T00:00:00+00:00, run_after=2026-04-09T00:00:00+00:00
[2026-04-09T10:54:02.972+0000] {processor.py:183} INFO - Processing /home/airflow/.local/lib/python3.8/site-packages/airflow/example_dags/example_branch_operator.py took 0.106 seconds
[2026-04-09T10:54:33.473+0000] {processor.py:161} INFO - Started process (PID=3474) to work on /home/airflow/.local/lib/python3.8/site-packages/airflow/example_dags/example_branch_operator.py
[2026-04-09T10:54:33.473+0000] {processor.py:830} INFO - Processing file /home/airflow/.local/lib/python3.8/site-packages/airflow/example_dags/example_branch_operator.py for tasks to queue
[2026-04-09T10:54:33.476+0000] {logging_mixin.py:188} INFO - [2026-04-09T10:54:33.476+0000] {dagbag.py:538} INFO - Filling up the DagBag from /home/airflow/.local/lib/python3.8/site-packages/airflow/example_dags/example_branch_operator.py
[2026-04-09T10:54:33.496+0000] {processor.py:840} INFO - DAG(s) 'example_branch_operator' retrieved from /home/airflow/.local/lib/python3.8/site-packages/airflow/example_dags/example_branch_operator.py
[2026-04-09T10:54:33.534+0000] {logging_mixin.py:188} INFO - [2026-04-09T10:54:33.533+0000] {dag.py:3033} INFO - Sync 1 DAGs
[2026-04-09T10:54:33.566+0000] {logging_mixin.py:188} INFO - [2026-04-09T10:54:33.566+0000] {dag.py:3820} INFO - Setting next_dagrun for example_branch_operator to 2026-04-08T00:00:00+00:00, run_after=2026-04-09T00:00:00+00:00
[2026-04-09T10:54:33.595+0000] {processor.py:183} INFO - Processing /home/airflow/.local/lib/python3.8/site-packages/airflow/example_dags/example_branch_operator.py took 0.127 seconds
[2026-04-09T10:55:04.160+0000] {processor.py:161} INFO - Started process (PID=3535) to work on /home/airflow/.local/lib/python3.8/site-packages/airflow/example_dags/example_branch_operator.py
[2026-04-09T10:55:04.163+0000] {processor.py:830} INFO - Processing file /home/airflow/.local/lib/python3.8/site-packages/airflow/example_dags/example_branch_operator.py for tasks to queue
[2026-04-09T10:55:04.165+0000] {logging_mixin.py:188} INFO - [2026-04-09T10:55:04.165+0000] {dagbag.py:538} INFO - Filling up the DagBag from /home/airflow/.local/lib/python3.8/site-packages/airflow/example_dags/example_branch_operator.py
[2026-04-09T10:55:04.186+0000] {processor.py:840} INFO - DAG(s) 'example_branch_operator' retrieved from /home/airflow/.local/lib/python3.8/site-packages/airflow/example_dags/example_branch_operator.py
[2026-04-09T10:55:04.217+0000] {logging_mixin.py:188} INFO - [2026-04-09T10:55:04.217+0000] {dag.py:3033} INFO - Sync 1 DAGs
[2026-04-09T10:55:04.243+0000] {logging_mixin.py:188} INFO - [2026-04-09T10:55:04.243+0000] {dag.py:3820} INFO - Setting next_dagrun for example_branch_operator to 2026-04-08T00:00:00+00:00, run_after=2026-04-09T00:00:00+00:00
[2026-04-09T10:55:04.260+0000] {processor.py:183} INFO - Processing /home/airflow/.local/lib/python3.8/site-packages/airflow/example_dags/example_branch_operator.py took 0.104 seconds
[2026-04-09T10:55:34.508+0000] {processor.py:161} INFO - Started process (PID=3596) to work on /home/airflow/.local/lib/python3.8/site-packages/airflow/example_dags/example_branch_operator.py
[2026-04-09T10:55:34.510+0000] {processor.py:830} INFO - Processing file /home/airflow/.local/lib/python3.8/site-packages/airflow/example_dags/example_branch_operator.py for tasks to queue
[2026-04-09T10:55:34.514+0000] {logging_mixin.py:188} INFO - [2026-04-09T10:55:34.514+0000] {dagbag.py:538} INFO - Filling up the DagBag from /home/airflow/.local/lib/python3.8/site-packages/airflow/example_dags/example_branch_operator.py
[2026-04-09T10:55:34.555+0000] {processor.py:840} INFO - DAG(s) 'example_branch_operator' retrieved from /home/airflow/.local/lib/python3.8/site-packages/airflow/example_dags/example_branch_operator.py
[2026-04-09T10:55:34.633+0000] {logging_mixin.py:188} INFO - [2026-04-09T10:55:34.633+0000] {dag.py:3033} INFO - Sync 1 DAGs
[2026-04-09T10:55:34.694+0000] {logging_mixin.py:188} INFO - [2026-04-09T10:55:34.693+0000] {dag.py:3820} INFO - Setting next_dagrun for example_branch_operator to 2026-04-08T00:00:00+00:00, run_after=2026-04-09T00:00:00+00:00
[2026-04-09T10:55:34.734+0000] {processor.py:183} INFO - Processing /home/airflow/.local/lib/python3.8/site-packages/airflow/example_dags/example_branch_operator.py took 0.233 seconds
[2026-04-09T10:56:05.639+0000] {processor.py:161} INFO - Started process (PID=3657) to work on /home/airflow/.local/lib/python3.8/site-packages/airflow/example_dags/example_branch_operator.py
[2026-04-09T10:56:05.640+0000] {processor.py:830} INFO - Processing file /home/airflow/.local/lib/python3.8/site-packages/airflow/example_dags/example_branch_operator.py for tasks to queue
[2026-04-09T10:56:05.642+0000] {logging_mixin.py:188} INFO - [2026-04-09T10:56:05.642+0000] {dagbag.py:538} INFO - Filling up the DagBag from /home/airflow/.local/lib/python3.8/site-packages/airflow/example_dags/example_branch_operator.py
[2026-04-09T10:56:05.663+0000] {processor.py:840} INFO - DAG(s) 'example_branch_operator' retrieved from /home/airflow/.local/lib/python3.8/site-packages/airflow/example_dags/example_branch_operator.py
[2026-04-09T10:56:05.697+0000] {logging_mixin.py:188} INFO - [2026-04-09T10:56:05.697+0000] {dag.py:3033} INFO - Sync 1 DAGs
[2026-04-09T10:56:05.727+0000] {logging_mixin.py:188} INFO - [2026-04-09T10:56:05.726+0000] {dag.py:3820} INFO - Setting next_dagrun for example_branch_operator to 2026-04-08T00:00:00+00:00, run_after=2026-04-09T00:00:00+00:00
[2026-04-09T10:56:05.746+0000] {processor.py:183} INFO - Processing /home/airflow/.local/lib/python3.8/site-packages/airflow/example_dags/example_branch_operator.py took 0.110 seconds
[2026-04-09T10:56:35.989+0000] {processor.py:161} INFO - Started process (PID=3718) to work on /home/airflow/.local/lib/python3.8/site-packages/airflow/example_dags/example_branch_operator.py
[2026-04-09T10:56:35.990+0000] {processor.py:830} INFO - Processing file /home/airflow/.local/lib/python3.8/site-packages/airflow/example_dags/example_branch_operator.py for tasks to queue
[2026-04-09T10:56:35.992+0000] {logging_mixin.py:188} INFO - [2026-04-09T10:56:35.992+0000] {dagbag.py:538} INFO - Filling up the DagBag from /home/airflow/.local/lib/python3.8/site-packages/airflow/example_dags/example_branch_operator.py
[2026-04-09T10:56:36.012+0000] {processor.py:840} INFO - DAG(s) 'example_branch_operator' retrieved from /home/airflow/.local/lib/python3.8/site-packages/airflow/example_dags/example_branch_operator.py
[2026-04-09T10:56:36.042+0000] {logging_mixin.py:188} INFO - [2026-04-09T10:56:36.042+0000] {dag.py:3033} INFO - Sync 1 DAGs
[2026-04-09T10:56:36.072+0000] {logging_mixin.py:188} INFO - [2026-04-09T10:56:36.072+0000] {dag.py:3820} INFO - Setting next_dagrun for example_branch_operator to 2026-04-08T00:00:00+00:00, run_after=2026-04-09T00:00:00+00:00
[2026-04-09T10:56:36.089+0000] {processor.py:183} INFO - Processing /home/airflow/.local/lib/python3.8/site-packages/airflow/example_dags/example_branch_operator.py took 0.103 seconds
[2026-04-09T10:57:06.398+0000] {processor.py:161} INFO - Started process (PID=3779) to work on /home/airflow/.local/lib/python3.8/site-packages/airflow/example_dags/example_branch_operator.py
[2026-04-09T10:57:06.399+0000] {processor.py:830} INFO - Processing file /home/airflow/.local/lib/python3.8/site-packages/airflow/example_dags/example_branch_operator.py for tasks to queue
[2026-04-09T10:57:06.401+0000] {logging_mixin.py:188} INFO - [2026-04-09T10:57:06.401+0000] {dagbag.py:538} INFO - Filling up the DagBag from /home/airflow/.local/lib/python3.8/site-packages/airflow/example_dags/example_branch_operator.py
[2026-04-09T10:57:06.434+0000] {processor.py:840} INFO - DAG(s) 'example_branch_operator' retrieved from /home/airflow/.local/lib/python3.8/site-packages/airflow/example_dags/example_branch_operator.py
[2026-04-09T10:57:06.487+0000] {logging_mixin.py:188} INFO - [2026-04-09T10:57:06.487+0000] {dag.py:3033} INFO - Sync 1 DAGs
[2026-04-09T10:57:06.513+0000] {logging_mixin.py:188} INFO - [2026-04-09T10:57:06.513+0000] {dag.py:3820} INFO - Setting next_dagrun for example_branch_operator to 2026-04-08T00:00:00+00:00, run_after=2026-04-09T00:00:00+00:00
[2026-04-09T10:57:06.533+0000] {processor.py:183} INFO - Processing /home/airflow/.local/lib/python3.8/site-packages/airflow/example_dags/example_branch_operator.py took 0.138 seconds
[2026-04-09T10:57:36.807+0000] {processor.py:161} INFO - Started process (PID=3840) to work on /home/airflow/.local/lib/python3.8/site-packages/airflow/example_dags/example_branch_operator.py
[2026-04-09T10:57:36.808+0000] {processor.py:830} INFO - Processing file /home/airflow/.local/lib/python3.8/site-packages/airflow/example_dags/example_branch_operator.py for tasks to queue
[2026-04-09T10:57:36.810+0000] {logging_mixin.py:188} INFO - [2026-04-09T10:57:36.810+0000] {dagbag.py:538} INFO - Filling up the DagBag from /home/airflow/.local/lib/python3.8/site-packages/airflow/example_dags/example_branch_operator.py
[2026-04-09T10:57:36.830+0000] {processor.py:840} INFO - DAG(s) 'example_branch_operator' retrieved from /home/airflow/.local/lib/python3.8/site-packages/airflow/example_dags/example_branch_operator.py
[2026-04-09T10:57:36.874+0000] {logging_mixin.py:188} INFO - [2026-04-09T10:57:36.874+0000] {dag.py:3033} INFO - Sync 1 DAGs
[2026-04-09T10:57:36.916+0000] {logging_mixin.py:188} INFO - [2026-04-09T10:57:36.915+0000] {dag.py:3820} INFO - Setting next_dagrun for example_branch_operator to 2026-04-08T00:00:00+00:00, run_after=2026-04-09T00:00:00+00:00
[2026-04-09T10:57:36.942+0000] {processor.py:183} INFO - Processing /home/airflow/.local/lib/python3.8/site-packages/airflow/example_dags/example_branch_operator.py took 0.138 seconds
[2026-04-09T10:58:07.057+0000] {processor.py:161} INFO - Started process (PID=3901) to work on /home/airflow/.local/lib/python3.8/site-packages/airflow/example_dags/example_branch_operator.py
[2026-04-09T10:58:07.058+0000] {processor.py:830} INFO - Processing file /home/airflow/.local/lib/python3.8/site-packages/airflow/example_dags/example_branch_operator.py for tasks to queue
[2026-04-09T10:58:07.060+0000] {logging_mixin.py:188} INFO - [2026-04-09T10:58:07.060+0000] {dagbag.py:538} INFO - Filling up the DagBag from /home/airflow/.local/lib/python3.8/site-packages/airflow/example_dags/example_branch_operator.py
[2026-04-09T10:58:07.080+0000] {processor.py:840} INFO - DAG(s) 'example_branch_operator' retrieved from /home/airflow/.local/lib/python3.8/site-packages/airflow/example_dags/example_branch_operator.py
[2026-04-09T10:58:07.125+0000] {logging_mixin.py:188} INFO - [2026-04-09T10:58:07.124+0000] {dag.py:3033} INFO - Sync 1 DAGs
[2026-04-09T10:58:07.172+0000] {logging_mixin.py:188} INFO - [2026-04-09T10:58:07.172+0000] {dag.py:3820} INFO - Setting next_dagrun for example_branch_operator to 2026-04-08T00:00:00+00:00, run_after=2026-04-09T00:00:00+00:00
[2026-04-09T10:58:07.192+0000] {processor.py:183} INFO - Processing /home/airflow/.local/lib/python3.8/site-packages/airflow/example_dags/example_branch_operator.py took 0.138 seconds
[2026-04-09T10:58:37.398+0000] {processor.py:161} INFO - Started process (PID=3962) to work on /home/airflow/.local/lib/python3.8/site-packages/airflow/example_dags/example_branch_operator.py
[2026-04-09T10:58:37.399+0000] {processor.py:830} INFO - Processing file /home/airflow/.local/lib/python3.8/site-packages/airflow/example_dags/example_branch_operator.py for tasks to queue
[2026-04-09T10:58:37.401+0000] {logging_mixin.py:188} INFO - [2026-04-09T10:58:37.401+0000] {dagbag.py:538} INFO - Filling up the DagBag from /home/airflow/.local/lib/python3.8/site-packages/airflow/example_dags/example_branch_operator.py
[2026-04-09T10:58:37.420+0000] {processor.py:840} INFO - DAG(s) 'example_branch_operator' retrieved from /home/airflow/.local/lib/python3.8/site-packages/airflow/example_dags/example_branch_operator.py
[2026-04-09T10:58:37.450+0000] {logging_mixin.py:188} INFO - [2026-04-09T10:58:37.450+0000] {dag.py:3033} INFO - Sync 1 DAGs
[2026-04-09T10:58:37.475+0000] {logging_mixin.py:188} INFO - [2026-04-09T10:58:37.475+0000] {dag.py:3820} INFO - Setting next_dagrun for example_branch_operator to 2026-04-08T00:00:00+00:00, run_after=2026-04-09T00:00:00+00:00
[2026-04-09T10:58:37.493+0000] {processor.py:183} INFO - Processing /home/airflow/.local/lib/python3.8/site-packages/airflow/example_dags/example_branch_operator.py took 0.099 seconds
[2026-04-09T12:02:54.109+0000] {processor.py:161} INFO - Started process (PID=107) to work on /home/airflow/.local/lib/python3.8/site-packages/airflow/example_dags/example_branch_operator.py
[2026-04-09T12:02:54.111+0000] {processor.py:830} INFO - Processing file /home/airflow/.local/lib/python3.8/site-packages/airflow/example_dags/example_branch_operator.py for tasks to queue
[2026-04-09T12:02:54.114+0000] {logging_mixin.py:188} INFO - [2026-04-09T12:02:54.113+0000] {dagbag.py:538} INFO - Filling up the DagBag from /home/airflow/.local/lib/python3.8/site-packages/airflow/example_dags/example_branch_operator.py
[2026-04-09T12:02:54.134+0000] {processor.py:840} INFO - DAG(s) 'example_branch_operator' retrieved from /home/airflow/.local/lib/python3.8/site-packages/airflow/example_dags/example_branch_operator.py
[2026-04-09T12:02:54.259+0000] {logging_mixin.py:188} INFO - [2026-04-09T12:02:54.259+0000] {dag.py:3033} INFO - Sync 1 DAGs
[2026-04-09T12:02:54.285+0000] {logging_mixin.py:188} INFO - [2026-04-09T12:02:54.285+0000] {dag.py:3820} INFO - Setting next_dagrun for example_branch_operator to 2026-04-08T00:00:00+00:00, run_after=2026-04-09T00:00:00+00:00
[2026-04-09T12:02:54.306+0000] {processor.py:183} INFO - Processing /home/airflow/.local/lib/python3.8/site-packages/airflow/example_dags/example_branch_operator.py took 0.200 seconds
[2026-04-09T12:03:24.550+0000] {processor.py:161} INFO - Started process (PID=168) to work on /home/airflow/.local/lib/python3.8/site-packages/airflow/example_dags/example_branch_operator.py
[2026-04-09T12:03:24.551+0000] {processor.py:830} INFO - Processing file /home/airflow/.local/lib/python3.8/site-packages/airflow/example_dags/example_branch_operator.py for tasks to queue
[2026-04-09T12:03:24.553+0000] {logging_mixin.py:188} INFO - [2026-04-09T12:03:24.553+0000] {dagbag.py:538} INFO - Filling up the DagBag from /home/airflow/.local/lib/python3.8/site-packages/airflow/example_dags/example_branch_operator.py
[2026-04-09T12:03:24.573+0000] {processor.py:840} INFO - DAG(s) 'example_branch_operator' retrieved from /home/airflow/.local/lib/python3.8/site-packages/airflow/example_dags/example_branch_operator.py
[2026-04-09T12:03:24.604+0000] {logging_mixin.py:188} INFO - [2026-04-09T12:03:24.603+0000] {dag.py:3033} INFO - Sync 1 DAGs
[2026-04-09T12:03:24.631+0000] {logging_mixin.py:188} INFO - [2026-04-09T12:03:24.631+0000] {dag.py:3820} INFO - Setting next_dagrun for example_branch_operator to 2026-04-08T00:00:00+00:00, run_after=2026-04-09T00:00:00+00:00
[2026-04-09T12:03:24.648+0000] {processor.py:183} INFO - Processing /home/airflow/.local/lib/python3.8/site-packages/airflow/example_dags/example_branch_operator.py took 0.102 seconds
[2026-04-09T12:03:54.819+0000] {processor.py:161} INFO - Started process (PID=230) to work on /home/airflow/.local/lib/python3.8/site-packages/airflow/example_dags/example_branch_operator.py
[2026-04-09T12:03:54.820+0000] {processor.py:830} INFO - Processing file /home/airflow/.local/lib/python3.8/site-packages/airflow/example_dags/example_branch_operator.py for tasks to queue
[2026-04-09T12:03:54.825+0000] {logging_mixin.py:188} INFO - [2026-04-09T12:03:54.825+0000] {dagbag.py:538} INFO - Filling up the DagBag from /home/airflow/.local/lib/python3.8/site-packages/airflow/example_dags/example_branch_operator.py
[2026-04-09T12:03:54.850+0000] {processor.py:840} INFO - DAG(s) 'example_branch_operator' retrieved from /home/airflow/.local/lib/python3.8/site-packages/airflow/example_dags/example_branch_operator.py
[2026-04-09T12:03:54.895+0000] {logging_mixin.py:188} INFO - [2026-04-09T12:03:54.894+0000] {dag.py:3033} INFO - Sync 1 DAGs
[2026-04-09T12:03:54.921+0000] {logging_mixin.py:188} INFO - [2026-04-09T12:03:54.921+0000] {dag.py:3820} INFO - Setting next_dagrun for example_branch_operator to 2026-04-08T00:00:00+00:00, run_after=2026-04-09T00:00:00+00:00
[2026-04-09T12:03:54.940+0000] {processor.py:183} INFO - Processing /home/airflow/.local/lib/python3.8/site-packages/airflow/example_dags/example_branch_operator.py took 0.125 seconds
[2026-04-09T12:04:25.211+0000] {processor.py:161} INFO - Started process (PID=292) to work on /home/airflow/.local/lib/python3.8/site-packages/airflow/example_dags/example_branch_operator.py
[2026-04-09T12:04:25.212+0000] {processor.py:830} INFO - Processing file /home/airflow/.local/lib/python3.8/site-packages/airflow/example_dags/example_branch_operator.py for tasks to queue
[2026-04-09T12:04:25.214+0000] {logging_mixin.py:188} INFO - [2026-04-09T12:04:25.214+0000] {dagbag.py:538} INFO - Filling up the DagBag from /home/airflow/.local/lib/python3.8/site-packages/airflow/example_dags/example_branch_operator.py
[2026-04-09T12:04:25.233+0000] {processor.py:840} INFO - DAG(s) 'example_branch_operator' retrieved from /home/airflow/.local/lib/python3.8/site-packages/airflow/example_dags/example_branch_operator.py
[2026-04-09T12:04:25.263+0000] {logging_mixin.py:188} INFO - [2026-04-09T12:04:25.263+0000] {dag.py:3033} INFO - Sync 1 DAGs
[2026-04-09T12:04:25.281+0000] {logging_mixin.py:188} INFO - [2026-04-09T12:04:25.281+0000] {dag.py:3820} INFO - Setting next_dagrun for example_branch_operator to 2026-04-08T00:00:00+00:00, run_after=2026-04-09T00:00:00+00:00
[2026-04-09T12:04:25.294+0000] {processor.py:183} INFO - Processing /home/airflow/.local/lib/python3.8/site-packages/airflow/example_dags/example_branch_operator.py took 0.086 seconds
[2026-04-09T12:04:55.600+0000] {processor.py:161} INFO - Started process (PID=354) to work on /home/airflow/.local/lib/python3.8/site-packages/airflow/example_dags/example_branch_operator.py
[2026-04-09T12:04:55.600+0000] {processor.py:830} INFO - Processing file /home/airflow/.local/lib/python3.8/site-packages/airflow/example_dags/example_branch_operator.py for tasks to queue
[2026-04-09T12:04:55.603+0000] {logging_mixin.py:188} INFO - [2026-04-09T12:04:55.602+0000] {dagbag.py:538} INFO - Filling up the DagBag from /home/airflow/.local/lib/python3.8/site-packages/airflow/example_dags/example_branch_operator.py
[2026-04-09T12:04:55.620+0000] {processor.py:840} INFO - DAG(s) 'example_branch_operator' retrieved from /home/airflow/.local/lib/python3.8/site-packages/airflow/example_dags/example_branch_operator.py
[2026-04-09T12:04:55.642+0000] {logging_mixin.py:188} INFO - [2026-04-09T12:04:55.642+0000] {dag.py:3033} INFO - Sync 1 DAGs
[2026-04-09T12:04:55.660+0000] {logging_mixin.py:188} INFO - [2026-04-09T12:04:55.660+0000] {dag.py:3820} INFO - Setting next_dagrun for example_branch_operator to 2026-04-08T00:00:00+00:00, run_after=2026-04-09T00:00:00+00:00
[2026-04-09T12:04:55.673+0000] {processor.py:183} INFO - Processing /home/airflow/.local/lib/python3.8/site-packages/airflow/example_dags/example_branch_operator.py took 0.077 seconds
[2026-04-09T12:05:26.075+0000] {processor.py:161} INFO - Started process (PID=415) to work on /home/airflow/.local/lib/python3.8/site-packages/airflow/example_dags/example_branch_operator.py
[2026-04-09T12:05:26.076+0000] {processor.py:830} INFO - Processing file /home/airflow/.local/lib/python3.8/site-packages/airflow/example_dags/example_branch_operator.py for tasks to queue
[2026-04-09T12:05:26.078+0000] {logging_mixin.py:188} INFO - [2026-04-09T12:05:26.078+0000] {dagbag.py:538} INFO - Filling up the DagBag from /home/airflow/.local/lib/python3.8/site-packages/airflow/example_dags/example_branch_operator.py
[2026-04-09T12:05:26.096+0000] {processor.py:840} INFO - DAG(s) 'example_branch_operator' retrieved from /home/airflow/.local/lib/python3.8/site-packages/airflow/example_dags/example_branch_operator.py
[2026-04-09T12:05:26.116+0000] {logging_mixin.py:188} INFO - [2026-04-09T12:05:26.116+0000] {dag.py:3033} INFO - Sync 1 DAGs
[2026-04-09T12:05:26.134+0000] {logging_mixin.py:188} INFO - [2026-04-09T12:05:26.133+0000] {dag.py:3820} INFO - Setting next_dagrun for example_branch_operator to 2026-04-08T00:00:00+00:00, run_after=2026-04-09T00:00:00+00:00
[2026-04-09T12:05:26.148+0000] {processor.py:183} INFO - Processing /home/airflow/.local/lib/python3.8/site-packages/airflow/example_dags/example_branch_operator.py took 0.076 seconds
[2026-04-09T12:05:56.283+0000] {processor.py:161} INFO - Started process (PID=476) to work on /home/airflow/.local/lib/python3.8/site-packages/airflow/example_dags/example_branch_operator.py
[2026-04-09T12:05:56.284+0000] {processor.py:830} INFO - Processing file /home/airflow/.local/lib/python3.8/site-packages/airflow/example_dags/example_branch_operator.py for tasks to queue
[2026-04-09T12:05:56.286+0000] {logging_mixin.py:188} INFO - [2026-04-09T12:05:56.285+0000] {dagbag.py:538} INFO - Filling up the DagBag from /home/airflow/.local/lib/python3.8/site-packages/airflow/example_dags/example_branch_operator.py
[2026-04-09T12:05:56.312+0000] {processor.py:840} INFO - DAG(s) 'example_branch_operator' retrieved from /home/airflow/.local/lib/python3.8/site-packages/airflow/example_dags/example_branch_operator.py
[2026-04-09T12:05:56.345+0000] {logging_mixin.py:188} INFO - [2026-04-09T12:05:56.345+0000] {dag.py:3033} INFO - Sync 1 DAGs
[2026-04-09T12:05:56.375+0000] {logging_mixin.py:188} INFO - [2026-04-09T12:05:56.375+0000] {dag.py:3820} INFO - Setting next_dagrun for example_branch_operator to 2026-04-08T00:00:00+00:00, run_after=2026-04-09T00:00:00+00:00
[2026-04-09T12:05:56.389+0000] {processor.py:183} INFO - Processing /home/airflow/.local/lib/python3.8/site-packages/airflow/example_dags/example_branch_operator.py took 0.110 seconds
[2026-04-09T12:06:26.717+0000] {processor.py:161} INFO - Started process (PID=534) to work on /home/airflow/.local/lib/python3.8/site-packages/airflow/example_dags/example_branch_operator.py
[2026-04-09T12:06:26.718+0000] {processor.py:830} INFO - Processing file /home/airflow/.local/lib/python3.8/site-packages/airflow/example_dags/example_branch_operator.py for tasks to queue
[2026-04-09T12:06:26.720+0000] {logging_mixin.py:188} INFO - [2026-04-09T12:06:26.720+0000] {dagbag.py:538} INFO - Filling up the DagBag from /home/airflow/.local/lib/python3.8/site-packages/airflow/example_dags/example_branch_operator.py
[2026-04-09T12:06:26.740+0000] {processor.py:840} INFO - DAG(s) 'example_branch_operator' retrieved from /home/airflow/.local/lib/python3.8/site-packages/airflow/example_dags/example_branch_operator.py
[2026-04-09T12:06:26.771+0000] {logging_mixin.py:188} INFO - [2026-04-09T12:06:26.771+0000] {dag.py:3033} INFO - Sync 1 DAGs
[2026-04-09T12:06:26.798+0000] {logging_mixin.py:188} INFO - [2026-04-09T12:06:26.797+0000] {dag.py:3820} INFO - Setting next_dagrun for example_branch_operator to 2026-04-08T00:00:00+00:00, run_after=2026-04-09T00:00:00+00:00
[2026-04-09T12:06:26.815+0000] {processor.py:183} INFO - Processing /home/airflow/.local/lib/python3.8/site-packages/airflow/example_dags/example_branch_operator.py took 0.101 seconds
[2026-04-09T12:06:57.845+0000] {processor.py:161} INFO - Started process (PID=595) to work on /home/airflow/.local/lib/python3.8/site-packages/airflow/example_dags/example_branch_operator.py
[2026-04-09T12:06:57.846+0000] {processor.py:830} INFO - Processing file /home/airflow/.local/lib/python3.8/site-packages/airflow/example_dags/example_branch_operator.py for tasks to queue
[2026-04-09T12:06:57.848+0000] {logging_mixin.py:188} INFO - [2026-04-09T12:06:57.847+0000] {dagbag.py:538} INFO - Filling up the DagBag from /home/airflow/.local/lib/python3.8/site-packages/airflow/example_dags/example_branch_operator.py
[2026-04-09T12:06:57.868+0000] {processor.py:840} INFO - DAG(s) 'example_branch_operator' retrieved from /home/airflow/.local/lib/python3.8/site-packages/airflow/example_dags/example_branch_operator.py
[2026-04-09T12:06:57.898+0000] {logging_mixin.py:188} INFO - [2026-04-09T12:06:57.897+0000] {dag.py:3033} INFO - Sync 1 DAGs
[2026-04-09T12:06:57.923+0000] {logging_mixin.py:188} INFO - [2026-04-09T12:06:57.923+0000] {dag.py:3820} INFO - Setting next_dagrun for example_branch_operator to 2026-04-08T00:00:00+00:00, run_after=2026-04-09T00:00:00+00:00
[2026-04-09T12:06:57.941+0000] {processor.py:183} INFO - Processing /home/airflow/.local/lib/python3.8/site-packages/airflow/example_dags/example_branch_operator.py took 0.100 seconds
[2026-04-09T12:07:28.867+0000] {processor.py:161} INFO - Started process (PID=656) to work on /home/airflow/.local/lib/python3.8/site-packages/airflow/example_dags/example_branch_operator.py
[2026-04-09T12:07:28.868+0000] {processor.py:830} INFO - Processing file /home/airflow/.local/lib/python3.8/site-packages/airflow/example_dags/example_branch_operator.py for tasks to queue
[2026-04-09T12:07:28.870+0000] {logging_mixin.py:188} INFO - [2026-04-09T12:07:28.869+0000] {dagbag.py:538} INFO - Filling up the DagBag from /home/airflow/.local/lib/python3.8/site-packages/airflow/example_dags/example_branch_operator.py
[2026-04-09T12:07:28.889+0000] {processor.py:840} INFO - DAG(s) 'example_branch_operator' retrieved from /home/airflow/.local/lib/python3.8/site-packages/airflow/example_dags/example_branch_operator.py
[2026-04-09T12:07:28.919+0000] {logging_mixin.py:188} INFO - [2026-04-09T12:07:28.919+0000] {dag.py:3033} INFO - Sync 1 DAGs
[2026-04-09T12:07:28.945+0000] {logging_mixin.py:188} INFO - [2026-04-09T12:07:28.945+0000] {dag.py:3820} INFO - Setting next_dagrun for example_branch_operator to 2026-04-08T00:00:00+00:00, run_after=2026-04-09T00:00:00+00:00
[2026-04-09T12:07:28.968+0000] {processor.py:183} INFO - Processing /home/airflow/.local/lib/python3.8/site-packages/airflow/example_dags/example_branch_operator.py took 0.105 seconds
[2026-04-09T12:07:59.394+0000] {processor.py:161} INFO - Started process (PID=717) to work on /home/airflow/.local/lib/python3.8/site-packages/airflow/example_dags/example_branch_operator.py
[2026-04-09T12:07:59.395+0000] {processor.py:830} INFO - Processing file /home/airflow/.local/lib/python3.8/site-packages/airflow/example_dags/example_branch_operator.py for tasks to queue
[2026-04-09T12:07:59.397+0000] {logging_mixin.py:188} INFO - [2026-04-09T12:07:59.397+0000] {dagbag.py:538} INFO - Filling up the DagBag from /home/airflow/.local/lib/python3.8/site-packages/airflow/example_dags/example_branch_operator.py
[2026-04-09T12:07:59.423+0000] {processor.py:840} INFO - DAG(s) 'example_branch_operator' retrieved from /home/airflow/.local/lib/python3.8/site-packages/airflow/example_dags/example_branch_operator.py
[2026-04-09T12:07:59.485+0000] {logging_mixin.py:188} INFO - [2026-04-09T12:07:59.485+0000] {dag.py:3033} INFO - Sync 1 DAGs
[2026-04-09T12:07:59.512+0000] {logging_mixin.py:188} INFO - [2026-04-09T12:07:59.512+0000] {dag.py:3820} INFO - Setting next_dagrun for example_branch_operator to 2026-04-08T00:00:00+00:00, run_after=2026-04-09T00:00:00+00:00
[2026-04-09T12:07:59.530+0000] {processor.py:183} INFO - Processing /home/airflow/.local/lib/python3.8/site-packages/airflow/example_dags/example_branch_operator.py took 0.139 seconds
[2026-04-09T12:08:30.910+0000] {processor.py:161} INFO - Started process (PID=785) to work on /home/airflow/.local/lib/python3.8/site-packages/airflow/example_dags/example_branch_operator.py
[2026-04-09T12:08:30.911+0000] {processor.py:830} INFO - Processing file /home/airflow/.local/lib/python3.8/site-packages/airflow/example_dags/example_branch_operator.py for tasks to queue
[2026-04-09T12:08:30.917+0000] {logging_mixin.py:188} INFO - [2026-04-09T12:08:30.917+0000] {dagbag.py:538} INFO - Filling up the DagBag from /home/airflow/.local/lib/python3.8/site-packages/airflow/example_dags/example_branch_operator.py
[2026-04-09T12:08:30.941+0000] {processor.py:840} INFO - DAG(s) 'example_branch_operator' retrieved from /home/airflow/.local/lib/python3.8/site-packages/airflow/example_dags/example_branch_operator.py
[2026-04-09T12:08:30.973+0000] {logging_mixin.py:188} INFO - [2026-04-09T12:08:30.973+0000] {dag.py:3033} INFO - Sync 1 DAGs
[2026-04-09T12:08:31.001+0000] {logging_mixin.py:188} INFO - [2026-04-09T12:08:31.001+0000] {dag.py:3820} INFO - Setting next_dagrun for example_branch_operator to 2026-04-08T00:00:00+00:00, run_after=2026-04-09T00:00:00+00:00
[2026-04-09T12:08:31.022+0000] {processor.py:183} INFO - Processing /home/airflow/.local/lib/python3.8/site-packages/airflow/example_dags/example_branch_operator.py took 0.119 seconds
[2026-04-09T12:09:01.246+0000] {processor.py:161} INFO - Started process (PID=846) to work on /home/airflow/.local/lib/python3.8/site-packages/airflow/example_dags/example_branch_operator.py
[2026-04-09T12:09:01.246+0000] {processor.py:830} INFO - Processing file /home/airflow/.local/lib/python3.8/site-packages/airflow/example_dags/example_branch_operator.py for tasks to queue
[2026-04-09T12:09:01.249+0000] {logging_mixin.py:188} INFO - [2026-04-09T12:09:01.249+0000] {dagbag.py:538} INFO - Filling up the DagBag from /home/airflow/.local/lib/python3.8/site-packages/airflow/example_dags/example_branch_operator.py
[2026-04-09T12:09:01.289+0000] {processor.py:840} INFO - DAG(s) 'example_branch_operator' retrieved from /home/airflow/.local/lib/python3.8/site-packages/airflow/example_dags/example_branch_operator.py
[2026-04-09T12:09:01.319+0000] {logging_mixin.py:188} INFO - [2026-04-09T12:09:01.319+0000] {dag.py:3033} INFO - Sync 1 DAGs
[2026-04-09T12:09:01.349+0000] {logging_mixin.py:188} INFO - [2026-04-09T12:09:01.348+0000] {dag.py:3820} INFO - Setting next_dagrun for example_branch_operator to 2026-04-08T00:00:00+00:00, run_after=2026-04-09T00:00:00+00:00
[2026-04-09T12:09:01.368+0000] {processor.py:183} INFO - Processing /home/airflow/.local/lib/python3.8/site-packages/airflow/example_dags/example_branch_operator.py took 0.126 seconds
[2026-04-09T12:09:31.611+0000] {processor.py:161} INFO - Started process (PID=907) to work on /home/airflow/.local/lib/python3.8/site-packages/airflow/example_dags/example_branch_operator.py
[2026-04-09T12:09:31.612+0000] {processor.py:830} INFO - Processing file /home/airflow/.local/lib/python3.8/site-packages/airflow/example_dags/example_branch_operator.py for tasks to queue
[2026-04-09T12:09:31.614+0000] {logging_mixin.py:188} INFO - [2026-04-09T12:09:31.614+0000] {dagbag.py:538} INFO - Filling up the DagBag from /home/airflow/.local/lib/python3.8/site-packages/airflow/example_dags/example_branch_operator.py
[2026-04-09T12:09:31.648+0000] {processor.py:840} INFO - DAG(s) 'example_branch_operator' retrieved from /home/airflow/.local/lib/python3.8/site-packages/airflow/example_dags/example_branch_operator.py
[2026-04-09T12:09:31.735+0000] {logging_mixin.py:188} INFO - [2026-04-09T12:09:31.734+0000] {dag.py:3033} INFO - Sync 1 DAGs
[2026-04-09T12:09:31.770+0000] {logging_mixin.py:188} INFO - [2026-04-09T12:09:31.770+0000] {dag.py:3820} INFO - Setting next_dagrun for example_branch_operator to 2026-04-08T00:00:00+00:00, run_after=2026-04-09T00:00:00+00:00
[2026-04-09T12:09:31.800+0000] {processor.py:183} INFO - Processing /home/airflow/.local/lib/python3.8/site-packages/airflow/example_dags/example_branch_operator.py took 0.192 seconds
[2026-04-09T12:10:01.958+0000] {processor.py:161} INFO - Started process (PID=968) to work on /home/airflow/.local/lib/python3.8/site-packages/airflow/example_dags/example_branch_operator.py
[2026-04-09T12:10:01.959+0000] {processor.py:830} INFO - Processing file /home/airflow/.local/lib/python3.8/site-packages/airflow/example_dags/example_branch_operator.py for tasks to queue
[2026-04-09T12:10:01.962+0000] {logging_mixin.py:188} INFO - [2026-04-09T12:10:01.962+0000] {dagbag.py:538} INFO - Filling up the DagBag from /home/airflow/.local/lib/python3.8/site-packages/airflow/example_dags/example_branch_operator.py
[2026-04-09T12:10:01.984+0000] {processor.py:840} INFO - DAG(s) 'example_branch_operator' retrieved from /home/airflow/.local/lib/python3.8/site-packages/airflow/example_dags/example_branch_operator.py
[2026-04-09T12:10:02.023+0000] {logging_mixin.py:188} INFO - [2026-04-09T12:10:02.022+0000] {dag.py:3033} INFO - Sync 1 DAGs
[2026-04-09T12:10:02.049+0000] {logging_mixin.py:188} INFO - [2026-04-09T12:10:02.048+0000] {dag.py:3820} INFO - Setting next_dagrun for example_branch_operator to 2026-04-08T00:00:00+00:00, run_after=2026-04-09T00:00:00+00:00
[2026-04-09T12:10:02.068+0000] {processor.py:183} INFO - Processing /home/airflow/.local/lib/python3.8/site-packages/airflow/example_dags/example_branch_operator.py took 0.114 seconds
[2026-04-09T12:10:32.340+0000] {processor.py:161} INFO - Started process (PID=1028) to work on /home/airflow/.local/lib/python3.8/site-packages/airflow/example_dags/example_branch_operator.py
[2026-04-09T12:10:32.343+0000] {processor.py:830} INFO - Processing file /home/airflow/.local/lib/python3.8/site-packages/airflow/example_dags/example_branch_operator.py for tasks to queue
[2026-04-09T12:10:32.348+0000] {logging_mixin.py:188} INFO - [2026-04-09T12:10:32.348+0000] {dagbag.py:538} INFO - Filling up the DagBag from /home/airflow/.local/lib/python3.8/site-packages/airflow/example_dags/example_branch_operator.py
[2026-04-09T12:10:32.382+0000] {processor.py:840} INFO - DAG(s) 'example_branch_operator' retrieved from /home/airflow/.local/lib/python3.8/site-packages/airflow/example_dags/example_branch_operator.py
[2026-04-09T12:10:32.431+0000] {logging_mixin.py:188} INFO - [2026-04-09T12:10:32.431+0000] {dag.py:3033} INFO - Sync 1 DAGs
[2026-04-09T12:10:32.478+0000] {logging_mixin.py:188} INFO - [2026-04-09T12:10:32.477+0000] {dag.py:3820} INFO - Setting next_dagrun for example_branch_operator to 2026-04-08T00:00:00+00:00, run_after=2026-04-09T00:00:00+00:00
[2026-04-09T12:10:32.522+0000] {processor.py:183} INFO - Processing /home/airflow/.local/lib/python3.8/site-packages/airflow/example_dags/example_branch_operator.py took 0.193 seconds
[2026-04-09T12:11:02.622+0000] {processor.py:161} INFO - Started process (PID=1089) to work on /home/airflow/.local/lib/python3.8/site-packages/airflow/example_dags/example_branch_operator.py
[2026-04-09T12:11:02.623+0000] {processor.py:830} INFO - Processing file /home/airflow/.local/lib/python3.8/site-packages/airflow/example_dags/example_branch_operator.py for tasks to queue
[2026-04-09T12:11:02.625+0000] {logging_mixin.py:188} INFO - [2026-04-09T12:11:02.625+0000] {dagbag.py:538} INFO - Filling up the DagBag from /home/airflow/.local/lib/python3.8/site-packages/airflow/example_dags/example_branch_operator.py
[2026-04-09T12:11:02.646+0000] {processor.py:840} INFO - DAG(s) 'example_branch_operator' retrieved from /home/airflow/.local/lib/python3.8/site-packages/airflow/example_dags/example_branch_operator.py
[2026-04-09T12:11:02.679+0000] {logging_mixin.py:188} INFO - [2026-04-09T12:11:02.679+0000] {dag.py:3033} INFO - Sync 1 DAGs
[2026-04-09T12:11:02.706+0000] {logging_mixin.py:188} INFO - [2026-04-09T12:11:02.705+0000] {dag.py:3820} INFO - Setting next_dagrun for example_branch_operator to 2026-04-08T00:00:00+00:00, run_after=2026-04-09T00:00:00+00:00
[2026-04-09T12:11:02.725+0000] {processor.py:183} INFO - Processing /home/airflow/.local/lib/python3.8/site-packages/airflow/example_dags/example_branch_operator.py took 0.106 seconds
[2026-04-09T12:11:32.895+0000] {processor.py:161} INFO - Started process (PID=1152) to work on /home/airflow/.local/lib/python3.8/site-packages/airflow/example_dags/example_branch_operator.py
[2026-04-09T12:11:32.896+0000] {processor.py:830} INFO - Processing file /home/airflow/.local/lib/python3.8/site-packages/airflow/example_dags/example_branch_operator.py for tasks to queue
[2026-04-09T12:11:32.898+0000] {logging_mixin.py:188} INFO - [2026-04-09T12:11:32.898+0000] {dagbag.py:538} INFO - Filling up the DagBag from /home/airflow/.local/lib/python3.8/site-packages/airflow/example_dags/example_branch_operator.py
[2026-04-09T12:11:32.918+0000] {processor.py:840} INFO - DAG(s) 'example_branch_operator' retrieved from /home/airflow/.local/lib/python3.8/site-packages/airflow/example_dags/example_branch_operator.py
[2026-04-09T12:11:32.944+0000] {logging_mixin.py:188} INFO - [2026-04-09T12:11:32.944+0000] {dag.py:3033} INFO - Sync 1 DAGs
[2026-04-09T12:11:32.966+0000] {logging_mixin.py:188} INFO - [2026-04-09T12:11:32.966+0000] {dag.py:3820} INFO - Setting next_dagrun for example_branch_operator to 2026-04-08T00:00:00+00:00, run_after=2026-04-09T00:00:00+00:00
[2026-04-09T12:11:32.981+0000] {processor.py:183} INFO - Processing /home/airflow/.local/lib/python3.8/site-packages/airflow/example_dags/example_branch_operator.py took 0.090 seconds
[2026-04-09T12:12:03.129+0000] {processor.py:161} INFO - Started process (PID=1211) to work on /home/airflow/.local/lib/python3.8/site-packages/airflow/example_dags/example_branch_operator.py
[2026-04-09T12:12:03.130+0000] {processor.py:830} INFO - Processing file /home/airflow/.local/lib/python3.8/site-packages/airflow/example_dags/example_branch_operator.py for tasks to queue
[2026-04-09T12:12:03.132+0000] {logging_mixin.py:188} INFO - [2026-04-09T12:12:03.132+0000] {dagbag.py:538} INFO - Filling up the DagBag from /home/airflow/.local/lib/python3.8/site-packages/airflow/example_dags/example_branch_operator.py
[2026-04-09T12:12:03.154+0000] {processor.py:840} INFO - DAG(s) 'example_branch_operator' retrieved from /home/airflow/.local/lib/python3.8/site-packages/airflow/example_dags/example_branch_operator.py
[2026-04-09T12:12:03.183+0000] {logging_mixin.py:188} INFO - [2026-04-09T12:12:03.183+0000] {dag.py:3033} INFO - Sync 1 DAGs
[2026-04-09T12:12:03.209+0000] {logging_mixin.py:188} INFO - [2026-04-09T12:12:03.209+0000] {dag.py:3820} INFO - Setting next_dagrun for example_branch_operator to 2026-04-08T00:00:00+00:00, run_after=2026-04-09T00:00:00+00:00
[2026-04-09T12:12:03.371+0000] {processor.py:183} INFO - Processing /home/airflow/.local/lib/python3.8/site-packages/airflow/example_dags/example_branch_operator.py took 0.245 seconds
[2026-04-09T12:12:33.552+0000] {processor.py:161} INFO - Started process (PID=1273) to work on /home/airflow/.local/lib/python3.8/site-packages/airflow/example_dags/example_branch_operator.py
[2026-04-09T12:12:33.553+0000] {processor.py:830} INFO - Processing file /home/airflow/.local/lib/python3.8/site-packages/airflow/example_dags/example_branch_operator.py for tasks to queue
[2026-04-09T12:12:33.556+0000] {logging_mixin.py:188} INFO - [2026-04-09T12:12:33.555+0000] {dagbag.py:538} INFO - Filling up the DagBag from /home/airflow/.local/lib/python3.8/site-packages/airflow/example_dags/example_branch_operator.py
[2026-04-09T12:12:33.576+0000] {processor.py:840} INFO - DAG(s) 'example_branch_operator' retrieved from /home/airflow/.local/lib/python3.8/site-packages/airflow/example_dags/example_branch_operator.py
[2026-04-09T12:12:33.607+0000] {logging_mixin.py:188} INFO - [2026-04-09T12:12:33.607+0000] {dag.py:3033} INFO - Sync 1 DAGs
[2026-04-09T12:12:33.787+0000] {logging_mixin.py:188} INFO - [2026-04-09T12:12:33.787+0000] {dag.py:3820} INFO - Setting next_dagrun for example_branch_operator to 2026-04-08T00:00:00+00:00, run_after=2026-04-09T00:00:00+00:00
[2026-04-09T12:12:33.804+0000] {processor.py:183} INFO - Processing /home/airflow/.local/lib/python3.8/site-packages/airflow/example_dags/example_branch_operator.py took 0.255 seconds
[2026-04-09T12:13:04.697+0000] {processor.py:161} INFO - Started process (PID=1333) to work on /home/airflow/.local/lib/python3.8/site-packages/airflow/example_dags/example_branch_operator.py
[2026-04-09T12:13:04.699+0000] {processor.py:830} INFO - Processing file /home/airflow/.local/lib/python3.8/site-packages/airflow/example_dags/example_branch_operator.py for tasks to queue
[2026-04-09T12:13:04.701+0000] {logging_mixin.py:188} INFO - [2026-04-09T12:13:04.700+0000] {dagbag.py:538} INFO - Filling up the DagBag from /home/airflow/.local/lib/python3.8/site-packages/airflow/example_dags/example_branch_operator.py
[2026-04-09T12:13:04.720+0000] {processor.py:840} INFO - DAG(s) 'example_branch_operator' retrieved from /home/airflow/.local/lib/python3.8/site-packages/airflow/example_dags/example_branch_operator.py
[2026-04-09T12:13:04.750+0000] {logging_mixin.py:188} INFO - [2026-04-09T12:13:04.750+0000] {dag.py:3033} INFO - Sync 1 DAGs
[2026-04-09T12:13:04.785+0000] {logging_mixin.py:188} INFO - [2026-04-09T12:13:04.785+0000] {dag.py:3820} INFO - Setting next_dagrun for example_branch_operator to 2026-04-08T00:00:00+00:00, run_after=2026-04-09T00:00:00+00:00
[2026-04-09T12:13:04.831+0000] {processor.py:183} INFO - Processing /home/airflow/.local/lib/python3.8/site-packages/airflow/example_dags/example_branch_operator.py took 0.137 seconds
[2026-04-09T12:13:35.738+0000] {processor.py:161} INFO - Started process (PID=1394) to work on /home/airflow/.local/lib/python3.8/site-packages/airflow/example_dags/example_branch_operator.py
[2026-04-09T12:13:35.739+0000] {processor.py:830} INFO - Processing file /home/airflow/.local/lib/python3.8/site-packages/airflow/example_dags/example_branch_operator.py for tasks to queue
[2026-04-09T12:13:35.744+0000] {logging_mixin.py:188} INFO - [2026-04-09T12:13:35.743+0000] {dagbag.py:538} INFO - Filling up the DagBag from /home/airflow/.local/lib/python3.8/site-packages/airflow/example_dags/example_branch_operator.py
[2026-04-09T12:13:35.763+0000] {processor.py:840} INFO - DAG(s) 'example_branch_operator' retrieved from /home/airflow/.local/lib/python3.8/site-packages/airflow/example_dags/example_branch_operator.py
[2026-04-09T12:13:35.796+0000] {logging_mixin.py:188} INFO - [2026-04-09T12:13:35.796+0000] {dag.py:3033} INFO - Sync 1 DAGs
[2026-04-09T12:13:35.828+0000] {logging_mixin.py:188} INFO - [2026-04-09T12:13:35.828+0000] {dag.py:3820} INFO - Setting next_dagrun for example_branch_operator to 2026-04-08T00:00:00+00:00, run_after=2026-04-09T00:00:00+00:00
[2026-04-09T12:13:35.846+0000] {processor.py:183} INFO - Processing /home/airflow/.local/lib/python3.8/site-packages/airflow/example_dags/example_branch_operator.py took 0.112 seconds
[2026-04-09T12:14:06.702+0000] {processor.py:161} INFO - Started process (PID=1455) to work on /home/airflow/.local/lib/python3.8/site-packages/airflow/example_dags/example_branch_operator.py
[2026-04-09T12:14:06.703+0000] {processor.py:830} INFO - Processing file /home/airflow/.local/lib/python3.8/site-packages/airflow/example_dags/example_branch_operator.py for tasks to queue
[2026-04-09T12:14:06.707+0000] {logging_mixin.py:188} INFO - [2026-04-09T12:14:06.707+0000] {dagbag.py:538} INFO - Filling up the DagBag from /home/airflow/.local/lib/python3.8/site-packages/airflow/example_dags/example_branch_operator.py
[2026-04-09T12:14:06.726+0000] {processor.py:840} INFO - DAG(s) 'example_branch_operator' retrieved from /home/airflow/.local/lib/python3.8/site-packages/airflow/example_dags/example_branch_operator.py
[2026-04-09T12:14:06.757+0000] {logging_mixin.py:188} INFO - [2026-04-09T12:14:06.757+0000] {dag.py:3033} INFO - Sync 1 DAGs
[2026-04-09T12:14:06.782+0000] {logging_mixin.py:188} INFO - [2026-04-09T12:14:06.781+0000] {dag.py:3820} INFO - Setting next_dagrun for example_branch_operator to 2026-04-08T00:00:00+00:00, run_after=2026-04-09T00:00:00+00:00
[2026-04-09T12:14:06.800+0000] {processor.py:183} INFO - Processing /home/airflow/.local/lib/python3.8/site-packages/airflow/example_dags/example_branch_operator.py took 0.102 seconds
[2026-04-09T12:14:37.472+0000] {processor.py:161} INFO - Started process (PID=1516) to work on /home/airflow/.local/lib/python3.8/site-packages/airflow/example_dags/example_branch_operator.py
[2026-04-09T12:14:37.473+0000] {processor.py:830} INFO - Processing file /home/airflow/.local/lib/python3.8/site-packages/airflow/example_dags/example_branch_operator.py for tasks to queue
[2026-04-09T12:14:37.475+0000] {logging_mixin.py:188} INFO - [2026-04-09T12:14:37.475+0000] {dagbag.py:538} INFO - Filling up the DagBag from /home/airflow/.local/lib/python3.8/site-packages/airflow/example_dags/example_branch_operator.py
[2026-04-09T12:14:37.494+0000] {processor.py:840} INFO - DAG(s) 'example_branch_operator' retrieved from /home/airflow/.local/lib/python3.8/site-packages/airflow/example_dags/example_branch_operator.py
[2026-04-09T12:14:37.525+0000] {logging_mixin.py:188} INFO - [2026-04-09T12:14:37.525+0000] {dag.py:3033} INFO - Sync 1 DAGs
[2026-04-09T12:14:37.550+0000] {logging_mixin.py:188} INFO - [2026-04-09T12:14:37.550+0000] {dag.py:3820} INFO - Setting next_dagrun for example_branch_operator to 2026-04-08T00:00:00+00:00, run_after=2026-04-09T00:00:00+00:00
[2026-04-09T12:14:37.568+0000] {processor.py:183} INFO - Processing /home/airflow/.local/lib/python3.8/site-packages/airflow/example_dags/example_branch_operator.py took 0.100 seconds
[2026-04-09T12:15:08.014+0000] {processor.py:161} INFO - Started process (PID=1577) to work on /home/airflow/.local/lib/python3.8/site-packages/airflow/example_dags/example_branch_operator.py
[2026-04-09T12:15:08.015+0000] {processor.py:830} INFO - Processing file /home/airflow/.local/lib/python3.8/site-packages/airflow/example_dags/example_branch_operator.py for tasks to queue
[2026-04-09T12:15:08.018+0000] {logging_mixin.py:188} INFO - [2026-04-09T12:15:08.017+0000] {dagbag.py:538} INFO - Filling up the DagBag from /home/airflow/.local/lib/python3.8/site-packages/airflow/example_dags/example_branch_operator.py
[2026-04-09T12:15:08.037+0000] {processor.py:840} INFO - DAG(s) 'example_branch_operator' retrieved from /home/airflow/.local/lib/python3.8/site-packages/airflow/example_dags/example_branch_operator.py
[2026-04-09T12:15:08.068+0000] {logging_mixin.py:188} INFO - [2026-04-09T12:15:08.068+0000] {dag.py:3033} INFO - Sync 1 DAGs
[2026-04-09T12:15:08.095+0000] {logging_mixin.py:188} INFO - [2026-04-09T12:15:08.094+0000] {dag.py:3820} INFO - Setting next_dagrun for example_branch_operator to 2026-04-08T00:00:00+00:00, run_after=2026-04-09T00:00:00+00:00
[2026-04-09T12:15:08.113+0000] {processor.py:183} INFO - Processing /home/airflow/.local/lib/python3.8/site-packages/airflow/example_dags/example_branch_operator.py took 0.103 seconds
[2026-04-09T12:15:38.166+0000] {processor.py:161} INFO - Started process (PID=1638) to work on /home/airflow/.local/lib/python3.8/site-packages/airflow/example_dags/example_branch_operator.py
[2026-04-09T12:15:38.167+0000] {processor.py:830} INFO - Processing file /home/airflow/.local/lib/python3.8/site-packages/airflow/example_dags/example_branch_operator.py for tasks to queue
[2026-04-09T12:15:38.169+0000] {logging_mixin.py:188} INFO - [2026-04-09T12:15:38.169+0000] {dagbag.py:538} INFO - Filling up the DagBag from /home/airflow/.local/lib/python3.8/site-packages/airflow/example_dags/example_branch_operator.py
[2026-04-09T12:15:38.189+0000] {processor.py:840} INFO - DAG(s) 'example_branch_operator' retrieved from /home/airflow/.local/lib/python3.8/site-packages/airflow/example_dags/example_branch_operator.py
[2026-04-09T12:15:38.221+0000] {logging_mixin.py:188} INFO - [2026-04-09T12:15:38.221+0000] {dag.py:3033} INFO - Sync 1 DAGs
[2026-04-09T12:15:38.248+0000] {logging_mixin.py:188} INFO - [2026-04-09T12:15:38.248+0000] {dag.py:3820} INFO - Setting next_dagrun for example_branch_operator to 2026-04-08T00:00:00+00:00, run_after=2026-04-09T00:00:00+00:00
[2026-04-09T12:15:38.267+0000] {processor.py:183} INFO - Processing /home/airflow/.local/lib/python3.8/site-packages/airflow/example_dags/example_branch_operator.py took 0.103 seconds
[2026-04-09T12:16:08.814+0000] {processor.py:161} INFO - Started process (PID=1699) to work on /home/airflow/.local/lib/python3.8/site-packages/airflow/example_dags/example_branch_operator.py
[2026-04-09T12:16:08.815+0000] {processor.py:830} INFO - Processing file /home/airflow/.local/lib/python3.8/site-packages/airflow/example_dags/example_branch_operator.py for tasks to queue
[2026-04-09T12:16:08.817+0000] {logging_mixin.py:188} INFO - [2026-04-09T12:16:08.817+0000] {dagbag.py:538} INFO - Filling up the DagBag from /home/airflow/.local/lib/python3.8/site-packages/airflow/example_dags/example_branch_operator.py
[2026-04-09T12:16:08.837+0000] {processor.py:840} INFO - DAG(s) 'example_branch_operator' retrieved from /home/airflow/.local/lib/python3.8/site-packages/airflow/example_dags/example_branch_operator.py
[2026-04-09T12:16:08.867+0000] {logging_mixin.py:188} INFO - [2026-04-09T12:16:08.867+0000] {dag.py:3033} INFO - Sync 1 DAGs
[2026-04-09T12:16:08.892+0000] {logging_mixin.py:188} INFO - [2026-04-09T12:16:08.892+0000] {dag.py:3820} INFO - Setting next_dagrun for example_branch_operator to 2026-04-08T00:00:00+00:00, run_after=2026-04-09T00:00:00+00:00
[2026-04-09T12:16:08.912+0000] {processor.py:183} INFO - Processing /home/airflow/.local/lib/python3.8/site-packages/airflow/example_dags/example_branch_operator.py took 0.101 seconds
[2026-04-09T12:16:39.148+0000] {processor.py:161} INFO - Started process (PID=1760) to work on /home/airflow/.local/lib/python3.8/site-packages/airflow/example_dags/example_branch_operator.py
[2026-04-09T12:16:39.150+0000] {processor.py:830} INFO - Processing file /home/airflow/.local/lib/python3.8/site-packages/airflow/example_dags/example_branch_operator.py for tasks to queue
[2026-04-09T12:16:39.157+0000] {logging_mixin.py:188} INFO - [2026-04-09T12:16:39.157+0000] {dagbag.py:538} INFO - Filling up the DagBag from /home/airflow/.local/lib/python3.8/site-packages/airflow/example_dags/example_branch_operator.py
[2026-04-09T12:16:39.181+0000] {processor.py:840} INFO - DAG(s) 'example_branch_operator' retrieved from /home/airflow/.local/lib/python3.8/site-packages/airflow/example_dags/example_branch_operator.py
[2026-04-09T12:16:39.220+0000] {logging_mixin.py:188} INFO - [2026-04-09T12:16:39.220+0000] {dag.py:3033} INFO - Sync 1 DAGs
[2026-04-09T12:16:39.247+0000] {logging_mixin.py:188} INFO - [2026-04-09T12:16:39.246+0000] {dag.py:3820} INFO - Setting next_dagrun for example_branch_operator to 2026-04-08T00:00:00+00:00, run_after=2026-04-09T00:00:00+00:00
[2026-04-09T12:16:39.266+0000] {processor.py:183} INFO - Processing /home/airflow/.local/lib/python3.8/site-packages/airflow/example_dags/example_branch_operator.py took 0.123 seconds
[2026-04-09T12:17:10.186+0000] {processor.py:161} INFO - Started process (PID=1821) to work on /home/airflow/.local/lib/python3.8/site-packages/airflow/example_dags/example_branch_operator.py
[2026-04-09T12:17:10.187+0000] {processor.py:830} INFO - Processing file /home/airflow/.local/lib/python3.8/site-packages/airflow/example_dags/example_branch_operator.py for tasks to queue
[2026-04-09T12:17:10.189+0000] {logging_mixin.py:188} INFO - [2026-04-09T12:17:10.189+0000] {dagbag.py:538} INFO - Filling up the DagBag from /home/airflow/.local/lib/python3.8/site-packages/airflow/example_dags/example_branch_operator.py
[2026-04-09T12:17:10.208+0000] {processor.py:840} INFO - DAG(s) 'example_branch_operator' retrieved from /home/airflow/.local/lib/python3.8/site-packages/airflow/example_dags/example_branch_operator.py
[2026-04-09T12:17:10.239+0000] {logging_mixin.py:188} INFO - [2026-04-09T12:17:10.239+0000] {dag.py:3033} INFO - Sync 1 DAGs
[2026-04-09T12:17:10.264+0000] {logging_mixin.py:188} INFO - [2026-04-09T12:17:10.264+0000] {dag.py:3820} INFO - Setting next_dagrun for example_branch_operator to 2026-04-08T00:00:00+00:00, run_after=2026-04-09T00:00:00+00:00
[2026-04-09T12:17:10.285+0000] {processor.py:183} INFO - Processing /home/airflow/.local/lib/python3.8/site-packages/airflow/example_dags/example_branch_operator.py took 0.102 seconds
[2026-04-09T12:17:40.679+0000] {processor.py:161} INFO - Started process (PID=1882) to work on /home/airflow/.local/lib/python3.8/site-packages/airflow/example_dags/example_branch_operator.py
[2026-04-09T12:17:40.680+0000] {processor.py:830} INFO - Processing file /home/airflow/.local/lib/python3.8/site-packages/airflow/example_dags/example_branch_operator.py for tasks to queue
[2026-04-09T12:17:40.684+0000] {logging_mixin.py:188} INFO - [2026-04-09T12:17:40.684+0000] {dagbag.py:538} INFO - Filling up the DagBag from /home/airflow/.local/lib/python3.8/site-packages/airflow/example_dags/example_branch_operator.py
[2026-04-09T12:17:40.753+0000] {processor.py:840} INFO - DAG(s) 'example_branch_operator' retrieved from /home/airflow/.local/lib/python3.8/site-packages/airflow/example_dags/example_branch_operator.py
[2026-04-09T12:17:40.882+0000] {logging_mixin.py:188} INFO - [2026-04-09T12:17:40.881+0000] {dag.py:3033} INFO - Sync 1 DAGs
[2026-04-09T12:17:40.949+0000] {logging_mixin.py:188} INFO - [2026-04-09T12:17:40.948+0000] {dag.py:3820} INFO - Setting next_dagrun for example_branch_operator to 2026-04-08T00:00:00+00:00, run_after=2026-04-09T00:00:00+00:00
[2026-04-09T12:17:40.968+0000] {processor.py:183} INFO - Processing /home/airflow/.local/lib/python3.8/site-packages/airflow/example_dags/example_branch_operator.py took 0.300 seconds
[2026-04-09T12:18:11.319+0000] {processor.py:161} INFO - Started process (PID=1944) to work on /home/airflow/.local/lib/python3.8/site-packages/airflow/example_dags/example_branch_operator.py
[2026-04-09T12:18:11.320+0000] {processor.py:830} INFO - Processing file /home/airflow/.local/lib/python3.8/site-packages/airflow/example_dags/example_branch_operator.py for tasks to queue
[2026-04-09T12:18:11.322+0000] {logging_mixin.py:188} INFO - [2026-04-09T12:18:11.322+0000] {dagbag.py:538} INFO - Filling up the DagBag from /home/airflow/.local/lib/python3.8/site-packages/airflow/example_dags/example_branch_operator.py
[2026-04-09T12:18:11.341+0000] {processor.py:840} INFO - DAG(s) 'example_branch_operator' retrieved from /home/airflow/.local/lib/python3.8/site-packages/airflow/example_dags/example_branch_operator.py
[2026-04-09T12:18:11.378+0000] {logging_mixin.py:188} INFO - [2026-04-09T12:18:11.378+0000] {dag.py:3033} INFO - Sync 1 DAGs
[2026-04-09T12:18:11.402+0000] {logging_mixin.py:188} INFO - [2026-04-09T12:18:11.402+0000] {dag.py:3820} INFO - Setting next_dagrun for example_branch_operator to 2026-04-08T00:00:00+00:00, run_after=2026-04-09T00:00:00+00:00
[2026-04-09T12:18:11.420+0000] {processor.py:183} INFO - Processing /home/airflow/.local/lib/python3.8/site-packages/airflow/example_dags/example_branch_operator.py took 0.105 seconds
[2026-04-09T12:18:41.728+0000] {processor.py:161} INFO - Started process (PID=2004) to work on /home/airflow/.local/lib/python3.8/site-packages/airflow/example_dags/example_branch_operator.py
[2026-04-09T12:18:41.728+0000] {processor.py:830} INFO - Processing file /home/airflow/.local/lib/python3.8/site-packages/airflow/example_dags/example_branch_operator.py for tasks to queue
[2026-04-09T12:18:41.731+0000] {logging_mixin.py:188} INFO - [2026-04-09T12:18:41.730+0000] {dagbag.py:538} INFO - Filling up the DagBag from /home/airflow/.local/lib/python3.8/site-packages/airflow/example_dags/example_branch_operator.py
[2026-04-09T12:18:41.751+0000] {processor.py:840} INFO - DAG(s) 'example_branch_operator' retrieved from /home/airflow/.local/lib/python3.8/site-packages/airflow/example_dags/example_branch_operator.py
[2026-04-09T12:18:41.784+0000] {logging_mixin.py:188} INFO - [2026-04-09T12:18:41.784+0000] {dag.py:3033} INFO - Sync 1 DAGs
[2026-04-09T12:18:41.810+0000] {logging_mixin.py:188} INFO - [2026-04-09T12:18:41.810+0000] {dag.py:3820} INFO - Setting next_dagrun for example_branch_operator to 2026-04-08T00:00:00+00:00, run_after=2026-04-09T00:00:00+00:00
[2026-04-09T12:18:41.827+0000] {processor.py:183} INFO - Processing /home/airflow/.local/lib/python3.8/site-packages/airflow/example_dags/example_branch_operator.py took 0.103 seconds
[2026-04-09T12:19:12.563+0000] {processor.py:161} INFO - Started process (PID=2065) to work on /home/airflow/.local/lib/python3.8/site-packages/airflow/example_dags/example_branch_operator.py
[2026-04-09T12:19:12.564+0000] {processor.py:830} INFO - Processing file /home/airflow/.local/lib/python3.8/site-packages/airflow/example_dags/example_branch_operator.py for tasks to queue
[2026-04-09T12:19:12.566+0000] {logging_mixin.py:188} INFO - [2026-04-09T12:19:12.566+0000] {dagbag.py:538} INFO - Filling up the DagBag from /home/airflow/.local/lib/python3.8/site-packages/airflow/example_dags/example_branch_operator.py
[2026-04-09T12:19:12.587+0000] {processor.py:840} INFO - DAG(s) 'example_branch_operator' retrieved from /home/airflow/.local/lib/python3.8/site-packages/airflow/example_dags/example_branch_operator.py
[2026-04-09T12:19:12.618+0000] {logging_mixin.py:188} INFO - [2026-04-09T12:19:12.617+0000] {dag.py:3033} INFO - Sync 1 DAGs
[2026-04-09T12:19:12.644+0000] {logging_mixin.py:188} INFO - [2026-04-09T12:19:12.644+0000] {dag.py:3820} INFO - Setting next_dagrun for example_branch_operator to 2026-04-08T00:00:00+00:00, run_after=2026-04-09T00:00:00+00:00
[2026-04-09T12:19:12.662+0000] {processor.py:183} INFO - Processing /home/airflow/.local/lib/python3.8/site-packages/airflow/example_dags/example_branch_operator.py took 0.102 seconds
[2026-04-09T12:19:43.657+0000] {processor.py:161} INFO - Started process (PID=2126) to work on /home/airflow/.local/lib/python3.8/site-packages/airflow/example_dags/example_branch_operator.py
[2026-04-09T12:19:43.658+0000] {processor.py:830} INFO - Processing file /home/airflow/.local/lib/python3.8/site-packages/airflow/example_dags/example_branch_operator.py for tasks to queue
[2026-04-09T12:19:43.660+0000] {logging_mixin.py:188} INFO - [2026-04-09T12:19:43.660+0000] {dagbag.py:538} INFO - Filling up the DagBag from /home/airflow/.local/lib/python3.8/site-packages/airflow/example_dags/example_branch_operator.py
[2026-04-09T12:19:43.681+0000] {processor.py:840} INFO - DAG(s) 'example_branch_operator' retrieved from /home/airflow/.local/lib/python3.8/site-packages/airflow/example_dags/example_branch_operator.py
[2026-04-09T12:19:43.765+0000] {logging_mixin.py:188} INFO - [2026-04-09T12:19:43.765+0000] {dag.py:3033} INFO - Sync 1 DAGs
[2026-04-09T12:19:43.791+0000] {logging_mixin.py:188} INFO - [2026-04-09T12:19:43.790+0000] {dag.py:3820} INFO - Setting next_dagrun for example_branch_operator to 2026-04-08T00:00:00+00:00, run_after=2026-04-09T00:00:00+00:00
[2026-04-09T12:19:43.829+0000] {processor.py:183} INFO - Processing /home/airflow/.local/lib/python3.8/site-packages/airflow/example_dags/example_branch_operator.py took 0.175 seconds
[2026-04-09T12:20:14.683+0000] {processor.py:161} INFO - Started process (PID=2187) to work on /home/airflow/.local/lib/python3.8/site-packages/airflow/example_dags/example_branch_operator.py
[2026-04-09T12:20:14.688+0000] {processor.py:830} INFO - Processing file /home/airflow/.local/lib/python3.8/site-packages/airflow/example_dags/example_branch_operator.py for tasks to queue
[2026-04-09T12:20:14.692+0000] {logging_mixin.py:188} INFO - [2026-04-09T12:20:14.691+0000] {dagbag.py:538} INFO - Filling up the DagBag from /home/airflow/.local/lib/python3.8/site-packages/airflow/example_dags/example_branch_operator.py
[2026-04-09T12:20:14.735+0000] {processor.py:840} INFO - DAG(s) 'example_branch_operator' retrieved from /home/airflow/.local/lib/python3.8/site-packages/airflow/example_dags/example_branch_operator.py
[2026-04-09T12:20:14.783+0000] {logging_mixin.py:188} INFO - [2026-04-09T12:20:14.783+0000] {dag.py:3033} INFO - Sync 1 DAGs
[2026-04-09T12:20:14.839+0000] {logging_mixin.py:188} INFO - [2026-04-09T12:20:14.838+0000] {dag.py:3820} INFO - Setting next_dagrun for example_branch_operator to 2026-04-08T00:00:00+00:00, run_after=2026-04-09T00:00:00+00:00
[2026-04-09T12:20:14.879+0000] {processor.py:183} INFO - Processing /home/airflow/.local/lib/python3.8/site-packages/airflow/example_dags/example_branch_operator.py took 0.209 seconds
[2026-04-09T12:20:44.986+0000] {processor.py:161} INFO - Started process (PID=2249) to work on /home/airflow/.local/lib/python3.8/site-packages/airflow/example_dags/example_branch_operator.py
[2026-04-09T12:20:44.987+0000] {processor.py:830} INFO - Processing file /home/airflow/.local/lib/python3.8/site-packages/airflow/example_dags/example_branch_operator.py for tasks to queue
[2026-04-09T12:20:44.989+0000] {logging_mixin.py:188} INFO - [2026-04-09T12:20:44.989+0000] {dagbag.py:538} INFO - Filling up the DagBag from /home/airflow/.local/lib/python3.8/site-packages/airflow/example_dags/example_branch_operator.py
[2026-04-09T12:20:45.010+0000] {processor.py:840} INFO - DAG(s) 'example_branch_operator' retrieved from /home/airflow/.local/lib/python3.8/site-packages/airflow/example_dags/example_branch_operator.py
[2026-04-09T12:20:45.042+0000] {logging_mixin.py:188} INFO - [2026-04-09T12:20:45.042+0000] {dag.py:3033} INFO - Sync 1 DAGs
[2026-04-09T12:20:45.069+0000] {logging_mixin.py:188} INFO - [2026-04-09T12:20:45.069+0000] {dag.py:3820} INFO - Setting next_dagrun for example_branch_operator to 2026-04-08T00:00:00+00:00, run_after=2026-04-09T00:00:00+00:00
[2026-04-09T12:20:45.087+0000] {processor.py:183} INFO - Processing /home/airflow/.local/lib/python3.8/site-packages/airflow/example_dags/example_branch_operator.py took 0.105 seconds
[2026-04-09T12:21:15.182+0000] {processor.py:161} INFO - Started process (PID=2309) to work on /home/airflow/.local/lib/python3.8/site-packages/airflow/example_dags/example_branch_operator.py
[2026-04-09T12:21:15.183+0000] {processor.py:830} INFO - Processing file /home/airflow/.local/lib/python3.8/site-packages/airflow/example_dags/example_branch_operator.py for tasks to queue
[2026-04-09T12:21:15.185+0000] {logging_mixin.py:188} INFO - [2026-04-09T12:21:15.185+0000] {dagbag.py:538} INFO - Filling up the DagBag from /home/airflow/.local/lib/python3.8/site-packages/airflow/example_dags/example_branch_operator.py
[2026-04-09T12:21:15.205+0000] {processor.py:840} INFO - DAG(s) 'example_branch_operator' retrieved from /home/airflow/.local/lib/python3.8/site-packages/airflow/example_dags/example_branch_operator.py
[2026-04-09T12:21:15.237+0000] {logging_mixin.py:188} INFO - [2026-04-09T12:21:15.236+0000] {dag.py:3033} INFO - Sync 1 DAGs
[2026-04-09T12:21:15.263+0000] {logging_mixin.py:188} INFO - [2026-04-09T12:21:15.262+0000] {dag.py:3820} INFO - Setting next_dagrun for example_branch_operator to 2026-04-08T00:00:00+00:00, run_after=2026-04-09T00:00:00+00:00
[2026-04-09T12:21:15.284+0000] {processor.py:183} INFO - Processing /home/airflow/.local/lib/python3.8/site-packages/airflow/example_dags/example_branch_operator.py took 0.105 seconds
[2026-04-09T12:21:46.107+0000] {processor.py:161} INFO - Started process (PID=2370) to work on /home/airflow/.local/lib/python3.8/site-packages/airflow/example_dags/example_branch_operator.py
[2026-04-09T12:21:46.110+0000] {processor.py:830} INFO - Processing file /home/airflow/.local/lib/python3.8/site-packages/airflow/example_dags/example_branch_operator.py for tasks to queue
[2026-04-09T12:21:46.113+0000] {logging_mixin.py:188} INFO - [2026-04-09T12:21:46.112+0000] {dagbag.py:538} INFO - Filling up the DagBag from /home/airflow/.local/lib/python3.8/site-packages/airflow/example_dags/example_branch_operator.py
[2026-04-09T12:21:46.146+0000] {processor.py:840} INFO - DAG(s) 'example_branch_operator' retrieved from /home/airflow/.local/lib/python3.8/site-packages/airflow/example_dags/example_branch_operator.py
[2026-04-09T12:21:46.211+0000] {logging_mixin.py:188} INFO - [2026-04-09T12:21:46.211+0000] {dag.py:3033} INFO - Sync 1 DAGs
[2026-04-09T12:21:46.263+0000] {logging_mixin.py:188} INFO - [2026-04-09T12:21:46.262+0000] {dag.py:3820} INFO - Setting next_dagrun for example_branch_operator to 2026-04-08T00:00:00+00:00, run_after=2026-04-09T00:00:00+00:00
[2026-04-09T12:21:46.293+0000] {processor.py:183} INFO - Processing /home/airflow/.local/lib/python3.8/site-packages/airflow/example_dags/example_branch_operator.py took 0.198 seconds
[2026-04-09T12:22:16.326+0000] {processor.py:161} INFO - Started process (PID=2431) to work on /home/airflow/.local/lib/python3.8/site-packages/airflow/example_dags/example_branch_operator.py
[2026-04-09T12:22:16.327+0000] {processor.py:830} INFO - Processing file /home/airflow/.local/lib/python3.8/site-packages/airflow/example_dags/example_branch_operator.py for tasks to queue
[2026-04-09T12:22:16.329+0000] {logging_mixin.py:188} INFO - [2026-04-09T12:22:16.329+0000] {dagbag.py:538} INFO - Filling up the DagBag from /home/airflow/.local/lib/python3.8/site-packages/airflow/example_dags/example_branch_operator.py
[2026-04-09T12:22:16.351+0000] {processor.py:840} INFO - DAG(s) 'example_branch_operator' retrieved from /home/airflow/.local/lib/python3.8/site-packages/airflow/example_dags/example_branch_operator.py
[2026-04-09T12:22:16.385+0000] {logging_mixin.py:188} INFO - [2026-04-09T12:22:16.385+0000] {dag.py:3033} INFO - Sync 1 DAGs
[2026-04-09T12:22:16.414+0000] {logging_mixin.py:188} INFO - [2026-04-09T12:22:16.413+0000] {dag.py:3820} INFO - Setting next_dagrun for example_branch_operator to 2026-04-08T00:00:00+00:00, run_after=2026-04-09T00:00:00+00:00
[2026-04-09T12:22:16.431+0000] {processor.py:183} INFO - Processing /home/airflow/.local/lib/python3.8/site-packages/airflow/example_dags/example_branch_operator.py took 0.109 seconds
[2026-04-09T12:22:46.589+0000] {processor.py:161} INFO - Started process (PID=2492) to work on /home/airflow/.local/lib/python3.8/site-packages/airflow/example_dags/example_branch_operator.py
[2026-04-09T12:22:46.590+0000] {processor.py:830} INFO - Processing file /home/airflow/.local/lib/python3.8/site-packages/airflow/example_dags/example_branch_operator.py for tasks to queue
[2026-04-09T12:22:46.592+0000] {logging_mixin.py:188} INFO - [2026-04-09T12:22:46.592+0000] {dagbag.py:538} INFO - Filling up the DagBag from /home/airflow/.local/lib/python3.8/site-packages/airflow/example_dags/example_branch_operator.py
[2026-04-09T12:22:46.616+0000] {processor.py:840} INFO - DAG(s) 'example_branch_operator' retrieved from /home/airflow/.local/lib/python3.8/site-packages/airflow/example_dags/example_branch_operator.py
[2026-04-09T12:22:46.648+0000] {logging_mixin.py:188} INFO - [2026-04-09T12:22:46.648+0000] {dag.py:3033} INFO - Sync 1 DAGs
[2026-04-09T12:22:46.675+0000] {logging_mixin.py:188} INFO - [2026-04-09T12:22:46.675+0000] {dag.py:3820} INFO - Setting next_dagrun for example_branch_operator to 2026-04-08T00:00:00+00:00, run_after=2026-04-09T00:00:00+00:00
[2026-04-09T12:22:46.693+0000] {processor.py:183} INFO - Processing /home/airflow/.local/lib/python3.8/site-packages/airflow/example_dags/example_branch_operator.py took 0.107 seconds
[2026-04-09T12:23:16.833+0000] {processor.py:161} INFO - Started process (PID=2553) to work on /home/airflow/.local/lib/python3.8/site-packages/airflow/example_dags/example_branch_operator.py
[2026-04-09T12:23:16.834+0000] {processor.py:830} INFO - Processing file /home/airflow/.local/lib/python3.8/site-packages/airflow/example_dags/example_branch_operator.py for tasks to queue
[2026-04-09T12:23:16.836+0000] {logging_mixin.py:188} INFO - [2026-04-09T12:23:16.836+0000] {dagbag.py:538} INFO - Filling up the DagBag from /home/airflow/.local/lib/python3.8/site-packages/airflow/example_dags/example_branch_operator.py
[2026-04-09T12:23:16.857+0000] {processor.py:840} INFO - DAG(s) 'example_branch_operator' retrieved from /home/airflow/.local/lib/python3.8/site-packages/airflow/example_dags/example_branch_operator.py
[2026-04-09T12:23:16.892+0000] {logging_mixin.py:188} INFO - [2026-04-09T12:23:16.892+0000] {dag.py:3033} INFO - Sync 1 DAGs
[2026-04-09T12:23:16.918+0000] {logging_mixin.py:188} INFO - [2026-04-09T12:23:16.918+0000] {dag.py:3820} INFO - Setting next_dagrun for example_branch_operator to 2026-04-08T00:00:00+00:00, run_after=2026-04-09T00:00:00+00:00
[2026-04-09T12:23:16.935+0000] {processor.py:183} INFO - Processing /home/airflow/.local/lib/python3.8/site-packages/airflow/example_dags/example_branch_operator.py took 0.106 seconds
[2026-04-09T12:23:47.516+0000] {processor.py:161} INFO - Started process (PID=2614) to work on /home/airflow/.local/lib/python3.8/site-packages/airflow/example_dags/example_branch_operator.py
[2026-04-09T12:23:47.516+0000] {processor.py:830} INFO - Processing file /home/airflow/.local/lib/python3.8/site-packages/airflow/example_dags/example_branch_operator.py for tasks to queue
[2026-04-09T12:23:47.518+0000] {logging_mixin.py:188} INFO - [2026-04-09T12:23:47.518+0000] {dagbag.py:538} INFO - Filling up the DagBag from /home/airflow/.local/lib/python3.8/site-packages/airflow/example_dags/example_branch_operator.py
[2026-04-09T12:23:47.538+0000] {processor.py:840} INFO - DAG(s) 'example_branch_operator' retrieved from /home/airflow/.local/lib/python3.8/site-packages/airflow/example_dags/example_branch_operator.py
[2026-04-09T12:23:47.574+0000] {logging_mixin.py:188} INFO - [2026-04-09T12:23:47.574+0000] {dag.py:3033} INFO - Sync 1 DAGs
[2026-04-09T12:23:47.603+0000] {logging_mixin.py:188} INFO - [2026-04-09T12:23:47.602+0000] {dag.py:3820} INFO - Setting next_dagrun for example_branch_operator to 2026-04-08T00:00:00+00:00, run_after=2026-04-09T00:00:00+00:00
[2026-04-09T12:23:47.620+0000] {processor.py:183} INFO - Processing /home/airflow/.local/lib/python3.8/site-packages/airflow/example_dags/example_branch_operator.py took 0.108 seconds
[2026-04-09T12:24:17.759+0000] {processor.py:161} INFO - Started process (PID=2675) to work on /home/airflow/.local/lib/python3.8/site-packages/airflow/example_dags/example_branch_operator.py
[2026-04-09T12:24:17.760+0000] {processor.py:830} INFO - Processing file /home/airflow/.local/lib/python3.8/site-packages/airflow/example_dags/example_branch_operator.py for tasks to queue
[2026-04-09T12:24:17.762+0000] {logging_mixin.py:188} INFO - [2026-04-09T12:24:17.762+0000] {dagbag.py:538} INFO - Filling up the DagBag from /home/airflow/.local/lib/python3.8/site-packages/airflow/example_dags/example_branch_operator.py
[2026-04-09T12:24:17.782+0000] {processor.py:840} INFO - DAG(s) 'example_branch_operator' retrieved from /home/airflow/.local/lib/python3.8/site-packages/airflow/example_dags/example_branch_operator.py
[2026-04-09T12:24:17.818+0000] {logging_mixin.py:188} INFO - [2026-04-09T12:24:17.818+0000] {dag.py:3033} INFO - Sync 1 DAGs
[2026-04-09T12:24:17.844+0000] {logging_mixin.py:188} INFO - [2026-04-09T12:24:17.843+0000] {dag.py:3820} INFO - Setting next_dagrun for example_branch_operator to 2026-04-08T00:00:00+00:00, run_after=2026-04-09T00:00:00+00:00
[2026-04-09T12:24:17.862+0000] {processor.py:183} INFO - Processing /home/airflow/.local/lib/python3.8/site-packages/airflow/example_dags/example_branch_operator.py took 0.106 seconds
[2026-04-09T12:24:47.999+0000] {processor.py:161} INFO - Started process (PID=2736) to work on /home/airflow/.local/lib/python3.8/site-packages/airflow/example_dags/example_branch_operator.py
[2026-04-09T12:24:47.999+0000] {processor.py:830} INFO - Processing file /home/airflow/.local/lib/python3.8/site-packages/airflow/example_dags/example_branch_operator.py for tasks to queue
[2026-04-09T12:24:48.002+0000] {logging_mixin.py:188} INFO - [2026-04-09T12:24:48.001+0000] {dagbag.py:538} INFO - Filling up the DagBag from /home/airflow/.local/lib/python3.8/site-packages/airflow/example_dags/example_branch_operator.py
[2026-04-09T12:24:48.022+0000] {processor.py:840} INFO - DAG(s) 'example_branch_operator' retrieved from /home/airflow/.local/lib/python3.8/site-packages/airflow/example_dags/example_branch_operator.py
[2026-04-09T12:24:48.054+0000] {logging_mixin.py:188} INFO - [2026-04-09T12:24:48.053+0000] {dag.py:3033} INFO - Sync 1 DAGs
[2026-04-09T12:24:48.079+0000] {logging_mixin.py:188} INFO - [2026-04-09T12:24:48.078+0000] {dag.py:3820} INFO - Setting next_dagrun for example_branch_operator to 2026-04-08T00:00:00+00:00, run_after=2026-04-09T00:00:00+00:00
[2026-04-09T12:24:48.096+0000] {processor.py:183} INFO - Processing /home/airflow/.local/lib/python3.8/site-packages/airflow/example_dags/example_branch_operator.py took 0.101 seconds
[2026-04-09T12:25:18.287+0000] {processor.py:161} INFO - Started process (PID=2797) to work on /home/airflow/.local/lib/python3.8/site-packages/airflow/example_dags/example_branch_operator.py
[2026-04-09T12:25:18.288+0000] {processor.py:830} INFO - Processing file /home/airflow/.local/lib/python3.8/site-packages/airflow/example_dags/example_branch_operator.py for tasks to queue
[2026-04-09T12:25:18.290+0000] {logging_mixin.py:188} INFO - [2026-04-09T12:25:18.289+0000] {dagbag.py:538} INFO - Filling up the DagBag from /home/airflow/.local/lib/python3.8/site-packages/airflow/example_dags/example_branch_operator.py
[2026-04-09T12:25:18.309+0000] {processor.py:840} INFO - DAG(s) 'example_branch_operator' retrieved from /home/airflow/.local/lib/python3.8/site-packages/airflow/example_dags/example_branch_operator.py
[2026-04-09T12:25:18.342+0000] {logging_mixin.py:188} INFO - [2026-04-09T12:25:18.341+0000] {dag.py:3033} INFO - Sync 1 DAGs
[2026-04-09T12:25:18.368+0000] {logging_mixin.py:188} INFO - [2026-04-09T12:25:18.368+0000] {dag.py:3820} INFO - Setting next_dagrun for example_branch_operator to 2026-04-08T00:00:00+00:00, run_after=2026-04-09T00:00:00+00:00
[2026-04-09T12:25:18.385+0000] {processor.py:183} INFO - Processing /home/airflow/.local/lib/python3.8/site-packages/airflow/example_dags/example_branch_operator.py took 0.102 seconds
[2026-04-09T12:25:48.786+0000] {processor.py:161} INFO - Started process (PID=2858) to work on /home/airflow/.local/lib/python3.8/site-packages/airflow/example_dags/example_branch_operator.py
[2026-04-09T12:25:48.787+0000] {processor.py:830} INFO - Processing file /home/airflow/.local/lib/python3.8/site-packages/airflow/example_dags/example_branch_operator.py for tasks to queue
[2026-04-09T12:25:48.790+0000] {logging_mixin.py:188} INFO - [2026-04-09T12:25:48.789+0000] {dagbag.py:538} INFO - Filling up the DagBag from /home/airflow/.local/lib/python3.8/site-packages/airflow/example_dags/example_branch_operator.py
[2026-04-09T12:25:48.810+0000] {processor.py:840} INFO - DAG(s) 'example_branch_operator' retrieved from /home/airflow/.local/lib/python3.8/site-packages/airflow/example_dags/example_branch_operator.py
[2026-04-09T12:25:48.848+0000] {logging_mixin.py:188} INFO - [2026-04-09T12:25:48.847+0000] {dag.py:3033} INFO - Sync 1 DAGs
[2026-04-09T12:25:48.876+0000] {logging_mixin.py:188} INFO - [2026-04-09T12:25:48.875+0000] {dag.py:3820} INFO - Setting next_dagrun for example_branch_operator to 2026-04-08T00:00:00+00:00, run_after=2026-04-09T00:00:00+00:00
[2026-04-09T12:25:48.896+0000] {processor.py:183} INFO - Processing /home/airflow/.local/lib/python3.8/site-packages/airflow/example_dags/example_branch_operator.py took 0.114 seconds
[2026-04-09T12:26:19.563+0000] {processor.py:161} INFO - Started process (PID=2919) to work on /home/airflow/.local/lib/python3.8/site-packages/airflow/example_dags/example_branch_operator.py
[2026-04-09T12:26:19.564+0000] {processor.py:830} INFO - Processing file /home/airflow/.local/lib/python3.8/site-packages/airflow/example_dags/example_branch_operator.py for tasks to queue
[2026-04-09T12:26:19.566+0000] {logging_mixin.py:188} INFO - [2026-04-09T12:26:19.566+0000] {dagbag.py:538} INFO - Filling up the DagBag from /home/airflow/.local/lib/python3.8/site-packages/airflow/example_dags/example_branch_operator.py
[2026-04-09T12:26:19.587+0000] {processor.py:840} INFO - DAG(s) 'example_branch_operator' retrieved from /home/airflow/.local/lib/python3.8/site-packages/airflow/example_dags/example_branch_operator.py
[2026-04-09T12:26:19.620+0000] {logging_mixin.py:188} INFO - [2026-04-09T12:26:19.620+0000] {dag.py:3033} INFO - Sync 1 DAGs
[2026-04-09T12:26:19.647+0000] {logging_mixin.py:188} INFO - [2026-04-09T12:26:19.647+0000] {dag.py:3820} INFO - Setting next_dagrun for example_branch_operator to 2026-04-08T00:00:00+00:00, run_after=2026-04-09T00:00:00+00:00
[2026-04-09T12:26:19.666+0000] {processor.py:183} INFO - Processing /home/airflow/.local/lib/python3.8/site-packages/airflow/example_dags/example_branch_operator.py took 0.106 seconds
[2026-04-09T12:26:50.194+0000] {processor.py:161} INFO - Started process (PID=2980) to work on /home/airflow/.local/lib/python3.8/site-packages/airflow/example_dags/example_branch_operator.py
[2026-04-09T12:26:50.199+0000] {processor.py:830} INFO - Processing file /home/airflow/.local/lib/python3.8/site-packages/airflow/example_dags/example_branch_operator.py for tasks to queue
[2026-04-09T12:26:50.205+0000] {logging_mixin.py:188} INFO - [2026-04-09T12:26:50.205+0000] {dagbag.py:538} INFO - Filling up the DagBag from /home/airflow/.local/lib/python3.8/site-packages/airflow/example_dags/example_branch_operator.py
[2026-04-09T12:26:50.240+0000] {processor.py:840} INFO - DAG(s) 'example_branch_operator' retrieved from /home/airflow/.local/lib/python3.8/site-packages/airflow/example_dags/example_branch_operator.py
[2026-04-09T12:26:50.273+0000] {logging_mixin.py:188} INFO - [2026-04-09T12:26:50.273+0000] {dag.py:3033} INFO - Sync 1 DAGs
[2026-04-09T12:26:50.299+0000] {logging_mixin.py:188} INFO - [2026-04-09T12:26:50.299+0000] {dag.py:3820} INFO - Setting next_dagrun for example_branch_operator to 2026-04-08T00:00:00+00:00, run_after=2026-04-09T00:00:00+00:00
[2026-04-09T12:26:50.318+0000] {processor.py:183} INFO - Processing /home/airflow/.local/lib/python3.8/site-packages/airflow/example_dags/example_branch_operator.py took 0.138 seconds
[2026-04-09T12:27:20.401+0000] {processor.py:161} INFO - Started process (PID=3041) to work on /home/airflow/.local/lib/python3.8/site-packages/airflow/example_dags/example_branch_operator.py
[2026-04-09T12:27:20.404+0000] {processor.py:830} INFO - Processing file /home/airflow/.local/lib/python3.8/site-packages/airflow/example_dags/example_branch_operator.py for tasks to queue
[2026-04-09T12:27:20.408+0000] {logging_mixin.py:188} INFO - [2026-04-09T12:27:20.407+0000] {dagbag.py:538} INFO - Filling up the DagBag from /home/airflow/.local/lib/python3.8/site-packages/airflow/example_dags/example_branch_operator.py
[2026-04-09T12:27:20.454+0000] {processor.py:840} INFO - DAG(s) 'example_branch_operator' retrieved from /home/airflow/.local/lib/python3.8/site-packages/airflow/example_dags/example_branch_operator.py
[2026-04-09T12:27:20.543+0000] {logging_mixin.py:188} INFO - [2026-04-09T12:27:20.543+0000] {dag.py:3033} INFO - Sync 1 DAGs
[2026-04-09T12:27:20.592+0000] {logging_mixin.py:188} INFO - [2026-04-09T12:27:20.592+0000] {dag.py:3820} INFO - Setting next_dagrun for example_branch_operator to 2026-04-08T00:00:00+00:00, run_after=2026-04-09T00:00:00+00:00
[2026-04-09T12:27:20.623+0000] {processor.py:183} INFO - Processing /home/airflow/.local/lib/python3.8/site-packages/airflow/example_dags/example_branch_operator.py took 0.233 seconds
[2026-04-09T12:27:50.667+0000] {processor.py:161} INFO - Started process (PID=3102) to work on /home/airflow/.local/lib/python3.8/site-packages/airflow/example_dags/example_branch_operator.py
[2026-04-09T12:27:50.668+0000] {processor.py:830} INFO - Processing file /home/airflow/.local/lib/python3.8/site-packages/airflow/example_dags/example_branch_operator.py for tasks to queue
[2026-04-09T12:27:50.670+0000] {logging_mixin.py:188} INFO - [2026-04-09T12:27:50.669+0000] {dagbag.py:538} INFO - Filling up the DagBag from /home/airflow/.local/lib/python3.8/site-packages/airflow/example_dags/example_branch_operator.py
[2026-04-09T12:27:50.689+0000] {processor.py:840} INFO - DAG(s) 'example_branch_operator' retrieved from /home/airflow/.local/lib/python3.8/site-packages/airflow/example_dags/example_branch_operator.py
[2026-04-09T12:27:50.719+0000] {logging_mixin.py:188} INFO - [2026-04-09T12:27:50.719+0000] {dag.py:3033} INFO - Sync 1 DAGs
[2026-04-09T12:27:50.745+0000] {logging_mixin.py:188} INFO - [2026-04-09T12:27:50.744+0000] {dag.py:3820} INFO - Setting next_dagrun for example_branch_operator to 2026-04-08T00:00:00+00:00, run_after=2026-04-09T00:00:00+00:00
[2026-04-09T12:27:50.762+0000] {processor.py:183} INFO - Processing /home/airflow/.local/lib/python3.8/site-packages/airflow/example_dags/example_branch_operator.py took 0.098 seconds
[2026-04-09T12:28:20.828+0000] {processor.py:161} INFO - Started process (PID=3165) to work on /home/airflow/.local/lib/python3.8/site-packages/airflow/example_dags/example_branch_operator.py
[2026-04-09T12:28:20.829+0000] {processor.py:830} INFO - Processing file /home/airflow/.local/lib/python3.8/site-packages/airflow/example_dags/example_branch_operator.py for tasks to queue
[2026-04-09T12:28:20.831+0000] {logging_mixin.py:188} INFO - [2026-04-09T12:28:20.831+0000] {dagbag.py:538} INFO - Filling up the DagBag from /home/airflow/.local/lib/python3.8/site-packages/airflow/example_dags/example_branch_operator.py
[2026-04-09T12:28:20.850+0000] {processor.py:840} INFO - DAG(s) 'example_branch_operator' retrieved from /home/airflow/.local/lib/python3.8/site-packages/airflow/example_dags/example_branch_operator.py
[2026-04-09T12:28:20.879+0000] {logging_mixin.py:188} INFO - [2026-04-09T12:28:20.879+0000] {dag.py:3033} INFO - Sync 1 DAGs
[2026-04-09T12:28:20.899+0000] {logging_mixin.py:188} INFO - [2026-04-09T12:28:20.899+0000] {dag.py:3820} INFO - Setting next_dagrun for example_branch_operator to 2026-04-08T00:00:00+00:00, run_after=2026-04-09T00:00:00+00:00
[2026-04-09T12:28:20.912+0000] {processor.py:183} INFO - Processing /home/airflow/.local/lib/python3.8/site-packages/airflow/example_dags/example_branch_operator.py took 0.087 seconds
[2026-04-09T12:28:51.283+0000] {processor.py:161} INFO - Started process (PID=3224) to work on /home/airflow/.local/lib/python3.8/site-packages/airflow/example_dags/example_branch_operator.py
[2026-04-09T12:28:51.283+0000] {processor.py:830} INFO - Processing file /home/airflow/.local/lib/python3.8/site-packages/airflow/example_dags/example_branch_operator.py for tasks to queue
[2026-04-09T12:28:51.285+0000] {logging_mixin.py:188} INFO - [2026-04-09T12:28:51.285+0000] {dagbag.py:538} INFO - Filling up the DagBag from /home/airflow/.local/lib/python3.8/site-packages/airflow/example_dags/example_branch_operator.py
[2026-04-09T12:28:51.305+0000] {processor.py:840} INFO - DAG(s) 'example_branch_operator' retrieved from /home/airflow/.local/lib/python3.8/site-packages/airflow/example_dags/example_branch_operator.py
[2026-04-09T12:28:51.339+0000] {logging_mixin.py:188} INFO - [2026-04-09T12:28:51.339+0000] {dag.py:3033} INFO - Sync 1 DAGs
[2026-04-09T12:28:51.364+0000] {logging_mixin.py:188} INFO - [2026-04-09T12:28:51.364+0000] {dag.py:3820} INFO - Setting next_dagrun for example_branch_operator to 2026-04-08T00:00:00+00:00, run_after=2026-04-09T00:00:00+00:00
[2026-04-09T12:28:51.381+0000] {processor.py:183} INFO - Processing /home/airflow/.local/lib/python3.8/site-packages/airflow/example_dags/example_branch_operator.py took 0.102 seconds
[2026-04-09T12:29:22.295+0000] {processor.py:161} INFO - Started process (PID=3285) to work on /home/airflow/.local/lib/python3.8/site-packages/airflow/example_dags/example_branch_operator.py
[2026-04-09T12:29:22.296+0000] {processor.py:830} INFO - Processing file /home/airflow/.local/lib/python3.8/site-packages/airflow/example_dags/example_branch_operator.py for tasks to queue
[2026-04-09T12:29:22.299+0000] {logging_mixin.py:188} INFO - [2026-04-09T12:29:22.299+0000] {dagbag.py:538} INFO - Filling up the DagBag from /home/airflow/.local/lib/python3.8/site-packages/airflow/example_dags/example_branch_operator.py
[2026-04-09T12:29:22.332+0000] {processor.py:840} INFO - DAG(s) 'example_branch_operator' retrieved from /home/airflow/.local/lib/python3.8/site-packages/airflow/example_dags/example_branch_operator.py
[2026-04-09T12:29:22.363+0000] {logging_mixin.py:188} INFO - [2026-04-09T12:29:22.362+0000] {dag.py:3033} INFO - Sync 1 DAGs
[2026-04-09T12:29:22.392+0000] {logging_mixin.py:188} INFO - [2026-04-09T12:29:22.391+0000] {dag.py:3820} INFO - Setting next_dagrun for example_branch_operator to 2026-04-08T00:00:00+00:00, run_after=2026-04-09T00:00:00+00:00
[2026-04-09T12:29:22.419+0000] {processor.py:183} INFO - Processing /home/airflow/.local/lib/python3.8/site-packages/airflow/example_dags/example_branch_operator.py took 0.129 seconds
[2026-04-09T12:29:53.427+0000] {processor.py:161} INFO - Started process (PID=3346) to work on /home/airflow/.local/lib/python3.8/site-packages/airflow/example_dags/example_branch_operator.py
[2026-04-09T12:29:53.428+0000] {processor.py:830} INFO - Processing file /home/airflow/.local/lib/python3.8/site-packages/airflow/example_dags/example_branch_operator.py for tasks to queue
[2026-04-09T12:29:53.432+0000] {logging_mixin.py:188} INFO - [2026-04-09T12:29:53.432+0000] {dagbag.py:538} INFO - Filling up the DagBag from /home/airflow/.local/lib/python3.8/site-packages/airflow/example_dags/example_branch_operator.py
[2026-04-09T12:29:53.452+0000] {processor.py:840} INFO - DAG(s) 'example_branch_operator' retrieved from /home/airflow/.local/lib/python3.8/site-packages/airflow/example_dags/example_branch_operator.py
[2026-04-09T12:29:53.496+0000] {logging_mixin.py:188} INFO - [2026-04-09T12:29:53.495+0000] {dag.py:3033} INFO - Sync 1 DAGs
[2026-04-09T12:29:53.547+0000] {logging_mixin.py:188} INFO - [2026-04-09T12:29:53.546+0000] {dag.py:3820} INFO - Setting next_dagrun for example_branch_operator to 2026-04-08T00:00:00+00:00, run_after=2026-04-09T00:00:00+00:00
[2026-04-09T12:29:53.565+0000] {processor.py:183} INFO - Processing /home/airflow/.local/lib/python3.8/site-packages/airflow/example_dags/example_branch_operator.py took 0.144 seconds
[2026-04-09T12:30:23.763+0000] {processor.py:161} INFO - Started process (PID=3407) to work on /home/airflow/.local/lib/python3.8/site-packages/airflow/example_dags/example_branch_operator.py
[2026-04-09T12:30:23.767+0000] {processor.py:830} INFO - Processing file /home/airflow/.local/lib/python3.8/site-packages/airflow/example_dags/example_branch_operator.py for tasks to queue
[2026-04-09T12:30:23.770+0000] {logging_mixin.py:188} INFO - [2026-04-09T12:30:23.769+0000] {dagbag.py:538} INFO - Filling up the DagBag from /home/airflow/.local/lib/python3.8/site-packages/airflow/example_dags/example_branch_operator.py
[2026-04-09T12:30:23.794+0000] {processor.py:840} INFO - DAG(s) 'example_branch_operator' retrieved from /home/airflow/.local/lib/python3.8/site-packages/airflow/example_dags/example_branch_operator.py
[2026-04-09T12:30:23.829+0000] {logging_mixin.py:188} INFO - [2026-04-09T12:30:23.829+0000] {dag.py:3033} INFO - Sync 1 DAGs
[2026-04-09T12:30:23.859+0000] {logging_mixin.py:188} INFO - [2026-04-09T12:30:23.858+0000] {dag.py:3820} INFO - Setting next_dagrun for example_branch_operator to 2026-04-08T00:00:00+00:00, run_after=2026-04-09T00:00:00+00:00
[2026-04-09T12:30:23.882+0000] {processor.py:183} INFO - Processing /home/airflow/.local/lib/python3.8/site-packages/airflow/example_dags/example_branch_operator.py took 0.123 seconds
[2026-04-09T12:30:54.382+0000] {processor.py:161} INFO - Started process (PID=3468) to work on /home/airflow/.local/lib/python3.8/site-packages/airflow/example_dags/example_branch_operator.py
[2026-04-09T12:30:54.383+0000] {processor.py:830} INFO - Processing file /home/airflow/.local/lib/python3.8/site-packages/airflow/example_dags/example_branch_operator.py for tasks to queue
[2026-04-09T12:30:54.385+0000] {logging_mixin.py:188} INFO - [2026-04-09T12:30:54.385+0000] {dagbag.py:538} INFO - Filling up the DagBag from /home/airflow/.local/lib/python3.8/site-packages/airflow/example_dags/example_branch_operator.py
[2026-04-09T12:30:54.416+0000] {processor.py:840} INFO - DAG(s) 'example_branch_operator' retrieved from /home/airflow/.local/lib/python3.8/site-packages/airflow/example_dags/example_branch_operator.py
[2026-04-09T12:30:54.450+0000] {logging_mixin.py:188} INFO - [2026-04-09T12:30:54.449+0000] {dag.py:3033} INFO - Sync 1 DAGs
[2026-04-09T12:30:54.483+0000] {logging_mixin.py:188} INFO - [2026-04-09T12:30:54.483+0000] {dag.py:3820} INFO - Setting next_dagrun for example_branch_operator to 2026-04-08T00:00:00+00:00, run_after=2026-04-09T00:00:00+00:00
[2026-04-09T12:30:54.504+0000] {processor.py:183} INFO - Processing /home/airflow/.local/lib/python3.8/site-packages/airflow/example_dags/example_branch_operator.py took 0.126 seconds
[2026-04-09T12:31:24.669+0000] {processor.py:161} INFO - Started process (PID=3529) to work on /home/airflow/.local/lib/python3.8/site-packages/airflow/example_dags/example_branch_operator.py
[2026-04-09T12:31:24.671+0000] {processor.py:830} INFO - Processing file /home/airflow/.local/lib/python3.8/site-packages/airflow/example_dags/example_branch_operator.py for tasks to queue
[2026-04-09T12:31:24.676+0000] {logging_mixin.py:188} INFO - [2026-04-09T12:31:24.676+0000] {dagbag.py:538} INFO - Filling up the DagBag from /home/airflow/.local/lib/python3.8/site-packages/airflow/example_dags/example_branch_operator.py
[2026-04-09T12:31:24.752+0000] {processor.py:840} INFO - DAG(s) 'example_branch_operator' retrieved from /home/airflow/.local/lib/python3.8/site-packages/airflow/example_dags/example_branch_operator.py
[2026-04-09T12:31:24.807+0000] {logging_mixin.py:188} INFO - [2026-04-09T12:31:24.806+0000] {dag.py:3033} INFO - Sync 1 DAGs
[2026-04-09T12:31:24.845+0000] {logging_mixin.py:188} INFO - [2026-04-09T12:31:24.844+0000] {dag.py:3820} INFO - Setting next_dagrun for example_branch_operator to 2026-04-08T00:00:00+00:00, run_after=2026-04-09T00:00:00+00:00
[2026-04-09T12:31:24.894+0000] {processor.py:183} INFO - Processing /home/airflow/.local/lib/python3.8/site-packages/airflow/example_dags/example_branch_operator.py took 0.233 seconds
[2026-04-09T12:31:54.955+0000] {processor.py:161} INFO - Started process (PID=3590) to work on /home/airflow/.local/lib/python3.8/site-packages/airflow/example_dags/example_branch_operator.py
[2026-04-09T12:31:54.956+0000] {processor.py:830} INFO - Processing file /home/airflow/.local/lib/python3.8/site-packages/airflow/example_dags/example_branch_operator.py for tasks to queue
[2026-04-09T12:31:54.958+0000] {logging_mixin.py:188} INFO - [2026-04-09T12:31:54.958+0000] {dagbag.py:538} INFO - Filling up the DagBag from /home/airflow/.local/lib/python3.8/site-packages/airflow/example_dags/example_branch_operator.py
[2026-04-09T12:31:54.982+0000] {processor.py:840} INFO - DAG(s) 'example_branch_operator' retrieved from /home/airflow/.local/lib/python3.8/site-packages/airflow/example_dags/example_branch_operator.py
[2026-04-09T12:31:55.032+0000] {logging_mixin.py:188} INFO - [2026-04-09T12:31:55.032+0000] {dag.py:3033} INFO - Sync 1 DAGs
[2026-04-09T12:31:55.060+0000] {logging_mixin.py:188} INFO - [2026-04-09T12:31:55.060+0000] {dag.py:3820} INFO - Setting next_dagrun for example_branch_operator to 2026-04-08T00:00:00+00:00, run_after=2026-04-09T00:00:00+00:00
[2026-04-09T12:31:55.080+0000] {processor.py:183} INFO - Processing /home/airflow/.local/lib/python3.8/site-packages/airflow/example_dags/example_branch_operator.py took 0.131 seconds
[2026-04-09T12:46:19.804+0000] {processor.py:161} INFO - Started process (PID=113) to work on /home/airflow/.local/lib/python3.8/site-packages/airflow/example_dags/example_branch_operator.py
[2026-04-09T12:46:19.806+0000] {processor.py:830} INFO - Processing file /home/airflow/.local/lib/python3.8/site-packages/airflow/example_dags/example_branch_operator.py for tasks to queue
[2026-04-09T12:46:19.808+0000] {logging_mixin.py:188} INFO - [2026-04-09T12:46:19.808+0000] {dagbag.py:538} INFO - Filling up the DagBag from /home/airflow/.local/lib/python3.8/site-packages/airflow/example_dags/example_branch_operator.py
[2026-04-09T12:46:19.862+0000] {processor.py:840} INFO - DAG(s) 'example_branch_operator' retrieved from /home/airflow/.local/lib/python3.8/site-packages/airflow/example_dags/example_branch_operator.py
[2026-04-09T12:46:20.042+0000] {logging_mixin.py:188} INFO - [2026-04-09T12:46:20.042+0000] {dag.py:3033} INFO - Sync 1 DAGs
[2026-04-09T12:46:20.067+0000] {logging_mixin.py:188} INFO - [2026-04-09T12:46:20.067+0000] {dag.py:3820} INFO - Setting next_dagrun for example_branch_operator to 2026-04-08T00:00:00+00:00, run_after=2026-04-09T00:00:00+00:00
[2026-04-09T12:46:20.121+0000] {processor.py:183} INFO - Processing /home/airflow/.local/lib/python3.8/site-packages/airflow/example_dags/example_branch_operator.py took 0.322 seconds
[2026-04-09T12:46:52.080+0000] {processor.py:161} INFO - Started process (PID=173) to work on /home/airflow/.local/lib/python3.8/site-packages/airflow/example_dags/example_branch_operator.py
[2026-04-09T12:46:52.085+0000] {processor.py:830} INFO - Processing file /home/airflow/.local/lib/python3.8/site-packages/airflow/example_dags/example_branch_operator.py for tasks to queue
[2026-04-09T12:46:52.089+0000] {logging_mixin.py:188} INFO - [2026-04-09T12:46:52.089+0000] {dagbag.py:538} INFO - Filling up the DagBag from /home/airflow/.local/lib/python3.8/site-packages/airflow/example_dags/example_branch_operator.py
[2026-04-09T12:46:52.133+0000] {processor.py:840} INFO - DAG(s) 'example_branch_operator' retrieved from /home/airflow/.local/lib/python3.8/site-packages/airflow/example_dags/example_branch_operator.py
[2026-04-09T12:46:52.202+0000] {logging_mixin.py:188} INFO - [2026-04-09T12:46:52.202+0000] {dag.py:3033} INFO - Sync 1 DAGs
[2026-04-09T12:46:52.264+0000] {logging_mixin.py:188} INFO - [2026-04-09T12:46:52.264+0000] {dag.py:3820} INFO - Setting next_dagrun for example_branch_operator to 2026-04-08T00:00:00+00:00, run_after=2026-04-09T00:00:00+00:00
[2026-04-09T12:46:52.305+0000] {processor.py:183} INFO - Processing /home/airflow/.local/lib/python3.8/site-packages/airflow/example_dags/example_branch_operator.py took 0.232 seconds
[2026-04-09T12:47:32.848+0000] {processor.py:161} INFO - Started process (PID=239) to work on /home/airflow/.local/lib/python3.8/site-packages/airflow/example_dags/example_branch_operator.py
[2026-04-09T12:47:32.849+0000] {processor.py:830} INFO - Processing file /home/airflow/.local/lib/python3.8/site-packages/airflow/example_dags/example_branch_operator.py for tasks to queue
[2026-04-09T12:47:32.856+0000] {logging_mixin.py:188} INFO - [2026-04-09T12:47:32.855+0000] {dagbag.py:538} INFO - Filling up the DagBag from /home/airflow/.local/lib/python3.8/site-packages/airflow/example_dags/example_branch_operator.py
[2026-04-09T12:47:32.907+0000] {processor.py:840} INFO - DAG(s) 'example_branch_operator' retrieved from /home/airflow/.local/lib/python3.8/site-packages/airflow/example_dags/example_branch_operator.py
[2026-04-09T12:47:32.985+0000] {logging_mixin.py:188} INFO - [2026-04-09T12:47:32.985+0000] {dag.py:3033} INFO - Sync 1 DAGs
[2026-04-09T12:47:33.069+0000] {logging_mixin.py:188} INFO - [2026-04-09T12:47:33.069+0000] {dag.py:3820} INFO - Setting next_dagrun for example_branch_operator to 2026-04-08T00:00:00+00:00, run_after=2026-04-09T00:00:00+00:00
[2026-04-09T12:47:33.122+0000] {processor.py:183} INFO - Processing /home/airflow/.local/lib/python3.8/site-packages/airflow/example_dags/example_branch_operator.py took 0.289 seconds
[2026-04-09T12:48:03.392+0000] {processor.py:161} INFO - Started process (PID=300) to work on /home/airflow/.local/lib/python3.8/site-packages/airflow/example_dags/example_branch_operator.py
[2026-04-09T12:48:03.395+0000] {processor.py:830} INFO - Processing file /home/airflow/.local/lib/python3.8/site-packages/airflow/example_dags/example_branch_operator.py for tasks to queue
[2026-04-09T12:48:03.399+0000] {logging_mixin.py:188} INFO - [2026-04-09T12:48:03.399+0000] {dagbag.py:538} INFO - Filling up the DagBag from /home/airflow/.local/lib/python3.8/site-packages/airflow/example_dags/example_branch_operator.py
[2026-04-09T12:48:03.438+0000] {processor.py:840} INFO - DAG(s) 'example_branch_operator' retrieved from /home/airflow/.local/lib/python3.8/site-packages/airflow/example_dags/example_branch_operator.py
[2026-04-09T12:48:03.514+0000] {logging_mixin.py:188} INFO - [2026-04-09T12:48:03.514+0000] {dag.py:3033} INFO - Sync 1 DAGs
[2026-04-09T12:48:03.547+0000] {logging_mixin.py:188} INFO - [2026-04-09T12:48:03.546+0000] {dag.py:3820} INFO - Setting next_dagrun for example_branch_operator to 2026-04-08T00:00:00+00:00, run_after=2026-04-09T00:00:00+00:00
[2026-04-09T12:48:03.569+0000] {processor.py:183} INFO - Processing /home/airflow/.local/lib/python3.8/site-packages/airflow/example_dags/example_branch_operator.py took 0.184 seconds
[2026-04-09T12:48:34.979+0000] {processor.py:161} INFO - Started process (PID=361) to work on /home/airflow/.local/lib/python3.8/site-packages/airflow/example_dags/example_branch_operator.py
[2026-04-09T12:48:34.988+0000] {processor.py:830} INFO - Processing file /home/airflow/.local/lib/python3.8/site-packages/airflow/example_dags/example_branch_operator.py for tasks to queue
[2026-04-09T12:48:34.995+0000] {logging_mixin.py:188} INFO - [2026-04-09T12:48:34.994+0000] {dagbag.py:538} INFO - Filling up the DagBag from /home/airflow/.local/lib/python3.8/site-packages/airflow/example_dags/example_branch_operator.py
[2026-04-09T12:48:35.035+0000] {processor.py:840} INFO - DAG(s) 'example_branch_operator' retrieved from /home/airflow/.local/lib/python3.8/site-packages/airflow/example_dags/example_branch_operator.py
[2026-04-09T12:48:35.117+0000] {logging_mixin.py:188} INFO - [2026-04-09T12:48:35.117+0000] {dag.py:3033} INFO - Sync 1 DAGs
[2026-04-09T12:48:35.174+0000] {logging_mixin.py:188} INFO - [2026-04-09T12:48:35.174+0000] {dag.py:3820} INFO - Setting next_dagrun for example_branch_operator to 2026-04-08T00:00:00+00:00, run_after=2026-04-09T00:00:00+00:00
[2026-04-09T12:48:35.209+0000] {processor.py:183} INFO - Processing /home/airflow/.local/lib/python3.8/site-packages/airflow/example_dags/example_branch_operator.py took 0.240 seconds
[2026-04-09T12:49:05.775+0000] {processor.py:161} INFO - Started process (PID=421) to work on /home/airflow/.local/lib/python3.8/site-packages/airflow/example_dags/example_branch_operator.py
[2026-04-09T12:49:05.777+0000] {processor.py:830} INFO - Processing file /home/airflow/.local/lib/python3.8/site-packages/airflow/example_dags/example_branch_operator.py for tasks to queue
[2026-04-09T12:49:05.782+0000] {logging_mixin.py:188} INFO - [2026-04-09T12:49:05.782+0000] {dagbag.py:538} INFO - Filling up the DagBag from /home/airflow/.local/lib/python3.8/site-packages/airflow/example_dags/example_branch_operator.py
[2026-04-09T12:49:05.858+0000] {processor.py:840} INFO - DAG(s) 'example_branch_operator' retrieved from /home/airflow/.local/lib/python3.8/site-packages/airflow/example_dags/example_branch_operator.py
[2026-04-09T12:49:05.923+0000] {logging_mixin.py:188} INFO - [2026-04-09T12:49:05.922+0000] {dag.py:3033} INFO - Sync 1 DAGs
[2026-04-09T12:49:05.984+0000] {logging_mixin.py:188} INFO - [2026-04-09T12:49:05.984+0000] {dag.py:3820} INFO - Setting next_dagrun for example_branch_operator to 2026-04-08T00:00:00+00:00, run_after=2026-04-09T00:00:00+00:00
[2026-04-09T12:49:06.028+0000] {processor.py:183} INFO - Processing /home/airflow/.local/lib/python3.8/site-packages/airflow/example_dags/example_branch_operator.py took 0.261 seconds
