[2026-04-13T08:07:24.538+0000] {processor.py:161} INFO - Started process (PID=199) to work on /opt/airflow/dags/dag_resource_management.py
[2026-04-13T08:07:24.539+0000] {processor.py:830} INFO - Processing file /opt/airflow/dags/dag_resource_management.py for tasks to queue
[2026-04-13T08:07:24.540+0000] {logging_mixin.py:188} INFO - [2026-04-13T08:07:24.540+0000] {dagbag.py:538} INFO - Filling up the DagBag from /opt/airflow/dags/dag_resource_management.py
[2026-04-13T08:07:24.560+0000] {processor.py:840} INFO - DAG(s) 'gestion_ressources_k8s' retrieved from /opt/airflow/dags/dag_resource_management.py
[2026-04-13T08:07:24.588+0000] {logging_mixin.py:188} INFO - [2026-04-13T08:07:24.588+0000] {dag.py:3036} INFO - Sync 1 DAGs
[2026-04-13T08:07:24.602+0000] {logging_mixin.py:188} INFO - [2026-04-13T08:07:24.602+0000] {dag.py:3823} INFO - Setting next_dagrun for gestion_ressources_k8s to None, run_after=None
[2026-04-13T08:07:24.620+0000] {processor.py:183} INFO - Processing /opt/airflow/dags/dag_resource_management.py took 0.086 seconds
[2026-04-13T08:07:55.495+0000] {processor.py:161} INFO - Started process (PID=263) to work on /opt/airflow/dags/dag_resource_management.py
[2026-04-13T08:07:55.499+0000] {processor.py:830} INFO - Processing file /opt/airflow/dags/dag_resource_management.py for tasks to queue
[2026-04-13T08:07:55.501+0000] {logging_mixin.py:188} INFO - [2026-04-13T08:07:55.500+0000] {dagbag.py:538} INFO - Filling up the DagBag from /opt/airflow/dags/dag_resource_management.py
[2026-04-13T08:07:55.532+0000] {processor.py:840} INFO - DAG(s) 'gestion_ressources_k8s' retrieved from /opt/airflow/dags/dag_resource_management.py
[2026-04-13T08:07:55.697+0000] {logging_mixin.py:188} INFO - [2026-04-13T08:07:55.697+0000] {dag.py:3036} INFO - Sync 1 DAGs
[2026-04-13T08:07:55.704+0000] {logging_mixin.py:188} INFO - [2026-04-13T08:07:55.703+0000] {dag.py:3823} INFO - Setting next_dagrun for gestion_ressources_k8s to None, run_after=None
[2026-04-13T08:07:55.717+0000] {processor.py:183} INFO - Processing /opt/airflow/dags/dag_resource_management.py took 0.230 seconds
[2026-04-13T08:08:26.127+0000] {processor.py:161} INFO - Started process (PID=299) to work on /opt/airflow/dags/dag_resource_management.py
[2026-04-13T08:08:26.128+0000] {processor.py:830} INFO - Processing file /opt/airflow/dags/dag_resource_management.py for tasks to queue
[2026-04-13T08:08:26.129+0000] {logging_mixin.py:188} INFO - [2026-04-13T08:08:26.129+0000] {dagbag.py:538} INFO - Filling up the DagBag from /opt/airflow/dags/dag_resource_management.py
[2026-04-13T08:08:26.141+0000] {processor.py:840} INFO - DAG(s) 'gestion_ressources_k8s' retrieved from /opt/airflow/dags/dag_resource_management.py
[2026-04-13T08:08:26.162+0000] {logging_mixin.py:188} INFO - [2026-04-13T08:08:26.162+0000] {dag.py:3036} INFO - Sync 1 DAGs
[2026-04-13T08:08:26.171+0000] {logging_mixin.py:188} INFO - [2026-04-13T08:08:26.171+0000] {dag.py:3823} INFO - Setting next_dagrun for gestion_ressources_k8s to None, run_after=None
[2026-04-13T08:08:26.183+0000] {processor.py:183} INFO - Processing /opt/airflow/dags/dag_resource_management.py took 0.060 seconds
[2026-04-13T08:08:56.605+0000] {processor.py:161} INFO - Started process (PID=335) to work on /opt/airflow/dags/dag_resource_management.py
[2026-04-13T08:08:56.605+0000] {processor.py:830} INFO - Processing file /opt/airflow/dags/dag_resource_management.py for tasks to queue
[2026-04-13T08:08:56.606+0000] {logging_mixin.py:188} INFO - [2026-04-13T08:08:56.606+0000] {dagbag.py:538} INFO - Filling up the DagBag from /opt/airflow/dags/dag_resource_management.py
[2026-04-13T08:08:56.619+0000] {processor.py:840} INFO - DAG(s) 'gestion_ressources_k8s' retrieved from /opt/airflow/dags/dag_resource_management.py
[2026-04-13T08:08:56.645+0000] {logging_mixin.py:188} INFO - [2026-04-13T08:08:56.645+0000] {dag.py:3036} INFO - Sync 1 DAGs
[2026-04-13T08:08:56.654+0000] {logging_mixin.py:188} INFO - [2026-04-13T08:08:56.654+0000] {dag.py:3823} INFO - Setting next_dagrun for gestion_ressources_k8s to None, run_after=None
[2026-04-13T08:08:56.667+0000] {processor.py:183} INFO - Processing /opt/airflow/dags/dag_resource_management.py took 0.066 seconds
[2026-04-13T08:09:27.096+0000] {processor.py:161} INFO - Started process (PID=371) to work on /opt/airflow/dags/dag_resource_management.py
[2026-04-13T08:09:27.097+0000] {processor.py:830} INFO - Processing file /opt/airflow/dags/dag_resource_management.py for tasks to queue
[2026-04-13T08:09:27.098+0000] {logging_mixin.py:188} INFO - [2026-04-13T08:09:27.098+0000] {dagbag.py:538} INFO - Filling up the DagBag from /opt/airflow/dags/dag_resource_management.py
[2026-04-13T08:09:27.110+0000] {processor.py:840} INFO - DAG(s) 'gestion_ressources_k8s' retrieved from /opt/airflow/dags/dag_resource_management.py
[2026-04-13T08:09:27.135+0000] {logging_mixin.py:188} INFO - [2026-04-13T08:09:27.135+0000] {dag.py:3036} INFO - Sync 1 DAGs
[2026-04-13T08:09:27.144+0000] {logging_mixin.py:188} INFO - [2026-04-13T08:09:27.144+0000] {dag.py:3823} INFO - Setting next_dagrun for gestion_ressources_k8s to None, run_after=None
[2026-04-13T08:09:27.156+0000] {processor.py:183} INFO - Processing /opt/airflow/dags/dag_resource_management.py took 0.063 seconds
[2026-04-13T08:09:57.583+0000] {processor.py:161} INFO - Started process (PID=407) to work on /opt/airflow/dags/dag_resource_management.py
[2026-04-13T08:09:57.584+0000] {processor.py:830} INFO - Processing file /opt/airflow/dags/dag_resource_management.py for tasks to queue
[2026-04-13T08:09:57.584+0000] {logging_mixin.py:188} INFO - [2026-04-13T08:09:57.584+0000] {dagbag.py:538} INFO - Filling up the DagBag from /opt/airflow/dags/dag_resource_management.py
[2026-04-13T08:09:57.597+0000] {processor.py:840} INFO - DAG(s) 'gestion_ressources_k8s' retrieved from /opt/airflow/dags/dag_resource_management.py
[2026-04-13T08:09:57.623+0000] {logging_mixin.py:188} INFO - [2026-04-13T08:09:57.623+0000] {dag.py:3036} INFO - Sync 1 DAGs
[2026-04-13T08:09:57.635+0000] {logging_mixin.py:188} INFO - [2026-04-13T08:09:57.635+0000] {dag.py:3823} INFO - Setting next_dagrun for gestion_ressources_k8s to None, run_after=None
[2026-04-13T08:09:57.649+0000] {processor.py:183} INFO - Processing /opt/airflow/dags/dag_resource_management.py took 0.073 seconds
[2026-04-13T08:10:28.585+0000] {processor.py:161} INFO - Started process (PID=443) to work on /opt/airflow/dags/dag_resource_management.py
[2026-04-13T08:10:28.586+0000] {processor.py:830} INFO - Processing file /opt/airflow/dags/dag_resource_management.py for tasks to queue
[2026-04-13T08:10:28.587+0000] {logging_mixin.py:188} INFO - [2026-04-13T08:10:28.586+0000] {dagbag.py:538} INFO - Filling up the DagBag from /opt/airflow/dags/dag_resource_management.py
[2026-04-13T08:10:28.604+0000] {processor.py:840} INFO - DAG(s) 'gestion_ressources_k8s' retrieved from /opt/airflow/dags/dag_resource_management.py
[2026-04-13T08:10:28.631+0000] {logging_mixin.py:188} INFO - [2026-04-13T08:10:28.631+0000] {dag.py:3036} INFO - Sync 1 DAGs
[2026-04-13T08:10:28.648+0000] {logging_mixin.py:188} INFO - [2026-04-13T08:10:28.648+0000] {dag.py:3823} INFO - Setting next_dagrun for gestion_ressources_k8s to None, run_after=None
[2026-04-13T08:10:28.674+0000] {processor.py:183} INFO - Processing /opt/airflow/dags/dag_resource_management.py took 0.093 seconds
[2026-04-13T08:10:59.123+0000] {processor.py:161} INFO - Started process (PID=473) to work on /opt/airflow/dags/dag_resource_management.py
[2026-04-13T08:10:59.124+0000] {processor.py:830} INFO - Processing file /opt/airflow/dags/dag_resource_management.py for tasks to queue
[2026-04-13T08:10:59.125+0000] {logging_mixin.py:188} INFO - [2026-04-13T08:10:59.125+0000] {dagbag.py:538} INFO - Filling up the DagBag from /opt/airflow/dags/dag_resource_management.py
[2026-04-13T08:10:59.137+0000] {processor.py:840} INFO - DAG(s) 'gestion_ressources_k8s' retrieved from /opt/airflow/dags/dag_resource_management.py
[2026-04-13T08:10:59.163+0000] {logging_mixin.py:188} INFO - [2026-04-13T08:10:59.163+0000] {dag.py:3036} INFO - Sync 1 DAGs
[2026-04-13T08:10:59.172+0000] {logging_mixin.py:188} INFO - [2026-04-13T08:10:59.172+0000] {dag.py:3823} INFO - Setting next_dagrun for gestion_ressources_k8s to None, run_after=None
[2026-04-13T08:10:59.185+0000] {processor.py:183} INFO - Processing /opt/airflow/dags/dag_resource_management.py took 0.066 seconds
[2026-04-13T08:11:30.024+0000] {processor.py:161} INFO - Started process (PID=511) to work on /opt/airflow/dags/dag_resource_management.py
[2026-04-13T08:11:30.025+0000] {processor.py:830} INFO - Processing file /opt/airflow/dags/dag_resource_management.py for tasks to queue
[2026-04-13T08:11:30.026+0000] {logging_mixin.py:188} INFO - [2026-04-13T08:11:30.026+0000] {dagbag.py:538} INFO - Filling up the DagBag from /opt/airflow/dags/dag_resource_management.py
[2026-04-13T08:11:30.039+0000] {processor.py:840} INFO - DAG(s) 'gestion_ressources_k8s' retrieved from /opt/airflow/dags/dag_resource_management.py
[2026-04-13T08:11:30.062+0000] {logging_mixin.py:188} INFO - [2026-04-13T08:11:30.062+0000] {dag.py:3036} INFO - Sync 1 DAGs
[2026-04-13T08:11:30.071+0000] {logging_mixin.py:188} INFO - [2026-04-13T08:11:30.071+0000] {dag.py:3823} INFO - Setting next_dagrun for gestion_ressources_k8s to None, run_after=None
[2026-04-13T08:11:30.084+0000] {processor.py:183} INFO - Processing /opt/airflow/dags/dag_resource_management.py took 0.064 seconds
[2026-04-13T08:12:00.506+0000] {processor.py:161} INFO - Started process (PID=571) to work on /opt/airflow/dags/dag_resource_management.py
[2026-04-13T08:12:00.507+0000] {processor.py:830} INFO - Processing file /opt/airflow/dags/dag_resource_management.py for tasks to queue
[2026-04-13T08:12:00.508+0000] {logging_mixin.py:188} INFO - [2026-04-13T08:12:00.507+0000] {dagbag.py:538} INFO - Filling up the DagBag from /opt/airflow/dags/dag_resource_management.py
[2026-04-13T08:12:00.519+0000] {processor.py:840} INFO - DAG(s) 'gestion_ressources_k8s' retrieved from /opt/airflow/dags/dag_resource_management.py
[2026-04-13T08:12:00.550+0000] {logging_mixin.py:188} INFO - [2026-04-13T08:12:00.549+0000] {dag.py:3036} INFO - Sync 1 DAGs
[2026-04-13T08:12:00.565+0000] {logging_mixin.py:188} INFO - [2026-04-13T08:12:00.564+0000] {dag.py:3823} INFO - Setting next_dagrun for gestion_ressources_k8s to None, run_after=None
[2026-04-13T08:12:00.598+0000] {processor.py:183} INFO - Processing /opt/airflow/dags/dag_resource_management.py took 0.096 seconds
[2026-04-13T08:12:30.995+0000] {processor.py:161} INFO - Started process (PID=607) to work on /opt/airflow/dags/dag_resource_management.py
[2026-04-13T08:12:30.996+0000] {processor.py:830} INFO - Processing file /opt/airflow/dags/dag_resource_management.py for tasks to queue
[2026-04-13T08:12:30.997+0000] {logging_mixin.py:188} INFO - [2026-04-13T08:12:30.997+0000] {dagbag.py:538} INFO - Filling up the DagBag from /opt/airflow/dags/dag_resource_management.py
[2026-04-13T08:12:31.009+0000] {processor.py:840} INFO - DAG(s) 'gestion_ressources_k8s' retrieved from /opt/airflow/dags/dag_resource_management.py
[2026-04-13T08:12:31.034+0000] {logging_mixin.py:188} INFO - [2026-04-13T08:12:31.033+0000] {dag.py:3036} INFO - Sync 1 DAGs
[2026-04-13T08:12:31.042+0000] {logging_mixin.py:188} INFO - [2026-04-13T08:12:31.042+0000] {dag.py:3823} INFO - Setting next_dagrun for gestion_ressources_k8s to None, run_after=None
[2026-04-13T08:12:31.055+0000] {processor.py:183} INFO - Processing /opt/airflow/dags/dag_resource_management.py took 0.063 seconds
[2026-04-13T08:13:01.545+0000] {processor.py:161} INFO - Started process (PID=645) to work on /opt/airflow/dags/dag_resource_management.py
[2026-04-13T08:13:01.546+0000] {processor.py:830} INFO - Processing file /opt/airflow/dags/dag_resource_management.py for tasks to queue
[2026-04-13T08:13:01.547+0000] {logging_mixin.py:188} INFO - [2026-04-13T08:13:01.547+0000] {dagbag.py:538} INFO - Filling up the DagBag from /opt/airflow/dags/dag_resource_management.py
[2026-04-13T08:13:01.559+0000] {processor.py:840} INFO - DAG(s) 'gestion_ressources_k8s' retrieved from /opt/airflow/dags/dag_resource_management.py
[2026-04-13T08:13:01.584+0000] {logging_mixin.py:188} INFO - [2026-04-13T08:13:01.584+0000] {dag.py:3036} INFO - Sync 1 DAGs
[2026-04-13T08:13:01.593+0000] {logging_mixin.py:188} INFO - [2026-04-13T08:13:01.593+0000] {dag.py:3823} INFO - Setting next_dagrun for gestion_ressources_k8s to None, run_after=None
[2026-04-13T08:13:01.605+0000] {processor.py:183} INFO - Processing /opt/airflow/dags/dag_resource_management.py took 0.064 seconds
[2026-04-13T08:13:32.093+0000] {processor.py:161} INFO - Started process (PID=681) to work on /opt/airflow/dags/dag_resource_management.py
[2026-04-13T08:13:32.094+0000] {processor.py:830} INFO - Processing file /opt/airflow/dags/dag_resource_management.py for tasks to queue
[2026-04-13T08:13:32.096+0000] {logging_mixin.py:188} INFO - [2026-04-13T08:13:32.096+0000] {dagbag.py:538} INFO - Filling up the DagBag from /opt/airflow/dags/dag_resource_management.py
[2026-04-13T08:13:32.119+0000] {processor.py:840} INFO - DAG(s) 'gestion_ressources_k8s' retrieved from /opt/airflow/dags/dag_resource_management.py
[2026-04-13T08:13:32.165+0000] {logging_mixin.py:188} INFO - [2026-04-13T08:13:32.165+0000] {dag.py:3036} INFO - Sync 1 DAGs
[2026-04-13T08:13:32.175+0000] {logging_mixin.py:188} INFO - [2026-04-13T08:13:32.175+0000] {dag.py:3823} INFO - Setting next_dagrun for gestion_ressources_k8s to None, run_after=None
[2026-04-13T08:13:32.187+0000] {processor.py:183} INFO - Processing /opt/airflow/dags/dag_resource_management.py took 0.098 seconds
[2026-04-13T08:14:02.637+0000] {processor.py:161} INFO - Started process (PID=719) to work on /opt/airflow/dags/dag_resource_management.py
[2026-04-13T08:14:02.638+0000] {processor.py:830} INFO - Processing file /opt/airflow/dags/dag_resource_management.py for tasks to queue
[2026-04-13T08:14:02.639+0000] {logging_mixin.py:188} INFO - [2026-04-13T08:14:02.639+0000] {dagbag.py:538} INFO - Filling up the DagBag from /opt/airflow/dags/dag_resource_management.py
[2026-04-13T08:14:02.654+0000] {processor.py:840} INFO - DAG(s) 'gestion_ressources_k8s' retrieved from /opt/airflow/dags/dag_resource_management.py
[2026-04-13T08:14:02.682+0000] {logging_mixin.py:188} INFO - [2026-04-13T08:14:02.682+0000] {dag.py:3036} INFO - Sync 1 DAGs
[2026-04-13T08:14:02.691+0000] {logging_mixin.py:188} INFO - [2026-04-13T08:14:02.691+0000] {dag.py:3823} INFO - Setting next_dagrun for gestion_ressources_k8s to None, run_after=None
[2026-04-13T08:14:02.703+0000] {processor.py:183} INFO - Processing /opt/airflow/dags/dag_resource_management.py took 0.070 seconds
[2026-04-13T08:14:33.142+0000] {processor.py:161} INFO - Started process (PID=755) to work on /opt/airflow/dags/dag_resource_management.py
[2026-04-13T08:14:33.143+0000] {processor.py:830} INFO - Processing file /opt/airflow/dags/dag_resource_management.py for tasks to queue
[2026-04-13T08:14:33.146+0000] {logging_mixin.py:188} INFO - [2026-04-13T08:14:33.144+0000] {dagbag.py:538} INFO - Filling up the DagBag from /opt/airflow/dags/dag_resource_management.py
[2026-04-13T08:14:33.158+0000] {processor.py:840} INFO - DAG(s) 'gestion_ressources_k8s' retrieved from /opt/airflow/dags/dag_resource_management.py
[2026-04-13T08:14:33.183+0000] {logging_mixin.py:188} INFO - [2026-04-13T08:14:33.183+0000] {dag.py:3036} INFO - Sync 1 DAGs
[2026-04-13T08:14:33.192+0000] {logging_mixin.py:188} INFO - [2026-04-13T08:14:33.192+0000] {dag.py:3823} INFO - Setting next_dagrun for gestion_ressources_k8s to None, run_after=None
[2026-04-13T08:14:33.205+0000] {processor.py:183} INFO - Processing /opt/airflow/dags/dag_resource_management.py took 0.067 seconds
[2026-04-13T08:15:03.680+0000] {processor.py:161} INFO - Started process (PID=792) to work on /opt/airflow/dags/dag_resource_management.py
[2026-04-13T08:15:03.681+0000] {processor.py:830} INFO - Processing file /opt/airflow/dags/dag_resource_management.py for tasks to queue
[2026-04-13T08:15:03.682+0000] {logging_mixin.py:188} INFO - [2026-04-13T08:15:03.682+0000] {dagbag.py:538} INFO - Filling up the DagBag from /opt/airflow/dags/dag_resource_management.py
[2026-04-13T08:15:03.694+0000] {processor.py:840} INFO - DAG(s) 'gestion_ressources_k8s' retrieved from /opt/airflow/dags/dag_resource_management.py
[2026-04-13T08:15:03.720+0000] {logging_mixin.py:188} INFO - [2026-04-13T08:15:03.720+0000] {dag.py:3036} INFO - Sync 1 DAGs
[2026-04-13T08:15:03.734+0000] {logging_mixin.py:188} INFO - [2026-04-13T08:15:03.733+0000] {dag.py:3823} INFO - Setting next_dagrun for gestion_ressources_k8s to None, run_after=None
[2026-04-13T08:15:03.757+0000] {processor.py:183} INFO - Processing /opt/airflow/dags/dag_resource_management.py took 0.080 seconds
[2026-04-13T08:15:34.257+0000] {processor.py:161} INFO - Started process (PID=828) to work on /opt/airflow/dags/dag_resource_management.py
[2026-04-13T08:15:34.261+0000] {processor.py:830} INFO - Processing file /opt/airflow/dags/dag_resource_management.py for tasks to queue
[2026-04-13T08:15:34.262+0000] {logging_mixin.py:188} INFO - [2026-04-13T08:15:34.261+0000] {dagbag.py:538} INFO - Filling up the DagBag from /opt/airflow/dags/dag_resource_management.py
[2026-04-13T08:15:34.274+0000] {processor.py:840} INFO - DAG(s) 'gestion_ressources_k8s' retrieved from /opt/airflow/dags/dag_resource_management.py
[2026-04-13T08:15:34.295+0000] {logging_mixin.py:188} INFO - [2026-04-13T08:15:34.295+0000] {dag.py:3036} INFO - Sync 1 DAGs
[2026-04-13T08:15:34.303+0000] {logging_mixin.py:188} INFO - [2026-04-13T08:15:34.303+0000] {dag.py:3823} INFO - Setting next_dagrun for gestion_ressources_k8s to None, run_after=None
[2026-04-13T08:15:34.316+0000] {processor.py:183} INFO - Processing /opt/airflow/dags/dag_resource_management.py took 0.085 seconds
[2026-04-13T08:16:04.785+0000] {processor.py:161} INFO - Started process (PID=864) to work on /opt/airflow/dags/dag_resource_management.py
[2026-04-13T08:16:04.786+0000] {processor.py:830} INFO - Processing file /opt/airflow/dags/dag_resource_management.py for tasks to queue
[2026-04-13T08:16:04.786+0000] {logging_mixin.py:188} INFO - [2026-04-13T08:16:04.786+0000] {dagbag.py:538} INFO - Filling up the DagBag from /opt/airflow/dags/dag_resource_management.py
[2026-04-13T08:16:04.798+0000] {processor.py:840} INFO - DAG(s) 'gestion_ressources_k8s' retrieved from /opt/airflow/dags/dag_resource_management.py
[2026-04-13T08:16:04.821+0000] {logging_mixin.py:188} INFO - [2026-04-13T08:16:04.821+0000] {dag.py:3036} INFO - Sync 1 DAGs
[2026-04-13T08:16:04.830+0000] {logging_mixin.py:188} INFO - [2026-04-13T08:16:04.829+0000] {dag.py:3823} INFO - Setting next_dagrun for gestion_ressources_k8s to None, run_after=None
[2026-04-13T08:16:04.842+0000] {processor.py:183} INFO - Processing /opt/airflow/dags/dag_resource_management.py took 0.061 seconds
[2026-04-13T08:16:35.379+0000] {processor.py:161} INFO - Started process (PID=900) to work on /opt/airflow/dags/dag_resource_management.py
[2026-04-13T08:16:35.379+0000] {processor.py:830} INFO - Processing file /opt/airflow/dags/dag_resource_management.py for tasks to queue
[2026-04-13T08:16:35.380+0000] {logging_mixin.py:188} INFO - [2026-04-13T08:16:35.380+0000] {dagbag.py:538} INFO - Filling up the DagBag from /opt/airflow/dags/dag_resource_management.py
[2026-04-13T08:16:35.392+0000] {processor.py:840} INFO - DAG(s) 'gestion_ressources_k8s' retrieved from /opt/airflow/dags/dag_resource_management.py
[2026-04-13T08:16:35.434+0000] {logging_mixin.py:188} INFO - [2026-04-13T08:16:35.434+0000] {dag.py:3036} INFO - Sync 1 DAGs
[2026-04-13T08:16:35.446+0000] {logging_mixin.py:188} INFO - [2026-04-13T08:16:35.446+0000] {dag.py:3823} INFO - Setting next_dagrun for gestion_ressources_k8s to None, run_after=None
[2026-04-13T08:16:35.458+0000] {processor.py:183} INFO - Processing /opt/airflow/dags/dag_resource_management.py took 0.083 seconds
[2026-04-13T08:17:05.999+0000] {processor.py:161} INFO - Started process (PID=936) to work on /opt/airflow/dags/dag_resource_management.py
[2026-04-13T08:17:06.000+0000] {processor.py:830} INFO - Processing file /opt/airflow/dags/dag_resource_management.py for tasks to queue
[2026-04-13T08:17:06.001+0000] {logging_mixin.py:188} INFO - [2026-04-13T08:17:06.000+0000] {dagbag.py:538} INFO - Filling up the DagBag from /opt/airflow/dags/dag_resource_management.py
[2026-04-13T08:17:06.011+0000] {processor.py:840} INFO - DAG(s) 'gestion_ressources_k8s' retrieved from /opt/airflow/dags/dag_resource_management.py
[2026-04-13T08:17:06.031+0000] {logging_mixin.py:188} INFO - [2026-04-13T08:17:06.031+0000] {dag.py:3036} INFO - Sync 1 DAGs
[2026-04-13T08:17:06.040+0000] {logging_mixin.py:188} INFO - [2026-04-13T08:17:06.039+0000] {dag.py:3823} INFO - Setting next_dagrun for gestion_ressources_k8s to None, run_after=None
[2026-04-13T08:17:06.052+0000] {processor.py:183} INFO - Processing /opt/airflow/dags/dag_resource_management.py took 0.057 seconds
[2026-04-13T08:17:36.496+0000] {processor.py:161} INFO - Started process (PID=972) to work on /opt/airflow/dags/dag_resource_management.py
[2026-04-13T08:17:36.498+0000] {processor.py:830} INFO - Processing file /opt/airflow/dags/dag_resource_management.py for tasks to queue
[2026-04-13T08:17:36.499+0000] {logging_mixin.py:188} INFO - [2026-04-13T08:17:36.498+0000] {dagbag.py:538} INFO - Filling up the DagBag from /opt/airflow/dags/dag_resource_management.py
[2026-04-13T08:17:36.510+0000] {processor.py:840} INFO - DAG(s) 'gestion_ressources_k8s' retrieved from /opt/airflow/dags/dag_resource_management.py
[2026-04-13T08:17:36.537+0000] {logging_mixin.py:188} INFO - [2026-04-13T08:17:36.537+0000] {dag.py:3036} INFO - Sync 1 DAGs
[2026-04-13T08:17:36.549+0000] {logging_mixin.py:188} INFO - [2026-04-13T08:17:36.549+0000] {dag.py:3823} INFO - Setting next_dagrun for gestion_ressources_k8s to None, run_after=None
[2026-04-13T08:17:36.562+0000] {processor.py:183} INFO - Processing /opt/airflow/dags/dag_resource_management.py took 0.069 seconds
[2026-04-13T08:18:07.020+0000] {processor.py:161} INFO - Started process (PID=1008) to work on /opt/airflow/dags/dag_resource_management.py
[2026-04-13T08:18:07.021+0000] {processor.py:830} INFO - Processing file /opt/airflow/dags/dag_resource_management.py for tasks to queue
[2026-04-13T08:18:07.022+0000] {logging_mixin.py:188} INFO - [2026-04-13T08:18:07.021+0000] {dagbag.py:538} INFO - Filling up the DagBag from /opt/airflow/dags/dag_resource_management.py
[2026-04-13T08:18:07.034+0000] {processor.py:840} INFO - DAG(s) 'gestion_ressources_k8s' retrieved from /opt/airflow/dags/dag_resource_management.py
[2026-04-13T08:18:07.053+0000] {logging_mixin.py:188} INFO - [2026-04-13T08:18:07.053+0000] {dag.py:3036} INFO - Sync 1 DAGs
[2026-04-13T08:18:07.062+0000] {logging_mixin.py:188} INFO - [2026-04-13T08:18:07.062+0000] {dag.py:3823} INFO - Setting next_dagrun for gestion_ressources_k8s to None, run_after=None
[2026-04-13T08:18:07.074+0000] {processor.py:183} INFO - Processing /opt/airflow/dags/dag_resource_management.py took 0.058 seconds
[2026-04-13T08:18:37.498+0000] {processor.py:161} INFO - Started process (PID=1044) to work on /opt/airflow/dags/dag_resource_management.py
[2026-04-13T08:18:37.499+0000] {processor.py:830} INFO - Processing file /opt/airflow/dags/dag_resource_management.py for tasks to queue
[2026-04-13T08:18:37.500+0000] {logging_mixin.py:188} INFO - [2026-04-13T08:18:37.500+0000] {dagbag.py:538} INFO - Filling up the DagBag from /opt/airflow/dags/dag_resource_management.py
[2026-04-13T08:18:37.512+0000] {processor.py:840} INFO - DAG(s) 'gestion_ressources_k8s' retrieved from /opt/airflow/dags/dag_resource_management.py
[2026-04-13T08:18:37.538+0000] {logging_mixin.py:188} INFO - [2026-04-13T08:18:37.538+0000] {dag.py:3036} INFO - Sync 1 DAGs
[2026-04-13T08:18:37.547+0000] {logging_mixin.py:188} INFO - [2026-04-13T08:18:37.546+0000] {dag.py:3823} INFO - Setting next_dagrun for gestion_ressources_k8s to None, run_after=None
[2026-04-13T08:18:37.559+0000] {processor.py:183} INFO - Processing /opt/airflow/dags/dag_resource_management.py took 0.064 seconds
[2026-04-13T08:19:08.028+0000] {processor.py:161} INFO - Started process (PID=1080) to work on /opt/airflow/dags/dag_resource_management.py
[2026-04-13T08:19:08.029+0000] {processor.py:830} INFO - Processing file /opt/airflow/dags/dag_resource_management.py for tasks to queue
[2026-04-13T08:19:08.030+0000] {logging_mixin.py:188} INFO - [2026-04-13T08:19:08.029+0000] {dagbag.py:538} INFO - Filling up the DagBag from /opt/airflow/dags/dag_resource_management.py
[2026-04-13T08:19:08.046+0000] {processor.py:840} INFO - DAG(s) 'gestion_ressources_k8s' retrieved from /opt/airflow/dags/dag_resource_management.py
[2026-04-13T08:19:08.071+0000] {logging_mixin.py:188} INFO - [2026-04-13T08:19:08.071+0000] {dag.py:3036} INFO - Sync 1 DAGs
[2026-04-13T08:19:08.080+0000] {logging_mixin.py:188} INFO - [2026-04-13T08:19:08.080+0000] {dag.py:3823} INFO - Setting next_dagrun for gestion_ressources_k8s to None, run_after=None
[2026-04-13T08:19:08.092+0000] {processor.py:183} INFO - Processing /opt/airflow/dags/dag_resource_management.py took 0.068 seconds
[2026-04-13T08:19:38.561+0000] {processor.py:161} INFO - Started process (PID=1116) to work on /opt/airflow/dags/dag_resource_management.py
[2026-04-13T08:19:38.562+0000] {processor.py:830} INFO - Processing file /opt/airflow/dags/dag_resource_management.py for tasks to queue
[2026-04-13T08:19:38.563+0000] {logging_mixin.py:188} INFO - [2026-04-13T08:19:38.563+0000] {dagbag.py:538} INFO - Filling up the DagBag from /opt/airflow/dags/dag_resource_management.py
[2026-04-13T08:19:38.575+0000] {processor.py:840} INFO - DAG(s) 'gestion_ressources_k8s' retrieved from /opt/airflow/dags/dag_resource_management.py
[2026-04-13T08:19:38.601+0000] {logging_mixin.py:188} INFO - [2026-04-13T08:19:38.601+0000] {dag.py:3036} INFO - Sync 1 DAGs
[2026-04-13T08:19:38.611+0000] {logging_mixin.py:188} INFO - [2026-04-13T08:19:38.611+0000] {dag.py:3823} INFO - Setting next_dagrun for gestion_ressources_k8s to None, run_after=None
[2026-04-13T08:19:38.624+0000] {processor.py:183} INFO - Processing /opt/airflow/dags/dag_resource_management.py took 0.066 seconds
[2026-04-13T08:20:09.111+0000] {processor.py:161} INFO - Started process (PID=1151) to work on /opt/airflow/dags/dag_resource_management.py
[2026-04-13T08:20:09.112+0000] {processor.py:830} INFO - Processing file /opt/airflow/dags/dag_resource_management.py for tasks to queue
[2026-04-13T08:20:09.113+0000] {logging_mixin.py:188} INFO - [2026-04-13T08:20:09.112+0000] {dagbag.py:538} INFO - Filling up the DagBag from /opt/airflow/dags/dag_resource_management.py
[2026-04-13T08:20:09.125+0000] {processor.py:840} INFO - DAG(s) 'gestion_ressources_k8s' retrieved from /opt/airflow/dags/dag_resource_management.py
[2026-04-13T08:20:09.146+0000] {logging_mixin.py:188} INFO - [2026-04-13T08:20:09.146+0000] {dag.py:3036} INFO - Sync 1 DAGs
[2026-04-13T08:20:09.157+0000] {logging_mixin.py:188} INFO - [2026-04-13T08:20:09.157+0000] {dag.py:3823} INFO - Setting next_dagrun for gestion_ressources_k8s to None, run_after=None
[2026-04-13T08:20:09.172+0000] {processor.py:183} INFO - Processing /opt/airflow/dags/dag_resource_management.py took 0.065 seconds
[2026-04-13T08:20:39.606+0000] {processor.py:161} INFO - Started process (PID=1187) to work on /opt/airflow/dags/dag_resource_management.py
[2026-04-13T08:20:39.607+0000] {processor.py:830} INFO - Processing file /opt/airflow/dags/dag_resource_management.py for tasks to queue
[2026-04-13T08:20:39.608+0000] {logging_mixin.py:188} INFO - [2026-04-13T08:20:39.608+0000] {dagbag.py:538} INFO - Filling up the DagBag from /opt/airflow/dags/dag_resource_management.py
[2026-04-13T08:20:39.623+0000] {processor.py:840} INFO - DAG(s) 'gestion_ressources_k8s' retrieved from /opt/airflow/dags/dag_resource_management.py
[2026-04-13T08:20:39.647+0000] {logging_mixin.py:188} INFO - [2026-04-13T08:20:39.647+0000] {dag.py:3036} INFO - Sync 1 DAGs
[2026-04-13T08:20:39.656+0000] {logging_mixin.py:188} INFO - [2026-04-13T08:20:39.656+0000] {dag.py:3823} INFO - Setting next_dagrun for gestion_ressources_k8s to None, run_after=None
[2026-04-13T08:20:39.668+0000] {processor.py:183} INFO - Processing /opt/airflow/dags/dag_resource_management.py took 0.066 seconds
[2026-04-13T08:21:10.166+0000] {processor.py:161} INFO - Started process (PID=1223) to work on /opt/airflow/dags/dag_resource_management.py
[2026-04-13T08:21:10.167+0000] {processor.py:830} INFO - Processing file /opt/airflow/dags/dag_resource_management.py for tasks to queue
[2026-04-13T08:21:10.167+0000] {logging_mixin.py:188} INFO - [2026-04-13T08:21:10.167+0000] {dagbag.py:538} INFO - Filling up the DagBag from /opt/airflow/dags/dag_resource_management.py
[2026-04-13T08:21:10.179+0000] {processor.py:840} INFO - DAG(s) 'gestion_ressources_k8s' retrieved from /opt/airflow/dags/dag_resource_management.py
[2026-04-13T08:21:10.218+0000] {logging_mixin.py:188} INFO - [2026-04-13T08:21:10.218+0000] {dag.py:3036} INFO - Sync 1 DAGs
[2026-04-13T08:21:10.227+0000] {logging_mixin.py:188} INFO - [2026-04-13T08:21:10.226+0000] {dag.py:3823} INFO - Setting next_dagrun for gestion_ressources_k8s to None, run_after=None
[2026-04-13T08:21:10.240+0000] {processor.py:183} INFO - Processing /opt/airflow/dags/dag_resource_management.py took 0.078 seconds
[2026-04-13T08:21:41.116+0000] {processor.py:161} INFO - Started process (PID=1259) to work on /opt/airflow/dags/dag_resource_management.py
[2026-04-13T08:21:41.117+0000] {processor.py:830} INFO - Processing file /opt/airflow/dags/dag_resource_management.py for tasks to queue
[2026-04-13T08:21:41.118+0000] {logging_mixin.py:188} INFO - [2026-04-13T08:21:41.118+0000] {dagbag.py:538} INFO - Filling up the DagBag from /opt/airflow/dags/dag_resource_management.py
[2026-04-13T08:21:41.142+0000] {processor.py:840} INFO - DAG(s) 'gestion_ressources_k8s' retrieved from /opt/airflow/dags/dag_resource_management.py
[2026-04-13T08:21:41.177+0000] {logging_mixin.py:188} INFO - [2026-04-13T08:21:41.176+0000] {dag.py:3036} INFO - Sync 1 DAGs
[2026-04-13T08:21:41.191+0000] {logging_mixin.py:188} INFO - [2026-04-13T08:21:41.191+0000] {dag.py:3823} INFO - Setting next_dagrun for gestion_ressources_k8s to None, run_after=None
[2026-04-13T08:21:41.208+0000] {processor.py:183} INFO - Processing /opt/airflow/dags/dag_resource_management.py took 0.101 seconds
[2026-04-13T08:22:11.910+0000] {processor.py:161} INFO - Started process (PID=1297) to work on /opt/airflow/dags/dag_resource_management.py
[2026-04-13T08:22:11.911+0000] {processor.py:830} INFO - Processing file /opt/airflow/dags/dag_resource_management.py for tasks to queue
[2026-04-13T08:22:11.912+0000] {logging_mixin.py:188} INFO - [2026-04-13T08:22:11.912+0000] {dagbag.py:538} INFO - Filling up the DagBag from /opt/airflow/dags/dag_resource_management.py
[2026-04-13T08:22:11.924+0000] {processor.py:840} INFO - DAG(s) 'gestion_ressources_k8s' retrieved from /opt/airflow/dags/dag_resource_management.py
[2026-04-13T08:22:11.960+0000] {logging_mixin.py:188} INFO - [2026-04-13T08:22:11.960+0000] {dag.py:3036} INFO - Sync 1 DAGs
[2026-04-13T08:22:11.974+0000] {logging_mixin.py:188} INFO - [2026-04-13T08:22:11.974+0000] {dag.py:3823} INFO - Setting next_dagrun for gestion_ressources_k8s to None, run_after=None
[2026-04-13T08:22:11.991+0000] {processor.py:183} INFO - Processing /opt/airflow/dags/dag_resource_management.py took 0.083 seconds
[2026-04-13T08:22:42.374+0000] {processor.py:161} INFO - Started process (PID=1325) to work on /opt/airflow/dags/dag_resource_management.py
[2026-04-13T08:22:42.375+0000] {processor.py:830} INFO - Processing file /opt/airflow/dags/dag_resource_management.py for tasks to queue
[2026-04-13T08:22:42.376+0000] {logging_mixin.py:188} INFO - [2026-04-13T08:22:42.375+0000] {dagbag.py:538} INFO - Filling up the DagBag from /opt/airflow/dags/dag_resource_management.py
[2026-04-13T08:22:42.388+0000] {processor.py:840} INFO - DAG(s) 'gestion_ressources_k8s' retrieved from /opt/airflow/dags/dag_resource_management.py
[2026-04-13T08:22:42.414+0000] {logging_mixin.py:188} INFO - [2026-04-13T08:22:42.414+0000] {dag.py:3036} INFO - Sync 1 DAGs
[2026-04-13T08:22:42.426+0000] {logging_mixin.py:188} INFO - [2026-04-13T08:22:42.426+0000] {dag.py:3823} INFO - Setting next_dagrun for gestion_ressources_k8s to None, run_after=None
[2026-04-13T08:22:42.440+0000] {processor.py:183} INFO - Processing /opt/airflow/dags/dag_resource_management.py took 0.070 seconds
[2026-04-13T08:23:12.873+0000] {processor.py:161} INFO - Started process (PID=1361) to work on /opt/airflow/dags/dag_resource_management.py
[2026-04-13T08:23:12.874+0000] {processor.py:830} INFO - Processing file /opt/airflow/dags/dag_resource_management.py for tasks to queue
[2026-04-13T08:23:12.875+0000] {logging_mixin.py:188} INFO - [2026-04-13T08:23:12.874+0000] {dagbag.py:538} INFO - Filling up the DagBag from /opt/airflow/dags/dag_resource_management.py
[2026-04-13T08:23:12.887+0000] {processor.py:840} INFO - DAG(s) 'gestion_ressources_k8s' retrieved from /opt/airflow/dags/dag_resource_management.py
[2026-04-13T08:23:12.914+0000] {logging_mixin.py:188} INFO - [2026-04-13T08:23:12.914+0000] {dag.py:3036} INFO - Sync 1 DAGs
[2026-04-13T08:23:12.924+0000] {logging_mixin.py:188} INFO - [2026-04-13T08:23:12.923+0000] {dag.py:3823} INFO - Setting next_dagrun for gestion_ressources_k8s to None, run_after=None
[2026-04-13T08:23:12.936+0000] {processor.py:183} INFO - Processing /opt/airflow/dags/dag_resource_management.py took 0.066 seconds
[2026-04-13T08:23:43.433+0000] {processor.py:161} INFO - Started process (PID=1397) to work on /opt/airflow/dags/dag_resource_management.py
[2026-04-13T08:23:43.434+0000] {processor.py:830} INFO - Processing file /opt/airflow/dags/dag_resource_management.py for tasks to queue
[2026-04-13T08:23:43.435+0000] {logging_mixin.py:188} INFO - [2026-04-13T08:23:43.434+0000] {dagbag.py:538} INFO - Filling up the DagBag from /opt/airflow/dags/dag_resource_management.py
[2026-04-13T08:23:43.446+0000] {processor.py:840} INFO - DAG(s) 'gestion_ressources_k8s' retrieved from /opt/airflow/dags/dag_resource_management.py
[2026-04-13T08:23:43.473+0000] {logging_mixin.py:188} INFO - [2026-04-13T08:23:43.473+0000] {dag.py:3036} INFO - Sync 1 DAGs
[2026-04-13T08:23:43.484+0000] {logging_mixin.py:188} INFO - [2026-04-13T08:23:43.483+0000] {dag.py:3823} INFO - Setting next_dagrun for gestion_ressources_k8s to None, run_after=None
[2026-04-13T08:23:43.496+0000] {processor.py:183} INFO - Processing /opt/airflow/dags/dag_resource_management.py took 0.066 seconds
[2026-04-13T08:24:13.944+0000] {processor.py:161} INFO - Started process (PID=1433) to work on /opt/airflow/dags/dag_resource_management.py
[2026-04-13T08:24:13.945+0000] {processor.py:830} INFO - Processing file /opt/airflow/dags/dag_resource_management.py for tasks to queue
[2026-04-13T08:24:13.947+0000] {logging_mixin.py:188} INFO - [2026-04-13T08:24:13.946+0000] {dagbag.py:538} INFO - Filling up the DagBag from /opt/airflow/dags/dag_resource_management.py
[2026-04-13T08:24:13.959+0000] {processor.py:840} INFO - DAG(s) 'gestion_ressources_k8s' retrieved from /opt/airflow/dags/dag_resource_management.py
[2026-04-13T08:24:13.980+0000] {logging_mixin.py:188} INFO - [2026-04-13T08:24:13.980+0000] {dag.py:3036} INFO - Sync 1 DAGs
[2026-04-13T08:24:13.989+0000] {logging_mixin.py:188} INFO - [2026-04-13T08:24:13.989+0000] {dag.py:3823} INFO - Setting next_dagrun for gestion_ressources_k8s to None, run_after=None
[2026-04-13T08:24:14.001+0000] {processor.py:183} INFO - Processing /opt/airflow/dags/dag_resource_management.py took 0.063 seconds
[2026-04-13T08:24:44.524+0000] {processor.py:161} INFO - Started process (PID=1469) to work on /opt/airflow/dags/dag_resource_management.py
[2026-04-13T08:24:44.525+0000] {processor.py:830} INFO - Processing file /opt/airflow/dags/dag_resource_management.py for tasks to queue
[2026-04-13T08:24:44.526+0000] {logging_mixin.py:188} INFO - [2026-04-13T08:24:44.526+0000] {dagbag.py:538} INFO - Filling up the DagBag from /opt/airflow/dags/dag_resource_management.py
[2026-04-13T08:24:44.540+0000] {processor.py:840} INFO - DAG(s) 'gestion_ressources_k8s' retrieved from /opt/airflow/dags/dag_resource_management.py
[2026-04-13T08:24:44.581+0000] {logging_mixin.py:188} INFO - [2026-04-13T08:24:44.581+0000] {dag.py:3036} INFO - Sync 1 DAGs
[2026-04-13T08:24:44.596+0000] {logging_mixin.py:188} INFO - [2026-04-13T08:24:44.595+0000] {dag.py:3823} INFO - Setting next_dagrun for gestion_ressources_k8s to None, run_after=None
[2026-04-13T08:24:44.612+0000] {processor.py:183} INFO - Processing /opt/airflow/dags/dag_resource_management.py took 0.093 seconds
[2026-04-13T08:25:15.138+0000] {processor.py:161} INFO - Started process (PID=1505) to work on /opt/airflow/dags/dag_resource_management.py
[2026-04-13T08:25:15.139+0000] {processor.py:830} INFO - Processing file /opt/airflow/dags/dag_resource_management.py for tasks to queue
[2026-04-13T08:25:15.140+0000] {logging_mixin.py:188} INFO - [2026-04-13T08:25:15.139+0000] {dagbag.py:538} INFO - Filling up the DagBag from /opt/airflow/dags/dag_resource_management.py
[2026-04-13T08:25:15.152+0000] {processor.py:840} INFO - DAG(s) 'gestion_ressources_k8s' retrieved from /opt/airflow/dags/dag_resource_management.py
[2026-04-13T08:25:15.183+0000] {logging_mixin.py:188} INFO - [2026-04-13T08:25:15.182+0000] {dag.py:3036} INFO - Sync 1 DAGs
[2026-04-13T08:25:15.197+0000] {logging_mixin.py:188} INFO - [2026-04-13T08:25:15.197+0000] {dag.py:3823} INFO - Setting next_dagrun for gestion_ressources_k8s to None, run_after=None
[2026-04-13T08:25:15.218+0000] {processor.py:183} INFO - Processing /opt/airflow/dags/dag_resource_management.py took 0.085 seconds
[2026-04-13T08:25:45.675+0000] {processor.py:161} INFO - Started process (PID=1541) to work on /opt/airflow/dags/dag_resource_management.py
[2026-04-13T08:25:45.676+0000] {processor.py:830} INFO - Processing file /opt/airflow/dags/dag_resource_management.py for tasks to queue
[2026-04-13T08:25:45.677+0000] {logging_mixin.py:188} INFO - [2026-04-13T08:25:45.677+0000] {dagbag.py:538} INFO - Filling up the DagBag from /opt/airflow/dags/dag_resource_management.py
[2026-04-13T08:25:45.689+0000] {processor.py:840} INFO - DAG(s) 'gestion_ressources_k8s' retrieved from /opt/airflow/dags/dag_resource_management.py
[2026-04-13T08:25:45.720+0000] {logging_mixin.py:188} INFO - [2026-04-13T08:25:45.720+0000] {dag.py:3036} INFO - Sync 1 DAGs
[2026-04-13T08:25:45.729+0000] {logging_mixin.py:188} INFO - [2026-04-13T08:25:45.729+0000] {dag.py:3823} INFO - Setting next_dagrun for gestion_ressources_k8s to None, run_after=None
[2026-04-13T08:25:45.742+0000] {processor.py:183} INFO - Processing /opt/airflow/dags/dag_resource_management.py took 0.070 seconds
[2026-04-13T08:26:16.187+0000] {processor.py:161} INFO - Started process (PID=1577) to work on /opt/airflow/dags/dag_resource_management.py
[2026-04-13T08:26:16.188+0000] {processor.py:830} INFO - Processing file /opt/airflow/dags/dag_resource_management.py for tasks to queue
[2026-04-13T08:26:16.189+0000] {logging_mixin.py:188} INFO - [2026-04-13T08:26:16.189+0000] {dagbag.py:538} INFO - Filling up the DagBag from /opt/airflow/dags/dag_resource_management.py
[2026-04-13T08:26:16.206+0000] {processor.py:840} INFO - DAG(s) 'gestion_ressources_k8s' retrieved from /opt/airflow/dags/dag_resource_management.py
[2026-04-13T08:26:16.231+0000] {logging_mixin.py:188} INFO - [2026-04-13T08:26:16.231+0000] {dag.py:3036} INFO - Sync 1 DAGs
[2026-04-13T08:26:16.240+0000] {logging_mixin.py:188} INFO - [2026-04-13T08:26:16.240+0000] {dag.py:3823} INFO - Setting next_dagrun for gestion_ressources_k8s to None, run_after=None
[2026-04-13T08:26:16.253+0000] {processor.py:183} INFO - Processing /opt/airflow/dags/dag_resource_management.py took 0.070 seconds
[2026-04-13T08:26:46.806+0000] {processor.py:161} INFO - Started process (PID=1615) to work on /opt/airflow/dags/dag_resource_management.py
[2026-04-13T08:26:46.807+0000] {processor.py:830} INFO - Processing file /opt/airflow/dags/dag_resource_management.py for tasks to queue
[2026-04-13T08:26:46.807+0000] {logging_mixin.py:188} INFO - [2026-04-13T08:26:46.807+0000] {dagbag.py:538} INFO - Filling up the DagBag from /opt/airflow/dags/dag_resource_management.py
[2026-04-13T08:26:46.816+0000] {processor.py:840} INFO - DAG(s) 'gestion_ressources_k8s' retrieved from /opt/airflow/dags/dag_resource_management.py
[2026-04-13T08:26:46.836+0000] {logging_mixin.py:188} INFO - [2026-04-13T08:26:46.836+0000] {dag.py:3036} INFO - Sync 1 DAGs
[2026-04-13T08:26:46.849+0000] {logging_mixin.py:188} INFO - [2026-04-13T08:26:46.849+0000] {dag.py:3823} INFO - Setting next_dagrun for gestion_ressources_k8s to None, run_after=None
[2026-04-13T08:26:46.862+0000] {processor.py:183} INFO - Processing /opt/airflow/dags/dag_resource_management.py took 0.060 seconds
[2026-04-13T08:27:17.473+0000] {processor.py:161} INFO - Started process (PID=1651) to work on /opt/airflow/dags/dag_resource_management.py
[2026-04-13T08:27:17.474+0000] {processor.py:830} INFO - Processing file /opt/airflow/dags/dag_resource_management.py for tasks to queue
[2026-04-13T08:27:17.474+0000] {logging_mixin.py:188} INFO - [2026-04-13T08:27:17.474+0000] {dagbag.py:538} INFO - Filling up the DagBag from /opt/airflow/dags/dag_resource_management.py
[2026-04-13T08:27:17.483+0000] {processor.py:840} INFO - DAG(s) 'gestion_ressources_k8s' retrieved from /opt/airflow/dags/dag_resource_management.py
[2026-04-13T08:27:17.502+0000] {logging_mixin.py:188} INFO - [2026-04-13T08:27:17.502+0000] {dag.py:3036} INFO - Sync 1 DAGs
[2026-04-13T08:27:17.511+0000] {logging_mixin.py:188} INFO - [2026-04-13T08:27:17.511+0000] {dag.py:3823} INFO - Setting next_dagrun for gestion_ressources_k8s to None, run_after=None
[2026-04-13T08:27:17.527+0000] {processor.py:183} INFO - Processing /opt/airflow/dags/dag_resource_management.py took 0.056 seconds
[2026-04-13T08:27:48.048+0000] {processor.py:161} INFO - Started process (PID=1687) to work on /opt/airflow/dags/dag_resource_management.py
[2026-04-13T08:27:48.049+0000] {processor.py:830} INFO - Processing file /opt/airflow/dags/dag_resource_management.py for tasks to queue
[2026-04-13T08:27:48.050+0000] {logging_mixin.py:188} INFO - [2026-04-13T08:27:48.050+0000] {dagbag.py:538} INFO - Filling up the DagBag from /opt/airflow/dags/dag_resource_management.py
[2026-04-13T08:27:48.059+0000] {processor.py:840} INFO - DAG(s) 'gestion_ressources_k8s' retrieved from /opt/airflow/dags/dag_resource_management.py
[2026-04-13T08:27:48.078+0000] {logging_mixin.py:188} INFO - [2026-04-13T08:27:48.078+0000] {dag.py:3036} INFO - Sync 1 DAGs
[2026-04-13T08:27:48.087+0000] {logging_mixin.py:188} INFO - [2026-04-13T08:27:48.086+0000] {dag.py:3823} INFO - Setting next_dagrun for gestion_ressources_k8s to None, run_after=None
[2026-04-13T08:27:48.099+0000] {processor.py:183} INFO - Processing /opt/airflow/dags/dag_resource_management.py took 0.055 seconds
[2026-04-13T08:28:18.683+0000] {processor.py:161} INFO - Started process (PID=1723) to work on /opt/airflow/dags/dag_resource_management.py
[2026-04-13T08:28:18.684+0000] {processor.py:830} INFO - Processing file /opt/airflow/dags/dag_resource_management.py for tasks to queue
[2026-04-13T08:28:18.685+0000] {logging_mixin.py:188} INFO - [2026-04-13T08:28:18.685+0000] {dagbag.py:538} INFO - Filling up the DagBag from /opt/airflow/dags/dag_resource_management.py
[2026-04-13T08:28:18.693+0000] {processor.py:840} INFO - DAG(s) 'gestion_ressources_k8s' retrieved from /opt/airflow/dags/dag_resource_management.py
[2026-04-13T08:28:18.712+0000] {logging_mixin.py:188} INFO - [2026-04-13T08:28:18.712+0000] {dag.py:3036} INFO - Sync 1 DAGs
[2026-04-13T08:28:18.721+0000] {logging_mixin.py:188} INFO - [2026-04-13T08:28:18.721+0000] {dag.py:3823} INFO - Setting next_dagrun for gestion_ressources_k8s to None, run_after=None
[2026-04-13T08:28:18.733+0000] {processor.py:183} INFO - Processing /opt/airflow/dags/dag_resource_management.py took 0.054 seconds
[2026-04-13T08:28:49.251+0000] {processor.py:161} INFO - Started process (PID=1759) to work on /opt/airflow/dags/dag_resource_management.py
[2026-04-13T08:28:49.252+0000] {processor.py:830} INFO - Processing file /opt/airflow/dags/dag_resource_management.py for tasks to queue
[2026-04-13T08:28:49.253+0000] {logging_mixin.py:188} INFO - [2026-04-13T08:28:49.252+0000] {dagbag.py:538} INFO - Filling up the DagBag from /opt/airflow/dags/dag_resource_management.py
[2026-04-13T08:28:49.267+0000] {processor.py:840} INFO - DAG(s) 'gestion_ressources_k8s' retrieved from /opt/airflow/dags/dag_resource_management.py
[2026-04-13T08:28:49.300+0000] {logging_mixin.py:188} INFO - [2026-04-13T08:28:49.299+0000] {dag.py:3036} INFO - Sync 1 DAGs
[2026-04-13T08:28:49.309+0000] {logging_mixin.py:188} INFO - [2026-04-13T08:28:49.309+0000] {dag.py:3823} INFO - Setting next_dagrun for gestion_ressources_k8s to None, run_after=None
[2026-04-13T08:28:49.322+0000] {processor.py:183} INFO - Processing /opt/airflow/dags/dag_resource_management.py took 0.074 seconds
[2026-04-13T08:29:19.826+0000] {processor.py:161} INFO - Started process (PID=1795) to work on /opt/airflow/dags/dag_resource_management.py
[2026-04-13T08:29:19.827+0000] {processor.py:830} INFO - Processing file /opt/airflow/dags/dag_resource_management.py for tasks to queue
[2026-04-13T08:29:19.827+0000] {logging_mixin.py:188} INFO - [2026-04-13T08:29:19.827+0000] {dagbag.py:538} INFO - Filling up the DagBag from /opt/airflow/dags/dag_resource_management.py
[2026-04-13T08:29:19.838+0000] {processor.py:840} INFO - DAG(s) 'gestion_ressources_k8s' retrieved from /opt/airflow/dags/dag_resource_management.py
[2026-04-13T08:29:19.857+0000] {logging_mixin.py:188} INFO - [2026-04-13T08:29:19.857+0000] {dag.py:3036} INFO - Sync 1 DAGs
[2026-04-13T08:29:19.866+0000] {logging_mixin.py:188} INFO - [2026-04-13T08:29:19.866+0000] {dag.py:3823} INFO - Setting next_dagrun for gestion_ressources_k8s to None, run_after=None
[2026-04-13T08:29:19.879+0000] {processor.py:183} INFO - Processing /opt/airflow/dags/dag_resource_management.py took 0.058 seconds
[2026-04-13T08:29:50.456+0000] {processor.py:161} INFO - Started process (PID=1831) to work on /opt/airflow/dags/dag_resource_management.py
[2026-04-13T08:29:50.456+0000] {processor.py:830} INFO - Processing file /opt/airflow/dags/dag_resource_management.py for tasks to queue
[2026-04-13T08:29:50.457+0000] {logging_mixin.py:188} INFO - [2026-04-13T08:29:50.457+0000] {dagbag.py:538} INFO - Filling up the DagBag from /opt/airflow/dags/dag_resource_management.py
[2026-04-13T08:29:50.466+0000] {processor.py:840} INFO - DAG(s) 'gestion_ressources_k8s' retrieved from /opt/airflow/dags/dag_resource_management.py
[2026-04-13T08:29:50.485+0000] {logging_mixin.py:188} INFO - [2026-04-13T08:29:50.485+0000] {dag.py:3036} INFO - Sync 1 DAGs
[2026-04-13T08:29:50.494+0000] {logging_mixin.py:188} INFO - [2026-04-13T08:29:50.494+0000] {dag.py:3823} INFO - Setting next_dagrun for gestion_ressources_k8s to None, run_after=None
[2026-04-13T08:29:50.507+0000] {processor.py:183} INFO - Processing /opt/airflow/dags/dag_resource_management.py took 0.055 seconds
[2026-04-13T08:30:21.048+0000] {processor.py:161} INFO - Started process (PID=1867) to work on /opt/airflow/dags/dag_resource_management.py
[2026-04-13T08:30:21.049+0000] {processor.py:830} INFO - Processing file /opt/airflow/dags/dag_resource_management.py for tasks to queue
[2026-04-13T08:30:21.049+0000] {logging_mixin.py:188} INFO - [2026-04-13T08:30:21.049+0000] {dagbag.py:538} INFO - Filling up the DagBag from /opt/airflow/dags/dag_resource_management.py
[2026-04-13T08:30:21.058+0000] {processor.py:840} INFO - DAG(s) 'gestion_ressources_k8s' retrieved from /opt/airflow/dags/dag_resource_management.py
[2026-04-13T08:30:21.078+0000] {logging_mixin.py:188} INFO - [2026-04-13T08:30:21.078+0000] {dag.py:3036} INFO - Sync 1 DAGs
[2026-04-13T08:30:21.087+0000] {logging_mixin.py:188} INFO - [2026-04-13T08:30:21.087+0000] {dag.py:3823} INFO - Setting next_dagrun for gestion_ressources_k8s to None, run_after=None
[2026-04-13T08:30:21.101+0000] {processor.py:183} INFO - Processing /opt/airflow/dags/dag_resource_management.py took 0.056 seconds
[2026-04-13T08:30:51.670+0000] {processor.py:161} INFO - Started process (PID=1901) to work on /opt/airflow/dags/dag_resource_management.py
[2026-04-13T08:30:51.673+0000] {processor.py:830} INFO - Processing file /opt/airflow/dags/dag_resource_management.py for tasks to queue
[2026-04-13T08:30:51.674+0000] {logging_mixin.py:188} INFO - [2026-04-13T08:30:51.673+0000] {dagbag.py:538} INFO - Filling up the DagBag from /opt/airflow/dags/dag_resource_management.py
[2026-04-13T08:30:51.688+0000] {processor.py:840} INFO - DAG(s) 'gestion_ressources_k8s' retrieved from /opt/airflow/dags/dag_resource_management.py
[2026-04-13T08:30:51.728+0000] {logging_mixin.py:188} INFO - [2026-04-13T08:30:51.728+0000] {dag.py:3036} INFO - Sync 1 DAGs
[2026-04-13T08:30:51.745+0000] {logging_mixin.py:188} INFO - [2026-04-13T08:30:51.745+0000] {dag.py:3823} INFO - Setting next_dagrun for gestion_ressources_k8s to None, run_after=None
[2026-04-13T08:30:51.776+0000] {processor.py:183} INFO - Processing /opt/airflow/dags/dag_resource_management.py took 0.110 seconds
[2026-04-13T08:31:22.413+0000] {processor.py:161} INFO - Started process (PID=1937) to work on /opt/airflow/dags/dag_resource_management.py
[2026-04-13T08:31:22.414+0000] {processor.py:830} INFO - Processing file /opt/airflow/dags/dag_resource_management.py for tasks to queue
[2026-04-13T08:31:22.415+0000] {logging_mixin.py:188} INFO - [2026-04-13T08:31:22.414+0000] {dagbag.py:538} INFO - Filling up the DagBag from /opt/airflow/dags/dag_resource_management.py
[2026-04-13T08:31:22.426+0000] {processor.py:840} INFO - DAG(s) 'gestion_ressources_k8s' retrieved from /opt/airflow/dags/dag_resource_management.py
[2026-04-13T08:31:22.455+0000] {logging_mixin.py:188} INFO - [2026-04-13T08:31:22.455+0000] {dag.py:3036} INFO - Sync 1 DAGs
[2026-04-13T08:31:22.467+0000] {logging_mixin.py:188} INFO - [2026-04-13T08:31:22.467+0000] {dag.py:3823} INFO - Setting next_dagrun for gestion_ressources_k8s to None, run_after=None
[2026-04-13T08:31:22.480+0000] {processor.py:183} INFO - Processing /opt/airflow/dags/dag_resource_management.py took 0.071 seconds
[2026-04-13T08:31:53.140+0000] {processor.py:161} INFO - Started process (PID=1975) to work on /opt/airflow/dags/dag_resource_management.py
[2026-04-13T08:31:53.140+0000] {processor.py:830} INFO - Processing file /opt/airflow/dags/dag_resource_management.py for tasks to queue
[2026-04-13T08:31:53.141+0000] {logging_mixin.py:188} INFO - [2026-04-13T08:31:53.141+0000] {dagbag.py:538} INFO - Filling up the DagBag from /opt/airflow/dags/dag_resource_management.py
[2026-04-13T08:31:53.149+0000] {processor.py:840} INFO - DAG(s) 'gestion_ressources_k8s' retrieved from /opt/airflow/dags/dag_resource_management.py
[2026-04-13T08:31:53.169+0000] {logging_mixin.py:188} INFO - [2026-04-13T08:31:53.169+0000] {dag.py:3036} INFO - Sync 1 DAGs
[2026-04-13T08:31:53.178+0000] {logging_mixin.py:188} INFO - [2026-04-13T08:31:53.178+0000] {dag.py:3823} INFO - Setting next_dagrun for gestion_ressources_k8s to None, run_after=None
[2026-04-13T08:31:53.191+0000] {processor.py:183} INFO - Processing /opt/airflow/dags/dag_resource_management.py took 0.054 seconds
[2026-04-13T08:32:23.845+0000] {processor.py:161} INFO - Started process (PID=2011) to work on /opt/airflow/dags/dag_resource_management.py
[2026-04-13T08:32:23.846+0000] {processor.py:830} INFO - Processing file /opt/airflow/dags/dag_resource_management.py for tasks to queue
[2026-04-13T08:32:23.847+0000] {logging_mixin.py:188} INFO - [2026-04-13T08:32:23.846+0000] {dagbag.py:538} INFO - Filling up the DagBag from /opt/airflow/dags/dag_resource_management.py
[2026-04-13T08:32:23.855+0000] {processor.py:840} INFO - DAG(s) 'gestion_ressources_k8s' retrieved from /opt/airflow/dags/dag_resource_management.py
[2026-04-13T08:32:23.875+0000] {logging_mixin.py:188} INFO - [2026-04-13T08:32:23.875+0000] {dag.py:3036} INFO - Sync 1 DAGs
[2026-04-13T08:32:23.884+0000] {logging_mixin.py:188} INFO - [2026-04-13T08:32:23.884+0000] {dag.py:3823} INFO - Setting next_dagrun for gestion_ressources_k8s to None, run_after=None
[2026-04-13T08:32:23.897+0000] {processor.py:183} INFO - Processing /opt/airflow/dags/dag_resource_management.py took 0.055 seconds
[2026-04-13T08:32:54.466+0000] {processor.py:161} INFO - Started process (PID=2047) to work on /opt/airflow/dags/dag_resource_management.py
[2026-04-13T08:32:54.466+0000] {processor.py:830} INFO - Processing file /opt/airflow/dags/dag_resource_management.py for tasks to queue
[2026-04-13T08:32:54.467+0000] {logging_mixin.py:188} INFO - [2026-04-13T08:32:54.467+0000] {dagbag.py:538} INFO - Filling up the DagBag from /opt/airflow/dags/dag_resource_management.py
[2026-04-13T08:32:54.475+0000] {processor.py:840} INFO - DAG(s) 'gestion_ressources_k8s' retrieved from /opt/airflow/dags/dag_resource_management.py
[2026-04-13T08:32:54.495+0000] {logging_mixin.py:188} INFO - [2026-04-13T08:32:54.495+0000] {dag.py:3036} INFO - Sync 1 DAGs
[2026-04-13T08:32:54.504+0000] {logging_mixin.py:188} INFO - [2026-04-13T08:32:54.504+0000] {dag.py:3823} INFO - Setting next_dagrun for gestion_ressources_k8s to None, run_after=None
[2026-04-13T08:32:54.517+0000] {processor.py:183} INFO - Processing /opt/airflow/dags/dag_resource_management.py took 0.054 seconds
[2026-04-13T08:33:25.441+0000] {processor.py:161} INFO - Started process (PID=2083) to work on /opt/airflow/dags/dag_resource_management.py
[2026-04-13T08:33:25.442+0000] {processor.py:830} INFO - Processing file /opt/airflow/dags/dag_resource_management.py for tasks to queue
[2026-04-13T08:33:25.443+0000] {logging_mixin.py:188} INFO - [2026-04-13T08:33:25.442+0000] {dagbag.py:538} INFO - Filling up the DagBag from /opt/airflow/dags/dag_resource_management.py
[2026-04-13T08:33:25.451+0000] {processor.py:840} INFO - DAG(s) 'gestion_ressources_k8s' retrieved from /opt/airflow/dags/dag_resource_management.py
[2026-04-13T08:33:25.471+0000] {logging_mixin.py:188} INFO - [2026-04-13T08:33:25.471+0000] {dag.py:3036} INFO - Sync 1 DAGs
[2026-04-13T08:33:25.480+0000] {logging_mixin.py:188} INFO - [2026-04-13T08:33:25.480+0000] {dag.py:3823} INFO - Setting next_dagrun for gestion_ressources_k8s to None, run_after=None
[2026-04-13T08:33:25.494+0000] {processor.py:183} INFO - Processing /opt/airflow/dags/dag_resource_management.py took 0.055 seconds
[2026-04-13T08:33:56.204+0000] {processor.py:161} INFO - Started process (PID=2118) to work on /opt/airflow/dags/dag_resource_management.py
[2026-04-13T08:33:56.206+0000] {processor.py:830} INFO - Processing file /opt/airflow/dags/dag_resource_management.py for tasks to queue
[2026-04-13T08:33:56.207+0000] {logging_mixin.py:188} INFO - [2026-04-13T08:33:56.206+0000] {dagbag.py:538} INFO - Filling up the DagBag from /opt/airflow/dags/dag_resource_management.py
[2026-04-13T08:33:56.222+0000] {processor.py:840} INFO - DAG(s) 'gestion_ressources_k8s' retrieved from /opt/airflow/dags/dag_resource_management.py
[2026-04-13T08:33:56.248+0000] {logging_mixin.py:188} INFO - [2026-04-13T08:33:56.248+0000] {dag.py:3036} INFO - Sync 1 DAGs
[2026-04-13T08:33:56.261+0000] {logging_mixin.py:188} INFO - [2026-04-13T08:33:56.261+0000] {dag.py:3823} INFO - Setting next_dagrun for gestion_ressources_k8s to None, run_after=None
[2026-04-13T08:33:56.277+0000] {processor.py:183} INFO - Processing /opt/airflow/dags/dag_resource_management.py took 0.077 seconds
[2026-04-13T08:34:26.881+0000] {processor.py:161} INFO - Started process (PID=2194) to work on /opt/airflow/dags/dag_resource_management.py
[2026-04-13T08:34:26.882+0000] {processor.py:830} INFO - Processing file /opt/airflow/dags/dag_resource_management.py for tasks to queue
[2026-04-13T08:34:26.883+0000] {logging_mixin.py:188} INFO - [2026-04-13T08:34:26.883+0000] {dagbag.py:538} INFO - Filling up the DagBag from /opt/airflow/dags/dag_resource_management.py
[2026-04-13T08:34:26.892+0000] {processor.py:840} INFO - DAG(s) 'gestion_ressources_k8s' retrieved from /opt/airflow/dags/dag_resource_management.py
[2026-04-13T08:34:26.911+0000] {logging_mixin.py:188} INFO - [2026-04-13T08:34:26.911+0000] {dag.py:3036} INFO - Sync 1 DAGs
[2026-04-13T08:34:26.921+0000] {logging_mixin.py:188} INFO - [2026-04-13T08:34:26.921+0000] {dag.py:3823} INFO - Setting next_dagrun for gestion_ressources_k8s to None, run_after=None
[2026-04-13T08:34:26.935+0000] {processor.py:183} INFO - Processing /opt/airflow/dags/dag_resource_management.py took 0.057 seconds
[2026-04-13T08:34:57.513+0000] {processor.py:161} INFO - Started process (PID=2230) to work on /opt/airflow/dags/dag_resource_management.py
[2026-04-13T08:34:57.514+0000] {processor.py:830} INFO - Processing file /opt/airflow/dags/dag_resource_management.py for tasks to queue
[2026-04-13T08:34:57.514+0000] {logging_mixin.py:188} INFO - [2026-04-13T08:34:57.514+0000] {dagbag.py:538} INFO - Filling up the DagBag from /opt/airflow/dags/dag_resource_management.py
[2026-04-13T08:34:57.523+0000] {processor.py:840} INFO - DAG(s) 'gestion_ressources_k8s' retrieved from /opt/airflow/dags/dag_resource_management.py
[2026-04-13T08:34:57.542+0000] {logging_mixin.py:188} INFO - [2026-04-13T08:34:57.542+0000] {dag.py:3036} INFO - Sync 1 DAGs
[2026-04-13T08:34:57.551+0000] {logging_mixin.py:188} INFO - [2026-04-13T08:34:57.551+0000] {dag.py:3823} INFO - Setting next_dagrun for gestion_ressources_k8s to None, run_after=None
[2026-04-13T08:34:57.564+0000] {processor.py:183} INFO - Processing /opt/airflow/dags/dag_resource_management.py took 0.054 seconds
[2026-04-13T08:35:28.225+0000] {processor.py:161} INFO - Started process (PID=2266) to work on /opt/airflow/dags/dag_resource_management.py
[2026-04-13T08:35:28.226+0000] {processor.py:830} INFO - Processing file /opt/airflow/dags/dag_resource_management.py for tasks to queue
[2026-04-13T08:35:28.226+0000] {logging_mixin.py:188} INFO - [2026-04-13T08:35:28.226+0000] {dagbag.py:538} INFO - Filling up the DagBag from /opt/airflow/dags/dag_resource_management.py
[2026-04-13T08:35:28.235+0000] {processor.py:840} INFO - DAG(s) 'gestion_ressources_k8s' retrieved from /opt/airflow/dags/dag_resource_management.py
[2026-04-13T08:35:28.254+0000] {logging_mixin.py:188} INFO - [2026-04-13T08:35:28.254+0000] {dag.py:3036} INFO - Sync 1 DAGs
[2026-04-13T08:35:28.263+0000] {logging_mixin.py:188} INFO - [2026-04-13T08:35:28.263+0000] {dag.py:3823} INFO - Setting next_dagrun for gestion_ressources_k8s to None, run_after=None
[2026-04-13T08:35:28.280+0000] {processor.py:183} INFO - Processing /opt/airflow/dags/dag_resource_management.py took 0.058 seconds
[2026-04-13T08:35:58.830+0000] {processor.py:161} INFO - Started process (PID=2301) to work on /opt/airflow/dags/dag_resource_management.py
[2026-04-13T08:35:58.831+0000] {processor.py:830} INFO - Processing file /opt/airflow/dags/dag_resource_management.py for tasks to queue
[2026-04-13T08:35:58.831+0000] {logging_mixin.py:188} INFO - [2026-04-13T08:35:58.831+0000] {dagbag.py:538} INFO - Filling up the DagBag from /opt/airflow/dags/dag_resource_management.py
[2026-04-13T08:35:58.840+0000] {processor.py:840} INFO - DAG(s) 'gestion_ressources_k8s' retrieved from /opt/airflow/dags/dag_resource_management.py
[2026-04-13T08:35:58.860+0000] {logging_mixin.py:188} INFO - [2026-04-13T08:35:58.859+0000] {dag.py:3036} INFO - Sync 1 DAGs
[2026-04-13T08:35:58.869+0000] {logging_mixin.py:188} INFO - [2026-04-13T08:35:58.868+0000] {dag.py:3823} INFO - Setting next_dagrun for gestion_ressources_k8s to None, run_after=None
[2026-04-13T08:35:58.881+0000] {processor.py:183} INFO - Processing /opt/airflow/dags/dag_resource_management.py took 0.054 seconds
[2026-04-13T08:36:29.498+0000] {processor.py:161} INFO - Started process (PID=2335) to work on /opt/airflow/dags/dag_resource_management.py
[2026-04-13T08:36:29.498+0000] {processor.py:830} INFO - Processing file /opt/airflow/dags/dag_resource_management.py for tasks to queue
[2026-04-13T08:36:29.499+0000] {logging_mixin.py:188} INFO - [2026-04-13T08:36:29.499+0000] {dagbag.py:538} INFO - Filling up the DagBag from /opt/airflow/dags/dag_resource_management.py
[2026-04-13T08:36:29.514+0000] {processor.py:840} INFO - DAG(s) 'gestion_ressources_k8s' retrieved from /opt/airflow/dags/dag_resource_management.py
[2026-04-13T08:36:29.538+0000] {logging_mixin.py:188} INFO - [2026-04-13T08:36:29.538+0000] {dag.py:3036} INFO - Sync 1 DAGs
[2026-04-13T08:36:29.546+0000] {logging_mixin.py:188} INFO - [2026-04-13T08:36:29.546+0000] {dag.py:3823} INFO - Setting next_dagrun for gestion_ressources_k8s to None, run_after=None
[2026-04-13T08:36:29.558+0000] {processor.py:183} INFO - Processing /opt/airflow/dags/dag_resource_management.py took 0.064 seconds
[2026-04-13T08:37:00.221+0000] {processor.py:161} INFO - Started process (PID=2371) to work on /opt/airflow/dags/dag_resource_management.py
[2026-04-13T08:37:00.222+0000] {processor.py:830} INFO - Processing file /opt/airflow/dags/dag_resource_management.py for tasks to queue
[2026-04-13T08:37:00.223+0000] {logging_mixin.py:188} INFO - [2026-04-13T08:37:00.223+0000] {dagbag.py:538} INFO - Filling up the DagBag from /opt/airflow/dags/dag_resource_management.py
[2026-04-13T08:37:00.235+0000] {processor.py:840} INFO - DAG(s) 'gestion_ressources_k8s' retrieved from /opt/airflow/dags/dag_resource_management.py
[2026-04-13T08:37:00.263+0000] {logging_mixin.py:188} INFO - [2026-04-13T08:37:00.263+0000] {dag.py:3036} INFO - Sync 1 DAGs
[2026-04-13T08:37:00.276+0000] {logging_mixin.py:188} INFO - [2026-04-13T08:37:00.276+0000] {dag.py:3823} INFO - Setting next_dagrun for gestion_ressources_k8s to None, run_after=None
[2026-04-13T08:37:00.293+0000] {processor.py:183} INFO - Processing /opt/airflow/dags/dag_resource_management.py took 0.076 seconds
[2026-04-13T08:37:30.937+0000] {processor.py:161} INFO - Started process (PID=2407) to work on /opt/airflow/dags/dag_resource_management.py
[2026-04-13T08:37:30.939+0000] {processor.py:830} INFO - Processing file /opt/airflow/dags/dag_resource_management.py for tasks to queue
[2026-04-13T08:37:30.940+0000] {logging_mixin.py:188} INFO - [2026-04-13T08:37:30.939+0000] {dagbag.py:538} INFO - Filling up the DagBag from /opt/airflow/dags/dag_resource_management.py
[2026-04-13T08:37:30.954+0000] {processor.py:840} INFO - DAG(s) 'gestion_ressources_k8s' retrieved from /opt/airflow/dags/dag_resource_management.py
[2026-04-13T08:37:30.978+0000] {logging_mixin.py:188} INFO - [2026-04-13T08:37:30.978+0000] {dag.py:3036} INFO - Sync 1 DAGs
[2026-04-13T08:37:30.988+0000] {logging_mixin.py:188} INFO - [2026-04-13T08:37:30.987+0000] {dag.py:3823} INFO - Setting next_dagrun for gestion_ressources_k8s to None, run_after=None
[2026-04-13T08:37:31.000+0000] {processor.py:183} INFO - Processing /opt/airflow/dags/dag_resource_management.py took 0.071 seconds
[2026-04-13T08:38:01.633+0000] {processor.py:161} INFO - Started process (PID=2442) to work on /opt/airflow/dags/dag_resource_management.py
[2026-04-13T08:38:01.634+0000] {processor.py:830} INFO - Processing file /opt/airflow/dags/dag_resource_management.py for tasks to queue
[2026-04-13T08:38:01.635+0000] {logging_mixin.py:188} INFO - [2026-04-13T08:38:01.634+0000] {dagbag.py:538} INFO - Filling up the DagBag from /opt/airflow/dags/dag_resource_management.py
[2026-04-13T08:38:01.647+0000] {processor.py:840} INFO - DAG(s) 'gestion_ressources_k8s' retrieved from /opt/airflow/dags/dag_resource_management.py
[2026-04-13T08:38:01.675+0000] {logging_mixin.py:188} INFO - [2026-04-13T08:38:01.675+0000] {dag.py:3036} INFO - Sync 1 DAGs
[2026-04-13T08:38:01.688+0000] {logging_mixin.py:188} INFO - [2026-04-13T08:38:01.688+0000] {dag.py:3823} INFO - Setting next_dagrun for gestion_ressources_k8s to None, run_after=None
[2026-04-13T08:38:01.706+0000] {processor.py:183} INFO - Processing /opt/airflow/dags/dag_resource_management.py took 0.079 seconds
[2026-04-13T08:38:32.385+0000] {processor.py:161} INFO - Started process (PID=2478) to work on /opt/airflow/dags/dag_resource_management.py
[2026-04-13T08:38:32.386+0000] {processor.py:830} INFO - Processing file /opt/airflow/dags/dag_resource_management.py for tasks to queue
[2026-04-13T08:38:32.386+0000] {logging_mixin.py:188} INFO - [2026-04-13T08:38:32.386+0000] {dagbag.py:538} INFO - Filling up the DagBag from /opt/airflow/dags/dag_resource_management.py
[2026-04-13T08:38:32.399+0000] {processor.py:840} INFO - DAG(s) 'gestion_ressources_k8s' retrieved from /opt/airflow/dags/dag_resource_management.py
[2026-04-13T08:38:32.425+0000] {logging_mixin.py:188} INFO - [2026-04-13T08:38:32.425+0000] {dag.py:3036} INFO - Sync 1 DAGs
[2026-04-13T08:38:32.568+0000] {logging_mixin.py:188} INFO - [2026-04-13T08:38:32.568+0000] {dag.py:3823} INFO - Setting next_dagrun for gestion_ressources_k8s to None, run_after=None
[2026-04-13T08:38:32.585+0000] {processor.py:183} INFO - Processing /opt/airflow/dags/dag_resource_management.py took 0.204 seconds
[2026-04-13T08:39:03.148+0000] {processor.py:161} INFO - Started process (PID=2516) to work on /opt/airflow/dags/dag_resource_management.py
[2026-04-13T08:39:03.148+0000] {processor.py:830} INFO - Processing file /opt/airflow/dags/dag_resource_management.py for tasks to queue
[2026-04-13T08:39:03.149+0000] {logging_mixin.py:188} INFO - [2026-04-13T08:39:03.149+0000] {dagbag.py:538} INFO - Filling up the DagBag from /opt/airflow/dags/dag_resource_management.py
[2026-04-13T08:39:03.158+0000] {processor.py:840} INFO - DAG(s) 'gestion_ressources_k8s' retrieved from /opt/airflow/dags/dag_resource_management.py
[2026-04-13T08:39:03.182+0000] {logging_mixin.py:188} INFO - [2026-04-13T08:39:03.182+0000] {dag.py:3036} INFO - Sync 1 DAGs
[2026-04-13T08:39:03.191+0000] {logging_mixin.py:188} INFO - [2026-04-13T08:39:03.191+0000] {dag.py:3823} INFO - Setting next_dagrun for gestion_ressources_k8s to None, run_after=None
[2026-04-13T08:39:03.323+0000] {processor.py:183} INFO - Processing /opt/airflow/dags/dag_resource_management.py took 0.178 seconds
[2026-04-13T08:39:33.942+0000] {processor.py:161} INFO - Started process (PID=2552) to work on /opt/airflow/dags/dag_resource_management.py
[2026-04-13T08:39:33.943+0000] {processor.py:830} INFO - Processing file /opt/airflow/dags/dag_resource_management.py for tasks to queue
[2026-04-13T08:39:33.944+0000] {logging_mixin.py:188} INFO - [2026-04-13T08:39:33.944+0000] {dagbag.py:538} INFO - Filling up the DagBag from /opt/airflow/dags/dag_resource_management.py
[2026-04-13T08:39:33.953+0000] {processor.py:840} INFO - DAG(s) 'gestion_ressources_k8s' retrieved from /opt/airflow/dags/dag_resource_management.py
[2026-04-13T08:39:33.977+0000] {logging_mixin.py:188} INFO - [2026-04-13T08:39:33.977+0000] {dag.py:3036} INFO - Sync 1 DAGs
[2026-04-13T08:39:33.987+0000] {logging_mixin.py:188} INFO - [2026-04-13T08:39:33.987+0000] {dag.py:3823} INFO - Setting next_dagrun for gestion_ressources_k8s to None, run_after=None
[2026-04-13T08:39:34.002+0000] {processor.py:183} INFO - Processing /opt/airflow/dags/dag_resource_management.py took 0.063 seconds
[2026-04-13T08:40:04.619+0000] {processor.py:161} INFO - Started process (PID=2586) to work on /opt/airflow/dags/dag_resource_management.py
[2026-04-13T08:40:04.620+0000] {processor.py:830} INFO - Processing file /opt/airflow/dags/dag_resource_management.py for tasks to queue
[2026-04-13T08:40:04.621+0000] {logging_mixin.py:188} INFO - [2026-04-13T08:40:04.620+0000] {dagbag.py:538} INFO - Filling up the DagBag from /opt/airflow/dags/dag_resource_management.py
[2026-04-13T08:40:04.632+0000] {processor.py:840} INFO - DAG(s) 'gestion_ressources_k8s' retrieved from /opt/airflow/dags/dag_resource_management.py
[2026-04-13T08:40:04.673+0000] {logging_mixin.py:188} INFO - [2026-04-13T08:40:04.673+0000] {dag.py:3036} INFO - Sync 1 DAGs
[2026-04-13T08:40:04.684+0000] {logging_mixin.py:188} INFO - [2026-04-13T08:40:04.683+0000] {dag.py:3823} INFO - Setting next_dagrun for gestion_ressources_k8s to None, run_after=None
[2026-04-13T08:40:04.869+0000] {processor.py:183} INFO - Processing /opt/airflow/dags/dag_resource_management.py took 0.254 seconds
[2026-04-13T08:40:35.512+0000] {processor.py:161} INFO - Started process (PID=2624) to work on /opt/airflow/dags/dag_resource_management.py
[2026-04-13T08:40:35.513+0000] {processor.py:830} INFO - Processing file /opt/airflow/dags/dag_resource_management.py for tasks to queue
[2026-04-13T08:40:35.514+0000] {logging_mixin.py:188} INFO - [2026-04-13T08:40:35.514+0000] {dagbag.py:538} INFO - Filling up the DagBag from /opt/airflow/dags/dag_resource_management.py
[2026-04-13T08:40:35.527+0000] {processor.py:840} INFO - DAG(s) 'gestion_ressources_k8s' retrieved from /opt/airflow/dags/dag_resource_management.py
[2026-04-13T08:40:35.555+0000] {logging_mixin.py:188} INFO - [2026-04-13T08:40:35.555+0000] {dag.py:3036} INFO - Sync 1 DAGs
[2026-04-13T08:40:35.564+0000] {logging_mixin.py:188} INFO - [2026-04-13T08:40:35.564+0000] {dag.py:3823} INFO - Setting next_dagrun for gestion_ressources_k8s to None, run_after=None
[2026-04-13T08:40:35.576+0000] {processor.py:183} INFO - Processing /opt/airflow/dags/dag_resource_management.py took 0.069 seconds
[2026-04-13T08:41:06.182+0000] {processor.py:161} INFO - Started process (PID=2658) to work on /opt/airflow/dags/dag_resource_management.py
[2026-04-13T08:41:06.183+0000] {processor.py:830} INFO - Processing file /opt/airflow/dags/dag_resource_management.py for tasks to queue
[2026-04-13T08:41:06.185+0000] {logging_mixin.py:188} INFO - [2026-04-13T08:41:06.184+0000] {dagbag.py:538} INFO - Filling up the DagBag from /opt/airflow/dags/dag_resource_management.py
[2026-04-13T08:41:06.203+0000] {processor.py:840} INFO - DAG(s) 'gestion_ressources_k8s' retrieved from /opt/airflow/dags/dag_resource_management.py
[2026-04-13T08:41:06.237+0000] {logging_mixin.py:188} INFO - [2026-04-13T08:41:06.237+0000] {dag.py:3036} INFO - Sync 1 DAGs
[2026-04-13T08:41:06.256+0000] {logging_mixin.py:188} INFO - [2026-04-13T08:41:06.256+0000] {dag.py:3823} INFO - Setting next_dagrun for gestion_ressources_k8s to None, run_after=None
[2026-04-13T08:41:06.273+0000] {processor.py:183} INFO - Processing /opt/airflow/dags/dag_resource_management.py took 0.099 seconds
[2026-04-13T08:41:36.824+0000] {processor.py:161} INFO - Started process (PID=2693) to work on /opt/airflow/dags/dag_resource_management.py
[2026-04-13T08:41:36.825+0000] {processor.py:830} INFO - Processing file /opt/airflow/dags/dag_resource_management.py for tasks to queue
[2026-04-13T08:41:36.826+0000] {logging_mixin.py:188} INFO - [2026-04-13T08:41:36.826+0000] {dagbag.py:538} INFO - Filling up the DagBag from /opt/airflow/dags/dag_resource_management.py
[2026-04-13T08:41:36.837+0000] {processor.py:840} INFO - DAG(s) 'gestion_ressources_k8s' retrieved from /opt/airflow/dags/dag_resource_management.py
[2026-04-13T08:41:36.866+0000] {logging_mixin.py:188} INFO - [2026-04-13T08:41:36.866+0000] {dag.py:3036} INFO - Sync 1 DAGs
[2026-04-13T08:41:36.879+0000] {logging_mixin.py:188} INFO - [2026-04-13T08:41:36.879+0000] {dag.py:3823} INFO - Setting next_dagrun for gestion_ressources_k8s to None, run_after=None
[2026-04-13T08:41:36.894+0000] {processor.py:183} INFO - Processing /opt/airflow/dags/dag_resource_management.py took 0.074 seconds
[2026-04-13T08:42:07.445+0000] {processor.py:161} INFO - Started process (PID=2729) to work on /opt/airflow/dags/dag_resource_management.py
[2026-04-13T08:42:07.446+0000] {processor.py:830} INFO - Processing file /opt/airflow/dags/dag_resource_management.py for tasks to queue
[2026-04-13T08:42:07.447+0000] {logging_mixin.py:188} INFO - [2026-04-13T08:42:07.446+0000] {dagbag.py:538} INFO - Filling up the DagBag from /opt/airflow/dags/dag_resource_management.py
[2026-04-13T08:42:07.459+0000] {processor.py:840} INFO - DAG(s) 'gestion_ressources_k8s' retrieved from /opt/airflow/dags/dag_resource_management.py
[2026-04-13T08:42:07.485+0000] {logging_mixin.py:188} INFO - [2026-04-13T08:42:07.485+0000] {dag.py:3036} INFO - Sync 1 DAGs
[2026-04-13T08:42:07.497+0000] {logging_mixin.py:188} INFO - [2026-04-13T08:42:07.497+0000] {dag.py:3823} INFO - Setting next_dagrun for gestion_ressources_k8s to None, run_after=None
[2026-04-13T08:42:07.510+0000] {processor.py:183} INFO - Processing /opt/airflow/dags/dag_resource_management.py took 0.069 seconds
[2026-04-13T08:42:38.035+0000] {processor.py:161} INFO - Started process (PID=2765) to work on /opt/airflow/dags/dag_resource_management.py
[2026-04-13T08:42:38.036+0000] {processor.py:830} INFO - Processing file /opt/airflow/dags/dag_resource_management.py for tasks to queue
[2026-04-13T08:42:38.037+0000] {logging_mixin.py:188} INFO - [2026-04-13T08:42:38.036+0000] {dagbag.py:538} INFO - Filling up the DagBag from /opt/airflow/dags/dag_resource_management.py
[2026-04-13T08:42:38.049+0000] {processor.py:840} INFO - DAG(s) 'gestion_ressources_k8s' retrieved from /opt/airflow/dags/dag_resource_management.py
[2026-04-13T08:42:38.076+0000] {logging_mixin.py:188} INFO - [2026-04-13T08:42:38.075+0000] {dag.py:3036} INFO - Sync 1 DAGs
[2026-04-13T08:42:38.091+0000] {logging_mixin.py:188} INFO - [2026-04-13T08:42:38.090+0000] {dag.py:3823} INFO - Setting next_dagrun for gestion_ressources_k8s to None, run_after=None
[2026-04-13T08:42:38.110+0000] {processor.py:183} INFO - Processing /opt/airflow/dags/dag_resource_management.py took 0.079 seconds
[2026-04-13T08:43:09.007+0000] {processor.py:161} INFO - Started process (PID=2801) to work on /opt/airflow/dags/dag_resource_management.py
[2026-04-13T08:43:09.010+0000] {processor.py:830} INFO - Processing file /opt/airflow/dags/dag_resource_management.py for tasks to queue
[2026-04-13T08:43:09.010+0000] {logging_mixin.py:188} INFO - [2026-04-13T08:43:09.010+0000] {dagbag.py:538} INFO - Filling up the DagBag from /opt/airflow/dags/dag_resource_management.py
[2026-04-13T08:43:09.040+0000] {processor.py:840} INFO - DAG(s) 'gestion_ressources_k8s' retrieved from /opt/airflow/dags/dag_resource_management.py
[2026-04-13T08:43:09.068+0000] {logging_mixin.py:188} INFO - [2026-04-13T08:43:09.068+0000] {dag.py:3036} INFO - Sync 1 DAGs
[2026-04-13T08:43:09.080+0000] {logging_mixin.py:188} INFO - [2026-04-13T08:43:09.080+0000] {dag.py:3823} INFO - Setting next_dagrun for gestion_ressources_k8s to None, run_after=None
[2026-04-13T08:43:09.102+0000] {processor.py:183} INFO - Processing /opt/airflow/dags/dag_resource_management.py took 0.100 seconds
[2026-04-13T08:43:39.653+0000] {processor.py:161} INFO - Started process (PID=2837) to work on /opt/airflow/dags/dag_resource_management.py
[2026-04-13T08:43:39.656+0000] {processor.py:830} INFO - Processing file /opt/airflow/dags/dag_resource_management.py for tasks to queue
[2026-04-13T08:43:39.657+0000] {logging_mixin.py:188} INFO - [2026-04-13T08:43:39.656+0000] {dagbag.py:538} INFO - Filling up the DagBag from /opt/airflow/dags/dag_resource_management.py
[2026-04-13T08:43:39.673+0000] {processor.py:840} INFO - DAG(s) 'gestion_ressources_k8s' retrieved from /opt/airflow/dags/dag_resource_management.py
[2026-04-13T08:43:39.704+0000] {logging_mixin.py:188} INFO - [2026-04-13T08:43:39.703+0000] {dag.py:3036} INFO - Sync 1 DAGs
[2026-04-13T08:43:39.727+0000] {logging_mixin.py:188} INFO - [2026-04-13T08:43:39.726+0000] {dag.py:3823} INFO - Setting next_dagrun for gestion_ressources_k8s to None, run_after=None
[2026-04-13T08:43:39.768+0000] {processor.py:183} INFO - Processing /opt/airflow/dags/dag_resource_management.py took 0.119 seconds
[2026-04-13T08:44:10.576+0000] {processor.py:161} INFO - Started process (PID=2876) to work on /opt/airflow/dags/dag_resource_management.py
[2026-04-13T08:44:10.577+0000] {processor.py:830} INFO - Processing file /opt/airflow/dags/dag_resource_management.py for tasks to queue
[2026-04-13T08:44:10.578+0000] {logging_mixin.py:188} INFO - [2026-04-13T08:44:10.577+0000] {dagbag.py:538} INFO - Filling up the DagBag from /opt/airflow/dags/dag_resource_management.py
[2026-04-13T08:44:10.591+0000] {processor.py:840} INFO - DAG(s) 'gestion_ressources_k8s' retrieved from /opt/airflow/dags/dag_resource_management.py
[2026-04-13T08:44:10.632+0000] {logging_mixin.py:188} INFO - [2026-04-13T08:44:10.631+0000] {dag.py:3036} INFO - Sync 1 DAGs
[2026-04-13T08:44:10.641+0000] {logging_mixin.py:188} INFO - [2026-04-13T08:44:10.641+0000] {dag.py:3823} INFO - Setting next_dagrun for gestion_ressources_k8s to None, run_after=None
[2026-04-13T08:44:10.653+0000] {processor.py:183} INFO - Processing /opt/airflow/dags/dag_resource_management.py took 0.084 seconds
[2026-04-13T08:44:41.534+0000] {processor.py:161} INFO - Started process (PID=2910) to work on /opt/airflow/dags/dag_resource_management.py
[2026-04-13T08:44:41.541+0000] {processor.py:830} INFO - Processing file /opt/airflow/dags/dag_resource_management.py for tasks to queue
[2026-04-13T08:44:41.542+0000] {logging_mixin.py:188} INFO - [2026-04-13T08:44:41.542+0000] {dagbag.py:538} INFO - Filling up the DagBag from /opt/airflow/dags/dag_resource_management.py
[2026-04-13T08:44:41.574+0000] {processor.py:840} INFO - DAG(s) 'gestion_ressources_k8s' retrieved from /opt/airflow/dags/dag_resource_management.py
[2026-04-13T08:44:41.635+0000] {logging_mixin.py:188} INFO - [2026-04-13T08:44:41.634+0000] {dag.py:3036} INFO - Sync 1 DAGs
[2026-04-13T08:44:41.658+0000] {logging_mixin.py:188} INFO - [2026-04-13T08:44:41.658+0000] {dag.py:3823} INFO - Setting next_dagrun for gestion_ressources_k8s to None, run_after=None
[2026-04-13T08:44:41.681+0000] {processor.py:183} INFO - Processing /opt/airflow/dags/dag_resource_management.py took 0.165 seconds
[2026-04-13T08:45:12.051+0000] {processor.py:161} INFO - Started process (PID=2940) to work on /opt/airflow/dags/dag_resource_management.py
[2026-04-13T08:45:12.052+0000] {processor.py:830} INFO - Processing file /opt/airflow/dags/dag_resource_management.py for tasks to queue
[2026-04-13T08:45:12.053+0000] {logging_mixin.py:188} INFO - [2026-04-13T08:45:12.052+0000] {dagbag.py:538} INFO - Filling up the DagBag from /opt/airflow/dags/dag_resource_management.py
[2026-04-13T08:45:12.064+0000] {processor.py:840} INFO - DAG(s) 'gestion_ressources_k8s' retrieved from /opt/airflow/dags/dag_resource_management.py
[2026-04-13T08:45:12.093+0000] {logging_mixin.py:188} INFO - [2026-04-13T08:45:12.093+0000] {dag.py:3036} INFO - Sync 1 DAGs
[2026-04-13T08:45:12.107+0000] {logging_mixin.py:188} INFO - [2026-04-13T08:45:12.107+0000] {dag.py:3823} INFO - Setting next_dagrun for gestion_ressources_k8s to None, run_after=None
[2026-04-13T08:45:12.122+0000] {processor.py:183} INFO - Processing /opt/airflow/dags/dag_resource_management.py took 0.075 seconds
[2026-04-13T08:45:42.596+0000] {processor.py:161} INFO - Started process (PID=2975) to work on /opt/airflow/dags/dag_resource_management.py
[2026-04-13T08:45:42.597+0000] {processor.py:830} INFO - Processing file /opt/airflow/dags/dag_resource_management.py for tasks to queue
[2026-04-13T08:45:42.598+0000] {logging_mixin.py:188} INFO - [2026-04-13T08:45:42.598+0000] {dagbag.py:538} INFO - Filling up the DagBag from /opt/airflow/dags/dag_resource_management.py
[2026-04-13T08:45:42.610+0000] {processor.py:840} INFO - DAG(s) 'gestion_ressources_k8s' retrieved from /opt/airflow/dags/dag_resource_management.py
[2026-04-13T08:45:42.642+0000] {logging_mixin.py:188} INFO - [2026-04-13T08:45:42.641+0000] {dag.py:3036} INFO - Sync 1 DAGs
[2026-04-13T08:45:42.659+0000] {logging_mixin.py:188} INFO - [2026-04-13T08:45:42.659+0000] {dag.py:3823} INFO - Setting next_dagrun for gestion_ressources_k8s to None, run_after=None
[2026-04-13T08:45:42.674+0000] {processor.py:183} INFO - Processing /opt/airflow/dags/dag_resource_management.py took 0.084 seconds
[2026-04-13T08:46:13.265+0000] {processor.py:161} INFO - Started process (PID=3011) to work on /opt/airflow/dags/dag_resource_management.py
[2026-04-13T08:46:13.267+0000] {processor.py:830} INFO - Processing file /opt/airflow/dags/dag_resource_management.py for tasks to queue
[2026-04-13T08:46:13.269+0000] {logging_mixin.py:188} INFO - [2026-04-13T08:46:13.268+0000] {dagbag.py:538} INFO - Filling up the DagBag from /opt/airflow/dags/dag_resource_management.py
[2026-04-13T08:46:13.282+0000] {processor.py:840} INFO - DAG(s) 'gestion_ressources_k8s' retrieved from /opt/airflow/dags/dag_resource_management.py
[2026-04-13T08:46:13.321+0000] {logging_mixin.py:188} INFO - [2026-04-13T08:46:13.321+0000] {dag.py:3036} INFO - Sync 1 DAGs
[2026-04-13T08:46:13.338+0000] {logging_mixin.py:188} INFO - [2026-04-13T08:46:13.338+0000] {dag.py:3823} INFO - Setting next_dagrun for gestion_ressources_k8s to None, run_after=None
[2026-04-13T08:46:13.360+0000] {processor.py:183} INFO - Processing /opt/airflow/dags/dag_resource_management.py took 0.101 seconds
[2026-04-13T08:46:43.859+0000] {processor.py:161} INFO - Started process (PID=3047) to work on /opt/airflow/dags/dag_resource_management.py
[2026-04-13T08:46:43.860+0000] {processor.py:830} INFO - Processing file /opt/airflow/dags/dag_resource_management.py for tasks to queue
[2026-04-13T08:46:43.861+0000] {logging_mixin.py:188} INFO - [2026-04-13T08:46:43.860+0000] {dagbag.py:538} INFO - Filling up the DagBag from /opt/airflow/dags/dag_resource_management.py
[2026-04-13T08:46:43.872+0000] {processor.py:840} INFO - DAG(s) 'gestion_ressources_k8s' retrieved from /opt/airflow/dags/dag_resource_management.py
[2026-04-13T08:46:43.900+0000] {logging_mixin.py:188} INFO - [2026-04-13T08:46:43.900+0000] {dag.py:3036} INFO - Sync 1 DAGs
[2026-04-13T08:46:43.909+0000] {logging_mixin.py:188} INFO - [2026-04-13T08:46:43.909+0000] {dag.py:3823} INFO - Setting next_dagrun for gestion_ressources_k8s to None, run_after=None
[2026-04-13T08:46:43.923+0000] {processor.py:183} INFO - Processing /opt/airflow/dags/dag_resource_management.py took 0.068 seconds
[2026-04-13T08:47:14.484+0000] {processor.py:161} INFO - Started process (PID=3083) to work on /opt/airflow/dags/dag_resource_management.py
[2026-04-13T08:47:14.485+0000] {processor.py:830} INFO - Processing file /opt/airflow/dags/dag_resource_management.py for tasks to queue
[2026-04-13T08:47:14.485+0000] {logging_mixin.py:188} INFO - [2026-04-13T08:47:14.485+0000] {dagbag.py:538} INFO - Filling up the DagBag from /opt/airflow/dags/dag_resource_management.py
[2026-04-13T08:47:14.501+0000] {processor.py:840} INFO - DAG(s) 'gestion_ressources_k8s' retrieved from /opt/airflow/dags/dag_resource_management.py
[2026-04-13T08:47:14.522+0000] {logging_mixin.py:188} INFO - [2026-04-13T08:47:14.522+0000] {dag.py:3036} INFO - Sync 1 DAGs
[2026-04-13T08:47:14.532+0000] {logging_mixin.py:188} INFO - [2026-04-13T08:47:14.531+0000] {dag.py:3823} INFO - Setting next_dagrun for gestion_ressources_k8s to None, run_after=None
[2026-04-13T08:47:14.547+0000] {processor.py:183} INFO - Processing /opt/airflow/dags/dag_resource_management.py took 0.068 seconds
[2026-04-13T08:47:45.025+0000] {processor.py:161} INFO - Started process (PID=3119) to work on /opt/airflow/dags/dag_resource_management.py
[2026-04-13T08:47:45.027+0000] {processor.py:830} INFO - Processing file /opt/airflow/dags/dag_resource_management.py for tasks to queue
[2026-04-13T08:47:45.030+0000] {logging_mixin.py:188} INFO - [2026-04-13T08:47:45.029+0000] {dagbag.py:538} INFO - Filling up the DagBag from /opt/airflow/dags/dag_resource_management.py
[2026-04-13T08:47:45.047+0000] {processor.py:840} INFO - DAG(s) 'gestion_ressources_k8s' retrieved from /opt/airflow/dags/dag_resource_management.py
[2026-04-13T08:47:45.076+0000] {logging_mixin.py:188} INFO - [2026-04-13T08:47:45.075+0000] {dag.py:3036} INFO - Sync 1 DAGs
[2026-04-13T08:47:45.088+0000] {logging_mixin.py:188} INFO - [2026-04-13T08:47:45.088+0000] {dag.py:3823} INFO - Setting next_dagrun for gestion_ressources_k8s to None, run_after=None
[2026-04-13T08:47:45.103+0000] {processor.py:183} INFO - Processing /opt/airflow/dags/dag_resource_management.py took 0.095 seconds
[2026-04-13T08:48:15.631+0000] {processor.py:161} INFO - Started process (PID=3155) to work on /opt/airflow/dags/dag_resource_management.py
[2026-04-13T08:48:15.631+0000] {processor.py:830} INFO - Processing file /opt/airflow/dags/dag_resource_management.py for tasks to queue
[2026-04-13T08:48:15.632+0000] {logging_mixin.py:188} INFO - [2026-04-13T08:48:15.632+0000] {dagbag.py:538} INFO - Filling up the DagBag from /opt/airflow/dags/dag_resource_management.py
[2026-04-13T08:48:15.645+0000] {processor.py:840} INFO - DAG(s) 'gestion_ressources_k8s' retrieved from /opt/airflow/dags/dag_resource_management.py
[2026-04-13T08:48:15.672+0000] {logging_mixin.py:188} INFO - [2026-04-13T08:48:15.672+0000] {dag.py:3036} INFO - Sync 1 DAGs
[2026-04-13T08:48:15.684+0000] {logging_mixin.py:188} INFO - [2026-04-13T08:48:15.684+0000] {dag.py:3823} INFO - Setting next_dagrun for gestion_ressources_k8s to None, run_after=None
[2026-04-13T08:48:15.699+0000] {processor.py:183} INFO - Processing /opt/airflow/dags/dag_resource_management.py took 0.072 seconds
[2026-04-13T08:48:46.196+0000] {processor.py:161} INFO - Started process (PID=3191) to work on /opt/airflow/dags/dag_resource_management.py
[2026-04-13T08:48:46.197+0000] {processor.py:830} INFO - Processing file /opt/airflow/dags/dag_resource_management.py for tasks to queue
[2026-04-13T08:48:46.198+0000] {logging_mixin.py:188} INFO - [2026-04-13T08:48:46.198+0000] {dagbag.py:538} INFO - Filling up the DagBag from /opt/airflow/dags/dag_resource_management.py
[2026-04-13T08:48:46.212+0000] {processor.py:840} INFO - DAG(s) 'gestion_ressources_k8s' retrieved from /opt/airflow/dags/dag_resource_management.py
[2026-04-13T08:48:46.235+0000] {logging_mixin.py:188} INFO - [2026-04-13T08:48:46.235+0000] {dag.py:3036} INFO - Sync 1 DAGs
[2026-04-13T08:48:46.244+0000] {logging_mixin.py:188} INFO - [2026-04-13T08:48:46.243+0000] {dag.py:3823} INFO - Setting next_dagrun for gestion_ressources_k8s to None, run_after=None
[2026-04-13T08:48:46.256+0000] {processor.py:183} INFO - Processing /opt/airflow/dags/dag_resource_management.py took 0.068 seconds
[2026-04-13T08:49:16.735+0000] {processor.py:161} INFO - Started process (PID=3227) to work on /opt/airflow/dags/dag_resource_management.py
[2026-04-13T08:49:16.736+0000] {processor.py:830} INFO - Processing file /opt/airflow/dags/dag_resource_management.py for tasks to queue
[2026-04-13T08:49:16.737+0000] {logging_mixin.py:188} INFO - [2026-04-13T08:49:16.736+0000] {dagbag.py:538} INFO - Filling up the DagBag from /opt/airflow/dags/dag_resource_management.py
[2026-04-13T08:49:16.748+0000] {processor.py:840} INFO - DAG(s) 'gestion_ressources_k8s' retrieved from /opt/airflow/dags/dag_resource_management.py
[2026-04-13T08:49:16.772+0000] {logging_mixin.py:188} INFO - [2026-04-13T08:49:16.772+0000] {dag.py:3036} INFO - Sync 1 DAGs
[2026-04-13T08:49:16.784+0000] {logging_mixin.py:188} INFO - [2026-04-13T08:49:16.783+0000] {dag.py:3823} INFO - Setting next_dagrun for gestion_ressources_k8s to None, run_after=None
[2026-04-13T08:49:16.796+0000] {processor.py:183} INFO - Processing /opt/airflow/dags/dag_resource_management.py took 0.065 seconds
[2026-04-13T08:49:47.328+0000] {processor.py:161} INFO - Started process (PID=3263) to work on /opt/airflow/dags/dag_resource_management.py
[2026-04-13T08:49:47.328+0000] {processor.py:830} INFO - Processing file /opt/airflow/dags/dag_resource_management.py for tasks to queue
[2026-04-13T08:49:47.329+0000] {logging_mixin.py:188} INFO - [2026-04-13T08:49:47.329+0000] {dagbag.py:538} INFO - Filling up the DagBag from /opt/airflow/dags/dag_resource_management.py
[2026-04-13T08:49:47.347+0000] {processor.py:840} INFO - DAG(s) 'gestion_ressources_k8s' retrieved from /opt/airflow/dags/dag_resource_management.py
[2026-04-13T08:49:47.406+0000] {logging_mixin.py:188} INFO - [2026-04-13T08:49:47.406+0000] {dag.py:3036} INFO - Sync 1 DAGs
[2026-04-13T08:49:47.426+0000] {logging_mixin.py:188} INFO - [2026-04-13T08:49:47.424+0000] {dag.py:3823} INFO - Setting next_dagrun for gestion_ressources_k8s to None, run_after=None
[2026-04-13T08:49:47.480+0000] {processor.py:183} INFO - Processing /opt/airflow/dags/dag_resource_management.py took 0.156 seconds
[2026-04-13T08:50:17.985+0000] {processor.py:161} INFO - Started process (PID=3301) to work on /opt/airflow/dags/dag_resource_management.py
[2026-04-13T08:50:17.986+0000] {processor.py:830} INFO - Processing file /opt/airflow/dags/dag_resource_management.py for tasks to queue
[2026-04-13T08:50:17.987+0000] {logging_mixin.py:188} INFO - [2026-04-13T08:50:17.986+0000] {dagbag.py:538} INFO - Filling up the DagBag from /opt/airflow/dags/dag_resource_management.py
[2026-04-13T08:50:17.995+0000] {processor.py:840} INFO - DAG(s) 'gestion_ressources_k8s' retrieved from /opt/airflow/dags/dag_resource_management.py
[2026-04-13T08:50:18.015+0000] {logging_mixin.py:188} INFO - [2026-04-13T08:50:18.015+0000] {dag.py:3036} INFO - Sync 1 DAGs
[2026-04-13T08:50:18.024+0000] {logging_mixin.py:188} INFO - [2026-04-13T08:50:18.024+0000] {dag.py:3823} INFO - Setting next_dagrun for gestion_ressources_k8s to None, run_after=None
[2026-04-13T08:50:18.037+0000] {processor.py:183} INFO - Processing /opt/airflow/dags/dag_resource_management.py took 0.055 seconds
[2026-04-13T08:50:48.474+0000] {processor.py:161} INFO - Started process (PID=3335) to work on /opt/airflow/dags/dag_resource_management.py
[2026-04-13T08:50:48.475+0000] {processor.py:830} INFO - Processing file /opt/airflow/dags/dag_resource_management.py for tasks to queue
[2026-04-13T08:50:48.476+0000] {logging_mixin.py:188} INFO - [2026-04-13T08:50:48.475+0000] {dagbag.py:538} INFO - Filling up the DagBag from /opt/airflow/dags/dag_resource_management.py
[2026-04-13T08:50:48.491+0000] {processor.py:840} INFO - DAG(s) 'gestion_ressources_k8s' retrieved from /opt/airflow/dags/dag_resource_management.py
[2026-04-13T08:50:48.520+0000] {logging_mixin.py:188} INFO - [2026-04-13T08:50:48.519+0000] {dag.py:3036} INFO - Sync 1 DAGs
[2026-04-13T08:50:48.529+0000] {logging_mixin.py:188} INFO - [2026-04-13T08:50:48.529+0000] {dag.py:3823} INFO - Setting next_dagrun for gestion_ressources_k8s to None, run_after=None
[2026-04-13T08:50:48.541+0000] {processor.py:183} INFO - Processing /opt/airflow/dags/dag_resource_management.py took 0.071 seconds
[2026-04-13T08:51:19.017+0000] {processor.py:161} INFO - Started process (PID=3371) to work on /opt/airflow/dags/dag_resource_management.py
[2026-04-13T08:51:19.018+0000] {processor.py:830} INFO - Processing file /opt/airflow/dags/dag_resource_management.py for tasks to queue
[2026-04-13T08:51:19.019+0000] {logging_mixin.py:188} INFO - [2026-04-13T08:51:19.019+0000] {dagbag.py:538} INFO - Filling up the DagBag from /opt/airflow/dags/dag_resource_management.py
[2026-04-13T08:51:19.031+0000] {processor.py:840} INFO - DAG(s) 'gestion_ressources_k8s' retrieved from /opt/airflow/dags/dag_resource_management.py
[2026-04-13T08:51:19.055+0000] {logging_mixin.py:188} INFO - [2026-04-13T08:51:19.055+0000] {dag.py:3036} INFO - Sync 1 DAGs
[2026-04-13T08:51:19.066+0000] {logging_mixin.py:188} INFO - [2026-04-13T08:51:19.066+0000] {dag.py:3823} INFO - Setting next_dagrun for gestion_ressources_k8s to None, run_after=None
[2026-04-13T08:51:19.086+0000] {processor.py:183} INFO - Processing /opt/airflow/dags/dag_resource_management.py took 0.073 seconds
[2026-04-13T08:51:49.636+0000] {processor.py:161} INFO - Started process (PID=3407) to work on /opt/airflow/dags/dag_resource_management.py
[2026-04-13T08:51:49.637+0000] {processor.py:830} INFO - Processing file /opt/airflow/dags/dag_resource_management.py for tasks to queue
[2026-04-13T08:51:49.638+0000] {logging_mixin.py:188} INFO - [2026-04-13T08:51:49.637+0000] {dagbag.py:538} INFO - Filling up the DagBag from /opt/airflow/dags/dag_resource_management.py
[2026-04-13T08:51:49.650+0000] {processor.py:840} INFO - DAG(s) 'gestion_ressources_k8s' retrieved from /opt/airflow/dags/dag_resource_management.py
[2026-04-13T08:51:49.678+0000] {logging_mixin.py:188} INFO - [2026-04-13T08:51:49.678+0000] {dag.py:3036} INFO - Sync 1 DAGs
[2026-04-13T08:51:49.692+0000] {logging_mixin.py:188} INFO - [2026-04-13T08:51:49.691+0000] {dag.py:3823} INFO - Setting next_dagrun for gestion_ressources_k8s to None, run_after=None
[2026-04-13T08:51:49.704+0000] {processor.py:183} INFO - Processing /opt/airflow/dags/dag_resource_management.py took 0.074 seconds
[2026-04-13T08:52:20.177+0000] {processor.py:161} INFO - Started process (PID=3443) to work on /opt/airflow/dags/dag_resource_management.py
[2026-04-13T08:52:20.179+0000] {processor.py:830} INFO - Processing file /opt/airflow/dags/dag_resource_management.py for tasks to queue
[2026-04-13T08:52:20.180+0000] {logging_mixin.py:188} INFO - [2026-04-13T08:52:20.179+0000] {dagbag.py:538} INFO - Filling up the DagBag from /opt/airflow/dags/dag_resource_management.py
[2026-04-13T08:52:20.194+0000] {processor.py:840} INFO - DAG(s) 'gestion_ressources_k8s' retrieved from /opt/airflow/dags/dag_resource_management.py
[2026-04-13T08:52:20.216+0000] {logging_mixin.py:188} INFO - [2026-04-13T08:52:20.216+0000] {dag.py:3036} INFO - Sync 1 DAGs
[2026-04-13T08:52:20.225+0000] {logging_mixin.py:188} INFO - [2026-04-13T08:52:20.225+0000] {dag.py:3823} INFO - Setting next_dagrun for gestion_ressources_k8s to None, run_after=None
[2026-04-13T08:52:20.239+0000] {processor.py:183} INFO - Processing /opt/airflow/dags/dag_resource_management.py took 0.066 seconds
[2026-04-13T08:52:50.724+0000] {processor.py:161} INFO - Started process (PID=3479) to work on /opt/airflow/dags/dag_resource_management.py
[2026-04-13T08:52:50.725+0000] {processor.py:830} INFO - Processing file /opt/airflow/dags/dag_resource_management.py for tasks to queue
[2026-04-13T08:52:50.726+0000] {logging_mixin.py:188} INFO - [2026-04-13T08:52:50.726+0000] {dagbag.py:538} INFO - Filling up the DagBag from /opt/airflow/dags/dag_resource_management.py
[2026-04-13T08:52:50.743+0000] {processor.py:840} INFO - DAG(s) 'gestion_ressources_k8s' retrieved from /opt/airflow/dags/dag_resource_management.py
[2026-04-13T08:52:50.777+0000] {logging_mixin.py:188} INFO - [2026-04-13T08:52:50.777+0000] {dag.py:3036} INFO - Sync 1 DAGs
[2026-04-13T08:52:50.787+0000] {logging_mixin.py:188} INFO - [2026-04-13T08:52:50.787+0000] {dag.py:3823} INFO - Setting next_dagrun for gestion_ressources_k8s to None, run_after=None
[2026-04-13T08:52:50.804+0000] {processor.py:183} INFO - Processing /opt/airflow/dags/dag_resource_management.py took 0.084 seconds
[2026-04-13T08:53:21.316+0000] {processor.py:161} INFO - Started process (PID=3515) to work on /opt/airflow/dags/dag_resource_management.py
[2026-04-13T08:53:21.325+0000] {processor.py:830} INFO - Processing file /opt/airflow/dags/dag_resource_management.py for tasks to queue
[2026-04-13T08:53:21.332+0000] {logging_mixin.py:188} INFO - [2026-04-13T08:53:21.332+0000] {dagbag.py:538} INFO - Filling up the DagBag from /opt/airflow/dags/dag_resource_management.py
[2026-04-13T08:53:21.381+0000] {processor.py:840} INFO - DAG(s) 'gestion_ressources_k8s' retrieved from /opt/airflow/dags/dag_resource_management.py
[2026-04-13T08:53:21.415+0000] {logging_mixin.py:188} INFO - [2026-04-13T08:53:21.415+0000] {dag.py:3036} INFO - Sync 1 DAGs
[2026-04-13T08:53:21.424+0000] {logging_mixin.py:188} INFO - [2026-04-13T08:53:21.424+0000] {dag.py:3823} INFO - Setting next_dagrun for gestion_ressources_k8s to None, run_after=None
[2026-04-13T08:53:21.437+0000] {processor.py:183} INFO - Processing /opt/airflow/dags/dag_resource_management.py took 0.126 seconds
[2026-04-13T08:53:51.927+0000] {processor.py:161} INFO - Started process (PID=3551) to work on /opt/airflow/dags/dag_resource_management.py
[2026-04-13T08:53:51.929+0000] {processor.py:830} INFO - Processing file /opt/airflow/dags/dag_resource_management.py for tasks to queue
[2026-04-13T08:53:51.930+0000] {logging_mixin.py:188} INFO - [2026-04-13T08:53:51.929+0000] {dagbag.py:538} INFO - Filling up the DagBag from /opt/airflow/dags/dag_resource_management.py
[2026-04-13T08:53:51.942+0000] {processor.py:840} INFO - DAG(s) 'gestion_ressources_k8s' retrieved from /opt/airflow/dags/dag_resource_management.py
[2026-04-13T08:53:51.966+0000] {logging_mixin.py:188} INFO - [2026-04-13T08:53:51.966+0000] {dag.py:3036} INFO - Sync 1 DAGs
[2026-04-13T08:53:51.980+0000] {logging_mixin.py:188} INFO - [2026-04-13T08:53:51.980+0000] {dag.py:3823} INFO - Setting next_dagrun for gestion_ressources_k8s to None, run_after=None
[2026-04-13T08:53:51.998+0000] {processor.py:183} INFO - Processing /opt/airflow/dags/dag_resource_management.py took 0.077 seconds
[2026-04-13T08:54:22.521+0000] {processor.py:161} INFO - Started process (PID=3587) to work on /opt/airflow/dags/dag_resource_management.py
[2026-04-13T08:54:22.522+0000] {processor.py:830} INFO - Processing file /opt/airflow/dags/dag_resource_management.py for tasks to queue
[2026-04-13T08:54:22.523+0000] {logging_mixin.py:188} INFO - [2026-04-13T08:54:22.523+0000] {dagbag.py:538} INFO - Filling up the DagBag from /opt/airflow/dags/dag_resource_management.py
[2026-04-13T08:54:22.535+0000] {processor.py:840} INFO - DAG(s) 'gestion_ressources_k8s' retrieved from /opt/airflow/dags/dag_resource_management.py
[2026-04-13T08:54:22.561+0000] {logging_mixin.py:188} INFO - [2026-04-13T08:54:22.561+0000] {dag.py:3036} INFO - Sync 1 DAGs
[2026-04-13T08:54:22.573+0000] {logging_mixin.py:188} INFO - [2026-04-13T08:54:22.573+0000] {dag.py:3823} INFO - Setting next_dagrun for gestion_ressources_k8s to None, run_after=None
[2026-04-13T08:54:22.589+0000] {processor.py:183} INFO - Processing /opt/airflow/dags/dag_resource_management.py took 0.073 seconds
[2026-04-13T08:54:53.446+0000] {processor.py:161} INFO - Started process (PID=3623) to work on /opt/airflow/dags/dag_resource_management.py
[2026-04-13T08:54:53.448+0000] {processor.py:830} INFO - Processing file /opt/airflow/dags/dag_resource_management.py for tasks to queue
[2026-04-13T08:54:53.450+0000] {logging_mixin.py:188} INFO - [2026-04-13T08:54:53.450+0000] {dagbag.py:538} INFO - Filling up the DagBag from /opt/airflow/dags/dag_resource_management.py
[2026-04-13T08:54:53.484+0000] {processor.py:840} INFO - DAG(s) 'gestion_ressources_k8s' retrieved from /opt/airflow/dags/dag_resource_management.py
[2026-04-13T08:54:53.520+0000] {logging_mixin.py:188} INFO - [2026-04-13T08:54:53.520+0000] {dag.py:3036} INFO - Sync 1 DAGs
[2026-04-13T08:54:53.533+0000] {logging_mixin.py:188} INFO - [2026-04-13T08:54:53.532+0000] {dag.py:3823} INFO - Setting next_dagrun for gestion_ressources_k8s to None, run_after=None
[2026-04-13T08:54:53.556+0000] {processor.py:183} INFO - Processing /opt/airflow/dags/dag_resource_management.py took 0.122 seconds
[2026-04-13T08:55:24.302+0000] {processor.py:161} INFO - Started process (PID=3659) to work on /opt/airflow/dags/dag_resource_management.py
[2026-04-13T08:55:24.304+0000] {processor.py:830} INFO - Processing file /opt/airflow/dags/dag_resource_management.py for tasks to queue
[2026-04-13T08:55:24.305+0000] {logging_mixin.py:188} INFO - [2026-04-13T08:55:24.305+0000] {dagbag.py:538} INFO - Filling up the DagBag from /opt/airflow/dags/dag_resource_management.py
[2026-04-13T08:55:24.328+0000] {processor.py:840} INFO - DAG(s) 'gestion_ressources_k8s' retrieved from /opt/airflow/dags/dag_resource_management.py
[2026-04-13T08:55:24.376+0000] {logging_mixin.py:188} INFO - [2026-04-13T08:55:24.376+0000] {dag.py:3036} INFO - Sync 1 DAGs
[2026-04-13T08:55:24.389+0000] {logging_mixin.py:188} INFO - [2026-04-13T08:55:24.389+0000] {dag.py:3823} INFO - Setting next_dagrun for gestion_ressources_k8s to None, run_after=None
[2026-04-13T08:55:24.406+0000] {processor.py:183} INFO - Processing /opt/airflow/dags/dag_resource_management.py took 0.112 seconds
[2026-04-13T08:55:54.985+0000] {processor.py:161} INFO - Started process (PID=3689) to work on /opt/airflow/dags/dag_resource_management.py
[2026-04-13T08:55:54.986+0000] {processor.py:830} INFO - Processing file /opt/airflow/dags/dag_resource_management.py for tasks to queue
[2026-04-13T08:55:54.987+0000] {logging_mixin.py:188} INFO - [2026-04-13T08:55:54.986+0000] {dagbag.py:538} INFO - Filling up the DagBag from /opt/airflow/dags/dag_resource_management.py
[2026-04-13T08:55:54.999+0000] {processor.py:840} INFO - DAG(s) 'gestion_ressources_k8s' retrieved from /opt/airflow/dags/dag_resource_management.py
[2026-04-13T08:55:55.042+0000] {logging_mixin.py:188} INFO - [2026-04-13T08:55:55.042+0000] {dag.py:3036} INFO - Sync 1 DAGs
[2026-04-13T08:55:55.051+0000] {logging_mixin.py:188} INFO - [2026-04-13T08:55:55.051+0000] {dag.py:3823} INFO - Setting next_dagrun for gestion_ressources_k8s to None, run_after=None
[2026-04-13T08:55:55.065+0000] {processor.py:183} INFO - Processing /opt/airflow/dags/dag_resource_management.py took 0.083 seconds
[2026-04-13T08:56:25.488+0000] {processor.py:161} INFO - Started process (PID=3725) to work on /opt/airflow/dags/dag_resource_management.py
[2026-04-13T08:56:25.490+0000] {processor.py:830} INFO - Processing file /opt/airflow/dags/dag_resource_management.py for tasks to queue
[2026-04-13T08:56:25.491+0000] {logging_mixin.py:188} INFO - [2026-04-13T08:56:25.490+0000] {dagbag.py:538} INFO - Filling up the DagBag from /opt/airflow/dags/dag_resource_management.py
[2026-04-13T08:56:25.503+0000] {processor.py:840} INFO - DAG(s) 'gestion_ressources_k8s' retrieved from /opt/airflow/dags/dag_resource_management.py
[2026-04-13T08:56:25.529+0000] {logging_mixin.py:188} INFO - [2026-04-13T08:56:25.529+0000] {dag.py:3036} INFO - Sync 1 DAGs
[2026-04-13T08:56:25.538+0000] {logging_mixin.py:188} INFO - [2026-04-13T08:56:25.538+0000] {dag.py:3823} INFO - Setting next_dagrun for gestion_ressources_k8s to None, run_after=None
[2026-04-13T08:56:25.550+0000] {processor.py:183} INFO - Processing /opt/airflow/dags/dag_resource_management.py took 0.066 seconds
[2026-04-13T08:56:56.006+0000] {processor.py:161} INFO - Started process (PID=3760) to work on /opt/airflow/dags/dag_resource_management.py
[2026-04-13T08:56:56.007+0000] {processor.py:830} INFO - Processing file /opt/airflow/dags/dag_resource_management.py for tasks to queue
[2026-04-13T08:56:56.008+0000] {logging_mixin.py:188} INFO - [2026-04-13T08:56:56.008+0000] {dagbag.py:538} INFO - Filling up the DagBag from /opt/airflow/dags/dag_resource_management.py
[2026-04-13T08:56:56.020+0000] {processor.py:840} INFO - DAG(s) 'gestion_ressources_k8s' retrieved from /opt/airflow/dags/dag_resource_management.py
[2026-04-13T08:56:56.050+0000] {logging_mixin.py:188} INFO - [2026-04-13T08:56:56.049+0000] {dag.py:3036} INFO - Sync 1 DAGs
[2026-04-13T08:56:56.059+0000] {logging_mixin.py:188} INFO - [2026-04-13T08:56:56.059+0000] {dag.py:3823} INFO - Setting next_dagrun for gestion_ressources_k8s to None, run_after=None
[2026-04-13T08:56:56.075+0000] {processor.py:183} INFO - Processing /opt/airflow/dags/dag_resource_management.py took 0.073 seconds
[2026-04-13T08:57:26.581+0000] {processor.py:161} INFO - Started process (PID=3796) to work on /opt/airflow/dags/dag_resource_management.py
[2026-04-13T08:57:26.582+0000] {processor.py:830} INFO - Processing file /opt/airflow/dags/dag_resource_management.py for tasks to queue
[2026-04-13T08:57:26.583+0000] {logging_mixin.py:188} INFO - [2026-04-13T08:57:26.583+0000] {dagbag.py:538} INFO - Filling up the DagBag from /opt/airflow/dags/dag_resource_management.py
[2026-04-13T08:57:26.600+0000] {processor.py:840} INFO - DAG(s) 'gestion_ressources_k8s' retrieved from /opt/airflow/dags/dag_resource_management.py
[2026-04-13T08:57:26.625+0000] {logging_mixin.py:188} INFO - [2026-04-13T08:57:26.625+0000] {dag.py:3036} INFO - Sync 1 DAGs
[2026-04-13T08:57:26.634+0000] {logging_mixin.py:188} INFO - [2026-04-13T08:57:26.634+0000] {dag.py:3823} INFO - Setting next_dagrun for gestion_ressources_k8s to None, run_after=None
[2026-04-13T08:57:26.646+0000] {processor.py:183} INFO - Processing /opt/airflow/dags/dag_resource_management.py took 0.069 seconds
[2026-04-13T08:57:57.181+0000] {processor.py:161} INFO - Started process (PID=3832) to work on /opt/airflow/dags/dag_resource_management.py
[2026-04-13T08:57:57.184+0000] {processor.py:830} INFO - Processing file /opt/airflow/dags/dag_resource_management.py for tasks to queue
[2026-04-13T08:57:57.185+0000] {logging_mixin.py:188} INFO - [2026-04-13T08:57:57.184+0000] {dagbag.py:538} INFO - Filling up the DagBag from /opt/airflow/dags/dag_resource_management.py
[2026-04-13T08:57:57.206+0000] {processor.py:840} INFO - DAG(s) 'gestion_ressources_k8s' retrieved from /opt/airflow/dags/dag_resource_management.py
[2026-04-13T08:57:57.229+0000] {logging_mixin.py:188} INFO - [2026-04-13T08:57:57.229+0000] {dag.py:3036} INFO - Sync 1 DAGs
[2026-04-13T08:57:57.238+0000] {logging_mixin.py:188} INFO - [2026-04-13T08:57:57.238+0000] {dag.py:3823} INFO - Setting next_dagrun for gestion_ressources_k8s to None, run_after=None
[2026-04-13T08:57:57.250+0000] {processor.py:183} INFO - Processing /opt/airflow/dags/dag_resource_management.py took 0.073 seconds
[2026-04-13T08:58:27.705+0000] {processor.py:161} INFO - Started process (PID=3868) to work on /opt/airflow/dags/dag_resource_management.py
[2026-04-13T08:58:27.706+0000] {processor.py:830} INFO - Processing file /opt/airflow/dags/dag_resource_management.py for tasks to queue
[2026-04-13T08:58:27.706+0000] {logging_mixin.py:188} INFO - [2026-04-13T08:58:27.706+0000] {dagbag.py:538} INFO - Filling up the DagBag from /opt/airflow/dags/dag_resource_management.py
[2026-04-13T08:58:27.720+0000] {processor.py:840} INFO - DAG(s) 'gestion_ressources_k8s' retrieved from /opt/airflow/dags/dag_resource_management.py
[2026-04-13T08:58:27.748+0000] {logging_mixin.py:188} INFO - [2026-04-13T08:58:27.748+0000] {dag.py:3036} INFO - Sync 1 DAGs
[2026-04-13T08:58:27.757+0000] {logging_mixin.py:188} INFO - [2026-04-13T08:58:27.757+0000] {dag.py:3823} INFO - Setting next_dagrun for gestion_ressources_k8s to None, run_after=None
[2026-04-13T08:58:27.772+0000] {processor.py:183} INFO - Processing /opt/airflow/dags/dag_resource_management.py took 0.072 seconds
[2026-04-13T08:58:58.263+0000] {processor.py:161} INFO - Started process (PID=3904) to work on /opt/airflow/dags/dag_resource_management.py
[2026-04-13T08:58:58.264+0000] {processor.py:830} INFO - Processing file /opt/airflow/dags/dag_resource_management.py for tasks to queue
[2026-04-13T08:58:58.265+0000] {logging_mixin.py:188} INFO - [2026-04-13T08:58:58.265+0000] {dagbag.py:538} INFO - Filling up the DagBag from /opt/airflow/dags/dag_resource_management.py
[2026-04-13T08:58:58.278+0000] {processor.py:840} INFO - DAG(s) 'gestion_ressources_k8s' retrieved from /opt/airflow/dags/dag_resource_management.py
[2026-04-13T08:58:58.302+0000] {logging_mixin.py:188} INFO - [2026-04-13T08:58:58.302+0000] {dag.py:3036} INFO - Sync 1 DAGs
[2026-04-13T08:58:58.311+0000] {logging_mixin.py:188} INFO - [2026-04-13T08:58:58.311+0000] {dag.py:3823} INFO - Setting next_dagrun for gestion_ressources_k8s to None, run_after=None
[2026-04-13T08:58:58.328+0000] {processor.py:183} INFO - Processing /opt/airflow/dags/dag_resource_management.py took 0.069 seconds
[2026-04-13T08:59:28.825+0000] {processor.py:161} INFO - Started process (PID=3940) to work on /opt/airflow/dags/dag_resource_management.py
[2026-04-13T08:59:28.826+0000] {processor.py:830} INFO - Processing file /opt/airflow/dags/dag_resource_management.py for tasks to queue
[2026-04-13T08:59:28.827+0000] {logging_mixin.py:188} INFO - [2026-04-13T08:59:28.827+0000] {dagbag.py:538} INFO - Filling up the DagBag from /opt/airflow/dags/dag_resource_management.py
[2026-04-13T08:59:28.839+0000] {processor.py:840} INFO - DAG(s) 'gestion_ressources_k8s' retrieved from /opt/airflow/dags/dag_resource_management.py
[2026-04-13T08:59:28.869+0000] {logging_mixin.py:188} INFO - [2026-04-13T08:59:28.869+0000] {dag.py:3036} INFO - Sync 1 DAGs
[2026-04-13T08:59:28.882+0000] {logging_mixin.py:188} INFO - [2026-04-13T08:59:28.882+0000] {dag.py:3823} INFO - Setting next_dagrun for gestion_ressources_k8s to None, run_after=None
[2026-04-13T08:59:28.899+0000] {processor.py:183} INFO - Processing /opt/airflow/dags/dag_resource_management.py took 0.078 seconds
[2026-04-13T08:59:59.391+0000] {processor.py:161} INFO - Started process (PID=3976) to work on /opt/airflow/dags/dag_resource_management.py
[2026-04-13T08:59:59.392+0000] {processor.py:830} INFO - Processing file /opt/airflow/dags/dag_resource_management.py for tasks to queue
[2026-04-13T08:59:59.393+0000] {logging_mixin.py:188} INFO - [2026-04-13T08:59:59.392+0000] {dagbag.py:538} INFO - Filling up the DagBag from /opt/airflow/dags/dag_resource_management.py
[2026-04-13T08:59:59.404+0000] {processor.py:840} INFO - DAG(s) 'gestion_ressources_k8s' retrieved from /opt/airflow/dags/dag_resource_management.py
[2026-04-13T08:59:59.424+0000] {logging_mixin.py:188} INFO - [2026-04-13T08:59:59.424+0000] {dag.py:3036} INFO - Sync 1 DAGs
[2026-04-13T08:59:59.433+0000] {logging_mixin.py:188} INFO - [2026-04-13T08:59:59.433+0000] {dag.py:3823} INFO - Setting next_dagrun for gestion_ressources_k8s to None, run_after=None
[2026-04-13T08:59:59.447+0000] {processor.py:183} INFO - Processing /opt/airflow/dags/dag_resource_management.py took 0.061 seconds
[2026-04-13T09:00:30.009+0000] {processor.py:161} INFO - Started process (PID=4012) to work on /opt/airflow/dags/dag_resource_management.py
[2026-04-13T09:00:30.010+0000] {processor.py:830} INFO - Processing file /opt/airflow/dags/dag_resource_management.py for tasks to queue
[2026-04-13T09:00:30.011+0000] {logging_mixin.py:188} INFO - [2026-04-13T09:00:30.010+0000] {dagbag.py:538} INFO - Filling up the DagBag from /opt/airflow/dags/dag_resource_management.py
[2026-04-13T09:00:30.023+0000] {processor.py:840} INFO - DAG(s) 'gestion_ressources_k8s' retrieved from /opt/airflow/dags/dag_resource_management.py
[2026-04-13T09:00:30.046+0000] {logging_mixin.py:188} INFO - [2026-04-13T09:00:30.046+0000] {dag.py:3036} INFO - Sync 1 DAGs
[2026-04-13T09:00:30.055+0000] {logging_mixin.py:188} INFO - [2026-04-13T09:00:30.055+0000] {dag.py:3823} INFO - Setting next_dagrun for gestion_ressources_k8s to None, run_after=None
[2026-04-13T09:00:30.068+0000] {processor.py:183} INFO - Processing /opt/airflow/dags/dag_resource_management.py took 0.063 seconds
[2026-04-13T09:01:00.609+0000] {processor.py:161} INFO - Started process (PID=4048) to work on /opt/airflow/dags/dag_resource_management.py
[2026-04-13T09:01:00.611+0000] {processor.py:830} INFO - Processing file /opt/airflow/dags/dag_resource_management.py for tasks to queue
[2026-04-13T09:01:00.613+0000] {logging_mixin.py:188} INFO - [2026-04-13T09:01:00.613+0000] {dagbag.py:538} INFO - Filling up the DagBag from /opt/airflow/dags/dag_resource_management.py
[2026-04-13T09:01:00.625+0000] {processor.py:840} INFO - DAG(s) 'gestion_ressources_k8s' retrieved from /opt/airflow/dags/dag_resource_management.py
[2026-04-13T09:01:00.644+0000] {logging_mixin.py:188} INFO - [2026-04-13T09:01:00.644+0000] {dag.py:3036} INFO - Sync 1 DAGs
[2026-04-13T09:01:00.653+0000] {logging_mixin.py:188} INFO - [2026-04-13T09:01:00.652+0000] {dag.py:3823} INFO - Setting next_dagrun for gestion_ressources_k8s to None, run_after=None
[2026-04-13T09:01:00.666+0000] {processor.py:183} INFO - Processing /opt/airflow/dags/dag_resource_management.py took 0.061 seconds
[2026-04-13T09:01:31.187+0000] {processor.py:161} INFO - Started process (PID=4084) to work on /opt/airflow/dags/dag_resource_management.py
[2026-04-13T09:01:31.188+0000] {processor.py:830} INFO - Processing file /opt/airflow/dags/dag_resource_management.py for tasks to queue
[2026-04-13T09:01:31.189+0000] {logging_mixin.py:188} INFO - [2026-04-13T09:01:31.189+0000] {dagbag.py:538} INFO - Filling up the DagBag from /opt/airflow/dags/dag_resource_management.py
[2026-04-13T09:01:31.202+0000] {processor.py:840} INFO - DAG(s) 'gestion_ressources_k8s' retrieved from /opt/airflow/dags/dag_resource_management.py
[2026-04-13T09:01:31.228+0000] {logging_mixin.py:188} INFO - [2026-04-13T09:01:31.228+0000] {dag.py:3036} INFO - Sync 1 DAGs
[2026-04-13T09:01:31.237+0000] {logging_mixin.py:188} INFO - [2026-04-13T09:01:31.237+0000] {dag.py:3823} INFO - Setting next_dagrun for gestion_ressources_k8s to None, run_after=None
[2026-04-13T09:01:31.250+0000] {processor.py:183} INFO - Processing /opt/airflow/dags/dag_resource_management.py took 0.066 seconds
[2026-04-13T09:02:01.726+0000] {processor.py:161} INFO - Started process (PID=4120) to work on /opt/airflow/dags/dag_resource_management.py
[2026-04-13T09:02:01.727+0000] {processor.py:830} INFO - Processing file /opt/airflow/dags/dag_resource_management.py for tasks to queue
[2026-04-13T09:02:01.728+0000] {logging_mixin.py:188} INFO - [2026-04-13T09:02:01.728+0000] {dagbag.py:538} INFO - Filling up the DagBag from /opt/airflow/dags/dag_resource_management.py
[2026-04-13T09:02:01.739+0000] {processor.py:840} INFO - DAG(s) 'gestion_ressources_k8s' retrieved from /opt/airflow/dags/dag_resource_management.py
[2026-04-13T09:02:01.767+0000] {logging_mixin.py:188} INFO - [2026-04-13T09:02:01.766+0000] {dag.py:3036} INFO - Sync 1 DAGs
[2026-04-13T09:02:01.779+0000] {logging_mixin.py:188} INFO - [2026-04-13T09:02:01.779+0000] {dag.py:3823} INFO - Setting next_dagrun for gestion_ressources_k8s to None, run_after=None
[2026-04-13T09:02:01.793+0000] {processor.py:183} INFO - Processing /opt/airflow/dags/dag_resource_management.py took 0.071 seconds
[2026-04-13T09:02:32.283+0000] {processor.py:161} INFO - Started process (PID=4156) to work on /opt/airflow/dags/dag_resource_management.py
[2026-04-13T09:02:32.284+0000] {processor.py:830} INFO - Processing file /opt/airflow/dags/dag_resource_management.py for tasks to queue
[2026-04-13T09:02:32.284+0000] {logging_mixin.py:188} INFO - [2026-04-13T09:02:32.284+0000] {dagbag.py:538} INFO - Filling up the DagBag from /opt/airflow/dags/dag_resource_management.py
[2026-04-13T09:02:32.297+0000] {processor.py:840} INFO - DAG(s) 'gestion_ressources_k8s' retrieved from /opt/airflow/dags/dag_resource_management.py
[2026-04-13T09:02:32.317+0000] {logging_mixin.py:188} INFO - [2026-04-13T09:02:32.317+0000] {dag.py:3036} INFO - Sync 1 DAGs
[2026-04-13T09:02:32.326+0000] {logging_mixin.py:188} INFO - [2026-04-13T09:02:32.326+0000] {dag.py:3823} INFO - Setting next_dagrun for gestion_ressources_k8s to None, run_after=None
[2026-04-13T09:02:32.339+0000] {processor.py:183} INFO - Processing /opt/airflow/dags/dag_resource_management.py took 0.060 seconds
[2026-04-13T09:03:02.868+0000] {processor.py:161} INFO - Started process (PID=4192) to work on /opt/airflow/dags/dag_resource_management.py
[2026-04-13T09:03:02.872+0000] {processor.py:830} INFO - Processing file /opt/airflow/dags/dag_resource_management.py for tasks to queue
[2026-04-13T09:03:02.872+0000] {logging_mixin.py:188} INFO - [2026-04-13T09:03:02.872+0000] {dagbag.py:538} INFO - Filling up the DagBag from /opt/airflow/dags/dag_resource_management.py
[2026-04-13T09:03:02.901+0000] {processor.py:840} INFO - DAG(s) 'gestion_ressources_k8s' retrieved from /opt/airflow/dags/dag_resource_management.py
[2026-04-13T09:03:02.948+0000] {logging_mixin.py:188} INFO - [2026-04-13T09:03:02.948+0000] {dag.py:3036} INFO - Sync 1 DAGs
[2026-04-13T09:03:02.958+0000] {logging_mixin.py:188} INFO - [2026-04-13T09:03:02.958+0000] {dag.py:3823} INFO - Setting next_dagrun for gestion_ressources_k8s to None, run_after=None
[2026-04-13T09:03:02.973+0000] {processor.py:183} INFO - Processing /opt/airflow/dags/dag_resource_management.py took 0.110 seconds
[2026-04-13T09:03:33.460+0000] {processor.py:161} INFO - Started process (PID=4228) to work on /opt/airflow/dags/dag_resource_management.py
[2026-04-13T09:03:33.464+0000] {processor.py:830} INFO - Processing file /opt/airflow/dags/dag_resource_management.py for tasks to queue
[2026-04-13T09:03:33.466+0000] {logging_mixin.py:188} INFO - [2026-04-13T09:03:33.466+0000] {dagbag.py:538} INFO - Filling up the DagBag from /opt/airflow/dags/dag_resource_management.py
[2026-04-13T09:03:33.488+0000] {processor.py:840} INFO - DAG(s) 'gestion_ressources_k8s' retrieved from /opt/airflow/dags/dag_resource_management.py
[2026-04-13T09:03:33.518+0000] {logging_mixin.py:188} INFO - [2026-04-13T09:03:33.518+0000] {dag.py:3036} INFO - Sync 1 DAGs
[2026-04-13T09:03:33.527+0000] {logging_mixin.py:188} INFO - [2026-04-13T09:03:33.527+0000] {dag.py:3823} INFO - Setting next_dagrun for gestion_ressources_k8s to None, run_after=None
[2026-04-13T09:03:33.540+0000] {processor.py:183} INFO - Processing /opt/airflow/dags/dag_resource_management.py took 0.090 seconds
[2026-04-13T09:04:04.192+0000] {processor.py:161} INFO - Started process (PID=4266) to work on /opt/airflow/dags/dag_resource_management.py
[2026-04-13T09:04:04.193+0000] {processor.py:830} INFO - Processing file /opt/airflow/dags/dag_resource_management.py for tasks to queue
[2026-04-13T09:04:04.194+0000] {logging_mixin.py:188} INFO - [2026-04-13T09:04:04.193+0000] {dagbag.py:538} INFO - Filling up the DagBag from /opt/airflow/dags/dag_resource_management.py
[2026-04-13T09:04:04.204+0000] {processor.py:840} INFO - DAG(s) 'gestion_ressources_k8s' retrieved from /opt/airflow/dags/dag_resource_management.py
[2026-04-13T09:04:04.225+0000] {logging_mixin.py:188} INFO - [2026-04-13T09:04:04.224+0000] {dag.py:3036} INFO - Sync 1 DAGs
[2026-04-13T09:04:04.234+0000] {logging_mixin.py:188} INFO - [2026-04-13T09:04:04.234+0000] {dag.py:3823} INFO - Setting next_dagrun for gestion_ressources_k8s to None, run_after=None
[2026-04-13T09:04:04.248+0000] {processor.py:183} INFO - Processing /opt/airflow/dags/dag_resource_management.py took 0.059 seconds
[2026-04-13T09:04:34.898+0000] {processor.py:161} INFO - Started process (PID=4302) to work on /opt/airflow/dags/dag_resource_management.py
[2026-04-13T09:04:34.898+0000] {processor.py:830} INFO - Processing file /opt/airflow/dags/dag_resource_management.py for tasks to queue
[2026-04-13T09:04:34.899+0000] {logging_mixin.py:188} INFO - [2026-04-13T09:04:34.899+0000] {dagbag.py:538} INFO - Filling up the DagBag from /opt/airflow/dags/dag_resource_management.py
[2026-04-13T09:04:34.908+0000] {processor.py:840} INFO - DAG(s) 'gestion_ressources_k8s' retrieved from /opt/airflow/dags/dag_resource_management.py
[2026-04-13T09:04:34.931+0000] {logging_mixin.py:188} INFO - [2026-04-13T09:04:34.931+0000] {dag.py:3036} INFO - Sync 1 DAGs
[2026-04-13T09:04:34.941+0000] {logging_mixin.py:188} INFO - [2026-04-13T09:04:34.940+0000] {dag.py:3823} INFO - Setting next_dagrun for gestion_ressources_k8s to None, run_after=None
[2026-04-13T09:04:34.955+0000] {processor.py:183} INFO - Processing /opt/airflow/dags/dag_resource_management.py took 0.060 seconds
[2026-04-13T09:05:05.551+0000] {processor.py:161} INFO - Started process (PID=4338) to work on /opt/airflow/dags/dag_resource_management.py
[2026-04-13T09:05:05.551+0000] {processor.py:830} INFO - Processing file /opt/airflow/dags/dag_resource_management.py for tasks to queue
[2026-04-13T09:05:05.552+0000] {logging_mixin.py:188} INFO - [2026-04-13T09:05:05.552+0000] {dagbag.py:538} INFO - Filling up the DagBag from /opt/airflow/dags/dag_resource_management.py
[2026-04-13T09:05:05.561+0000] {processor.py:840} INFO - DAG(s) 'gestion_ressources_k8s' retrieved from /opt/airflow/dags/dag_resource_management.py
[2026-04-13T09:05:05.585+0000] {logging_mixin.py:188} INFO - [2026-04-13T09:05:05.585+0000] {dag.py:3036} INFO - Sync 1 DAGs
[2026-04-13T09:05:05.594+0000] {logging_mixin.py:188} INFO - [2026-04-13T09:05:05.594+0000] {dag.py:3823} INFO - Setting next_dagrun for gestion_ressources_k8s to None, run_after=None
[2026-04-13T09:05:05.608+0000] {processor.py:183} INFO - Processing /opt/airflow/dags/dag_resource_management.py took 0.060 seconds
[2026-04-13T09:05:36.560+0000] {processor.py:161} INFO - Started process (PID=4372) to work on /opt/airflow/dags/dag_resource_management.py
[2026-04-13T09:05:36.563+0000] {processor.py:830} INFO - Processing file /opt/airflow/dags/dag_resource_management.py for tasks to queue
[2026-04-13T09:05:36.564+0000] {logging_mixin.py:188} INFO - [2026-04-13T09:05:36.564+0000] {dagbag.py:538} INFO - Filling up the DagBag from /opt/airflow/dags/dag_resource_management.py
[2026-04-13T09:05:36.584+0000] {processor.py:840} INFO - DAG(s) 'gestion_ressources_k8s' retrieved from /opt/airflow/dags/dag_resource_management.py
[2026-04-13T09:05:36.628+0000] {logging_mixin.py:188} INFO - [2026-04-13T09:05:36.627+0000] {dag.py:3036} INFO - Sync 1 DAGs
[2026-04-13T09:05:36.658+0000] {logging_mixin.py:188} INFO - [2026-04-13T09:05:36.658+0000] {dag.py:3823} INFO - Setting next_dagrun for gestion_ressources_k8s to None, run_after=None
[2026-04-13T09:05:36.736+0000] {processor.py:183} INFO - Processing /opt/airflow/dags/dag_resource_management.py took 0.183 seconds
[2026-04-13T09:06:07.272+0000] {processor.py:161} INFO - Started process (PID=4404) to work on /opt/airflow/dags/dag_resource_management.py
[2026-04-13T09:06:07.273+0000] {processor.py:830} INFO - Processing file /opt/airflow/dags/dag_resource_management.py for tasks to queue
[2026-04-13T09:06:07.274+0000] {logging_mixin.py:188} INFO - [2026-04-13T09:06:07.274+0000] {dagbag.py:538} INFO - Filling up the DagBag from /opt/airflow/dags/dag_resource_management.py
[2026-04-13T09:06:07.286+0000] {processor.py:840} INFO - DAG(s) 'gestion_ressources_k8s' retrieved from /opt/airflow/dags/dag_resource_management.py
[2026-04-13T09:06:07.324+0000] {logging_mixin.py:188} INFO - [2026-04-13T09:06:07.324+0000] {dag.py:3036} INFO - Sync 1 DAGs
[2026-04-13T09:06:07.338+0000] {logging_mixin.py:188} INFO - [2026-04-13T09:06:07.338+0000] {dag.py:3823} INFO - Setting next_dagrun for gestion_ressources_k8s to None, run_after=None
[2026-04-13T09:06:07.357+0000] {processor.py:183} INFO - Processing /opt/airflow/dags/dag_resource_management.py took 0.088 seconds
[2026-04-13T09:06:38.050+0000] {processor.py:161} INFO - Started process (PID=4438) to work on /opt/airflow/dags/dag_resource_management.py
[2026-04-13T09:06:38.051+0000] {processor.py:830} INFO - Processing file /opt/airflow/dags/dag_resource_management.py for tasks to queue
[2026-04-13T09:06:38.052+0000] {logging_mixin.py:188} INFO - [2026-04-13T09:06:38.051+0000] {dagbag.py:538} INFO - Filling up the DagBag from /opt/airflow/dags/dag_resource_management.py
[2026-04-13T09:06:38.063+0000] {processor.py:840} INFO - DAG(s) 'gestion_ressources_k8s' retrieved from /opt/airflow/dags/dag_resource_management.py
[2026-04-13T09:06:38.090+0000] {logging_mixin.py:188} INFO - [2026-04-13T09:06:38.090+0000] {dag.py:3036} INFO - Sync 1 DAGs
[2026-04-13T09:06:38.100+0000] {logging_mixin.py:188} INFO - [2026-04-13T09:06:38.100+0000] {dag.py:3823} INFO - Setting next_dagrun for gestion_ressources_k8s to None, run_after=None
[2026-04-13T09:06:38.112+0000] {processor.py:183} INFO - Processing /opt/airflow/dags/dag_resource_management.py took 0.067 seconds
