[2026-04-09T08:04:50.191+0000] {processor.py:161} INFO - Started process (PID=101) to work on /home/airflow/.local/lib/python3.8/site-packages/airflow/example_dags/example_sla_dag.py
[2026-04-09T08:04:50.191+0000] {processor.py:830} INFO - Processing file /home/airflow/.local/lib/python3.8/site-packages/airflow/example_dags/example_sla_dag.py for tasks to queue
[2026-04-09T08:04:50.194+0000] {logging_mixin.py:188} INFO - [2026-04-09T08:04:50.193+0000] {dagbag.py:538} INFO - Filling up the DagBag from /home/airflow/.local/lib/python3.8/site-packages/airflow/example_dags/example_sla_dag.py
[2026-04-09T08:04:50.203+0000] {processor.py:840} INFO - DAG(s) 'example_sla_dag' retrieved from /home/airflow/.local/lib/python3.8/site-packages/airflow/example_dags/example_sla_dag.py
[2026-04-09T08:04:50.249+0000] {logging_mixin.py:188} INFO - [2026-04-09T08:04:50.249+0000] {dag.py:3033} INFO - Sync 1 DAGs
[2026-04-09T08:04:50.319+0000] {logging_mixin.py:188} INFO - [2026-04-09T08:04:50.318+0000] {dag.py:3820} INFO - Setting next_dagrun for example_sla_dag to 2026-04-09T08:02:00+00:00, run_after=2026-04-09T08:04:00+00:00
[2026-04-09T08:04:50.361+0000] {processor.py:183} INFO - Processing /home/airflow/.local/lib/python3.8/site-packages/airflow/example_dags/example_sla_dag.py took 0.174 seconds
[2026-04-09T08:05:24.087+0000] {processor.py:161} INFO - Started process (PID=162) to work on /home/airflow/.local/lib/python3.8/site-packages/airflow/example_dags/example_sla_dag.py
[2026-04-09T08:05:24.088+0000] {processor.py:830} INFO - Processing file /home/airflow/.local/lib/python3.8/site-packages/airflow/example_dags/example_sla_dag.py for tasks to queue
[2026-04-09T08:05:24.092+0000] {logging_mixin.py:188} INFO - [2026-04-09T08:05:24.092+0000] {dagbag.py:538} INFO - Filling up the DagBag from /home/airflow/.local/lib/python3.8/site-packages/airflow/example_dags/example_sla_dag.py
[2026-04-09T08:05:24.104+0000] {processor.py:840} INFO - DAG(s) 'example_sla_dag' retrieved from /home/airflow/.local/lib/python3.8/site-packages/airflow/example_dags/example_sla_dag.py
[2026-04-09T08:05:24.140+0000] {logging_mixin.py:188} INFO - [2026-04-09T08:05:24.140+0000] {dag.py:3033} INFO - Sync 1 DAGs
[2026-04-09T08:05:24.180+0000] {logging_mixin.py:188} INFO - [2026-04-09T08:05:24.180+0000] {dag.py:3820} INFO - Setting next_dagrun for example_sla_dag to 2026-04-09T08:02:00+00:00, run_after=2026-04-09T08:04:00+00:00
[2026-04-09T08:05:24.214+0000] {processor.py:183} INFO - Processing /home/airflow/.local/lib/python3.8/site-packages/airflow/example_dags/example_sla_dag.py took 0.133 seconds
[2026-04-09T08:05:57.016+0000] {processor.py:161} INFO - Started process (PID=222) to work on /home/airflow/.local/lib/python3.8/site-packages/airflow/example_dags/example_sla_dag.py
[2026-04-09T08:05:57.017+0000] {processor.py:830} INFO - Processing file /home/airflow/.local/lib/python3.8/site-packages/airflow/example_dags/example_sla_dag.py for tasks to queue
[2026-04-09T08:05:57.020+0000] {logging_mixin.py:188} INFO - [2026-04-09T08:05:57.020+0000] {dagbag.py:538} INFO - Filling up the DagBag from /home/airflow/.local/lib/python3.8/site-packages/airflow/example_dags/example_sla_dag.py
[2026-04-09T08:05:57.030+0000] {processor.py:840} INFO - DAG(s) 'example_sla_dag' retrieved from /home/airflow/.local/lib/python3.8/site-packages/airflow/example_dags/example_sla_dag.py
[2026-04-09T08:05:57.054+0000] {logging_mixin.py:188} INFO - [2026-04-09T08:05:57.054+0000] {dag.py:3033} INFO - Sync 1 DAGs
[2026-04-09T08:05:57.125+0000] {logging_mixin.py:188} INFO - [2026-04-09T08:05:57.125+0000] {dag.py:3820} INFO - Setting next_dagrun for example_sla_dag to 2026-04-09T08:02:00+00:00, run_after=2026-04-09T08:04:00+00:00
[2026-04-09T08:05:57.162+0000] {processor.py:183} INFO - Processing /home/airflow/.local/lib/python3.8/site-packages/airflow/example_dags/example_sla_dag.py took 0.151 seconds
[2026-04-09T08:06:27.561+0000] {processor.py:161} INFO - Started process (PID=283) to work on /home/airflow/.local/lib/python3.8/site-packages/airflow/example_dags/example_sla_dag.py
[2026-04-09T08:06:27.566+0000] {processor.py:830} INFO - Processing file /home/airflow/.local/lib/python3.8/site-packages/airflow/example_dags/example_sla_dag.py for tasks to queue
[2026-04-09T08:06:27.574+0000] {logging_mixin.py:188} INFO - [2026-04-09T08:06:27.574+0000] {dagbag.py:538} INFO - Filling up the DagBag from /home/airflow/.local/lib/python3.8/site-packages/airflow/example_dags/example_sla_dag.py
[2026-04-09T08:06:27.604+0000] {processor.py:840} INFO - DAG(s) 'example_sla_dag' retrieved from /home/airflow/.local/lib/python3.8/site-packages/airflow/example_dags/example_sla_dag.py
[2026-04-09T08:06:27.633+0000] {logging_mixin.py:188} INFO - [2026-04-09T08:06:27.632+0000] {dag.py:3033} INFO - Sync 1 DAGs
[2026-04-09T08:06:27.686+0000] {logging_mixin.py:188} INFO - [2026-04-09T08:06:27.686+0000] {dag.py:3820} INFO - Setting next_dagrun for example_sla_dag to 2026-04-09T08:04:00+00:00, run_after=2026-04-09T08:06:00+00:00
[2026-04-09T08:06:27.705+0000] {processor.py:183} INFO - Processing /home/airflow/.local/lib/python3.8/site-packages/airflow/example_dags/example_sla_dag.py took 0.157 seconds
[2026-04-09T08:06:58.051+0000] {processor.py:161} INFO - Started process (PID=344) to work on /home/airflow/.local/lib/python3.8/site-packages/airflow/example_dags/example_sla_dag.py
[2026-04-09T08:06:58.052+0000] {processor.py:830} INFO - Processing file /home/airflow/.local/lib/python3.8/site-packages/airflow/example_dags/example_sla_dag.py for tasks to queue
[2026-04-09T08:06:58.054+0000] {logging_mixin.py:188} INFO - [2026-04-09T08:06:58.054+0000] {dagbag.py:538} INFO - Filling up the DagBag from /home/airflow/.local/lib/python3.8/site-packages/airflow/example_dags/example_sla_dag.py
[2026-04-09T08:06:58.063+0000] {processor.py:840} INFO - DAG(s) 'example_sla_dag' retrieved from /home/airflow/.local/lib/python3.8/site-packages/airflow/example_dags/example_sla_dag.py
[2026-04-09T08:06:58.087+0000] {logging_mixin.py:188} INFO - [2026-04-09T08:06:58.087+0000] {dag.py:3033} INFO - Sync 1 DAGs
[2026-04-09T08:06:58.123+0000] {logging_mixin.py:188} INFO - [2026-04-09T08:06:58.123+0000] {dag.py:3820} INFO - Setting next_dagrun for example_sla_dag to 2026-04-09T08:04:00+00:00, run_after=2026-04-09T08:06:00+00:00
[2026-04-09T08:06:58.148+0000] {processor.py:183} INFO - Processing /home/airflow/.local/lib/python3.8/site-packages/airflow/example_dags/example_sla_dag.py took 0.101 seconds
[2026-04-09T08:07:28.340+0000] {processor.py:161} INFO - Started process (PID=406) to work on /home/airflow/.local/lib/python3.8/site-packages/airflow/example_dags/example_sla_dag.py
[2026-04-09T08:07:28.341+0000] {processor.py:830} INFO - Processing file /home/airflow/.local/lib/python3.8/site-packages/airflow/example_dags/example_sla_dag.py for tasks to queue
[2026-04-09T08:07:28.343+0000] {logging_mixin.py:188} INFO - [2026-04-09T08:07:28.343+0000] {dagbag.py:538} INFO - Filling up the DagBag from /home/airflow/.local/lib/python3.8/site-packages/airflow/example_dags/example_sla_dag.py
[2026-04-09T08:07:28.352+0000] {processor.py:840} INFO - DAG(s) 'example_sla_dag' retrieved from /home/airflow/.local/lib/python3.8/site-packages/airflow/example_dags/example_sla_dag.py
[2026-04-09T08:07:28.372+0000] {logging_mixin.py:188} INFO - [2026-04-09T08:07:28.372+0000] {dag.py:3033} INFO - Sync 1 DAGs
[2026-04-09T08:07:28.398+0000] {logging_mixin.py:188} INFO - [2026-04-09T08:07:28.397+0000] {dag.py:3820} INFO - Setting next_dagrun for example_sla_dag to 2026-04-09T08:04:00+00:00, run_after=2026-04-09T08:06:00+00:00
[2026-04-09T08:07:28.436+0000] {processor.py:183} INFO - Processing /home/airflow/.local/lib/python3.8/site-packages/airflow/example_dags/example_sla_dag.py took 0.099 seconds
[2026-04-09T08:07:58.885+0000] {processor.py:161} INFO - Started process (PID=467) to work on /home/airflow/.local/lib/python3.8/site-packages/airflow/example_dags/example_sla_dag.py
[2026-04-09T08:07:58.886+0000] {processor.py:830} INFO - Processing file /home/airflow/.local/lib/python3.8/site-packages/airflow/example_dags/example_sla_dag.py for tasks to queue
[2026-04-09T08:07:58.889+0000] {logging_mixin.py:188} INFO - [2026-04-09T08:07:58.888+0000] {dagbag.py:538} INFO - Filling up the DagBag from /home/airflow/.local/lib/python3.8/site-packages/airflow/example_dags/example_sla_dag.py
[2026-04-09T08:07:58.898+0000] {processor.py:840} INFO - DAG(s) 'example_sla_dag' retrieved from /home/airflow/.local/lib/python3.8/site-packages/airflow/example_dags/example_sla_dag.py
[2026-04-09T08:07:58.918+0000] {logging_mixin.py:188} INFO - [2026-04-09T08:07:58.918+0000] {dag.py:3033} INFO - Sync 1 DAGs
[2026-04-09T08:07:58.946+0000] {logging_mixin.py:188} INFO - [2026-04-09T08:07:58.946+0000] {dag.py:3820} INFO - Setting next_dagrun for example_sla_dag to 2026-04-09T08:04:00+00:00, run_after=2026-04-09T08:06:00+00:00
[2026-04-09T08:07:58.965+0000] {processor.py:183} INFO - Processing /home/airflow/.local/lib/python3.8/site-packages/airflow/example_dags/example_sla_dag.py took 0.083 seconds
[2026-04-09T08:08:29.335+0000] {processor.py:161} INFO - Started process (PID=528) to work on /home/airflow/.local/lib/python3.8/site-packages/airflow/example_dags/example_sla_dag.py
[2026-04-09T08:08:29.336+0000] {processor.py:830} INFO - Processing file /home/airflow/.local/lib/python3.8/site-packages/airflow/example_dags/example_sla_dag.py for tasks to queue
[2026-04-09T08:08:29.338+0000] {logging_mixin.py:188} INFO - [2026-04-09T08:08:29.338+0000] {dagbag.py:538} INFO - Filling up the DagBag from /home/airflow/.local/lib/python3.8/site-packages/airflow/example_dags/example_sla_dag.py
[2026-04-09T08:08:29.346+0000] {processor.py:840} INFO - DAG(s) 'example_sla_dag' retrieved from /home/airflow/.local/lib/python3.8/site-packages/airflow/example_dags/example_sla_dag.py
[2026-04-09T08:08:29.367+0000] {logging_mixin.py:188} INFO - [2026-04-09T08:08:29.366+0000] {dag.py:3033} INFO - Sync 1 DAGs
[2026-04-09T08:08:29.394+0000] {logging_mixin.py:188} INFO - [2026-04-09T08:08:29.394+0000] {dag.py:3820} INFO - Setting next_dagrun for example_sla_dag to 2026-04-09T08:06:00+00:00, run_after=2026-04-09T08:08:00+00:00
[2026-04-09T08:08:29.410+0000] {processor.py:183} INFO - Processing /home/airflow/.local/lib/python3.8/site-packages/airflow/example_dags/example_sla_dag.py took 0.079 seconds
[2026-04-09T08:09:00.100+0000] {processor.py:161} INFO - Started process (PID=589) to work on /home/airflow/.local/lib/python3.8/site-packages/airflow/example_dags/example_sla_dag.py
[2026-04-09T08:09:00.101+0000] {processor.py:830} INFO - Processing file /home/airflow/.local/lib/python3.8/site-packages/airflow/example_dags/example_sla_dag.py for tasks to queue
[2026-04-09T08:09:00.103+0000] {logging_mixin.py:188} INFO - [2026-04-09T08:09:00.102+0000] {dagbag.py:538} INFO - Filling up the DagBag from /home/airflow/.local/lib/python3.8/site-packages/airflow/example_dags/example_sla_dag.py
[2026-04-09T08:09:00.111+0000] {processor.py:840} INFO - DAG(s) 'example_sla_dag' retrieved from /home/airflow/.local/lib/python3.8/site-packages/airflow/example_dags/example_sla_dag.py
[2026-04-09T08:09:00.131+0000] {logging_mixin.py:188} INFO - [2026-04-09T08:09:00.131+0000] {dag.py:3033} INFO - Sync 1 DAGs
[2026-04-09T08:09:00.168+0000] {logging_mixin.py:188} INFO - [2026-04-09T08:09:00.168+0000] {dag.py:3820} INFO - Setting next_dagrun for example_sla_dag to 2026-04-09T08:06:00+00:00, run_after=2026-04-09T08:08:00+00:00
[2026-04-09T08:09:00.185+0000] {processor.py:183} INFO - Processing /home/airflow/.local/lib/python3.8/site-packages/airflow/example_dags/example_sla_dag.py took 0.089 seconds
[2026-04-09T08:09:30.399+0000] {processor.py:161} INFO - Started process (PID=650) to work on /home/airflow/.local/lib/python3.8/site-packages/airflow/example_dags/example_sla_dag.py
[2026-04-09T08:09:30.400+0000] {processor.py:830} INFO - Processing file /home/airflow/.local/lib/python3.8/site-packages/airflow/example_dags/example_sla_dag.py for tasks to queue
[2026-04-09T08:09:30.403+0000] {logging_mixin.py:188} INFO - [2026-04-09T08:09:30.402+0000] {dagbag.py:538} INFO - Filling up the DagBag from /home/airflow/.local/lib/python3.8/site-packages/airflow/example_dags/example_sla_dag.py
[2026-04-09T08:09:30.412+0000] {processor.py:840} INFO - DAG(s) 'example_sla_dag' retrieved from /home/airflow/.local/lib/python3.8/site-packages/airflow/example_dags/example_sla_dag.py
[2026-04-09T08:09:30.433+0000] {logging_mixin.py:188} INFO - [2026-04-09T08:09:30.433+0000] {dag.py:3033} INFO - Sync 1 DAGs
[2026-04-09T08:09:30.462+0000] {logging_mixin.py:188} INFO - [2026-04-09T08:09:30.462+0000] {dag.py:3820} INFO - Setting next_dagrun for example_sla_dag to 2026-04-09T08:06:00+00:00, run_after=2026-04-09T08:08:00+00:00
[2026-04-09T08:09:30.486+0000] {processor.py:183} INFO - Processing /home/airflow/.local/lib/python3.8/site-packages/airflow/example_dags/example_sla_dag.py took 0.090 seconds
[2026-04-09T08:10:01.772+0000] {processor.py:161} INFO - Started process (PID=717) to work on /home/airflow/.local/lib/python3.8/site-packages/airflow/example_dags/example_sla_dag.py
[2026-04-09T08:10:01.786+0000] {processor.py:830} INFO - Processing file /home/airflow/.local/lib/python3.8/site-packages/airflow/example_dags/example_sla_dag.py for tasks to queue
[2026-04-09T08:10:01.793+0000] {logging_mixin.py:188} INFO - [2026-04-09T08:10:01.792+0000] {dagbag.py:538} INFO - Filling up the DagBag from /home/airflow/.local/lib/python3.8/site-packages/airflow/example_dags/example_sla_dag.py
[2026-04-09T08:10:01.837+0000] {processor.py:840} INFO - DAG(s) 'example_sla_dag' retrieved from /home/airflow/.local/lib/python3.8/site-packages/airflow/example_dags/example_sla_dag.py
[2026-04-09T08:10:01.910+0000] {logging_mixin.py:188} INFO - [2026-04-09T08:10:01.910+0000] {dag.py:3033} INFO - Sync 1 DAGs
[2026-04-09T08:10:01.963+0000] {logging_mixin.py:188} INFO - [2026-04-09T08:10:01.963+0000] {dag.py:3820} INFO - Setting next_dagrun for example_sla_dag to 2026-04-09T08:08:00+00:00, run_after=2026-04-09T08:10:00+00:00
[2026-04-09T08:10:02.018+0000] {processor.py:183} INFO - Processing /home/airflow/.local/lib/python3.8/site-packages/airflow/example_dags/example_sla_dag.py took 0.261 seconds
[2026-04-09T08:10:32.259+0000] {processor.py:161} INFO - Started process (PID=777) to work on /home/airflow/.local/lib/python3.8/site-packages/airflow/example_dags/example_sla_dag.py
[2026-04-09T08:10:32.260+0000] {processor.py:830} INFO - Processing file /home/airflow/.local/lib/python3.8/site-packages/airflow/example_dags/example_sla_dag.py for tasks to queue
[2026-04-09T08:10:32.262+0000] {logging_mixin.py:188} INFO - [2026-04-09T08:10:32.261+0000] {dagbag.py:538} INFO - Filling up the DagBag from /home/airflow/.local/lib/python3.8/site-packages/airflow/example_dags/example_sla_dag.py
[2026-04-09T08:10:32.268+0000] {processor.py:840} INFO - DAG(s) 'example_sla_dag' retrieved from /home/airflow/.local/lib/python3.8/site-packages/airflow/example_dags/example_sla_dag.py
[2026-04-09T08:10:32.282+0000] {logging_mixin.py:188} INFO - [2026-04-09T08:10:32.282+0000] {dag.py:3033} INFO - Sync 1 DAGs
[2026-04-09T08:10:32.300+0000] {logging_mixin.py:188} INFO - [2026-04-09T08:10:32.300+0000] {dag.py:3820} INFO - Setting next_dagrun for example_sla_dag to 2026-04-09T08:08:00+00:00, run_after=2026-04-09T08:10:00+00:00
[2026-04-09T08:10:32.314+0000] {processor.py:183} INFO - Processing /home/airflow/.local/lib/python3.8/site-packages/airflow/example_dags/example_sla_dag.py took 0.058 seconds
[2026-04-09T08:11:04.067+0000] {processor.py:161} INFO - Started process (PID=837) to work on /home/airflow/.local/lib/python3.8/site-packages/airflow/example_dags/example_sla_dag.py
[2026-04-09T08:11:04.068+0000] {processor.py:830} INFO - Processing file /home/airflow/.local/lib/python3.8/site-packages/airflow/example_dags/example_sla_dag.py for tasks to queue
[2026-04-09T08:11:04.077+0000] {logging_mixin.py:188} INFO - [2026-04-09T08:11:04.074+0000] {dagbag.py:538} INFO - Filling up the DagBag from /home/airflow/.local/lib/python3.8/site-packages/airflow/example_dags/example_sla_dag.py
[2026-04-09T08:11:04.107+0000] {processor.py:840} INFO - DAG(s) 'example_sla_dag' retrieved from /home/airflow/.local/lib/python3.8/site-packages/airflow/example_dags/example_sla_dag.py
[2026-04-09T08:11:04.156+0000] {logging_mixin.py:188} INFO - [2026-04-09T08:11:04.156+0000] {dag.py:3033} INFO - Sync 1 DAGs
[2026-04-09T08:11:04.218+0000] {logging_mixin.py:188} INFO - [2026-04-09T08:11:04.213+0000] {dag.py:3820} INFO - Setting next_dagrun for example_sla_dag to 2026-04-09T08:08:00+00:00, run_after=2026-04-09T08:10:00+00:00
[2026-04-09T08:11:04.293+0000] {processor.py:183} INFO - Processing /home/airflow/.local/lib/python3.8/site-packages/airflow/example_dags/example_sla_dag.py took 0.235 seconds
[2026-04-09T08:11:35.110+0000] {processor.py:161} INFO - Started process (PID=898) to work on /home/airflow/.local/lib/python3.8/site-packages/airflow/example_dags/example_sla_dag.py
[2026-04-09T08:11:35.117+0000] {processor.py:830} INFO - Processing file /home/airflow/.local/lib/python3.8/site-packages/airflow/example_dags/example_sla_dag.py for tasks to queue
[2026-04-09T08:11:35.129+0000] {logging_mixin.py:188} INFO - [2026-04-09T08:11:35.124+0000] {dagbag.py:538} INFO - Filling up the DagBag from /home/airflow/.local/lib/python3.8/site-packages/airflow/example_dags/example_sla_dag.py
[2026-04-09T08:11:35.162+0000] {processor.py:840} INFO - DAG(s) 'example_sla_dag' retrieved from /home/airflow/.local/lib/python3.8/site-packages/airflow/example_dags/example_sla_dag.py
[2026-04-09T08:11:35.243+0000] {logging_mixin.py:188} INFO - [2026-04-09T08:11:35.242+0000] {dag.py:3033} INFO - Sync 1 DAGs
[2026-04-09T08:11:35.380+0000] {logging_mixin.py:188} INFO - [2026-04-09T08:11:35.380+0000] {dag.py:3820} INFO - Setting next_dagrun for example_sla_dag to 2026-04-09T08:08:00+00:00, run_after=2026-04-09T08:10:00+00:00
[2026-04-09T08:11:35.441+0000] {processor.py:183} INFO - Processing /home/airflow/.local/lib/python3.8/site-packages/airflow/example_dags/example_sla_dag.py took 0.346 seconds
[2026-04-09T08:12:05.532+0000] {processor.py:161} INFO - Started process (PID=959) to work on /home/airflow/.local/lib/python3.8/site-packages/airflow/example_dags/example_sla_dag.py
[2026-04-09T08:12:05.534+0000] {processor.py:830} INFO - Processing file /home/airflow/.local/lib/python3.8/site-packages/airflow/example_dags/example_sla_dag.py for tasks to queue
[2026-04-09T08:12:05.542+0000] {logging_mixin.py:188} INFO - [2026-04-09T08:12:05.542+0000] {dagbag.py:538} INFO - Filling up the DagBag from /home/airflow/.local/lib/python3.8/site-packages/airflow/example_dags/example_sla_dag.py
[2026-04-09T08:12:05.564+0000] {processor.py:840} INFO - DAG(s) 'example_sla_dag' retrieved from /home/airflow/.local/lib/python3.8/site-packages/airflow/example_dags/example_sla_dag.py
[2026-04-09T08:12:05.625+0000] {logging_mixin.py:188} INFO - [2026-04-09T08:12:05.624+0000] {dag.py:3033} INFO - Sync 1 DAGs
[2026-04-09T08:12:05.661+0000] {logging_mixin.py:188} INFO - [2026-04-09T08:12:05.661+0000] {dag.py:3820} INFO - Setting next_dagrun for example_sla_dag to 2026-04-09T08:10:00+00:00, run_after=2026-04-09T08:12:00+00:00
[2026-04-09T08:12:05.678+0000] {processor.py:183} INFO - Processing /home/airflow/.local/lib/python3.8/site-packages/airflow/example_dags/example_sla_dag.py took 0.150 seconds
[2026-04-09T08:12:35.751+0000] {processor.py:161} INFO - Started process (PID=1020) to work on /home/airflow/.local/lib/python3.8/site-packages/airflow/example_dags/example_sla_dag.py
[2026-04-09T08:12:35.752+0000] {processor.py:830} INFO - Processing file /home/airflow/.local/lib/python3.8/site-packages/airflow/example_dags/example_sla_dag.py for tasks to queue
[2026-04-09T08:12:35.755+0000] {logging_mixin.py:188} INFO - [2026-04-09T08:12:35.755+0000] {dagbag.py:538} INFO - Filling up the DagBag from /home/airflow/.local/lib/python3.8/site-packages/airflow/example_dags/example_sla_dag.py
[2026-04-09T08:12:35.764+0000] {processor.py:840} INFO - DAG(s) 'example_sla_dag' retrieved from /home/airflow/.local/lib/python3.8/site-packages/airflow/example_dags/example_sla_dag.py
[2026-04-09T08:12:35.785+0000] {logging_mixin.py:188} INFO - [2026-04-09T08:12:35.785+0000] {dag.py:3033} INFO - Sync 1 DAGs
[2026-04-09T08:12:35.815+0000] {logging_mixin.py:188} INFO - [2026-04-09T08:12:35.815+0000] {dag.py:3820} INFO - Setting next_dagrun for example_sla_dag to 2026-04-09T08:10:00+00:00, run_after=2026-04-09T08:12:00+00:00
[2026-04-09T08:12:35.834+0000] {processor.py:183} INFO - Processing /home/airflow/.local/lib/python3.8/site-packages/airflow/example_dags/example_sla_dag.py took 0.086 seconds
[2026-04-09T08:13:06.135+0000] {processor.py:161} INFO - Started process (PID=1081) to work on /home/airflow/.local/lib/python3.8/site-packages/airflow/example_dags/example_sla_dag.py
[2026-04-09T08:13:06.138+0000] {processor.py:830} INFO - Processing file /home/airflow/.local/lib/python3.8/site-packages/airflow/example_dags/example_sla_dag.py for tasks to queue
[2026-04-09T08:13:06.142+0000] {logging_mixin.py:188} INFO - [2026-04-09T08:13:06.142+0000] {dagbag.py:538} INFO - Filling up the DagBag from /home/airflow/.local/lib/python3.8/site-packages/airflow/example_dags/example_sla_dag.py
[2026-04-09T08:13:06.163+0000] {processor.py:840} INFO - DAG(s) 'example_sla_dag' retrieved from /home/airflow/.local/lib/python3.8/site-packages/airflow/example_dags/example_sla_dag.py
[2026-04-09T08:13:06.202+0000] {logging_mixin.py:188} INFO - [2026-04-09T08:13:06.202+0000] {dag.py:3033} INFO - Sync 1 DAGs
[2026-04-09T08:13:06.247+0000] {logging_mixin.py:188} INFO - [2026-04-09T08:13:06.247+0000] {dag.py:3820} INFO - Setting next_dagrun for example_sla_dag to 2026-04-09T08:10:00+00:00, run_after=2026-04-09T08:12:00+00:00
[2026-04-09T08:13:06.499+0000] {processor.py:183} INFO - Processing /home/airflow/.local/lib/python3.8/site-packages/airflow/example_dags/example_sla_dag.py took 0.371 seconds
[2026-04-09T08:13:37.224+0000] {processor.py:161} INFO - Started process (PID=1143) to work on /home/airflow/.local/lib/python3.8/site-packages/airflow/example_dags/example_sla_dag.py
[2026-04-09T08:13:37.225+0000] {processor.py:830} INFO - Processing file /home/airflow/.local/lib/python3.8/site-packages/airflow/example_dags/example_sla_dag.py for tasks to queue
[2026-04-09T08:13:37.229+0000] {logging_mixin.py:188} INFO - [2026-04-09T08:13:37.229+0000] {dagbag.py:538} INFO - Filling up the DagBag from /home/airflow/.local/lib/python3.8/site-packages/airflow/example_dags/example_sla_dag.py
[2026-04-09T08:13:37.251+0000] {processor.py:840} INFO - DAG(s) 'example_sla_dag' retrieved from /home/airflow/.local/lib/python3.8/site-packages/airflow/example_dags/example_sla_dag.py
[2026-04-09T08:13:37.279+0000] {logging_mixin.py:188} INFO - [2026-04-09T08:13:37.279+0000] {dag.py:3033} INFO - Sync 1 DAGs
[2026-04-09T08:13:37.463+0000] {logging_mixin.py:188} INFO - [2026-04-09T08:13:37.463+0000] {dag.py:3820} INFO - Setting next_dagrun for example_sla_dag to 2026-04-09T08:10:00+00:00, run_after=2026-04-09T08:12:00+00:00
[2026-04-09T08:13:37.479+0000] {processor.py:183} INFO - Processing /home/airflow/.local/lib/python3.8/site-packages/airflow/example_dags/example_sla_dag.py took 0.262 seconds
[2026-04-09T08:14:08.723+0000] {processor.py:161} INFO - Started process (PID=1204) to work on /home/airflow/.local/lib/python3.8/site-packages/airflow/example_dags/example_sla_dag.py
[2026-04-09T08:14:08.726+0000] {processor.py:830} INFO - Processing file /home/airflow/.local/lib/python3.8/site-packages/airflow/example_dags/example_sla_dag.py for tasks to queue
[2026-04-09T08:14:08.734+0000] {logging_mixin.py:188} INFO - [2026-04-09T08:14:08.734+0000] {dagbag.py:538} INFO - Filling up the DagBag from /home/airflow/.local/lib/python3.8/site-packages/airflow/example_dags/example_sla_dag.py
[2026-04-09T08:14:08.770+0000] {processor.py:840} INFO - DAG(s) 'example_sla_dag' retrieved from /home/airflow/.local/lib/python3.8/site-packages/airflow/example_dags/example_sla_dag.py
[2026-04-09T08:14:09.090+0000] {logging_mixin.py:188} INFO - [2026-04-09T08:14:09.089+0000] {dag.py:3033} INFO - Sync 1 DAGs
[2026-04-09T08:14:09.143+0000] {logging_mixin.py:188} INFO - [2026-04-09T08:14:09.143+0000] {dag.py:3820} INFO - Setting next_dagrun for example_sla_dag to 2026-04-09T08:12:00+00:00, run_after=2026-04-09T08:14:00+00:00
[2026-04-09T08:14:09.204+0000] {processor.py:183} INFO - Processing /home/airflow/.local/lib/python3.8/site-packages/airflow/example_dags/example_sla_dag.py took 0.485 seconds
[2026-04-09T08:14:39.283+0000] {processor.py:161} INFO - Started process (PID=1265) to work on /home/airflow/.local/lib/python3.8/site-packages/airflow/example_dags/example_sla_dag.py
[2026-04-09T08:14:39.285+0000] {processor.py:830} INFO - Processing file /home/airflow/.local/lib/python3.8/site-packages/airflow/example_dags/example_sla_dag.py for tasks to queue
[2026-04-09T08:14:39.287+0000] {logging_mixin.py:188} INFO - [2026-04-09T08:14:39.287+0000] {dagbag.py:538} INFO - Filling up the DagBag from /home/airflow/.local/lib/python3.8/site-packages/airflow/example_dags/example_sla_dag.py
[2026-04-09T08:14:39.297+0000] {processor.py:840} INFO - DAG(s) 'example_sla_dag' retrieved from /home/airflow/.local/lib/python3.8/site-packages/airflow/example_dags/example_sla_dag.py
[2026-04-09T08:14:39.320+0000] {logging_mixin.py:188} INFO - [2026-04-09T08:14:39.319+0000] {dag.py:3033} INFO - Sync 1 DAGs
[2026-04-09T08:14:39.349+0000] {logging_mixin.py:188} INFO - [2026-04-09T08:14:39.349+0000] {dag.py:3820} INFO - Setting next_dagrun for example_sla_dag to 2026-04-09T08:12:00+00:00, run_after=2026-04-09T08:14:00+00:00
[2026-04-09T08:14:39.371+0000] {processor.py:183} INFO - Processing /home/airflow/.local/lib/python3.8/site-packages/airflow/example_dags/example_sla_dag.py took 0.092 seconds
[2026-04-09T08:15:09.751+0000] {processor.py:161} INFO - Started process (PID=1326) to work on /home/airflow/.local/lib/python3.8/site-packages/airflow/example_dags/example_sla_dag.py
[2026-04-09T08:15:09.754+0000] {processor.py:830} INFO - Processing file /home/airflow/.local/lib/python3.8/site-packages/airflow/example_dags/example_sla_dag.py for tasks to queue
[2026-04-09T08:15:09.759+0000] {logging_mixin.py:188} INFO - [2026-04-09T08:15:09.758+0000] {dagbag.py:538} INFO - Filling up the DagBag from /home/airflow/.local/lib/python3.8/site-packages/airflow/example_dags/example_sla_dag.py
[2026-04-09T08:15:09.771+0000] {processor.py:840} INFO - DAG(s) 'example_sla_dag' retrieved from /home/airflow/.local/lib/python3.8/site-packages/airflow/example_dags/example_sla_dag.py
[2026-04-09T08:15:09.817+0000] {logging_mixin.py:188} INFO - [2026-04-09T08:15:09.817+0000] {dag.py:3033} INFO - Sync 1 DAGs
[2026-04-09T08:15:09.849+0000] {logging_mixin.py:188} INFO - [2026-04-09T08:15:09.849+0000] {dag.py:3820} INFO - Setting next_dagrun for example_sla_dag to 2026-04-09T08:12:00+00:00, run_after=2026-04-09T08:14:00+00:00
[2026-04-09T08:15:09.871+0000] {processor.py:183} INFO - Processing /home/airflow/.local/lib/python3.8/site-packages/airflow/example_dags/example_sla_dag.py took 0.125 seconds
[2026-04-09T08:15:40.354+0000] {processor.py:161} INFO - Started process (PID=1387) to work on /home/airflow/.local/lib/python3.8/site-packages/airflow/example_dags/example_sla_dag.py
[2026-04-09T08:15:40.355+0000] {processor.py:830} INFO - Processing file /home/airflow/.local/lib/python3.8/site-packages/airflow/example_dags/example_sla_dag.py for tasks to queue
[2026-04-09T08:15:40.357+0000] {logging_mixin.py:188} INFO - [2026-04-09T08:15:40.357+0000] {dagbag.py:538} INFO - Filling up the DagBag from /home/airflow/.local/lib/python3.8/site-packages/airflow/example_dags/example_sla_dag.py
[2026-04-09T08:15:40.367+0000] {processor.py:840} INFO - DAG(s) 'example_sla_dag' retrieved from /home/airflow/.local/lib/python3.8/site-packages/airflow/example_dags/example_sla_dag.py
[2026-04-09T08:15:40.390+0000] {logging_mixin.py:188} INFO - [2026-04-09T08:15:40.390+0000] {dag.py:3033} INFO - Sync 1 DAGs
[2026-04-09T08:15:40.421+0000] {logging_mixin.py:188} INFO - [2026-04-09T08:15:40.421+0000] {dag.py:3820} INFO - Setting next_dagrun for example_sla_dag to 2026-04-09T08:12:00+00:00, run_after=2026-04-09T08:14:00+00:00
[2026-04-09T08:15:40.442+0000] {processor.py:183} INFO - Processing /home/airflow/.local/lib/python3.8/site-packages/airflow/example_dags/example_sla_dag.py took 0.092 seconds
[2026-04-09T08:16:11.338+0000] {processor.py:161} INFO - Started process (PID=1448) to work on /home/airflow/.local/lib/python3.8/site-packages/airflow/example_dags/example_sla_dag.py
[2026-04-09T08:16:11.339+0000] {processor.py:830} INFO - Processing file /home/airflow/.local/lib/python3.8/site-packages/airflow/example_dags/example_sla_dag.py for tasks to queue
[2026-04-09T08:16:11.341+0000] {logging_mixin.py:188} INFO - [2026-04-09T08:16:11.341+0000] {dagbag.py:538} INFO - Filling up the DagBag from /home/airflow/.local/lib/python3.8/site-packages/airflow/example_dags/example_sla_dag.py
[2026-04-09T08:16:11.350+0000] {processor.py:840} INFO - DAG(s) 'example_sla_dag' retrieved from /home/airflow/.local/lib/python3.8/site-packages/airflow/example_dags/example_sla_dag.py
[2026-04-09T08:16:11.373+0000] {logging_mixin.py:188} INFO - [2026-04-09T08:16:11.373+0000] {dag.py:3033} INFO - Sync 1 DAGs
[2026-04-09T08:16:11.402+0000] {logging_mixin.py:188} INFO - [2026-04-09T08:16:11.401+0000] {dag.py:3820} INFO - Setting next_dagrun for example_sla_dag to 2026-04-09T08:14:00+00:00, run_after=2026-04-09T08:16:00+00:00
[2026-04-09T08:16:11.422+0000] {processor.py:183} INFO - Processing /home/airflow/.local/lib/python3.8/site-packages/airflow/example_dags/example_sla_dag.py took 0.088 seconds
[2026-04-09T08:16:41.783+0000] {processor.py:161} INFO - Started process (PID=1509) to work on /home/airflow/.local/lib/python3.8/site-packages/airflow/example_dags/example_sla_dag.py
[2026-04-09T08:16:41.784+0000] {processor.py:830} INFO - Processing file /home/airflow/.local/lib/python3.8/site-packages/airflow/example_dags/example_sla_dag.py for tasks to queue
[2026-04-09T08:16:41.786+0000] {logging_mixin.py:188} INFO - [2026-04-09T08:16:41.786+0000] {dagbag.py:538} INFO - Filling up the DagBag from /home/airflow/.local/lib/python3.8/site-packages/airflow/example_dags/example_sla_dag.py
[2026-04-09T08:16:41.796+0000] {processor.py:840} INFO - DAG(s) 'example_sla_dag' retrieved from /home/airflow/.local/lib/python3.8/site-packages/airflow/example_dags/example_sla_dag.py
[2026-04-09T08:16:41.818+0000] {logging_mixin.py:188} INFO - [2026-04-09T08:16:41.818+0000] {dag.py:3033} INFO - Sync 1 DAGs
[2026-04-09T08:16:41.848+0000] {logging_mixin.py:188} INFO - [2026-04-09T08:16:41.847+0000] {dag.py:3820} INFO - Setting next_dagrun for example_sla_dag to 2026-04-09T08:14:00+00:00, run_after=2026-04-09T08:16:00+00:00
[2026-04-09T08:16:41.868+0000] {processor.py:183} INFO - Processing /home/airflow/.local/lib/python3.8/site-packages/airflow/example_dags/example_sla_dag.py took 0.089 seconds
[2026-04-09T08:17:12.403+0000] {processor.py:161} INFO - Started process (PID=1570) to work on /home/airflow/.local/lib/python3.8/site-packages/airflow/example_dags/example_sla_dag.py
[2026-04-09T08:17:12.404+0000] {processor.py:830} INFO - Processing file /home/airflow/.local/lib/python3.8/site-packages/airflow/example_dags/example_sla_dag.py for tasks to queue
[2026-04-09T08:17:12.406+0000] {logging_mixin.py:188} INFO - [2026-04-09T08:17:12.406+0000] {dagbag.py:538} INFO - Filling up the DagBag from /home/airflow/.local/lib/python3.8/site-packages/airflow/example_dags/example_sla_dag.py
[2026-04-09T08:17:12.417+0000] {processor.py:840} INFO - DAG(s) 'example_sla_dag' retrieved from /home/airflow/.local/lib/python3.8/site-packages/airflow/example_dags/example_sla_dag.py
[2026-04-09T08:17:12.440+0000] {logging_mixin.py:188} INFO - [2026-04-09T08:17:12.439+0000] {dag.py:3033} INFO - Sync 1 DAGs
[2026-04-09T08:17:12.469+0000] {logging_mixin.py:188} INFO - [2026-04-09T08:17:12.469+0000] {dag.py:3820} INFO - Setting next_dagrun for example_sla_dag to 2026-04-09T08:14:00+00:00, run_after=2026-04-09T08:16:00+00:00
[2026-04-09T08:17:12.490+0000] {processor.py:183} INFO - Processing /home/airflow/.local/lib/python3.8/site-packages/airflow/example_dags/example_sla_dag.py took 0.090 seconds
[2026-04-09T08:17:43.297+0000] {processor.py:161} INFO - Started process (PID=1631) to work on /home/airflow/.local/lib/python3.8/site-packages/airflow/example_dags/example_sla_dag.py
[2026-04-09T08:17:43.298+0000] {processor.py:830} INFO - Processing file /home/airflow/.local/lib/python3.8/site-packages/airflow/example_dags/example_sla_dag.py for tasks to queue
[2026-04-09T08:17:43.300+0000] {logging_mixin.py:188} INFO - [2026-04-09T08:17:43.300+0000] {dagbag.py:538} INFO - Filling up the DagBag from /home/airflow/.local/lib/python3.8/site-packages/airflow/example_dags/example_sla_dag.py
[2026-04-09T08:17:43.309+0000] {processor.py:840} INFO - DAG(s) 'example_sla_dag' retrieved from /home/airflow/.local/lib/python3.8/site-packages/airflow/example_dags/example_sla_dag.py
[2026-04-09T08:17:43.334+0000] {logging_mixin.py:188} INFO - [2026-04-09T08:17:43.334+0000] {dag.py:3033} INFO - Sync 1 DAGs
[2026-04-09T08:17:43.364+0000] {logging_mixin.py:188} INFO - [2026-04-09T08:17:43.364+0000] {dag.py:3820} INFO - Setting next_dagrun for example_sla_dag to 2026-04-09T08:14:00+00:00, run_after=2026-04-09T08:16:00+00:00
[2026-04-09T08:17:43.396+0000] {processor.py:183} INFO - Processing /home/airflow/.local/lib/python3.8/site-packages/airflow/example_dags/example_sla_dag.py took 0.103 seconds
[2026-04-09T08:18:14.331+0000] {processor.py:161} INFO - Started process (PID=1692) to work on /home/airflow/.local/lib/python3.8/site-packages/airflow/example_dags/example_sla_dag.py
[2026-04-09T08:18:14.332+0000] {processor.py:830} INFO - Processing file /home/airflow/.local/lib/python3.8/site-packages/airflow/example_dags/example_sla_dag.py for tasks to queue
[2026-04-09T08:18:14.334+0000] {logging_mixin.py:188} INFO - [2026-04-09T08:18:14.334+0000] {dagbag.py:538} INFO - Filling up the DagBag from /home/airflow/.local/lib/python3.8/site-packages/airflow/example_dags/example_sla_dag.py
[2026-04-09T08:18:14.343+0000] {processor.py:840} INFO - DAG(s) 'example_sla_dag' retrieved from /home/airflow/.local/lib/python3.8/site-packages/airflow/example_dags/example_sla_dag.py
[2026-04-09T08:18:14.377+0000] {logging_mixin.py:188} INFO - [2026-04-09T08:18:14.377+0000] {dag.py:3033} INFO - Sync 1 DAGs
[2026-04-09T08:18:14.434+0000] {logging_mixin.py:188} INFO - [2026-04-09T08:18:14.434+0000] {dag.py:3820} INFO - Setting next_dagrun for example_sla_dag to 2026-04-09T08:16:00+00:00, run_after=2026-04-09T08:18:00+00:00
[2026-04-09T08:18:14.471+0000] {processor.py:183} INFO - Processing /home/airflow/.local/lib/python3.8/site-packages/airflow/example_dags/example_sla_dag.py took 0.147 seconds
[2026-04-09T08:18:44.753+0000] {processor.py:161} INFO - Started process (PID=1753) to work on /home/airflow/.local/lib/python3.8/site-packages/airflow/example_dags/example_sla_dag.py
[2026-04-09T08:18:44.754+0000] {processor.py:830} INFO - Processing file /home/airflow/.local/lib/python3.8/site-packages/airflow/example_dags/example_sla_dag.py for tasks to queue
[2026-04-09T08:18:44.756+0000] {logging_mixin.py:188} INFO - [2026-04-09T08:18:44.756+0000] {dagbag.py:538} INFO - Filling up the DagBag from /home/airflow/.local/lib/python3.8/site-packages/airflow/example_dags/example_sla_dag.py
[2026-04-09T08:18:44.765+0000] {processor.py:840} INFO - DAG(s) 'example_sla_dag' retrieved from /home/airflow/.local/lib/python3.8/site-packages/airflow/example_dags/example_sla_dag.py
[2026-04-09T08:18:44.792+0000] {logging_mixin.py:188} INFO - [2026-04-09T08:18:44.792+0000] {dag.py:3033} INFO - Sync 1 DAGs
[2026-04-09T08:18:44.824+0000] {logging_mixin.py:188} INFO - [2026-04-09T08:18:44.824+0000] {dag.py:3820} INFO - Setting next_dagrun for example_sla_dag to 2026-04-09T08:16:00+00:00, run_after=2026-04-09T08:18:00+00:00
[2026-04-09T08:18:44.843+0000] {processor.py:183} INFO - Processing /home/airflow/.local/lib/python3.8/site-packages/airflow/example_dags/example_sla_dag.py took 0.094 seconds
[2026-04-09T08:19:15.289+0000] {processor.py:161} INFO - Started process (PID=1814) to work on /home/airflow/.local/lib/python3.8/site-packages/airflow/example_dags/example_sla_dag.py
[2026-04-09T08:19:15.290+0000] {processor.py:830} INFO - Processing file /home/airflow/.local/lib/python3.8/site-packages/airflow/example_dags/example_sla_dag.py for tasks to queue
[2026-04-09T08:19:15.294+0000] {logging_mixin.py:188} INFO - [2026-04-09T08:19:15.292+0000] {dagbag.py:538} INFO - Filling up the DagBag from /home/airflow/.local/lib/python3.8/site-packages/airflow/example_dags/example_sla_dag.py
[2026-04-09T08:19:15.312+0000] {processor.py:840} INFO - DAG(s) 'example_sla_dag' retrieved from /home/airflow/.local/lib/python3.8/site-packages/airflow/example_dags/example_sla_dag.py
[2026-04-09T08:19:15.334+0000] {logging_mixin.py:188} INFO - [2026-04-09T08:19:15.334+0000] {dag.py:3033} INFO - Sync 1 DAGs
[2026-04-09T08:19:15.363+0000] {logging_mixin.py:188} INFO - [2026-04-09T08:19:15.363+0000] {dag.py:3820} INFO - Setting next_dagrun for example_sla_dag to 2026-04-09T08:16:00+00:00, run_after=2026-04-09T08:18:00+00:00
[2026-04-09T08:19:15.381+0000] {processor.py:183} INFO - Processing /home/airflow/.local/lib/python3.8/site-packages/airflow/example_dags/example_sla_dag.py took 0.096 seconds
[2026-04-09T08:19:46.399+0000] {processor.py:161} INFO - Started process (PID=1875) to work on /home/airflow/.local/lib/python3.8/site-packages/airflow/example_dags/example_sla_dag.py
[2026-04-09T08:19:46.401+0000] {processor.py:830} INFO - Processing file /home/airflow/.local/lib/python3.8/site-packages/airflow/example_dags/example_sla_dag.py for tasks to queue
[2026-04-09T08:19:46.405+0000] {logging_mixin.py:188} INFO - [2026-04-09T08:19:46.404+0000] {dagbag.py:538} INFO - Filling up the DagBag from /home/airflow/.local/lib/python3.8/site-packages/airflow/example_dags/example_sla_dag.py
[2026-04-09T08:19:46.421+0000] {processor.py:840} INFO - DAG(s) 'example_sla_dag' retrieved from /home/airflow/.local/lib/python3.8/site-packages/airflow/example_dags/example_sla_dag.py
[2026-04-09T08:19:46.463+0000] {logging_mixin.py:188} INFO - [2026-04-09T08:19:46.461+0000] {dag.py:3033} INFO - Sync 1 DAGs
[2026-04-09T08:19:46.498+0000] {logging_mixin.py:188} INFO - [2026-04-09T08:19:46.498+0000] {dag.py:3820} INFO - Setting next_dagrun for example_sla_dag to 2026-04-09T08:16:00+00:00, run_after=2026-04-09T08:18:00+00:00
[2026-04-09T08:19:46.555+0000] {processor.py:183} INFO - Processing /home/airflow/.local/lib/python3.8/site-packages/airflow/example_dags/example_sla_dag.py took 0.162 seconds
[2026-04-09T08:20:17.479+0000] {processor.py:161} INFO - Started process (PID=1937) to work on /home/airflow/.local/lib/python3.8/site-packages/airflow/example_dags/example_sla_dag.py
[2026-04-09T08:20:17.480+0000] {processor.py:830} INFO - Processing file /home/airflow/.local/lib/python3.8/site-packages/airflow/example_dags/example_sla_dag.py for tasks to queue
[2026-04-09T08:20:17.482+0000] {logging_mixin.py:188} INFO - [2026-04-09T08:20:17.482+0000] {dagbag.py:538} INFO - Filling up the DagBag from /home/airflow/.local/lib/python3.8/site-packages/airflow/example_dags/example_sla_dag.py
[2026-04-09T08:20:17.492+0000] {processor.py:840} INFO - DAG(s) 'example_sla_dag' retrieved from /home/airflow/.local/lib/python3.8/site-packages/airflow/example_dags/example_sla_dag.py
[2026-04-09T08:20:17.512+0000] {logging_mixin.py:188} INFO - [2026-04-09T08:20:17.512+0000] {dag.py:3033} INFO - Sync 1 DAGs
[2026-04-09T08:20:17.551+0000] {logging_mixin.py:188} INFO - [2026-04-09T08:20:17.551+0000] {dag.py:3820} INFO - Setting next_dagrun for example_sla_dag to 2026-04-09T08:18:00+00:00, run_after=2026-04-09T08:20:00+00:00
[2026-04-09T08:20:17.596+0000] {processor.py:183} INFO - Processing /home/airflow/.local/lib/python3.8/site-packages/airflow/example_dags/example_sla_dag.py took 0.120 seconds
[2026-04-09T08:20:48.120+0000] {processor.py:161} INFO - Started process (PID=1998) to work on /home/airflow/.local/lib/python3.8/site-packages/airflow/example_dags/example_sla_dag.py
[2026-04-09T08:20:48.122+0000] {processor.py:830} INFO - Processing file /home/airflow/.local/lib/python3.8/site-packages/airflow/example_dags/example_sla_dag.py for tasks to queue
[2026-04-09T08:20:48.132+0000] {logging_mixin.py:188} INFO - [2026-04-09T08:20:48.131+0000] {dagbag.py:538} INFO - Filling up the DagBag from /home/airflow/.local/lib/python3.8/site-packages/airflow/example_dags/example_sla_dag.py
[2026-04-09T08:20:48.185+0000] {processor.py:840} INFO - DAG(s) 'example_sla_dag' retrieved from /home/airflow/.local/lib/python3.8/site-packages/airflow/example_dags/example_sla_dag.py
[2026-04-09T08:20:48.263+0000] {logging_mixin.py:188} INFO - [2026-04-09T08:20:48.263+0000] {dag.py:3033} INFO - Sync 1 DAGs
[2026-04-09T08:20:48.301+0000] {logging_mixin.py:188} INFO - [2026-04-09T08:20:48.301+0000] {dag.py:3820} INFO - Setting next_dagrun for example_sla_dag to 2026-04-09T08:18:00+00:00, run_after=2026-04-09T08:20:00+00:00
[2026-04-09T08:20:48.333+0000] {processor.py:183} INFO - Processing /home/airflow/.local/lib/python3.8/site-packages/airflow/example_dags/example_sla_dag.py took 0.234 seconds
[2026-04-09T08:21:18.430+0000] {processor.py:161} INFO - Started process (PID=2058) to work on /home/airflow/.local/lib/python3.8/site-packages/airflow/example_dags/example_sla_dag.py
[2026-04-09T08:21:18.430+0000] {processor.py:830} INFO - Processing file /home/airflow/.local/lib/python3.8/site-packages/airflow/example_dags/example_sla_dag.py for tasks to queue
[2026-04-09T08:21:18.432+0000] {logging_mixin.py:188} INFO - [2026-04-09T08:21:18.432+0000] {dagbag.py:538} INFO - Filling up the DagBag from /home/airflow/.local/lib/python3.8/site-packages/airflow/example_dags/example_sla_dag.py
[2026-04-09T08:21:18.439+0000] {processor.py:840} INFO - DAG(s) 'example_sla_dag' retrieved from /home/airflow/.local/lib/python3.8/site-packages/airflow/example_dags/example_sla_dag.py
[2026-04-09T08:21:18.449+0000] {logging_mixin.py:188} INFO - [2026-04-09T08:21:18.449+0000] {dag.py:3033} INFO - Sync 1 DAGs
[2026-04-09T08:21:18.473+0000] {logging_mixin.py:188} INFO - [2026-04-09T08:21:18.473+0000] {dag.py:3820} INFO - Setting next_dagrun for example_sla_dag to 2026-04-09T08:18:00+00:00, run_after=2026-04-09T08:20:00+00:00
[2026-04-09T08:21:18.488+0000] {processor.py:183} INFO - Processing /home/airflow/.local/lib/python3.8/site-packages/airflow/example_dags/example_sla_dag.py took 0.062 seconds
[2026-04-09T08:21:49.158+0000] {processor.py:161} INFO - Started process (PID=2119) to work on /home/airflow/.local/lib/python3.8/site-packages/airflow/example_dags/example_sla_dag.py
[2026-04-09T08:21:49.161+0000] {processor.py:830} INFO - Processing file /home/airflow/.local/lib/python3.8/site-packages/airflow/example_dags/example_sla_dag.py for tasks to queue
[2026-04-09T08:21:49.166+0000] {logging_mixin.py:188} INFO - [2026-04-09T08:21:49.166+0000] {dagbag.py:538} INFO - Filling up the DagBag from /home/airflow/.local/lib/python3.8/site-packages/airflow/example_dags/example_sla_dag.py
[2026-04-09T08:21:49.176+0000] {processor.py:840} INFO - DAG(s) 'example_sla_dag' retrieved from /home/airflow/.local/lib/python3.8/site-packages/airflow/example_dags/example_sla_dag.py
[2026-04-09T08:21:49.283+0000] {logging_mixin.py:188} INFO - [2026-04-09T08:21:49.283+0000] {dag.py:3033} INFO - Sync 1 DAGs
[2026-04-09T08:21:49.310+0000] {logging_mixin.py:188} INFO - [2026-04-09T08:21:49.310+0000] {dag.py:3820} INFO - Setting next_dagrun for example_sla_dag to 2026-04-09T08:18:00+00:00, run_after=2026-04-09T08:20:00+00:00
[2026-04-09T08:21:49.325+0000] {processor.py:183} INFO - Processing /home/airflow/.local/lib/python3.8/site-packages/airflow/example_dags/example_sla_dag.py took 0.170 seconds
[2026-04-09T08:22:19.796+0000] {processor.py:161} INFO - Started process (PID=2180) to work on /home/airflow/.local/lib/python3.8/site-packages/airflow/example_dags/example_sla_dag.py
[2026-04-09T08:22:19.798+0000] {processor.py:830} INFO - Processing file /home/airflow/.local/lib/python3.8/site-packages/airflow/example_dags/example_sla_dag.py for tasks to queue
[2026-04-09T08:22:19.801+0000] {logging_mixin.py:188} INFO - [2026-04-09T08:22:19.800+0000] {dagbag.py:538} INFO - Filling up the DagBag from /home/airflow/.local/lib/python3.8/site-packages/airflow/example_dags/example_sla_dag.py
[2026-04-09T08:22:19.812+0000] {processor.py:840} INFO - DAG(s) 'example_sla_dag' retrieved from /home/airflow/.local/lib/python3.8/site-packages/airflow/example_dags/example_sla_dag.py
[2026-04-09T08:22:19.834+0000] {logging_mixin.py:188} INFO - [2026-04-09T08:22:19.833+0000] {dag.py:3033} INFO - Sync 1 DAGs
[2026-04-09T08:22:19.861+0000] {logging_mixin.py:188} INFO - [2026-04-09T08:22:19.861+0000] {dag.py:3820} INFO - Setting next_dagrun for example_sla_dag to 2026-04-09T08:20:00+00:00, run_after=2026-04-09T08:22:00+00:00
[2026-04-09T08:22:19.877+0000] {processor.py:183} INFO - Processing /home/airflow/.local/lib/python3.8/site-packages/airflow/example_dags/example_sla_dag.py took 0.084 seconds
[2026-04-09T08:22:50.443+0000] {processor.py:161} INFO - Started process (PID=2241) to work on /home/airflow/.local/lib/python3.8/site-packages/airflow/example_dags/example_sla_dag.py
[2026-04-09T08:22:50.444+0000] {processor.py:830} INFO - Processing file /home/airflow/.local/lib/python3.8/site-packages/airflow/example_dags/example_sla_dag.py for tasks to queue
[2026-04-09T08:22:50.447+0000] {logging_mixin.py:188} INFO - [2026-04-09T08:22:50.446+0000] {dagbag.py:538} INFO - Filling up the DagBag from /home/airflow/.local/lib/python3.8/site-packages/airflow/example_dags/example_sla_dag.py
[2026-04-09T08:22:50.456+0000] {processor.py:840} INFO - DAG(s) 'example_sla_dag' retrieved from /home/airflow/.local/lib/python3.8/site-packages/airflow/example_dags/example_sla_dag.py
[2026-04-09T08:22:50.477+0000] {logging_mixin.py:188} INFO - [2026-04-09T08:22:50.477+0000] {dag.py:3033} INFO - Sync 1 DAGs
[2026-04-09T08:22:50.505+0000] {logging_mixin.py:188} INFO - [2026-04-09T08:22:50.505+0000] {dag.py:3820} INFO - Setting next_dagrun for example_sla_dag to 2026-04-09T08:20:00+00:00, run_after=2026-04-09T08:22:00+00:00
[2026-04-09T08:22:50.522+0000] {processor.py:183} INFO - Processing /home/airflow/.local/lib/python3.8/site-packages/airflow/example_dags/example_sla_dag.py took 0.083 seconds
[2026-04-09T08:23:21.129+0000] {processor.py:161} INFO - Started process (PID=2303) to work on /home/airflow/.local/lib/python3.8/site-packages/airflow/example_dags/example_sla_dag.py
[2026-04-09T08:23:21.130+0000] {processor.py:830} INFO - Processing file /home/airflow/.local/lib/python3.8/site-packages/airflow/example_dags/example_sla_dag.py for tasks to queue
[2026-04-09T08:23:21.133+0000] {logging_mixin.py:188} INFO - [2026-04-09T08:23:21.132+0000] {dagbag.py:538} INFO - Filling up the DagBag from /home/airflow/.local/lib/python3.8/site-packages/airflow/example_dags/example_sla_dag.py
[2026-04-09T08:23:21.141+0000] {processor.py:840} INFO - DAG(s) 'example_sla_dag' retrieved from /home/airflow/.local/lib/python3.8/site-packages/airflow/example_dags/example_sla_dag.py
[2026-04-09T08:23:21.163+0000] {logging_mixin.py:188} INFO - [2026-04-09T08:23:21.163+0000] {dag.py:3033} INFO - Sync 1 DAGs
[2026-04-09T08:23:21.191+0000] {logging_mixin.py:188} INFO - [2026-04-09T08:23:21.191+0000] {dag.py:3820} INFO - Setting next_dagrun for example_sla_dag to 2026-04-09T08:20:00+00:00, run_after=2026-04-09T08:22:00+00:00
[2026-04-09T08:23:21.208+0000] {processor.py:183} INFO - Processing /home/airflow/.local/lib/python3.8/site-packages/airflow/example_dags/example_sla_dag.py took 0.082 seconds
[2026-04-09T08:23:51.923+0000] {processor.py:161} INFO - Started process (PID=2364) to work on /home/airflow/.local/lib/python3.8/site-packages/airflow/example_dags/example_sla_dag.py
[2026-04-09T08:23:51.924+0000] {processor.py:830} INFO - Processing file /home/airflow/.local/lib/python3.8/site-packages/airflow/example_dags/example_sla_dag.py for tasks to queue
[2026-04-09T08:23:51.926+0000] {logging_mixin.py:188} INFO - [2026-04-09T08:23:51.926+0000] {dagbag.py:538} INFO - Filling up the DagBag from /home/airflow/.local/lib/python3.8/site-packages/airflow/example_dags/example_sla_dag.py
[2026-04-09T08:23:51.935+0000] {processor.py:840} INFO - DAG(s) 'example_sla_dag' retrieved from /home/airflow/.local/lib/python3.8/site-packages/airflow/example_dags/example_sla_dag.py
[2026-04-09T08:23:51.955+0000] {logging_mixin.py:188} INFO - [2026-04-09T08:23:51.955+0000] {dag.py:3033} INFO - Sync 1 DAGs
[2026-04-09T08:23:51.982+0000] {logging_mixin.py:188} INFO - [2026-04-09T08:23:51.982+0000] {dag.py:3820} INFO - Setting next_dagrun for example_sla_dag to 2026-04-09T08:20:00+00:00, run_after=2026-04-09T08:22:00+00:00
[2026-04-09T08:23:51.998+0000] {processor.py:183} INFO - Processing /home/airflow/.local/lib/python3.8/site-packages/airflow/example_dags/example_sla_dag.py took 0.079 seconds
[2026-04-09T08:24:22.773+0000] {processor.py:161} INFO - Started process (PID=2425) to work on /home/airflow/.local/lib/python3.8/site-packages/airflow/example_dags/example_sla_dag.py
[2026-04-09T08:24:22.775+0000] {processor.py:830} INFO - Processing file /home/airflow/.local/lib/python3.8/site-packages/airflow/example_dags/example_sla_dag.py for tasks to queue
[2026-04-09T08:24:22.779+0000] {logging_mixin.py:188} INFO - [2026-04-09T08:24:22.778+0000] {dagbag.py:538} INFO - Filling up the DagBag from /home/airflow/.local/lib/python3.8/site-packages/airflow/example_dags/example_sla_dag.py
[2026-04-09T08:24:22.787+0000] {processor.py:840} INFO - DAG(s) 'example_sla_dag' retrieved from /home/airflow/.local/lib/python3.8/site-packages/airflow/example_dags/example_sla_dag.py
[2026-04-09T08:24:22.808+0000] {logging_mixin.py:188} INFO - [2026-04-09T08:24:22.808+0000] {dag.py:3033} INFO - Sync 1 DAGs
[2026-04-09T08:24:22.836+0000] {logging_mixin.py:188} INFO - [2026-04-09T08:24:22.835+0000] {dag.py:3820} INFO - Setting next_dagrun for example_sla_dag to 2026-04-09T08:22:00+00:00, run_after=2026-04-09T08:24:00+00:00
[2026-04-09T08:24:22.853+0000] {processor.py:183} INFO - Processing /home/airflow/.local/lib/python3.8/site-packages/airflow/example_dags/example_sla_dag.py took 0.084 seconds
[2026-04-09T08:24:54.957+0000] {processor.py:161} INFO - Started process (PID=2486) to work on /home/airflow/.local/lib/python3.8/site-packages/airflow/example_dags/example_sla_dag.py
[2026-04-09T08:24:54.958+0000] {processor.py:830} INFO - Processing file /home/airflow/.local/lib/python3.8/site-packages/airflow/example_dags/example_sla_dag.py for tasks to queue
[2026-04-09T08:24:54.960+0000] {logging_mixin.py:188} INFO - [2026-04-09T08:24:54.960+0000] {dagbag.py:538} INFO - Filling up the DagBag from /home/airflow/.local/lib/python3.8/site-packages/airflow/example_dags/example_sla_dag.py
[2026-04-09T08:24:54.970+0000] {processor.py:840} INFO - DAG(s) 'example_sla_dag' retrieved from /home/airflow/.local/lib/python3.8/site-packages/airflow/example_dags/example_sla_dag.py
[2026-04-09T08:24:54.998+0000] {logging_mixin.py:188} INFO - [2026-04-09T08:24:54.998+0000] {dag.py:3033} INFO - Sync 1 DAGs
[2026-04-09T08:24:55.026+0000] {logging_mixin.py:188} INFO - [2026-04-09T08:24:55.026+0000] {dag.py:3820} INFO - Setting next_dagrun for example_sla_dag to 2026-04-09T08:22:00+00:00, run_after=2026-04-09T08:24:00+00:00
[2026-04-09T08:24:55.044+0000] {processor.py:183} INFO - Processing /home/airflow/.local/lib/python3.8/site-packages/airflow/example_dags/example_sla_dag.py took 0.091 seconds
[2026-04-09T08:25:25.161+0000] {processor.py:161} INFO - Started process (PID=2547) to work on /home/airflow/.local/lib/python3.8/site-packages/airflow/example_dags/example_sla_dag.py
[2026-04-09T08:25:25.162+0000] {processor.py:830} INFO - Processing file /home/airflow/.local/lib/python3.8/site-packages/airflow/example_dags/example_sla_dag.py for tasks to queue
[2026-04-09T08:25:25.164+0000] {logging_mixin.py:188} INFO - [2026-04-09T08:25:25.164+0000] {dagbag.py:538} INFO - Filling up the DagBag from /home/airflow/.local/lib/python3.8/site-packages/airflow/example_dags/example_sla_dag.py
[2026-04-09T08:25:25.173+0000] {processor.py:840} INFO - DAG(s) 'example_sla_dag' retrieved from /home/airflow/.local/lib/python3.8/site-packages/airflow/example_dags/example_sla_dag.py
[2026-04-09T08:25:25.194+0000] {logging_mixin.py:188} INFO - [2026-04-09T08:25:25.194+0000] {dag.py:3033} INFO - Sync 1 DAGs
[2026-04-09T08:25:25.221+0000] {logging_mixin.py:188} INFO - [2026-04-09T08:25:25.221+0000] {dag.py:3820} INFO - Setting next_dagrun for example_sla_dag to 2026-04-09T08:22:00+00:00, run_after=2026-04-09T08:24:00+00:00
[2026-04-09T08:25:25.235+0000] {processor.py:183} INFO - Processing /home/airflow/.local/lib/python3.8/site-packages/airflow/example_dags/example_sla_dag.py took 0.077 seconds
[2026-04-09T08:25:55.404+0000] {processor.py:161} INFO - Started process (PID=2608) to work on /home/airflow/.local/lib/python3.8/site-packages/airflow/example_dags/example_sla_dag.py
[2026-04-09T08:25:55.405+0000] {processor.py:830} INFO - Processing file /home/airflow/.local/lib/python3.8/site-packages/airflow/example_dags/example_sla_dag.py for tasks to queue
[2026-04-09T08:25:55.408+0000] {logging_mixin.py:188} INFO - [2026-04-09T08:25:55.407+0000] {dagbag.py:538} INFO - Filling up the DagBag from /home/airflow/.local/lib/python3.8/site-packages/airflow/example_dags/example_sla_dag.py
[2026-04-09T08:25:55.416+0000] {processor.py:840} INFO - DAG(s) 'example_sla_dag' retrieved from /home/airflow/.local/lib/python3.8/site-packages/airflow/example_dags/example_sla_dag.py
[2026-04-09T08:25:55.434+0000] {logging_mixin.py:188} INFO - [2026-04-09T08:25:55.434+0000] {dag.py:3033} INFO - Sync 1 DAGs
[2026-04-09T08:25:55.455+0000] {logging_mixin.py:188} INFO - [2026-04-09T08:25:55.455+0000] {dag.py:3820} INFO - Setting next_dagrun for example_sla_dag to 2026-04-09T08:22:00+00:00, run_after=2026-04-09T08:24:00+00:00
[2026-04-09T08:25:55.470+0000] {processor.py:183} INFO - Processing /home/airflow/.local/lib/python3.8/site-packages/airflow/example_dags/example_sla_dag.py took 0.069 seconds
[2026-04-09T08:26:26.768+0000] {processor.py:161} INFO - Started process (PID=2669) to work on /home/airflow/.local/lib/python3.8/site-packages/airflow/example_dags/example_sla_dag.py
[2026-04-09T08:26:26.769+0000] {processor.py:830} INFO - Processing file /home/airflow/.local/lib/python3.8/site-packages/airflow/example_dags/example_sla_dag.py for tasks to queue
[2026-04-09T08:26:26.771+0000] {logging_mixin.py:188} INFO - [2026-04-09T08:26:26.771+0000] {dagbag.py:538} INFO - Filling up the DagBag from /home/airflow/.local/lib/python3.8/site-packages/airflow/example_dags/example_sla_dag.py
[2026-04-09T08:26:26.780+0000] {processor.py:840} INFO - DAG(s) 'example_sla_dag' retrieved from /home/airflow/.local/lib/python3.8/site-packages/airflow/example_dags/example_sla_dag.py
[2026-04-09T08:26:26.803+0000] {logging_mixin.py:188} INFO - [2026-04-09T08:26:26.803+0000] {dag.py:3033} INFO - Sync 1 DAGs
[2026-04-09T08:26:26.831+0000] {logging_mixin.py:188} INFO - [2026-04-09T08:26:26.831+0000] {dag.py:3820} INFO - Setting next_dagrun for example_sla_dag to 2026-04-09T08:24:00+00:00, run_after=2026-04-09T08:26:00+00:00
[2026-04-09T08:26:26.855+0000] {processor.py:183} INFO - Processing /home/airflow/.local/lib/python3.8/site-packages/airflow/example_dags/example_sla_dag.py took 0.090 seconds
[2026-04-09T08:26:58.970+0000] {processor.py:161} INFO - Started process (PID=2730) to work on /home/airflow/.local/lib/python3.8/site-packages/airflow/example_dags/example_sla_dag.py
[2026-04-09T08:26:58.971+0000] {processor.py:830} INFO - Processing file /home/airflow/.local/lib/python3.8/site-packages/airflow/example_dags/example_sla_dag.py for tasks to queue
[2026-04-09T08:26:58.976+0000] {logging_mixin.py:188} INFO - [2026-04-09T08:26:58.975+0000] {dagbag.py:538} INFO - Filling up the DagBag from /home/airflow/.local/lib/python3.8/site-packages/airflow/example_dags/example_sla_dag.py
[2026-04-09T08:26:58.997+0000] {processor.py:840} INFO - DAG(s) 'example_sla_dag' retrieved from /home/airflow/.local/lib/python3.8/site-packages/airflow/example_dags/example_sla_dag.py
[2026-04-09T08:26:59.082+0000] {logging_mixin.py:188} INFO - [2026-04-09T08:26:59.082+0000] {dag.py:3033} INFO - Sync 1 DAGs
[2026-04-09T08:26:59.141+0000] {logging_mixin.py:188} INFO - [2026-04-09T08:26:59.141+0000] {dag.py:3820} INFO - Setting next_dagrun for example_sla_dag to 2026-04-09T08:24:00+00:00, run_after=2026-04-09T08:26:00+00:00
[2026-04-09T08:26:59.199+0000] {processor.py:183} INFO - Processing /home/airflow/.local/lib/python3.8/site-packages/airflow/example_dags/example_sla_dag.py took 0.236 seconds
[2026-04-09T08:27:29.802+0000] {processor.py:161} INFO - Started process (PID=2791) to work on /home/airflow/.local/lib/python3.8/site-packages/airflow/example_dags/example_sla_dag.py
[2026-04-09T08:27:29.803+0000] {processor.py:830} INFO - Processing file /home/airflow/.local/lib/python3.8/site-packages/airflow/example_dags/example_sla_dag.py for tasks to queue
[2026-04-09T08:27:29.805+0000] {logging_mixin.py:188} INFO - [2026-04-09T08:27:29.805+0000] {dagbag.py:538} INFO - Filling up the DagBag from /home/airflow/.local/lib/python3.8/site-packages/airflow/example_dags/example_sla_dag.py
[2026-04-09T08:27:29.813+0000] {processor.py:840} INFO - DAG(s) 'example_sla_dag' retrieved from /home/airflow/.local/lib/python3.8/site-packages/airflow/example_dags/example_sla_dag.py
[2026-04-09T08:27:29.838+0000] {logging_mixin.py:188} INFO - [2026-04-09T08:27:29.837+0000] {dag.py:3033} INFO - Sync 1 DAGs
[2026-04-09T08:27:29.869+0000] {logging_mixin.py:188} INFO - [2026-04-09T08:27:29.868+0000] {dag.py:3820} INFO - Setting next_dagrun for example_sla_dag to 2026-04-09T08:24:00+00:00, run_after=2026-04-09T08:26:00+00:00
[2026-04-09T08:27:29.897+0000] {processor.py:183} INFO - Processing /home/airflow/.local/lib/python3.8/site-packages/airflow/example_dags/example_sla_dag.py took 0.099 seconds
[2026-04-09T08:28:00.910+0000] {processor.py:161} INFO - Started process (PID=2852) to work on /home/airflow/.local/lib/python3.8/site-packages/airflow/example_dags/example_sla_dag.py
[2026-04-09T08:28:00.918+0000] {processor.py:830} INFO - Processing file /home/airflow/.local/lib/python3.8/site-packages/airflow/example_dags/example_sla_dag.py for tasks to queue
[2026-04-09T08:28:00.931+0000] {logging_mixin.py:188} INFO - [2026-04-09T08:28:00.931+0000] {dagbag.py:538} INFO - Filling up the DagBag from /home/airflow/.local/lib/python3.8/site-packages/airflow/example_dags/example_sla_dag.py
[2026-04-09T08:28:00.970+0000] {processor.py:840} INFO - DAG(s) 'example_sla_dag' retrieved from /home/airflow/.local/lib/python3.8/site-packages/airflow/example_dags/example_sla_dag.py
[2026-04-09T08:28:01.015+0000] {logging_mixin.py:188} INFO - [2026-04-09T08:28:01.015+0000] {dag.py:3033} INFO - Sync 1 DAGs
[2026-04-09T08:28:01.067+0000] {logging_mixin.py:188} INFO - [2026-04-09T08:28:01.067+0000] {dag.py:3820} INFO - Setting next_dagrun for example_sla_dag to 2026-04-09T08:26:00+00:00, run_after=2026-04-09T08:28:00+00:00
[2026-04-09T08:28:01.128+0000] {processor.py:183} INFO - Processing /home/airflow/.local/lib/python3.8/site-packages/airflow/example_dags/example_sla_dag.py took 0.228 seconds
[2026-04-09T08:28:31.627+0000] {processor.py:161} INFO - Started process (PID=2913) to work on /home/airflow/.local/lib/python3.8/site-packages/airflow/example_dags/example_sla_dag.py
[2026-04-09T08:28:31.628+0000] {processor.py:830} INFO - Processing file /home/airflow/.local/lib/python3.8/site-packages/airflow/example_dags/example_sla_dag.py for tasks to queue
[2026-04-09T08:28:31.631+0000] {logging_mixin.py:188} INFO - [2026-04-09T08:28:31.631+0000] {dagbag.py:538} INFO - Filling up the DagBag from /home/airflow/.local/lib/python3.8/site-packages/airflow/example_dags/example_sla_dag.py
[2026-04-09T08:28:31.639+0000] {processor.py:840} INFO - DAG(s) 'example_sla_dag' retrieved from /home/airflow/.local/lib/python3.8/site-packages/airflow/example_dags/example_sla_dag.py
[2026-04-09T08:28:31.662+0000] {logging_mixin.py:188} INFO - [2026-04-09T08:28:31.661+0000] {dag.py:3033} INFO - Sync 1 DAGs
[2026-04-09T08:28:31.697+0000] {logging_mixin.py:188} INFO - [2026-04-09T08:28:31.697+0000] {dag.py:3820} INFO - Setting next_dagrun for example_sla_dag to 2026-04-09T08:26:00+00:00, run_after=2026-04-09T08:28:00+00:00
[2026-04-09T08:28:31.736+0000] {processor.py:183} INFO - Processing /home/airflow/.local/lib/python3.8/site-packages/airflow/example_dags/example_sla_dag.py took 0.112 seconds
[2026-04-09T08:29:02.636+0000] {processor.py:161} INFO - Started process (PID=2974) to work on /home/airflow/.local/lib/python3.8/site-packages/airflow/example_dags/example_sla_dag.py
[2026-04-09T08:29:02.637+0000] {processor.py:830} INFO - Processing file /home/airflow/.local/lib/python3.8/site-packages/airflow/example_dags/example_sla_dag.py for tasks to queue
[2026-04-09T08:29:02.646+0000] {logging_mixin.py:188} INFO - [2026-04-09T08:29:02.645+0000] {dagbag.py:538} INFO - Filling up the DagBag from /home/airflow/.local/lib/python3.8/site-packages/airflow/example_dags/example_sla_dag.py
[2026-04-09T08:29:02.669+0000] {processor.py:840} INFO - DAG(s) 'example_sla_dag' retrieved from /home/airflow/.local/lib/python3.8/site-packages/airflow/example_dags/example_sla_dag.py
[2026-04-09T08:29:02.722+0000] {logging_mixin.py:188} INFO - [2026-04-09T08:29:02.722+0000] {dag.py:3033} INFO - Sync 1 DAGs
[2026-04-09T08:29:02.784+0000] {logging_mixin.py:188} INFO - [2026-04-09T08:29:02.784+0000] {dag.py:3820} INFO - Setting next_dagrun for example_sla_dag to 2026-04-09T08:26:00+00:00, run_after=2026-04-09T08:28:00+00:00
[2026-04-09T08:29:02.830+0000] {processor.py:183} INFO - Processing /home/airflow/.local/lib/python3.8/site-packages/airflow/example_dags/example_sla_dag.py took 0.200 seconds
[2026-04-09T08:29:32.979+0000] {processor.py:161} INFO - Started process (PID=3035) to work on /home/airflow/.local/lib/python3.8/site-packages/airflow/example_dags/example_sla_dag.py
[2026-04-09T08:29:32.980+0000] {processor.py:830} INFO - Processing file /home/airflow/.local/lib/python3.8/site-packages/airflow/example_dags/example_sla_dag.py for tasks to queue
[2026-04-09T08:29:32.983+0000] {logging_mixin.py:188} INFO - [2026-04-09T08:29:32.983+0000] {dagbag.py:538} INFO - Filling up the DagBag from /home/airflow/.local/lib/python3.8/site-packages/airflow/example_dags/example_sla_dag.py
[2026-04-09T08:29:32.993+0000] {processor.py:840} INFO - DAG(s) 'example_sla_dag' retrieved from /home/airflow/.local/lib/python3.8/site-packages/airflow/example_dags/example_sla_dag.py
[2026-04-09T08:29:33.017+0000] {logging_mixin.py:188} INFO - [2026-04-09T08:29:33.016+0000] {dag.py:3033} INFO - Sync 1 DAGs
[2026-04-09T08:29:33.043+0000] {logging_mixin.py:188} INFO - [2026-04-09T08:29:33.043+0000] {dag.py:3820} INFO - Setting next_dagrun for example_sla_dag to 2026-04-09T08:26:00+00:00, run_after=2026-04-09T08:28:00+00:00
[2026-04-09T08:29:33.058+0000] {processor.py:183} INFO - Processing /home/airflow/.local/lib/python3.8/site-packages/airflow/example_dags/example_sla_dag.py took 0.082 seconds
[2026-04-09T08:30:03.608+0000] {processor.py:161} INFO - Started process (PID=3095) to work on /home/airflow/.local/lib/python3.8/site-packages/airflow/example_dags/example_sla_dag.py
[2026-04-09T08:30:03.610+0000] {processor.py:830} INFO - Processing file /home/airflow/.local/lib/python3.8/site-packages/airflow/example_dags/example_sla_dag.py for tasks to queue
[2026-04-09T08:30:03.614+0000] {logging_mixin.py:188} INFO - [2026-04-09T08:30:03.612+0000] {dagbag.py:538} INFO - Filling up the DagBag from /home/airflow/.local/lib/python3.8/site-packages/airflow/example_dags/example_sla_dag.py
[2026-04-09T08:30:03.638+0000] {processor.py:840} INFO - DAG(s) 'example_sla_dag' retrieved from /home/airflow/.local/lib/python3.8/site-packages/airflow/example_dags/example_sla_dag.py
[2026-04-09T08:30:03.687+0000] {logging_mixin.py:188} INFO - [2026-04-09T08:30:03.687+0000] {dag.py:3033} INFO - Sync 1 DAGs
[2026-04-09T08:30:03.748+0000] {logging_mixin.py:188} INFO - [2026-04-09T08:30:03.747+0000] {dag.py:3820} INFO - Setting next_dagrun for example_sla_dag to 2026-04-09T08:28:00+00:00, run_after=2026-04-09T08:30:00+00:00
[2026-04-09T08:30:03.776+0000] {processor.py:183} INFO - Processing /home/airflow/.local/lib/python3.8/site-packages/airflow/example_dags/example_sla_dag.py took 0.172 seconds
[2026-04-09T08:30:34.539+0000] {processor.py:161} INFO - Started process (PID=3156) to work on /home/airflow/.local/lib/python3.8/site-packages/airflow/example_dags/example_sla_dag.py
[2026-04-09T08:30:34.540+0000] {processor.py:830} INFO - Processing file /home/airflow/.local/lib/python3.8/site-packages/airflow/example_dags/example_sla_dag.py for tasks to queue
[2026-04-09T08:30:34.544+0000] {logging_mixin.py:188} INFO - [2026-04-09T08:30:34.543+0000] {dagbag.py:538} INFO - Filling up the DagBag from /home/airflow/.local/lib/python3.8/site-packages/airflow/example_dags/example_sla_dag.py
[2026-04-09T08:30:34.557+0000] {processor.py:840} INFO - DAG(s) 'example_sla_dag' retrieved from /home/airflow/.local/lib/python3.8/site-packages/airflow/example_dags/example_sla_dag.py
[2026-04-09T08:30:34.586+0000] {logging_mixin.py:188} INFO - [2026-04-09T08:30:34.586+0000] {dag.py:3033} INFO - Sync 1 DAGs
[2026-04-09T08:30:34.622+0000] {logging_mixin.py:188} INFO - [2026-04-09T08:30:34.621+0000] {dag.py:3820} INFO - Setting next_dagrun for example_sla_dag to 2026-04-09T08:28:00+00:00, run_after=2026-04-09T08:30:00+00:00
[2026-04-09T08:30:34.640+0000] {processor.py:183} INFO - Processing /home/airflow/.local/lib/python3.8/site-packages/airflow/example_dags/example_sla_dag.py took 0.105 seconds
[2026-04-09T08:31:04.743+0000] {processor.py:161} INFO - Started process (PID=3217) to work on /home/airflow/.local/lib/python3.8/site-packages/airflow/example_dags/example_sla_dag.py
[2026-04-09T08:31:04.743+0000] {processor.py:830} INFO - Processing file /home/airflow/.local/lib/python3.8/site-packages/airflow/example_dags/example_sla_dag.py for tasks to queue
[2026-04-09T08:31:04.746+0000] {logging_mixin.py:188} INFO - [2026-04-09T08:31:04.745+0000] {dagbag.py:538} INFO - Filling up the DagBag from /home/airflow/.local/lib/python3.8/site-packages/airflow/example_dags/example_sla_dag.py
[2026-04-09T08:31:04.753+0000] {processor.py:840} INFO - DAG(s) 'example_sla_dag' retrieved from /home/airflow/.local/lib/python3.8/site-packages/airflow/example_dags/example_sla_dag.py
[2026-04-09T08:31:04.768+0000] {logging_mixin.py:188} INFO - [2026-04-09T08:31:04.768+0000] {dag.py:3033} INFO - Sync 1 DAGs
[2026-04-09T08:31:04.788+0000] {logging_mixin.py:188} INFO - [2026-04-09T08:31:04.788+0000] {dag.py:3820} INFO - Setting next_dagrun for example_sla_dag to 2026-04-09T08:28:00+00:00, run_after=2026-04-09T08:30:00+00:00
[2026-04-09T08:31:04.801+0000] {processor.py:183} INFO - Processing /home/airflow/.local/lib/python3.8/site-packages/airflow/example_dags/example_sla_dag.py took 0.062 seconds
[2026-04-09T08:31:35.722+0000] {processor.py:161} INFO - Started process (PID=3278) to work on /home/airflow/.local/lib/python3.8/site-packages/airflow/example_dags/example_sla_dag.py
[2026-04-09T08:31:35.724+0000] {processor.py:830} INFO - Processing file /home/airflow/.local/lib/python3.8/site-packages/airflow/example_dags/example_sla_dag.py for tasks to queue
[2026-04-09T08:31:35.728+0000] {logging_mixin.py:188} INFO - [2026-04-09T08:31:35.728+0000] {dagbag.py:538} INFO - Filling up the DagBag from /home/airflow/.local/lib/python3.8/site-packages/airflow/example_dags/example_sla_dag.py
[2026-04-09T08:31:35.742+0000] {processor.py:840} INFO - DAG(s) 'example_sla_dag' retrieved from /home/airflow/.local/lib/python3.8/site-packages/airflow/example_dags/example_sla_dag.py
[2026-04-09T08:31:35.770+0000] {logging_mixin.py:188} INFO - [2026-04-09T08:31:35.770+0000] {dag.py:3033} INFO - Sync 1 DAGs
[2026-04-09T08:31:35.802+0000] {logging_mixin.py:188} INFO - [2026-04-09T08:31:35.801+0000] {dag.py:3820} INFO - Setting next_dagrun for example_sla_dag to 2026-04-09T08:28:00+00:00, run_after=2026-04-09T08:30:00+00:00
[2026-04-09T08:31:35.818+0000] {processor.py:183} INFO - Processing /home/airflow/.local/lib/python3.8/site-packages/airflow/example_dags/example_sla_dag.py took 0.102 seconds
[2026-04-09T08:32:06.716+0000] {processor.py:161} INFO - Started process (PID=3339) to work on /home/airflow/.local/lib/python3.8/site-packages/airflow/example_dags/example_sla_dag.py
[2026-04-09T08:32:06.721+0000] {processor.py:830} INFO - Processing file /home/airflow/.local/lib/python3.8/site-packages/airflow/example_dags/example_sla_dag.py for tasks to queue
[2026-04-09T08:32:06.739+0000] {logging_mixin.py:188} INFO - [2026-04-09T08:32:06.738+0000] {dagbag.py:538} INFO - Filling up the DagBag from /home/airflow/.local/lib/python3.8/site-packages/airflow/example_dags/example_sla_dag.py
[2026-04-09T08:32:06.773+0000] {processor.py:840} INFO - DAG(s) 'example_sla_dag' retrieved from /home/airflow/.local/lib/python3.8/site-packages/airflow/example_dags/example_sla_dag.py
[2026-04-09T08:32:06.810+0000] {logging_mixin.py:188} INFO - [2026-04-09T08:32:06.810+0000] {dag.py:3033} INFO - Sync 1 DAGs
[2026-04-09T08:32:06.870+0000] {logging_mixin.py:188} INFO - [2026-04-09T08:32:06.870+0000] {dag.py:3820} INFO - Setting next_dagrun for example_sla_dag to 2026-04-09T08:30:00+00:00, run_after=2026-04-09T08:32:00+00:00
[2026-04-09T08:32:06.961+0000] {processor.py:183} INFO - Processing /home/airflow/.local/lib/python3.8/site-packages/airflow/example_dags/example_sla_dag.py took 0.259 seconds
[2026-04-09T08:32:37.191+0000] {processor.py:161} INFO - Started process (PID=3401) to work on /home/airflow/.local/lib/python3.8/site-packages/airflow/example_dags/example_sla_dag.py
[2026-04-09T08:32:37.196+0000] {processor.py:830} INFO - Processing file /home/airflow/.local/lib/python3.8/site-packages/airflow/example_dags/example_sla_dag.py for tasks to queue
[2026-04-09T08:32:37.200+0000] {logging_mixin.py:188} INFO - [2026-04-09T08:32:37.200+0000] {dagbag.py:538} INFO - Filling up the DagBag from /home/airflow/.local/lib/python3.8/site-packages/airflow/example_dags/example_sla_dag.py
[2026-04-09T08:32:37.211+0000] {processor.py:840} INFO - DAG(s) 'example_sla_dag' retrieved from /home/airflow/.local/lib/python3.8/site-packages/airflow/example_dags/example_sla_dag.py
[2026-04-09T08:32:37.241+0000] {logging_mixin.py:188} INFO - [2026-04-09T08:32:37.241+0000] {dag.py:3033} INFO - Sync 1 DAGs
[2026-04-09T08:32:37.272+0000] {logging_mixin.py:188} INFO - [2026-04-09T08:32:37.271+0000] {dag.py:3820} INFO - Setting next_dagrun for example_sla_dag to 2026-04-09T08:30:00+00:00, run_after=2026-04-09T08:32:00+00:00
[2026-04-09T08:32:37.292+0000] {processor.py:183} INFO - Processing /home/airflow/.local/lib/python3.8/site-packages/airflow/example_dags/example_sla_dag.py took 0.109 seconds
[2026-04-09T08:33:07.663+0000] {processor.py:161} INFO - Started process (PID=3462) to work on /home/airflow/.local/lib/python3.8/site-packages/airflow/example_dags/example_sla_dag.py
[2026-04-09T08:33:07.667+0000] {processor.py:830} INFO - Processing file /home/airflow/.local/lib/python3.8/site-packages/airflow/example_dags/example_sla_dag.py for tasks to queue
[2026-04-09T08:33:07.671+0000] {logging_mixin.py:188} INFO - [2026-04-09T08:33:07.670+0000] {dagbag.py:538} INFO - Filling up the DagBag from /home/airflow/.local/lib/python3.8/site-packages/airflow/example_dags/example_sla_dag.py
[2026-04-09T08:33:07.686+0000] {processor.py:840} INFO - DAG(s) 'example_sla_dag' retrieved from /home/airflow/.local/lib/python3.8/site-packages/airflow/example_dags/example_sla_dag.py
[2026-04-09T08:33:07.747+0000] {logging_mixin.py:188} INFO - [2026-04-09T08:33:07.746+0000] {dag.py:3033} INFO - Sync 1 DAGs
[2026-04-09T08:33:07.802+0000] {logging_mixin.py:188} INFO - [2026-04-09T08:33:07.802+0000] {dag.py:3820} INFO - Setting next_dagrun for example_sla_dag to 2026-04-09T08:30:00+00:00, run_after=2026-04-09T08:32:00+00:00
[2026-04-09T08:33:07.841+0000] {processor.py:183} INFO - Processing /home/airflow/.local/lib/python3.8/site-packages/airflow/example_dags/example_sla_dag.py took 0.182 seconds
[2026-04-09T08:33:38.474+0000] {processor.py:161} INFO - Started process (PID=3529) to work on /home/airflow/.local/lib/python3.8/site-packages/airflow/example_dags/example_sla_dag.py
[2026-04-09T08:33:38.493+0000] {processor.py:830} INFO - Processing file /home/airflow/.local/lib/python3.8/site-packages/airflow/example_dags/example_sla_dag.py for tasks to queue
[2026-04-09T08:33:38.504+0000] {logging_mixin.py:188} INFO - [2026-04-09T08:33:38.503+0000] {dagbag.py:538} INFO - Filling up the DagBag from /home/airflow/.local/lib/python3.8/site-packages/airflow/example_dags/example_sla_dag.py
[2026-04-09T08:33:38.528+0000] {processor.py:840} INFO - DAG(s) 'example_sla_dag' retrieved from /home/airflow/.local/lib/python3.8/site-packages/airflow/example_dags/example_sla_dag.py
[2026-04-09T08:33:38.611+0000] {logging_mixin.py:188} INFO - [2026-04-09T08:33:38.610+0000] {dag.py:3033} INFO - Sync 1 DAGs
[2026-04-09T08:33:38.656+0000] {logging_mixin.py:188} INFO - [2026-04-09T08:33:38.655+0000] {dag.py:3820} INFO - Setting next_dagrun for example_sla_dag to 2026-04-09T08:30:00+00:00, run_after=2026-04-09T08:32:00+00:00
[2026-04-09T08:33:38.793+0000] {processor.py:183} INFO - Processing /home/airflow/.local/lib/python3.8/site-packages/airflow/example_dags/example_sla_dag.py took 0.335 seconds
[2026-04-09T08:34:09.527+0000] {processor.py:161} INFO - Started process (PID=3590) to work on /home/airflow/.local/lib/python3.8/site-packages/airflow/example_dags/example_sla_dag.py
[2026-04-09T08:34:09.529+0000] {processor.py:830} INFO - Processing file /home/airflow/.local/lib/python3.8/site-packages/airflow/example_dags/example_sla_dag.py for tasks to queue
[2026-04-09T08:34:09.533+0000] {logging_mixin.py:188} INFO - [2026-04-09T08:34:09.531+0000] {dagbag.py:538} INFO - Filling up the DagBag from /home/airflow/.local/lib/python3.8/site-packages/airflow/example_dags/example_sla_dag.py
[2026-04-09T08:34:09.547+0000] {processor.py:840} INFO - DAG(s) 'example_sla_dag' retrieved from /home/airflow/.local/lib/python3.8/site-packages/airflow/example_dags/example_sla_dag.py
[2026-04-09T08:34:09.568+0000] {logging_mixin.py:188} INFO - [2026-04-09T08:34:09.568+0000] {dag.py:3033} INFO - Sync 1 DAGs
[2026-04-09T08:34:09.598+0000] {logging_mixin.py:188} INFO - [2026-04-09T08:34:09.598+0000] {dag.py:3820} INFO - Setting next_dagrun for example_sla_dag to 2026-04-09T08:32:00+00:00, run_after=2026-04-09T08:34:00+00:00
[2026-04-09T08:34:09.615+0000] {processor.py:183} INFO - Processing /home/airflow/.local/lib/python3.8/site-packages/airflow/example_dags/example_sla_dag.py took 0.091 seconds
[2026-04-09T08:34:40.155+0000] {processor.py:161} INFO - Started process (PID=3651) to work on /home/airflow/.local/lib/python3.8/site-packages/airflow/example_dags/example_sla_dag.py
[2026-04-09T08:34:40.156+0000] {processor.py:830} INFO - Processing file /home/airflow/.local/lib/python3.8/site-packages/airflow/example_dags/example_sla_dag.py for tasks to queue
[2026-04-09T08:34:40.159+0000] {logging_mixin.py:188} INFO - [2026-04-09T08:34:40.158+0000] {dagbag.py:538} INFO - Filling up the DagBag from /home/airflow/.local/lib/python3.8/site-packages/airflow/example_dags/example_sla_dag.py
[2026-04-09T08:34:40.170+0000] {processor.py:840} INFO - DAG(s) 'example_sla_dag' retrieved from /home/airflow/.local/lib/python3.8/site-packages/airflow/example_dags/example_sla_dag.py
[2026-04-09T08:34:40.195+0000] {logging_mixin.py:188} INFO - [2026-04-09T08:34:40.195+0000] {dag.py:3033} INFO - Sync 1 DAGs
[2026-04-09T08:34:40.256+0000] {logging_mixin.py:188} INFO - [2026-04-09T08:34:40.256+0000] {dag.py:3820} INFO - Setting next_dagrun for example_sla_dag to 2026-04-09T08:32:00+00:00, run_after=2026-04-09T08:34:00+00:00
[2026-04-09T08:34:40.279+0000] {processor.py:183} INFO - Processing /home/airflow/.local/lib/python3.8/site-packages/airflow/example_dags/example_sla_dag.py took 0.127 seconds
[2026-04-09T08:35:10.663+0000] {processor.py:161} INFO - Started process (PID=3712) to work on /home/airflow/.local/lib/python3.8/site-packages/airflow/example_dags/example_sla_dag.py
[2026-04-09T08:35:10.664+0000] {processor.py:830} INFO - Processing file /home/airflow/.local/lib/python3.8/site-packages/airflow/example_dags/example_sla_dag.py for tasks to queue
[2026-04-09T08:35:10.666+0000] {logging_mixin.py:188} INFO - [2026-04-09T08:35:10.666+0000] {dagbag.py:538} INFO - Filling up the DagBag from /home/airflow/.local/lib/python3.8/site-packages/airflow/example_dags/example_sla_dag.py
[2026-04-09T08:35:10.673+0000] {processor.py:840} INFO - DAG(s) 'example_sla_dag' retrieved from /home/airflow/.local/lib/python3.8/site-packages/airflow/example_dags/example_sla_dag.py
[2026-04-09T08:35:10.690+0000] {logging_mixin.py:188} INFO - [2026-04-09T08:35:10.690+0000] {dag.py:3033} INFO - Sync 1 DAGs
[2026-04-09T08:35:10.711+0000] {logging_mixin.py:188} INFO - [2026-04-09T08:35:10.711+0000] {dag.py:3820} INFO - Setting next_dagrun for example_sla_dag to 2026-04-09T08:32:00+00:00, run_after=2026-04-09T08:34:00+00:00
[2026-04-09T08:35:10.726+0000] {processor.py:183} INFO - Processing /home/airflow/.local/lib/python3.8/site-packages/airflow/example_dags/example_sla_dag.py took 0.066 seconds
[2026-04-09T08:35:41.133+0000] {processor.py:161} INFO - Started process (PID=3773) to work on /home/airflow/.local/lib/python3.8/site-packages/airflow/example_dags/example_sla_dag.py
[2026-04-09T08:35:41.142+0000] {processor.py:830} INFO - Processing file /home/airflow/.local/lib/python3.8/site-packages/airflow/example_dags/example_sla_dag.py for tasks to queue
[2026-04-09T08:35:41.148+0000] {logging_mixin.py:188} INFO - [2026-04-09T08:35:41.147+0000] {dagbag.py:538} INFO - Filling up the DagBag from /home/airflow/.local/lib/python3.8/site-packages/airflow/example_dags/example_sla_dag.py
[2026-04-09T08:35:41.171+0000] {processor.py:840} INFO - DAG(s) 'example_sla_dag' retrieved from /home/airflow/.local/lib/python3.8/site-packages/airflow/example_dags/example_sla_dag.py
[2026-04-09T08:35:41.222+0000] {logging_mixin.py:188} INFO - [2026-04-09T08:35:41.221+0000] {dag.py:3033} INFO - Sync 1 DAGs
[2026-04-09T08:35:41.276+0000] {logging_mixin.py:188} INFO - [2026-04-09T08:35:41.276+0000] {dag.py:3820} INFO - Setting next_dagrun for example_sla_dag to 2026-04-09T08:32:00+00:00, run_after=2026-04-09T08:34:00+00:00
[2026-04-09T08:35:41.296+0000] {processor.py:183} INFO - Processing /home/airflow/.local/lib/python3.8/site-packages/airflow/example_dags/example_sla_dag.py took 0.169 seconds
[2026-04-09T08:36:11.696+0000] {processor.py:161} INFO - Started process (PID=3834) to work on /home/airflow/.local/lib/python3.8/site-packages/airflow/example_dags/example_sla_dag.py
[2026-04-09T08:36:11.700+0000] {processor.py:830} INFO - Processing file /home/airflow/.local/lib/python3.8/site-packages/airflow/example_dags/example_sla_dag.py for tasks to queue
[2026-04-09T08:36:11.703+0000] {logging_mixin.py:188} INFO - [2026-04-09T08:36:11.702+0000] {dagbag.py:538} INFO - Filling up the DagBag from /home/airflow/.local/lib/python3.8/site-packages/airflow/example_dags/example_sla_dag.py
[2026-04-09T08:36:11.717+0000] {processor.py:840} INFO - DAG(s) 'example_sla_dag' retrieved from /home/airflow/.local/lib/python3.8/site-packages/airflow/example_dags/example_sla_dag.py
[2026-04-09T08:36:11.739+0000] {logging_mixin.py:188} INFO - [2026-04-09T08:36:11.739+0000] {dag.py:3033} INFO - Sync 1 DAGs
[2026-04-09T08:36:11.770+0000] {logging_mixin.py:188} INFO - [2026-04-09T08:36:11.770+0000] {dag.py:3820} INFO - Setting next_dagrun for example_sla_dag to 2026-04-09T08:34:00+00:00, run_after=2026-04-09T08:36:00+00:00
[2026-04-09T08:36:11.789+0000] {processor.py:183} INFO - Processing /home/airflow/.local/lib/python3.8/site-packages/airflow/example_dags/example_sla_dag.py took 0.096 seconds
[2026-04-09T08:36:42.348+0000] {processor.py:161} INFO - Started process (PID=3895) to work on /home/airflow/.local/lib/python3.8/site-packages/airflow/example_dags/example_sla_dag.py
[2026-04-09T08:36:42.350+0000] {processor.py:830} INFO - Processing file /home/airflow/.local/lib/python3.8/site-packages/airflow/example_dags/example_sla_dag.py for tasks to queue
[2026-04-09T08:36:42.355+0000] {logging_mixin.py:188} INFO - [2026-04-09T08:36:42.354+0000] {dagbag.py:538} INFO - Filling up the DagBag from /home/airflow/.local/lib/python3.8/site-packages/airflow/example_dags/example_sla_dag.py
[2026-04-09T08:36:42.376+0000] {processor.py:840} INFO - DAG(s) 'example_sla_dag' retrieved from /home/airflow/.local/lib/python3.8/site-packages/airflow/example_dags/example_sla_dag.py
[2026-04-09T08:36:42.437+0000] {logging_mixin.py:188} INFO - [2026-04-09T08:36:42.437+0000] {dag.py:3033} INFO - Sync 1 DAGs
[2026-04-09T08:36:42.502+0000] {logging_mixin.py:188} INFO - [2026-04-09T08:36:42.502+0000] {dag.py:3820} INFO - Setting next_dagrun for example_sla_dag to 2026-04-09T08:34:00+00:00, run_after=2026-04-09T08:36:00+00:00
[2026-04-09T08:36:42.522+0000] {processor.py:183} INFO - Processing /home/airflow/.local/lib/python3.8/site-packages/airflow/example_dags/example_sla_dag.py took 0.183 seconds
[2026-04-09T08:37:13.001+0000] {processor.py:161} INFO - Started process (PID=3956) to work on /home/airflow/.local/lib/python3.8/site-packages/airflow/example_dags/example_sla_dag.py
[2026-04-09T08:37:13.003+0000] {processor.py:830} INFO - Processing file /home/airflow/.local/lib/python3.8/site-packages/airflow/example_dags/example_sla_dag.py for tasks to queue
[2026-04-09T08:37:13.014+0000] {logging_mixin.py:188} INFO - [2026-04-09T08:37:13.014+0000] {dagbag.py:538} INFO - Filling up the DagBag from /home/airflow/.local/lib/python3.8/site-packages/airflow/example_dags/example_sla_dag.py
[2026-04-09T08:37:13.046+0000] {processor.py:840} INFO - DAG(s) 'example_sla_dag' retrieved from /home/airflow/.local/lib/python3.8/site-packages/airflow/example_dags/example_sla_dag.py
[2026-04-09T08:37:13.085+0000] {logging_mixin.py:188} INFO - [2026-04-09T08:37:13.085+0000] {dag.py:3033} INFO - Sync 1 DAGs
[2026-04-09T08:37:13.129+0000] {logging_mixin.py:188} INFO - [2026-04-09T08:37:13.129+0000] {dag.py:3820} INFO - Setting next_dagrun for example_sla_dag to 2026-04-09T08:34:00+00:00, run_after=2026-04-09T08:36:00+00:00
[2026-04-09T08:37:13.166+0000] {processor.py:183} INFO - Processing /home/airflow/.local/lib/python3.8/site-packages/airflow/example_dags/example_sla_dag.py took 0.177 seconds
[2026-04-09T08:37:43.414+0000] {processor.py:161} INFO - Started process (PID=4017) to work on /home/airflow/.local/lib/python3.8/site-packages/airflow/example_dags/example_sla_dag.py
[2026-04-09T08:37:43.415+0000] {processor.py:830} INFO - Processing file /home/airflow/.local/lib/python3.8/site-packages/airflow/example_dags/example_sla_dag.py for tasks to queue
[2026-04-09T08:37:43.417+0000] {logging_mixin.py:188} INFO - [2026-04-09T08:37:43.417+0000] {dagbag.py:538} INFO - Filling up the DagBag from /home/airflow/.local/lib/python3.8/site-packages/airflow/example_dags/example_sla_dag.py
[2026-04-09T08:37:43.427+0000] {processor.py:840} INFO - DAG(s) 'example_sla_dag' retrieved from /home/airflow/.local/lib/python3.8/site-packages/airflow/example_dags/example_sla_dag.py
[2026-04-09T08:37:43.450+0000] {logging_mixin.py:188} INFO - [2026-04-09T08:37:43.449+0000] {dag.py:3033} INFO - Sync 1 DAGs
[2026-04-09T08:37:43.482+0000] {logging_mixin.py:188} INFO - [2026-04-09T08:37:43.482+0000] {dag.py:3820} INFO - Setting next_dagrun for example_sla_dag to 2026-04-09T08:34:00+00:00, run_after=2026-04-09T08:36:00+00:00
[2026-04-09T08:37:43.500+0000] {processor.py:183} INFO - Processing /home/airflow/.local/lib/python3.8/site-packages/airflow/example_dags/example_sla_dag.py took 0.089 seconds
[2026-04-09T08:38:13.890+0000] {processor.py:161} INFO - Started process (PID=4078) to work on /home/airflow/.local/lib/python3.8/site-packages/airflow/example_dags/example_sla_dag.py
[2026-04-09T08:38:13.891+0000] {processor.py:830} INFO - Processing file /home/airflow/.local/lib/python3.8/site-packages/airflow/example_dags/example_sla_dag.py for tasks to queue
[2026-04-09T08:38:13.893+0000] {logging_mixin.py:188} INFO - [2026-04-09T08:38:13.893+0000] {dagbag.py:538} INFO - Filling up the DagBag from /home/airflow/.local/lib/python3.8/site-packages/airflow/example_dags/example_sla_dag.py
[2026-04-09T08:38:13.902+0000] {processor.py:840} INFO - DAG(s) 'example_sla_dag' retrieved from /home/airflow/.local/lib/python3.8/site-packages/airflow/example_dags/example_sla_dag.py
[2026-04-09T08:38:13.925+0000] {logging_mixin.py:188} INFO - [2026-04-09T08:38:13.925+0000] {dag.py:3033} INFO - Sync 1 DAGs
[2026-04-09T08:38:13.954+0000] {logging_mixin.py:188} INFO - [2026-04-09T08:38:13.954+0000] {dag.py:3820} INFO - Setting next_dagrun for example_sla_dag to 2026-04-09T08:36:00+00:00, run_after=2026-04-09T08:38:00+00:00
[2026-04-09T08:38:13.972+0000] {processor.py:183} INFO - Processing /home/airflow/.local/lib/python3.8/site-packages/airflow/example_dags/example_sla_dag.py took 0.085 seconds
[2026-04-09T08:38:44.519+0000] {processor.py:161} INFO - Started process (PID=4139) to work on /home/airflow/.local/lib/python3.8/site-packages/airflow/example_dags/example_sla_dag.py
[2026-04-09T08:38:44.522+0000] {processor.py:830} INFO - Processing file /home/airflow/.local/lib/python3.8/site-packages/airflow/example_dags/example_sla_dag.py for tasks to queue
[2026-04-09T08:38:44.525+0000] {logging_mixin.py:188} INFO - [2026-04-09T08:38:44.525+0000] {dagbag.py:538} INFO - Filling up the DagBag from /home/airflow/.local/lib/python3.8/site-packages/airflow/example_dags/example_sla_dag.py
[2026-04-09T08:38:44.544+0000] {processor.py:840} INFO - DAG(s) 'example_sla_dag' retrieved from /home/airflow/.local/lib/python3.8/site-packages/airflow/example_dags/example_sla_dag.py
[2026-04-09T08:38:44.583+0000] {logging_mixin.py:188} INFO - [2026-04-09T08:38:44.583+0000] {dag.py:3033} INFO - Sync 1 DAGs
[2026-04-09T08:38:44.654+0000] {logging_mixin.py:188} INFO - [2026-04-09T08:38:44.654+0000] {dag.py:3820} INFO - Setting next_dagrun for example_sla_dag to 2026-04-09T08:36:00+00:00, run_after=2026-04-09T08:38:00+00:00
[2026-04-09T08:38:44.683+0000] {processor.py:183} INFO - Processing /home/airflow/.local/lib/python3.8/site-packages/airflow/example_dags/example_sla_dag.py took 0.173 seconds
[2026-04-09T08:39:14.786+0000] {processor.py:161} INFO - Started process (PID=4200) to work on /home/airflow/.local/lib/python3.8/site-packages/airflow/example_dags/example_sla_dag.py
[2026-04-09T08:39:14.788+0000] {processor.py:830} INFO - Processing file /home/airflow/.local/lib/python3.8/site-packages/airflow/example_dags/example_sla_dag.py for tasks to queue
[2026-04-09T08:39:14.790+0000] {logging_mixin.py:188} INFO - [2026-04-09T08:39:14.790+0000] {dagbag.py:538} INFO - Filling up the DagBag from /home/airflow/.local/lib/python3.8/site-packages/airflow/example_dags/example_sla_dag.py
[2026-04-09T08:39:14.804+0000] {processor.py:840} INFO - DAG(s) 'example_sla_dag' retrieved from /home/airflow/.local/lib/python3.8/site-packages/airflow/example_dags/example_sla_dag.py
[2026-04-09T08:39:14.828+0000] {logging_mixin.py:188} INFO - [2026-04-09T08:39:14.828+0000] {dag.py:3033} INFO - Sync 1 DAGs
[2026-04-09T08:39:14.857+0000] {logging_mixin.py:188} INFO - [2026-04-09T08:39:14.857+0000] {dag.py:3820} INFO - Setting next_dagrun for example_sla_dag to 2026-04-09T08:36:00+00:00, run_after=2026-04-09T08:38:00+00:00
[2026-04-09T08:39:14.878+0000] {processor.py:183} INFO - Processing /home/airflow/.local/lib/python3.8/site-packages/airflow/example_dags/example_sla_dag.py took 0.095 seconds
[2026-04-09T08:39:45.479+0000] {processor.py:161} INFO - Started process (PID=4261) to work on /home/airflow/.local/lib/python3.8/site-packages/airflow/example_dags/example_sla_dag.py
[2026-04-09T08:39:45.480+0000] {processor.py:830} INFO - Processing file /home/airflow/.local/lib/python3.8/site-packages/airflow/example_dags/example_sla_dag.py for tasks to queue
[2026-04-09T08:39:45.482+0000] {logging_mixin.py:188} INFO - [2026-04-09T08:39:45.482+0000] {dagbag.py:538} INFO - Filling up the DagBag from /home/airflow/.local/lib/python3.8/site-packages/airflow/example_dags/example_sla_dag.py
[2026-04-09T08:39:45.492+0000] {processor.py:840} INFO - DAG(s) 'example_sla_dag' retrieved from /home/airflow/.local/lib/python3.8/site-packages/airflow/example_dags/example_sla_dag.py
[2026-04-09T08:39:45.514+0000] {logging_mixin.py:188} INFO - [2026-04-09T08:39:45.514+0000] {dag.py:3033} INFO - Sync 1 DAGs
[2026-04-09T08:39:45.543+0000] {logging_mixin.py:188} INFO - [2026-04-09T08:39:45.543+0000] {dag.py:3820} INFO - Setting next_dagrun for example_sla_dag to 2026-04-09T08:36:00+00:00, run_after=2026-04-09T08:38:00+00:00
[2026-04-09T08:39:45.561+0000] {processor.py:183} INFO - Processing /home/airflow/.local/lib/python3.8/site-packages/airflow/example_dags/example_sla_dag.py took 0.086 seconds
[2026-04-09T08:40:15.872+0000] {processor.py:161} INFO - Started process (PID=4322) to work on /home/airflow/.local/lib/python3.8/site-packages/airflow/example_dags/example_sla_dag.py
[2026-04-09T08:40:15.873+0000] {processor.py:830} INFO - Processing file /home/airflow/.local/lib/python3.8/site-packages/airflow/example_dags/example_sla_dag.py for tasks to queue
[2026-04-09T08:40:15.875+0000] {logging_mixin.py:188} INFO - [2026-04-09T08:40:15.875+0000] {dagbag.py:538} INFO - Filling up the DagBag from /home/airflow/.local/lib/python3.8/site-packages/airflow/example_dags/example_sla_dag.py
[2026-04-09T08:40:15.884+0000] {processor.py:840} INFO - DAG(s) 'example_sla_dag' retrieved from /home/airflow/.local/lib/python3.8/site-packages/airflow/example_dags/example_sla_dag.py
[2026-04-09T08:40:15.905+0000] {logging_mixin.py:188} INFO - [2026-04-09T08:40:15.905+0000] {dag.py:3033} INFO - Sync 1 DAGs
[2026-04-09T08:40:15.933+0000] {logging_mixin.py:188} INFO - [2026-04-09T08:40:15.933+0000] {dag.py:3820} INFO - Setting next_dagrun for example_sla_dag to 2026-04-09T08:38:00+00:00, run_after=2026-04-09T08:40:00+00:00
[2026-04-09T08:40:15.956+0000] {processor.py:183} INFO - Processing /home/airflow/.local/lib/python3.8/site-packages/airflow/example_dags/example_sla_dag.py took 0.087 seconds
[2026-04-09T08:40:46.793+0000] {processor.py:161} INFO - Started process (PID=4383) to work on /home/airflow/.local/lib/python3.8/site-packages/airflow/example_dags/example_sla_dag.py
[2026-04-09T08:40:46.794+0000] {processor.py:830} INFO - Processing file /home/airflow/.local/lib/python3.8/site-packages/airflow/example_dags/example_sla_dag.py for tasks to queue
[2026-04-09T08:40:46.799+0000] {logging_mixin.py:188} INFO - [2026-04-09T08:40:46.799+0000] {dagbag.py:538} INFO - Filling up the DagBag from /home/airflow/.local/lib/python3.8/site-packages/airflow/example_dags/example_sla_dag.py
[2026-04-09T08:40:46.823+0000] {processor.py:840} INFO - DAG(s) 'example_sla_dag' retrieved from /home/airflow/.local/lib/python3.8/site-packages/airflow/example_dags/example_sla_dag.py
[2026-04-09T08:40:46.925+0000] {logging_mixin.py:188} INFO - [2026-04-09T08:40:46.925+0000] {dag.py:3033} INFO - Sync 1 DAGs
[2026-04-09T08:40:46.991+0000] {logging_mixin.py:188} INFO - [2026-04-09T08:40:46.991+0000] {dag.py:3820} INFO - Setting next_dagrun for example_sla_dag to 2026-04-09T08:38:00+00:00, run_after=2026-04-09T08:40:00+00:00
[2026-04-09T08:40:47.007+0000] {processor.py:183} INFO - Processing /home/airflow/.local/lib/python3.8/site-packages/airflow/example_dags/example_sla_dag.py took 0.224 seconds
[2026-04-09T08:41:17.767+0000] {processor.py:161} INFO - Started process (PID=4444) to work on /home/airflow/.local/lib/python3.8/site-packages/airflow/example_dags/example_sla_dag.py
[2026-04-09T08:41:17.768+0000] {processor.py:830} INFO - Processing file /home/airflow/.local/lib/python3.8/site-packages/airflow/example_dags/example_sla_dag.py for tasks to queue
[2026-04-09T08:41:17.770+0000] {logging_mixin.py:188} INFO - [2026-04-09T08:41:17.770+0000] {dagbag.py:538} INFO - Filling up the DagBag from /home/airflow/.local/lib/python3.8/site-packages/airflow/example_dags/example_sla_dag.py
[2026-04-09T08:41:17.779+0000] {processor.py:840} INFO - DAG(s) 'example_sla_dag' retrieved from /home/airflow/.local/lib/python3.8/site-packages/airflow/example_dags/example_sla_dag.py
[2026-04-09T08:41:17.801+0000] {logging_mixin.py:188} INFO - [2026-04-09T08:41:17.801+0000] {dag.py:3033} INFO - Sync 1 DAGs
[2026-04-09T08:41:17.830+0000] {logging_mixin.py:188} INFO - [2026-04-09T08:41:17.830+0000] {dag.py:3820} INFO - Setting next_dagrun for example_sla_dag to 2026-04-09T08:38:00+00:00, run_after=2026-04-09T08:40:00+00:00
[2026-04-09T08:41:17.847+0000] {processor.py:183} INFO - Processing /home/airflow/.local/lib/python3.8/site-packages/airflow/example_dags/example_sla_dag.py took 0.084 seconds
[2026-04-09T08:41:48.725+0000] {processor.py:161} INFO - Started process (PID=4505) to work on /home/airflow/.local/lib/python3.8/site-packages/airflow/example_dags/example_sla_dag.py
[2026-04-09T08:41:48.725+0000] {processor.py:830} INFO - Processing file /home/airflow/.local/lib/python3.8/site-packages/airflow/example_dags/example_sla_dag.py for tasks to queue
[2026-04-09T08:41:48.728+0000] {logging_mixin.py:188} INFO - [2026-04-09T08:41:48.728+0000] {dagbag.py:538} INFO - Filling up the DagBag from /home/airflow/.local/lib/python3.8/site-packages/airflow/example_dags/example_sla_dag.py
[2026-04-09T08:41:48.737+0000] {processor.py:840} INFO - DAG(s) 'example_sla_dag' retrieved from /home/airflow/.local/lib/python3.8/site-packages/airflow/example_dags/example_sla_dag.py
[2026-04-09T08:41:48.758+0000] {logging_mixin.py:188} INFO - [2026-04-09T08:41:48.758+0000] {dag.py:3033} INFO - Sync 1 DAGs
[2026-04-09T08:41:48.788+0000] {logging_mixin.py:188} INFO - [2026-04-09T08:41:48.788+0000] {dag.py:3820} INFO - Setting next_dagrun for example_sla_dag to 2026-04-09T08:38:00+00:00, run_after=2026-04-09T08:40:00+00:00
[2026-04-09T08:41:48.806+0000] {processor.py:183} INFO - Processing /home/airflow/.local/lib/python3.8/site-packages/airflow/example_dags/example_sla_dag.py took 0.086 seconds
[2026-04-09T08:42:18.932+0000] {processor.py:161} INFO - Started process (PID=4566) to work on /home/airflow/.local/lib/python3.8/site-packages/airflow/example_dags/example_sla_dag.py
[2026-04-09T08:42:18.932+0000] {processor.py:830} INFO - Processing file /home/airflow/.local/lib/python3.8/site-packages/airflow/example_dags/example_sla_dag.py for tasks to queue
[2026-04-09T08:42:18.934+0000] {logging_mixin.py:188} INFO - [2026-04-09T08:42:18.934+0000] {dagbag.py:538} INFO - Filling up the DagBag from /home/airflow/.local/lib/python3.8/site-packages/airflow/example_dags/example_sla_dag.py
[2026-04-09T08:42:18.940+0000] {processor.py:840} INFO - DAG(s) 'example_sla_dag' retrieved from /home/airflow/.local/lib/python3.8/site-packages/airflow/example_dags/example_sla_dag.py
[2026-04-09T08:42:18.956+0000] {logging_mixin.py:188} INFO - [2026-04-09T08:42:18.956+0000] {dag.py:3033} INFO - Sync 1 DAGs
[2026-04-09T08:42:18.975+0000] {logging_mixin.py:188} INFO - [2026-04-09T08:42:18.975+0000] {dag.py:3820} INFO - Setting next_dagrun for example_sla_dag to 2026-04-09T08:40:00+00:00, run_after=2026-04-09T08:42:00+00:00
[2026-04-09T08:42:18.987+0000] {processor.py:183} INFO - Processing /home/airflow/.local/lib/python3.8/site-packages/airflow/example_dags/example_sla_dag.py took 0.058 seconds
[2026-04-09T08:42:49.713+0000] {processor.py:161} INFO - Started process (PID=4627) to work on /home/airflow/.local/lib/python3.8/site-packages/airflow/example_dags/example_sla_dag.py
[2026-04-09T08:42:49.713+0000] {processor.py:830} INFO - Processing file /home/airflow/.local/lib/python3.8/site-packages/airflow/example_dags/example_sla_dag.py for tasks to queue
[2026-04-09T08:42:49.715+0000] {logging_mixin.py:188} INFO - [2026-04-09T08:42:49.715+0000] {dagbag.py:538} INFO - Filling up the DagBag from /home/airflow/.local/lib/python3.8/site-packages/airflow/example_dags/example_sla_dag.py
[2026-04-09T08:42:49.722+0000] {processor.py:840} INFO - DAG(s) 'example_sla_dag' retrieved from /home/airflow/.local/lib/python3.8/site-packages/airflow/example_dags/example_sla_dag.py
[2026-04-09T08:42:49.737+0000] {logging_mixin.py:188} INFO - [2026-04-09T08:42:49.737+0000] {dag.py:3033} INFO - Sync 1 DAGs
[2026-04-09T08:42:49.756+0000] {logging_mixin.py:188} INFO - [2026-04-09T08:42:49.756+0000] {dag.py:3820} INFO - Setting next_dagrun for example_sla_dag to 2026-04-09T08:40:00+00:00, run_after=2026-04-09T08:42:00+00:00
[2026-04-09T08:42:49.771+0000] {processor.py:183} INFO - Processing /home/airflow/.local/lib/python3.8/site-packages/airflow/example_dags/example_sla_dag.py took 0.061 seconds
[2026-04-09T08:43:20.183+0000] {processor.py:161} INFO - Started process (PID=4688) to work on /home/airflow/.local/lib/python3.8/site-packages/airflow/example_dags/example_sla_dag.py
[2026-04-09T08:43:20.184+0000] {processor.py:830} INFO - Processing file /home/airflow/.local/lib/python3.8/site-packages/airflow/example_dags/example_sla_dag.py for tasks to queue
[2026-04-09T08:43:20.187+0000] {logging_mixin.py:188} INFO - [2026-04-09T08:43:20.187+0000] {dagbag.py:538} INFO - Filling up the DagBag from /home/airflow/.local/lib/python3.8/site-packages/airflow/example_dags/example_sla_dag.py
[2026-04-09T08:43:20.193+0000] {processor.py:840} INFO - DAG(s) 'example_sla_dag' retrieved from /home/airflow/.local/lib/python3.8/site-packages/airflow/example_dags/example_sla_dag.py
[2026-04-09T08:43:20.210+0000] {logging_mixin.py:188} INFO - [2026-04-09T08:43:20.210+0000] {dag.py:3033} INFO - Sync 1 DAGs
[2026-04-09T08:43:20.228+0000] {logging_mixin.py:188} INFO - [2026-04-09T08:43:20.228+0000] {dag.py:3820} INFO - Setting next_dagrun for example_sla_dag to 2026-04-09T08:40:00+00:00, run_after=2026-04-09T08:42:00+00:00
[2026-04-09T08:43:20.241+0000] {processor.py:183} INFO - Processing /home/airflow/.local/lib/python3.8/site-packages/airflow/example_dags/example_sla_dag.py took 0.062 seconds
[2026-04-09T08:43:50.924+0000] {processor.py:161} INFO - Started process (PID=4749) to work on /home/airflow/.local/lib/python3.8/site-packages/airflow/example_dags/example_sla_dag.py
[2026-04-09T08:43:50.924+0000] {processor.py:830} INFO - Processing file /home/airflow/.local/lib/python3.8/site-packages/airflow/example_dags/example_sla_dag.py for tasks to queue
[2026-04-09T08:43:50.928+0000] {logging_mixin.py:188} INFO - [2026-04-09T08:43:50.927+0000] {dagbag.py:538} INFO - Filling up the DagBag from /home/airflow/.local/lib/python3.8/site-packages/airflow/example_dags/example_sla_dag.py
[2026-04-09T08:43:50.936+0000] {processor.py:840} INFO - DAG(s) 'example_sla_dag' retrieved from /home/airflow/.local/lib/python3.8/site-packages/airflow/example_dags/example_sla_dag.py
[2026-04-09T08:43:50.952+0000] {logging_mixin.py:188} INFO - [2026-04-09T08:43:50.951+0000] {dag.py:3033} INFO - Sync 1 DAGs
[2026-04-09T08:43:50.969+0000] {logging_mixin.py:188} INFO - [2026-04-09T08:43:50.969+0000] {dag.py:3820} INFO - Setting next_dagrun for example_sla_dag to 2026-04-09T08:40:00+00:00, run_after=2026-04-09T08:42:00+00:00
[2026-04-09T08:43:50.982+0000] {processor.py:183} INFO - Processing /home/airflow/.local/lib/python3.8/site-packages/airflow/example_dags/example_sla_dag.py took 0.062 seconds
[2026-04-09T08:44:21.814+0000] {processor.py:161} INFO - Started process (PID=4810) to work on /home/airflow/.local/lib/python3.8/site-packages/airflow/example_dags/example_sla_dag.py
[2026-04-09T08:44:21.815+0000] {processor.py:830} INFO - Processing file /home/airflow/.local/lib/python3.8/site-packages/airflow/example_dags/example_sla_dag.py for tasks to queue
[2026-04-09T08:44:21.817+0000] {logging_mixin.py:188} INFO - [2026-04-09T08:44:21.816+0000] {dagbag.py:538} INFO - Filling up the DagBag from /home/airflow/.local/lib/python3.8/site-packages/airflow/example_dags/example_sla_dag.py
[2026-04-09T08:44:21.823+0000] {processor.py:840} INFO - DAG(s) 'example_sla_dag' retrieved from /home/airflow/.local/lib/python3.8/site-packages/airflow/example_dags/example_sla_dag.py
[2026-04-09T08:44:21.838+0000] {logging_mixin.py:188} INFO - [2026-04-09T08:44:21.837+0000] {dag.py:3033} INFO - Sync 1 DAGs
[2026-04-09T08:44:21.855+0000] {logging_mixin.py:188} INFO - [2026-04-09T08:44:21.855+0000] {dag.py:3820} INFO - Setting next_dagrun for example_sla_dag to 2026-04-09T08:42:00+00:00, run_after=2026-04-09T08:44:00+00:00
[2026-04-09T08:44:21.868+0000] {processor.py:183} INFO - Processing /home/airflow/.local/lib/python3.8/site-packages/airflow/example_dags/example_sla_dag.py took 0.056 seconds
[2026-04-09T08:44:52.387+0000] {processor.py:161} INFO - Started process (PID=4872) to work on /home/airflow/.local/lib/python3.8/site-packages/airflow/example_dags/example_sla_dag.py
[2026-04-09T08:44:52.388+0000] {processor.py:830} INFO - Processing file /home/airflow/.local/lib/python3.8/site-packages/airflow/example_dags/example_sla_dag.py for tasks to queue
[2026-04-09T08:44:52.390+0000] {logging_mixin.py:188} INFO - [2026-04-09T08:44:52.389+0000] {dagbag.py:538} INFO - Filling up the DagBag from /home/airflow/.local/lib/python3.8/site-packages/airflow/example_dags/example_sla_dag.py
[2026-04-09T08:44:52.399+0000] {processor.py:840} INFO - DAG(s) 'example_sla_dag' retrieved from /home/airflow/.local/lib/python3.8/site-packages/airflow/example_dags/example_sla_dag.py
[2026-04-09T08:44:52.444+0000] {logging_mixin.py:188} INFO - [2026-04-09T08:44:52.444+0000] {dag.py:3033} INFO - Sync 1 DAGs
[2026-04-09T08:44:52.502+0000] {logging_mixin.py:188} INFO - [2026-04-09T08:44:52.501+0000] {dag.py:3820} INFO - Setting next_dagrun for example_sla_dag to 2026-04-09T08:42:00+00:00, run_after=2026-04-09T08:44:00+00:00
[2026-04-09T08:44:52.549+0000] {processor.py:183} INFO - Processing /home/airflow/.local/lib/python3.8/site-packages/airflow/example_dags/example_sla_dag.py took 0.166 seconds
[2026-04-09T08:45:22.742+0000] {processor.py:161} INFO - Started process (PID=4933) to work on /home/airflow/.local/lib/python3.8/site-packages/airflow/example_dags/example_sla_dag.py
[2026-04-09T08:45:22.743+0000] {processor.py:830} INFO - Processing file /home/airflow/.local/lib/python3.8/site-packages/airflow/example_dags/example_sla_dag.py for tasks to queue
[2026-04-09T08:45:22.745+0000] {logging_mixin.py:188} INFO - [2026-04-09T08:45:22.745+0000] {dagbag.py:538} INFO - Filling up the DagBag from /home/airflow/.local/lib/python3.8/site-packages/airflow/example_dags/example_sla_dag.py
[2026-04-09T08:45:22.754+0000] {processor.py:840} INFO - DAG(s) 'example_sla_dag' retrieved from /home/airflow/.local/lib/python3.8/site-packages/airflow/example_dags/example_sla_dag.py
[2026-04-09T08:45:22.773+0000] {logging_mixin.py:188} INFO - [2026-04-09T08:45:22.773+0000] {dag.py:3033} INFO - Sync 1 DAGs
[2026-04-09T08:45:22.803+0000] {logging_mixin.py:188} INFO - [2026-04-09T08:45:22.803+0000] {dag.py:3820} INFO - Setting next_dagrun for example_sla_dag to 2026-04-09T08:42:00+00:00, run_after=2026-04-09T08:44:00+00:00
[2026-04-09T08:45:22.821+0000] {processor.py:183} INFO - Processing /home/airflow/.local/lib/python3.8/site-packages/airflow/example_dags/example_sla_dag.py took 0.082 seconds
[2026-04-09T08:45:53.990+0000] {processor.py:161} INFO - Started process (PID=4994) to work on /home/airflow/.local/lib/python3.8/site-packages/airflow/example_dags/example_sla_dag.py
[2026-04-09T08:45:53.991+0000] {processor.py:830} INFO - Processing file /home/airflow/.local/lib/python3.8/site-packages/airflow/example_dags/example_sla_dag.py for tasks to queue
[2026-04-09T08:45:53.993+0000] {logging_mixin.py:188} INFO - [2026-04-09T08:45:53.993+0000] {dagbag.py:538} INFO - Filling up the DagBag from /home/airflow/.local/lib/python3.8/site-packages/airflow/example_dags/example_sla_dag.py
[2026-04-09T08:45:54.001+0000] {processor.py:840} INFO - DAG(s) 'example_sla_dag' retrieved from /home/airflow/.local/lib/python3.8/site-packages/airflow/example_dags/example_sla_dag.py
[2026-04-09T08:45:54.023+0000] {logging_mixin.py:188} INFO - [2026-04-09T08:45:54.022+0000] {dag.py:3033} INFO - Sync 1 DAGs
[2026-04-09T08:45:54.051+0000] {logging_mixin.py:188} INFO - [2026-04-09T08:45:54.051+0000] {dag.py:3820} INFO - Setting next_dagrun for example_sla_dag to 2026-04-09T08:42:00+00:00, run_after=2026-04-09T08:44:00+00:00
[2026-04-09T08:45:54.186+0000] {processor.py:183} INFO - Processing /home/airflow/.local/lib/python3.8/site-packages/airflow/example_dags/example_sla_dag.py took 0.199 seconds
[2026-04-09T08:46:24.635+0000] {processor.py:161} INFO - Started process (PID=5056) to work on /home/airflow/.local/lib/python3.8/site-packages/airflow/example_dags/example_sla_dag.py
[2026-04-09T08:46:24.636+0000] {processor.py:830} INFO - Processing file /home/airflow/.local/lib/python3.8/site-packages/airflow/example_dags/example_sla_dag.py for tasks to queue
[2026-04-09T08:46:24.639+0000] {logging_mixin.py:188} INFO - [2026-04-09T08:46:24.639+0000] {dagbag.py:538} INFO - Filling up the DagBag from /home/airflow/.local/lib/python3.8/site-packages/airflow/example_dags/example_sla_dag.py
[2026-04-09T08:46:24.648+0000] {processor.py:840} INFO - DAG(s) 'example_sla_dag' retrieved from /home/airflow/.local/lib/python3.8/site-packages/airflow/example_dags/example_sla_dag.py
[2026-04-09T08:46:24.668+0000] {logging_mixin.py:188} INFO - [2026-04-09T08:46:24.668+0000] {dag.py:3033} INFO - Sync 1 DAGs
[2026-04-09T08:46:24.862+0000] {logging_mixin.py:188} INFO - [2026-04-09T08:46:24.862+0000] {dag.py:3820} INFO - Setting next_dagrun for example_sla_dag to 2026-04-09T08:44:00+00:00, run_after=2026-04-09T08:46:00+00:00
[2026-04-09T08:46:24.882+0000] {processor.py:183} INFO - Processing /home/airflow/.local/lib/python3.8/site-packages/airflow/example_dags/example_sla_dag.py took 0.251 seconds
[2026-04-09T08:46:55.196+0000] {processor.py:161} INFO - Started process (PID=5116) to work on /home/airflow/.local/lib/python3.8/site-packages/airflow/example_dags/example_sla_dag.py
[2026-04-09T08:46:55.198+0000] {processor.py:830} INFO - Processing file /home/airflow/.local/lib/python3.8/site-packages/airflow/example_dags/example_sla_dag.py for tasks to queue
[2026-04-09T08:46:55.204+0000] {logging_mixin.py:188} INFO - [2026-04-09T08:46:55.204+0000] {dagbag.py:538} INFO - Filling up the DagBag from /home/airflow/.local/lib/python3.8/site-packages/airflow/example_dags/example_sla_dag.py
[2026-04-09T08:46:55.226+0000] {processor.py:840} INFO - DAG(s) 'example_sla_dag' retrieved from /home/airflow/.local/lib/python3.8/site-packages/airflow/example_dags/example_sla_dag.py
[2026-04-09T08:46:55.264+0000] {logging_mixin.py:188} INFO - [2026-04-09T08:46:55.264+0000] {dag.py:3033} INFO - Sync 1 DAGs
[2026-04-09T08:46:55.291+0000] {logging_mixin.py:188} INFO - [2026-04-09T08:46:55.290+0000] {dag.py:3820} INFO - Setting next_dagrun for example_sla_dag to 2026-04-09T08:44:00+00:00, run_after=2026-04-09T08:46:00+00:00
[2026-04-09T08:46:55.307+0000] {processor.py:183} INFO - Processing /home/airflow/.local/lib/python3.8/site-packages/airflow/example_dags/example_sla_dag.py took 0.118 seconds
[2026-04-09T08:47:26.156+0000] {processor.py:161} INFO - Started process (PID=5178) to work on /home/airflow/.local/lib/python3.8/site-packages/airflow/example_dags/example_sla_dag.py
[2026-04-09T08:47:26.157+0000] {processor.py:830} INFO - Processing file /home/airflow/.local/lib/python3.8/site-packages/airflow/example_dags/example_sla_dag.py for tasks to queue
[2026-04-09T08:47:26.159+0000] {logging_mixin.py:188} INFO - [2026-04-09T08:47:26.159+0000] {dagbag.py:538} INFO - Filling up the DagBag from /home/airflow/.local/lib/python3.8/site-packages/airflow/example_dags/example_sla_dag.py
[2026-04-09T08:47:26.169+0000] {processor.py:840} INFO - DAG(s) 'example_sla_dag' retrieved from /home/airflow/.local/lib/python3.8/site-packages/airflow/example_dags/example_sla_dag.py
[2026-04-09T08:47:26.190+0000] {logging_mixin.py:188} INFO - [2026-04-09T08:47:26.190+0000] {dag.py:3033} INFO - Sync 1 DAGs
[2026-04-09T08:47:26.225+0000] {logging_mixin.py:188} INFO - [2026-04-09T08:47:26.225+0000] {dag.py:3820} INFO - Setting next_dagrun for example_sla_dag to 2026-04-09T08:44:00+00:00, run_after=2026-04-09T08:46:00+00:00
[2026-04-09T08:47:26.247+0000] {processor.py:183} INFO - Processing /home/airflow/.local/lib/python3.8/site-packages/airflow/example_dags/example_sla_dag.py took 0.094 seconds
[2026-04-09T08:47:57.537+0000] {processor.py:161} INFO - Started process (PID=5239) to work on /home/airflow/.local/lib/python3.8/site-packages/airflow/example_dags/example_sla_dag.py
[2026-04-09T08:47:57.538+0000] {processor.py:830} INFO - Processing file /home/airflow/.local/lib/python3.8/site-packages/airflow/example_dags/example_sla_dag.py for tasks to queue
[2026-04-09T08:47:57.541+0000] {logging_mixin.py:188} INFO - [2026-04-09T08:47:57.540+0000] {dagbag.py:538} INFO - Filling up the DagBag from /home/airflow/.local/lib/python3.8/site-packages/airflow/example_dags/example_sla_dag.py
[2026-04-09T08:47:57.550+0000] {processor.py:840} INFO - DAG(s) 'example_sla_dag' retrieved from /home/airflow/.local/lib/python3.8/site-packages/airflow/example_dags/example_sla_dag.py
[2026-04-09T08:47:57.571+0000] {logging_mixin.py:188} INFO - [2026-04-09T08:47:57.571+0000] {dag.py:3033} INFO - Sync 1 DAGs
[2026-04-09T08:47:57.597+0000] {logging_mixin.py:188} INFO - [2026-04-09T08:47:57.597+0000] {dag.py:3820} INFO - Setting next_dagrun for example_sla_dag to 2026-04-09T08:44:00+00:00, run_after=2026-04-09T08:46:00+00:00
[2026-04-09T08:47:57.615+0000] {processor.py:183} INFO - Processing /home/airflow/.local/lib/python3.8/site-packages/airflow/example_dags/example_sla_dag.py took 0.081 seconds
[2026-04-09T08:48:29.044+0000] {processor.py:161} INFO - Started process (PID=5300) to work on /home/airflow/.local/lib/python3.8/site-packages/airflow/example_dags/example_sla_dag.py
[2026-04-09T08:48:29.048+0000] {processor.py:830} INFO - Processing file /home/airflow/.local/lib/python3.8/site-packages/airflow/example_dags/example_sla_dag.py for tasks to queue
[2026-04-09T08:48:29.050+0000] {logging_mixin.py:188} INFO - [2026-04-09T08:48:29.050+0000] {dagbag.py:538} INFO - Filling up the DagBag from /home/airflow/.local/lib/python3.8/site-packages/airflow/example_dags/example_sla_dag.py
[2026-04-09T08:48:29.072+0000] {processor.py:840} INFO - DAG(s) 'example_sla_dag' retrieved from /home/airflow/.local/lib/python3.8/site-packages/airflow/example_dags/example_sla_dag.py
[2026-04-09T08:48:29.121+0000] {logging_mixin.py:188} INFO - [2026-04-09T08:48:29.121+0000] {dag.py:3033} INFO - Sync 1 DAGs
[2026-04-09T08:48:29.480+0000] {logging_mixin.py:188} INFO - [2026-04-09T08:48:29.479+0000] {dag.py:3820} INFO - Setting next_dagrun for example_sla_dag to 2026-04-09T08:46:00+00:00, run_after=2026-04-09T08:48:00+00:00
[2026-04-09T08:48:29.508+0000] {processor.py:183} INFO - Processing /home/airflow/.local/lib/python3.8/site-packages/airflow/example_dags/example_sla_dag.py took 0.478 seconds
[2026-04-09T08:49:00.282+0000] {processor.py:161} INFO - Started process (PID=5361) to work on /home/airflow/.local/lib/python3.8/site-packages/airflow/example_dags/example_sla_dag.py
[2026-04-09T08:49:00.287+0000] {processor.py:830} INFO - Processing file /home/airflow/.local/lib/python3.8/site-packages/airflow/example_dags/example_sla_dag.py for tasks to queue
[2026-04-09T08:49:00.293+0000] {logging_mixin.py:188} INFO - [2026-04-09T08:49:00.292+0000] {dagbag.py:538} INFO - Filling up the DagBag from /home/airflow/.local/lib/python3.8/site-packages/airflow/example_dags/example_sla_dag.py
[2026-04-09T08:49:00.308+0000] {processor.py:840} INFO - DAG(s) 'example_sla_dag' retrieved from /home/airflow/.local/lib/python3.8/site-packages/airflow/example_dags/example_sla_dag.py
[2026-04-09T08:49:00.336+0000] {logging_mixin.py:188} INFO - [2026-04-09T08:49:00.335+0000] {dag.py:3033} INFO - Sync 1 DAGs
[2026-04-09T08:49:00.693+0000] {logging_mixin.py:188} INFO - [2026-04-09T08:49:00.689+0000] {dag.py:3820} INFO - Setting next_dagrun for example_sla_dag to 2026-04-09T08:46:00+00:00, run_after=2026-04-09T08:48:00+00:00
[2026-04-09T08:49:00.873+0000] {processor.py:183} INFO - Processing /home/airflow/.local/lib/python3.8/site-packages/airflow/example_dags/example_sla_dag.py took 0.600 seconds
[2026-04-09T08:49:31.324+0000] {processor.py:161} INFO - Started process (PID=5422) to work on /home/airflow/.local/lib/python3.8/site-packages/airflow/example_dags/example_sla_dag.py
[2026-04-09T08:49:31.327+0000] {processor.py:830} INFO - Processing file /home/airflow/.local/lib/python3.8/site-packages/airflow/example_dags/example_sla_dag.py for tasks to queue
[2026-04-09T08:49:31.330+0000] {logging_mixin.py:188} INFO - [2026-04-09T08:49:31.330+0000] {dagbag.py:538} INFO - Filling up the DagBag from /home/airflow/.local/lib/python3.8/site-packages/airflow/example_dags/example_sla_dag.py
[2026-04-09T08:49:31.345+0000] {processor.py:840} INFO - DAG(s) 'example_sla_dag' retrieved from /home/airflow/.local/lib/python3.8/site-packages/airflow/example_dags/example_sla_dag.py
[2026-04-09T08:49:31.384+0000] {logging_mixin.py:188} INFO - [2026-04-09T08:49:31.384+0000] {dag.py:3033} INFO - Sync 1 DAGs
[2026-04-09T08:49:31.503+0000] {logging_mixin.py:188} INFO - [2026-04-09T08:49:31.503+0000] {dag.py:3820} INFO - Setting next_dagrun for example_sla_dag to 2026-04-09T08:46:00+00:00, run_after=2026-04-09T08:48:00+00:00
[2026-04-09T08:49:31.579+0000] {processor.py:183} INFO - Processing /home/airflow/.local/lib/python3.8/site-packages/airflow/example_dags/example_sla_dag.py took 0.266 seconds
[2026-04-09T08:50:01.745+0000] {processor.py:161} INFO - Started process (PID=5483) to work on /home/airflow/.local/lib/python3.8/site-packages/airflow/example_dags/example_sla_dag.py
[2026-04-09T08:50:01.747+0000] {processor.py:830} INFO - Processing file /home/airflow/.local/lib/python3.8/site-packages/airflow/example_dags/example_sla_dag.py for tasks to queue
[2026-04-09T08:50:01.750+0000] {logging_mixin.py:188} INFO - [2026-04-09T08:50:01.750+0000] {dagbag.py:538} INFO - Filling up the DagBag from /home/airflow/.local/lib/python3.8/site-packages/airflow/example_dags/example_sla_dag.py
[2026-04-09T08:50:01.760+0000] {processor.py:840} INFO - DAG(s) 'example_sla_dag' retrieved from /home/airflow/.local/lib/python3.8/site-packages/airflow/example_dags/example_sla_dag.py
[2026-04-09T08:50:01.783+0000] {logging_mixin.py:188} INFO - [2026-04-09T08:50:01.783+0000] {dag.py:3033} INFO - Sync 1 DAGs
[2026-04-09T08:50:01.815+0000] {logging_mixin.py:188} INFO - [2026-04-09T08:50:01.815+0000] {dag.py:3820} INFO - Setting next_dagrun for example_sla_dag to 2026-04-09T08:48:00+00:00, run_after=2026-04-09T08:50:00+00:00
[2026-04-09T08:50:01.833+0000] {processor.py:183} INFO - Processing /home/airflow/.local/lib/python3.8/site-packages/airflow/example_dags/example_sla_dag.py took 0.093 seconds
[2026-04-09T08:50:32.515+0000] {processor.py:161} INFO - Started process (PID=5544) to work on /home/airflow/.local/lib/python3.8/site-packages/airflow/example_dags/example_sla_dag.py
[2026-04-09T08:50:32.516+0000] {processor.py:830} INFO - Processing file /home/airflow/.local/lib/python3.8/site-packages/airflow/example_dags/example_sla_dag.py for tasks to queue
[2026-04-09T08:50:32.518+0000] {logging_mixin.py:188} INFO - [2026-04-09T08:50:32.518+0000] {dagbag.py:538} INFO - Filling up the DagBag from /home/airflow/.local/lib/python3.8/site-packages/airflow/example_dags/example_sla_dag.py
[2026-04-09T08:50:32.526+0000] {processor.py:840} INFO - DAG(s) 'example_sla_dag' retrieved from /home/airflow/.local/lib/python3.8/site-packages/airflow/example_dags/example_sla_dag.py
[2026-04-09T08:50:32.546+0000] {logging_mixin.py:188} INFO - [2026-04-09T08:50:32.546+0000] {dag.py:3033} INFO - Sync 1 DAGs
[2026-04-09T08:50:32.575+0000] {logging_mixin.py:188} INFO - [2026-04-09T08:50:32.575+0000] {dag.py:3820} INFO - Setting next_dagrun for example_sla_dag to 2026-04-09T08:48:00+00:00, run_after=2026-04-09T08:50:00+00:00
[2026-04-09T08:50:32.607+0000] {processor.py:183} INFO - Processing /home/airflow/.local/lib/python3.8/site-packages/airflow/example_dags/example_sla_dag.py took 0.095 seconds
[2026-04-09T08:51:02.895+0000] {processor.py:161} INFO - Started process (PID=5605) to work on /home/airflow/.local/lib/python3.8/site-packages/airflow/example_dags/example_sla_dag.py
[2026-04-09T08:51:02.897+0000] {processor.py:830} INFO - Processing file /home/airflow/.local/lib/python3.8/site-packages/airflow/example_dags/example_sla_dag.py for tasks to queue
[2026-04-09T08:51:02.902+0000] {logging_mixin.py:188} INFO - [2026-04-09T08:51:02.901+0000] {dagbag.py:538} INFO - Filling up the DagBag from /home/airflow/.local/lib/python3.8/site-packages/airflow/example_dags/example_sla_dag.py
[2026-04-09T08:51:02.916+0000] {processor.py:840} INFO - DAG(s) 'example_sla_dag' retrieved from /home/airflow/.local/lib/python3.8/site-packages/airflow/example_dags/example_sla_dag.py
[2026-04-09T08:51:02.950+0000] {logging_mixin.py:188} INFO - [2026-04-09T08:51:02.950+0000] {dag.py:3033} INFO - Sync 1 DAGs
[2026-04-09T08:51:03.031+0000] {logging_mixin.py:188} INFO - [2026-04-09T08:51:03.028+0000] {dag.py:3820} INFO - Setting next_dagrun for example_sla_dag to 2026-04-09T08:48:00+00:00, run_after=2026-04-09T08:50:00+00:00
[2026-04-09T08:51:03.097+0000] {processor.py:183} INFO - Processing /home/airflow/.local/lib/python3.8/site-packages/airflow/example_dags/example_sla_dag.py took 0.207 seconds
[2026-04-09T08:51:33.396+0000] {processor.py:161} INFO - Started process (PID=5666) to work on /home/airflow/.local/lib/python3.8/site-packages/airflow/example_dags/example_sla_dag.py
[2026-04-09T08:51:33.397+0000] {processor.py:830} INFO - Processing file /home/airflow/.local/lib/python3.8/site-packages/airflow/example_dags/example_sla_dag.py for tasks to queue
[2026-04-09T08:51:33.399+0000] {logging_mixin.py:188} INFO - [2026-04-09T08:51:33.399+0000] {dagbag.py:538} INFO - Filling up the DagBag from /home/airflow/.local/lib/python3.8/site-packages/airflow/example_dags/example_sla_dag.py
[2026-04-09T08:51:33.408+0000] {processor.py:840} INFO - DAG(s) 'example_sla_dag' retrieved from /home/airflow/.local/lib/python3.8/site-packages/airflow/example_dags/example_sla_dag.py
[2026-04-09T08:51:33.430+0000] {logging_mixin.py:188} INFO - [2026-04-09T08:51:33.430+0000] {dag.py:3033} INFO - Sync 1 DAGs
[2026-04-09T08:51:33.482+0000] {logging_mixin.py:188} INFO - [2026-04-09T08:51:33.482+0000] {dag.py:3820} INFO - Setting next_dagrun for example_sla_dag to 2026-04-09T08:48:00+00:00, run_after=2026-04-09T08:50:00+00:00
[2026-04-09T08:51:33.507+0000] {processor.py:183} INFO - Processing /home/airflow/.local/lib/python3.8/site-packages/airflow/example_dags/example_sla_dag.py took 0.115 seconds
[2026-04-09T08:52:04.005+0000] {processor.py:161} INFO - Started process (PID=5727) to work on /home/airflow/.local/lib/python3.8/site-packages/airflow/example_dags/example_sla_dag.py
[2026-04-09T08:52:04.006+0000] {processor.py:830} INFO - Processing file /home/airflow/.local/lib/python3.8/site-packages/airflow/example_dags/example_sla_dag.py for tasks to queue
[2026-04-09T08:52:04.009+0000] {logging_mixin.py:188} INFO - [2026-04-09T08:52:04.009+0000] {dagbag.py:538} INFO - Filling up the DagBag from /home/airflow/.local/lib/python3.8/site-packages/airflow/example_dags/example_sla_dag.py
[2026-04-09T08:52:04.019+0000] {processor.py:840} INFO - DAG(s) 'example_sla_dag' retrieved from /home/airflow/.local/lib/python3.8/site-packages/airflow/example_dags/example_sla_dag.py
[2026-04-09T08:52:04.039+0000] {logging_mixin.py:188} INFO - [2026-04-09T08:52:04.039+0000] {dag.py:3033} INFO - Sync 1 DAGs
[2026-04-09T08:52:04.068+0000] {logging_mixin.py:188} INFO - [2026-04-09T08:52:04.067+0000] {dag.py:3820} INFO - Setting next_dagrun for example_sla_dag to 2026-04-09T08:50:00+00:00, run_after=2026-04-09T08:52:00+00:00
[2026-04-09T08:52:04.086+0000] {processor.py:183} INFO - Processing /home/airflow/.local/lib/python3.8/site-packages/airflow/example_dags/example_sla_dag.py took 0.084 seconds
[2026-04-09T08:52:34.760+0000] {processor.py:161} INFO - Started process (PID=5788) to work on /home/airflow/.local/lib/python3.8/site-packages/airflow/example_dags/example_sla_dag.py
[2026-04-09T08:52:34.761+0000] {processor.py:830} INFO - Processing file /home/airflow/.local/lib/python3.8/site-packages/airflow/example_dags/example_sla_dag.py for tasks to queue
[2026-04-09T08:52:34.763+0000] {logging_mixin.py:188} INFO - [2026-04-09T08:52:34.762+0000] {dagbag.py:538} INFO - Filling up the DagBag from /home/airflow/.local/lib/python3.8/site-packages/airflow/example_dags/example_sla_dag.py
[2026-04-09T08:52:34.772+0000] {processor.py:840} INFO - DAG(s) 'example_sla_dag' retrieved from /home/airflow/.local/lib/python3.8/site-packages/airflow/example_dags/example_sla_dag.py
[2026-04-09T08:52:34.799+0000] {logging_mixin.py:188} INFO - [2026-04-09T08:52:34.798+0000] {dag.py:3033} INFO - Sync 1 DAGs
[2026-04-09T08:52:34.837+0000] {logging_mixin.py:188} INFO - [2026-04-09T08:52:34.837+0000] {dag.py:3820} INFO - Setting next_dagrun for example_sla_dag to 2026-04-09T08:50:00+00:00, run_after=2026-04-09T08:52:00+00:00
[2026-04-09T08:52:34.852+0000] {processor.py:183} INFO - Processing /home/airflow/.local/lib/python3.8/site-packages/airflow/example_dags/example_sla_dag.py took 0.096 seconds
[2026-04-09T08:53:05.178+0000] {processor.py:161} INFO - Started process (PID=5849) to work on /home/airflow/.local/lib/python3.8/site-packages/airflow/example_dags/example_sla_dag.py
[2026-04-09T08:53:05.179+0000] {processor.py:830} INFO - Processing file /home/airflow/.local/lib/python3.8/site-packages/airflow/example_dags/example_sla_dag.py for tasks to queue
[2026-04-09T08:53:05.181+0000] {logging_mixin.py:188} INFO - [2026-04-09T08:53:05.181+0000] {dagbag.py:538} INFO - Filling up the DagBag from /home/airflow/.local/lib/python3.8/site-packages/airflow/example_dags/example_sla_dag.py
[2026-04-09T08:53:05.191+0000] {processor.py:840} INFO - DAG(s) 'example_sla_dag' retrieved from /home/airflow/.local/lib/python3.8/site-packages/airflow/example_dags/example_sla_dag.py
[2026-04-09T08:53:05.213+0000] {logging_mixin.py:188} INFO - [2026-04-09T08:53:05.213+0000] {dag.py:3033} INFO - Sync 1 DAGs
[2026-04-09T08:53:05.240+0000] {logging_mixin.py:188} INFO - [2026-04-09T08:53:05.240+0000] {dag.py:3820} INFO - Setting next_dagrun for example_sla_dag to 2026-04-09T08:50:00+00:00, run_after=2026-04-09T08:52:00+00:00
[2026-04-09T08:53:05.259+0000] {processor.py:183} INFO - Processing /home/airflow/.local/lib/python3.8/site-packages/airflow/example_dags/example_sla_dag.py took 0.084 seconds
[2026-04-09T08:53:36.132+0000] {processor.py:161} INFO - Started process (PID=5910) to work on /home/airflow/.local/lib/python3.8/site-packages/airflow/example_dags/example_sla_dag.py
[2026-04-09T08:53:36.133+0000] {processor.py:830} INFO - Processing file /home/airflow/.local/lib/python3.8/site-packages/airflow/example_dags/example_sla_dag.py for tasks to queue
[2026-04-09T08:53:36.135+0000] {logging_mixin.py:188} INFO - [2026-04-09T08:53:36.135+0000] {dagbag.py:538} INFO - Filling up the DagBag from /home/airflow/.local/lib/python3.8/site-packages/airflow/example_dags/example_sla_dag.py
[2026-04-09T08:53:36.146+0000] {processor.py:840} INFO - DAG(s) 'example_sla_dag' retrieved from /home/airflow/.local/lib/python3.8/site-packages/airflow/example_dags/example_sla_dag.py
[2026-04-09T08:53:36.167+0000] {logging_mixin.py:188} INFO - [2026-04-09T08:53:36.167+0000] {dag.py:3033} INFO - Sync 1 DAGs
[2026-04-09T08:53:36.196+0000] {logging_mixin.py:188} INFO - [2026-04-09T08:53:36.196+0000] {dag.py:3820} INFO - Setting next_dagrun for example_sla_dag to 2026-04-09T08:50:00+00:00, run_after=2026-04-09T08:52:00+00:00
[2026-04-09T08:53:36.216+0000] {processor.py:183} INFO - Processing /home/airflow/.local/lib/python3.8/site-packages/airflow/example_dags/example_sla_dag.py took 0.088 seconds
[2026-04-09T08:54:06.446+0000] {processor.py:161} INFO - Started process (PID=5971) to work on /home/airflow/.local/lib/python3.8/site-packages/airflow/example_dags/example_sla_dag.py
[2026-04-09T08:54:06.447+0000] {processor.py:830} INFO - Processing file /home/airflow/.local/lib/python3.8/site-packages/airflow/example_dags/example_sla_dag.py for tasks to queue
[2026-04-09T08:54:06.453+0000] {logging_mixin.py:188} INFO - [2026-04-09T08:54:06.452+0000] {dagbag.py:538} INFO - Filling up the DagBag from /home/airflow/.local/lib/python3.8/site-packages/airflow/example_dags/example_sla_dag.py
[2026-04-09T08:54:06.468+0000] {processor.py:840} INFO - DAG(s) 'example_sla_dag' retrieved from /home/airflow/.local/lib/python3.8/site-packages/airflow/example_dags/example_sla_dag.py
[2026-04-09T08:54:06.515+0000] {logging_mixin.py:188} INFO - [2026-04-09T08:54:06.515+0000] {dag.py:3033} INFO - Sync 1 DAGs
[2026-04-09T08:54:06.567+0000] {logging_mixin.py:188} INFO - [2026-04-09T08:54:06.567+0000] {dag.py:3820} INFO - Setting next_dagrun for example_sla_dag to 2026-04-09T08:52:00+00:00, run_after=2026-04-09T08:54:00+00:00
[2026-04-09T08:54:06.599+0000] {processor.py:183} INFO - Processing /home/airflow/.local/lib/python3.8/site-packages/airflow/example_dags/example_sla_dag.py took 0.161 seconds
[2026-04-09T08:54:37.220+0000] {processor.py:161} INFO - Started process (PID=6032) to work on /home/airflow/.local/lib/python3.8/site-packages/airflow/example_dags/example_sla_dag.py
[2026-04-09T08:54:37.221+0000] {processor.py:830} INFO - Processing file /home/airflow/.local/lib/python3.8/site-packages/airflow/example_dags/example_sla_dag.py for tasks to queue
[2026-04-09T08:54:37.224+0000] {logging_mixin.py:188} INFO - [2026-04-09T08:54:37.223+0000] {dagbag.py:538} INFO - Filling up the DagBag from /home/airflow/.local/lib/python3.8/site-packages/airflow/example_dags/example_sla_dag.py
[2026-04-09T08:54:37.234+0000] {processor.py:840} INFO - DAG(s) 'example_sla_dag' retrieved from /home/airflow/.local/lib/python3.8/site-packages/airflow/example_dags/example_sla_dag.py
[2026-04-09T08:54:37.256+0000] {logging_mixin.py:188} INFO - [2026-04-09T08:54:37.256+0000] {dag.py:3033} INFO - Sync 1 DAGs
[2026-04-09T08:54:37.288+0000] {logging_mixin.py:188} INFO - [2026-04-09T08:54:37.288+0000] {dag.py:3820} INFO - Setting next_dagrun for example_sla_dag to 2026-04-09T08:52:00+00:00, run_after=2026-04-09T08:54:00+00:00
[2026-04-09T08:54:37.321+0000] {processor.py:183} INFO - Processing /home/airflow/.local/lib/python3.8/site-packages/airflow/example_dags/example_sla_dag.py took 0.104 seconds
[2026-04-09T08:55:08.026+0000] {processor.py:161} INFO - Started process (PID=6093) to work on /home/airflow/.local/lib/python3.8/site-packages/airflow/example_dags/example_sla_dag.py
[2026-04-09T08:55:08.027+0000] {processor.py:830} INFO - Processing file /home/airflow/.local/lib/python3.8/site-packages/airflow/example_dags/example_sla_dag.py for tasks to queue
[2026-04-09T08:55:08.029+0000] {logging_mixin.py:188} INFO - [2026-04-09T08:55:08.029+0000] {dagbag.py:538} INFO - Filling up the DagBag from /home/airflow/.local/lib/python3.8/site-packages/airflow/example_dags/example_sla_dag.py
[2026-04-09T08:55:08.039+0000] {processor.py:840} INFO - DAG(s) 'example_sla_dag' retrieved from /home/airflow/.local/lib/python3.8/site-packages/airflow/example_dags/example_sla_dag.py
[2026-04-09T08:55:08.060+0000] {logging_mixin.py:188} INFO - [2026-04-09T08:55:08.060+0000] {dag.py:3033} INFO - Sync 1 DAGs
[2026-04-09T08:55:08.091+0000] {logging_mixin.py:188} INFO - [2026-04-09T08:55:08.090+0000] {dag.py:3820} INFO - Setting next_dagrun for example_sla_dag to 2026-04-09T08:52:00+00:00, run_after=2026-04-09T08:54:00+00:00
[2026-04-09T08:55:08.119+0000] {processor.py:183} INFO - Processing /home/airflow/.local/lib/python3.8/site-packages/airflow/example_dags/example_sla_dag.py took 0.097 seconds
[2026-04-09T08:55:38.592+0000] {processor.py:161} INFO - Started process (PID=6154) to work on /home/airflow/.local/lib/python3.8/site-packages/airflow/example_dags/example_sla_dag.py
[2026-04-09T08:55:38.597+0000] {processor.py:830} INFO - Processing file /home/airflow/.local/lib/python3.8/site-packages/airflow/example_dags/example_sla_dag.py for tasks to queue
[2026-04-09T08:55:38.602+0000] {logging_mixin.py:188} INFO - [2026-04-09T08:55:38.601+0000] {dagbag.py:538} INFO - Filling up the DagBag from /home/airflow/.local/lib/python3.8/site-packages/airflow/example_dags/example_sla_dag.py
[2026-04-09T08:55:38.618+0000] {processor.py:840} INFO - DAG(s) 'example_sla_dag' retrieved from /home/airflow/.local/lib/python3.8/site-packages/airflow/example_dags/example_sla_dag.py
[2026-04-09T08:55:38.670+0000] {logging_mixin.py:188} INFO - [2026-04-09T08:55:38.669+0000] {dag.py:3033} INFO - Sync 1 DAGs
[2026-04-09T08:55:38.698+0000] {logging_mixin.py:188} INFO - [2026-04-09T08:55:38.698+0000] {dag.py:3820} INFO - Setting next_dagrun for example_sla_dag to 2026-04-09T08:52:00+00:00, run_after=2026-04-09T08:54:00+00:00
[2026-04-09T08:55:38.715+0000] {processor.py:183} INFO - Processing /home/airflow/.local/lib/python3.8/site-packages/airflow/example_dags/example_sla_dag.py took 0.131 seconds
[2026-04-09T08:56:08.875+0000] {processor.py:161} INFO - Started process (PID=6215) to work on /home/airflow/.local/lib/python3.8/site-packages/airflow/example_dags/example_sla_dag.py
[2026-04-09T08:56:08.876+0000] {processor.py:830} INFO - Processing file /home/airflow/.local/lib/python3.8/site-packages/airflow/example_dags/example_sla_dag.py for tasks to queue
[2026-04-09T08:56:08.878+0000] {logging_mixin.py:188} INFO - [2026-04-09T08:56:08.878+0000] {dagbag.py:538} INFO - Filling up the DagBag from /home/airflow/.local/lib/python3.8/site-packages/airflow/example_dags/example_sla_dag.py
[2026-04-09T08:56:08.888+0000] {processor.py:840} INFO - DAG(s) 'example_sla_dag' retrieved from /home/airflow/.local/lib/python3.8/site-packages/airflow/example_dags/example_sla_dag.py
[2026-04-09T08:56:08.909+0000] {logging_mixin.py:188} INFO - [2026-04-09T08:56:08.909+0000] {dag.py:3033} INFO - Sync 1 DAGs
[2026-04-09T08:56:08.938+0000] {logging_mixin.py:188} INFO - [2026-04-09T08:56:08.938+0000] {dag.py:3820} INFO - Setting next_dagrun for example_sla_dag to 2026-04-09T08:54:00+00:00, run_after=2026-04-09T08:56:00+00:00
[2026-04-09T08:56:08.955+0000] {processor.py:183} INFO - Processing /home/airflow/.local/lib/python3.8/site-packages/airflow/example_dags/example_sla_dag.py took 0.084 seconds
[2026-04-09T08:56:39.053+0000] {processor.py:161} INFO - Started process (PID=6276) to work on /home/airflow/.local/lib/python3.8/site-packages/airflow/example_dags/example_sla_dag.py
[2026-04-09T08:56:39.059+0000] {processor.py:830} INFO - Processing file /home/airflow/.local/lib/python3.8/site-packages/airflow/example_dags/example_sla_dag.py for tasks to queue
[2026-04-09T08:56:39.064+0000] {logging_mixin.py:188} INFO - [2026-04-09T08:56:39.064+0000] {dagbag.py:538} INFO - Filling up the DagBag from /home/airflow/.local/lib/python3.8/site-packages/airflow/example_dags/example_sla_dag.py
[2026-04-09T08:56:39.085+0000] {processor.py:840} INFO - DAG(s) 'example_sla_dag' retrieved from /home/airflow/.local/lib/python3.8/site-packages/airflow/example_dags/example_sla_dag.py
[2026-04-09T08:56:39.120+0000] {logging_mixin.py:188} INFO - [2026-04-09T08:56:39.120+0000] {dag.py:3033} INFO - Sync 1 DAGs
[2026-04-09T08:56:39.157+0000] {logging_mixin.py:188} INFO - [2026-04-09T08:56:39.156+0000] {dag.py:3820} INFO - Setting next_dagrun for example_sla_dag to 2026-04-09T08:54:00+00:00, run_after=2026-04-09T08:56:00+00:00
[2026-04-09T08:56:39.174+0000] {processor.py:183} INFO - Processing /home/airflow/.local/lib/python3.8/site-packages/airflow/example_dags/example_sla_dag.py took 0.130 seconds
[2026-04-09T08:57:09.272+0000] {processor.py:161} INFO - Started process (PID=6337) to work on /home/airflow/.local/lib/python3.8/site-packages/airflow/example_dags/example_sla_dag.py
[2026-04-09T08:57:09.275+0000] {processor.py:830} INFO - Processing file /home/airflow/.local/lib/python3.8/site-packages/airflow/example_dags/example_sla_dag.py for tasks to queue
[2026-04-09T08:57:09.277+0000] {logging_mixin.py:188} INFO - [2026-04-09T08:57:09.277+0000] {dagbag.py:538} INFO - Filling up the DagBag from /home/airflow/.local/lib/python3.8/site-packages/airflow/example_dags/example_sla_dag.py
[2026-04-09T08:57:09.286+0000] {processor.py:840} INFO - DAG(s) 'example_sla_dag' retrieved from /home/airflow/.local/lib/python3.8/site-packages/airflow/example_dags/example_sla_dag.py
[2026-04-09T08:57:09.324+0000] {logging_mixin.py:188} INFO - [2026-04-09T08:57:09.323+0000] {dag.py:3033} INFO - Sync 1 DAGs
[2026-04-09T08:57:09.385+0000] {logging_mixin.py:188} INFO - [2026-04-09T08:57:09.385+0000] {dag.py:3820} INFO - Setting next_dagrun for example_sla_dag to 2026-04-09T08:54:00+00:00, run_after=2026-04-09T08:56:00+00:00
[2026-04-09T08:57:09.420+0000] {processor.py:183} INFO - Processing /home/airflow/.local/lib/python3.8/site-packages/airflow/example_dags/example_sla_dag.py took 0.156 seconds
[2026-04-09T08:57:39.508+0000] {processor.py:161} INFO - Started process (PID=6398) to work on /home/airflow/.local/lib/python3.8/site-packages/airflow/example_dags/example_sla_dag.py
[2026-04-09T08:57:39.509+0000] {processor.py:830} INFO - Processing file /home/airflow/.local/lib/python3.8/site-packages/airflow/example_dags/example_sla_dag.py for tasks to queue
[2026-04-09T08:57:39.512+0000] {logging_mixin.py:188} INFO - [2026-04-09T08:57:39.511+0000] {dagbag.py:538} INFO - Filling up the DagBag from /home/airflow/.local/lib/python3.8/site-packages/airflow/example_dags/example_sla_dag.py
[2026-04-09T08:57:39.521+0000] {processor.py:840} INFO - DAG(s) 'example_sla_dag' retrieved from /home/airflow/.local/lib/python3.8/site-packages/airflow/example_dags/example_sla_dag.py
[2026-04-09T08:57:39.544+0000] {logging_mixin.py:188} INFO - [2026-04-09T08:57:39.544+0000] {dag.py:3033} INFO - Sync 1 DAGs
[2026-04-09T08:57:39.581+0000] {logging_mixin.py:188} INFO - [2026-04-09T08:57:39.581+0000] {dag.py:3820} INFO - Setting next_dagrun for example_sla_dag to 2026-04-09T08:54:00+00:00, run_after=2026-04-09T08:56:00+00:00
[2026-04-09T08:57:39.599+0000] {processor.py:183} INFO - Processing /home/airflow/.local/lib/python3.8/site-packages/airflow/example_dags/example_sla_dag.py took 0.094 seconds
[2026-04-09T08:58:09.717+0000] {processor.py:161} INFO - Started process (PID=6460) to work on /home/airflow/.local/lib/python3.8/site-packages/airflow/example_dags/example_sla_dag.py
[2026-04-09T08:58:09.718+0000] {processor.py:830} INFO - Processing file /home/airflow/.local/lib/python3.8/site-packages/airflow/example_dags/example_sla_dag.py for tasks to queue
[2026-04-09T08:58:09.720+0000] {logging_mixin.py:188} INFO - [2026-04-09T08:58:09.719+0000] {dagbag.py:538} INFO - Filling up the DagBag from /home/airflow/.local/lib/python3.8/site-packages/airflow/example_dags/example_sla_dag.py
[2026-04-09T08:58:09.729+0000] {processor.py:840} INFO - DAG(s) 'example_sla_dag' retrieved from /home/airflow/.local/lib/python3.8/site-packages/airflow/example_dags/example_sla_dag.py
[2026-04-09T08:58:09.749+0000] {logging_mixin.py:188} INFO - [2026-04-09T08:58:09.749+0000] {dag.py:3033} INFO - Sync 1 DAGs
[2026-04-09T08:58:09.781+0000] {logging_mixin.py:188} INFO - [2026-04-09T08:58:09.781+0000] {dag.py:3820} INFO - Setting next_dagrun for example_sla_dag to 2026-04-09T08:56:00+00:00, run_after=2026-04-09T08:58:00+00:00
[2026-04-09T08:58:09.801+0000] {processor.py:183} INFO - Processing /home/airflow/.local/lib/python3.8/site-packages/airflow/example_dags/example_sla_dag.py took 0.088 seconds
[2026-04-09T08:58:40.138+0000] {processor.py:161} INFO - Started process (PID=6520) to work on /home/airflow/.local/lib/python3.8/site-packages/airflow/example_dags/example_sla_dag.py
[2026-04-09T08:58:40.138+0000] {processor.py:830} INFO - Processing file /home/airflow/.local/lib/python3.8/site-packages/airflow/example_dags/example_sla_dag.py for tasks to queue
[2026-04-09T08:58:40.141+0000] {logging_mixin.py:188} INFO - [2026-04-09T08:58:40.140+0000] {dagbag.py:538} INFO - Filling up the DagBag from /home/airflow/.local/lib/python3.8/site-packages/airflow/example_dags/example_sla_dag.py
[2026-04-09T08:58:40.161+0000] {processor.py:840} INFO - DAG(s) 'example_sla_dag' retrieved from /home/airflow/.local/lib/python3.8/site-packages/airflow/example_dags/example_sla_dag.py
[2026-04-09T08:58:40.202+0000] {logging_mixin.py:188} INFO - [2026-04-09T08:58:40.202+0000] {dag.py:3033} INFO - Sync 1 DAGs
[2026-04-09T08:58:40.235+0000] {logging_mixin.py:188} INFO - [2026-04-09T08:58:40.235+0000] {dag.py:3820} INFO - Setting next_dagrun for example_sla_dag to 2026-04-09T08:56:00+00:00, run_after=2026-04-09T08:58:00+00:00
[2026-04-09T08:58:40.255+0000] {processor.py:183} INFO - Processing /home/airflow/.local/lib/python3.8/site-packages/airflow/example_dags/example_sla_dag.py took 0.121 seconds
[2026-04-09T08:59:10.442+0000] {processor.py:161} INFO - Started process (PID=6581) to work on /home/airflow/.local/lib/python3.8/site-packages/airflow/example_dags/example_sla_dag.py
[2026-04-09T08:59:10.443+0000] {processor.py:830} INFO - Processing file /home/airflow/.local/lib/python3.8/site-packages/airflow/example_dags/example_sla_dag.py for tasks to queue
[2026-04-09T08:59:10.445+0000] {logging_mixin.py:188} INFO - [2026-04-09T08:59:10.445+0000] {dagbag.py:538} INFO - Filling up the DagBag from /home/airflow/.local/lib/python3.8/site-packages/airflow/example_dags/example_sla_dag.py
[2026-04-09T08:59:10.454+0000] {processor.py:840} INFO - DAG(s) 'example_sla_dag' retrieved from /home/airflow/.local/lib/python3.8/site-packages/airflow/example_dags/example_sla_dag.py
[2026-04-09T08:59:10.475+0000] {logging_mixin.py:188} INFO - [2026-04-09T08:59:10.475+0000] {dag.py:3033} INFO - Sync 1 DAGs
[2026-04-09T08:59:10.504+0000] {logging_mixin.py:188} INFO - [2026-04-09T08:59:10.504+0000] {dag.py:3820} INFO - Setting next_dagrun for example_sla_dag to 2026-04-09T08:56:00+00:00, run_after=2026-04-09T08:58:00+00:00
[2026-04-09T08:59:10.523+0000] {processor.py:183} INFO - Processing /home/airflow/.local/lib/python3.8/site-packages/airflow/example_dags/example_sla_dag.py took 0.085 seconds
[2026-04-09T08:59:40.819+0000] {processor.py:161} INFO - Started process (PID=6642) to work on /home/airflow/.local/lib/python3.8/site-packages/airflow/example_dags/example_sla_dag.py
[2026-04-09T08:59:40.820+0000] {processor.py:830} INFO - Processing file /home/airflow/.local/lib/python3.8/site-packages/airflow/example_dags/example_sla_dag.py for tasks to queue
[2026-04-09T08:59:40.822+0000] {logging_mixin.py:188} INFO - [2026-04-09T08:59:40.822+0000] {dagbag.py:538} INFO - Filling up the DagBag from /home/airflow/.local/lib/python3.8/site-packages/airflow/example_dags/example_sla_dag.py
[2026-04-09T08:59:40.831+0000] {processor.py:840} INFO - DAG(s) 'example_sla_dag' retrieved from /home/airflow/.local/lib/python3.8/site-packages/airflow/example_dags/example_sla_dag.py
[2026-04-09T08:59:40.851+0000] {logging_mixin.py:188} INFO - [2026-04-09T08:59:40.851+0000] {dag.py:3033} INFO - Sync 1 DAGs
[2026-04-09T08:59:40.879+0000] {logging_mixin.py:188} INFO - [2026-04-09T08:59:40.879+0000] {dag.py:3820} INFO - Setting next_dagrun for example_sla_dag to 2026-04-09T08:56:00+00:00, run_after=2026-04-09T08:58:00+00:00
[2026-04-09T08:59:40.897+0000] {processor.py:183} INFO - Processing /home/airflow/.local/lib/python3.8/site-packages/airflow/example_dags/example_sla_dag.py took 0.081 seconds
[2026-04-09T09:00:11.937+0000] {processor.py:161} INFO - Started process (PID=6703) to work on /home/airflow/.local/lib/python3.8/site-packages/airflow/example_dags/example_sla_dag.py
[2026-04-09T09:00:11.938+0000] {processor.py:830} INFO - Processing file /home/airflow/.local/lib/python3.8/site-packages/airflow/example_dags/example_sla_dag.py for tasks to queue
[2026-04-09T09:00:11.940+0000] {logging_mixin.py:188} INFO - [2026-04-09T09:00:11.939+0000] {dagbag.py:538} INFO - Filling up the DagBag from /home/airflow/.local/lib/python3.8/site-packages/airflow/example_dags/example_sla_dag.py
[2026-04-09T09:00:11.949+0000] {processor.py:840} INFO - DAG(s) 'example_sla_dag' retrieved from /home/airflow/.local/lib/python3.8/site-packages/airflow/example_dags/example_sla_dag.py
[2026-04-09T09:00:11.969+0000] {logging_mixin.py:188} INFO - [2026-04-09T09:00:11.969+0000] {dag.py:3033} INFO - Sync 1 DAGs
[2026-04-09T09:00:11.999+0000] {logging_mixin.py:188} INFO - [2026-04-09T09:00:11.998+0000] {dag.py:3820} INFO - Setting next_dagrun for example_sla_dag to 2026-04-09T08:58:00+00:00, run_after=2026-04-09T09:00:00+00:00
[2026-04-09T09:00:12.017+0000] {processor.py:183} INFO - Processing /home/airflow/.local/lib/python3.8/site-packages/airflow/example_dags/example_sla_dag.py took 0.084 seconds
[2026-04-09T09:00:42.482+0000] {processor.py:161} INFO - Started process (PID=6764) to work on /home/airflow/.local/lib/python3.8/site-packages/airflow/example_dags/example_sla_dag.py
[2026-04-09T09:00:42.483+0000] {processor.py:830} INFO - Processing file /home/airflow/.local/lib/python3.8/site-packages/airflow/example_dags/example_sla_dag.py for tasks to queue
[2026-04-09T09:00:42.485+0000] {logging_mixin.py:188} INFO - [2026-04-09T09:00:42.485+0000] {dagbag.py:538} INFO - Filling up the DagBag from /home/airflow/.local/lib/python3.8/site-packages/airflow/example_dags/example_sla_dag.py
[2026-04-09T09:00:42.494+0000] {processor.py:840} INFO - DAG(s) 'example_sla_dag' retrieved from /home/airflow/.local/lib/python3.8/site-packages/airflow/example_dags/example_sla_dag.py
[2026-04-09T09:00:42.525+0000] {logging_mixin.py:188} INFO - [2026-04-09T09:00:42.524+0000] {dag.py:3033} INFO - Sync 1 DAGs
[2026-04-09T09:00:42.554+0000] {logging_mixin.py:188} INFO - [2026-04-09T09:00:42.553+0000] {dag.py:3820} INFO - Setting next_dagrun for example_sla_dag to 2026-04-09T08:58:00+00:00, run_after=2026-04-09T09:00:00+00:00
[2026-04-09T09:00:42.575+0000] {processor.py:183} INFO - Processing /home/airflow/.local/lib/python3.8/site-packages/airflow/example_dags/example_sla_dag.py took 0.096 seconds
[2026-04-09T09:01:13.388+0000] {processor.py:161} INFO - Started process (PID=6831) to work on /home/airflow/.local/lib/python3.8/site-packages/airflow/example_dags/example_sla_dag.py
[2026-04-09T09:01:13.388+0000] {processor.py:830} INFO - Processing file /home/airflow/.local/lib/python3.8/site-packages/airflow/example_dags/example_sla_dag.py for tasks to queue
[2026-04-09T09:01:13.391+0000] {logging_mixin.py:188} INFO - [2026-04-09T09:01:13.391+0000] {dagbag.py:538} INFO - Filling up the DagBag from /home/airflow/.local/lib/python3.8/site-packages/airflow/example_dags/example_sla_dag.py
[2026-04-09T09:01:13.400+0000] {processor.py:840} INFO - DAG(s) 'example_sla_dag' retrieved from /home/airflow/.local/lib/python3.8/site-packages/airflow/example_dags/example_sla_dag.py
[2026-04-09T09:01:13.420+0000] {logging_mixin.py:188} INFO - [2026-04-09T09:01:13.419+0000] {dag.py:3033} INFO - Sync 1 DAGs
[2026-04-09T09:01:13.449+0000] {logging_mixin.py:188} INFO - [2026-04-09T09:01:13.449+0000] {dag.py:3820} INFO - Setting next_dagrun for example_sla_dag to 2026-04-09T08:58:00+00:00, run_after=2026-04-09T09:00:00+00:00
[2026-04-09T09:01:13.466+0000] {processor.py:183} INFO - Processing /home/airflow/.local/lib/python3.8/site-packages/airflow/example_dags/example_sla_dag.py took 0.082 seconds
[2026-04-09T09:01:44.026+0000] {processor.py:161} INFO - Started process (PID=6892) to work on /home/airflow/.local/lib/python3.8/site-packages/airflow/example_dags/example_sla_dag.py
[2026-04-09T09:01:44.026+0000] {processor.py:830} INFO - Processing file /home/airflow/.local/lib/python3.8/site-packages/airflow/example_dags/example_sla_dag.py for tasks to queue
[2026-04-09T09:01:44.029+0000] {logging_mixin.py:188} INFO - [2026-04-09T09:01:44.028+0000] {dagbag.py:538} INFO - Filling up the DagBag from /home/airflow/.local/lib/python3.8/site-packages/airflow/example_dags/example_sla_dag.py
[2026-04-09T09:01:44.038+0000] {processor.py:840} INFO - DAG(s) 'example_sla_dag' retrieved from /home/airflow/.local/lib/python3.8/site-packages/airflow/example_dags/example_sla_dag.py
[2026-04-09T09:01:44.058+0000] {logging_mixin.py:188} INFO - [2026-04-09T09:01:44.058+0000] {dag.py:3033} INFO - Sync 1 DAGs
[2026-04-09T09:01:44.087+0000] {logging_mixin.py:188} INFO - [2026-04-09T09:01:44.087+0000] {dag.py:3820} INFO - Setting next_dagrun for example_sla_dag to 2026-04-09T08:58:00+00:00, run_after=2026-04-09T09:00:00+00:00
[2026-04-09T09:01:44.105+0000] {processor.py:183} INFO - Processing /home/airflow/.local/lib/python3.8/site-packages/airflow/example_dags/example_sla_dag.py took 0.083 seconds
[2026-04-09T09:02:14.819+0000] {processor.py:161} INFO - Started process (PID=6953) to work on /home/airflow/.local/lib/python3.8/site-packages/airflow/example_dags/example_sla_dag.py
[2026-04-09T09:02:14.825+0000] {processor.py:830} INFO - Processing file /home/airflow/.local/lib/python3.8/site-packages/airflow/example_dags/example_sla_dag.py for tasks to queue
[2026-04-09T09:02:14.835+0000] {logging_mixin.py:188} INFO - [2026-04-09T09:02:14.834+0000] {dagbag.py:538} INFO - Filling up the DagBag from /home/airflow/.local/lib/python3.8/site-packages/airflow/example_dags/example_sla_dag.py
[2026-04-09T09:02:14.869+0000] {processor.py:840} INFO - DAG(s) 'example_sla_dag' retrieved from /home/airflow/.local/lib/python3.8/site-packages/airflow/example_dags/example_sla_dag.py
[2026-04-09T09:02:14.892+0000] {logging_mixin.py:188} INFO - [2026-04-09T09:02:14.891+0000] {dag.py:3033} INFO - Sync 1 DAGs
[2026-04-09T09:02:14.921+0000] {logging_mixin.py:188} INFO - [2026-04-09T09:02:14.921+0000] {dag.py:3820} INFO - Setting next_dagrun for example_sla_dag to 2026-04-09T09:00:00+00:00, run_after=2026-04-09T09:02:00+00:00
[2026-04-09T09:02:14.941+0000] {processor.py:183} INFO - Processing /home/airflow/.local/lib/python3.8/site-packages/airflow/example_dags/example_sla_dag.py took 0.132 seconds
[2026-04-09T09:02:45.407+0000] {processor.py:161} INFO - Started process (PID=7014) to work on /home/airflow/.local/lib/python3.8/site-packages/airflow/example_dags/example_sla_dag.py
[2026-04-09T09:02:45.407+0000] {processor.py:830} INFO - Processing file /home/airflow/.local/lib/python3.8/site-packages/airflow/example_dags/example_sla_dag.py for tasks to queue
[2026-04-09T09:02:45.410+0000] {logging_mixin.py:188} INFO - [2026-04-09T09:02:45.409+0000] {dagbag.py:538} INFO - Filling up the DagBag from /home/airflow/.local/lib/python3.8/site-packages/airflow/example_dags/example_sla_dag.py
[2026-04-09T09:02:45.419+0000] {processor.py:840} INFO - DAG(s) 'example_sla_dag' retrieved from /home/airflow/.local/lib/python3.8/site-packages/airflow/example_dags/example_sla_dag.py
[2026-04-09T09:02:45.440+0000] {logging_mixin.py:188} INFO - [2026-04-09T09:02:45.440+0000] {dag.py:3033} INFO - Sync 1 DAGs
[2026-04-09T09:02:45.469+0000] {logging_mixin.py:188} INFO - [2026-04-09T09:02:45.468+0000] {dag.py:3820} INFO - Setting next_dagrun for example_sla_dag to 2026-04-09T09:00:00+00:00, run_after=2026-04-09T09:02:00+00:00
[2026-04-09T09:02:45.485+0000] {processor.py:183} INFO - Processing /home/airflow/.local/lib/python3.8/site-packages/airflow/example_dags/example_sla_dag.py took 0.086 seconds
[2026-04-09T09:03:15.785+0000] {processor.py:161} INFO - Started process (PID=7075) to work on /home/airflow/.local/lib/python3.8/site-packages/airflow/example_dags/example_sla_dag.py
[2026-04-09T09:03:15.786+0000] {processor.py:830} INFO - Processing file /home/airflow/.local/lib/python3.8/site-packages/airflow/example_dags/example_sla_dag.py for tasks to queue
[2026-04-09T09:03:15.788+0000] {logging_mixin.py:188} INFO - [2026-04-09T09:03:15.788+0000] {dagbag.py:538} INFO - Filling up the DagBag from /home/airflow/.local/lib/python3.8/site-packages/airflow/example_dags/example_sla_dag.py
[2026-04-09T09:03:15.798+0000] {processor.py:840} INFO - DAG(s) 'example_sla_dag' retrieved from /home/airflow/.local/lib/python3.8/site-packages/airflow/example_dags/example_sla_dag.py
[2026-04-09T09:03:15.820+0000] {logging_mixin.py:188} INFO - [2026-04-09T09:03:15.819+0000] {dag.py:3033} INFO - Sync 1 DAGs
[2026-04-09T09:03:15.865+0000] {logging_mixin.py:188} INFO - [2026-04-09T09:03:15.865+0000] {dag.py:3820} INFO - Setting next_dagrun for example_sla_dag to 2026-04-09T09:00:00+00:00, run_after=2026-04-09T09:02:00+00:00
[2026-04-09T09:03:15.896+0000] {processor.py:183} INFO - Processing /home/airflow/.local/lib/python3.8/site-packages/airflow/example_dags/example_sla_dag.py took 0.115 seconds
[2026-04-09T09:03:46.484+0000] {processor.py:161} INFO - Started process (PID=7137) to work on /home/airflow/.local/lib/python3.8/site-packages/airflow/example_dags/example_sla_dag.py
[2026-04-09T09:03:46.485+0000] {processor.py:830} INFO - Processing file /home/airflow/.local/lib/python3.8/site-packages/airflow/example_dags/example_sla_dag.py for tasks to queue
[2026-04-09T09:03:46.488+0000] {logging_mixin.py:188} INFO - [2026-04-09T09:03:46.487+0000] {dagbag.py:538} INFO - Filling up the DagBag from /home/airflow/.local/lib/python3.8/site-packages/airflow/example_dags/example_sla_dag.py
[2026-04-09T09:03:46.497+0000] {processor.py:840} INFO - DAG(s) 'example_sla_dag' retrieved from /home/airflow/.local/lib/python3.8/site-packages/airflow/example_dags/example_sla_dag.py
[2026-04-09T09:03:46.518+0000] {logging_mixin.py:188} INFO - [2026-04-09T09:03:46.518+0000] {dag.py:3033} INFO - Sync 1 DAGs
[2026-04-09T09:03:46.545+0000] {logging_mixin.py:188} INFO - [2026-04-09T09:03:46.545+0000] {dag.py:3820} INFO - Setting next_dagrun for example_sla_dag to 2026-04-09T09:00:00+00:00, run_after=2026-04-09T09:02:00+00:00
[2026-04-09T09:03:46.561+0000] {processor.py:183} INFO - Processing /home/airflow/.local/lib/python3.8/site-packages/airflow/example_dags/example_sla_dag.py took 0.080 seconds
[2026-04-09T09:04:16.987+0000] {processor.py:161} INFO - Started process (PID=7198) to work on /home/airflow/.local/lib/python3.8/site-packages/airflow/example_dags/example_sla_dag.py
[2026-04-09T09:04:16.987+0000] {processor.py:830} INFO - Processing file /home/airflow/.local/lib/python3.8/site-packages/airflow/example_dags/example_sla_dag.py for tasks to queue
[2026-04-09T09:04:16.989+0000] {logging_mixin.py:188} INFO - [2026-04-09T09:04:16.989+0000] {dagbag.py:538} INFO - Filling up the DagBag from /home/airflow/.local/lib/python3.8/site-packages/airflow/example_dags/example_sla_dag.py
[2026-04-09T09:04:16.996+0000] {processor.py:840} INFO - DAG(s) 'example_sla_dag' retrieved from /home/airflow/.local/lib/python3.8/site-packages/airflow/example_dags/example_sla_dag.py
[2026-04-09T09:04:17.011+0000] {logging_mixin.py:188} INFO - [2026-04-09T09:04:17.011+0000] {dag.py:3033} INFO - Sync 1 DAGs
[2026-04-09T09:04:17.030+0000] {logging_mixin.py:188} INFO - [2026-04-09T09:04:17.030+0000] {dag.py:3820} INFO - Setting next_dagrun for example_sla_dag to 2026-04-09T09:02:00+00:00, run_after=2026-04-09T09:04:00+00:00
[2026-04-09T09:04:17.043+0000] {processor.py:183} INFO - Processing /home/airflow/.local/lib/python3.8/site-packages/airflow/example_dags/example_sla_dag.py took 0.059 seconds
[2026-04-09T09:04:47.171+0000] {processor.py:161} INFO - Started process (PID=7259) to work on /home/airflow/.local/lib/python3.8/site-packages/airflow/example_dags/example_sla_dag.py
[2026-04-09T09:04:47.172+0000] {processor.py:830} INFO - Processing file /home/airflow/.local/lib/python3.8/site-packages/airflow/example_dags/example_sla_dag.py for tasks to queue
[2026-04-09T09:04:47.175+0000] {logging_mixin.py:188} INFO - [2026-04-09T09:04:47.175+0000] {dagbag.py:538} INFO - Filling up the DagBag from /home/airflow/.local/lib/python3.8/site-packages/airflow/example_dags/example_sla_dag.py
[2026-04-09T09:04:47.184+0000] {processor.py:840} INFO - DAG(s) 'example_sla_dag' retrieved from /home/airflow/.local/lib/python3.8/site-packages/airflow/example_dags/example_sla_dag.py
[2026-04-09T09:04:47.205+0000] {logging_mixin.py:188} INFO - [2026-04-09T09:04:47.205+0000] {dag.py:3033} INFO - Sync 1 DAGs
[2026-04-09T09:04:47.235+0000] {logging_mixin.py:188} INFO - [2026-04-09T09:04:47.235+0000] {dag.py:3820} INFO - Setting next_dagrun for example_sla_dag to 2026-04-09T09:02:00+00:00, run_after=2026-04-09T09:04:00+00:00
[2026-04-09T09:04:47.253+0000] {processor.py:183} INFO - Processing /home/airflow/.local/lib/python3.8/site-packages/airflow/example_dags/example_sla_dag.py took 0.085 seconds
[2026-04-09T09:05:18.016+0000] {processor.py:161} INFO - Started process (PID=7320) to work on /home/airflow/.local/lib/python3.8/site-packages/airflow/example_dags/example_sla_dag.py
[2026-04-09T09:05:18.017+0000] {processor.py:830} INFO - Processing file /home/airflow/.local/lib/python3.8/site-packages/airflow/example_dags/example_sla_dag.py for tasks to queue
[2026-04-09T09:05:18.019+0000] {logging_mixin.py:188} INFO - [2026-04-09T09:05:18.019+0000] {dagbag.py:538} INFO - Filling up the DagBag from /home/airflow/.local/lib/python3.8/site-packages/airflow/example_dags/example_sla_dag.py
[2026-04-09T09:05:18.027+0000] {processor.py:840} INFO - DAG(s) 'example_sla_dag' retrieved from /home/airflow/.local/lib/python3.8/site-packages/airflow/example_dags/example_sla_dag.py
[2026-04-09T09:05:18.048+0000] {logging_mixin.py:188} INFO - [2026-04-09T09:05:18.048+0000] {dag.py:3033} INFO - Sync 1 DAGs
[2026-04-09T09:05:18.077+0000] {logging_mixin.py:188} INFO - [2026-04-09T09:05:18.077+0000] {dag.py:3820} INFO - Setting next_dagrun for example_sla_dag to 2026-04-09T09:02:00+00:00, run_after=2026-04-09T09:04:00+00:00
[2026-04-09T09:05:18.095+0000] {processor.py:183} INFO - Processing /home/airflow/.local/lib/python3.8/site-packages/airflow/example_dags/example_sla_dag.py took 0.083 seconds
[2026-04-09T09:05:48.528+0000] {processor.py:161} INFO - Started process (PID=7381) to work on /home/airflow/.local/lib/python3.8/site-packages/airflow/example_dags/example_sla_dag.py
[2026-04-09T09:05:48.528+0000] {processor.py:830} INFO - Processing file /home/airflow/.local/lib/python3.8/site-packages/airflow/example_dags/example_sla_dag.py for tasks to queue
[2026-04-09T09:05:48.531+0000] {logging_mixin.py:188} INFO - [2026-04-09T09:05:48.530+0000] {dagbag.py:538} INFO - Filling up the DagBag from /home/airflow/.local/lib/python3.8/site-packages/airflow/example_dags/example_sla_dag.py
[2026-04-09T09:05:48.540+0000] {processor.py:840} INFO - DAG(s) 'example_sla_dag' retrieved from /home/airflow/.local/lib/python3.8/site-packages/airflow/example_dags/example_sla_dag.py
[2026-04-09T09:05:48.560+0000] {logging_mixin.py:188} INFO - [2026-04-09T09:05:48.560+0000] {dag.py:3033} INFO - Sync 1 DAGs
[2026-04-09T09:05:48.591+0000] {logging_mixin.py:188} INFO - [2026-04-09T09:05:48.591+0000] {dag.py:3820} INFO - Setting next_dagrun for example_sla_dag to 2026-04-09T09:02:00+00:00, run_after=2026-04-09T09:04:00+00:00
[2026-04-09T09:05:48.609+0000] {processor.py:183} INFO - Processing /home/airflow/.local/lib/python3.8/site-packages/airflow/example_dags/example_sla_dag.py took 0.085 seconds
[2026-04-09T09:06:18.687+0000] {processor.py:161} INFO - Started process (PID=7442) to work on /home/airflow/.local/lib/python3.8/site-packages/airflow/example_dags/example_sla_dag.py
[2026-04-09T09:06:18.688+0000] {processor.py:830} INFO - Processing file /home/airflow/.local/lib/python3.8/site-packages/airflow/example_dags/example_sla_dag.py for tasks to queue
[2026-04-09T09:06:18.691+0000] {logging_mixin.py:188} INFO - [2026-04-09T09:06:18.691+0000] {dagbag.py:538} INFO - Filling up the DagBag from /home/airflow/.local/lib/python3.8/site-packages/airflow/example_dags/example_sla_dag.py
[2026-04-09T09:06:18.699+0000] {processor.py:840} INFO - DAG(s) 'example_sla_dag' retrieved from /home/airflow/.local/lib/python3.8/site-packages/airflow/example_dags/example_sla_dag.py
[2026-04-09T09:06:18.720+0000] {logging_mixin.py:188} INFO - [2026-04-09T09:06:18.720+0000] {dag.py:3033} INFO - Sync 1 DAGs
[2026-04-09T09:06:18.747+0000] {logging_mixin.py:188} INFO - [2026-04-09T09:06:18.747+0000] {dag.py:3820} INFO - Setting next_dagrun for example_sla_dag to 2026-04-09T09:04:00+00:00, run_after=2026-04-09T09:06:00+00:00
[2026-04-09T09:06:18.765+0000] {processor.py:183} INFO - Processing /home/airflow/.local/lib/python3.8/site-packages/airflow/example_dags/example_sla_dag.py took 0.081 seconds
[2026-04-09T09:06:48.994+0000] {processor.py:161} INFO - Started process (PID=7503) to work on /home/airflow/.local/lib/python3.8/site-packages/airflow/example_dags/example_sla_dag.py
[2026-04-09T09:06:48.997+0000] {processor.py:830} INFO - Processing file /home/airflow/.local/lib/python3.8/site-packages/airflow/example_dags/example_sla_dag.py for tasks to queue
[2026-04-09T09:06:49.002+0000] {logging_mixin.py:188} INFO - [2026-04-09T09:06:49.001+0000] {dagbag.py:538} INFO - Filling up the DagBag from /home/airflow/.local/lib/python3.8/site-packages/airflow/example_dags/example_sla_dag.py
[2026-04-09T09:06:49.021+0000] {processor.py:840} INFO - DAG(s) 'example_sla_dag' retrieved from /home/airflow/.local/lib/python3.8/site-packages/airflow/example_dags/example_sla_dag.py
[2026-04-09T09:06:49.064+0000] {logging_mixin.py:188} INFO - [2026-04-09T09:06:49.063+0000] {dag.py:3033} INFO - Sync 1 DAGs
[2026-04-09T09:06:49.116+0000] {logging_mixin.py:188} INFO - [2026-04-09T09:06:49.116+0000] {dag.py:3820} INFO - Setting next_dagrun for example_sla_dag to 2026-04-09T09:04:00+00:00, run_after=2026-04-09T09:06:00+00:00
[2026-04-09T09:06:49.152+0000] {processor.py:183} INFO - Processing /home/airflow/.local/lib/python3.8/site-packages/airflow/example_dags/example_sla_dag.py took 0.164 seconds
[2026-04-09T09:07:19.430+0000] {processor.py:161} INFO - Started process (PID=7563) to work on /home/airflow/.local/lib/python3.8/site-packages/airflow/example_dags/example_sla_dag.py
[2026-04-09T09:07:19.431+0000] {processor.py:830} INFO - Processing file /home/airflow/.local/lib/python3.8/site-packages/airflow/example_dags/example_sla_dag.py for tasks to queue
[2026-04-09T09:07:19.434+0000] {logging_mixin.py:188} INFO - [2026-04-09T09:07:19.434+0000] {dagbag.py:538} INFO - Filling up the DagBag from /home/airflow/.local/lib/python3.8/site-packages/airflow/example_dags/example_sla_dag.py
[2026-04-09T09:07:19.443+0000] {processor.py:840} INFO - DAG(s) 'example_sla_dag' retrieved from /home/airflow/.local/lib/python3.8/site-packages/airflow/example_dags/example_sla_dag.py
[2026-04-09T09:07:19.465+0000] {logging_mixin.py:188} INFO - [2026-04-09T09:07:19.465+0000] {dag.py:3033} INFO - Sync 1 DAGs
[2026-04-09T09:07:19.511+0000] {logging_mixin.py:188} INFO - [2026-04-09T09:07:19.511+0000] {dag.py:3820} INFO - Setting next_dagrun for example_sla_dag to 2026-04-09T09:04:00+00:00, run_after=2026-04-09T09:06:00+00:00
[2026-04-09T09:07:19.551+0000] {processor.py:183} INFO - Processing /home/airflow/.local/lib/python3.8/site-packages/airflow/example_dags/example_sla_dag.py took 0.124 seconds
[2026-04-09T09:07:49.606+0000] {processor.py:161} INFO - Started process (PID=7624) to work on /home/airflow/.local/lib/python3.8/site-packages/airflow/example_dags/example_sla_dag.py
[2026-04-09T09:07:49.607+0000] {processor.py:830} INFO - Processing file /home/airflow/.local/lib/python3.8/site-packages/airflow/example_dags/example_sla_dag.py for tasks to queue
[2026-04-09T09:07:49.610+0000] {logging_mixin.py:188} INFO - [2026-04-09T09:07:49.610+0000] {dagbag.py:538} INFO - Filling up the DagBag from /home/airflow/.local/lib/python3.8/site-packages/airflow/example_dags/example_sla_dag.py
[2026-04-09T09:07:49.619+0000] {processor.py:840} INFO - DAG(s) 'example_sla_dag' retrieved from /home/airflow/.local/lib/python3.8/site-packages/airflow/example_dags/example_sla_dag.py
[2026-04-09T09:07:49.640+0000] {logging_mixin.py:188} INFO - [2026-04-09T09:07:49.640+0000] {dag.py:3033} INFO - Sync 1 DAGs
[2026-04-09T09:07:49.668+0000] {logging_mixin.py:188} INFO - [2026-04-09T09:07:49.668+0000] {dag.py:3820} INFO - Setting next_dagrun for example_sla_dag to 2026-04-09T09:04:00+00:00, run_after=2026-04-09T09:06:00+00:00
[2026-04-09T09:07:49.693+0000] {processor.py:183} INFO - Processing /home/airflow/.local/lib/python3.8/site-packages/airflow/example_dags/example_sla_dag.py took 0.090 seconds
[2026-04-09T09:08:20.206+0000] {processor.py:161} INFO - Started process (PID=7685) to work on /home/airflow/.local/lib/python3.8/site-packages/airflow/example_dags/example_sla_dag.py
[2026-04-09T09:08:20.208+0000] {processor.py:830} INFO - Processing file /home/airflow/.local/lib/python3.8/site-packages/airflow/example_dags/example_sla_dag.py for tasks to queue
[2026-04-09T09:08:20.213+0000] {logging_mixin.py:188} INFO - [2026-04-09T09:08:20.212+0000] {dagbag.py:538} INFO - Filling up the DagBag from /home/airflow/.local/lib/python3.8/site-packages/airflow/example_dags/example_sla_dag.py
[2026-04-09T09:08:20.222+0000] {processor.py:840} INFO - DAG(s) 'example_sla_dag' retrieved from /home/airflow/.local/lib/python3.8/site-packages/airflow/example_dags/example_sla_dag.py
[2026-04-09T09:08:20.243+0000] {logging_mixin.py:188} INFO - [2026-04-09T09:08:20.243+0000] {dag.py:3033} INFO - Sync 1 DAGs
[2026-04-09T09:08:20.271+0000] {logging_mixin.py:188} INFO - [2026-04-09T09:08:20.271+0000] {dag.py:3820} INFO - Setting next_dagrun for example_sla_dag to 2026-04-09T09:06:00+00:00, run_after=2026-04-09T09:08:00+00:00
[2026-04-09T09:08:20.288+0000] {processor.py:183} INFO - Processing /home/airflow/.local/lib/python3.8/site-packages/airflow/example_dags/example_sla_dag.py took 0.085 seconds
[2026-04-09T09:08:51.051+0000] {processor.py:161} INFO - Started process (PID=7746) to work on /home/airflow/.local/lib/python3.8/site-packages/airflow/example_dags/example_sla_dag.py
[2026-04-09T09:08:51.052+0000] {processor.py:830} INFO - Processing file /home/airflow/.local/lib/python3.8/site-packages/airflow/example_dags/example_sla_dag.py for tasks to queue
[2026-04-09T09:08:51.055+0000] {logging_mixin.py:188} INFO - [2026-04-09T09:08:51.055+0000] {dagbag.py:538} INFO - Filling up the DagBag from /home/airflow/.local/lib/python3.8/site-packages/airflow/example_dags/example_sla_dag.py
[2026-04-09T09:08:51.063+0000] {processor.py:840} INFO - DAG(s) 'example_sla_dag' retrieved from /home/airflow/.local/lib/python3.8/site-packages/airflow/example_dags/example_sla_dag.py
[2026-04-09T09:08:51.083+0000] {logging_mixin.py:188} INFO - [2026-04-09T09:08:51.083+0000] {dag.py:3033} INFO - Sync 1 DAGs
[2026-04-09T09:08:51.110+0000] {logging_mixin.py:188} INFO - [2026-04-09T09:08:51.110+0000] {dag.py:3820} INFO - Setting next_dagrun for example_sla_dag to 2026-04-09T09:06:00+00:00, run_after=2026-04-09T09:08:00+00:00
[2026-04-09T09:08:51.128+0000] {processor.py:183} INFO - Processing /home/airflow/.local/lib/python3.8/site-packages/airflow/example_dags/example_sla_dag.py took 0.080 seconds
[2026-04-09T09:09:21.448+0000] {processor.py:161} INFO - Started process (PID=7807) to work on /home/airflow/.local/lib/python3.8/site-packages/airflow/example_dags/example_sla_dag.py
[2026-04-09T09:09:21.449+0000] {processor.py:830} INFO - Processing file /home/airflow/.local/lib/python3.8/site-packages/airflow/example_dags/example_sla_dag.py for tasks to queue
[2026-04-09T09:09:21.452+0000] {logging_mixin.py:188} INFO - [2026-04-09T09:09:21.452+0000] {dagbag.py:538} INFO - Filling up the DagBag from /home/airflow/.local/lib/python3.8/site-packages/airflow/example_dags/example_sla_dag.py
[2026-04-09T09:09:21.458+0000] {processor.py:840} INFO - DAG(s) 'example_sla_dag' retrieved from /home/airflow/.local/lib/python3.8/site-packages/airflow/example_dags/example_sla_dag.py
[2026-04-09T09:09:21.474+0000] {logging_mixin.py:188} INFO - [2026-04-09T09:09:21.474+0000] {dag.py:3033} INFO - Sync 1 DAGs
[2026-04-09T09:09:21.494+0000] {logging_mixin.py:188} INFO - [2026-04-09T09:09:21.493+0000] {dag.py:3820} INFO - Setting next_dagrun for example_sla_dag to 2026-04-09T09:06:00+00:00, run_after=2026-04-09T09:08:00+00:00
[2026-04-09T09:09:21.507+0000] {processor.py:183} INFO - Processing /home/airflow/.local/lib/python3.8/site-packages/airflow/example_dags/example_sla_dag.py took 0.062 seconds
[2026-04-09T09:09:51.781+0000] {processor.py:161} INFO - Started process (PID=7868) to work on /home/airflow/.local/lib/python3.8/site-packages/airflow/example_dags/example_sla_dag.py
[2026-04-09T09:09:51.782+0000] {processor.py:830} INFO - Processing file /home/airflow/.local/lib/python3.8/site-packages/airflow/example_dags/example_sla_dag.py for tasks to queue
[2026-04-09T09:09:51.785+0000] {logging_mixin.py:188} INFO - [2026-04-09T09:09:51.785+0000] {dagbag.py:538} INFO - Filling up the DagBag from /home/airflow/.local/lib/python3.8/site-packages/airflow/example_dags/example_sla_dag.py
[2026-04-09T09:09:51.794+0000] {processor.py:840} INFO - DAG(s) 'example_sla_dag' retrieved from /home/airflow/.local/lib/python3.8/site-packages/airflow/example_dags/example_sla_dag.py
[2026-04-09T09:09:51.814+0000] {logging_mixin.py:188} INFO - [2026-04-09T09:09:51.814+0000] {dag.py:3033} INFO - Sync 1 DAGs
[2026-04-09T09:09:51.841+0000] {logging_mixin.py:188} INFO - [2026-04-09T09:09:51.841+0000] {dag.py:3820} INFO - Setting next_dagrun for example_sla_dag to 2026-04-09T09:06:00+00:00, run_after=2026-04-09T09:08:00+00:00
[2026-04-09T09:09:51.870+0000] {processor.py:183} INFO - Processing /home/airflow/.local/lib/python3.8/site-packages/airflow/example_dags/example_sla_dag.py took 0.092 seconds
[2026-04-09T09:10:22.782+0000] {processor.py:161} INFO - Started process (PID=7929) to work on /home/airflow/.local/lib/python3.8/site-packages/airflow/example_dags/example_sla_dag.py
[2026-04-09T09:10:22.783+0000] {processor.py:830} INFO - Processing file /home/airflow/.local/lib/python3.8/site-packages/airflow/example_dags/example_sla_dag.py for tasks to queue
[2026-04-09T09:10:22.785+0000] {logging_mixin.py:188} INFO - [2026-04-09T09:10:22.785+0000] {dagbag.py:538} INFO - Filling up the DagBag from /home/airflow/.local/lib/python3.8/site-packages/airflow/example_dags/example_sla_dag.py
[2026-04-09T09:10:22.794+0000] {processor.py:840} INFO - DAG(s) 'example_sla_dag' retrieved from /home/airflow/.local/lib/python3.8/site-packages/airflow/example_dags/example_sla_dag.py
[2026-04-09T09:10:22.813+0000] {logging_mixin.py:188} INFO - [2026-04-09T09:10:22.813+0000] {dag.py:3033} INFO - Sync 1 DAGs
[2026-04-09T09:10:22.841+0000] {logging_mixin.py:188} INFO - [2026-04-09T09:10:22.840+0000] {dag.py:3820} INFO - Setting next_dagrun for example_sla_dag to 2026-04-09T09:08:00+00:00, run_after=2026-04-09T09:10:00+00:00
[2026-04-09T09:10:22.858+0000] {processor.py:183} INFO - Processing /home/airflow/.local/lib/python3.8/site-packages/airflow/example_dags/example_sla_dag.py took 0.079 seconds
[2026-04-09T09:10:53.575+0000] {processor.py:161} INFO - Started process (PID=7990) to work on /home/airflow/.local/lib/python3.8/site-packages/airflow/example_dags/example_sla_dag.py
[2026-04-09T09:10:53.576+0000] {processor.py:830} INFO - Processing file /home/airflow/.local/lib/python3.8/site-packages/airflow/example_dags/example_sla_dag.py for tasks to queue
[2026-04-09T09:10:53.579+0000] {logging_mixin.py:188} INFO - [2026-04-09T09:10:53.579+0000] {dagbag.py:538} INFO - Filling up the DagBag from /home/airflow/.local/lib/python3.8/site-packages/airflow/example_dags/example_sla_dag.py
[2026-04-09T09:10:53.589+0000] {processor.py:840} INFO - DAG(s) 'example_sla_dag' retrieved from /home/airflow/.local/lib/python3.8/site-packages/airflow/example_dags/example_sla_dag.py
[2026-04-09T09:10:53.630+0000] {logging_mixin.py:188} INFO - [2026-04-09T09:10:53.630+0000] {dag.py:3033} INFO - Sync 1 DAGs
[2026-04-09T09:10:53.659+0000] {logging_mixin.py:188} INFO - [2026-04-09T09:10:53.659+0000] {dag.py:3820} INFO - Setting next_dagrun for example_sla_dag to 2026-04-09T09:08:00+00:00, run_after=2026-04-09T09:10:00+00:00
[2026-04-09T09:10:53.689+0000] {processor.py:183} INFO - Processing /home/airflow/.local/lib/python3.8/site-packages/airflow/example_dags/example_sla_dag.py took 0.119 seconds
[2026-04-09T09:11:24.646+0000] {processor.py:161} INFO - Started process (PID=8051) to work on /home/airflow/.local/lib/python3.8/site-packages/airflow/example_dags/example_sla_dag.py
[2026-04-09T09:11:24.647+0000] {processor.py:830} INFO - Processing file /home/airflow/.local/lib/python3.8/site-packages/airflow/example_dags/example_sla_dag.py for tasks to queue
[2026-04-09T09:11:24.649+0000] {logging_mixin.py:188} INFO - [2026-04-09T09:11:24.649+0000] {dagbag.py:538} INFO - Filling up the DagBag from /home/airflow/.local/lib/python3.8/site-packages/airflow/example_dags/example_sla_dag.py
[2026-04-09T09:11:24.655+0000] {processor.py:840} INFO - DAG(s) 'example_sla_dag' retrieved from /home/airflow/.local/lib/python3.8/site-packages/airflow/example_dags/example_sla_dag.py
[2026-04-09T09:11:24.677+0000] {logging_mixin.py:188} INFO - [2026-04-09T09:11:24.677+0000] {dag.py:3033} INFO - Sync 1 DAGs
[2026-04-09T09:11:24.707+0000] {logging_mixin.py:188} INFO - [2026-04-09T09:11:24.706+0000] {dag.py:3820} INFO - Setting next_dagrun for example_sla_dag to 2026-04-09T09:08:00+00:00, run_after=2026-04-09T09:10:00+00:00
[2026-04-09T09:11:24.728+0000] {processor.py:183} INFO - Processing /home/airflow/.local/lib/python3.8/site-packages/airflow/example_dags/example_sla_dag.py took 0.084 seconds
[2026-04-09T09:11:54.871+0000] {processor.py:161} INFO - Started process (PID=8112) to work on /home/airflow/.local/lib/python3.8/site-packages/airflow/example_dags/example_sla_dag.py
[2026-04-09T09:11:54.872+0000] {processor.py:830} INFO - Processing file /home/airflow/.local/lib/python3.8/site-packages/airflow/example_dags/example_sla_dag.py for tasks to queue
[2026-04-09T09:11:54.875+0000] {logging_mixin.py:188} INFO - [2026-04-09T09:11:54.875+0000] {dagbag.py:538} INFO - Filling up the DagBag from /home/airflow/.local/lib/python3.8/site-packages/airflow/example_dags/example_sla_dag.py
[2026-04-09T09:11:54.884+0000] {processor.py:840} INFO - DAG(s) 'example_sla_dag' retrieved from /home/airflow/.local/lib/python3.8/site-packages/airflow/example_dags/example_sla_dag.py
[2026-04-09T09:11:54.903+0000] {logging_mixin.py:188} INFO - [2026-04-09T09:11:54.903+0000] {dag.py:3033} INFO - Sync 1 DAGs
[2026-04-09T09:11:54.932+0000] {logging_mixin.py:188} INFO - [2026-04-09T09:11:54.932+0000] {dag.py:3820} INFO - Setting next_dagrun for example_sla_dag to 2026-04-09T09:08:00+00:00, run_after=2026-04-09T09:10:00+00:00
[2026-04-09T09:11:54.949+0000] {processor.py:183} INFO - Processing /home/airflow/.local/lib/python3.8/site-packages/airflow/example_dags/example_sla_dag.py took 0.081 seconds
[2026-04-09T09:12:25.146+0000] {processor.py:161} INFO - Started process (PID=8173) to work on /home/airflow/.local/lib/python3.8/site-packages/airflow/example_dags/example_sla_dag.py
[2026-04-09T09:12:25.147+0000] {processor.py:830} INFO - Processing file /home/airflow/.local/lib/python3.8/site-packages/airflow/example_dags/example_sla_dag.py for tasks to queue
[2026-04-09T09:12:25.149+0000] {logging_mixin.py:188} INFO - [2026-04-09T09:12:25.149+0000] {dagbag.py:538} INFO - Filling up the DagBag from /home/airflow/.local/lib/python3.8/site-packages/airflow/example_dags/example_sla_dag.py
[2026-04-09T09:12:25.155+0000] {processor.py:840} INFO - DAG(s) 'example_sla_dag' retrieved from /home/airflow/.local/lib/python3.8/site-packages/airflow/example_dags/example_sla_dag.py
[2026-04-09T09:12:25.171+0000] {logging_mixin.py:188} INFO - [2026-04-09T09:12:25.171+0000] {dag.py:3033} INFO - Sync 1 DAGs
[2026-04-09T09:12:25.189+0000] {logging_mixin.py:188} INFO - [2026-04-09T09:12:25.189+0000] {dag.py:3820} INFO - Setting next_dagrun for example_sla_dag to 2026-04-09T09:10:00+00:00, run_after=2026-04-09T09:12:00+00:00
[2026-04-09T09:12:25.202+0000] {processor.py:183} INFO - Processing /home/airflow/.local/lib/python3.8/site-packages/airflow/example_dags/example_sla_dag.py took 0.058 seconds
[2026-04-09T09:12:55.456+0000] {processor.py:161} INFO - Started process (PID=8234) to work on /home/airflow/.local/lib/python3.8/site-packages/airflow/example_dags/example_sla_dag.py
[2026-04-09T09:12:55.458+0000] {processor.py:830} INFO - Processing file /home/airflow/.local/lib/python3.8/site-packages/airflow/example_dags/example_sla_dag.py for tasks to queue
[2026-04-09T09:12:55.464+0000] {logging_mixin.py:188} INFO - [2026-04-09T09:12:55.464+0000] {dagbag.py:538} INFO - Filling up the DagBag from /home/airflow/.local/lib/python3.8/site-packages/airflow/example_dags/example_sla_dag.py
[2026-04-09T09:12:55.472+0000] {processor.py:840} INFO - DAG(s) 'example_sla_dag' retrieved from /home/airflow/.local/lib/python3.8/site-packages/airflow/example_dags/example_sla_dag.py
[2026-04-09T09:12:55.493+0000] {logging_mixin.py:188} INFO - [2026-04-09T09:12:55.493+0000] {dag.py:3033} INFO - Sync 1 DAGs
[2026-04-09T09:12:55.521+0000] {logging_mixin.py:188} INFO - [2026-04-09T09:12:55.520+0000] {dag.py:3820} INFO - Setting next_dagrun for example_sla_dag to 2026-04-09T09:10:00+00:00, run_after=2026-04-09T09:12:00+00:00
[2026-04-09T09:12:55.537+0000] {processor.py:183} INFO - Processing /home/airflow/.local/lib/python3.8/site-packages/airflow/example_dags/example_sla_dag.py took 0.084 seconds
[2026-04-09T09:13:25.804+0000] {processor.py:161} INFO - Started process (PID=8294) to work on /home/airflow/.local/lib/python3.8/site-packages/airflow/example_dags/example_sla_dag.py
[2026-04-09T09:13:25.805+0000] {processor.py:830} INFO - Processing file /home/airflow/.local/lib/python3.8/site-packages/airflow/example_dags/example_sla_dag.py for tasks to queue
[2026-04-09T09:13:25.808+0000] {logging_mixin.py:188} INFO - [2026-04-09T09:13:25.807+0000] {dagbag.py:538} INFO - Filling up the DagBag from /home/airflow/.local/lib/python3.8/site-packages/airflow/example_dags/example_sla_dag.py
[2026-04-09T09:13:25.817+0000] {processor.py:840} INFO - DAG(s) 'example_sla_dag' retrieved from /home/airflow/.local/lib/python3.8/site-packages/airflow/example_dags/example_sla_dag.py
[2026-04-09T09:13:25.838+0000] {logging_mixin.py:188} INFO - [2026-04-09T09:13:25.838+0000] {dag.py:3033} INFO - Sync 1 DAGs
[2026-04-09T09:13:25.864+0000] {logging_mixin.py:188} INFO - [2026-04-09T09:13:25.864+0000] {dag.py:3820} INFO - Setting next_dagrun for example_sla_dag to 2026-04-09T09:10:00+00:00, run_after=2026-04-09T09:12:00+00:00
[2026-04-09T09:13:25.881+0000] {processor.py:183} INFO - Processing /home/airflow/.local/lib/python3.8/site-packages/airflow/example_dags/example_sla_dag.py took 0.080 seconds
[2026-04-09T09:13:56.343+0000] {processor.py:161} INFO - Started process (PID=8355) to work on /home/airflow/.local/lib/python3.8/site-packages/airflow/example_dags/example_sla_dag.py
[2026-04-09T09:13:56.344+0000] {processor.py:830} INFO - Processing file /home/airflow/.local/lib/python3.8/site-packages/airflow/example_dags/example_sla_dag.py for tasks to queue
[2026-04-09T09:13:56.346+0000] {logging_mixin.py:188} INFO - [2026-04-09T09:13:56.346+0000] {dagbag.py:538} INFO - Filling up the DagBag from /home/airflow/.local/lib/python3.8/site-packages/airflow/example_dags/example_sla_dag.py
[2026-04-09T09:13:56.356+0000] {processor.py:840} INFO - DAG(s) 'example_sla_dag' retrieved from /home/airflow/.local/lib/python3.8/site-packages/airflow/example_dags/example_sla_dag.py
[2026-04-09T09:13:56.377+0000] {logging_mixin.py:188} INFO - [2026-04-09T09:13:56.377+0000] {dag.py:3033} INFO - Sync 1 DAGs
[2026-04-09T09:13:56.412+0000] {logging_mixin.py:188} INFO - [2026-04-09T09:13:56.412+0000] {dag.py:3820} INFO - Setting next_dagrun for example_sla_dag to 2026-04-09T09:10:00+00:00, run_after=2026-04-09T09:12:00+00:00
[2026-04-09T09:13:56.432+0000] {processor.py:183} INFO - Processing /home/airflow/.local/lib/python3.8/site-packages/airflow/example_dags/example_sla_dag.py took 0.092 seconds
[2026-04-09T09:14:26.759+0000] {processor.py:161} INFO - Started process (PID=8416) to work on /home/airflow/.local/lib/python3.8/site-packages/airflow/example_dags/example_sla_dag.py
[2026-04-09T09:14:26.760+0000] {processor.py:830} INFO - Processing file /home/airflow/.local/lib/python3.8/site-packages/airflow/example_dags/example_sla_dag.py for tasks to queue
[2026-04-09T09:14:26.762+0000] {logging_mixin.py:188} INFO - [2026-04-09T09:14:26.762+0000] {dagbag.py:538} INFO - Filling up the DagBag from /home/airflow/.local/lib/python3.8/site-packages/airflow/example_dags/example_sla_dag.py
[2026-04-09T09:14:26.772+0000] {processor.py:840} INFO - DAG(s) 'example_sla_dag' retrieved from /home/airflow/.local/lib/python3.8/site-packages/airflow/example_dags/example_sla_dag.py
[2026-04-09T09:14:26.796+0000] {logging_mixin.py:188} INFO - [2026-04-09T09:14:26.796+0000] {dag.py:3033} INFO - Sync 1 DAGs
[2026-04-09T09:14:26.825+0000] {logging_mixin.py:188} INFO - [2026-04-09T09:14:26.825+0000] {dag.py:3820} INFO - Setting next_dagrun for example_sla_dag to 2026-04-09T09:12:00+00:00, run_after=2026-04-09T09:14:00+00:00
[2026-04-09T09:14:26.842+0000] {processor.py:183} INFO - Processing /home/airflow/.local/lib/python3.8/site-packages/airflow/example_dags/example_sla_dag.py took 0.087 seconds
[2026-04-09T09:14:57.585+0000] {processor.py:161} INFO - Started process (PID=8475) to work on /home/airflow/.local/lib/python3.8/site-packages/airflow/example_dags/example_sla_dag.py
[2026-04-09T09:14:57.586+0000] {processor.py:830} INFO - Processing file /home/airflow/.local/lib/python3.8/site-packages/airflow/example_dags/example_sla_dag.py for tasks to queue
[2026-04-09T09:14:57.589+0000] {logging_mixin.py:188} INFO - [2026-04-09T09:14:57.589+0000] {dagbag.py:538} INFO - Filling up the DagBag from /home/airflow/.local/lib/python3.8/site-packages/airflow/example_dags/example_sla_dag.py
[2026-04-09T09:14:57.600+0000] {processor.py:840} INFO - DAG(s) 'example_sla_dag' retrieved from /home/airflow/.local/lib/python3.8/site-packages/airflow/example_dags/example_sla_dag.py
[2026-04-09T09:14:57.621+0000] {logging_mixin.py:188} INFO - [2026-04-09T09:14:57.621+0000] {dag.py:3033} INFO - Sync 1 DAGs
[2026-04-09T09:14:57.650+0000] {logging_mixin.py:188} INFO - [2026-04-09T09:14:57.650+0000] {dag.py:3820} INFO - Setting next_dagrun for example_sla_dag to 2026-04-09T09:12:00+00:00, run_after=2026-04-09T09:14:00+00:00
[2026-04-09T09:14:57.667+0000] {processor.py:183} INFO - Processing /home/airflow/.local/lib/python3.8/site-packages/airflow/example_dags/example_sla_dag.py took 0.088 seconds
[2026-04-09T09:15:28.217+0000] {processor.py:161} INFO - Started process (PID=8536) to work on /home/airflow/.local/lib/python3.8/site-packages/airflow/example_dags/example_sla_dag.py
[2026-04-09T09:15:28.218+0000] {processor.py:830} INFO - Processing file /home/airflow/.local/lib/python3.8/site-packages/airflow/example_dags/example_sla_dag.py for tasks to queue
[2026-04-09T09:15:28.221+0000] {logging_mixin.py:188} INFO - [2026-04-09T09:15:28.221+0000] {dagbag.py:538} INFO - Filling up the DagBag from /home/airflow/.local/lib/python3.8/site-packages/airflow/example_dags/example_sla_dag.py
[2026-04-09T09:15:28.233+0000] {processor.py:840} INFO - DAG(s) 'example_sla_dag' retrieved from /home/airflow/.local/lib/python3.8/site-packages/airflow/example_dags/example_sla_dag.py
[2026-04-09T09:15:28.268+0000] {logging_mixin.py:188} INFO - [2026-04-09T09:15:28.268+0000] {dag.py:3033} INFO - Sync 1 DAGs
[2026-04-09T09:15:28.305+0000] {logging_mixin.py:188} INFO - [2026-04-09T09:15:28.305+0000] {dag.py:3820} INFO - Setting next_dagrun for example_sla_dag to 2026-04-09T09:12:00+00:00, run_after=2026-04-09T09:14:00+00:00
[2026-04-09T09:15:28.328+0000] {processor.py:183} INFO - Processing /home/airflow/.local/lib/python3.8/site-packages/airflow/example_dags/example_sla_dag.py took 0.115 seconds
[2026-04-09T09:15:59.048+0000] {processor.py:161} INFO - Started process (PID=8597) to work on /home/airflow/.local/lib/python3.8/site-packages/airflow/example_dags/example_sla_dag.py
[2026-04-09T09:15:59.048+0000] {processor.py:830} INFO - Processing file /home/airflow/.local/lib/python3.8/site-packages/airflow/example_dags/example_sla_dag.py for tasks to queue
[2026-04-09T09:15:59.051+0000] {logging_mixin.py:188} INFO - [2026-04-09T09:15:59.051+0000] {dagbag.py:538} INFO - Filling up the DagBag from /home/airflow/.local/lib/python3.8/site-packages/airflow/example_dags/example_sla_dag.py
[2026-04-09T09:15:59.064+0000] {processor.py:840} INFO - DAG(s) 'example_sla_dag' retrieved from /home/airflow/.local/lib/python3.8/site-packages/airflow/example_dags/example_sla_dag.py
[2026-04-09T09:15:59.119+0000] {logging_mixin.py:188} INFO - [2026-04-09T09:15:59.119+0000] {dag.py:3033} INFO - Sync 1 DAGs
[2026-04-09T09:15:59.208+0000] {logging_mixin.py:188} INFO - [2026-04-09T09:15:59.208+0000] {dag.py:3820} INFO - Setting next_dagrun for example_sla_dag to 2026-04-09T09:12:00+00:00, run_after=2026-04-09T09:14:00+00:00
[2026-04-09T09:15:59.228+0000] {processor.py:183} INFO - Processing /home/airflow/.local/lib/python3.8/site-packages/airflow/example_dags/example_sla_dag.py took 0.184 seconds
[2026-04-09T09:16:29.959+0000] {processor.py:161} INFO - Started process (PID=8658) to work on /home/airflow/.local/lib/python3.8/site-packages/airflow/example_dags/example_sla_dag.py
[2026-04-09T09:16:29.960+0000] {processor.py:830} INFO - Processing file /home/airflow/.local/lib/python3.8/site-packages/airflow/example_dags/example_sla_dag.py for tasks to queue
[2026-04-09T09:16:29.963+0000] {logging_mixin.py:188} INFO - [2026-04-09T09:16:29.962+0000] {dagbag.py:538} INFO - Filling up the DagBag from /home/airflow/.local/lib/python3.8/site-packages/airflow/example_dags/example_sla_dag.py
[2026-04-09T09:16:29.972+0000] {processor.py:840} INFO - DAG(s) 'example_sla_dag' retrieved from /home/airflow/.local/lib/python3.8/site-packages/airflow/example_dags/example_sla_dag.py
[2026-04-09T09:16:30.021+0000] {logging_mixin.py:188} INFO - [2026-04-09T09:16:30.021+0000] {dag.py:3033} INFO - Sync 1 DAGs
[2026-04-09T09:16:30.084+0000] {logging_mixin.py:188} INFO - [2026-04-09T09:16:30.083+0000] {dag.py:3820} INFO - Setting next_dagrun for example_sla_dag to 2026-04-09T09:14:00+00:00, run_after=2026-04-09T09:16:00+00:00
[2026-04-09T09:16:30.116+0000] {processor.py:183} INFO - Processing /home/airflow/.local/lib/python3.8/site-packages/airflow/example_dags/example_sla_dag.py took 0.161 seconds
[2026-04-09T09:17:01.222+0000] {processor.py:161} INFO - Started process (PID=8719) to work on /home/airflow/.local/lib/python3.8/site-packages/airflow/example_dags/example_sla_dag.py
[2026-04-09T09:17:01.223+0000] {processor.py:830} INFO - Processing file /home/airflow/.local/lib/python3.8/site-packages/airflow/example_dags/example_sla_dag.py for tasks to queue
[2026-04-09T09:17:01.228+0000] {logging_mixin.py:188} INFO - [2026-04-09T09:17:01.228+0000] {dagbag.py:538} INFO - Filling up the DagBag from /home/airflow/.local/lib/python3.8/site-packages/airflow/example_dags/example_sla_dag.py
[2026-04-09T09:17:01.244+0000] {processor.py:840} INFO - DAG(s) 'example_sla_dag' retrieved from /home/airflow/.local/lib/python3.8/site-packages/airflow/example_dags/example_sla_dag.py
[2026-04-09T09:17:01.293+0000] {logging_mixin.py:188} INFO - [2026-04-09T09:17:01.290+0000] {dag.py:3033} INFO - Sync 1 DAGs
[2026-04-09T09:17:01.356+0000] {logging_mixin.py:188} INFO - [2026-04-09T09:17:01.354+0000] {dag.py:3820} INFO - Setting next_dagrun for example_sla_dag to 2026-04-09T09:14:00+00:00, run_after=2026-04-09T09:16:00+00:00
[2026-04-09T09:17:01.396+0000] {processor.py:183} INFO - Processing /home/airflow/.local/lib/python3.8/site-packages/airflow/example_dags/example_sla_dag.py took 0.181 seconds
[2026-04-09T09:17:31.995+0000] {processor.py:161} INFO - Started process (PID=8780) to work on /home/airflow/.local/lib/python3.8/site-packages/airflow/example_dags/example_sla_dag.py
[2026-04-09T09:17:31.996+0000] {processor.py:830} INFO - Processing file /home/airflow/.local/lib/python3.8/site-packages/airflow/example_dags/example_sla_dag.py for tasks to queue
[2026-04-09T09:17:31.998+0000] {logging_mixin.py:188} INFO - [2026-04-09T09:17:31.998+0000] {dagbag.py:538} INFO - Filling up the DagBag from /home/airflow/.local/lib/python3.8/site-packages/airflow/example_dags/example_sla_dag.py
[2026-04-09T09:17:32.007+0000] {processor.py:840} INFO - DAG(s) 'example_sla_dag' retrieved from /home/airflow/.local/lib/python3.8/site-packages/airflow/example_dags/example_sla_dag.py
[2026-04-09T09:17:32.027+0000] {logging_mixin.py:188} INFO - [2026-04-09T09:17:32.027+0000] {dag.py:3033} INFO - Sync 1 DAGs
[2026-04-09T09:17:32.056+0000] {logging_mixin.py:188} INFO - [2026-04-09T09:17:32.056+0000] {dag.py:3820} INFO - Setting next_dagrun for example_sla_dag to 2026-04-09T09:14:00+00:00, run_after=2026-04-09T09:16:00+00:00
[2026-04-09T09:17:32.075+0000] {processor.py:183} INFO - Processing /home/airflow/.local/lib/python3.8/site-packages/airflow/example_dags/example_sla_dag.py took 0.083 seconds
[2026-04-09T09:18:02.613+0000] {processor.py:161} INFO - Started process (PID=8841) to work on /home/airflow/.local/lib/python3.8/site-packages/airflow/example_dags/example_sla_dag.py
[2026-04-09T09:18:02.614+0000] {processor.py:830} INFO - Processing file /home/airflow/.local/lib/python3.8/site-packages/airflow/example_dags/example_sla_dag.py for tasks to queue
[2026-04-09T09:18:02.617+0000] {logging_mixin.py:188} INFO - [2026-04-09T09:18:02.617+0000] {dagbag.py:538} INFO - Filling up the DagBag from /home/airflow/.local/lib/python3.8/site-packages/airflow/example_dags/example_sla_dag.py
[2026-04-09T09:18:02.627+0000] {processor.py:840} INFO - DAG(s) 'example_sla_dag' retrieved from /home/airflow/.local/lib/python3.8/site-packages/airflow/example_dags/example_sla_dag.py
[2026-04-09T09:18:02.651+0000] {logging_mixin.py:188} INFO - [2026-04-09T09:18:02.650+0000] {dag.py:3033} INFO - Sync 1 DAGs
[2026-04-09T09:18:02.683+0000] {logging_mixin.py:188} INFO - [2026-04-09T09:18:02.683+0000] {dag.py:3820} INFO - Setting next_dagrun for example_sla_dag to 2026-04-09T09:16:00+00:00, run_after=2026-04-09T09:18:00+00:00
[2026-04-09T09:18:02.700+0000] {processor.py:183} INFO - Processing /home/airflow/.local/lib/python3.8/site-packages/airflow/example_dags/example_sla_dag.py took 0.090 seconds
[2026-04-09T09:18:32.900+0000] {processor.py:161} INFO - Started process (PID=8901) to work on /home/airflow/.local/lib/python3.8/site-packages/airflow/example_dags/example_sla_dag.py
[2026-04-09T09:18:32.901+0000] {processor.py:830} INFO - Processing file /home/airflow/.local/lib/python3.8/site-packages/airflow/example_dags/example_sla_dag.py for tasks to queue
[2026-04-09T09:18:32.903+0000] {logging_mixin.py:188} INFO - [2026-04-09T09:18:32.903+0000] {dagbag.py:538} INFO - Filling up the DagBag from /home/airflow/.local/lib/python3.8/site-packages/airflow/example_dags/example_sla_dag.py
[2026-04-09T09:18:32.909+0000] {processor.py:840} INFO - DAG(s) 'example_sla_dag' retrieved from /home/airflow/.local/lib/python3.8/site-packages/airflow/example_dags/example_sla_dag.py
[2026-04-09T09:18:32.925+0000] {logging_mixin.py:188} INFO - [2026-04-09T09:18:32.924+0000] {dag.py:3033} INFO - Sync 1 DAGs
[2026-04-09T09:18:32.942+0000] {logging_mixin.py:188} INFO - [2026-04-09T09:18:32.942+0000] {dag.py:3820} INFO - Setting next_dagrun for example_sla_dag to 2026-04-09T09:16:00+00:00, run_after=2026-04-09T09:18:00+00:00
[2026-04-09T09:18:32.957+0000] {processor.py:183} INFO - Processing /home/airflow/.local/lib/python3.8/site-packages/airflow/example_dags/example_sla_dag.py took 0.059 seconds
[2026-04-09T09:19:03.545+0000] {processor.py:161} INFO - Started process (PID=8962) to work on /home/airflow/.local/lib/python3.8/site-packages/airflow/example_dags/example_sla_dag.py
[2026-04-09T09:19:03.549+0000] {processor.py:830} INFO - Processing file /home/airflow/.local/lib/python3.8/site-packages/airflow/example_dags/example_sla_dag.py for tasks to queue
[2026-04-09T09:19:03.555+0000] {logging_mixin.py:188} INFO - [2026-04-09T09:19:03.555+0000] {dagbag.py:538} INFO - Filling up the DagBag from /home/airflow/.local/lib/python3.8/site-packages/airflow/example_dags/example_sla_dag.py
[2026-04-09T09:19:03.582+0000] {processor.py:840} INFO - DAG(s) 'example_sla_dag' retrieved from /home/airflow/.local/lib/python3.8/site-packages/airflow/example_dags/example_sla_dag.py
[2026-04-09T09:19:03.658+0000] {logging_mixin.py:188} INFO - [2026-04-09T09:19:03.658+0000] {dag.py:3033} INFO - Sync 1 DAGs
[2026-04-09T09:19:03.688+0000] {logging_mixin.py:188} INFO - [2026-04-09T09:19:03.688+0000] {dag.py:3820} INFO - Setting next_dagrun for example_sla_dag to 2026-04-09T09:16:00+00:00, run_after=2026-04-09T09:18:00+00:00
[2026-04-09T09:19:03.706+0000] {processor.py:183} INFO - Processing /home/airflow/.local/lib/python3.8/site-packages/airflow/example_dags/example_sla_dag.py took 0.170 seconds
[2026-04-09T09:19:33.999+0000] {processor.py:161} INFO - Started process (PID=9023) to work on /home/airflow/.local/lib/python3.8/site-packages/airflow/example_dags/example_sla_dag.py
[2026-04-09T09:19:34.001+0000] {processor.py:830} INFO - Processing file /home/airflow/.local/lib/python3.8/site-packages/airflow/example_dags/example_sla_dag.py for tasks to queue
[2026-04-09T09:19:34.003+0000] {logging_mixin.py:188} INFO - [2026-04-09T09:19:34.003+0000] {dagbag.py:538} INFO - Filling up the DagBag from /home/airflow/.local/lib/python3.8/site-packages/airflow/example_dags/example_sla_dag.py
[2026-04-09T09:19:34.012+0000] {processor.py:840} INFO - DAG(s) 'example_sla_dag' retrieved from /home/airflow/.local/lib/python3.8/site-packages/airflow/example_dags/example_sla_dag.py
[2026-04-09T09:19:34.033+0000] {logging_mixin.py:188} INFO - [2026-04-09T09:19:34.033+0000] {dag.py:3033} INFO - Sync 1 DAGs
[2026-04-09T09:19:34.061+0000] {logging_mixin.py:188} INFO - [2026-04-09T09:19:34.061+0000] {dag.py:3820} INFO - Setting next_dagrun for example_sla_dag to 2026-04-09T09:16:00+00:00, run_after=2026-04-09T09:18:00+00:00
[2026-04-09T09:19:34.079+0000] {processor.py:183} INFO - Processing /home/airflow/.local/lib/python3.8/site-packages/airflow/example_dags/example_sla_dag.py took 0.084 seconds
[2026-04-09T09:20:04.779+0000] {processor.py:161} INFO - Started process (PID=9084) to work on /home/airflow/.local/lib/python3.8/site-packages/airflow/example_dags/example_sla_dag.py
[2026-04-09T09:20:04.781+0000] {processor.py:830} INFO - Processing file /home/airflow/.local/lib/python3.8/site-packages/airflow/example_dags/example_sla_dag.py for tasks to queue
[2026-04-09T09:20:04.783+0000] {logging_mixin.py:188} INFO - [2026-04-09T09:20:04.783+0000] {dagbag.py:538} INFO - Filling up the DagBag from /home/airflow/.local/lib/python3.8/site-packages/airflow/example_dags/example_sla_dag.py
[2026-04-09T09:20:04.792+0000] {processor.py:840} INFO - DAG(s) 'example_sla_dag' retrieved from /home/airflow/.local/lib/python3.8/site-packages/airflow/example_dags/example_sla_dag.py
[2026-04-09T09:20:04.814+0000] {logging_mixin.py:188} INFO - [2026-04-09T09:20:04.814+0000] {dag.py:3033} INFO - Sync 1 DAGs
[2026-04-09T09:20:04.843+0000] {logging_mixin.py:188} INFO - [2026-04-09T09:20:04.843+0000] {dag.py:3820} INFO - Setting next_dagrun for example_sla_dag to 2026-04-09T09:18:00+00:00, run_after=2026-04-09T09:20:00+00:00
[2026-04-09T09:20:04.860+0000] {processor.py:183} INFO - Processing /home/airflow/.local/lib/python3.8/site-packages/airflow/example_dags/example_sla_dag.py took 0.085 seconds
[2026-04-09T09:20:35.019+0000] {processor.py:161} INFO - Started process (PID=9145) to work on /home/airflow/.local/lib/python3.8/site-packages/airflow/example_dags/example_sla_dag.py
[2026-04-09T09:20:35.020+0000] {processor.py:830} INFO - Processing file /home/airflow/.local/lib/python3.8/site-packages/airflow/example_dags/example_sla_dag.py for tasks to queue
[2026-04-09T09:20:35.022+0000] {logging_mixin.py:188} INFO - [2026-04-09T09:20:35.022+0000] {dagbag.py:538} INFO - Filling up the DagBag from /home/airflow/.local/lib/python3.8/site-packages/airflow/example_dags/example_sla_dag.py
[2026-04-09T09:20:35.031+0000] {processor.py:840} INFO - DAG(s) 'example_sla_dag' retrieved from /home/airflow/.local/lib/python3.8/site-packages/airflow/example_dags/example_sla_dag.py
[2026-04-09T09:20:35.053+0000] {logging_mixin.py:188} INFO - [2026-04-09T09:20:35.053+0000] {dag.py:3033} INFO - Sync 1 DAGs
[2026-04-09T09:20:35.081+0000] {logging_mixin.py:188} INFO - [2026-04-09T09:20:35.080+0000] {dag.py:3820} INFO - Setting next_dagrun for example_sla_dag to 2026-04-09T09:18:00+00:00, run_after=2026-04-09T09:20:00+00:00
[2026-04-09T09:20:35.097+0000] {processor.py:183} INFO - Processing /home/airflow/.local/lib/python3.8/site-packages/airflow/example_dags/example_sla_dag.py took 0.081 seconds
[2026-04-09T09:21:05.387+0000] {processor.py:161} INFO - Started process (PID=9206) to work on /home/airflow/.local/lib/python3.8/site-packages/airflow/example_dags/example_sla_dag.py
[2026-04-09T09:21:05.390+0000] {processor.py:830} INFO - Processing file /home/airflow/.local/lib/python3.8/site-packages/airflow/example_dags/example_sla_dag.py for tasks to queue
[2026-04-09T09:21:05.395+0000] {logging_mixin.py:188} INFO - [2026-04-09T09:21:05.394+0000] {dagbag.py:538} INFO - Filling up the DagBag from /home/airflow/.local/lib/python3.8/site-packages/airflow/example_dags/example_sla_dag.py
[2026-04-09T09:21:05.405+0000] {processor.py:840} INFO - DAG(s) 'example_sla_dag' retrieved from /home/airflow/.local/lib/python3.8/site-packages/airflow/example_dags/example_sla_dag.py
[2026-04-09T09:21:05.427+0000] {logging_mixin.py:188} INFO - [2026-04-09T09:21:05.427+0000] {dag.py:3033} INFO - Sync 1 DAGs
[2026-04-09T09:21:05.456+0000] {logging_mixin.py:188} INFO - [2026-04-09T09:21:05.456+0000] {dag.py:3820} INFO - Setting next_dagrun for example_sla_dag to 2026-04-09T09:18:00+00:00, run_after=2026-04-09T09:20:00+00:00
[2026-04-09T09:21:05.473+0000] {processor.py:183} INFO - Processing /home/airflow/.local/lib/python3.8/site-packages/airflow/example_dags/example_sla_dag.py took 0.090 seconds
[2026-04-09T09:21:36.408+0000] {processor.py:161} INFO - Started process (PID=9267) to work on /home/airflow/.local/lib/python3.8/site-packages/airflow/example_dags/example_sla_dag.py
[2026-04-09T09:21:36.408+0000] {processor.py:830} INFO - Processing file /home/airflow/.local/lib/python3.8/site-packages/airflow/example_dags/example_sla_dag.py for tasks to queue
[2026-04-09T09:21:36.411+0000] {logging_mixin.py:188} INFO - [2026-04-09T09:21:36.411+0000] {dagbag.py:538} INFO - Filling up the DagBag from /home/airflow/.local/lib/python3.8/site-packages/airflow/example_dags/example_sla_dag.py
[2026-04-09T09:21:36.420+0000] {processor.py:840} INFO - DAG(s) 'example_sla_dag' retrieved from /home/airflow/.local/lib/python3.8/site-packages/airflow/example_dags/example_sla_dag.py
[2026-04-09T09:21:36.440+0000] {logging_mixin.py:188} INFO - [2026-04-09T09:21:36.440+0000] {dag.py:3033} INFO - Sync 1 DAGs
[2026-04-09T09:21:36.469+0000] {logging_mixin.py:188} INFO - [2026-04-09T09:21:36.469+0000] {dag.py:3820} INFO - Setting next_dagrun for example_sla_dag to 2026-04-09T09:18:00+00:00, run_after=2026-04-09T09:20:00+00:00
[2026-04-09T09:21:36.656+0000] {processor.py:183} INFO - Processing /home/airflow/.local/lib/python3.8/site-packages/airflow/example_dags/example_sla_dag.py took 0.251 seconds
[2026-04-09T09:22:06.936+0000] {processor.py:161} INFO - Started process (PID=9328) to work on /home/airflow/.local/lib/python3.8/site-packages/airflow/example_dags/example_sla_dag.py
[2026-04-09T09:22:06.939+0000] {processor.py:830} INFO - Processing file /home/airflow/.local/lib/python3.8/site-packages/airflow/example_dags/example_sla_dag.py for tasks to queue
[2026-04-09T09:22:06.946+0000] {logging_mixin.py:188} INFO - [2026-04-09T09:22:06.945+0000] {dagbag.py:538} INFO - Filling up the DagBag from /home/airflow/.local/lib/python3.8/site-packages/airflow/example_dags/example_sla_dag.py
[2026-04-09T09:22:06.973+0000] {processor.py:840} INFO - DAG(s) 'example_sla_dag' retrieved from /home/airflow/.local/lib/python3.8/site-packages/airflow/example_dags/example_sla_dag.py
[2026-04-09T09:22:06.997+0000] {logging_mixin.py:188} INFO - [2026-04-09T09:22:06.997+0000] {dag.py:3033} INFO - Sync 1 DAGs
[2026-04-09T09:22:07.194+0000] {logging_mixin.py:188} INFO - [2026-04-09T09:22:07.194+0000] {dag.py:3820} INFO - Setting next_dagrun for example_sla_dag to 2026-04-09T09:20:00+00:00, run_after=2026-04-09T09:22:00+00:00
[2026-04-09T09:22:07.210+0000] {processor.py:183} INFO - Processing /home/airflow/.local/lib/python3.8/site-packages/airflow/example_dags/example_sla_dag.py took 0.279 seconds
[2026-04-09T09:22:37.412+0000] {processor.py:161} INFO - Started process (PID=9389) to work on /home/airflow/.local/lib/python3.8/site-packages/airflow/example_dags/example_sla_dag.py
[2026-04-09T09:22:37.413+0000] {processor.py:830} INFO - Processing file /home/airflow/.local/lib/python3.8/site-packages/airflow/example_dags/example_sla_dag.py for tasks to queue
[2026-04-09T09:22:37.416+0000] {logging_mixin.py:188} INFO - [2026-04-09T09:22:37.415+0000] {dagbag.py:538} INFO - Filling up the DagBag from /home/airflow/.local/lib/python3.8/site-packages/airflow/example_dags/example_sla_dag.py
[2026-04-09T09:22:37.425+0000] {processor.py:840} INFO - DAG(s) 'example_sla_dag' retrieved from /home/airflow/.local/lib/python3.8/site-packages/airflow/example_dags/example_sla_dag.py
[2026-04-09T09:22:37.448+0000] {logging_mixin.py:188} INFO - [2026-04-09T09:22:37.448+0000] {dag.py:3033} INFO - Sync 1 DAGs
[2026-04-09T09:22:37.477+0000] {logging_mixin.py:188} INFO - [2026-04-09T09:22:37.477+0000] {dag.py:3820} INFO - Setting next_dagrun for example_sla_dag to 2026-04-09T09:20:00+00:00, run_after=2026-04-09T09:22:00+00:00
[2026-04-09T09:22:37.495+0000] {processor.py:183} INFO - Processing /home/airflow/.local/lib/python3.8/site-packages/airflow/example_dags/example_sla_dag.py took 0.087 seconds
[2026-04-09T09:23:07.817+0000] {processor.py:161} INFO - Started process (PID=9450) to work on /home/airflow/.local/lib/python3.8/site-packages/airflow/example_dags/example_sla_dag.py
[2026-04-09T09:23:07.818+0000] {processor.py:830} INFO - Processing file /home/airflow/.local/lib/python3.8/site-packages/airflow/example_dags/example_sla_dag.py for tasks to queue
[2026-04-09T09:23:07.820+0000] {logging_mixin.py:188} INFO - [2026-04-09T09:23:07.820+0000] {dagbag.py:538} INFO - Filling up the DagBag from /home/airflow/.local/lib/python3.8/site-packages/airflow/example_dags/example_sla_dag.py
[2026-04-09T09:23:07.830+0000] {processor.py:840} INFO - DAG(s) 'example_sla_dag' retrieved from /home/airflow/.local/lib/python3.8/site-packages/airflow/example_dags/example_sla_dag.py
[2026-04-09T09:23:07.854+0000] {logging_mixin.py:188} INFO - [2026-04-09T09:23:07.853+0000] {dag.py:3033} INFO - Sync 1 DAGs
[2026-04-09T09:23:07.890+0000] {logging_mixin.py:188} INFO - [2026-04-09T09:23:07.890+0000] {dag.py:3820} INFO - Setting next_dagrun for example_sla_dag to 2026-04-09T09:20:00+00:00, run_after=2026-04-09T09:22:00+00:00
[2026-04-09T09:23:07.909+0000] {processor.py:183} INFO - Processing /home/airflow/.local/lib/python3.8/site-packages/airflow/example_dags/example_sla_dag.py took 0.096 seconds
[2026-04-09T09:23:38.084+0000] {processor.py:161} INFO - Started process (PID=9511) to work on /home/airflow/.local/lib/python3.8/site-packages/airflow/example_dags/example_sla_dag.py
[2026-04-09T09:23:38.086+0000] {processor.py:830} INFO - Processing file /home/airflow/.local/lib/python3.8/site-packages/airflow/example_dags/example_sla_dag.py for tasks to queue
[2026-04-09T09:23:38.088+0000] {logging_mixin.py:188} INFO - [2026-04-09T09:23:38.088+0000] {dagbag.py:538} INFO - Filling up the DagBag from /home/airflow/.local/lib/python3.8/site-packages/airflow/example_dags/example_sla_dag.py
[2026-04-09T09:23:38.097+0000] {processor.py:840} INFO - DAG(s) 'example_sla_dag' retrieved from /home/airflow/.local/lib/python3.8/site-packages/airflow/example_dags/example_sla_dag.py
[2026-04-09T09:23:38.120+0000] {logging_mixin.py:188} INFO - [2026-04-09T09:23:38.119+0000] {dag.py:3033} INFO - Sync 1 DAGs
[2026-04-09T09:23:38.149+0000] {logging_mixin.py:188} INFO - [2026-04-09T09:23:38.149+0000] {dag.py:3820} INFO - Setting next_dagrun for example_sla_dag to 2026-04-09T09:20:00+00:00, run_after=2026-04-09T09:22:00+00:00
[2026-04-09T09:23:38.168+0000] {processor.py:183} INFO - Processing /home/airflow/.local/lib/python3.8/site-packages/airflow/example_dags/example_sla_dag.py took 0.087 seconds
[2026-04-09T09:24:08.739+0000] {processor.py:161} INFO - Started process (PID=9572) to work on /home/airflow/.local/lib/python3.8/site-packages/airflow/example_dags/example_sla_dag.py
[2026-04-09T09:24:08.740+0000] {processor.py:830} INFO - Processing file /home/airflow/.local/lib/python3.8/site-packages/airflow/example_dags/example_sla_dag.py for tasks to queue
[2026-04-09T09:24:08.743+0000] {logging_mixin.py:188} INFO - [2026-04-09T09:24:08.742+0000] {dagbag.py:538} INFO - Filling up the DagBag from /home/airflow/.local/lib/python3.8/site-packages/airflow/example_dags/example_sla_dag.py
[2026-04-09T09:24:08.752+0000] {processor.py:840} INFO - DAG(s) 'example_sla_dag' retrieved from /home/airflow/.local/lib/python3.8/site-packages/airflow/example_dags/example_sla_dag.py
[2026-04-09T09:24:08.775+0000] {logging_mixin.py:188} INFO - [2026-04-09T09:24:08.775+0000] {dag.py:3033} INFO - Sync 1 DAGs
[2026-04-09T09:24:08.804+0000] {logging_mixin.py:188} INFO - [2026-04-09T09:24:08.804+0000] {dag.py:3820} INFO - Setting next_dagrun for example_sla_dag to 2026-04-09T09:22:00+00:00, run_after=2026-04-09T09:24:00+00:00
[2026-04-09T09:24:08.822+0000] {processor.py:183} INFO - Processing /home/airflow/.local/lib/python3.8/site-packages/airflow/example_dags/example_sla_dag.py took 0.086 seconds
[2026-04-09T09:24:39.735+0000] {processor.py:161} INFO - Started process (PID=9633) to work on /home/airflow/.local/lib/python3.8/site-packages/airflow/example_dags/example_sla_dag.py
[2026-04-09T09:24:39.736+0000] {processor.py:830} INFO - Processing file /home/airflow/.local/lib/python3.8/site-packages/airflow/example_dags/example_sla_dag.py for tasks to queue
[2026-04-09T09:24:39.739+0000] {logging_mixin.py:188} INFO - [2026-04-09T09:24:39.738+0000] {dagbag.py:538} INFO - Filling up the DagBag from /home/airflow/.local/lib/python3.8/site-packages/airflow/example_dags/example_sla_dag.py
[2026-04-09T09:24:39.748+0000] {processor.py:840} INFO - DAG(s) 'example_sla_dag' retrieved from /home/airflow/.local/lib/python3.8/site-packages/airflow/example_dags/example_sla_dag.py
[2026-04-09T09:24:39.774+0000] {logging_mixin.py:188} INFO - [2026-04-09T09:24:39.774+0000] {dag.py:3033} INFO - Sync 1 DAGs
[2026-04-09T09:24:39.802+0000] {logging_mixin.py:188} INFO - [2026-04-09T09:24:39.802+0000] {dag.py:3820} INFO - Setting next_dagrun for example_sla_dag to 2026-04-09T09:22:00+00:00, run_after=2026-04-09T09:24:00+00:00
[2026-04-09T09:24:39.818+0000] {processor.py:183} INFO - Processing /home/airflow/.local/lib/python3.8/site-packages/airflow/example_dags/example_sla_dag.py took 0.087 seconds
[2026-04-09T09:25:10.072+0000] {processor.py:161} INFO - Started process (PID=9694) to work on /home/airflow/.local/lib/python3.8/site-packages/airflow/example_dags/example_sla_dag.py
[2026-04-09T09:25:10.073+0000] {processor.py:830} INFO - Processing file /home/airflow/.local/lib/python3.8/site-packages/airflow/example_dags/example_sla_dag.py for tasks to queue
[2026-04-09T09:25:10.075+0000] {logging_mixin.py:188} INFO - [2026-04-09T09:25:10.075+0000] {dagbag.py:538} INFO - Filling up the DagBag from /home/airflow/.local/lib/python3.8/site-packages/airflow/example_dags/example_sla_dag.py
[2026-04-09T09:25:10.084+0000] {processor.py:840} INFO - DAG(s) 'example_sla_dag' retrieved from /home/airflow/.local/lib/python3.8/site-packages/airflow/example_dags/example_sla_dag.py
[2026-04-09T09:25:10.107+0000] {logging_mixin.py:188} INFO - [2026-04-09T09:25:10.106+0000] {dag.py:3033} INFO - Sync 1 DAGs
[2026-04-09T09:25:10.136+0000] {logging_mixin.py:188} INFO - [2026-04-09T09:25:10.135+0000] {dag.py:3820} INFO - Setting next_dagrun for example_sla_dag to 2026-04-09T09:22:00+00:00, run_after=2026-04-09T09:24:00+00:00
[2026-04-09T09:25:10.153+0000] {processor.py:183} INFO - Processing /home/airflow/.local/lib/python3.8/site-packages/airflow/example_dags/example_sla_dag.py took 0.084 seconds
[2026-04-09T09:25:40.856+0000] {processor.py:161} INFO - Started process (PID=9755) to work on /home/airflow/.local/lib/python3.8/site-packages/airflow/example_dags/example_sla_dag.py
[2026-04-09T09:25:40.857+0000] {processor.py:830} INFO - Processing file /home/airflow/.local/lib/python3.8/site-packages/airflow/example_dags/example_sla_dag.py for tasks to queue
[2026-04-09T09:25:40.860+0000] {logging_mixin.py:188} INFO - [2026-04-09T09:25:40.859+0000] {dagbag.py:538} INFO - Filling up the DagBag from /home/airflow/.local/lib/python3.8/site-packages/airflow/example_dags/example_sla_dag.py
[2026-04-09T09:25:40.869+0000] {processor.py:840} INFO - DAG(s) 'example_sla_dag' retrieved from /home/airflow/.local/lib/python3.8/site-packages/airflow/example_dags/example_sla_dag.py
[2026-04-09T09:25:40.904+0000] {logging_mixin.py:188} INFO - [2026-04-09T09:25:40.904+0000] {dag.py:3033} INFO - Sync 1 DAGs
[2026-04-09T09:25:40.950+0000] {logging_mixin.py:188} INFO - [2026-04-09T09:25:40.950+0000] {dag.py:3820} INFO - Setting next_dagrun for example_sla_dag to 2026-04-09T09:22:00+00:00, run_after=2026-04-09T09:24:00+00:00
[2026-04-09T09:25:40.992+0000] {processor.py:183} INFO - Processing /home/airflow/.local/lib/python3.8/site-packages/airflow/example_dags/example_sla_dag.py took 0.150 seconds
[2026-04-09T09:26:11.482+0000] {processor.py:161} INFO - Started process (PID=9816) to work on /home/airflow/.local/lib/python3.8/site-packages/airflow/example_dags/example_sla_dag.py
[2026-04-09T09:26:11.483+0000] {processor.py:830} INFO - Processing file /home/airflow/.local/lib/python3.8/site-packages/airflow/example_dags/example_sla_dag.py for tasks to queue
[2026-04-09T09:26:11.485+0000] {logging_mixin.py:188} INFO - [2026-04-09T09:26:11.485+0000] {dagbag.py:538} INFO - Filling up the DagBag from /home/airflow/.local/lib/python3.8/site-packages/airflow/example_dags/example_sla_dag.py
[2026-04-09T09:26:11.494+0000] {processor.py:840} INFO - DAG(s) 'example_sla_dag' retrieved from /home/airflow/.local/lib/python3.8/site-packages/airflow/example_dags/example_sla_dag.py
[2026-04-09T09:26:11.515+0000] {logging_mixin.py:188} INFO - [2026-04-09T09:26:11.514+0000] {dag.py:3033} INFO - Sync 1 DAGs
[2026-04-09T09:26:11.542+0000] {logging_mixin.py:188} INFO - [2026-04-09T09:26:11.542+0000] {dag.py:3820} INFO - Setting next_dagrun for example_sla_dag to 2026-04-09T09:24:00+00:00, run_after=2026-04-09T09:26:00+00:00
[2026-04-09T09:26:11.559+0000] {processor.py:183} INFO - Processing /home/airflow/.local/lib/python3.8/site-packages/airflow/example_dags/example_sla_dag.py took 0.081 seconds
[2026-04-09T09:26:41.881+0000] {processor.py:161} INFO - Started process (PID=9877) to work on /home/airflow/.local/lib/python3.8/site-packages/airflow/example_dags/example_sla_dag.py
[2026-04-09T09:26:41.881+0000] {processor.py:830} INFO - Processing file /home/airflow/.local/lib/python3.8/site-packages/airflow/example_dags/example_sla_dag.py for tasks to queue
[2026-04-09T09:26:41.883+0000] {logging_mixin.py:188} INFO - [2026-04-09T09:26:41.883+0000] {dagbag.py:538} INFO - Filling up the DagBag from /home/airflow/.local/lib/python3.8/site-packages/airflow/example_dags/example_sla_dag.py
[2026-04-09T09:26:41.893+0000] {processor.py:840} INFO - DAG(s) 'example_sla_dag' retrieved from /home/airflow/.local/lib/python3.8/site-packages/airflow/example_dags/example_sla_dag.py
[2026-04-09T09:26:41.915+0000] {logging_mixin.py:188} INFO - [2026-04-09T09:26:41.915+0000] {dag.py:3033} INFO - Sync 1 DAGs
[2026-04-09T09:26:41.947+0000] {logging_mixin.py:188} INFO - [2026-04-09T09:26:41.947+0000] {dag.py:3820} INFO - Setting next_dagrun for example_sla_dag to 2026-04-09T09:24:00+00:00, run_after=2026-04-09T09:26:00+00:00
[2026-04-09T09:26:41.972+0000] {processor.py:183} INFO - Processing /home/airflow/.local/lib/python3.8/site-packages/airflow/example_dags/example_sla_dag.py took 0.094 seconds
[2026-04-09T09:27:12.664+0000] {processor.py:161} INFO - Started process (PID=9938) to work on /home/airflow/.local/lib/python3.8/site-packages/airflow/example_dags/example_sla_dag.py
[2026-04-09T09:27:12.670+0000] {processor.py:830} INFO - Processing file /home/airflow/.local/lib/python3.8/site-packages/airflow/example_dags/example_sla_dag.py for tasks to queue
[2026-04-09T09:27:12.689+0000] {logging_mixin.py:188} INFO - [2026-04-09T09:27:12.683+0000] {dagbag.py:538} INFO - Filling up the DagBag from /home/airflow/.local/lib/python3.8/site-packages/airflow/example_dags/example_sla_dag.py
[2026-04-09T09:27:12.718+0000] {processor.py:840} INFO - DAG(s) 'example_sla_dag' retrieved from /home/airflow/.local/lib/python3.8/site-packages/airflow/example_dags/example_sla_dag.py
[2026-04-09T09:27:12.800+0000] {logging_mixin.py:188} INFO - [2026-04-09T09:27:12.800+0000] {dag.py:3033} INFO - Sync 1 DAGs
[2026-04-09T09:27:12.886+0000] {logging_mixin.py:188} INFO - [2026-04-09T09:27:12.886+0000] {dag.py:3820} INFO - Setting next_dagrun for example_sla_dag to 2026-04-09T09:24:00+00:00, run_after=2026-04-09T09:26:00+00:00
[2026-04-09T09:27:12.926+0000] {processor.py:183} INFO - Processing /home/airflow/.local/lib/python3.8/site-packages/airflow/example_dags/example_sla_dag.py took 0.276 seconds
[2026-04-09T09:27:43.666+0000] {processor.py:161} INFO - Started process (PID=9999) to work on /home/airflow/.local/lib/python3.8/site-packages/airflow/example_dags/example_sla_dag.py
[2026-04-09T09:27:43.667+0000] {processor.py:830} INFO - Processing file /home/airflow/.local/lib/python3.8/site-packages/airflow/example_dags/example_sla_dag.py for tasks to queue
[2026-04-09T09:27:43.669+0000] {logging_mixin.py:188} INFO - [2026-04-09T09:27:43.669+0000] {dagbag.py:538} INFO - Filling up the DagBag from /home/airflow/.local/lib/python3.8/site-packages/airflow/example_dags/example_sla_dag.py
[2026-04-09T09:27:43.678+0000] {processor.py:840} INFO - DAG(s) 'example_sla_dag' retrieved from /home/airflow/.local/lib/python3.8/site-packages/airflow/example_dags/example_sla_dag.py
[2026-04-09T09:27:43.699+0000] {logging_mixin.py:188} INFO - [2026-04-09T09:27:43.698+0000] {dag.py:3033} INFO - Sync 1 DAGs
[2026-04-09T09:27:43.746+0000] {logging_mixin.py:188} INFO - [2026-04-09T09:27:43.745+0000] {dag.py:3820} INFO - Setting next_dagrun for example_sla_dag to 2026-04-09T09:24:00+00:00, run_after=2026-04-09T09:26:00+00:00
[2026-04-09T09:27:43.778+0000] {processor.py:183} INFO - Processing /home/airflow/.local/lib/python3.8/site-packages/airflow/example_dags/example_sla_dag.py took 0.116 seconds
[2026-04-09T09:28:14.354+0000] {processor.py:161} INFO - Started process (PID=10060) to work on /home/airflow/.local/lib/python3.8/site-packages/airflow/example_dags/example_sla_dag.py
[2026-04-09T09:28:14.354+0000] {processor.py:830} INFO - Processing file /home/airflow/.local/lib/python3.8/site-packages/airflow/example_dags/example_sla_dag.py for tasks to queue
[2026-04-09T09:28:14.357+0000] {logging_mixin.py:188} INFO - [2026-04-09T09:28:14.356+0000] {dagbag.py:538} INFO - Filling up the DagBag from /home/airflow/.local/lib/python3.8/site-packages/airflow/example_dags/example_sla_dag.py
[2026-04-09T09:28:14.365+0000] {processor.py:840} INFO - DAG(s) 'example_sla_dag' retrieved from /home/airflow/.local/lib/python3.8/site-packages/airflow/example_dags/example_sla_dag.py
[2026-04-09T09:28:14.386+0000] {logging_mixin.py:188} INFO - [2026-04-09T09:28:14.386+0000] {dag.py:3033} INFO - Sync 1 DAGs
[2026-04-09T09:28:14.413+0000] {logging_mixin.py:188} INFO - [2026-04-09T09:28:14.413+0000] {dag.py:3820} INFO - Setting next_dagrun for example_sla_dag to 2026-04-09T09:26:00+00:00, run_after=2026-04-09T09:28:00+00:00
[2026-04-09T09:28:14.430+0000] {processor.py:183} INFO - Processing /home/airflow/.local/lib/python3.8/site-packages/airflow/example_dags/example_sla_dag.py took 0.079 seconds
[2026-04-09T09:28:44.607+0000] {processor.py:161} INFO - Started process (PID=10121) to work on /home/airflow/.local/lib/python3.8/site-packages/airflow/example_dags/example_sla_dag.py
[2026-04-09T09:28:44.608+0000] {processor.py:830} INFO - Processing file /home/airflow/.local/lib/python3.8/site-packages/airflow/example_dags/example_sla_dag.py for tasks to queue
[2026-04-09T09:28:44.609+0000] {logging_mixin.py:188} INFO - [2026-04-09T09:28:44.609+0000] {dagbag.py:538} INFO - Filling up the DagBag from /home/airflow/.local/lib/python3.8/site-packages/airflow/example_dags/example_sla_dag.py
[2026-04-09T09:28:44.616+0000] {processor.py:840} INFO - DAG(s) 'example_sla_dag' retrieved from /home/airflow/.local/lib/python3.8/site-packages/airflow/example_dags/example_sla_dag.py
[2026-04-09T09:28:44.631+0000] {logging_mixin.py:188} INFO - [2026-04-09T09:28:44.631+0000] {dag.py:3033} INFO - Sync 1 DAGs
[2026-04-09T09:28:44.649+0000] {logging_mixin.py:188} INFO - [2026-04-09T09:28:44.649+0000] {dag.py:3820} INFO - Setting next_dagrun for example_sla_dag to 2026-04-09T09:26:00+00:00, run_after=2026-04-09T09:28:00+00:00
[2026-04-09T09:28:44.661+0000] {processor.py:183} INFO - Processing /home/airflow/.local/lib/python3.8/site-packages/airflow/example_dags/example_sla_dag.py took 0.058 seconds
[2026-04-09T09:29:14.759+0000] {processor.py:161} INFO - Started process (PID=10182) to work on /home/airflow/.local/lib/python3.8/site-packages/airflow/example_dags/example_sla_dag.py
[2026-04-09T09:29:14.759+0000] {processor.py:830} INFO - Processing file /home/airflow/.local/lib/python3.8/site-packages/airflow/example_dags/example_sla_dag.py for tasks to queue
[2026-04-09T09:29:14.762+0000] {logging_mixin.py:188} INFO - [2026-04-09T09:29:14.761+0000] {dagbag.py:538} INFO - Filling up the DagBag from /home/airflow/.local/lib/python3.8/site-packages/airflow/example_dags/example_sla_dag.py
[2026-04-09T09:29:14.770+0000] {processor.py:840} INFO - DAG(s) 'example_sla_dag' retrieved from /home/airflow/.local/lib/python3.8/site-packages/airflow/example_dags/example_sla_dag.py
[2026-04-09T09:29:14.792+0000] {logging_mixin.py:188} INFO - [2026-04-09T09:29:14.791+0000] {dag.py:3033} INFO - Sync 1 DAGs
[2026-04-09T09:29:14.820+0000] {logging_mixin.py:188} INFO - [2026-04-09T09:29:14.820+0000] {dag.py:3820} INFO - Setting next_dagrun for example_sla_dag to 2026-04-09T09:26:00+00:00, run_after=2026-04-09T09:28:00+00:00
[2026-04-09T09:29:14.838+0000] {processor.py:183} INFO - Processing /home/airflow/.local/lib/python3.8/site-packages/airflow/example_dags/example_sla_dag.py took 0.082 seconds
[2026-04-09T09:29:44.976+0000] {processor.py:161} INFO - Started process (PID=10243) to work on /home/airflow/.local/lib/python3.8/site-packages/airflow/example_dags/example_sla_dag.py
[2026-04-09T09:29:44.977+0000] {processor.py:830} INFO - Processing file /home/airflow/.local/lib/python3.8/site-packages/airflow/example_dags/example_sla_dag.py for tasks to queue
[2026-04-09T09:29:44.979+0000] {logging_mixin.py:188} INFO - [2026-04-09T09:29:44.978+0000] {dagbag.py:538} INFO - Filling up the DagBag from /home/airflow/.local/lib/python3.8/site-packages/airflow/example_dags/example_sla_dag.py
[2026-04-09T09:29:44.985+0000] {processor.py:840} INFO - DAG(s) 'example_sla_dag' retrieved from /home/airflow/.local/lib/python3.8/site-packages/airflow/example_dags/example_sla_dag.py
[2026-04-09T09:29:45.000+0000] {logging_mixin.py:188} INFO - [2026-04-09T09:29:45.000+0000] {dag.py:3033} INFO - Sync 1 DAGs
[2026-04-09T09:29:45.020+0000] {logging_mixin.py:188} INFO - [2026-04-09T09:29:45.020+0000] {dag.py:3820} INFO - Setting next_dagrun for example_sla_dag to 2026-04-09T09:26:00+00:00, run_after=2026-04-09T09:28:00+00:00
[2026-04-09T09:29:45.032+0000] {processor.py:183} INFO - Processing /home/airflow/.local/lib/python3.8/site-packages/airflow/example_dags/example_sla_dag.py took 0.060 seconds
[2026-04-09T09:30:15.991+0000] {processor.py:161} INFO - Started process (PID=10304) to work on /home/airflow/.local/lib/python3.8/site-packages/airflow/example_dags/example_sla_dag.py
[2026-04-09T09:30:15.991+0000] {processor.py:830} INFO - Processing file /home/airflow/.local/lib/python3.8/site-packages/airflow/example_dags/example_sla_dag.py for tasks to queue
[2026-04-09T09:30:15.994+0000] {logging_mixin.py:188} INFO - [2026-04-09T09:30:15.993+0000] {dagbag.py:538} INFO - Filling up the DagBag from /home/airflow/.local/lib/python3.8/site-packages/airflow/example_dags/example_sla_dag.py
[2026-04-09T09:30:16.002+0000] {processor.py:840} INFO - DAG(s) 'example_sla_dag' retrieved from /home/airflow/.local/lib/python3.8/site-packages/airflow/example_dags/example_sla_dag.py
[2026-04-09T09:30:16.022+0000] {logging_mixin.py:188} INFO - [2026-04-09T09:30:16.022+0000] {dag.py:3033} INFO - Sync 1 DAGs
[2026-04-09T09:30:16.051+0000] {logging_mixin.py:188} INFO - [2026-04-09T09:30:16.051+0000] {dag.py:3820} INFO - Setting next_dagrun for example_sla_dag to 2026-04-09T09:28:00+00:00, run_after=2026-04-09T09:30:00+00:00
[2026-04-09T09:30:16.067+0000] {processor.py:183} INFO - Processing /home/airflow/.local/lib/python3.8/site-packages/airflow/example_dags/example_sla_dag.py took 0.080 seconds
[2026-04-09T09:30:46.152+0000] {processor.py:161} INFO - Started process (PID=10366) to work on /home/airflow/.local/lib/python3.8/site-packages/airflow/example_dags/example_sla_dag.py
[2026-04-09T09:30:46.154+0000] {processor.py:830} INFO - Processing file /home/airflow/.local/lib/python3.8/site-packages/airflow/example_dags/example_sla_dag.py for tasks to queue
[2026-04-09T09:30:46.157+0000] {logging_mixin.py:188} INFO - [2026-04-09T09:30:46.156+0000] {dagbag.py:538} INFO - Filling up the DagBag from /home/airflow/.local/lib/python3.8/site-packages/airflow/example_dags/example_sla_dag.py
[2026-04-09T09:30:46.166+0000] {processor.py:840} INFO - DAG(s) 'example_sla_dag' retrieved from /home/airflow/.local/lib/python3.8/site-packages/airflow/example_dags/example_sla_dag.py
[2026-04-09T09:30:46.188+0000] {logging_mixin.py:188} INFO - [2026-04-09T09:30:46.187+0000] {dag.py:3033} INFO - Sync 1 DAGs
[2026-04-09T09:30:46.217+0000] {logging_mixin.py:188} INFO - [2026-04-09T09:30:46.217+0000] {dag.py:3820} INFO - Setting next_dagrun for example_sla_dag to 2026-04-09T09:28:00+00:00, run_after=2026-04-09T09:30:00+00:00
[2026-04-09T09:30:46.243+0000] {processor.py:183} INFO - Processing /home/airflow/.local/lib/python3.8/site-packages/airflow/example_dags/example_sla_dag.py took 0.094 seconds
[2026-04-09T09:31:16.302+0000] {processor.py:161} INFO - Started process (PID=10427) to work on /home/airflow/.local/lib/python3.8/site-packages/airflow/example_dags/example_sla_dag.py
[2026-04-09T09:31:16.303+0000] {processor.py:830} INFO - Processing file /home/airflow/.local/lib/python3.8/site-packages/airflow/example_dags/example_sla_dag.py for tasks to queue
[2026-04-09T09:31:16.305+0000] {logging_mixin.py:188} INFO - [2026-04-09T09:31:16.305+0000] {dagbag.py:538} INFO - Filling up the DagBag from /home/airflow/.local/lib/python3.8/site-packages/airflow/example_dags/example_sla_dag.py
[2026-04-09T09:31:16.314+0000] {processor.py:840} INFO - DAG(s) 'example_sla_dag' retrieved from /home/airflow/.local/lib/python3.8/site-packages/airflow/example_dags/example_sla_dag.py
[2026-04-09T09:31:16.361+0000] {logging_mixin.py:188} INFO - [2026-04-09T09:31:16.360+0000] {dag.py:3033} INFO - Sync 1 DAGs
[2026-04-09T09:31:16.396+0000] {logging_mixin.py:188} INFO - [2026-04-09T09:31:16.396+0000] {dag.py:3820} INFO - Setting next_dagrun for example_sla_dag to 2026-04-09T09:28:00+00:00, run_after=2026-04-09T09:30:00+00:00
[2026-04-09T09:31:16.421+0000] {processor.py:183} INFO - Processing /home/airflow/.local/lib/python3.8/site-packages/airflow/example_dags/example_sla_dag.py took 0.123 seconds
[2026-04-09T09:31:46.514+0000] {processor.py:161} INFO - Started process (PID=10488) to work on /home/airflow/.local/lib/python3.8/site-packages/airflow/example_dags/example_sla_dag.py
[2026-04-09T09:31:46.515+0000] {processor.py:830} INFO - Processing file /home/airflow/.local/lib/python3.8/site-packages/airflow/example_dags/example_sla_dag.py for tasks to queue
[2026-04-09T09:31:46.517+0000] {logging_mixin.py:188} INFO - [2026-04-09T09:31:46.516+0000] {dagbag.py:538} INFO - Filling up the DagBag from /home/airflow/.local/lib/python3.8/site-packages/airflow/example_dags/example_sla_dag.py
[2026-04-09T09:31:46.523+0000] {processor.py:840} INFO - DAG(s) 'example_sla_dag' retrieved from /home/airflow/.local/lib/python3.8/site-packages/airflow/example_dags/example_sla_dag.py
[2026-04-09T09:31:46.539+0000] {logging_mixin.py:188} INFO - [2026-04-09T09:31:46.538+0000] {dag.py:3033} INFO - Sync 1 DAGs
[2026-04-09T09:31:46.557+0000] {logging_mixin.py:188} INFO - [2026-04-09T09:31:46.557+0000] {dag.py:3820} INFO - Setting next_dagrun for example_sla_dag to 2026-04-09T09:28:00+00:00, run_after=2026-04-09T09:30:00+00:00
[2026-04-09T09:31:46.572+0000] {processor.py:183} INFO - Processing /home/airflow/.local/lib/python3.8/site-packages/airflow/example_dags/example_sla_dag.py took 0.061 seconds
[2026-04-09T09:32:17.323+0000] {processor.py:161} INFO - Started process (PID=10555) to work on /home/airflow/.local/lib/python3.8/site-packages/airflow/example_dags/example_sla_dag.py
[2026-04-09T09:32:17.324+0000] {processor.py:830} INFO - Processing file /home/airflow/.local/lib/python3.8/site-packages/airflow/example_dags/example_sla_dag.py for tasks to queue
[2026-04-09T09:32:17.326+0000] {logging_mixin.py:188} INFO - [2026-04-09T09:32:17.325+0000] {dagbag.py:538} INFO - Filling up the DagBag from /home/airflow/.local/lib/python3.8/site-packages/airflow/example_dags/example_sla_dag.py
[2026-04-09T09:32:17.335+0000] {processor.py:840} INFO - DAG(s) 'example_sla_dag' retrieved from /home/airflow/.local/lib/python3.8/site-packages/airflow/example_dags/example_sla_dag.py
[2026-04-09T09:32:17.355+0000] {logging_mixin.py:188} INFO - [2026-04-09T09:32:17.355+0000] {dag.py:3033} INFO - Sync 1 DAGs
[2026-04-09T09:32:17.383+0000] {logging_mixin.py:188} INFO - [2026-04-09T09:32:17.383+0000] {dag.py:3820} INFO - Setting next_dagrun for example_sla_dag to 2026-04-09T09:30:00+00:00, run_after=2026-04-09T09:32:00+00:00
[2026-04-09T09:32:17.400+0000] {processor.py:183} INFO - Processing /home/airflow/.local/lib/python3.8/site-packages/airflow/example_dags/example_sla_dag.py took 0.080 seconds
[2026-04-09T09:32:47.517+0000] {processor.py:161} INFO - Started process (PID=10616) to work on /home/airflow/.local/lib/python3.8/site-packages/airflow/example_dags/example_sla_dag.py
[2026-04-09T09:32:47.518+0000] {processor.py:830} INFO - Processing file /home/airflow/.local/lib/python3.8/site-packages/airflow/example_dags/example_sla_dag.py for tasks to queue
[2026-04-09T09:32:47.520+0000] {logging_mixin.py:188} INFO - [2026-04-09T09:32:47.520+0000] {dagbag.py:538} INFO - Filling up the DagBag from /home/airflow/.local/lib/python3.8/site-packages/airflow/example_dags/example_sla_dag.py
[2026-04-09T09:32:47.529+0000] {processor.py:840} INFO - DAG(s) 'example_sla_dag' retrieved from /home/airflow/.local/lib/python3.8/site-packages/airflow/example_dags/example_sla_dag.py
[2026-04-09T09:32:47.549+0000] {logging_mixin.py:188} INFO - [2026-04-09T09:32:47.549+0000] {dag.py:3033} INFO - Sync 1 DAGs
[2026-04-09T09:32:47.591+0000] {logging_mixin.py:188} INFO - [2026-04-09T09:32:47.591+0000] {dag.py:3820} INFO - Setting next_dagrun for example_sla_dag to 2026-04-09T09:30:00+00:00, run_after=2026-04-09T09:32:00+00:00
[2026-04-09T09:32:47.609+0000] {processor.py:183} INFO - Processing /home/airflow/.local/lib/python3.8/site-packages/airflow/example_dags/example_sla_dag.py took 0.095 seconds
[2026-04-09T09:33:18.395+0000] {processor.py:161} INFO - Started process (PID=10677) to work on /home/airflow/.local/lib/python3.8/site-packages/airflow/example_dags/example_sla_dag.py
[2026-04-09T09:33:18.395+0000] {processor.py:830} INFO - Processing file /home/airflow/.local/lib/python3.8/site-packages/airflow/example_dags/example_sla_dag.py for tasks to queue
[2026-04-09T09:33:18.397+0000] {logging_mixin.py:188} INFO - [2026-04-09T09:33:18.397+0000] {dagbag.py:538} INFO - Filling up the DagBag from /home/airflow/.local/lib/python3.8/site-packages/airflow/example_dags/example_sla_dag.py
[2026-04-09T09:33:18.403+0000] {processor.py:840} INFO - DAG(s) 'example_sla_dag' retrieved from /home/airflow/.local/lib/python3.8/site-packages/airflow/example_dags/example_sla_dag.py
[2026-04-09T09:33:18.419+0000] {logging_mixin.py:188} INFO - [2026-04-09T09:33:18.419+0000] {dag.py:3033} INFO - Sync 1 DAGs
[2026-04-09T09:33:18.437+0000] {logging_mixin.py:188} INFO - [2026-04-09T09:33:18.437+0000] {dag.py:3820} INFO - Setting next_dagrun for example_sla_dag to 2026-04-09T09:30:00+00:00, run_after=2026-04-09T09:32:00+00:00
[2026-04-09T09:33:18.450+0000] {processor.py:183} INFO - Processing /home/airflow/.local/lib/python3.8/site-packages/airflow/example_dags/example_sla_dag.py took 0.058 seconds
[2026-04-09T09:33:48.770+0000] {processor.py:161} INFO - Started process (PID=10738) to work on /home/airflow/.local/lib/python3.8/site-packages/airflow/example_dags/example_sla_dag.py
[2026-04-09T09:33:48.771+0000] {processor.py:830} INFO - Processing file /home/airflow/.local/lib/python3.8/site-packages/airflow/example_dags/example_sla_dag.py for tasks to queue
[2026-04-09T09:33:48.772+0000] {logging_mixin.py:188} INFO - [2026-04-09T09:33:48.772+0000] {dagbag.py:538} INFO - Filling up the DagBag from /home/airflow/.local/lib/python3.8/site-packages/airflow/example_dags/example_sla_dag.py
[2026-04-09T09:33:48.781+0000] {processor.py:840} INFO - DAG(s) 'example_sla_dag' retrieved from /home/airflow/.local/lib/python3.8/site-packages/airflow/example_dags/example_sla_dag.py
[2026-04-09T09:33:48.796+0000] {logging_mixin.py:188} INFO - [2026-04-09T09:33:48.796+0000] {dag.py:3033} INFO - Sync 1 DAGs
[2026-04-09T09:33:48.814+0000] {logging_mixin.py:188} INFO - [2026-04-09T09:33:48.814+0000] {dag.py:3820} INFO - Setting next_dagrun for example_sla_dag to 2026-04-09T09:30:00+00:00, run_after=2026-04-09T09:32:00+00:00
[2026-04-09T09:33:48.826+0000] {processor.py:183} INFO - Processing /home/airflow/.local/lib/python3.8/site-packages/airflow/example_dags/example_sla_dag.py took 0.058 seconds
[2026-04-09T09:34:19.115+0000] {processor.py:161} INFO - Started process (PID=10799) to work on /home/airflow/.local/lib/python3.8/site-packages/airflow/example_dags/example_sla_dag.py
[2026-04-09T09:34:19.116+0000] {processor.py:830} INFO - Processing file /home/airflow/.local/lib/python3.8/site-packages/airflow/example_dags/example_sla_dag.py for tasks to queue
[2026-04-09T09:34:19.117+0000] {logging_mixin.py:188} INFO - [2026-04-09T09:34:19.117+0000] {dagbag.py:538} INFO - Filling up the DagBag from /home/airflow/.local/lib/python3.8/site-packages/airflow/example_dags/example_sla_dag.py
[2026-04-09T09:34:19.124+0000] {processor.py:840} INFO - DAG(s) 'example_sla_dag' retrieved from /home/airflow/.local/lib/python3.8/site-packages/airflow/example_dags/example_sla_dag.py
[2026-04-09T09:34:19.138+0000] {logging_mixin.py:188} INFO - [2026-04-09T09:34:19.138+0000] {dag.py:3033} INFO - Sync 1 DAGs
[2026-04-09T09:34:19.156+0000] {logging_mixin.py:188} INFO - [2026-04-09T09:34:19.156+0000] {dag.py:3820} INFO - Setting next_dagrun for example_sla_dag to 2026-04-09T09:32:00+00:00, run_after=2026-04-09T09:34:00+00:00
[2026-04-09T09:34:19.169+0000] {processor.py:183} INFO - Processing /home/airflow/.local/lib/python3.8/site-packages/airflow/example_dags/example_sla_dag.py took 0.056 seconds
[2026-04-09T09:34:49.596+0000] {processor.py:161} INFO - Started process (PID=10860) to work on /home/airflow/.local/lib/python3.8/site-packages/airflow/example_dags/example_sla_dag.py
[2026-04-09T09:34:49.597+0000] {processor.py:830} INFO - Processing file /home/airflow/.local/lib/python3.8/site-packages/airflow/example_dags/example_sla_dag.py for tasks to queue
[2026-04-09T09:34:49.599+0000] {logging_mixin.py:188} INFO - [2026-04-09T09:34:49.598+0000] {dagbag.py:538} INFO - Filling up the DagBag from /home/airflow/.local/lib/python3.8/site-packages/airflow/example_dags/example_sla_dag.py
[2026-04-09T09:34:49.611+0000] {processor.py:840} INFO - DAG(s) 'example_sla_dag' retrieved from /home/airflow/.local/lib/python3.8/site-packages/airflow/example_dags/example_sla_dag.py
[2026-04-09T09:34:49.632+0000] {logging_mixin.py:188} INFO - [2026-04-09T09:34:49.632+0000] {dag.py:3033} INFO - Sync 1 DAGs
[2026-04-09T09:34:49.663+0000] {logging_mixin.py:188} INFO - [2026-04-09T09:34:49.663+0000] {dag.py:3820} INFO - Setting next_dagrun for example_sla_dag to 2026-04-09T09:32:00+00:00, run_after=2026-04-09T09:34:00+00:00
[2026-04-09T09:34:49.680+0000] {processor.py:183} INFO - Processing /home/airflow/.local/lib/python3.8/site-packages/airflow/example_dags/example_sla_dag.py took 0.087 seconds
[2026-04-09T09:35:20.158+0000] {processor.py:161} INFO - Started process (PID=10921) to work on /home/airflow/.local/lib/python3.8/site-packages/airflow/example_dags/example_sla_dag.py
[2026-04-09T09:35:20.161+0000] {processor.py:830} INFO - Processing file /home/airflow/.local/lib/python3.8/site-packages/airflow/example_dags/example_sla_dag.py for tasks to queue
[2026-04-09T09:35:20.165+0000] {logging_mixin.py:188} INFO - [2026-04-09T09:35:20.165+0000] {dagbag.py:538} INFO - Filling up the DagBag from /home/airflow/.local/lib/python3.8/site-packages/airflow/example_dags/example_sla_dag.py
[2026-04-09T09:35:20.187+0000] {processor.py:840} INFO - DAG(s) 'example_sla_dag' retrieved from /home/airflow/.local/lib/python3.8/site-packages/airflow/example_dags/example_sla_dag.py
[2026-04-09T09:35:20.218+0000] {logging_mixin.py:188} INFO - [2026-04-09T09:35:20.218+0000] {dag.py:3033} INFO - Sync 1 DAGs
[2026-04-09T09:35:20.279+0000] {logging_mixin.py:188} INFO - [2026-04-09T09:35:20.279+0000] {dag.py:3820} INFO - Setting next_dagrun for example_sla_dag to 2026-04-09T09:32:00+00:00, run_after=2026-04-09T09:34:00+00:00
[2026-04-09T09:35:20.314+0000] {processor.py:183} INFO - Processing /home/airflow/.local/lib/python3.8/site-packages/airflow/example_dags/example_sla_dag.py took 0.160 seconds
[2026-04-09T09:35:50.377+0000] {processor.py:161} INFO - Started process (PID=10982) to work on /home/airflow/.local/lib/python3.8/site-packages/airflow/example_dags/example_sla_dag.py
[2026-04-09T09:35:50.379+0000] {processor.py:830} INFO - Processing file /home/airflow/.local/lib/python3.8/site-packages/airflow/example_dags/example_sla_dag.py for tasks to queue
[2026-04-09T09:35:50.383+0000] {logging_mixin.py:188} INFO - [2026-04-09T09:35:50.383+0000] {dagbag.py:538} INFO - Filling up the DagBag from /home/airflow/.local/lib/python3.8/site-packages/airflow/example_dags/example_sla_dag.py
[2026-04-09T09:35:50.398+0000] {processor.py:840} INFO - DAG(s) 'example_sla_dag' retrieved from /home/airflow/.local/lib/python3.8/site-packages/airflow/example_dags/example_sla_dag.py
[2026-04-09T09:35:50.439+0000] {logging_mixin.py:188} INFO - [2026-04-09T09:35:50.439+0000] {dag.py:3033} INFO - Sync 1 DAGs
[2026-04-09T09:35:50.496+0000] {logging_mixin.py:188} INFO - [2026-04-09T09:35:50.496+0000] {dag.py:3820} INFO - Setting next_dagrun for example_sla_dag to 2026-04-09T09:32:00+00:00, run_after=2026-04-09T09:34:00+00:00
[2026-04-09T09:35:50.549+0000] {processor.py:183} INFO - Processing /home/airflow/.local/lib/python3.8/site-packages/airflow/example_dags/example_sla_dag.py took 0.176 seconds
[2026-04-09T09:36:20.710+0000] {processor.py:161} INFO - Started process (PID=11043) to work on /home/airflow/.local/lib/python3.8/site-packages/airflow/example_dags/example_sla_dag.py
[2026-04-09T09:36:20.710+0000] {processor.py:830} INFO - Processing file /home/airflow/.local/lib/python3.8/site-packages/airflow/example_dags/example_sla_dag.py for tasks to queue
[2026-04-09T09:36:20.713+0000] {logging_mixin.py:188} INFO - [2026-04-09T09:36:20.712+0000] {dagbag.py:538} INFO - Filling up the DagBag from /home/airflow/.local/lib/python3.8/site-packages/airflow/example_dags/example_sla_dag.py
[2026-04-09T09:36:20.722+0000] {processor.py:840} INFO - DAG(s) 'example_sla_dag' retrieved from /home/airflow/.local/lib/python3.8/site-packages/airflow/example_dags/example_sla_dag.py
[2026-04-09T09:36:20.742+0000] {logging_mixin.py:188} INFO - [2026-04-09T09:36:20.742+0000] {dag.py:3033} INFO - Sync 1 DAGs
[2026-04-09T09:36:20.784+0000] {logging_mixin.py:188} INFO - [2026-04-09T09:36:20.784+0000] {dag.py:3820} INFO - Setting next_dagrun for example_sla_dag to 2026-04-09T09:34:00+00:00, run_after=2026-04-09T09:36:00+00:00
[2026-04-09T09:36:20.802+0000] {processor.py:183} INFO - Processing /home/airflow/.local/lib/python3.8/site-packages/airflow/example_dags/example_sla_dag.py took 0.096 seconds
[2026-04-09T09:36:51.200+0000] {processor.py:161} INFO - Started process (PID=11104) to work on /home/airflow/.local/lib/python3.8/site-packages/airflow/example_dags/example_sla_dag.py
[2026-04-09T09:36:51.201+0000] {processor.py:830} INFO - Processing file /home/airflow/.local/lib/python3.8/site-packages/airflow/example_dags/example_sla_dag.py for tasks to queue
[2026-04-09T09:36:51.208+0000] {logging_mixin.py:188} INFO - [2026-04-09T09:36:51.207+0000] {dagbag.py:538} INFO - Filling up the DagBag from /home/airflow/.local/lib/python3.8/site-packages/airflow/example_dags/example_sla_dag.py
[2026-04-09T09:36:51.222+0000] {processor.py:840} INFO - DAG(s) 'example_sla_dag' retrieved from /home/airflow/.local/lib/python3.8/site-packages/airflow/example_dags/example_sla_dag.py
[2026-04-09T09:36:51.243+0000] {logging_mixin.py:188} INFO - [2026-04-09T09:36:51.243+0000] {dag.py:3033} INFO - Sync 1 DAGs
[2026-04-09T09:36:51.269+0000] {logging_mixin.py:188} INFO - [2026-04-09T09:36:51.269+0000] {dag.py:3820} INFO - Setting next_dagrun for example_sla_dag to 2026-04-09T09:34:00+00:00, run_after=2026-04-09T09:36:00+00:00
[2026-04-09T09:36:51.286+0000] {processor.py:183} INFO - Processing /home/airflow/.local/lib/python3.8/site-packages/airflow/example_dags/example_sla_dag.py took 0.092 seconds
[2026-04-09T09:37:21.521+0000] {processor.py:161} INFO - Started process (PID=11165) to work on /home/airflow/.local/lib/python3.8/site-packages/airflow/example_dags/example_sla_dag.py
[2026-04-09T09:37:21.522+0000] {processor.py:830} INFO - Processing file /home/airflow/.local/lib/python3.8/site-packages/airflow/example_dags/example_sla_dag.py for tasks to queue
[2026-04-09T09:37:21.524+0000] {logging_mixin.py:188} INFO - [2026-04-09T09:37:21.524+0000] {dagbag.py:538} INFO - Filling up the DagBag from /home/airflow/.local/lib/python3.8/site-packages/airflow/example_dags/example_sla_dag.py
[2026-04-09T09:37:21.540+0000] {processor.py:840} INFO - DAG(s) 'example_sla_dag' retrieved from /home/airflow/.local/lib/python3.8/site-packages/airflow/example_dags/example_sla_dag.py
[2026-04-09T09:37:21.570+0000] {logging_mixin.py:188} INFO - [2026-04-09T09:37:21.569+0000] {dag.py:3033} INFO - Sync 1 DAGs
[2026-04-09T09:37:21.597+0000] {logging_mixin.py:188} INFO - [2026-04-09T09:37:21.597+0000] {dag.py:3820} INFO - Setting next_dagrun for example_sla_dag to 2026-04-09T09:34:00+00:00, run_after=2026-04-09T09:36:00+00:00
[2026-04-09T09:37:21.613+0000] {processor.py:183} INFO - Processing /home/airflow/.local/lib/python3.8/site-packages/airflow/example_dags/example_sla_dag.py took 0.096 seconds
[2026-04-09T09:37:51.805+0000] {processor.py:161} INFO - Started process (PID=11226) to work on /home/airflow/.local/lib/python3.8/site-packages/airflow/example_dags/example_sla_dag.py
[2026-04-09T09:37:51.805+0000] {processor.py:830} INFO - Processing file /home/airflow/.local/lib/python3.8/site-packages/airflow/example_dags/example_sla_dag.py for tasks to queue
[2026-04-09T09:37:51.808+0000] {logging_mixin.py:188} INFO - [2026-04-09T09:37:51.807+0000] {dagbag.py:538} INFO - Filling up the DagBag from /home/airflow/.local/lib/python3.8/site-packages/airflow/example_dags/example_sla_dag.py
[2026-04-09T09:37:51.818+0000] {processor.py:840} INFO - DAG(s) 'example_sla_dag' retrieved from /home/airflow/.local/lib/python3.8/site-packages/airflow/example_dags/example_sla_dag.py
[2026-04-09T09:37:51.839+0000] {logging_mixin.py:188} INFO - [2026-04-09T09:37:51.839+0000] {dag.py:3033} INFO - Sync 1 DAGs
[2026-04-09T09:37:51.866+0000] {logging_mixin.py:188} INFO - [2026-04-09T09:37:51.866+0000] {dag.py:3820} INFO - Setting next_dagrun for example_sla_dag to 2026-04-09T09:34:00+00:00, run_after=2026-04-09T09:36:00+00:00
[2026-04-09T09:37:51.884+0000] {processor.py:183} INFO - Processing /home/airflow/.local/lib/python3.8/site-packages/airflow/example_dags/example_sla_dag.py took 0.083 seconds
[2026-04-09T09:38:22.013+0000] {processor.py:161} INFO - Started process (PID=11287) to work on /home/airflow/.local/lib/python3.8/site-packages/airflow/example_dags/example_sla_dag.py
[2026-04-09T09:38:22.014+0000] {processor.py:830} INFO - Processing file /home/airflow/.local/lib/python3.8/site-packages/airflow/example_dags/example_sla_dag.py for tasks to queue
[2026-04-09T09:38:22.016+0000] {logging_mixin.py:188} INFO - [2026-04-09T09:38:22.016+0000] {dagbag.py:538} INFO - Filling up the DagBag from /home/airflow/.local/lib/python3.8/site-packages/airflow/example_dags/example_sla_dag.py
[2026-04-09T09:38:22.026+0000] {processor.py:840} INFO - DAG(s) 'example_sla_dag' retrieved from /home/airflow/.local/lib/python3.8/site-packages/airflow/example_dags/example_sla_dag.py
[2026-04-09T09:38:22.047+0000] {logging_mixin.py:188} INFO - [2026-04-09T09:38:22.046+0000] {dag.py:3033} INFO - Sync 1 DAGs
[2026-04-09T09:38:22.074+0000] {logging_mixin.py:188} INFO - [2026-04-09T09:38:22.074+0000] {dag.py:3820} INFO - Setting next_dagrun for example_sla_dag to 2026-04-09T09:36:00+00:00, run_after=2026-04-09T09:38:00+00:00
[2026-04-09T09:38:22.091+0000] {processor.py:183} INFO - Processing /home/airflow/.local/lib/python3.8/site-packages/airflow/example_dags/example_sla_dag.py took 0.081 seconds
[2026-04-09T09:38:52.306+0000] {processor.py:161} INFO - Started process (PID=11348) to work on /home/airflow/.local/lib/python3.8/site-packages/airflow/example_dags/example_sla_dag.py
[2026-04-09T09:38:52.307+0000] {processor.py:830} INFO - Processing file /home/airflow/.local/lib/python3.8/site-packages/airflow/example_dags/example_sla_dag.py for tasks to queue
[2026-04-09T09:38:52.309+0000] {logging_mixin.py:188} INFO - [2026-04-09T09:38:52.309+0000] {dagbag.py:538} INFO - Filling up the DagBag from /home/airflow/.local/lib/python3.8/site-packages/airflow/example_dags/example_sla_dag.py
[2026-04-09T09:38:52.319+0000] {processor.py:840} INFO - DAG(s) 'example_sla_dag' retrieved from /home/airflow/.local/lib/python3.8/site-packages/airflow/example_dags/example_sla_dag.py
[2026-04-09T09:38:52.341+0000] {logging_mixin.py:188} INFO - [2026-04-09T09:38:52.340+0000] {dag.py:3033} INFO - Sync 1 DAGs
[2026-04-09T09:38:52.368+0000] {logging_mixin.py:188} INFO - [2026-04-09T09:38:52.368+0000] {dag.py:3820} INFO - Setting next_dagrun for example_sla_dag to 2026-04-09T09:36:00+00:00, run_after=2026-04-09T09:38:00+00:00
[2026-04-09T09:38:52.385+0000] {processor.py:183} INFO - Processing /home/airflow/.local/lib/python3.8/site-packages/airflow/example_dags/example_sla_dag.py took 0.083 seconds
[2026-04-09T09:39:22.548+0000] {processor.py:161} INFO - Started process (PID=11409) to work on /home/airflow/.local/lib/python3.8/site-packages/airflow/example_dags/example_sla_dag.py
[2026-04-09T09:39:22.549+0000] {processor.py:830} INFO - Processing file /home/airflow/.local/lib/python3.8/site-packages/airflow/example_dags/example_sla_dag.py for tasks to queue
[2026-04-09T09:39:22.552+0000] {logging_mixin.py:188} INFO - [2026-04-09T09:39:22.551+0000] {dagbag.py:538} INFO - Filling up the DagBag from /home/airflow/.local/lib/python3.8/site-packages/airflow/example_dags/example_sla_dag.py
[2026-04-09T09:39:22.561+0000] {processor.py:840} INFO - DAG(s) 'example_sla_dag' retrieved from /home/airflow/.local/lib/python3.8/site-packages/airflow/example_dags/example_sla_dag.py
[2026-04-09T09:39:22.586+0000] {logging_mixin.py:188} INFO - [2026-04-09T09:39:22.586+0000] {dag.py:3033} INFO - Sync 1 DAGs
[2026-04-09T09:39:22.653+0000] {logging_mixin.py:188} INFO - [2026-04-09T09:39:22.652+0000] {dag.py:3820} INFO - Setting next_dagrun for example_sla_dag to 2026-04-09T09:36:00+00:00, run_after=2026-04-09T09:38:00+00:00
[2026-04-09T09:39:22.674+0000] {processor.py:183} INFO - Processing /home/airflow/.local/lib/python3.8/site-packages/airflow/example_dags/example_sla_dag.py took 0.129 seconds
[2026-04-09T09:39:52.804+0000] {processor.py:161} INFO - Started process (PID=11470) to work on /home/airflow/.local/lib/python3.8/site-packages/airflow/example_dags/example_sla_dag.py
[2026-04-09T09:39:52.805+0000] {processor.py:830} INFO - Processing file /home/airflow/.local/lib/python3.8/site-packages/airflow/example_dags/example_sla_dag.py for tasks to queue
[2026-04-09T09:39:52.807+0000] {logging_mixin.py:188} INFO - [2026-04-09T09:39:52.807+0000] {dagbag.py:538} INFO - Filling up the DagBag from /home/airflow/.local/lib/python3.8/site-packages/airflow/example_dags/example_sla_dag.py
[2026-04-09T09:39:52.816+0000] {processor.py:840} INFO - DAG(s) 'example_sla_dag' retrieved from /home/airflow/.local/lib/python3.8/site-packages/airflow/example_dags/example_sla_dag.py
[2026-04-09T09:39:52.837+0000] {logging_mixin.py:188} INFO - [2026-04-09T09:39:52.837+0000] {dag.py:3033} INFO - Sync 1 DAGs
[2026-04-09T09:39:52.864+0000] {logging_mixin.py:188} INFO - [2026-04-09T09:39:52.864+0000] {dag.py:3820} INFO - Setting next_dagrun for example_sla_dag to 2026-04-09T09:36:00+00:00, run_after=2026-04-09T09:38:00+00:00
[2026-04-09T09:39:52.882+0000] {processor.py:183} INFO - Processing /home/airflow/.local/lib/python3.8/site-packages/airflow/example_dags/example_sla_dag.py took 0.082 seconds
[2026-04-09T09:40:23.311+0000] {processor.py:161} INFO - Started process (PID=11531) to work on /home/airflow/.local/lib/python3.8/site-packages/airflow/example_dags/example_sla_dag.py
[2026-04-09T09:40:23.311+0000] {processor.py:830} INFO - Processing file /home/airflow/.local/lib/python3.8/site-packages/airflow/example_dags/example_sla_dag.py for tasks to queue
[2026-04-09T09:40:23.314+0000] {logging_mixin.py:188} INFO - [2026-04-09T09:40:23.313+0000] {dagbag.py:538} INFO - Filling up the DagBag from /home/airflow/.local/lib/python3.8/site-packages/airflow/example_dags/example_sla_dag.py
[2026-04-09T09:40:23.323+0000] {processor.py:840} INFO - DAG(s) 'example_sla_dag' retrieved from /home/airflow/.local/lib/python3.8/site-packages/airflow/example_dags/example_sla_dag.py
[2026-04-09T09:40:23.348+0000] {logging_mixin.py:188} INFO - [2026-04-09T09:40:23.348+0000] {dag.py:3033} INFO - Sync 1 DAGs
[2026-04-09T09:40:23.411+0000] {logging_mixin.py:188} INFO - [2026-04-09T09:40:23.411+0000] {dag.py:3820} INFO - Setting next_dagrun for example_sla_dag to 2026-04-09T09:38:00+00:00, run_after=2026-04-09T09:40:00+00:00
[2026-04-09T09:40:23.456+0000] {processor.py:183} INFO - Processing /home/airflow/.local/lib/python3.8/site-packages/airflow/example_dags/example_sla_dag.py took 0.149 seconds
[2026-04-09T09:40:54.016+0000] {processor.py:161} INFO - Started process (PID=11592) to work on /home/airflow/.local/lib/python3.8/site-packages/airflow/example_dags/example_sla_dag.py
[2026-04-09T09:40:54.019+0000] {processor.py:830} INFO - Processing file /home/airflow/.local/lib/python3.8/site-packages/airflow/example_dags/example_sla_dag.py for tasks to queue
[2026-04-09T09:40:54.025+0000] {logging_mixin.py:188} INFO - [2026-04-09T09:40:54.025+0000] {dagbag.py:538} INFO - Filling up the DagBag from /home/airflow/.local/lib/python3.8/site-packages/airflow/example_dags/example_sla_dag.py
[2026-04-09T09:40:54.053+0000] {processor.py:840} INFO - DAG(s) 'example_sla_dag' retrieved from /home/airflow/.local/lib/python3.8/site-packages/airflow/example_dags/example_sla_dag.py
[2026-04-09T09:40:54.111+0000] {logging_mixin.py:188} INFO - [2026-04-09T09:40:54.111+0000] {dag.py:3033} INFO - Sync 1 DAGs
[2026-04-09T09:40:54.171+0000] {logging_mixin.py:188} INFO - [2026-04-09T09:40:54.171+0000] {dag.py:3820} INFO - Setting next_dagrun for example_sla_dag to 2026-04-09T09:38:00+00:00, run_after=2026-04-09T09:40:00+00:00
[2026-04-09T09:40:54.247+0000] {processor.py:183} INFO - Processing /home/airflow/.local/lib/python3.8/site-packages/airflow/example_dags/example_sla_dag.py took 0.252 seconds
[2026-04-09T09:41:24.925+0000] {processor.py:161} INFO - Started process (PID=11653) to work on /home/airflow/.local/lib/python3.8/site-packages/airflow/example_dags/example_sla_dag.py
[2026-04-09T09:41:24.927+0000] {processor.py:830} INFO - Processing file /home/airflow/.local/lib/python3.8/site-packages/airflow/example_dags/example_sla_dag.py for tasks to queue
[2026-04-09T09:41:24.930+0000] {logging_mixin.py:188} INFO - [2026-04-09T09:41:24.929+0000] {dagbag.py:538} INFO - Filling up the DagBag from /home/airflow/.local/lib/python3.8/site-packages/airflow/example_dags/example_sla_dag.py
[2026-04-09T09:41:24.939+0000] {processor.py:840} INFO - DAG(s) 'example_sla_dag' retrieved from /home/airflow/.local/lib/python3.8/site-packages/airflow/example_dags/example_sla_dag.py
[2026-04-09T09:41:24.960+0000] {logging_mixin.py:188} INFO - [2026-04-09T09:41:24.960+0000] {dag.py:3033} INFO - Sync 1 DAGs
[2026-04-09T09:41:24.990+0000] {logging_mixin.py:188} INFO - [2026-04-09T09:41:24.990+0000] {dag.py:3820} INFO - Setting next_dagrun for example_sla_dag to 2026-04-09T09:38:00+00:00, run_after=2026-04-09T09:40:00+00:00
[2026-04-09T09:41:25.008+0000] {processor.py:183} INFO - Processing /home/airflow/.local/lib/python3.8/site-packages/airflow/example_dags/example_sla_dag.py took 0.086 seconds
[2026-04-09T09:41:55.189+0000] {processor.py:161} INFO - Started process (PID=11714) to work on /home/airflow/.local/lib/python3.8/site-packages/airflow/example_dags/example_sla_dag.py
[2026-04-09T09:41:55.190+0000] {processor.py:830} INFO - Processing file /home/airflow/.local/lib/python3.8/site-packages/airflow/example_dags/example_sla_dag.py for tasks to queue
[2026-04-09T09:41:55.192+0000] {logging_mixin.py:188} INFO - [2026-04-09T09:41:55.192+0000] {dagbag.py:538} INFO - Filling up the DagBag from /home/airflow/.local/lib/python3.8/site-packages/airflow/example_dags/example_sla_dag.py
[2026-04-09T09:41:55.201+0000] {processor.py:840} INFO - DAG(s) 'example_sla_dag' retrieved from /home/airflow/.local/lib/python3.8/site-packages/airflow/example_dags/example_sla_dag.py
[2026-04-09T09:41:55.226+0000] {logging_mixin.py:188} INFO - [2026-04-09T09:41:55.226+0000] {dag.py:3033} INFO - Sync 1 DAGs
[2026-04-09T09:41:55.254+0000] {logging_mixin.py:188} INFO - [2026-04-09T09:41:55.254+0000] {dag.py:3820} INFO - Setting next_dagrun for example_sla_dag to 2026-04-09T09:38:00+00:00, run_after=2026-04-09T09:40:00+00:00
[2026-04-09T09:41:55.271+0000] {processor.py:183} INFO - Processing /home/airflow/.local/lib/python3.8/site-packages/airflow/example_dags/example_sla_dag.py took 0.086 seconds
[2026-04-09T09:42:25.658+0000] {processor.py:161} INFO - Started process (PID=11775) to work on /home/airflow/.local/lib/python3.8/site-packages/airflow/example_dags/example_sla_dag.py
[2026-04-09T09:42:25.659+0000] {processor.py:830} INFO - Processing file /home/airflow/.local/lib/python3.8/site-packages/airflow/example_dags/example_sla_dag.py for tasks to queue
[2026-04-09T09:42:25.663+0000] {logging_mixin.py:188} INFO - [2026-04-09T09:42:25.662+0000] {dagbag.py:538} INFO - Filling up the DagBag from /home/airflow/.local/lib/python3.8/site-packages/airflow/example_dags/example_sla_dag.py
[2026-04-09T09:42:25.672+0000] {processor.py:840} INFO - DAG(s) 'example_sla_dag' retrieved from /home/airflow/.local/lib/python3.8/site-packages/airflow/example_dags/example_sla_dag.py
[2026-04-09T09:42:25.693+0000] {logging_mixin.py:188} INFO - [2026-04-09T09:42:25.693+0000] {dag.py:3033} INFO - Sync 1 DAGs
[2026-04-09T09:42:25.722+0000] {logging_mixin.py:188} INFO - [2026-04-09T09:42:25.721+0000] {dag.py:3820} INFO - Setting next_dagrun for example_sla_dag to 2026-04-09T09:40:00+00:00, run_after=2026-04-09T09:42:00+00:00
[2026-04-09T09:42:25.739+0000] {processor.py:183} INFO - Processing /home/airflow/.local/lib/python3.8/site-packages/airflow/example_dags/example_sla_dag.py took 0.085 seconds
[2026-04-09T09:42:56.064+0000] {processor.py:161} INFO - Started process (PID=11836) to work on /home/airflow/.local/lib/python3.8/site-packages/airflow/example_dags/example_sla_dag.py
[2026-04-09T09:42:56.065+0000] {processor.py:830} INFO - Processing file /home/airflow/.local/lib/python3.8/site-packages/airflow/example_dags/example_sla_dag.py for tasks to queue
[2026-04-09T09:42:56.068+0000] {logging_mixin.py:188} INFO - [2026-04-09T09:42:56.067+0000] {dagbag.py:538} INFO - Filling up the DagBag from /home/airflow/.local/lib/python3.8/site-packages/airflow/example_dags/example_sla_dag.py
[2026-04-09T09:42:56.077+0000] {processor.py:840} INFO - DAG(s) 'example_sla_dag' retrieved from /home/airflow/.local/lib/python3.8/site-packages/airflow/example_dags/example_sla_dag.py
[2026-04-09T09:42:56.098+0000] {logging_mixin.py:188} INFO - [2026-04-09T09:42:56.098+0000] {dag.py:3033} INFO - Sync 1 DAGs
[2026-04-09T09:42:56.126+0000] {logging_mixin.py:188} INFO - [2026-04-09T09:42:56.126+0000] {dag.py:3820} INFO - Setting next_dagrun for example_sla_dag to 2026-04-09T09:40:00+00:00, run_after=2026-04-09T09:42:00+00:00
[2026-04-09T09:42:56.144+0000] {processor.py:183} INFO - Processing /home/airflow/.local/lib/python3.8/site-packages/airflow/example_dags/example_sla_dag.py took 0.084 seconds
[2026-04-09T09:43:26.389+0000] {processor.py:161} INFO - Started process (PID=11897) to work on /home/airflow/.local/lib/python3.8/site-packages/airflow/example_dags/example_sla_dag.py
[2026-04-09T09:43:26.390+0000] {processor.py:830} INFO - Processing file /home/airflow/.local/lib/python3.8/site-packages/airflow/example_dags/example_sla_dag.py for tasks to queue
[2026-04-09T09:43:26.392+0000] {logging_mixin.py:188} INFO - [2026-04-09T09:43:26.392+0000] {dagbag.py:538} INFO - Filling up the DagBag from /home/airflow/.local/lib/python3.8/site-packages/airflow/example_dags/example_sla_dag.py
[2026-04-09T09:43:26.402+0000] {processor.py:840} INFO - DAG(s) 'example_sla_dag' retrieved from /home/airflow/.local/lib/python3.8/site-packages/airflow/example_dags/example_sla_dag.py
[2026-04-09T09:43:26.423+0000] {logging_mixin.py:188} INFO - [2026-04-09T09:43:26.423+0000] {dag.py:3033} INFO - Sync 1 DAGs
[2026-04-09T09:43:26.450+0000] {logging_mixin.py:188} INFO - [2026-04-09T09:43:26.450+0000] {dag.py:3820} INFO - Setting next_dagrun for example_sla_dag to 2026-04-09T09:40:00+00:00, run_after=2026-04-09T09:42:00+00:00
[2026-04-09T09:43:26.467+0000] {processor.py:183} INFO - Processing /home/airflow/.local/lib/python3.8/site-packages/airflow/example_dags/example_sla_dag.py took 0.082 seconds
[2026-04-09T09:43:56.658+0000] {processor.py:161} INFO - Started process (PID=11957) to work on /home/airflow/.local/lib/python3.8/site-packages/airflow/example_dags/example_sla_dag.py
[2026-04-09T09:43:56.659+0000] {processor.py:830} INFO - Processing file /home/airflow/.local/lib/python3.8/site-packages/airflow/example_dags/example_sla_dag.py for tasks to queue
[2026-04-09T09:43:56.661+0000] {logging_mixin.py:188} INFO - [2026-04-09T09:43:56.661+0000] {dagbag.py:538} INFO - Filling up the DagBag from /home/airflow/.local/lib/python3.8/site-packages/airflow/example_dags/example_sla_dag.py
[2026-04-09T09:43:56.671+0000] {processor.py:840} INFO - DAG(s) 'example_sla_dag' retrieved from /home/airflow/.local/lib/python3.8/site-packages/airflow/example_dags/example_sla_dag.py
[2026-04-09T09:43:56.692+0000] {logging_mixin.py:188} INFO - [2026-04-09T09:43:56.692+0000] {dag.py:3033} INFO - Sync 1 DAGs
[2026-04-09T09:43:56.720+0000] {logging_mixin.py:188} INFO - [2026-04-09T09:43:56.720+0000] {dag.py:3820} INFO - Setting next_dagrun for example_sla_dag to 2026-04-09T09:40:00+00:00, run_after=2026-04-09T09:42:00+00:00
[2026-04-09T09:43:56.737+0000] {processor.py:183} INFO - Processing /home/airflow/.local/lib/python3.8/site-packages/airflow/example_dags/example_sla_dag.py took 0.082 seconds
[2026-04-09T09:44:27.014+0000] {processor.py:161} INFO - Started process (PID=12018) to work on /home/airflow/.local/lib/python3.8/site-packages/airflow/example_dags/example_sla_dag.py
[2026-04-09T09:44:27.015+0000] {processor.py:830} INFO - Processing file /home/airflow/.local/lib/python3.8/site-packages/airflow/example_dags/example_sla_dag.py for tasks to queue
[2026-04-09T09:44:27.018+0000] {logging_mixin.py:188} INFO - [2026-04-09T09:44:27.017+0000] {dagbag.py:538} INFO - Filling up the DagBag from /home/airflow/.local/lib/python3.8/site-packages/airflow/example_dags/example_sla_dag.py
[2026-04-09T09:44:27.027+0000] {processor.py:840} INFO - DAG(s) 'example_sla_dag' retrieved from /home/airflow/.local/lib/python3.8/site-packages/airflow/example_dags/example_sla_dag.py
[2026-04-09T09:44:27.049+0000] {logging_mixin.py:188} INFO - [2026-04-09T09:44:27.049+0000] {dag.py:3033} INFO - Sync 1 DAGs
[2026-04-09T09:44:27.076+0000] {logging_mixin.py:188} INFO - [2026-04-09T09:44:27.076+0000] {dag.py:3820} INFO - Setting next_dagrun for example_sla_dag to 2026-04-09T09:42:00+00:00, run_after=2026-04-09T09:44:00+00:00
[2026-04-09T09:44:27.094+0000] {processor.py:183} INFO - Processing /home/airflow/.local/lib/python3.8/site-packages/airflow/example_dags/example_sla_dag.py took 0.084 seconds
[2026-04-09T09:44:57.573+0000] {processor.py:161} INFO - Started process (PID=12079) to work on /home/airflow/.local/lib/python3.8/site-packages/airflow/example_dags/example_sla_dag.py
[2026-04-09T09:44:57.574+0000] {processor.py:830} INFO - Processing file /home/airflow/.local/lib/python3.8/site-packages/airflow/example_dags/example_sla_dag.py for tasks to queue
[2026-04-09T09:44:57.578+0000] {logging_mixin.py:188} INFO - [2026-04-09T09:44:57.578+0000] {dagbag.py:538} INFO - Filling up the DagBag from /home/airflow/.local/lib/python3.8/site-packages/airflow/example_dags/example_sla_dag.py
[2026-04-09T09:44:57.587+0000] {processor.py:840} INFO - DAG(s) 'example_sla_dag' retrieved from /home/airflow/.local/lib/python3.8/site-packages/airflow/example_dags/example_sla_dag.py
[2026-04-09T09:44:57.612+0000] {logging_mixin.py:188} INFO - [2026-04-09T09:44:57.612+0000] {dag.py:3033} INFO - Sync 1 DAGs
[2026-04-09T09:44:57.641+0000] {logging_mixin.py:188} INFO - [2026-04-09T09:44:57.640+0000] {dag.py:3820} INFO - Setting next_dagrun for example_sla_dag to 2026-04-09T09:42:00+00:00, run_after=2026-04-09T09:44:00+00:00
[2026-04-09T09:44:57.657+0000] {processor.py:183} INFO - Processing /home/airflow/.local/lib/python3.8/site-packages/airflow/example_dags/example_sla_dag.py took 0.088 seconds
[2026-04-09T09:45:27.810+0000] {processor.py:161} INFO - Started process (PID=12140) to work on /home/airflow/.local/lib/python3.8/site-packages/airflow/example_dags/example_sla_dag.py
[2026-04-09T09:45:27.811+0000] {processor.py:830} INFO - Processing file /home/airflow/.local/lib/python3.8/site-packages/airflow/example_dags/example_sla_dag.py for tasks to queue
[2026-04-09T09:45:27.814+0000] {logging_mixin.py:188} INFO - [2026-04-09T09:45:27.813+0000] {dagbag.py:538} INFO - Filling up the DagBag from /home/airflow/.local/lib/python3.8/site-packages/airflow/example_dags/example_sla_dag.py
[2026-04-09T09:45:27.822+0000] {processor.py:840} INFO - DAG(s) 'example_sla_dag' retrieved from /home/airflow/.local/lib/python3.8/site-packages/airflow/example_dags/example_sla_dag.py
[2026-04-09T09:45:27.844+0000] {logging_mixin.py:188} INFO - [2026-04-09T09:45:27.843+0000] {dag.py:3033} INFO - Sync 1 DAGs
[2026-04-09T09:45:27.871+0000] {logging_mixin.py:188} INFO - [2026-04-09T09:45:27.871+0000] {dag.py:3820} INFO - Setting next_dagrun for example_sla_dag to 2026-04-09T09:42:00+00:00, run_after=2026-04-09T09:44:00+00:00
[2026-04-09T09:45:27.889+0000] {processor.py:183} INFO - Processing /home/airflow/.local/lib/python3.8/site-packages/airflow/example_dags/example_sla_dag.py took 0.082 seconds
[2026-04-09T09:45:58.454+0000] {processor.py:161} INFO - Started process (PID=12201) to work on /home/airflow/.local/lib/python3.8/site-packages/airflow/example_dags/example_sla_dag.py
[2026-04-09T09:45:58.455+0000] {processor.py:830} INFO - Processing file /home/airflow/.local/lib/python3.8/site-packages/airflow/example_dags/example_sla_dag.py for tasks to queue
[2026-04-09T09:45:58.458+0000] {logging_mixin.py:188} INFO - [2026-04-09T09:45:58.457+0000] {dagbag.py:538} INFO - Filling up the DagBag from /home/airflow/.local/lib/python3.8/site-packages/airflow/example_dags/example_sla_dag.py
[2026-04-09T09:45:58.467+0000] {processor.py:840} INFO - DAG(s) 'example_sla_dag' retrieved from /home/airflow/.local/lib/python3.8/site-packages/airflow/example_dags/example_sla_dag.py
[2026-04-09T09:45:58.499+0000] {logging_mixin.py:188} INFO - [2026-04-09T09:45:58.499+0000] {dag.py:3033} INFO - Sync 1 DAGs
[2026-04-09T09:45:58.531+0000] {logging_mixin.py:188} INFO - [2026-04-09T09:45:58.531+0000] {dag.py:3820} INFO - Setting next_dagrun for example_sla_dag to 2026-04-09T09:42:00+00:00, run_after=2026-04-09T09:44:00+00:00
[2026-04-09T09:45:58.547+0000] {processor.py:183} INFO - Processing /home/airflow/.local/lib/python3.8/site-packages/airflow/example_dags/example_sla_dag.py took 0.096 seconds
[2026-04-09T09:46:29.314+0000] {processor.py:161} INFO - Started process (PID=12262) to work on /home/airflow/.local/lib/python3.8/site-packages/airflow/example_dags/example_sla_dag.py
[2026-04-09T09:46:29.315+0000] {processor.py:830} INFO - Processing file /home/airflow/.local/lib/python3.8/site-packages/airflow/example_dags/example_sla_dag.py for tasks to queue
[2026-04-09T09:46:29.317+0000] {logging_mixin.py:188} INFO - [2026-04-09T09:46:29.316+0000] {dagbag.py:538} INFO - Filling up the DagBag from /home/airflow/.local/lib/python3.8/site-packages/airflow/example_dags/example_sla_dag.py
[2026-04-09T09:46:29.323+0000] {processor.py:840} INFO - DAG(s) 'example_sla_dag' retrieved from /home/airflow/.local/lib/python3.8/site-packages/airflow/example_dags/example_sla_dag.py
[2026-04-09T09:46:29.339+0000] {logging_mixin.py:188} INFO - [2026-04-09T09:46:29.339+0000] {dag.py:3033} INFO - Sync 1 DAGs
[2026-04-09T09:46:29.358+0000] {logging_mixin.py:188} INFO - [2026-04-09T09:46:29.357+0000] {dag.py:3820} INFO - Setting next_dagrun for example_sla_dag to 2026-04-09T09:44:00+00:00, run_after=2026-04-09T09:46:00+00:00
[2026-04-09T09:46:29.373+0000] {processor.py:183} INFO - Processing /home/airflow/.local/lib/python3.8/site-packages/airflow/example_dags/example_sla_dag.py took 0.061 seconds
[2026-04-09T09:47:00.035+0000] {processor.py:161} INFO - Started process (PID=12323) to work on /home/airflow/.local/lib/python3.8/site-packages/airflow/example_dags/example_sla_dag.py
[2026-04-09T09:47:00.039+0000] {processor.py:830} INFO - Processing file /home/airflow/.local/lib/python3.8/site-packages/airflow/example_dags/example_sla_dag.py for tasks to queue
[2026-04-09T09:47:00.048+0000] {logging_mixin.py:188} INFO - [2026-04-09T09:47:00.048+0000] {dagbag.py:538} INFO - Filling up the DagBag from /home/airflow/.local/lib/python3.8/site-packages/airflow/example_dags/example_sla_dag.py
[2026-04-09T09:47:00.096+0000] {processor.py:840} INFO - DAG(s) 'example_sla_dag' retrieved from /home/airflow/.local/lib/python3.8/site-packages/airflow/example_dags/example_sla_dag.py
[2026-04-09T09:47:00.127+0000] {logging_mixin.py:188} INFO - [2026-04-09T09:47:00.127+0000] {dag.py:3033} INFO - Sync 1 DAGs
[2026-04-09T09:47:00.182+0000] {logging_mixin.py:188} INFO - [2026-04-09T09:47:00.182+0000] {dag.py:3820} INFO - Setting next_dagrun for example_sla_dag to 2026-04-09T09:44:00+00:00, run_after=2026-04-09T09:46:00+00:00
[2026-04-09T09:47:00.223+0000] {processor.py:183} INFO - Processing /home/airflow/.local/lib/python3.8/site-packages/airflow/example_dags/example_sla_dag.py took 0.206 seconds
[2026-04-09T09:47:31.119+0000] {processor.py:161} INFO - Started process (PID=12384) to work on /home/airflow/.local/lib/python3.8/site-packages/airflow/example_dags/example_sla_dag.py
[2026-04-09T09:47:31.120+0000] {processor.py:830} INFO - Processing file /home/airflow/.local/lib/python3.8/site-packages/airflow/example_dags/example_sla_dag.py for tasks to queue
[2026-04-09T09:47:31.123+0000] {logging_mixin.py:188} INFO - [2026-04-09T09:47:31.122+0000] {dagbag.py:538} INFO - Filling up the DagBag from /home/airflow/.local/lib/python3.8/site-packages/airflow/example_dags/example_sla_dag.py
[2026-04-09T09:47:31.132+0000] {processor.py:840} INFO - DAG(s) 'example_sla_dag' retrieved from /home/airflow/.local/lib/python3.8/site-packages/airflow/example_dags/example_sla_dag.py
[2026-04-09T09:47:31.154+0000] {logging_mixin.py:188} INFO - [2026-04-09T09:47:31.154+0000] {dag.py:3033} INFO - Sync 1 DAGs
[2026-04-09T09:47:31.183+0000] {logging_mixin.py:188} INFO - [2026-04-09T09:47:31.182+0000] {dag.py:3820} INFO - Setting next_dagrun for example_sla_dag to 2026-04-09T09:44:00+00:00, run_after=2026-04-09T09:46:00+00:00
[2026-04-09T09:47:31.200+0000] {processor.py:183} INFO - Processing /home/airflow/.local/lib/python3.8/site-packages/airflow/example_dags/example_sla_dag.py took 0.085 seconds
[2026-04-09T09:48:01.833+0000] {processor.py:161} INFO - Started process (PID=12445) to work on /home/airflow/.local/lib/python3.8/site-packages/airflow/example_dags/example_sla_dag.py
[2026-04-09T09:48:01.838+0000] {processor.py:830} INFO - Processing file /home/airflow/.local/lib/python3.8/site-packages/airflow/example_dags/example_sla_dag.py for tasks to queue
[2026-04-09T09:48:01.844+0000] {logging_mixin.py:188} INFO - [2026-04-09T09:48:01.844+0000] {dagbag.py:538} INFO - Filling up the DagBag from /home/airflow/.local/lib/python3.8/site-packages/airflow/example_dags/example_sla_dag.py
[2026-04-09T09:48:01.862+0000] {processor.py:840} INFO - DAG(s) 'example_sla_dag' retrieved from /home/airflow/.local/lib/python3.8/site-packages/airflow/example_dags/example_sla_dag.py
[2026-04-09T09:48:01.915+0000] {logging_mixin.py:188} INFO - [2026-04-09T09:48:01.915+0000] {dag.py:3033} INFO - Sync 1 DAGs
[2026-04-09T09:48:01.961+0000] {logging_mixin.py:188} INFO - [2026-04-09T09:48:01.961+0000] {dag.py:3820} INFO - Setting next_dagrun for example_sla_dag to 2026-04-09T09:46:00+00:00, run_after=2026-04-09T09:48:00+00:00
[2026-04-09T09:48:01.993+0000] {processor.py:183} INFO - Processing /home/airflow/.local/lib/python3.8/site-packages/airflow/example_dags/example_sla_dag.py took 0.173 seconds
[2026-04-09T09:48:32.367+0000] {processor.py:161} INFO - Started process (PID=12506) to work on /home/airflow/.local/lib/python3.8/site-packages/airflow/example_dags/example_sla_dag.py
[2026-04-09T09:48:32.368+0000] {processor.py:830} INFO - Processing file /home/airflow/.local/lib/python3.8/site-packages/airflow/example_dags/example_sla_dag.py for tasks to queue
[2026-04-09T09:48:32.371+0000] {logging_mixin.py:188} INFO - [2026-04-09T09:48:32.371+0000] {dagbag.py:538} INFO - Filling up the DagBag from /home/airflow/.local/lib/python3.8/site-packages/airflow/example_dags/example_sla_dag.py
[2026-04-09T09:48:32.381+0000] {processor.py:840} INFO - DAG(s) 'example_sla_dag' retrieved from /home/airflow/.local/lib/python3.8/site-packages/airflow/example_dags/example_sla_dag.py
[2026-04-09T09:48:32.401+0000] {logging_mixin.py:188} INFO - [2026-04-09T09:48:32.401+0000] {dag.py:3033} INFO - Sync 1 DAGs
[2026-04-09T09:48:32.429+0000] {logging_mixin.py:188} INFO - [2026-04-09T09:48:32.429+0000] {dag.py:3820} INFO - Setting next_dagrun for example_sla_dag to 2026-04-09T09:46:00+00:00, run_after=2026-04-09T09:48:00+00:00
[2026-04-09T09:48:32.446+0000] {processor.py:183} INFO - Processing /home/airflow/.local/lib/python3.8/site-packages/airflow/example_dags/example_sla_dag.py took 0.084 seconds
[2026-04-09T09:49:02.893+0000] {processor.py:161} INFO - Started process (PID=12567) to work on /home/airflow/.local/lib/python3.8/site-packages/airflow/example_dags/example_sla_dag.py
[2026-04-09T09:49:02.896+0000] {processor.py:830} INFO - Processing file /home/airflow/.local/lib/python3.8/site-packages/airflow/example_dags/example_sla_dag.py for tasks to queue
[2026-04-09T09:49:02.898+0000] {logging_mixin.py:188} INFO - [2026-04-09T09:49:02.898+0000] {dagbag.py:538} INFO - Filling up the DagBag from /home/airflow/.local/lib/python3.8/site-packages/airflow/example_dags/example_sla_dag.py
[2026-04-09T09:49:02.908+0000] {processor.py:840} INFO - DAG(s) 'example_sla_dag' retrieved from /home/airflow/.local/lib/python3.8/site-packages/airflow/example_dags/example_sla_dag.py
[2026-04-09T09:49:02.930+0000] {logging_mixin.py:188} INFO - [2026-04-09T09:49:02.929+0000] {dag.py:3033} INFO - Sync 1 DAGs
[2026-04-09T09:49:02.959+0000] {logging_mixin.py:188} INFO - [2026-04-09T09:49:02.959+0000] {dag.py:3820} INFO - Setting next_dagrun for example_sla_dag to 2026-04-09T09:46:00+00:00, run_after=2026-04-09T09:48:00+00:00
[2026-04-09T09:49:02.977+0000] {processor.py:183} INFO - Processing /home/airflow/.local/lib/python3.8/site-packages/airflow/example_dags/example_sla_dag.py took 0.093 seconds
[2026-04-09T09:49:33.055+0000] {processor.py:161} INFO - Started process (PID=12628) to work on /home/airflow/.local/lib/python3.8/site-packages/airflow/example_dags/example_sla_dag.py
[2026-04-09T09:49:33.066+0000] {processor.py:830} INFO - Processing file /home/airflow/.local/lib/python3.8/site-packages/airflow/example_dags/example_sla_dag.py for tasks to queue
[2026-04-09T09:49:33.073+0000] {logging_mixin.py:188} INFO - [2026-04-09T09:49:33.073+0000] {dagbag.py:538} INFO - Filling up the DagBag from /home/airflow/.local/lib/python3.8/site-packages/airflow/example_dags/example_sla_dag.py
[2026-04-09T09:49:33.095+0000] {processor.py:840} INFO - DAG(s) 'example_sla_dag' retrieved from /home/airflow/.local/lib/python3.8/site-packages/airflow/example_dags/example_sla_dag.py
[2026-04-09T09:49:33.151+0000] {logging_mixin.py:188} INFO - [2026-04-09T09:49:33.151+0000] {dag.py:3033} INFO - Sync 1 DAGs
[2026-04-09T09:49:33.234+0000] {logging_mixin.py:188} INFO - [2026-04-09T09:49:33.234+0000] {dag.py:3820} INFO - Setting next_dagrun for example_sla_dag to 2026-04-09T09:46:00+00:00, run_after=2026-04-09T09:48:00+00:00
[2026-04-09T09:49:33.285+0000] {processor.py:183} INFO - Processing /home/airflow/.local/lib/python3.8/site-packages/airflow/example_dags/example_sla_dag.py took 0.243 seconds
[2026-04-09T09:50:03.629+0000] {processor.py:161} INFO - Started process (PID=12689) to work on /home/airflow/.local/lib/python3.8/site-packages/airflow/example_dags/example_sla_dag.py
[2026-04-09T09:50:03.629+0000] {processor.py:830} INFO - Processing file /home/airflow/.local/lib/python3.8/site-packages/airflow/example_dags/example_sla_dag.py for tasks to queue
[2026-04-09T09:50:03.632+0000] {logging_mixin.py:188} INFO - [2026-04-09T09:50:03.631+0000] {dagbag.py:538} INFO - Filling up the DagBag from /home/airflow/.local/lib/python3.8/site-packages/airflow/example_dags/example_sla_dag.py
[2026-04-09T09:50:03.641+0000] {processor.py:840} INFO - DAG(s) 'example_sla_dag' retrieved from /home/airflow/.local/lib/python3.8/site-packages/airflow/example_dags/example_sla_dag.py
[2026-04-09T09:50:03.662+0000] {logging_mixin.py:188} INFO - [2026-04-09T09:50:03.662+0000] {dag.py:3033} INFO - Sync 1 DAGs
[2026-04-09T09:50:03.701+0000] {logging_mixin.py:188} INFO - [2026-04-09T09:50:03.700+0000] {dag.py:3820} INFO - Setting next_dagrun for example_sla_dag to 2026-04-09T09:48:00+00:00, run_after=2026-04-09T09:50:00+00:00
[2026-04-09T09:50:03.760+0000] {processor.py:183} INFO - Processing /home/airflow/.local/lib/python3.8/site-packages/airflow/example_dags/example_sla_dag.py took 0.135 seconds
[2026-04-09T09:50:34.376+0000] {processor.py:161} INFO - Started process (PID=12750) to work on /home/airflow/.local/lib/python3.8/site-packages/airflow/example_dags/example_sla_dag.py
[2026-04-09T09:50:34.377+0000] {processor.py:830} INFO - Processing file /home/airflow/.local/lib/python3.8/site-packages/airflow/example_dags/example_sla_dag.py for tasks to queue
[2026-04-09T09:50:34.379+0000] {logging_mixin.py:188} INFO - [2026-04-09T09:50:34.379+0000] {dagbag.py:538} INFO - Filling up the DagBag from /home/airflow/.local/lib/python3.8/site-packages/airflow/example_dags/example_sla_dag.py
[2026-04-09T09:50:34.389+0000] {processor.py:840} INFO - DAG(s) 'example_sla_dag' retrieved from /home/airflow/.local/lib/python3.8/site-packages/airflow/example_dags/example_sla_dag.py
[2026-04-09T09:50:34.409+0000] {logging_mixin.py:188} INFO - [2026-04-09T09:50:34.409+0000] {dag.py:3033} INFO - Sync 1 DAGs
[2026-04-09T09:50:34.437+0000] {logging_mixin.py:188} INFO - [2026-04-09T09:50:34.437+0000] {dag.py:3820} INFO - Setting next_dagrun for example_sla_dag to 2026-04-09T09:48:00+00:00, run_after=2026-04-09T09:50:00+00:00
[2026-04-09T09:50:34.455+0000] {processor.py:183} INFO - Processing /home/airflow/.local/lib/python3.8/site-packages/airflow/example_dags/example_sla_dag.py took 0.089 seconds
[2026-04-09T09:51:04.512+0000] {processor.py:161} INFO - Started process (PID=12811) to work on /home/airflow/.local/lib/python3.8/site-packages/airflow/example_dags/example_sla_dag.py
[2026-04-09T09:51:04.513+0000] {processor.py:830} INFO - Processing file /home/airflow/.local/lib/python3.8/site-packages/airflow/example_dags/example_sla_dag.py for tasks to queue
[2026-04-09T09:51:04.515+0000] {logging_mixin.py:188} INFO - [2026-04-09T09:51:04.515+0000] {dagbag.py:538} INFO - Filling up the DagBag from /home/airflow/.local/lib/python3.8/site-packages/airflow/example_dags/example_sla_dag.py
[2026-04-09T09:51:04.524+0000] {processor.py:840} INFO - DAG(s) 'example_sla_dag' retrieved from /home/airflow/.local/lib/python3.8/site-packages/airflow/example_dags/example_sla_dag.py
[2026-04-09T09:51:04.545+0000] {logging_mixin.py:188} INFO - [2026-04-09T09:51:04.545+0000] {dag.py:3033} INFO - Sync 1 DAGs
[2026-04-09T09:51:04.787+0000] {logging_mixin.py:188} INFO - [2026-04-09T09:51:04.787+0000] {dag.py:3820} INFO - Setting next_dagrun for example_sla_dag to 2026-04-09T09:48:00+00:00, run_after=2026-04-09T09:50:00+00:00
[2026-04-09T09:51:04.835+0000] {processor.py:183} INFO - Processing /home/airflow/.local/lib/python3.8/site-packages/airflow/example_dags/example_sla_dag.py took 0.327 seconds
[2026-04-09T09:51:35.573+0000] {processor.py:161} INFO - Started process (PID=12872) to work on /home/airflow/.local/lib/python3.8/site-packages/airflow/example_dags/example_sla_dag.py
[2026-04-09T09:51:35.574+0000] {processor.py:830} INFO - Processing file /home/airflow/.local/lib/python3.8/site-packages/airflow/example_dags/example_sla_dag.py for tasks to queue
[2026-04-09T09:51:35.576+0000] {logging_mixin.py:188} INFO - [2026-04-09T09:51:35.576+0000] {dagbag.py:538} INFO - Filling up the DagBag from /home/airflow/.local/lib/python3.8/site-packages/airflow/example_dags/example_sla_dag.py
[2026-04-09T09:51:35.586+0000] {processor.py:840} INFO - DAG(s) 'example_sla_dag' retrieved from /home/airflow/.local/lib/python3.8/site-packages/airflow/example_dags/example_sla_dag.py
[2026-04-09T09:51:35.608+0000] {logging_mixin.py:188} INFO - [2026-04-09T09:51:35.608+0000] {dag.py:3033} INFO - Sync 1 DAGs
[2026-04-09T09:51:35.636+0000] {logging_mixin.py:188} INFO - [2026-04-09T09:51:35.636+0000] {dag.py:3820} INFO - Setting next_dagrun for example_sla_dag to 2026-04-09T09:48:00+00:00, run_after=2026-04-09T09:50:00+00:00
[2026-04-09T09:51:35.653+0000] {processor.py:183} INFO - Processing /home/airflow/.local/lib/python3.8/site-packages/airflow/example_dags/example_sla_dag.py took 0.083 seconds
[2026-04-09T10:26:27.607+0000] {processor.py:161} INFO - Started process (PID=102) to work on /home/airflow/.local/lib/python3.8/site-packages/airflow/example_dags/example_sla_dag.py
[2026-04-09T10:26:27.611+0000] {processor.py:830} INFO - Processing file /home/airflow/.local/lib/python3.8/site-packages/airflow/example_dags/example_sla_dag.py for tasks to queue
[2026-04-09T10:26:27.618+0000] {logging_mixin.py:188} INFO - [2026-04-09T10:26:27.618+0000] {dagbag.py:538} INFO - Filling up the DagBag from /home/airflow/.local/lib/python3.8/site-packages/airflow/example_dags/example_sla_dag.py
[2026-04-09T10:26:27.640+0000] {processor.py:840} INFO - DAG(s) 'example_sla_dag' retrieved from /home/airflow/.local/lib/python3.8/site-packages/airflow/example_dags/example_sla_dag.py
[2026-04-09T10:26:27.703+0000] {logging_mixin.py:188} INFO - [2026-04-09T10:26:27.702+0000] {dag.py:3033} INFO - Sync 1 DAGs
[2026-04-09T10:26:27.755+0000] {logging_mixin.py:188} INFO - [2026-04-09T10:26:27.755+0000] {dag.py:3820} INFO - Setting next_dagrun for example_sla_dag to 2026-04-09T10:24:00+00:00, run_after=2026-04-09T10:26:00+00:00
[2026-04-09T10:26:27.793+0000] {processor.py:183} INFO - Processing /home/airflow/.local/lib/python3.8/site-packages/airflow/example_dags/example_sla_dag.py took 0.198 seconds
[2026-04-09T10:26:58.408+0000] {processor.py:161} INFO - Started process (PID=163) to work on /home/airflow/.local/lib/python3.8/site-packages/airflow/example_dags/example_sla_dag.py
[2026-04-09T10:26:58.409+0000] {processor.py:830} INFO - Processing file /home/airflow/.local/lib/python3.8/site-packages/airflow/example_dags/example_sla_dag.py for tasks to queue
[2026-04-09T10:26:58.411+0000] {logging_mixin.py:188} INFO - [2026-04-09T10:26:58.410+0000] {dagbag.py:538} INFO - Filling up the DagBag from /home/airflow/.local/lib/python3.8/site-packages/airflow/example_dags/example_sla_dag.py
[2026-04-09T10:26:58.419+0000] {processor.py:840} INFO - DAG(s) 'example_sla_dag' retrieved from /home/airflow/.local/lib/python3.8/site-packages/airflow/example_dags/example_sla_dag.py
[2026-04-09T10:26:58.439+0000] {logging_mixin.py:188} INFO - [2026-04-09T10:26:58.439+0000] {dag.py:3033} INFO - Sync 1 DAGs
[2026-04-09T10:26:58.467+0000] {logging_mixin.py:188} INFO - [2026-04-09T10:26:58.467+0000] {dag.py:3820} INFO - Setting next_dagrun for example_sla_dag to 2026-04-09T10:24:00+00:00, run_after=2026-04-09T10:26:00+00:00
[2026-04-09T10:26:58.513+0000] {processor.py:183} INFO - Processing /home/airflow/.local/lib/python3.8/site-packages/airflow/example_dags/example_sla_dag.py took 0.109 seconds
[2026-04-09T10:27:29.060+0000] {processor.py:161} INFO - Started process (PID=223) to work on /home/airflow/.local/lib/python3.8/site-packages/airflow/example_dags/example_sla_dag.py
[2026-04-09T10:27:29.060+0000] {processor.py:830} INFO - Processing file /home/airflow/.local/lib/python3.8/site-packages/airflow/example_dags/example_sla_dag.py for tasks to queue
[2026-04-09T10:27:29.065+0000] {logging_mixin.py:188} INFO - [2026-04-09T10:27:29.064+0000] {dagbag.py:538} INFO - Filling up the DagBag from /home/airflow/.local/lib/python3.8/site-packages/airflow/example_dags/example_sla_dag.py
[2026-04-09T10:27:29.083+0000] {processor.py:840} INFO - DAG(s) 'example_sla_dag' retrieved from /home/airflow/.local/lib/python3.8/site-packages/airflow/example_dags/example_sla_dag.py
[2026-04-09T10:27:29.302+0000] {logging_mixin.py:188} INFO - [2026-04-09T10:27:29.299+0000] {dag.py:3033} INFO - Sync 1 DAGs
[2026-04-09T10:27:29.337+0000] {logging_mixin.py:188} INFO - [2026-04-09T10:27:29.336+0000] {dag.py:3820} INFO - Setting next_dagrun for example_sla_dag to 2026-04-09T10:24:00+00:00, run_after=2026-04-09T10:26:00+00:00
[2026-04-09T10:27:29.353+0000] {processor.py:183} INFO - Processing /home/airflow/.local/lib/python3.8/site-packages/airflow/example_dags/example_sla_dag.py took 0.304 seconds
[2026-04-09T10:28:00.086+0000] {processor.py:161} INFO - Started process (PID=284) to work on /home/airflow/.local/lib/python3.8/site-packages/airflow/example_dags/example_sla_dag.py
[2026-04-09T10:28:00.087+0000] {processor.py:830} INFO - Processing file /home/airflow/.local/lib/python3.8/site-packages/airflow/example_dags/example_sla_dag.py for tasks to queue
[2026-04-09T10:28:00.089+0000] {logging_mixin.py:188} INFO - [2026-04-09T10:28:00.089+0000] {dagbag.py:538} INFO - Filling up the DagBag from /home/airflow/.local/lib/python3.8/site-packages/airflow/example_dags/example_sla_dag.py
[2026-04-09T10:28:00.099+0000] {processor.py:840} INFO - DAG(s) 'example_sla_dag' retrieved from /home/airflow/.local/lib/python3.8/site-packages/airflow/example_dags/example_sla_dag.py
[2026-04-09T10:28:00.119+0000] {logging_mixin.py:188} INFO - [2026-04-09T10:28:00.119+0000] {dag.py:3033} INFO - Sync 1 DAGs
[2026-04-09T10:28:00.147+0000] {logging_mixin.py:188} INFO - [2026-04-09T10:28:00.147+0000] {dag.py:3820} INFO - Setting next_dagrun for example_sla_dag to 2026-04-09T10:26:00+00:00, run_after=2026-04-09T10:28:00+00:00
[2026-04-09T10:28:00.164+0000] {processor.py:183} INFO - Processing /home/airflow/.local/lib/python3.8/site-packages/airflow/example_dags/example_sla_dag.py took 0.081 seconds
[2026-04-09T10:28:31.303+0000] {processor.py:161} INFO - Started process (PID=344) to work on /home/airflow/.local/lib/python3.8/site-packages/airflow/example_dags/example_sla_dag.py
[2026-04-09T10:28:31.304+0000] {processor.py:830} INFO - Processing file /home/airflow/.local/lib/python3.8/site-packages/airflow/example_dags/example_sla_dag.py for tasks to queue
[2026-04-09T10:28:31.308+0000] {logging_mixin.py:188} INFO - [2026-04-09T10:28:31.308+0000] {dagbag.py:538} INFO - Filling up the DagBag from /home/airflow/.local/lib/python3.8/site-packages/airflow/example_dags/example_sla_dag.py
[2026-04-09T10:28:31.329+0000] {processor.py:840} INFO - DAG(s) 'example_sla_dag' retrieved from /home/airflow/.local/lib/python3.8/site-packages/airflow/example_dags/example_sla_dag.py
[2026-04-09T10:28:31.435+0000] {logging_mixin.py:188} INFO - [2026-04-09T10:28:31.435+0000] {dag.py:3033} INFO - Sync 1 DAGs
[2026-04-09T10:28:31.463+0000] {logging_mixin.py:188} INFO - [2026-04-09T10:28:31.463+0000] {dag.py:3820} INFO - Setting next_dagrun for example_sla_dag to 2026-04-09T10:26:00+00:00, run_after=2026-04-09T10:28:00+00:00
[2026-04-09T10:28:31.486+0000] {processor.py:183} INFO - Processing /home/airflow/.local/lib/python3.8/site-packages/airflow/example_dags/example_sla_dag.py took 0.190 seconds
[2026-04-09T10:29:01.643+0000] {processor.py:161} INFO - Started process (PID=405) to work on /home/airflow/.local/lib/python3.8/site-packages/airflow/example_dags/example_sla_dag.py
[2026-04-09T10:29:01.644+0000] {processor.py:830} INFO - Processing file /home/airflow/.local/lib/python3.8/site-packages/airflow/example_dags/example_sla_dag.py for tasks to queue
[2026-04-09T10:29:01.646+0000] {logging_mixin.py:188} INFO - [2026-04-09T10:29:01.646+0000] {dagbag.py:538} INFO - Filling up the DagBag from /home/airflow/.local/lib/python3.8/site-packages/airflow/example_dags/example_sla_dag.py
[2026-04-09T10:29:01.656+0000] {processor.py:840} INFO - DAG(s) 'example_sla_dag' retrieved from /home/airflow/.local/lib/python3.8/site-packages/airflow/example_dags/example_sla_dag.py
[2026-04-09T10:29:01.677+0000] {logging_mixin.py:188} INFO - [2026-04-09T10:29:01.677+0000] {dag.py:3033} INFO - Sync 1 DAGs
[2026-04-09T10:29:01.705+0000] {logging_mixin.py:188} INFO - [2026-04-09T10:29:01.705+0000] {dag.py:3820} INFO - Setting next_dagrun for example_sla_dag to 2026-04-09T10:26:00+00:00, run_after=2026-04-09T10:28:00+00:00
[2026-04-09T10:29:01.722+0000] {processor.py:183} INFO - Processing /home/airflow/.local/lib/python3.8/site-packages/airflow/example_dags/example_sla_dag.py took 0.086 seconds
[2026-04-09T10:29:31.951+0000] {processor.py:161} INFO - Started process (PID=466) to work on /home/airflow/.local/lib/python3.8/site-packages/airflow/example_dags/example_sla_dag.py
[2026-04-09T10:29:31.951+0000] {processor.py:830} INFO - Processing file /home/airflow/.local/lib/python3.8/site-packages/airflow/example_dags/example_sla_dag.py for tasks to queue
[2026-04-09T10:29:31.953+0000] {logging_mixin.py:188} INFO - [2026-04-09T10:29:31.953+0000] {dagbag.py:538} INFO - Filling up the DagBag from /home/airflow/.local/lib/python3.8/site-packages/airflow/example_dags/example_sla_dag.py
[2026-04-09T10:29:31.959+0000] {processor.py:840} INFO - DAG(s) 'example_sla_dag' retrieved from /home/airflow/.local/lib/python3.8/site-packages/airflow/example_dags/example_sla_dag.py
[2026-04-09T10:29:31.973+0000] {logging_mixin.py:188} INFO - [2026-04-09T10:29:31.973+0000] {dag.py:3033} INFO - Sync 1 DAGs
[2026-04-09T10:29:31.991+0000] {logging_mixin.py:188} INFO - [2026-04-09T10:29:31.991+0000] {dag.py:3820} INFO - Setting next_dagrun for example_sla_dag to 2026-04-09T10:26:00+00:00, run_after=2026-04-09T10:28:00+00:00
[2026-04-09T10:29:32.004+0000] {processor.py:183} INFO - Processing /home/airflow/.local/lib/python3.8/site-packages/airflow/example_dags/example_sla_dag.py took 0.055 seconds
[2026-04-09T10:30:02.306+0000] {processor.py:161} INFO - Started process (PID=527) to work on /home/airflow/.local/lib/python3.8/site-packages/airflow/example_dags/example_sla_dag.py
[2026-04-09T10:30:02.307+0000] {processor.py:830} INFO - Processing file /home/airflow/.local/lib/python3.8/site-packages/airflow/example_dags/example_sla_dag.py for tasks to queue
[2026-04-09T10:30:02.309+0000] {logging_mixin.py:188} INFO - [2026-04-09T10:30:02.309+0000] {dagbag.py:538} INFO - Filling up the DagBag from /home/airflow/.local/lib/python3.8/site-packages/airflow/example_dags/example_sla_dag.py
[2026-04-09T10:30:02.321+0000] {processor.py:840} INFO - DAG(s) 'example_sla_dag' retrieved from /home/airflow/.local/lib/python3.8/site-packages/airflow/example_dags/example_sla_dag.py
[2026-04-09T10:30:02.342+0000] {logging_mixin.py:188} INFO - [2026-04-09T10:30:02.341+0000] {dag.py:3033} INFO - Sync 1 DAGs
[2026-04-09T10:30:02.383+0000] {logging_mixin.py:188} INFO - [2026-04-09T10:30:02.383+0000] {dag.py:3820} INFO - Setting next_dagrun for example_sla_dag to 2026-04-09T10:28:00+00:00, run_after=2026-04-09T10:30:00+00:00
[2026-04-09T10:30:02.405+0000] {processor.py:183} INFO - Processing /home/airflow/.local/lib/python3.8/site-packages/airflow/example_dags/example_sla_dag.py took 0.103 seconds
[2026-04-09T10:30:32.764+0000] {processor.py:161} INFO - Started process (PID=588) to work on /home/airflow/.local/lib/python3.8/site-packages/airflow/example_dags/example_sla_dag.py
[2026-04-09T10:30:32.764+0000] {processor.py:830} INFO - Processing file /home/airflow/.local/lib/python3.8/site-packages/airflow/example_dags/example_sla_dag.py for tasks to queue
[2026-04-09T10:30:32.767+0000] {logging_mixin.py:188} INFO - [2026-04-09T10:30:32.766+0000] {dagbag.py:538} INFO - Filling up the DagBag from /home/airflow/.local/lib/python3.8/site-packages/airflow/example_dags/example_sla_dag.py
[2026-04-09T10:30:32.780+0000] {processor.py:840} INFO - DAG(s) 'example_sla_dag' retrieved from /home/airflow/.local/lib/python3.8/site-packages/airflow/example_dags/example_sla_dag.py
[2026-04-09T10:30:32.806+0000] {logging_mixin.py:188} INFO - [2026-04-09T10:30:32.806+0000] {dag.py:3033} INFO - Sync 1 DAGs
[2026-04-09T10:30:32.833+0000] {logging_mixin.py:188} INFO - [2026-04-09T10:30:32.833+0000] {dag.py:3820} INFO - Setting next_dagrun for example_sla_dag to 2026-04-09T10:28:00+00:00, run_after=2026-04-09T10:30:00+00:00
[2026-04-09T10:30:32.848+0000] {processor.py:183} INFO - Processing /home/airflow/.local/lib/python3.8/site-packages/airflow/example_dags/example_sla_dag.py took 0.088 seconds
[2026-04-09T10:31:03.413+0000] {processor.py:161} INFO - Started process (PID=649) to work on /home/airflow/.local/lib/python3.8/site-packages/airflow/example_dags/example_sla_dag.py
[2026-04-09T10:31:03.414+0000] {processor.py:830} INFO - Processing file /home/airflow/.local/lib/python3.8/site-packages/airflow/example_dags/example_sla_dag.py for tasks to queue
[2026-04-09T10:31:03.416+0000] {logging_mixin.py:188} INFO - [2026-04-09T10:31:03.416+0000] {dagbag.py:538} INFO - Filling up the DagBag from /home/airflow/.local/lib/python3.8/site-packages/airflow/example_dags/example_sla_dag.py
[2026-04-09T10:31:03.424+0000] {processor.py:840} INFO - DAG(s) 'example_sla_dag' retrieved from /home/airflow/.local/lib/python3.8/site-packages/airflow/example_dags/example_sla_dag.py
[2026-04-09T10:31:03.443+0000] {logging_mixin.py:188} INFO - [2026-04-09T10:31:03.443+0000] {dag.py:3033} INFO - Sync 1 DAGs
[2026-04-09T10:31:03.475+0000] {logging_mixin.py:188} INFO - [2026-04-09T10:31:03.475+0000] {dag.py:3820} INFO - Setting next_dagrun for example_sla_dag to 2026-04-09T10:28:00+00:00, run_after=2026-04-09T10:30:00+00:00
[2026-04-09T10:31:03.497+0000] {processor.py:183} INFO - Processing /home/airflow/.local/lib/python3.8/site-packages/airflow/example_dags/example_sla_dag.py took 0.088 seconds
[2026-04-09T10:31:33.711+0000] {processor.py:161} INFO - Started process (PID=710) to work on /home/airflow/.local/lib/python3.8/site-packages/airflow/example_dags/example_sla_dag.py
[2026-04-09T10:31:33.712+0000] {processor.py:830} INFO - Processing file /home/airflow/.local/lib/python3.8/site-packages/airflow/example_dags/example_sla_dag.py for tasks to queue
[2026-04-09T10:31:33.714+0000] {logging_mixin.py:188} INFO - [2026-04-09T10:31:33.714+0000] {dagbag.py:538} INFO - Filling up the DagBag from /home/airflow/.local/lib/python3.8/site-packages/airflow/example_dags/example_sla_dag.py
[2026-04-09T10:31:33.723+0000] {processor.py:840} INFO - DAG(s) 'example_sla_dag' retrieved from /home/airflow/.local/lib/python3.8/site-packages/airflow/example_dags/example_sla_dag.py
[2026-04-09T10:31:33.748+0000] {logging_mixin.py:188} INFO - [2026-04-09T10:31:33.747+0000] {dag.py:3033} INFO - Sync 1 DAGs
[2026-04-09T10:31:33.786+0000] {logging_mixin.py:188} INFO - [2026-04-09T10:31:33.786+0000] {dag.py:3820} INFO - Setting next_dagrun for example_sla_dag to 2026-04-09T10:28:00+00:00, run_after=2026-04-09T10:30:00+00:00
[2026-04-09T10:31:33.802+0000] {processor.py:183} INFO - Processing /home/airflow/.local/lib/python3.8/site-packages/airflow/example_dags/example_sla_dag.py took 0.094 seconds
[2026-04-09T10:32:04.692+0000] {processor.py:161} INFO - Started process (PID=771) to work on /home/airflow/.local/lib/python3.8/site-packages/airflow/example_dags/example_sla_dag.py
[2026-04-09T10:32:04.693+0000] {processor.py:830} INFO - Processing file /home/airflow/.local/lib/python3.8/site-packages/airflow/example_dags/example_sla_dag.py for tasks to queue
[2026-04-09T10:32:04.695+0000] {logging_mixin.py:188} INFO - [2026-04-09T10:32:04.695+0000] {dagbag.py:538} INFO - Filling up the DagBag from /home/airflow/.local/lib/python3.8/site-packages/airflow/example_dags/example_sla_dag.py
[2026-04-09T10:32:04.704+0000] {processor.py:840} INFO - DAG(s) 'example_sla_dag' retrieved from /home/airflow/.local/lib/python3.8/site-packages/airflow/example_dags/example_sla_dag.py
[2026-04-09T10:32:04.724+0000] {logging_mixin.py:188} INFO - [2026-04-09T10:32:04.724+0000] {dag.py:3033} INFO - Sync 1 DAGs
[2026-04-09T10:32:04.751+0000] {logging_mixin.py:188} INFO - [2026-04-09T10:32:04.750+0000] {dag.py:3820} INFO - Setting next_dagrun for example_sla_dag to 2026-04-09T10:30:00+00:00, run_after=2026-04-09T10:32:00+00:00
[2026-04-09T10:32:04.768+0000] {processor.py:183} INFO - Processing /home/airflow/.local/lib/python3.8/site-packages/airflow/example_dags/example_sla_dag.py took 0.079 seconds
[2026-04-09T10:32:35.023+0000] {processor.py:161} INFO - Started process (PID=832) to work on /home/airflow/.local/lib/python3.8/site-packages/airflow/example_dags/example_sla_dag.py
[2026-04-09T10:32:35.024+0000] {processor.py:830} INFO - Processing file /home/airflow/.local/lib/python3.8/site-packages/airflow/example_dags/example_sla_dag.py for tasks to queue
[2026-04-09T10:32:35.026+0000] {logging_mixin.py:188} INFO - [2026-04-09T10:32:35.026+0000] {dagbag.py:538} INFO - Filling up the DagBag from /home/airflow/.local/lib/python3.8/site-packages/airflow/example_dags/example_sla_dag.py
[2026-04-09T10:32:35.035+0000] {processor.py:840} INFO - DAG(s) 'example_sla_dag' retrieved from /home/airflow/.local/lib/python3.8/site-packages/airflow/example_dags/example_sla_dag.py
[2026-04-09T10:32:35.056+0000] {logging_mixin.py:188} INFO - [2026-04-09T10:32:35.056+0000] {dag.py:3033} INFO - Sync 1 DAGs
[2026-04-09T10:32:35.083+0000] {logging_mixin.py:188} INFO - [2026-04-09T10:32:35.083+0000] {dag.py:3820} INFO - Setting next_dagrun for example_sla_dag to 2026-04-09T10:30:00+00:00, run_after=2026-04-09T10:32:00+00:00
[2026-04-09T10:32:35.103+0000] {processor.py:183} INFO - Processing /home/airflow/.local/lib/python3.8/site-packages/airflow/example_dags/example_sla_dag.py took 0.083 seconds
[2026-04-09T10:33:05.567+0000] {processor.py:161} INFO - Started process (PID=893) to work on /home/airflow/.local/lib/python3.8/site-packages/airflow/example_dags/example_sla_dag.py
[2026-04-09T10:33:05.568+0000] {processor.py:830} INFO - Processing file /home/airflow/.local/lib/python3.8/site-packages/airflow/example_dags/example_sla_dag.py for tasks to queue
[2026-04-09T10:33:05.570+0000] {logging_mixin.py:188} INFO - [2026-04-09T10:33:05.569+0000] {dagbag.py:538} INFO - Filling up the DagBag from /home/airflow/.local/lib/python3.8/site-packages/airflow/example_dags/example_sla_dag.py
[2026-04-09T10:33:05.579+0000] {processor.py:840} INFO - DAG(s) 'example_sla_dag' retrieved from /home/airflow/.local/lib/python3.8/site-packages/airflow/example_dags/example_sla_dag.py
[2026-04-09T10:33:05.599+0000] {logging_mixin.py:188} INFO - [2026-04-09T10:33:05.599+0000] {dag.py:3033} INFO - Sync 1 DAGs
[2026-04-09T10:33:05.627+0000] {logging_mixin.py:188} INFO - [2026-04-09T10:33:05.626+0000] {dag.py:3820} INFO - Setting next_dagrun for example_sla_dag to 2026-04-09T10:30:00+00:00, run_after=2026-04-09T10:32:00+00:00
[2026-04-09T10:33:05.643+0000] {processor.py:183} INFO - Processing /home/airflow/.local/lib/python3.8/site-packages/airflow/example_dags/example_sla_dag.py took 0.080 seconds
[2026-04-09T10:33:36.224+0000] {processor.py:161} INFO - Started process (PID=954) to work on /home/airflow/.local/lib/python3.8/site-packages/airflow/example_dags/example_sla_dag.py
[2026-04-09T10:33:36.224+0000] {processor.py:830} INFO - Processing file /home/airflow/.local/lib/python3.8/site-packages/airflow/example_dags/example_sla_dag.py for tasks to queue
[2026-04-09T10:33:36.227+0000] {logging_mixin.py:188} INFO - [2026-04-09T10:33:36.226+0000] {dagbag.py:538} INFO - Filling up the DagBag from /home/airflow/.local/lib/python3.8/site-packages/airflow/example_dags/example_sla_dag.py
[2026-04-09T10:33:36.233+0000] {processor.py:840} INFO - DAG(s) 'example_sla_dag' retrieved from /home/airflow/.local/lib/python3.8/site-packages/airflow/example_dags/example_sla_dag.py
[2026-04-09T10:33:36.254+0000] {logging_mixin.py:188} INFO - [2026-04-09T10:33:36.254+0000] {dag.py:3033} INFO - Sync 1 DAGs
[2026-04-09T10:33:36.289+0000] {logging_mixin.py:188} INFO - [2026-04-09T10:33:36.289+0000] {dag.py:3820} INFO - Setting next_dagrun for example_sla_dag to 2026-04-09T10:30:00+00:00, run_after=2026-04-09T10:32:00+00:00
[2026-04-09T10:33:36.302+0000] {processor.py:183} INFO - Processing /home/airflow/.local/lib/python3.8/site-packages/airflow/example_dags/example_sla_dag.py took 0.082 seconds
[2026-04-09T10:34:06.908+0000] {processor.py:161} INFO - Started process (PID=1015) to work on /home/airflow/.local/lib/python3.8/site-packages/airflow/example_dags/example_sla_dag.py
[2026-04-09T10:34:06.909+0000] {processor.py:830} INFO - Processing file /home/airflow/.local/lib/python3.8/site-packages/airflow/example_dags/example_sla_dag.py for tasks to queue
[2026-04-09T10:34:06.911+0000] {logging_mixin.py:188} INFO - [2026-04-09T10:34:06.910+0000] {dagbag.py:538} INFO - Filling up the DagBag from /home/airflow/.local/lib/python3.8/site-packages/airflow/example_dags/example_sla_dag.py
[2026-04-09T10:34:06.920+0000] {processor.py:840} INFO - DAG(s) 'example_sla_dag' retrieved from /home/airflow/.local/lib/python3.8/site-packages/airflow/example_dags/example_sla_dag.py
[2026-04-09T10:34:06.941+0000] {logging_mixin.py:188} INFO - [2026-04-09T10:34:06.941+0000] {dag.py:3033} INFO - Sync 1 DAGs
[2026-04-09T10:34:06.967+0000] {logging_mixin.py:188} INFO - [2026-04-09T10:34:06.967+0000] {dag.py:3820} INFO - Setting next_dagrun for example_sla_dag to 2026-04-09T10:32:00+00:00, run_after=2026-04-09T10:34:00+00:00
[2026-04-09T10:34:06.985+0000] {processor.py:183} INFO - Processing /home/airflow/.local/lib/python3.8/site-packages/airflow/example_dags/example_sla_dag.py took 0.081 seconds
[2026-04-09T10:34:39.994+0000] {processor.py:161} INFO - Started process (PID=1076) to work on /home/airflow/.local/lib/python3.8/site-packages/airflow/example_dags/example_sla_dag.py
[2026-04-09T10:34:39.998+0000] {processor.py:830} INFO - Processing file /home/airflow/.local/lib/python3.8/site-packages/airflow/example_dags/example_sla_dag.py for tasks to queue
[2026-04-09T10:34:40.006+0000] {logging_mixin.py:188} INFO - [2026-04-09T10:34:40.005+0000] {dagbag.py:538} INFO - Filling up the DagBag from /home/airflow/.local/lib/python3.8/site-packages/airflow/example_dags/example_sla_dag.py
[2026-04-09T10:34:40.037+0000] {processor.py:840} INFO - DAG(s) 'example_sla_dag' retrieved from /home/airflow/.local/lib/python3.8/site-packages/airflow/example_dags/example_sla_dag.py
[2026-04-09T10:34:40.096+0000] {logging_mixin.py:188} INFO - [2026-04-09T10:34:40.096+0000] {dag.py:3033} INFO - Sync 1 DAGs
[2026-04-09T10:34:40.156+0000] {logging_mixin.py:188} INFO - [2026-04-09T10:34:40.156+0000] {dag.py:3820} INFO - Setting next_dagrun for example_sla_dag to 2026-04-09T10:32:00+00:00, run_after=2026-04-09T10:34:00+00:00
[2026-04-09T10:34:40.235+0000] {processor.py:183} INFO - Processing /home/airflow/.local/lib/python3.8/site-packages/airflow/example_dags/example_sla_dag.py took 0.255 seconds
[2026-04-09T10:35:10.898+0000] {processor.py:161} INFO - Started process (PID=1137) to work on /home/airflow/.local/lib/python3.8/site-packages/airflow/example_dags/example_sla_dag.py
[2026-04-09T10:35:10.901+0000] {processor.py:830} INFO - Processing file /home/airflow/.local/lib/python3.8/site-packages/airflow/example_dags/example_sla_dag.py for tasks to queue
[2026-04-09T10:35:10.903+0000] {logging_mixin.py:188} INFO - [2026-04-09T10:35:10.903+0000] {dagbag.py:538} INFO - Filling up the DagBag from /home/airflow/.local/lib/python3.8/site-packages/airflow/example_dags/example_sla_dag.py
[2026-04-09T10:35:10.918+0000] {processor.py:840} INFO - DAG(s) 'example_sla_dag' retrieved from /home/airflow/.local/lib/python3.8/site-packages/airflow/example_dags/example_sla_dag.py
[2026-04-09T10:35:10.967+0000] {logging_mixin.py:188} INFO - [2026-04-09T10:35:10.966+0000] {dag.py:3033} INFO - Sync 1 DAGs
[2026-04-09T10:35:11.044+0000] {logging_mixin.py:188} INFO - [2026-04-09T10:35:11.044+0000] {dag.py:3820} INFO - Setting next_dagrun for example_sla_dag to 2026-04-09T10:32:00+00:00, run_after=2026-04-09T10:34:00+00:00
[2026-04-09T10:35:11.088+0000] {processor.py:183} INFO - Processing /home/airflow/.local/lib/python3.8/site-packages/airflow/example_dags/example_sla_dag.py took 0.194 seconds
[2026-04-09T10:35:41.239+0000] {processor.py:161} INFO - Started process (PID=1198) to work on /home/airflow/.local/lib/python3.8/site-packages/airflow/example_dags/example_sla_dag.py
[2026-04-09T10:35:41.240+0000] {processor.py:830} INFO - Processing file /home/airflow/.local/lib/python3.8/site-packages/airflow/example_dags/example_sla_dag.py for tasks to queue
[2026-04-09T10:35:41.246+0000] {logging_mixin.py:188} INFO - [2026-04-09T10:35:41.246+0000] {dagbag.py:538} INFO - Filling up the DagBag from /home/airflow/.local/lib/python3.8/site-packages/airflow/example_dags/example_sla_dag.py
[2026-04-09T10:35:41.255+0000] {processor.py:840} INFO - DAG(s) 'example_sla_dag' retrieved from /home/airflow/.local/lib/python3.8/site-packages/airflow/example_dags/example_sla_dag.py
[2026-04-09T10:35:41.286+0000] {logging_mixin.py:188} INFO - [2026-04-09T10:35:41.286+0000] {dag.py:3033} INFO - Sync 1 DAGs
[2026-04-09T10:35:41.313+0000] {logging_mixin.py:188} INFO - [2026-04-09T10:35:41.313+0000] {dag.py:3820} INFO - Setting next_dagrun for example_sla_dag to 2026-04-09T10:32:00+00:00, run_after=2026-04-09T10:34:00+00:00
[2026-04-09T10:35:41.329+0000] {processor.py:183} INFO - Processing /home/airflow/.local/lib/python3.8/site-packages/airflow/example_dags/example_sla_dag.py took 0.093 seconds
[2026-04-09T10:36:12.113+0000] {processor.py:161} INFO - Started process (PID=1259) to work on /home/airflow/.local/lib/python3.8/site-packages/airflow/example_dags/example_sla_dag.py
[2026-04-09T10:36:12.114+0000] {processor.py:830} INFO - Processing file /home/airflow/.local/lib/python3.8/site-packages/airflow/example_dags/example_sla_dag.py for tasks to queue
[2026-04-09T10:36:12.116+0000] {logging_mixin.py:188} INFO - [2026-04-09T10:36:12.116+0000] {dagbag.py:538} INFO - Filling up the DagBag from /home/airflow/.local/lib/python3.8/site-packages/airflow/example_dags/example_sla_dag.py
[2026-04-09T10:36:12.125+0000] {processor.py:840} INFO - DAG(s) 'example_sla_dag' retrieved from /home/airflow/.local/lib/python3.8/site-packages/airflow/example_dags/example_sla_dag.py
[2026-04-09T10:36:12.152+0000] {logging_mixin.py:188} INFO - [2026-04-09T10:36:12.152+0000] {dag.py:3033} INFO - Sync 1 DAGs
[2026-04-09T10:36:12.343+0000] {logging_mixin.py:188} INFO - [2026-04-09T10:36:12.343+0000] {dag.py:3820} INFO - Setting next_dagrun for example_sla_dag to 2026-04-09T10:34:00+00:00, run_after=2026-04-09T10:36:00+00:00
[2026-04-09T10:36:12.358+0000] {processor.py:183} INFO - Processing /home/airflow/.local/lib/python3.8/site-packages/airflow/example_dags/example_sla_dag.py took 0.249 seconds
[2026-04-09T10:36:43.276+0000] {processor.py:161} INFO - Started process (PID=1321) to work on /home/airflow/.local/lib/python3.8/site-packages/airflow/example_dags/example_sla_dag.py
[2026-04-09T10:36:43.277+0000] {processor.py:830} INFO - Processing file /home/airflow/.local/lib/python3.8/site-packages/airflow/example_dags/example_sla_dag.py for tasks to queue
[2026-04-09T10:36:43.279+0000] {logging_mixin.py:188} INFO - [2026-04-09T10:36:43.279+0000] {dagbag.py:538} INFO - Filling up the DagBag from /home/airflow/.local/lib/python3.8/site-packages/airflow/example_dags/example_sla_dag.py
[2026-04-09T10:36:43.288+0000] {processor.py:840} INFO - DAG(s) 'example_sla_dag' retrieved from /home/airflow/.local/lib/python3.8/site-packages/airflow/example_dags/example_sla_dag.py
[2026-04-09T10:36:43.313+0000] {logging_mixin.py:188} INFO - [2026-04-09T10:36:43.313+0000] {dag.py:3033} INFO - Sync 1 DAGs
[2026-04-09T10:36:43.340+0000] {logging_mixin.py:188} INFO - [2026-04-09T10:36:43.340+0000] {dag.py:3820} INFO - Setting next_dagrun for example_sla_dag to 2026-04-09T10:34:00+00:00, run_after=2026-04-09T10:36:00+00:00
[2026-04-09T10:36:43.361+0000] {processor.py:183} INFO - Processing /home/airflow/.local/lib/python3.8/site-packages/airflow/example_dags/example_sla_dag.py took 0.089 seconds
[2026-04-09T10:37:13.492+0000] {processor.py:161} INFO - Started process (PID=1383) to work on /home/airflow/.local/lib/python3.8/site-packages/airflow/example_dags/example_sla_dag.py
[2026-04-09T10:37:13.492+0000] {processor.py:830} INFO - Processing file /home/airflow/.local/lib/python3.8/site-packages/airflow/example_dags/example_sla_dag.py for tasks to queue
[2026-04-09T10:37:13.494+0000] {logging_mixin.py:188} INFO - [2026-04-09T10:37:13.494+0000] {dagbag.py:538} INFO - Filling up the DagBag from /home/airflow/.local/lib/python3.8/site-packages/airflow/example_dags/example_sla_dag.py
[2026-04-09T10:37:13.503+0000] {processor.py:840} INFO - DAG(s) 'example_sla_dag' retrieved from /home/airflow/.local/lib/python3.8/site-packages/airflow/example_dags/example_sla_dag.py
[2026-04-09T10:37:13.532+0000] {logging_mixin.py:188} INFO - [2026-04-09T10:37:13.532+0000] {dag.py:3033} INFO - Sync 1 DAGs
[2026-04-09T10:37:13.579+0000] {logging_mixin.py:188} INFO - [2026-04-09T10:37:13.579+0000] {dag.py:3820} INFO - Setting next_dagrun for example_sla_dag to 2026-04-09T10:34:00+00:00, run_after=2026-04-09T10:36:00+00:00
[2026-04-09T10:37:13.597+0000] {processor.py:183} INFO - Processing /home/airflow/.local/lib/python3.8/site-packages/airflow/example_dags/example_sla_dag.py took 0.109 seconds
[2026-04-09T10:37:43.766+0000] {processor.py:161} INFO - Started process (PID=1444) to work on /home/airflow/.local/lib/python3.8/site-packages/airflow/example_dags/example_sla_dag.py
[2026-04-09T10:37:43.767+0000] {processor.py:830} INFO - Processing file /home/airflow/.local/lib/python3.8/site-packages/airflow/example_dags/example_sla_dag.py for tasks to queue
[2026-04-09T10:37:43.769+0000] {logging_mixin.py:188} INFO - [2026-04-09T10:37:43.768+0000] {dagbag.py:538} INFO - Filling up the DagBag from /home/airflow/.local/lib/python3.8/site-packages/airflow/example_dags/example_sla_dag.py
[2026-04-09T10:37:43.778+0000] {processor.py:840} INFO - DAG(s) 'example_sla_dag' retrieved from /home/airflow/.local/lib/python3.8/site-packages/airflow/example_dags/example_sla_dag.py
[2026-04-09T10:37:43.798+0000] {logging_mixin.py:188} INFO - [2026-04-09T10:37:43.797+0000] {dag.py:3033} INFO - Sync 1 DAGs
[2026-04-09T10:37:43.829+0000] {logging_mixin.py:188} INFO - [2026-04-09T10:37:43.829+0000] {dag.py:3820} INFO - Setting next_dagrun for example_sla_dag to 2026-04-09T10:34:00+00:00, run_after=2026-04-09T10:36:00+00:00
[2026-04-09T10:37:43.845+0000] {processor.py:183} INFO - Processing /home/airflow/.local/lib/python3.8/site-packages/airflow/example_dags/example_sla_dag.py took 0.083 seconds
[2026-04-09T10:38:14.131+0000] {processor.py:161} INFO - Started process (PID=1505) to work on /home/airflow/.local/lib/python3.8/site-packages/airflow/example_dags/example_sla_dag.py
[2026-04-09T10:38:14.132+0000] {processor.py:830} INFO - Processing file /home/airflow/.local/lib/python3.8/site-packages/airflow/example_dags/example_sla_dag.py for tasks to queue
[2026-04-09T10:38:14.134+0000] {logging_mixin.py:188} INFO - [2026-04-09T10:38:14.134+0000] {dagbag.py:538} INFO - Filling up the DagBag from /home/airflow/.local/lib/python3.8/site-packages/airflow/example_dags/example_sla_dag.py
[2026-04-09T10:38:14.143+0000] {processor.py:840} INFO - DAG(s) 'example_sla_dag' retrieved from /home/airflow/.local/lib/python3.8/site-packages/airflow/example_dags/example_sla_dag.py
[2026-04-09T10:38:14.163+0000] {logging_mixin.py:188} INFO - [2026-04-09T10:38:14.163+0000] {dag.py:3033} INFO - Sync 1 DAGs
[2026-04-09T10:38:14.192+0000] {logging_mixin.py:188} INFO - [2026-04-09T10:38:14.192+0000] {dag.py:3820} INFO - Setting next_dagrun for example_sla_dag to 2026-04-09T10:36:00+00:00, run_after=2026-04-09T10:38:00+00:00
[2026-04-09T10:38:14.211+0000] {processor.py:183} INFO - Processing /home/airflow/.local/lib/python3.8/site-packages/airflow/example_dags/example_sla_dag.py took 0.083 seconds
[2026-04-09T10:38:44.444+0000] {processor.py:161} INFO - Started process (PID=1566) to work on /home/airflow/.local/lib/python3.8/site-packages/airflow/example_dags/example_sla_dag.py
[2026-04-09T10:38:44.445+0000] {processor.py:830} INFO - Processing file /home/airflow/.local/lib/python3.8/site-packages/airflow/example_dags/example_sla_dag.py for tasks to queue
[2026-04-09T10:38:44.447+0000] {logging_mixin.py:188} INFO - [2026-04-09T10:38:44.447+0000] {dagbag.py:538} INFO - Filling up the DagBag from /home/airflow/.local/lib/python3.8/site-packages/airflow/example_dags/example_sla_dag.py
[2026-04-09T10:38:44.456+0000] {processor.py:840} INFO - DAG(s) 'example_sla_dag' retrieved from /home/airflow/.local/lib/python3.8/site-packages/airflow/example_dags/example_sla_dag.py
[2026-04-09T10:38:44.476+0000] {logging_mixin.py:188} INFO - [2026-04-09T10:38:44.476+0000] {dag.py:3033} INFO - Sync 1 DAGs
[2026-04-09T10:38:44.506+0000] {logging_mixin.py:188} INFO - [2026-04-09T10:38:44.506+0000] {dag.py:3820} INFO - Setting next_dagrun for example_sla_dag to 2026-04-09T10:36:00+00:00, run_after=2026-04-09T10:38:00+00:00
[2026-04-09T10:38:44.523+0000] {processor.py:183} INFO - Processing /home/airflow/.local/lib/python3.8/site-packages/airflow/example_dags/example_sla_dag.py took 0.083 seconds
[2026-04-09T10:39:14.748+0000] {processor.py:161} INFO - Started process (PID=1627) to work on /home/airflow/.local/lib/python3.8/site-packages/airflow/example_dags/example_sla_dag.py
[2026-04-09T10:39:14.750+0000] {processor.py:830} INFO - Processing file /home/airflow/.local/lib/python3.8/site-packages/airflow/example_dags/example_sla_dag.py for tasks to queue
[2026-04-09T10:39:14.754+0000] {logging_mixin.py:188} INFO - [2026-04-09T10:39:14.753+0000] {dagbag.py:538} INFO - Filling up the DagBag from /home/airflow/.local/lib/python3.8/site-packages/airflow/example_dags/example_sla_dag.py
[2026-04-09T10:39:14.763+0000] {processor.py:840} INFO - DAG(s) 'example_sla_dag' retrieved from /home/airflow/.local/lib/python3.8/site-packages/airflow/example_dags/example_sla_dag.py
[2026-04-09T10:39:14.785+0000] {logging_mixin.py:188} INFO - [2026-04-09T10:39:14.785+0000] {dag.py:3033} INFO - Sync 1 DAGs
[2026-04-09T10:39:14.813+0000] {logging_mixin.py:188} INFO - [2026-04-09T10:39:14.812+0000] {dag.py:3820} INFO - Setting next_dagrun for example_sla_dag to 2026-04-09T10:36:00+00:00, run_after=2026-04-09T10:38:00+00:00
[2026-04-09T10:39:14.832+0000] {processor.py:183} INFO - Processing /home/airflow/.local/lib/python3.8/site-packages/airflow/example_dags/example_sla_dag.py took 0.088 seconds
[2026-04-09T10:39:44.990+0000] {processor.py:161} INFO - Started process (PID=1688) to work on /home/airflow/.local/lib/python3.8/site-packages/airflow/example_dags/example_sla_dag.py
[2026-04-09T10:39:44.991+0000] {processor.py:830} INFO - Processing file /home/airflow/.local/lib/python3.8/site-packages/airflow/example_dags/example_sla_dag.py for tasks to queue
[2026-04-09T10:39:44.993+0000] {logging_mixin.py:188} INFO - [2026-04-09T10:39:44.993+0000] {dagbag.py:538} INFO - Filling up the DagBag from /home/airflow/.local/lib/python3.8/site-packages/airflow/example_dags/example_sla_dag.py
[2026-04-09T10:39:45.002+0000] {processor.py:840} INFO - DAG(s) 'example_sla_dag' retrieved from /home/airflow/.local/lib/python3.8/site-packages/airflow/example_dags/example_sla_dag.py
[2026-04-09T10:39:45.023+0000] {logging_mixin.py:188} INFO - [2026-04-09T10:39:45.023+0000] {dag.py:3033} INFO - Sync 1 DAGs
[2026-04-09T10:39:45.050+0000] {logging_mixin.py:188} INFO - [2026-04-09T10:39:45.050+0000] {dag.py:3820} INFO - Setting next_dagrun for example_sla_dag to 2026-04-09T10:36:00+00:00, run_after=2026-04-09T10:38:00+00:00
[2026-04-09T10:39:45.067+0000] {processor.py:183} INFO - Processing /home/airflow/.local/lib/python3.8/site-packages/airflow/example_dags/example_sla_dag.py took 0.080 seconds
[2026-04-09T10:40:15.282+0000] {processor.py:161} INFO - Started process (PID=1749) to work on /home/airflow/.local/lib/python3.8/site-packages/airflow/example_dags/example_sla_dag.py
[2026-04-09T10:40:15.283+0000] {processor.py:830} INFO - Processing file /home/airflow/.local/lib/python3.8/site-packages/airflow/example_dags/example_sla_dag.py for tasks to queue
[2026-04-09T10:40:15.285+0000] {logging_mixin.py:188} INFO - [2026-04-09T10:40:15.285+0000] {dagbag.py:538} INFO - Filling up the DagBag from /home/airflow/.local/lib/python3.8/site-packages/airflow/example_dags/example_sla_dag.py
[2026-04-09T10:40:15.294+0000] {processor.py:840} INFO - DAG(s) 'example_sla_dag' retrieved from /home/airflow/.local/lib/python3.8/site-packages/airflow/example_dags/example_sla_dag.py
[2026-04-09T10:40:15.315+0000] {logging_mixin.py:188} INFO - [2026-04-09T10:40:15.315+0000] {dag.py:3033} INFO - Sync 1 DAGs
[2026-04-09T10:40:15.342+0000] {logging_mixin.py:188} INFO - [2026-04-09T10:40:15.342+0000] {dag.py:3820} INFO - Setting next_dagrun for example_sla_dag to 2026-04-09T10:38:00+00:00, run_after=2026-04-09T10:40:00+00:00
[2026-04-09T10:40:15.362+0000] {processor.py:183} INFO - Processing /home/airflow/.local/lib/python3.8/site-packages/airflow/example_dags/example_sla_dag.py took 0.084 seconds
[2026-04-09T10:40:45.883+0000] {processor.py:161} INFO - Started process (PID=1816) to work on /home/airflow/.local/lib/python3.8/site-packages/airflow/example_dags/example_sla_dag.py
[2026-04-09T10:40:45.884+0000] {processor.py:830} INFO - Processing file /home/airflow/.local/lib/python3.8/site-packages/airflow/example_dags/example_sla_dag.py for tasks to queue
[2026-04-09T10:40:45.886+0000] {logging_mixin.py:188} INFO - [2026-04-09T10:40:45.885+0000] {dagbag.py:538} INFO - Filling up the DagBag from /home/airflow/.local/lib/python3.8/site-packages/airflow/example_dags/example_sla_dag.py
[2026-04-09T10:40:45.894+0000] {processor.py:840} INFO - DAG(s) 'example_sla_dag' retrieved from /home/airflow/.local/lib/python3.8/site-packages/airflow/example_dags/example_sla_dag.py
[2026-04-09T10:40:45.936+0000] {logging_mixin.py:188} INFO - [2026-04-09T10:40:45.936+0000] {dag.py:3033} INFO - Sync 1 DAGs
[2026-04-09T10:40:45.966+0000] {logging_mixin.py:188} INFO - [2026-04-09T10:40:45.965+0000] {dag.py:3820} INFO - Setting next_dagrun for example_sla_dag to 2026-04-09T10:38:00+00:00, run_after=2026-04-09T10:40:00+00:00
[2026-04-09T10:40:45.982+0000] {processor.py:183} INFO - Processing /home/airflow/.local/lib/python3.8/site-packages/airflow/example_dags/example_sla_dag.py took 0.103 seconds
[2026-04-09T10:41:16.182+0000] {processor.py:161} INFO - Started process (PID=1877) to work on /home/airflow/.local/lib/python3.8/site-packages/airflow/example_dags/example_sla_dag.py
[2026-04-09T10:41:16.183+0000] {processor.py:830} INFO - Processing file /home/airflow/.local/lib/python3.8/site-packages/airflow/example_dags/example_sla_dag.py for tasks to queue
[2026-04-09T10:41:16.185+0000] {logging_mixin.py:188} INFO - [2026-04-09T10:41:16.185+0000] {dagbag.py:538} INFO - Filling up the DagBag from /home/airflow/.local/lib/python3.8/site-packages/airflow/example_dags/example_sla_dag.py
[2026-04-09T10:41:16.194+0000] {processor.py:840} INFO - DAG(s) 'example_sla_dag' retrieved from /home/airflow/.local/lib/python3.8/site-packages/airflow/example_dags/example_sla_dag.py
[2026-04-09T10:41:16.215+0000] {logging_mixin.py:188} INFO - [2026-04-09T10:41:16.214+0000] {dag.py:3033} INFO - Sync 1 DAGs
[2026-04-09T10:41:16.252+0000] {logging_mixin.py:188} INFO - [2026-04-09T10:41:16.251+0000] {dag.py:3820} INFO - Setting next_dagrun for example_sla_dag to 2026-04-09T10:38:00+00:00, run_after=2026-04-09T10:40:00+00:00
[2026-04-09T10:41:16.273+0000] {processor.py:183} INFO - Processing /home/airflow/.local/lib/python3.8/site-packages/airflow/example_dags/example_sla_dag.py took 0.095 seconds
[2026-04-09T10:41:46.929+0000] {processor.py:161} INFO - Started process (PID=1938) to work on /home/airflow/.local/lib/python3.8/site-packages/airflow/example_dags/example_sla_dag.py
[2026-04-09T10:41:46.930+0000] {processor.py:830} INFO - Processing file /home/airflow/.local/lib/python3.8/site-packages/airflow/example_dags/example_sla_dag.py for tasks to queue
[2026-04-09T10:41:46.932+0000] {logging_mixin.py:188} INFO - [2026-04-09T10:41:46.932+0000] {dagbag.py:538} INFO - Filling up the DagBag from /home/airflow/.local/lib/python3.8/site-packages/airflow/example_dags/example_sla_dag.py
[2026-04-09T10:41:46.941+0000] {processor.py:840} INFO - DAG(s) 'example_sla_dag' retrieved from /home/airflow/.local/lib/python3.8/site-packages/airflow/example_dags/example_sla_dag.py
[2026-04-09T10:41:46.960+0000] {logging_mixin.py:188} INFO - [2026-04-09T10:41:46.960+0000] {dag.py:3033} INFO - Sync 1 DAGs
[2026-04-09T10:41:46.991+0000] {logging_mixin.py:188} INFO - [2026-04-09T10:41:46.990+0000] {dag.py:3820} INFO - Setting next_dagrun for example_sla_dag to 2026-04-09T10:38:00+00:00, run_after=2026-04-09T10:40:00+00:00
[2026-04-09T10:41:47.008+0000] {processor.py:183} INFO - Processing /home/airflow/.local/lib/python3.8/site-packages/airflow/example_dags/example_sla_dag.py took 0.081 seconds
[2026-04-09T10:42:17.519+0000] {processor.py:161} INFO - Started process (PID=1999) to work on /home/airflow/.local/lib/python3.8/site-packages/airflow/example_dags/example_sla_dag.py
[2026-04-09T10:42:17.519+0000] {processor.py:830} INFO - Processing file /home/airflow/.local/lib/python3.8/site-packages/airflow/example_dags/example_sla_dag.py for tasks to queue
[2026-04-09T10:42:17.522+0000] {logging_mixin.py:188} INFO - [2026-04-09T10:42:17.521+0000] {dagbag.py:538} INFO - Filling up the DagBag from /home/airflow/.local/lib/python3.8/site-packages/airflow/example_dags/example_sla_dag.py
[2026-04-09T10:42:17.535+0000] {processor.py:840} INFO - DAG(s) 'example_sla_dag' retrieved from /home/airflow/.local/lib/python3.8/site-packages/airflow/example_dags/example_sla_dag.py
[2026-04-09T10:42:17.555+0000] {logging_mixin.py:188} INFO - [2026-04-09T10:42:17.555+0000] {dag.py:3033} INFO - Sync 1 DAGs
[2026-04-09T10:42:17.610+0000] {logging_mixin.py:188} INFO - [2026-04-09T10:42:17.610+0000] {dag.py:3820} INFO - Setting next_dagrun for example_sla_dag to 2026-04-09T10:40:00+00:00, run_after=2026-04-09T10:42:00+00:00
[2026-04-09T10:42:17.629+0000] {processor.py:183} INFO - Processing /home/airflow/.local/lib/python3.8/site-packages/airflow/example_dags/example_sla_dag.py took 0.114 seconds
[2026-04-09T10:42:48.402+0000] {processor.py:161} INFO - Started process (PID=2060) to work on /home/airflow/.local/lib/python3.8/site-packages/airflow/example_dags/example_sla_dag.py
[2026-04-09T10:42:48.404+0000] {processor.py:830} INFO - Processing file /home/airflow/.local/lib/python3.8/site-packages/airflow/example_dags/example_sla_dag.py for tasks to queue
[2026-04-09T10:42:48.406+0000] {logging_mixin.py:188} INFO - [2026-04-09T10:42:48.406+0000] {dagbag.py:538} INFO - Filling up the DagBag from /home/airflow/.local/lib/python3.8/site-packages/airflow/example_dags/example_sla_dag.py
[2026-04-09T10:42:48.422+0000] {processor.py:840} INFO - DAG(s) 'example_sla_dag' retrieved from /home/airflow/.local/lib/python3.8/site-packages/airflow/example_dags/example_sla_dag.py
[2026-04-09T10:42:48.470+0000] {logging_mixin.py:188} INFO - [2026-04-09T10:42:48.470+0000] {dag.py:3033} INFO - Sync 1 DAGs
[2026-04-09T10:42:48.520+0000] {logging_mixin.py:188} INFO - [2026-04-09T10:42:48.519+0000] {dag.py:3820} INFO - Setting next_dagrun for example_sla_dag to 2026-04-09T10:40:00+00:00, run_after=2026-04-09T10:42:00+00:00
[2026-04-09T10:42:48.565+0000] {processor.py:183} INFO - Processing /home/airflow/.local/lib/python3.8/site-packages/airflow/example_dags/example_sla_dag.py took 0.175 seconds
[2026-04-09T10:43:19.166+0000] {processor.py:161} INFO - Started process (PID=2121) to work on /home/airflow/.local/lib/python3.8/site-packages/airflow/example_dags/example_sla_dag.py
[2026-04-09T10:43:19.167+0000] {processor.py:830} INFO - Processing file /home/airflow/.local/lib/python3.8/site-packages/airflow/example_dags/example_sla_dag.py for tasks to queue
[2026-04-09T10:43:19.170+0000] {logging_mixin.py:188} INFO - [2026-04-09T10:43:19.169+0000] {dagbag.py:538} INFO - Filling up the DagBag from /home/airflow/.local/lib/python3.8/site-packages/airflow/example_dags/example_sla_dag.py
[2026-04-09T10:43:19.189+0000] {processor.py:840} INFO - DAG(s) 'example_sla_dag' retrieved from /home/airflow/.local/lib/python3.8/site-packages/airflow/example_dags/example_sla_dag.py
[2026-04-09T10:43:19.213+0000] {logging_mixin.py:188} INFO - [2026-04-09T10:43:19.213+0000] {dag.py:3033} INFO - Sync 1 DAGs
[2026-04-09T10:43:19.244+0000] {logging_mixin.py:188} INFO - [2026-04-09T10:43:19.243+0000] {dag.py:3820} INFO - Setting next_dagrun for example_sla_dag to 2026-04-09T10:40:00+00:00, run_after=2026-04-09T10:42:00+00:00
[2026-04-09T10:43:19.259+0000] {processor.py:183} INFO - Processing /home/airflow/.local/lib/python3.8/site-packages/airflow/example_dags/example_sla_dag.py took 0.097 seconds
[2026-04-09T10:43:50.051+0000] {processor.py:161} INFO - Started process (PID=2182) to work on /home/airflow/.local/lib/python3.8/site-packages/airflow/example_dags/example_sla_dag.py
[2026-04-09T10:43:50.053+0000] {processor.py:830} INFO - Processing file /home/airflow/.local/lib/python3.8/site-packages/airflow/example_dags/example_sla_dag.py for tasks to queue
[2026-04-09T10:43:50.055+0000] {logging_mixin.py:188} INFO - [2026-04-09T10:43:50.055+0000] {dagbag.py:538} INFO - Filling up the DagBag from /home/airflow/.local/lib/python3.8/site-packages/airflow/example_dags/example_sla_dag.py
[2026-04-09T10:43:50.064+0000] {processor.py:840} INFO - DAG(s) 'example_sla_dag' retrieved from /home/airflow/.local/lib/python3.8/site-packages/airflow/example_dags/example_sla_dag.py
[2026-04-09T10:43:50.084+0000] {logging_mixin.py:188} INFO - [2026-04-09T10:43:50.084+0000] {dag.py:3033} INFO - Sync 1 DAGs
[2026-04-09T10:43:50.113+0000] {logging_mixin.py:188} INFO - [2026-04-09T10:43:50.112+0000] {dag.py:3820} INFO - Setting next_dagrun for example_sla_dag to 2026-04-09T10:40:00+00:00, run_after=2026-04-09T10:42:00+00:00
[2026-04-09T10:43:50.132+0000] {processor.py:183} INFO - Processing /home/airflow/.local/lib/python3.8/site-packages/airflow/example_dags/example_sla_dag.py took 0.085 seconds
[2026-04-09T10:44:20.586+0000] {processor.py:161} INFO - Started process (PID=2243) to work on /home/airflow/.local/lib/python3.8/site-packages/airflow/example_dags/example_sla_dag.py
[2026-04-09T10:44:20.588+0000] {processor.py:830} INFO - Processing file /home/airflow/.local/lib/python3.8/site-packages/airflow/example_dags/example_sla_dag.py for tasks to queue
[2026-04-09T10:44:20.592+0000] {logging_mixin.py:188} INFO - [2026-04-09T10:44:20.592+0000] {dagbag.py:538} INFO - Filling up the DagBag from /home/airflow/.local/lib/python3.8/site-packages/airflow/example_dags/example_sla_dag.py
[2026-04-09T10:44:20.614+0000] {processor.py:840} INFO - DAG(s) 'example_sla_dag' retrieved from /home/airflow/.local/lib/python3.8/site-packages/airflow/example_dags/example_sla_dag.py
[2026-04-09T10:44:20.657+0000] {logging_mixin.py:188} INFO - [2026-04-09T10:44:20.657+0000] {dag.py:3033} INFO - Sync 1 DAGs
[2026-04-09T10:44:20.705+0000] {logging_mixin.py:188} INFO - [2026-04-09T10:44:20.705+0000] {dag.py:3820} INFO - Setting next_dagrun for example_sla_dag to 2026-04-09T10:42:00+00:00, run_after=2026-04-09T10:44:00+00:00
[2026-04-09T10:44:20.734+0000] {processor.py:183} INFO - Processing /home/airflow/.local/lib/python3.8/site-packages/airflow/example_dags/example_sla_dag.py took 0.155 seconds
[2026-04-09T10:44:51.729+0000] {processor.py:161} INFO - Started process (PID=2304) to work on /home/airflow/.local/lib/python3.8/site-packages/airflow/example_dags/example_sla_dag.py
[2026-04-09T10:44:51.734+0000] {processor.py:830} INFO - Processing file /home/airflow/.local/lib/python3.8/site-packages/airflow/example_dags/example_sla_dag.py for tasks to queue
[2026-04-09T10:44:51.740+0000] {logging_mixin.py:188} INFO - [2026-04-09T10:44:51.740+0000] {dagbag.py:538} INFO - Filling up the DagBag from /home/airflow/.local/lib/python3.8/site-packages/airflow/example_dags/example_sla_dag.py
[2026-04-09T10:44:51.763+0000] {processor.py:840} INFO - DAG(s) 'example_sla_dag' retrieved from /home/airflow/.local/lib/python3.8/site-packages/airflow/example_dags/example_sla_dag.py
[2026-04-09T10:44:51.797+0000] {logging_mixin.py:188} INFO - [2026-04-09T10:44:51.797+0000] {dag.py:3033} INFO - Sync 1 DAGs
[2026-04-09T10:44:51.828+0000] {logging_mixin.py:188} INFO - [2026-04-09T10:44:51.827+0000] {dag.py:3820} INFO - Setting next_dagrun for example_sla_dag to 2026-04-09T10:42:00+00:00, run_after=2026-04-09T10:44:00+00:00
[2026-04-09T10:44:51.853+0000] {processor.py:183} INFO - Processing /home/airflow/.local/lib/python3.8/site-packages/airflow/example_dags/example_sla_dag.py took 0.132 seconds
[2026-04-09T10:45:22.240+0000] {processor.py:161} INFO - Started process (PID=2365) to work on /home/airflow/.local/lib/python3.8/site-packages/airflow/example_dags/example_sla_dag.py
[2026-04-09T10:45:22.241+0000] {processor.py:830} INFO - Processing file /home/airflow/.local/lib/python3.8/site-packages/airflow/example_dags/example_sla_dag.py for tasks to queue
[2026-04-09T10:45:22.243+0000] {logging_mixin.py:188} INFO - [2026-04-09T10:45:22.243+0000] {dagbag.py:538} INFO - Filling up the DagBag from /home/airflow/.local/lib/python3.8/site-packages/airflow/example_dags/example_sla_dag.py
[2026-04-09T10:45:22.253+0000] {processor.py:840} INFO - DAG(s) 'example_sla_dag' retrieved from /home/airflow/.local/lib/python3.8/site-packages/airflow/example_dags/example_sla_dag.py
[2026-04-09T10:45:22.273+0000] {logging_mixin.py:188} INFO - [2026-04-09T10:45:22.273+0000] {dag.py:3033} INFO - Sync 1 DAGs
[2026-04-09T10:45:22.307+0000] {logging_mixin.py:188} INFO - [2026-04-09T10:45:22.307+0000] {dag.py:3820} INFO - Setting next_dagrun for example_sla_dag to 2026-04-09T10:42:00+00:00, run_after=2026-04-09T10:44:00+00:00
[2026-04-09T10:45:22.325+0000] {processor.py:183} INFO - Processing /home/airflow/.local/lib/python3.8/site-packages/airflow/example_dags/example_sla_dag.py took 0.088 seconds
[2026-04-09T10:45:52.466+0000] {processor.py:161} INFO - Started process (PID=2426) to work on /home/airflow/.local/lib/python3.8/site-packages/airflow/example_dags/example_sla_dag.py
[2026-04-09T10:45:52.467+0000] {processor.py:830} INFO - Processing file /home/airflow/.local/lib/python3.8/site-packages/airflow/example_dags/example_sla_dag.py for tasks to queue
[2026-04-09T10:45:52.469+0000] {logging_mixin.py:188} INFO - [2026-04-09T10:45:52.469+0000] {dagbag.py:538} INFO - Filling up the DagBag from /home/airflow/.local/lib/python3.8/site-packages/airflow/example_dags/example_sla_dag.py
[2026-04-09T10:45:52.478+0000] {processor.py:840} INFO - DAG(s) 'example_sla_dag' retrieved from /home/airflow/.local/lib/python3.8/site-packages/airflow/example_dags/example_sla_dag.py
[2026-04-09T10:45:52.500+0000] {logging_mixin.py:188} INFO - [2026-04-09T10:45:52.500+0000] {dag.py:3033} INFO - Sync 1 DAGs
[2026-04-09T10:45:52.528+0000] {logging_mixin.py:188} INFO - [2026-04-09T10:45:52.527+0000] {dag.py:3820} INFO - Setting next_dagrun for example_sla_dag to 2026-04-09T10:42:00+00:00, run_after=2026-04-09T10:44:00+00:00
[2026-04-09T10:45:52.545+0000] {processor.py:183} INFO - Processing /home/airflow/.local/lib/python3.8/site-packages/airflow/example_dags/example_sla_dag.py took 0.083 seconds
[2026-04-09T10:46:22.754+0000] {processor.py:161} INFO - Started process (PID=2487) to work on /home/airflow/.local/lib/python3.8/site-packages/airflow/example_dags/example_sla_dag.py
[2026-04-09T10:46:22.755+0000] {processor.py:830} INFO - Processing file /home/airflow/.local/lib/python3.8/site-packages/airflow/example_dags/example_sla_dag.py for tasks to queue
[2026-04-09T10:46:22.757+0000] {logging_mixin.py:188} INFO - [2026-04-09T10:46:22.757+0000] {dagbag.py:538} INFO - Filling up the DagBag from /home/airflow/.local/lib/python3.8/site-packages/airflow/example_dags/example_sla_dag.py
[2026-04-09T10:46:22.766+0000] {processor.py:840} INFO - DAG(s) 'example_sla_dag' retrieved from /home/airflow/.local/lib/python3.8/site-packages/airflow/example_dags/example_sla_dag.py
[2026-04-09T10:46:22.788+0000] {logging_mixin.py:188} INFO - [2026-04-09T10:46:22.788+0000] {dag.py:3033} INFO - Sync 1 DAGs
[2026-04-09T10:46:22.820+0000] {logging_mixin.py:188} INFO - [2026-04-09T10:46:22.819+0000] {dag.py:3820} INFO - Setting next_dagrun for example_sla_dag to 2026-04-09T10:44:00+00:00, run_after=2026-04-09T10:46:00+00:00
[2026-04-09T10:46:22.838+0000] {processor.py:183} INFO - Processing /home/airflow/.local/lib/python3.8/site-packages/airflow/example_dags/example_sla_dag.py took 0.087 seconds
[2026-04-09T10:46:52.963+0000] {processor.py:161} INFO - Started process (PID=2548) to work on /home/airflow/.local/lib/python3.8/site-packages/airflow/example_dags/example_sla_dag.py
[2026-04-09T10:46:52.964+0000] {processor.py:830} INFO - Processing file /home/airflow/.local/lib/python3.8/site-packages/airflow/example_dags/example_sla_dag.py for tasks to queue
[2026-04-09T10:46:52.966+0000] {logging_mixin.py:188} INFO - [2026-04-09T10:46:52.966+0000] {dagbag.py:538} INFO - Filling up the DagBag from /home/airflow/.local/lib/python3.8/site-packages/airflow/example_dags/example_sla_dag.py
[2026-04-09T10:46:52.975+0000] {processor.py:840} INFO - DAG(s) 'example_sla_dag' retrieved from /home/airflow/.local/lib/python3.8/site-packages/airflow/example_dags/example_sla_dag.py
[2026-04-09T10:46:52.996+0000] {logging_mixin.py:188} INFO - [2026-04-09T10:46:52.995+0000] {dag.py:3033} INFO - Sync 1 DAGs
[2026-04-09T10:46:53.024+0000] {logging_mixin.py:188} INFO - [2026-04-09T10:46:53.023+0000] {dag.py:3820} INFO - Setting next_dagrun for example_sla_dag to 2026-04-09T10:44:00+00:00, run_after=2026-04-09T10:46:00+00:00
[2026-04-09T10:46:53.039+0000] {processor.py:183} INFO - Processing /home/airflow/.local/lib/python3.8/site-packages/airflow/example_dags/example_sla_dag.py took 0.079 seconds
[2026-04-09T10:47:24.012+0000] {processor.py:161} INFO - Started process (PID=2609) to work on /home/airflow/.local/lib/python3.8/site-packages/airflow/example_dags/example_sla_dag.py
[2026-04-09T10:47:24.013+0000] {processor.py:830} INFO - Processing file /home/airflow/.local/lib/python3.8/site-packages/airflow/example_dags/example_sla_dag.py for tasks to queue
[2026-04-09T10:47:24.015+0000] {logging_mixin.py:188} INFO - [2026-04-09T10:47:24.015+0000] {dagbag.py:538} INFO - Filling up the DagBag from /home/airflow/.local/lib/python3.8/site-packages/airflow/example_dags/example_sla_dag.py
[2026-04-09T10:47:24.024+0000] {processor.py:840} INFO - DAG(s) 'example_sla_dag' retrieved from /home/airflow/.local/lib/python3.8/site-packages/airflow/example_dags/example_sla_dag.py
[2026-04-09T10:47:24.056+0000] {logging_mixin.py:188} INFO - [2026-04-09T10:47:24.056+0000] {dag.py:3033} INFO - Sync 1 DAGs
[2026-04-09T10:47:24.090+0000] {logging_mixin.py:188} INFO - [2026-04-09T10:47:24.090+0000] {dag.py:3820} INFO - Setting next_dagrun for example_sla_dag to 2026-04-09T10:44:00+00:00, run_after=2026-04-09T10:46:00+00:00
[2026-04-09T10:47:24.108+0000] {processor.py:183} INFO - Processing /home/airflow/.local/lib/python3.8/site-packages/airflow/example_dags/example_sla_dag.py took 0.099 seconds
[2026-04-09T10:47:54.329+0000] {processor.py:161} INFO - Started process (PID=2670) to work on /home/airflow/.local/lib/python3.8/site-packages/airflow/example_dags/example_sla_dag.py
[2026-04-09T10:47:54.330+0000] {processor.py:830} INFO - Processing file /home/airflow/.local/lib/python3.8/site-packages/airflow/example_dags/example_sla_dag.py for tasks to queue
[2026-04-09T10:47:54.332+0000] {logging_mixin.py:188} INFO - [2026-04-09T10:47:54.332+0000] {dagbag.py:538} INFO - Filling up the DagBag from /home/airflow/.local/lib/python3.8/site-packages/airflow/example_dags/example_sla_dag.py
[2026-04-09T10:47:54.342+0000] {processor.py:840} INFO - DAG(s) 'example_sla_dag' retrieved from /home/airflow/.local/lib/python3.8/site-packages/airflow/example_dags/example_sla_dag.py
[2026-04-09T10:47:54.363+0000] {logging_mixin.py:188} INFO - [2026-04-09T10:47:54.363+0000] {dag.py:3033} INFO - Sync 1 DAGs
[2026-04-09T10:47:54.392+0000] {logging_mixin.py:188} INFO - [2026-04-09T10:47:54.392+0000] {dag.py:3820} INFO - Setting next_dagrun for example_sla_dag to 2026-04-09T10:44:00+00:00, run_after=2026-04-09T10:46:00+00:00
[2026-04-09T10:47:54.410+0000] {processor.py:183} INFO - Processing /home/airflow/.local/lib/python3.8/site-packages/airflow/example_dags/example_sla_dag.py took 0.085 seconds
[2026-04-09T10:48:24.831+0000] {processor.py:161} INFO - Started process (PID=2731) to work on /home/airflow/.local/lib/python3.8/site-packages/airflow/example_dags/example_sla_dag.py
[2026-04-09T10:48:24.832+0000] {processor.py:830} INFO - Processing file /home/airflow/.local/lib/python3.8/site-packages/airflow/example_dags/example_sla_dag.py for tasks to queue
[2026-04-09T10:48:24.835+0000] {logging_mixin.py:188} INFO - [2026-04-09T10:48:24.834+0000] {dagbag.py:538} INFO - Filling up the DagBag from /home/airflow/.local/lib/python3.8/site-packages/airflow/example_dags/example_sla_dag.py
[2026-04-09T10:48:24.844+0000] {processor.py:840} INFO - DAG(s) 'example_sla_dag' retrieved from /home/airflow/.local/lib/python3.8/site-packages/airflow/example_dags/example_sla_dag.py
[2026-04-09T10:48:24.867+0000] {logging_mixin.py:188} INFO - [2026-04-09T10:48:24.866+0000] {dag.py:3033} INFO - Sync 1 DAGs
[2026-04-09T10:48:24.898+0000] {logging_mixin.py:188} INFO - [2026-04-09T10:48:24.897+0000] {dag.py:3820} INFO - Setting next_dagrun for example_sla_dag to 2026-04-09T10:46:00+00:00, run_after=2026-04-09T10:48:00+00:00
[2026-04-09T10:48:24.929+0000] {processor.py:183} INFO - Processing /home/airflow/.local/lib/python3.8/site-packages/airflow/example_dags/example_sla_dag.py took 0.102 seconds
[2026-04-09T10:48:55.224+0000] {processor.py:161} INFO - Started process (PID=2792) to work on /home/airflow/.local/lib/python3.8/site-packages/airflow/example_dags/example_sla_dag.py
[2026-04-09T10:48:55.225+0000] {processor.py:830} INFO - Processing file /home/airflow/.local/lib/python3.8/site-packages/airflow/example_dags/example_sla_dag.py for tasks to queue
[2026-04-09T10:48:55.227+0000] {logging_mixin.py:188} INFO - [2026-04-09T10:48:55.227+0000] {dagbag.py:538} INFO - Filling up the DagBag from /home/airflow/.local/lib/python3.8/site-packages/airflow/example_dags/example_sla_dag.py
[2026-04-09T10:48:55.236+0000] {processor.py:840} INFO - DAG(s) 'example_sla_dag' retrieved from /home/airflow/.local/lib/python3.8/site-packages/airflow/example_dags/example_sla_dag.py
[2026-04-09T10:48:55.258+0000] {logging_mixin.py:188} INFO - [2026-04-09T10:48:55.257+0000] {dag.py:3033} INFO - Sync 1 DAGs
[2026-04-09T10:48:55.299+0000] {logging_mixin.py:188} INFO - [2026-04-09T10:48:55.299+0000] {dag.py:3820} INFO - Setting next_dagrun for example_sla_dag to 2026-04-09T10:46:00+00:00, run_after=2026-04-09T10:48:00+00:00
[2026-04-09T10:48:55.316+0000] {processor.py:183} INFO - Processing /home/airflow/.local/lib/python3.8/site-packages/airflow/example_dags/example_sla_dag.py took 0.096 seconds
[2026-04-09T10:49:26.072+0000] {processor.py:161} INFO - Started process (PID=2853) to work on /home/airflow/.local/lib/python3.8/site-packages/airflow/example_dags/example_sla_dag.py
[2026-04-09T10:49:26.073+0000] {processor.py:830} INFO - Processing file /home/airflow/.local/lib/python3.8/site-packages/airflow/example_dags/example_sla_dag.py for tasks to queue
[2026-04-09T10:49:26.075+0000] {logging_mixin.py:188} INFO - [2026-04-09T10:49:26.075+0000] {dagbag.py:538} INFO - Filling up the DagBag from /home/airflow/.local/lib/python3.8/site-packages/airflow/example_dags/example_sla_dag.py
[2026-04-09T10:49:26.085+0000] {processor.py:840} INFO - DAG(s) 'example_sla_dag' retrieved from /home/airflow/.local/lib/python3.8/site-packages/airflow/example_dags/example_sla_dag.py
[2026-04-09T10:49:26.106+0000] {logging_mixin.py:188} INFO - [2026-04-09T10:49:26.105+0000] {dag.py:3033} INFO - Sync 1 DAGs
[2026-04-09T10:49:26.140+0000] {logging_mixin.py:188} INFO - [2026-04-09T10:49:26.139+0000] {dag.py:3820} INFO - Setting next_dagrun for example_sla_dag to 2026-04-09T10:46:00+00:00, run_after=2026-04-09T10:48:00+00:00
[2026-04-09T10:49:26.157+0000] {processor.py:183} INFO - Processing /home/airflow/.local/lib/python3.8/site-packages/airflow/example_dags/example_sla_dag.py took 0.089 seconds
[2026-04-09T10:49:56.204+0000] {processor.py:161} INFO - Started process (PID=2913) to work on /home/airflow/.local/lib/python3.8/site-packages/airflow/example_dags/example_sla_dag.py
[2026-04-09T10:49:56.204+0000] {processor.py:830} INFO - Processing file /home/airflow/.local/lib/python3.8/site-packages/airflow/example_dags/example_sla_dag.py for tasks to queue
[2026-04-09T10:49:56.206+0000] {logging_mixin.py:188} INFO - [2026-04-09T10:49:56.206+0000] {dagbag.py:538} INFO - Filling up the DagBag from /home/airflow/.local/lib/python3.8/site-packages/airflow/example_dags/example_sla_dag.py
[2026-04-09T10:49:56.213+0000] {processor.py:840} INFO - DAG(s) 'example_sla_dag' retrieved from /home/airflow/.local/lib/python3.8/site-packages/airflow/example_dags/example_sla_dag.py
[2026-04-09T10:49:56.229+0000] {logging_mixin.py:188} INFO - [2026-04-09T10:49:56.229+0000] {dag.py:3033} INFO - Sync 1 DAGs
[2026-04-09T10:49:56.248+0000] {logging_mixin.py:188} INFO - [2026-04-09T10:49:56.247+0000] {dag.py:3820} INFO - Setting next_dagrun for example_sla_dag to 2026-04-09T10:46:00+00:00, run_after=2026-04-09T10:48:00+00:00
[2026-04-09T10:49:56.261+0000] {processor.py:183} INFO - Processing /home/airflow/.local/lib/python3.8/site-packages/airflow/example_dags/example_sla_dag.py took 0.060 seconds
[2026-04-09T10:50:27.168+0000] {processor.py:161} INFO - Started process (PID=2975) to work on /home/airflow/.local/lib/python3.8/site-packages/airflow/example_dags/example_sla_dag.py
[2026-04-09T10:50:27.168+0000] {processor.py:830} INFO - Processing file /home/airflow/.local/lib/python3.8/site-packages/airflow/example_dags/example_sla_dag.py for tasks to queue
[2026-04-09T10:50:27.172+0000] {logging_mixin.py:188} INFO - [2026-04-09T10:50:27.172+0000] {dagbag.py:538} INFO - Filling up the DagBag from /home/airflow/.local/lib/python3.8/site-packages/airflow/example_dags/example_sla_dag.py
[2026-04-09T10:50:27.198+0000] {processor.py:840} INFO - DAG(s) 'example_sla_dag' retrieved from /home/airflow/.local/lib/python3.8/site-packages/airflow/example_dags/example_sla_dag.py
[2026-04-09T10:50:27.223+0000] {logging_mixin.py:188} INFO - [2026-04-09T10:50:27.223+0000] {dag.py:3033} INFO - Sync 1 DAGs
[2026-04-09T10:50:27.251+0000] {logging_mixin.py:188} INFO - [2026-04-09T10:50:27.250+0000] {dag.py:3820} INFO - Setting next_dagrun for example_sla_dag to 2026-04-09T10:48:00+00:00, run_after=2026-04-09T10:50:00+00:00
[2026-04-09T10:50:27.267+0000] {processor.py:183} INFO - Processing /home/airflow/.local/lib/python3.8/site-packages/airflow/example_dags/example_sla_dag.py took 0.104 seconds
[2026-04-09T10:50:57.797+0000] {processor.py:161} INFO - Started process (PID=3036) to work on /home/airflow/.local/lib/python3.8/site-packages/airflow/example_dags/example_sla_dag.py
[2026-04-09T10:50:57.798+0000] {processor.py:830} INFO - Processing file /home/airflow/.local/lib/python3.8/site-packages/airflow/example_dags/example_sla_dag.py for tasks to queue
[2026-04-09T10:50:57.800+0000] {logging_mixin.py:188} INFO - [2026-04-09T10:50:57.800+0000] {dagbag.py:538} INFO - Filling up the DagBag from /home/airflow/.local/lib/python3.8/site-packages/airflow/example_dags/example_sla_dag.py
[2026-04-09T10:50:57.809+0000] {processor.py:840} INFO - DAG(s) 'example_sla_dag' retrieved from /home/airflow/.local/lib/python3.8/site-packages/airflow/example_dags/example_sla_dag.py
[2026-04-09T10:50:57.831+0000] {logging_mixin.py:188} INFO - [2026-04-09T10:50:57.830+0000] {dag.py:3033} INFO - Sync 1 DAGs
[2026-04-09T10:50:57.864+0000] {logging_mixin.py:188} INFO - [2026-04-09T10:50:57.864+0000] {dag.py:3820} INFO - Setting next_dagrun for example_sla_dag to 2026-04-09T10:48:00+00:00, run_after=2026-04-09T10:50:00+00:00
[2026-04-09T10:50:57.883+0000] {processor.py:183} INFO - Processing /home/airflow/.local/lib/python3.8/site-packages/airflow/example_dags/example_sla_dag.py took 0.090 seconds
[2026-04-09T10:51:28.109+0000] {processor.py:161} INFO - Started process (PID=3097) to work on /home/airflow/.local/lib/python3.8/site-packages/airflow/example_dags/example_sla_dag.py
[2026-04-09T10:51:28.110+0000] {processor.py:830} INFO - Processing file /home/airflow/.local/lib/python3.8/site-packages/airflow/example_dags/example_sla_dag.py for tasks to queue
[2026-04-09T10:51:28.112+0000] {logging_mixin.py:188} INFO - [2026-04-09T10:51:28.112+0000] {dagbag.py:538} INFO - Filling up the DagBag from /home/airflow/.local/lib/python3.8/site-packages/airflow/example_dags/example_sla_dag.py
[2026-04-09T10:51:28.121+0000] {processor.py:840} INFO - DAG(s) 'example_sla_dag' retrieved from /home/airflow/.local/lib/python3.8/site-packages/airflow/example_dags/example_sla_dag.py
[2026-04-09T10:51:28.143+0000] {logging_mixin.py:188} INFO - [2026-04-09T10:51:28.143+0000] {dag.py:3033} INFO - Sync 1 DAGs
[2026-04-09T10:51:28.190+0000] {logging_mixin.py:188} INFO - [2026-04-09T10:51:28.190+0000] {dag.py:3820} INFO - Setting next_dagrun for example_sla_dag to 2026-04-09T10:48:00+00:00, run_after=2026-04-09T10:50:00+00:00
[2026-04-09T10:51:28.207+0000] {processor.py:183} INFO - Processing /home/airflow/.local/lib/python3.8/site-packages/airflow/example_dags/example_sla_dag.py took 0.102 seconds
[2026-04-09T10:51:58.264+0000] {processor.py:161} INFO - Started process (PID=3158) to work on /home/airflow/.local/lib/python3.8/site-packages/airflow/example_dags/example_sla_dag.py
[2026-04-09T10:51:58.267+0000] {processor.py:830} INFO - Processing file /home/airflow/.local/lib/python3.8/site-packages/airflow/example_dags/example_sla_dag.py for tasks to queue
[2026-04-09T10:51:58.270+0000] {logging_mixin.py:188} INFO - [2026-04-09T10:51:58.269+0000] {dagbag.py:538} INFO - Filling up the DagBag from /home/airflow/.local/lib/python3.8/site-packages/airflow/example_dags/example_sla_dag.py
[2026-04-09T10:51:58.289+0000] {processor.py:840} INFO - DAG(s) 'example_sla_dag' retrieved from /home/airflow/.local/lib/python3.8/site-packages/airflow/example_dags/example_sla_dag.py
[2026-04-09T10:51:58.337+0000] {logging_mixin.py:188} INFO - [2026-04-09T10:51:58.337+0000] {dag.py:3033} INFO - Sync 1 DAGs
[2026-04-09T10:51:58.400+0000] {logging_mixin.py:188} INFO - [2026-04-09T10:51:58.399+0000] {dag.py:3820} INFO - Setting next_dagrun for example_sla_dag to 2026-04-09T10:48:00+00:00, run_after=2026-04-09T10:50:00+00:00
[2026-04-09T10:51:58.438+0000] {processor.py:183} INFO - Processing /home/airflow/.local/lib/python3.8/site-packages/airflow/example_dags/example_sla_dag.py took 0.184 seconds
[2026-04-09T10:52:28.959+0000] {processor.py:161} INFO - Started process (PID=3219) to work on /home/airflow/.local/lib/python3.8/site-packages/airflow/example_dags/example_sla_dag.py
[2026-04-09T10:52:28.960+0000] {processor.py:830} INFO - Processing file /home/airflow/.local/lib/python3.8/site-packages/airflow/example_dags/example_sla_dag.py for tasks to queue
[2026-04-09T10:52:28.963+0000] {logging_mixin.py:188} INFO - [2026-04-09T10:52:28.962+0000] {dagbag.py:538} INFO - Filling up the DagBag from /home/airflow/.local/lib/python3.8/site-packages/airflow/example_dags/example_sla_dag.py
[2026-04-09T10:52:28.972+0000] {processor.py:840} INFO - DAG(s) 'example_sla_dag' retrieved from /home/airflow/.local/lib/python3.8/site-packages/airflow/example_dags/example_sla_dag.py
[2026-04-09T10:52:28.993+0000] {logging_mixin.py:188} INFO - [2026-04-09T10:52:28.993+0000] {dag.py:3033} INFO - Sync 1 DAGs
[2026-04-09T10:52:29.021+0000] {logging_mixin.py:188} INFO - [2026-04-09T10:52:29.021+0000] {dag.py:3820} INFO - Setting next_dagrun for example_sla_dag to 2026-04-09T10:50:00+00:00, run_after=2026-04-09T10:52:00+00:00
[2026-04-09T10:52:29.038+0000] {processor.py:183} INFO - Processing /home/airflow/.local/lib/python3.8/site-packages/airflow/example_dags/example_sla_dag.py took 0.082 seconds
[2026-04-09T10:52:59.207+0000] {processor.py:161} INFO - Started process (PID=3280) to work on /home/airflow/.local/lib/python3.8/site-packages/airflow/example_dags/example_sla_dag.py
[2026-04-09T10:52:59.208+0000] {processor.py:830} INFO - Processing file /home/airflow/.local/lib/python3.8/site-packages/airflow/example_dags/example_sla_dag.py for tasks to queue
[2026-04-09T10:52:59.210+0000] {logging_mixin.py:188} INFO - [2026-04-09T10:52:59.210+0000] {dagbag.py:538} INFO - Filling up the DagBag from /home/airflow/.local/lib/python3.8/site-packages/airflow/example_dags/example_sla_dag.py
[2026-04-09T10:52:59.219+0000] {processor.py:840} INFO - DAG(s) 'example_sla_dag' retrieved from /home/airflow/.local/lib/python3.8/site-packages/airflow/example_dags/example_sla_dag.py
[2026-04-09T10:52:59.240+0000] {logging_mixin.py:188} INFO - [2026-04-09T10:52:59.240+0000] {dag.py:3033} INFO - Sync 1 DAGs
[2026-04-09T10:52:59.267+0000] {logging_mixin.py:188} INFO - [2026-04-09T10:52:59.266+0000] {dag.py:3820} INFO - Setting next_dagrun for example_sla_dag to 2026-04-09T10:50:00+00:00, run_after=2026-04-09T10:52:00+00:00
[2026-04-09T10:52:59.284+0000] {processor.py:183} INFO - Processing /home/airflow/.local/lib/python3.8/site-packages/airflow/example_dags/example_sla_dag.py took 0.080 seconds
[2026-04-09T10:53:29.669+0000] {processor.py:161} INFO - Started process (PID=3340) to work on /home/airflow/.local/lib/python3.8/site-packages/airflow/example_dags/example_sla_dag.py
[2026-04-09T10:53:29.670+0000] {processor.py:830} INFO - Processing file /home/airflow/.local/lib/python3.8/site-packages/airflow/example_dags/example_sla_dag.py for tasks to queue
[2026-04-09T10:53:29.672+0000] {logging_mixin.py:188} INFO - [2026-04-09T10:53:29.671+0000] {dagbag.py:538} INFO - Filling up the DagBag from /home/airflow/.local/lib/python3.8/site-packages/airflow/example_dags/example_sla_dag.py
[2026-04-09T10:53:29.681+0000] {processor.py:840} INFO - DAG(s) 'example_sla_dag' retrieved from /home/airflow/.local/lib/python3.8/site-packages/airflow/example_dags/example_sla_dag.py
[2026-04-09T10:53:29.701+0000] {logging_mixin.py:188} INFO - [2026-04-09T10:53:29.701+0000] {dag.py:3033} INFO - Sync 1 DAGs
[2026-04-09T10:53:29.728+0000] {logging_mixin.py:188} INFO - [2026-04-09T10:53:29.728+0000] {dag.py:3820} INFO - Setting next_dagrun for example_sla_dag to 2026-04-09T10:50:00+00:00, run_after=2026-04-09T10:52:00+00:00
[2026-04-09T10:53:29.745+0000] {processor.py:183} INFO - Processing /home/airflow/.local/lib/python3.8/site-packages/airflow/example_dags/example_sla_dag.py took 0.080 seconds
[2026-04-09T10:53:59.906+0000] {processor.py:161} INFO - Started process (PID=3401) to work on /home/airflow/.local/lib/python3.8/site-packages/airflow/example_dags/example_sla_dag.py
[2026-04-09T10:53:59.907+0000] {processor.py:830} INFO - Processing file /home/airflow/.local/lib/python3.8/site-packages/airflow/example_dags/example_sla_dag.py for tasks to queue
[2026-04-09T10:53:59.909+0000] {logging_mixin.py:188} INFO - [2026-04-09T10:53:59.909+0000] {dagbag.py:538} INFO - Filling up the DagBag from /home/airflow/.local/lib/python3.8/site-packages/airflow/example_dags/example_sla_dag.py
[2026-04-09T10:53:59.918+0000] {processor.py:840} INFO - DAG(s) 'example_sla_dag' retrieved from /home/airflow/.local/lib/python3.8/site-packages/airflow/example_dags/example_sla_dag.py
[2026-04-09T10:53:59.932+0000] {logging_mixin.py:188} INFO - [2026-04-09T10:53:59.932+0000] {dag.py:3033} INFO - Sync 1 DAGs
[2026-04-09T10:53:59.950+0000] {logging_mixin.py:188} INFO - [2026-04-09T10:53:59.950+0000] {dag.py:3820} INFO - Setting next_dagrun for example_sla_dag to 2026-04-09T10:50:00+00:00, run_after=2026-04-09T10:52:00+00:00
[2026-04-09T10:53:59.962+0000] {processor.py:183} INFO - Processing /home/airflow/.local/lib/python3.8/site-packages/airflow/example_dags/example_sla_dag.py took 0.060 seconds
[2026-04-09T10:54:30.468+0000] {processor.py:161} INFO - Started process (PID=3463) to work on /home/airflow/.local/lib/python3.8/site-packages/airflow/example_dags/example_sla_dag.py
[2026-04-09T10:54:30.471+0000] {processor.py:830} INFO - Processing file /home/airflow/.local/lib/python3.8/site-packages/airflow/example_dags/example_sla_dag.py for tasks to queue
[2026-04-09T10:54:30.475+0000] {logging_mixin.py:188} INFO - [2026-04-09T10:54:30.475+0000] {dagbag.py:538} INFO - Filling up the DagBag from /home/airflow/.local/lib/python3.8/site-packages/airflow/example_dags/example_sla_dag.py
[2026-04-09T10:54:30.495+0000] {processor.py:840} INFO - DAG(s) 'example_sla_dag' retrieved from /home/airflow/.local/lib/python3.8/site-packages/airflow/example_dags/example_sla_dag.py
[2026-04-09T10:54:30.590+0000] {logging_mixin.py:188} INFO - [2026-04-09T10:54:30.590+0000] {dag.py:3033} INFO - Sync 1 DAGs
[2026-04-09T10:54:30.705+0000] {logging_mixin.py:188} INFO - [2026-04-09T10:54:30.704+0000] {dag.py:3820} INFO - Setting next_dagrun for example_sla_dag to 2026-04-09T10:52:00+00:00, run_after=2026-04-09T10:54:00+00:00
[2026-04-09T10:54:30.751+0000] {processor.py:183} INFO - Processing /home/airflow/.local/lib/python3.8/site-packages/airflow/example_dags/example_sla_dag.py took 0.293 seconds
[2026-04-09T10:55:01.728+0000] {processor.py:161} INFO - Started process (PID=3524) to work on /home/airflow/.local/lib/python3.8/site-packages/airflow/example_dags/example_sla_dag.py
[2026-04-09T10:55:01.732+0000] {processor.py:830} INFO - Processing file /home/airflow/.local/lib/python3.8/site-packages/airflow/example_dags/example_sla_dag.py for tasks to queue
[2026-04-09T10:55:01.740+0000] {logging_mixin.py:188} INFO - [2026-04-09T10:55:01.739+0000] {dagbag.py:538} INFO - Filling up the DagBag from /home/airflow/.local/lib/python3.8/site-packages/airflow/example_dags/example_sla_dag.py
[2026-04-09T10:55:01.771+0000] {processor.py:840} INFO - DAG(s) 'example_sla_dag' retrieved from /home/airflow/.local/lib/python3.8/site-packages/airflow/example_dags/example_sla_dag.py
[2026-04-09T10:55:01.833+0000] {logging_mixin.py:188} INFO - [2026-04-09T10:55:01.832+0000] {dag.py:3033} INFO - Sync 1 DAGs
[2026-04-09T10:55:01.950+0000] {logging_mixin.py:188} INFO - [2026-04-09T10:55:01.950+0000] {dag.py:3820} INFO - Setting next_dagrun for example_sla_dag to 2026-04-09T10:52:00+00:00, run_after=2026-04-09T10:54:00+00:00
[2026-04-09T10:55:01.999+0000] {processor.py:183} INFO - Processing /home/airflow/.local/lib/python3.8/site-packages/airflow/example_dags/example_sla_dag.py took 0.283 seconds
[2026-04-09T10:55:32.710+0000] {processor.py:161} INFO - Started process (PID=3585) to work on /home/airflow/.local/lib/python3.8/site-packages/airflow/example_dags/example_sla_dag.py
[2026-04-09T10:55:32.711+0000] {processor.py:830} INFO - Processing file /home/airflow/.local/lib/python3.8/site-packages/airflow/example_dags/example_sla_dag.py for tasks to queue
[2026-04-09T10:55:32.713+0000] {logging_mixin.py:188} INFO - [2026-04-09T10:55:32.712+0000] {dagbag.py:538} INFO - Filling up the DagBag from /home/airflow/.local/lib/python3.8/site-packages/airflow/example_dags/example_sla_dag.py
[2026-04-09T10:55:32.722+0000] {processor.py:840} INFO - DAG(s) 'example_sla_dag' retrieved from /home/airflow/.local/lib/python3.8/site-packages/airflow/example_dags/example_sla_dag.py
[2026-04-09T10:55:32.743+0000] {logging_mixin.py:188} INFO - [2026-04-09T10:55:32.743+0000] {dag.py:3033} INFO - Sync 1 DAGs
[2026-04-09T10:55:32.777+0000] {logging_mixin.py:188} INFO - [2026-04-09T10:55:32.777+0000] {dag.py:3820} INFO - Setting next_dagrun for example_sla_dag to 2026-04-09T10:52:00+00:00, run_after=2026-04-09T10:54:00+00:00
[2026-04-09T10:55:32.794+0000] {processor.py:183} INFO - Processing /home/airflow/.local/lib/python3.8/site-packages/airflow/example_dags/example_sla_dag.py took 0.088 seconds
[2026-04-09T10:56:02.973+0000] {processor.py:161} INFO - Started process (PID=3645) to work on /home/airflow/.local/lib/python3.8/site-packages/airflow/example_dags/example_sla_dag.py
[2026-04-09T10:56:02.974+0000] {processor.py:830} INFO - Processing file /home/airflow/.local/lib/python3.8/site-packages/airflow/example_dags/example_sla_dag.py for tasks to queue
[2026-04-09T10:56:02.976+0000] {logging_mixin.py:188} INFO - [2026-04-09T10:56:02.976+0000] {dagbag.py:538} INFO - Filling up the DagBag from /home/airflow/.local/lib/python3.8/site-packages/airflow/example_dags/example_sla_dag.py
[2026-04-09T10:56:02.987+0000] {processor.py:840} INFO - DAG(s) 'example_sla_dag' retrieved from /home/airflow/.local/lib/python3.8/site-packages/airflow/example_dags/example_sla_dag.py
[2026-04-09T10:56:03.017+0000] {logging_mixin.py:188} INFO - [2026-04-09T10:56:03.017+0000] {dag.py:3033} INFO - Sync 1 DAGs
[2026-04-09T10:56:03.045+0000] {logging_mixin.py:188} INFO - [2026-04-09T10:56:03.045+0000] {dag.py:3820} INFO - Setting next_dagrun for example_sla_dag to 2026-04-09T10:54:00+00:00, run_after=2026-04-09T10:56:00+00:00
[2026-04-09T10:56:03.063+0000] {processor.py:183} INFO - Processing /home/airflow/.local/lib/python3.8/site-packages/airflow/example_dags/example_sla_dag.py took 0.093 seconds
[2026-04-09T10:56:33.183+0000] {processor.py:161} INFO - Started process (PID=3706) to work on /home/airflow/.local/lib/python3.8/site-packages/airflow/example_dags/example_sla_dag.py
[2026-04-09T10:56:33.184+0000] {processor.py:830} INFO - Processing file /home/airflow/.local/lib/python3.8/site-packages/airflow/example_dags/example_sla_dag.py for tasks to queue
[2026-04-09T10:56:33.186+0000] {logging_mixin.py:188} INFO - [2026-04-09T10:56:33.185+0000] {dagbag.py:538} INFO - Filling up the DagBag from /home/airflow/.local/lib/python3.8/site-packages/airflow/example_dags/example_sla_dag.py
[2026-04-09T10:56:33.195+0000] {processor.py:840} INFO - DAG(s) 'example_sla_dag' retrieved from /home/airflow/.local/lib/python3.8/site-packages/airflow/example_dags/example_sla_dag.py
[2026-04-09T10:56:33.216+0000] {logging_mixin.py:188} INFO - [2026-04-09T10:56:33.216+0000] {dag.py:3033} INFO - Sync 1 DAGs
[2026-04-09T10:56:33.244+0000] {logging_mixin.py:188} INFO - [2026-04-09T10:56:33.244+0000] {dag.py:3820} INFO - Setting next_dagrun for example_sla_dag to 2026-04-09T10:54:00+00:00, run_after=2026-04-09T10:56:00+00:00
[2026-04-09T10:56:33.261+0000] {processor.py:183} INFO - Processing /home/airflow/.local/lib/python3.8/site-packages/airflow/example_dags/example_sla_dag.py took 0.081 seconds
[2026-04-09T10:57:03.705+0000] {processor.py:161} INFO - Started process (PID=3767) to work on /home/airflow/.local/lib/python3.8/site-packages/airflow/example_dags/example_sla_dag.py
[2026-04-09T10:57:03.707+0000] {processor.py:830} INFO - Processing file /home/airflow/.local/lib/python3.8/site-packages/airflow/example_dags/example_sla_dag.py for tasks to queue
[2026-04-09T10:57:03.709+0000] {logging_mixin.py:188} INFO - [2026-04-09T10:57:03.708+0000] {dagbag.py:538} INFO - Filling up the DagBag from /home/airflow/.local/lib/python3.8/site-packages/airflow/example_dags/example_sla_dag.py
[2026-04-09T10:57:03.718+0000] {processor.py:840} INFO - DAG(s) 'example_sla_dag' retrieved from /home/airflow/.local/lib/python3.8/site-packages/airflow/example_dags/example_sla_dag.py
[2026-04-09T10:57:03.739+0000] {logging_mixin.py:188} INFO - [2026-04-09T10:57:03.739+0000] {dag.py:3033} INFO - Sync 1 DAGs
[2026-04-09T10:57:03.767+0000] {logging_mixin.py:188} INFO - [2026-04-09T10:57:03.766+0000] {dag.py:3820} INFO - Setting next_dagrun for example_sla_dag to 2026-04-09T10:54:00+00:00, run_after=2026-04-09T10:56:00+00:00
[2026-04-09T10:57:03.783+0000] {processor.py:183} INFO - Processing /home/airflow/.local/lib/python3.8/site-packages/airflow/example_dags/example_sla_dag.py took 0.081 seconds
[2026-04-09T10:57:33.997+0000] {processor.py:161} INFO - Started process (PID=3828) to work on /home/airflow/.local/lib/python3.8/site-packages/airflow/example_dags/example_sla_dag.py
[2026-04-09T10:57:33.998+0000] {processor.py:830} INFO - Processing file /home/airflow/.local/lib/python3.8/site-packages/airflow/example_dags/example_sla_dag.py for tasks to queue
[2026-04-09T10:57:34.000+0000] {logging_mixin.py:188} INFO - [2026-04-09T10:57:34.000+0000] {dagbag.py:538} INFO - Filling up the DagBag from /home/airflow/.local/lib/python3.8/site-packages/airflow/example_dags/example_sla_dag.py
[2026-04-09T10:57:34.019+0000] {processor.py:840} INFO - DAG(s) 'example_sla_dag' retrieved from /home/airflow/.local/lib/python3.8/site-packages/airflow/example_dags/example_sla_dag.py
[2026-04-09T10:57:34.054+0000] {logging_mixin.py:188} INFO - [2026-04-09T10:57:34.054+0000] {dag.py:3033} INFO - Sync 1 DAGs
[2026-04-09T10:57:34.090+0000] {logging_mixin.py:188} INFO - [2026-04-09T10:57:34.089+0000] {dag.py:3820} INFO - Setting next_dagrun for example_sla_dag to 2026-04-09T10:54:00+00:00, run_after=2026-04-09T10:56:00+00:00
[2026-04-09T10:57:34.163+0000] {processor.py:183} INFO - Processing /home/airflow/.local/lib/python3.8/site-packages/airflow/example_dags/example_sla_dag.py took 0.169 seconds
[2026-04-09T10:58:04.416+0000] {processor.py:161} INFO - Started process (PID=3889) to work on /home/airflow/.local/lib/python3.8/site-packages/airflow/example_dags/example_sla_dag.py
[2026-04-09T10:58:04.419+0000] {processor.py:830} INFO - Processing file /home/airflow/.local/lib/python3.8/site-packages/airflow/example_dags/example_sla_dag.py for tasks to queue
[2026-04-09T10:58:04.421+0000] {logging_mixin.py:188} INFO - [2026-04-09T10:58:04.420+0000] {dagbag.py:538} INFO - Filling up the DagBag from /home/airflow/.local/lib/python3.8/site-packages/airflow/example_dags/example_sla_dag.py
[2026-04-09T10:58:04.432+0000] {processor.py:840} INFO - DAG(s) 'example_sla_dag' retrieved from /home/airflow/.local/lib/python3.8/site-packages/airflow/example_dags/example_sla_dag.py
[2026-04-09T10:58:04.460+0000] {logging_mixin.py:188} INFO - [2026-04-09T10:58:04.460+0000] {dag.py:3033} INFO - Sync 1 DAGs
[2026-04-09T10:58:04.488+0000] {logging_mixin.py:188} INFO - [2026-04-09T10:58:04.487+0000] {dag.py:3820} INFO - Setting next_dagrun for example_sla_dag to 2026-04-09T10:56:00+00:00, run_after=2026-04-09T10:58:00+00:00
[2026-04-09T10:58:04.504+0000] {processor.py:183} INFO - Processing /home/airflow/.local/lib/python3.8/site-packages/airflow/example_dags/example_sla_dag.py took 0.095 seconds
[2026-04-09T10:58:34.590+0000] {processor.py:161} INFO - Started process (PID=3950) to work on /home/airflow/.local/lib/python3.8/site-packages/airflow/example_dags/example_sla_dag.py
[2026-04-09T10:58:34.592+0000] {processor.py:830} INFO - Processing file /home/airflow/.local/lib/python3.8/site-packages/airflow/example_dags/example_sla_dag.py for tasks to queue
[2026-04-09T10:58:34.594+0000] {logging_mixin.py:188} INFO - [2026-04-09T10:58:34.594+0000] {dagbag.py:538} INFO - Filling up the DagBag from /home/airflow/.local/lib/python3.8/site-packages/airflow/example_dags/example_sla_dag.py
[2026-04-09T10:58:34.603+0000] {processor.py:840} INFO - DAG(s) 'example_sla_dag' retrieved from /home/airflow/.local/lib/python3.8/site-packages/airflow/example_dags/example_sla_dag.py
[2026-04-09T10:58:34.625+0000] {logging_mixin.py:188} INFO - [2026-04-09T10:58:34.625+0000] {dag.py:3033} INFO - Sync 1 DAGs
[2026-04-09T10:58:34.662+0000] {logging_mixin.py:188} INFO - [2026-04-09T10:58:34.662+0000] {dag.py:3820} INFO - Setting next_dagrun for example_sla_dag to 2026-04-09T10:56:00+00:00, run_after=2026-04-09T10:58:00+00:00
[2026-04-09T10:58:34.706+0000] {processor.py:183} INFO - Processing /home/airflow/.local/lib/python3.8/site-packages/airflow/example_dags/example_sla_dag.py took 0.119 seconds
[2026-04-09T12:02:53.171+0000] {processor.py:161} INFO - Started process (PID=96) to work on /home/airflow/.local/lib/python3.8/site-packages/airflow/example_dags/example_sla_dag.py
[2026-04-09T12:02:53.173+0000] {processor.py:830} INFO - Processing file /home/airflow/.local/lib/python3.8/site-packages/airflow/example_dags/example_sla_dag.py for tasks to queue
[2026-04-09T12:02:53.175+0000] {logging_mixin.py:188} INFO - [2026-04-09T12:02:53.175+0000] {dagbag.py:538} INFO - Filling up the DagBag from /home/airflow/.local/lib/python3.8/site-packages/airflow/example_dags/example_sla_dag.py
[2026-04-09T12:02:53.184+0000] {processor.py:840} INFO - DAG(s) 'example_sla_dag' retrieved from /home/airflow/.local/lib/python3.8/site-packages/airflow/example_dags/example_sla_dag.py
[2026-04-09T12:02:53.206+0000] {logging_mixin.py:188} INFO - [2026-04-09T12:02:53.206+0000] {dag.py:3033} INFO - Sync 1 DAGs
[2026-04-09T12:02:53.235+0000] {logging_mixin.py:188} INFO - [2026-04-09T12:02:53.235+0000] {dag.py:3820} INFO - Setting next_dagrun for example_sla_dag to 2026-04-09T12:00:00+00:00, run_after=2026-04-09T12:02:00+00:00
[2026-04-09T12:02:53.254+0000] {processor.py:183} INFO - Processing /home/airflow/.local/lib/python3.8/site-packages/airflow/example_dags/example_sla_dag.py took 0.087 seconds
[2026-04-09T12:03:23.964+0000] {processor.py:161} INFO - Started process (PID=157) to work on /home/airflow/.local/lib/python3.8/site-packages/airflow/example_dags/example_sla_dag.py
[2026-04-09T12:03:23.965+0000] {processor.py:830} INFO - Processing file /home/airflow/.local/lib/python3.8/site-packages/airflow/example_dags/example_sla_dag.py for tasks to queue
[2026-04-09T12:03:23.967+0000] {logging_mixin.py:188} INFO - [2026-04-09T12:03:23.967+0000] {dagbag.py:538} INFO - Filling up the DagBag from /home/airflow/.local/lib/python3.8/site-packages/airflow/example_dags/example_sla_dag.py
[2026-04-09T12:03:23.973+0000] {processor.py:840} INFO - DAG(s) 'example_sla_dag' retrieved from /home/airflow/.local/lib/python3.8/site-packages/airflow/example_dags/example_sla_dag.py
[2026-04-09T12:03:23.988+0000] {logging_mixin.py:188} INFO - [2026-04-09T12:03:23.988+0000] {dag.py:3033} INFO - Sync 1 DAGs
[2026-04-09T12:03:24.006+0000] {logging_mixin.py:188} INFO - [2026-04-09T12:03:24.005+0000] {dag.py:3820} INFO - Setting next_dagrun for example_sla_dag to 2026-04-09T12:00:00+00:00, run_after=2026-04-09T12:02:00+00:00
[2026-04-09T12:03:24.020+0000] {processor.py:183} INFO - Processing /home/airflow/.local/lib/python3.8/site-packages/airflow/example_dags/example_sla_dag.py took 0.058 seconds
[2026-04-09T12:03:54.197+0000] {processor.py:161} INFO - Started process (PID=218) to work on /home/airflow/.local/lib/python3.8/site-packages/airflow/example_dags/example_sla_dag.py
[2026-04-09T12:03:54.197+0000] {processor.py:830} INFO - Processing file /home/airflow/.local/lib/python3.8/site-packages/airflow/example_dags/example_sla_dag.py for tasks to queue
[2026-04-09T12:03:54.199+0000] {logging_mixin.py:188} INFO - [2026-04-09T12:03:54.199+0000] {dagbag.py:538} INFO - Filling up the DagBag from /home/airflow/.local/lib/python3.8/site-packages/airflow/example_dags/example_sla_dag.py
[2026-04-09T12:03:54.205+0000] {processor.py:840} INFO - DAG(s) 'example_sla_dag' retrieved from /home/airflow/.local/lib/python3.8/site-packages/airflow/example_dags/example_sla_dag.py
[2026-04-09T12:03:54.220+0000] {logging_mixin.py:188} INFO - [2026-04-09T12:03:54.220+0000] {dag.py:3033} INFO - Sync 1 DAGs
[2026-04-09T12:03:54.238+0000] {logging_mixin.py:188} INFO - [2026-04-09T12:03:54.238+0000] {dag.py:3820} INFO - Setting next_dagrun for example_sla_dag to 2026-04-09T12:00:00+00:00, run_after=2026-04-09T12:02:00+00:00
[2026-04-09T12:03:54.257+0000] {processor.py:183} INFO - Processing /home/airflow/.local/lib/python3.8/site-packages/airflow/example_dags/example_sla_dag.py took 0.063 seconds
[2026-04-09T12:04:24.556+0000] {processor.py:161} INFO - Started process (PID=279) to work on /home/airflow/.local/lib/python3.8/site-packages/airflow/example_dags/example_sla_dag.py
[2026-04-09T12:04:24.557+0000] {processor.py:830} INFO - Processing file /home/airflow/.local/lib/python3.8/site-packages/airflow/example_dags/example_sla_dag.py for tasks to queue
[2026-04-09T12:04:24.559+0000] {logging_mixin.py:188} INFO - [2026-04-09T12:04:24.559+0000] {dagbag.py:538} INFO - Filling up the DagBag from /home/airflow/.local/lib/python3.8/site-packages/airflow/example_dags/example_sla_dag.py
[2026-04-09T12:04:24.568+0000] {processor.py:840} INFO - DAG(s) 'example_sla_dag' retrieved from /home/airflow/.local/lib/python3.8/site-packages/airflow/example_dags/example_sla_dag.py
[2026-04-09T12:04:24.589+0000] {logging_mixin.py:188} INFO - [2026-04-09T12:04:24.588+0000] {dag.py:3033} INFO - Sync 1 DAGs
[2026-04-09T12:04:24.618+0000] {logging_mixin.py:188} INFO - [2026-04-09T12:04:24.617+0000] {dag.py:3820} INFO - Setting next_dagrun for example_sla_dag to 2026-04-09T12:02:00+00:00, run_after=2026-04-09T12:04:00+00:00
[2026-04-09T12:04:24.641+0000] {processor.py:183} INFO - Processing /home/airflow/.local/lib/python3.8/site-packages/airflow/example_dags/example_sla_dag.py took 0.088 seconds
[2026-04-09T12:04:54.901+0000] {processor.py:161} INFO - Started process (PID=340) to work on /home/airflow/.local/lib/python3.8/site-packages/airflow/example_dags/example_sla_dag.py
[2026-04-09T12:04:54.902+0000] {processor.py:830} INFO - Processing file /home/airflow/.local/lib/python3.8/site-packages/airflow/example_dags/example_sla_dag.py for tasks to queue
[2026-04-09T12:04:54.904+0000] {logging_mixin.py:188} INFO - [2026-04-09T12:04:54.904+0000] {dagbag.py:538} INFO - Filling up the DagBag from /home/airflow/.local/lib/python3.8/site-packages/airflow/example_dags/example_sla_dag.py
[2026-04-09T12:04:54.910+0000] {processor.py:840} INFO - DAG(s) 'example_sla_dag' retrieved from /home/airflow/.local/lib/python3.8/site-packages/airflow/example_dags/example_sla_dag.py
[2026-04-09T12:04:54.925+0000] {logging_mixin.py:188} INFO - [2026-04-09T12:04:54.925+0000] {dag.py:3033} INFO - Sync 1 DAGs
[2026-04-09T12:04:54.943+0000] {logging_mixin.py:188} INFO - [2026-04-09T12:04:54.943+0000] {dag.py:3820} INFO - Setting next_dagrun for example_sla_dag to 2026-04-09T12:02:00+00:00, run_after=2026-04-09T12:04:00+00:00
[2026-04-09T12:04:54.956+0000] {processor.py:183} INFO - Processing /home/airflow/.local/lib/python3.8/site-packages/airflow/example_dags/example_sla_dag.py took 0.057 seconds
[2026-04-09T12:05:25.368+0000] {processor.py:161} INFO - Started process (PID=401) to work on /home/airflow/.local/lib/python3.8/site-packages/airflow/example_dags/example_sla_dag.py
[2026-04-09T12:05:25.369+0000] {processor.py:830} INFO - Processing file /home/airflow/.local/lib/python3.8/site-packages/airflow/example_dags/example_sla_dag.py for tasks to queue
[2026-04-09T12:05:25.371+0000] {logging_mixin.py:188} INFO - [2026-04-09T12:05:25.370+0000] {dagbag.py:538} INFO - Filling up the DagBag from /home/airflow/.local/lib/python3.8/site-packages/airflow/example_dags/example_sla_dag.py
[2026-04-09T12:05:25.377+0000] {processor.py:840} INFO - DAG(s) 'example_sla_dag' retrieved from /home/airflow/.local/lib/python3.8/site-packages/airflow/example_dags/example_sla_dag.py
[2026-04-09T12:05:25.392+0000] {logging_mixin.py:188} INFO - [2026-04-09T12:05:25.391+0000] {dag.py:3033} INFO - Sync 1 DAGs
[2026-04-09T12:05:25.410+0000] {logging_mixin.py:188} INFO - [2026-04-09T12:05:25.410+0000] {dag.py:3820} INFO - Setting next_dagrun for example_sla_dag to 2026-04-09T12:02:00+00:00, run_after=2026-04-09T12:04:00+00:00
[2026-04-09T12:05:25.423+0000] {processor.py:183} INFO - Processing /home/airflow/.local/lib/python3.8/site-packages/airflow/example_dags/example_sla_dag.py took 0.057 seconds
[2026-04-09T12:05:55.593+0000] {processor.py:161} INFO - Started process (PID=462) to work on /home/airflow/.local/lib/python3.8/site-packages/airflow/example_dags/example_sla_dag.py
[2026-04-09T12:05:55.594+0000] {processor.py:830} INFO - Processing file /home/airflow/.local/lib/python3.8/site-packages/airflow/example_dags/example_sla_dag.py for tasks to queue
[2026-04-09T12:05:55.595+0000] {logging_mixin.py:188} INFO - [2026-04-09T12:05:55.595+0000] {dagbag.py:538} INFO - Filling up the DagBag from /home/airflow/.local/lib/python3.8/site-packages/airflow/example_dags/example_sla_dag.py
[2026-04-09T12:05:55.601+0000] {processor.py:840} INFO - DAG(s) 'example_sla_dag' retrieved from /home/airflow/.local/lib/python3.8/site-packages/airflow/example_dags/example_sla_dag.py
[2026-04-09T12:05:55.617+0000] {logging_mixin.py:188} INFO - [2026-04-09T12:05:55.617+0000] {dag.py:3033} INFO - Sync 1 DAGs
[2026-04-09T12:05:55.636+0000] {logging_mixin.py:188} INFO - [2026-04-09T12:05:55.635+0000] {dag.py:3820} INFO - Setting next_dagrun for example_sla_dag to 2026-04-09T12:02:00+00:00, run_after=2026-04-09T12:04:00+00:00
[2026-04-09T12:05:55.649+0000] {processor.py:183} INFO - Processing /home/airflow/.local/lib/python3.8/site-packages/airflow/example_dags/example_sla_dag.py took 0.058 seconds
[2026-04-09T12:06:26.098+0000] {processor.py:161} INFO - Started process (PID=523) to work on /home/airflow/.local/lib/python3.8/site-packages/airflow/example_dags/example_sla_dag.py
[2026-04-09T12:06:26.099+0000] {processor.py:830} INFO - Processing file /home/airflow/.local/lib/python3.8/site-packages/airflow/example_dags/example_sla_dag.py for tasks to queue
[2026-04-09T12:06:26.101+0000] {logging_mixin.py:188} INFO - [2026-04-09T12:06:26.100+0000] {dagbag.py:538} INFO - Filling up the DagBag from /home/airflow/.local/lib/python3.8/site-packages/airflow/example_dags/example_sla_dag.py
[2026-04-09T12:06:26.107+0000] {processor.py:840} INFO - DAG(s) 'example_sla_dag' retrieved from /home/airflow/.local/lib/python3.8/site-packages/airflow/example_dags/example_sla_dag.py
[2026-04-09T12:06:26.122+0000] {logging_mixin.py:188} INFO - [2026-04-09T12:06:26.122+0000] {dag.py:3033} INFO - Sync 1 DAGs
[2026-04-09T12:06:26.140+0000] {logging_mixin.py:188} INFO - [2026-04-09T12:06:26.140+0000] {dag.py:3820} INFO - Setting next_dagrun for example_sla_dag to 2026-04-09T12:04:00+00:00, run_after=2026-04-09T12:06:00+00:00
[2026-04-09T12:06:26.154+0000] {processor.py:183} INFO - Processing /home/airflow/.local/lib/python3.8/site-packages/airflow/example_dags/example_sla_dag.py took 0.059 seconds
[2026-04-09T12:06:57.158+0000] {processor.py:161} INFO - Started process (PID=584) to work on /home/airflow/.local/lib/python3.8/site-packages/airflow/example_dags/example_sla_dag.py
[2026-04-09T12:06:57.159+0000] {processor.py:830} INFO - Processing file /home/airflow/.local/lib/python3.8/site-packages/airflow/example_dags/example_sla_dag.py for tasks to queue
[2026-04-09T12:06:57.161+0000] {logging_mixin.py:188} INFO - [2026-04-09T12:06:57.161+0000] {dagbag.py:538} INFO - Filling up the DagBag from /home/airflow/.local/lib/python3.8/site-packages/airflow/example_dags/example_sla_dag.py
[2026-04-09T12:06:57.170+0000] {processor.py:840} INFO - DAG(s) 'example_sla_dag' retrieved from /home/airflow/.local/lib/python3.8/site-packages/airflow/example_dags/example_sla_dag.py
[2026-04-09T12:06:57.193+0000] {logging_mixin.py:188} INFO - [2026-04-09T12:06:57.193+0000] {dag.py:3033} INFO - Sync 1 DAGs
[2026-04-09T12:06:57.228+0000] {logging_mixin.py:188} INFO - [2026-04-09T12:06:57.228+0000] {dag.py:3820} INFO - Setting next_dagrun for example_sla_dag to 2026-04-09T12:04:00+00:00, run_after=2026-04-09T12:06:00+00:00
[2026-04-09T12:06:57.277+0000] {processor.py:183} INFO - Processing /home/airflow/.local/lib/python3.8/site-packages/airflow/example_dags/example_sla_dag.py took 0.122 seconds
[2026-04-09T12:07:28.281+0000] {processor.py:161} INFO - Started process (PID=645) to work on /home/airflow/.local/lib/python3.8/site-packages/airflow/example_dags/example_sla_dag.py
[2026-04-09T12:07:28.282+0000] {processor.py:830} INFO - Processing file /home/airflow/.local/lib/python3.8/site-packages/airflow/example_dags/example_sla_dag.py for tasks to queue
[2026-04-09T12:07:28.285+0000] {logging_mixin.py:188} INFO - [2026-04-09T12:07:28.284+0000] {dagbag.py:538} INFO - Filling up the DagBag from /home/airflow/.local/lib/python3.8/site-packages/airflow/example_dags/example_sla_dag.py
[2026-04-09T12:07:28.293+0000] {processor.py:840} INFO - DAG(s) 'example_sla_dag' retrieved from /home/airflow/.local/lib/python3.8/site-packages/airflow/example_dags/example_sla_dag.py
[2026-04-09T12:07:28.316+0000] {logging_mixin.py:188} INFO - [2026-04-09T12:07:28.316+0000] {dag.py:3033} INFO - Sync 1 DAGs
[2026-04-09T12:07:28.354+0000] {logging_mixin.py:188} INFO - [2026-04-09T12:07:28.354+0000] {dag.py:3820} INFO - Setting next_dagrun for example_sla_dag to 2026-04-09T12:04:00+00:00, run_after=2026-04-09T12:06:00+00:00
[2026-04-09T12:07:28.376+0000] {processor.py:183} INFO - Processing /home/airflow/.local/lib/python3.8/site-packages/airflow/example_dags/example_sla_dag.py took 0.098 seconds
[2026-04-09T12:07:58.833+0000] {processor.py:161} INFO - Started process (PID=706) to work on /home/airflow/.local/lib/python3.8/site-packages/airflow/example_dags/example_sla_dag.py
[2026-04-09T12:07:58.835+0000] {processor.py:830} INFO - Processing file /home/airflow/.local/lib/python3.8/site-packages/airflow/example_dags/example_sla_dag.py for tasks to queue
[2026-04-09T12:07:58.837+0000] {logging_mixin.py:188} INFO - [2026-04-09T12:07:58.837+0000] {dagbag.py:538} INFO - Filling up the DagBag from /home/airflow/.local/lib/python3.8/site-packages/airflow/example_dags/example_sla_dag.py
[2026-04-09T12:07:58.846+0000] {processor.py:840} INFO - DAG(s) 'example_sla_dag' retrieved from /home/airflow/.local/lib/python3.8/site-packages/airflow/example_dags/example_sla_dag.py
[2026-04-09T12:07:58.868+0000] {logging_mixin.py:188} INFO - [2026-04-09T12:07:58.868+0000] {dag.py:3033} INFO - Sync 1 DAGs
[2026-04-09T12:07:58.896+0000] {logging_mixin.py:188} INFO - [2026-04-09T12:07:58.896+0000] {dag.py:3820} INFO - Setting next_dagrun for example_sla_dag to 2026-04-09T12:04:00+00:00, run_after=2026-04-09T12:06:00+00:00
[2026-04-09T12:07:58.912+0000] {processor.py:183} INFO - Processing /home/airflow/.local/lib/python3.8/site-packages/airflow/example_dags/example_sla_dag.py took 0.082 seconds
[2026-04-09T12:08:29.542+0000] {processor.py:161} INFO - Started process (PID=767) to work on /home/airflow/.local/lib/python3.8/site-packages/airflow/example_dags/example_sla_dag.py
[2026-04-09T12:08:29.547+0000] {processor.py:830} INFO - Processing file /home/airflow/.local/lib/python3.8/site-packages/airflow/example_dags/example_sla_dag.py for tasks to queue
[2026-04-09T12:08:29.561+0000] {logging_mixin.py:188} INFO - [2026-04-09T12:08:29.560+0000] {dagbag.py:538} INFO - Filling up the DagBag from /home/airflow/.local/lib/python3.8/site-packages/airflow/example_dags/example_sla_dag.py
[2026-04-09T12:08:29.592+0000] {processor.py:840} INFO - DAG(s) 'example_sla_dag' retrieved from /home/airflow/.local/lib/python3.8/site-packages/airflow/example_dags/example_sla_dag.py
[2026-04-09T12:08:29.642+0000] {logging_mixin.py:188} INFO - [2026-04-09T12:08:29.642+0000] {dag.py:3033} INFO - Sync 1 DAGs
[2026-04-09T12:08:29.701+0000] {logging_mixin.py:188} INFO - [2026-04-09T12:08:29.701+0000] {dag.py:3820} INFO - Setting next_dagrun for example_sla_dag to 2026-04-09T12:06:00+00:00, run_after=2026-04-09T12:08:00+00:00
[2026-04-09T12:08:29.729+0000] {processor.py:183} INFO - Processing /home/airflow/.local/lib/python3.8/site-packages/airflow/example_dags/example_sla_dag.py took 0.195 seconds
[2026-04-09T12:08:59.888+0000] {processor.py:161} INFO - Started process (PID=828) to work on /home/airflow/.local/lib/python3.8/site-packages/airflow/example_dags/example_sla_dag.py
[2026-04-09T12:08:59.889+0000] {processor.py:830} INFO - Processing file /home/airflow/.local/lib/python3.8/site-packages/airflow/example_dags/example_sla_dag.py for tasks to queue
[2026-04-09T12:08:59.892+0000] {logging_mixin.py:188} INFO - [2026-04-09T12:08:59.891+0000] {dagbag.py:538} INFO - Filling up the DagBag from /home/airflow/.local/lib/python3.8/site-packages/airflow/example_dags/example_sla_dag.py
[2026-04-09T12:08:59.901+0000] {processor.py:840} INFO - DAG(s) 'example_sla_dag' retrieved from /home/airflow/.local/lib/python3.8/site-packages/airflow/example_dags/example_sla_dag.py
[2026-04-09T12:08:59.923+0000] {logging_mixin.py:188} INFO - [2026-04-09T12:08:59.923+0000] {dag.py:3033} INFO - Sync 1 DAGs
[2026-04-09T12:08:59.954+0000] {logging_mixin.py:188} INFO - [2026-04-09T12:08:59.953+0000] {dag.py:3820} INFO - Setting next_dagrun for example_sla_dag to 2026-04-09T12:06:00+00:00, run_after=2026-04-09T12:08:00+00:00
[2026-04-09T12:08:59.973+0000] {processor.py:183} INFO - Processing /home/airflow/.local/lib/python3.8/site-packages/airflow/example_dags/example_sla_dag.py took 0.088 seconds
[2026-04-09T12:09:30.892+0000] {processor.py:161} INFO - Started process (PID=895) to work on /home/airflow/.local/lib/python3.8/site-packages/airflow/example_dags/example_sla_dag.py
[2026-04-09T12:09:30.892+0000] {processor.py:830} INFO - Processing file /home/airflow/.local/lib/python3.8/site-packages/airflow/example_dags/example_sla_dag.py for tasks to queue
[2026-04-09T12:09:30.895+0000] {logging_mixin.py:188} INFO - [2026-04-09T12:09:30.895+0000] {dagbag.py:538} INFO - Filling up the DagBag from /home/airflow/.local/lib/python3.8/site-packages/airflow/example_dags/example_sla_dag.py
[2026-04-09T12:09:30.903+0000] {processor.py:840} INFO - DAG(s) 'example_sla_dag' retrieved from /home/airflow/.local/lib/python3.8/site-packages/airflow/example_dags/example_sla_dag.py
[2026-04-09T12:09:30.925+0000] {logging_mixin.py:188} INFO - [2026-04-09T12:09:30.925+0000] {dag.py:3033} INFO - Sync 1 DAGs
[2026-04-09T12:09:30.954+0000] {logging_mixin.py:188} INFO - [2026-04-09T12:09:30.953+0000] {dag.py:3820} INFO - Setting next_dagrun for example_sla_dag to 2026-04-09T12:06:00+00:00, run_after=2026-04-09T12:08:00+00:00
[2026-04-09T12:09:30.972+0000] {processor.py:183} INFO - Processing /home/airflow/.local/lib/python3.8/site-packages/airflow/example_dags/example_sla_dag.py took 0.084 seconds
[2026-04-09T12:10:01.205+0000] {processor.py:161} INFO - Started process (PID=956) to work on /home/airflow/.local/lib/python3.8/site-packages/airflow/example_dags/example_sla_dag.py
[2026-04-09T12:10:01.207+0000] {processor.py:830} INFO - Processing file /home/airflow/.local/lib/python3.8/site-packages/airflow/example_dags/example_sla_dag.py for tasks to queue
[2026-04-09T12:10:01.209+0000] {logging_mixin.py:188} INFO - [2026-04-09T12:10:01.209+0000] {dagbag.py:538} INFO - Filling up the DagBag from /home/airflow/.local/lib/python3.8/site-packages/airflow/example_dags/example_sla_dag.py
[2026-04-09T12:10:01.226+0000] {processor.py:840} INFO - DAG(s) 'example_sla_dag' retrieved from /home/airflow/.local/lib/python3.8/site-packages/airflow/example_dags/example_sla_dag.py
[2026-04-09T12:10:01.247+0000] {logging_mixin.py:188} INFO - [2026-04-09T12:10:01.247+0000] {dag.py:3033} INFO - Sync 1 DAGs
[2026-04-09T12:10:01.275+0000] {logging_mixin.py:188} INFO - [2026-04-09T12:10:01.275+0000] {dag.py:3820} INFO - Setting next_dagrun for example_sla_dag to 2026-04-09T12:08:00+00:00, run_after=2026-04-09T12:10:00+00:00
[2026-04-09T12:10:01.294+0000] {processor.py:183} INFO - Processing /home/airflow/.local/lib/python3.8/site-packages/airflow/example_dags/example_sla_dag.py took 0.096 seconds
[2026-04-09T12:10:31.605+0000] {processor.py:161} INFO - Started process (PID=1017) to work on /home/airflow/.local/lib/python3.8/site-packages/airflow/example_dags/example_sla_dag.py
[2026-04-09T12:10:31.606+0000] {processor.py:830} INFO - Processing file /home/airflow/.local/lib/python3.8/site-packages/airflow/example_dags/example_sla_dag.py for tasks to queue
[2026-04-09T12:10:31.609+0000] {logging_mixin.py:188} INFO - [2026-04-09T12:10:31.608+0000] {dagbag.py:538} INFO - Filling up the DagBag from /home/airflow/.local/lib/python3.8/site-packages/airflow/example_dags/example_sla_dag.py
[2026-04-09T12:10:31.618+0000] {processor.py:840} INFO - DAG(s) 'example_sla_dag' retrieved from /home/airflow/.local/lib/python3.8/site-packages/airflow/example_dags/example_sla_dag.py
[2026-04-09T12:10:31.650+0000] {logging_mixin.py:188} INFO - [2026-04-09T12:10:31.650+0000] {dag.py:3033} INFO - Sync 1 DAGs
[2026-04-09T12:10:31.680+0000] {logging_mixin.py:188} INFO - [2026-04-09T12:10:31.680+0000] {dag.py:3820} INFO - Setting next_dagrun for example_sla_dag to 2026-04-09T12:08:00+00:00, run_after=2026-04-09T12:10:00+00:00
[2026-04-09T12:10:31.698+0000] {processor.py:183} INFO - Processing /home/airflow/.local/lib/python3.8/site-packages/airflow/example_dags/example_sla_dag.py took 0.097 seconds
[2026-04-09T12:11:01.828+0000] {processor.py:161} INFO - Started process (PID=1078) to work on /home/airflow/.local/lib/python3.8/site-packages/airflow/example_dags/example_sla_dag.py
[2026-04-09T12:11:01.829+0000] {processor.py:830} INFO - Processing file /home/airflow/.local/lib/python3.8/site-packages/airflow/example_dags/example_sla_dag.py for tasks to queue
[2026-04-09T12:11:01.832+0000] {logging_mixin.py:188} INFO - [2026-04-09T12:11:01.831+0000] {dagbag.py:538} INFO - Filling up the DagBag from /home/airflow/.local/lib/python3.8/site-packages/airflow/example_dags/example_sla_dag.py
[2026-04-09T12:11:01.841+0000] {processor.py:840} INFO - DAG(s) 'example_sla_dag' retrieved from /home/airflow/.local/lib/python3.8/site-packages/airflow/example_dags/example_sla_dag.py
[2026-04-09T12:11:01.866+0000] {logging_mixin.py:188} INFO - [2026-04-09T12:11:01.866+0000] {dag.py:3033} INFO - Sync 1 DAGs
[2026-04-09T12:11:01.897+0000] {logging_mixin.py:188} INFO - [2026-04-09T12:11:01.897+0000] {dag.py:3820} INFO - Setting next_dagrun for example_sla_dag to 2026-04-09T12:08:00+00:00, run_after=2026-04-09T12:10:00+00:00
[2026-04-09T12:11:01.915+0000] {processor.py:183} INFO - Processing /home/airflow/.local/lib/python3.8/site-packages/airflow/example_dags/example_sla_dag.py took 0.091 seconds
[2026-04-09T12:11:32.124+0000] {processor.py:161} INFO - Started process (PID=1139) to work on /home/airflow/.local/lib/python3.8/site-packages/airflow/example_dags/example_sla_dag.py
[2026-04-09T12:11:32.125+0000] {processor.py:830} INFO - Processing file /home/airflow/.local/lib/python3.8/site-packages/airflow/example_dags/example_sla_dag.py for tasks to queue
[2026-04-09T12:11:32.127+0000] {logging_mixin.py:188} INFO - [2026-04-09T12:11:32.127+0000] {dagbag.py:538} INFO - Filling up the DagBag from /home/airflow/.local/lib/python3.8/site-packages/airflow/example_dags/example_sla_dag.py
[2026-04-09T12:11:32.136+0000] {processor.py:840} INFO - DAG(s) 'example_sla_dag' retrieved from /home/airflow/.local/lib/python3.8/site-packages/airflow/example_dags/example_sla_dag.py
[2026-04-09T12:11:32.158+0000] {logging_mixin.py:188} INFO - [2026-04-09T12:11:32.158+0000] {dag.py:3033} INFO - Sync 1 DAGs
[2026-04-09T12:11:32.186+0000] {logging_mixin.py:188} INFO - [2026-04-09T12:11:32.186+0000] {dag.py:3820} INFO - Setting next_dagrun for example_sla_dag to 2026-04-09T12:08:00+00:00, run_after=2026-04-09T12:10:00+00:00
[2026-04-09T12:11:32.204+0000] {processor.py:183} INFO - Processing /home/airflow/.local/lib/python3.8/site-packages/airflow/example_dags/example_sla_dag.py took 0.084 seconds
[2026-04-09T12:12:02.475+0000] {processor.py:161} INFO - Started process (PID=1200) to work on /home/airflow/.local/lib/python3.8/site-packages/airflow/example_dags/example_sla_dag.py
[2026-04-09T12:12:02.476+0000] {processor.py:830} INFO - Processing file /home/airflow/.local/lib/python3.8/site-packages/airflow/example_dags/example_sla_dag.py for tasks to queue
[2026-04-09T12:12:02.479+0000] {logging_mixin.py:188} INFO - [2026-04-09T12:12:02.478+0000] {dagbag.py:538} INFO - Filling up the DagBag from /home/airflow/.local/lib/python3.8/site-packages/airflow/example_dags/example_sla_dag.py
[2026-04-09T12:12:02.488+0000] {processor.py:840} INFO - DAG(s) 'example_sla_dag' retrieved from /home/airflow/.local/lib/python3.8/site-packages/airflow/example_dags/example_sla_dag.py
[2026-04-09T12:12:02.510+0000] {logging_mixin.py:188} INFO - [2026-04-09T12:12:02.510+0000] {dag.py:3033} INFO - Sync 1 DAGs
[2026-04-09T12:12:02.553+0000] {logging_mixin.py:188} INFO - [2026-04-09T12:12:02.553+0000] {dag.py:3820} INFO - Setting next_dagrun for example_sla_dag to 2026-04-09T12:10:00+00:00, run_after=2026-04-09T12:12:00+00:00
[2026-04-09T12:12:02.575+0000] {processor.py:183} INFO - Processing /home/airflow/.local/lib/python3.8/site-packages/airflow/example_dags/example_sla_dag.py took 0.104 seconds
[2026-04-09T12:12:32.816+0000] {processor.py:161} INFO - Started process (PID=1261) to work on /home/airflow/.local/lib/python3.8/site-packages/airflow/example_dags/example_sla_dag.py
[2026-04-09T12:12:32.818+0000] {processor.py:830} INFO - Processing file /home/airflow/.local/lib/python3.8/site-packages/airflow/example_dags/example_sla_dag.py for tasks to queue
[2026-04-09T12:12:32.821+0000] {logging_mixin.py:188} INFO - [2026-04-09T12:12:32.821+0000] {dagbag.py:538} INFO - Filling up the DagBag from /home/airflow/.local/lib/python3.8/site-packages/airflow/example_dags/example_sla_dag.py
[2026-04-09T12:12:32.830+0000] {processor.py:840} INFO - DAG(s) 'example_sla_dag' retrieved from /home/airflow/.local/lib/python3.8/site-packages/airflow/example_dags/example_sla_dag.py
[2026-04-09T12:12:32.855+0000] {logging_mixin.py:188} INFO - [2026-04-09T12:12:32.855+0000] {dag.py:3033} INFO - Sync 1 DAGs
[2026-04-09T12:12:32.883+0000] {logging_mixin.py:188} INFO - [2026-04-09T12:12:32.883+0000] {dag.py:3820} INFO - Setting next_dagrun for example_sla_dag to 2026-04-09T12:10:00+00:00, run_after=2026-04-09T12:12:00+00:00
[2026-04-09T12:12:32.900+0000] {processor.py:183} INFO - Processing /home/airflow/.local/lib/python3.8/site-packages/airflow/example_dags/example_sla_dag.py took 0.087 seconds
[2026-04-09T12:13:03.644+0000] {processor.py:161} INFO - Started process (PID=1322) to work on /home/airflow/.local/lib/python3.8/site-packages/airflow/example_dags/example_sla_dag.py
[2026-04-09T12:13:03.645+0000] {processor.py:830} INFO - Processing file /home/airflow/.local/lib/python3.8/site-packages/airflow/example_dags/example_sla_dag.py for tasks to queue
[2026-04-09T12:13:03.647+0000] {logging_mixin.py:188} INFO - [2026-04-09T12:13:03.647+0000] {dagbag.py:538} INFO - Filling up the DagBag from /home/airflow/.local/lib/python3.8/site-packages/airflow/example_dags/example_sla_dag.py
[2026-04-09T12:13:03.656+0000] {processor.py:840} INFO - DAG(s) 'example_sla_dag' retrieved from /home/airflow/.local/lib/python3.8/site-packages/airflow/example_dags/example_sla_dag.py
[2026-04-09T12:13:03.676+0000] {logging_mixin.py:188} INFO - [2026-04-09T12:13:03.676+0000] {dag.py:3033} INFO - Sync 1 DAGs
[2026-04-09T12:13:03.860+0000] {logging_mixin.py:188} INFO - [2026-04-09T12:13:03.860+0000] {dag.py:3820} INFO - Setting next_dagrun for example_sla_dag to 2026-04-09T12:10:00+00:00, run_after=2026-04-09T12:12:00+00:00
[2026-04-09T12:13:03.877+0000] {processor.py:183} INFO - Processing /home/airflow/.local/lib/python3.8/site-packages/airflow/example_dags/example_sla_dag.py took 0.237 seconds
[2026-04-09T12:13:34.056+0000] {processor.py:161} INFO - Started process (PID=1383) to work on /home/airflow/.local/lib/python3.8/site-packages/airflow/example_dags/example_sla_dag.py
[2026-04-09T12:13:34.057+0000] {processor.py:830} INFO - Processing file /home/airflow/.local/lib/python3.8/site-packages/airflow/example_dags/example_sla_dag.py for tasks to queue
[2026-04-09T12:13:34.058+0000] {logging_mixin.py:188} INFO - [2026-04-09T12:13:34.058+0000] {dagbag.py:538} INFO - Filling up the DagBag from /home/airflow/.local/lib/python3.8/site-packages/airflow/example_dags/example_sla_dag.py
[2026-04-09T12:13:34.065+0000] {processor.py:840} INFO - DAG(s) 'example_sla_dag' retrieved from /home/airflow/.local/lib/python3.8/site-packages/airflow/example_dags/example_sla_dag.py
[2026-04-09T12:13:34.080+0000] {logging_mixin.py:188} INFO - [2026-04-09T12:13:34.080+0000] {dag.py:3033} INFO - Sync 1 DAGs
[2026-04-09T12:13:34.211+0000] {logging_mixin.py:188} INFO - [2026-04-09T12:13:34.211+0000] {dag.py:3820} INFO - Setting next_dagrun for example_sla_dag to 2026-04-09T12:10:00+00:00, run_after=2026-04-09T12:12:00+00:00
[2026-04-09T12:13:34.223+0000] {processor.py:183} INFO - Processing /home/airflow/.local/lib/python3.8/site-packages/airflow/example_dags/example_sla_dag.py took 0.169 seconds
[2026-04-09T12:14:05.110+0000] {processor.py:161} INFO - Started process (PID=1444) to work on /home/airflow/.local/lib/python3.8/site-packages/airflow/example_dags/example_sla_dag.py
[2026-04-09T12:14:05.111+0000] {processor.py:830} INFO - Processing file /home/airflow/.local/lib/python3.8/site-packages/airflow/example_dags/example_sla_dag.py for tasks to queue
[2026-04-09T12:14:05.112+0000] {logging_mixin.py:188} INFO - [2026-04-09T12:14:05.112+0000] {dagbag.py:538} INFO - Filling up the DagBag from /home/airflow/.local/lib/python3.8/site-packages/airflow/example_dags/example_sla_dag.py
[2026-04-09T12:14:05.119+0000] {processor.py:840} INFO - DAG(s) 'example_sla_dag' retrieved from /home/airflow/.local/lib/python3.8/site-packages/airflow/example_dags/example_sla_dag.py
[2026-04-09T12:14:05.134+0000] {logging_mixin.py:188} INFO - [2026-04-09T12:14:05.134+0000] {dag.py:3033} INFO - Sync 1 DAGs
[2026-04-09T12:14:05.152+0000] {logging_mixin.py:188} INFO - [2026-04-09T12:14:05.152+0000] {dag.py:3820} INFO - Setting next_dagrun for example_sla_dag to 2026-04-09T12:12:00+00:00, run_after=2026-04-09T12:14:00+00:00
[2026-04-09T12:14:05.166+0000] {processor.py:183} INFO - Processing /home/airflow/.local/lib/python3.8/site-packages/airflow/example_dags/example_sla_dag.py took 0.058 seconds
[2026-04-09T12:14:35.430+0000] {processor.py:161} INFO - Started process (PID=1505) to work on /home/airflow/.local/lib/python3.8/site-packages/airflow/example_dags/example_sla_dag.py
[2026-04-09T12:14:35.431+0000] {processor.py:830} INFO - Processing file /home/airflow/.local/lib/python3.8/site-packages/airflow/example_dags/example_sla_dag.py for tasks to queue
[2026-04-09T12:14:35.433+0000] {logging_mixin.py:188} INFO - [2026-04-09T12:14:35.432+0000] {dagbag.py:538} INFO - Filling up the DagBag from /home/airflow/.local/lib/python3.8/site-packages/airflow/example_dags/example_sla_dag.py
[2026-04-09T12:14:35.626+0000] {processor.py:840} INFO - DAG(s) 'example_sla_dag' retrieved from /home/airflow/.local/lib/python3.8/site-packages/airflow/example_dags/example_sla_dag.py
[2026-04-09T12:14:35.657+0000] {logging_mixin.py:188} INFO - [2026-04-09T12:14:35.657+0000] {dag.py:3033} INFO - Sync 1 DAGs
[2026-04-09T12:14:35.709+0000] {logging_mixin.py:188} INFO - [2026-04-09T12:14:35.709+0000] {dag.py:3820} INFO - Setting next_dagrun for example_sla_dag to 2026-04-09T12:12:00+00:00, run_after=2026-04-09T12:14:00+00:00
[2026-04-09T12:14:35.732+0000] {processor.py:183} INFO - Processing /home/airflow/.local/lib/python3.8/site-packages/airflow/example_dags/example_sla_dag.py took 0.306 seconds
[2026-04-09T12:15:06.396+0000] {processor.py:161} INFO - Started process (PID=1566) to work on /home/airflow/.local/lib/python3.8/site-packages/airflow/example_dags/example_sla_dag.py
[2026-04-09T12:15:06.397+0000] {processor.py:830} INFO - Processing file /home/airflow/.local/lib/python3.8/site-packages/airflow/example_dags/example_sla_dag.py for tasks to queue
[2026-04-09T12:15:06.400+0000] {logging_mixin.py:188} INFO - [2026-04-09T12:15:06.399+0000] {dagbag.py:538} INFO - Filling up the DagBag from /home/airflow/.local/lib/python3.8/site-packages/airflow/example_dags/example_sla_dag.py
[2026-04-09T12:15:06.408+0000] {processor.py:840} INFO - DAG(s) 'example_sla_dag' retrieved from /home/airflow/.local/lib/python3.8/site-packages/airflow/example_dags/example_sla_dag.py
[2026-04-09T12:15:06.429+0000] {logging_mixin.py:188} INFO - [2026-04-09T12:15:06.429+0000] {dag.py:3033} INFO - Sync 1 DAGs
[2026-04-09T12:15:06.458+0000] {logging_mixin.py:188} INFO - [2026-04-09T12:15:06.458+0000] {dag.py:3820} INFO - Setting next_dagrun for example_sla_dag to 2026-04-09T12:12:00+00:00, run_after=2026-04-09T12:14:00+00:00
[2026-04-09T12:15:06.477+0000] {processor.py:183} INFO - Processing /home/airflow/.local/lib/python3.8/site-packages/airflow/example_dags/example_sla_dag.py took 0.084 seconds
[2026-04-09T12:15:36.576+0000] {processor.py:161} INFO - Started process (PID=1627) to work on /home/airflow/.local/lib/python3.8/site-packages/airflow/example_dags/example_sla_dag.py
[2026-04-09T12:15:36.577+0000] {processor.py:830} INFO - Processing file /home/airflow/.local/lib/python3.8/site-packages/airflow/example_dags/example_sla_dag.py for tasks to queue
[2026-04-09T12:15:36.580+0000] {logging_mixin.py:188} INFO - [2026-04-09T12:15:36.580+0000] {dagbag.py:538} INFO - Filling up the DagBag from /home/airflow/.local/lib/python3.8/site-packages/airflow/example_dags/example_sla_dag.py
[2026-04-09T12:15:36.589+0000] {processor.py:840} INFO - DAG(s) 'example_sla_dag' retrieved from /home/airflow/.local/lib/python3.8/site-packages/airflow/example_dags/example_sla_dag.py
[2026-04-09T12:15:36.611+0000] {logging_mixin.py:188} INFO - [2026-04-09T12:15:36.611+0000] {dag.py:3033} INFO - Sync 1 DAGs
[2026-04-09T12:15:36.640+0000] {logging_mixin.py:188} INFO - [2026-04-09T12:15:36.640+0000] {dag.py:3820} INFO - Setting next_dagrun for example_sla_dag to 2026-04-09T12:12:00+00:00, run_after=2026-04-09T12:14:00+00:00
[2026-04-09T12:15:36.658+0000] {processor.py:183} INFO - Processing /home/airflow/.local/lib/python3.8/site-packages/airflow/example_dags/example_sla_dag.py took 0.085 seconds
[2026-04-09T12:16:07.187+0000] {processor.py:161} INFO - Started process (PID=1688) to work on /home/airflow/.local/lib/python3.8/site-packages/airflow/example_dags/example_sla_dag.py
[2026-04-09T12:16:07.188+0000] {processor.py:830} INFO - Processing file /home/airflow/.local/lib/python3.8/site-packages/airflow/example_dags/example_sla_dag.py for tasks to queue
[2026-04-09T12:16:07.191+0000] {logging_mixin.py:188} INFO - [2026-04-09T12:16:07.190+0000] {dagbag.py:538} INFO - Filling up the DagBag from /home/airflow/.local/lib/python3.8/site-packages/airflow/example_dags/example_sla_dag.py
[2026-04-09T12:16:07.199+0000] {processor.py:840} INFO - DAG(s) 'example_sla_dag' retrieved from /home/airflow/.local/lib/python3.8/site-packages/airflow/example_dags/example_sla_dag.py
[2026-04-09T12:16:07.221+0000] {logging_mixin.py:188} INFO - [2026-04-09T12:16:07.221+0000] {dag.py:3033} INFO - Sync 1 DAGs
[2026-04-09T12:16:07.248+0000] {logging_mixin.py:188} INFO - [2026-04-09T12:16:07.248+0000] {dag.py:3820} INFO - Setting next_dagrun for example_sla_dag to 2026-04-09T12:14:00+00:00, run_after=2026-04-09T12:16:00+00:00
[2026-04-09T12:16:07.267+0000] {processor.py:183} INFO - Processing /home/airflow/.local/lib/python3.8/site-packages/airflow/example_dags/example_sla_dag.py took 0.083 seconds
[2026-04-09T12:16:37.583+0000] {processor.py:161} INFO - Started process (PID=1749) to work on /home/airflow/.local/lib/python3.8/site-packages/airflow/example_dags/example_sla_dag.py
[2026-04-09T12:16:37.584+0000] {processor.py:830} INFO - Processing file /home/airflow/.local/lib/python3.8/site-packages/airflow/example_dags/example_sla_dag.py for tasks to queue
[2026-04-09T12:16:37.587+0000] {logging_mixin.py:188} INFO - [2026-04-09T12:16:37.587+0000] {dagbag.py:538} INFO - Filling up the DagBag from /home/airflow/.local/lib/python3.8/site-packages/airflow/example_dags/example_sla_dag.py
[2026-04-09T12:16:37.596+0000] {processor.py:840} INFO - DAG(s) 'example_sla_dag' retrieved from /home/airflow/.local/lib/python3.8/site-packages/airflow/example_dags/example_sla_dag.py
[2026-04-09T12:16:37.618+0000] {logging_mixin.py:188} INFO - [2026-04-09T12:16:37.618+0000] {dag.py:3033} INFO - Sync 1 DAGs
[2026-04-09T12:16:37.647+0000] {logging_mixin.py:188} INFO - [2026-04-09T12:16:37.646+0000] {dag.py:3820} INFO - Setting next_dagrun for example_sla_dag to 2026-04-09T12:14:00+00:00, run_after=2026-04-09T12:16:00+00:00
[2026-04-09T12:16:37.670+0000] {processor.py:183} INFO - Processing /home/airflow/.local/lib/python3.8/site-packages/airflow/example_dags/example_sla_dag.py took 0.090 seconds
[2026-04-09T12:17:08.447+0000] {processor.py:161} INFO - Started process (PID=1810) to work on /home/airflow/.local/lib/python3.8/site-packages/airflow/example_dags/example_sla_dag.py
[2026-04-09T12:17:08.447+0000] {processor.py:830} INFO - Processing file /home/airflow/.local/lib/python3.8/site-packages/airflow/example_dags/example_sla_dag.py for tasks to queue
[2026-04-09T12:17:08.450+0000] {logging_mixin.py:188} INFO - [2026-04-09T12:17:08.449+0000] {dagbag.py:538} INFO - Filling up the DagBag from /home/airflow/.local/lib/python3.8/site-packages/airflow/example_dags/example_sla_dag.py
[2026-04-09T12:17:08.460+0000] {processor.py:840} INFO - DAG(s) 'example_sla_dag' retrieved from /home/airflow/.local/lib/python3.8/site-packages/airflow/example_dags/example_sla_dag.py
[2026-04-09T12:17:08.512+0000] {logging_mixin.py:188} INFO - [2026-04-09T12:17:08.512+0000] {dag.py:3033} INFO - Sync 1 DAGs
[2026-04-09T12:17:08.553+0000] {logging_mixin.py:188} INFO - [2026-04-09T12:17:08.553+0000] {dag.py:3820} INFO - Setting next_dagrun for example_sla_dag to 2026-04-09T12:14:00+00:00, run_after=2026-04-09T12:16:00+00:00
[2026-04-09T12:17:08.592+0000] {processor.py:183} INFO - Processing /home/airflow/.local/lib/python3.8/site-packages/airflow/example_dags/example_sla_dag.py took 0.149 seconds
[2026-04-09T12:17:39.467+0000] {processor.py:161} INFO - Started process (PID=1871) to work on /home/airflow/.local/lib/python3.8/site-packages/airflow/example_dags/example_sla_dag.py
[2026-04-09T12:17:39.468+0000] {processor.py:830} INFO - Processing file /home/airflow/.local/lib/python3.8/site-packages/airflow/example_dags/example_sla_dag.py for tasks to queue
[2026-04-09T12:17:39.471+0000] {logging_mixin.py:188} INFO - [2026-04-09T12:17:39.470+0000] {dagbag.py:538} INFO - Filling up the DagBag from /home/airflow/.local/lib/python3.8/site-packages/airflow/example_dags/example_sla_dag.py
[2026-04-09T12:17:39.479+0000] {processor.py:840} INFO - DAG(s) 'example_sla_dag' retrieved from /home/airflow/.local/lib/python3.8/site-packages/airflow/example_dags/example_sla_dag.py
[2026-04-09T12:17:39.501+0000] {logging_mixin.py:188} INFO - [2026-04-09T12:17:39.501+0000] {dag.py:3033} INFO - Sync 1 DAGs
[2026-04-09T12:17:39.533+0000] {logging_mixin.py:188} INFO - [2026-04-09T12:17:39.532+0000] {dag.py:3820} INFO - Setting next_dagrun for example_sla_dag to 2026-04-09T12:14:00+00:00, run_after=2026-04-09T12:16:00+00:00
[2026-04-09T12:17:39.554+0000] {processor.py:183} INFO - Processing /home/airflow/.local/lib/python3.8/site-packages/airflow/example_dags/example_sla_dag.py took 0.091 seconds
[2026-04-09T12:18:09.585+0000] {processor.py:161} INFO - Started process (PID=1931) to work on /home/airflow/.local/lib/python3.8/site-packages/airflow/example_dags/example_sla_dag.py
[2026-04-09T12:18:09.586+0000] {processor.py:830} INFO - Processing file /home/airflow/.local/lib/python3.8/site-packages/airflow/example_dags/example_sla_dag.py for tasks to queue
[2026-04-09T12:18:09.587+0000] {logging_mixin.py:188} INFO - [2026-04-09T12:18:09.587+0000] {dagbag.py:538} INFO - Filling up the DagBag from /home/airflow/.local/lib/python3.8/site-packages/airflow/example_dags/example_sla_dag.py
[2026-04-09T12:18:09.594+0000] {processor.py:840} INFO - DAG(s) 'example_sla_dag' retrieved from /home/airflow/.local/lib/python3.8/site-packages/airflow/example_dags/example_sla_dag.py
[2026-04-09T12:18:09.610+0000] {logging_mixin.py:188} INFO - [2026-04-09T12:18:09.609+0000] {dag.py:3033} INFO - Sync 1 DAGs
[2026-04-09T12:18:09.634+0000] {logging_mixin.py:188} INFO - [2026-04-09T12:18:09.634+0000] {dag.py:3820} INFO - Setting next_dagrun for example_sla_dag to 2026-04-09T12:16:00+00:00, run_after=2026-04-09T12:18:00+00:00
[2026-04-09T12:18:09.649+0000] {processor.py:183} INFO - Processing /home/airflow/.local/lib/python3.8/site-packages/airflow/example_dags/example_sla_dag.py took 0.067 seconds
[2026-04-09T12:18:40.085+0000] {processor.py:161} INFO - Started process (PID=1993) to work on /home/airflow/.local/lib/python3.8/site-packages/airflow/example_dags/example_sla_dag.py
[2026-04-09T12:18:40.085+0000] {processor.py:830} INFO - Processing file /home/airflow/.local/lib/python3.8/site-packages/airflow/example_dags/example_sla_dag.py for tasks to queue
[2026-04-09T12:18:40.088+0000] {logging_mixin.py:188} INFO - [2026-04-09T12:18:40.087+0000] {dagbag.py:538} INFO - Filling up the DagBag from /home/airflow/.local/lib/python3.8/site-packages/airflow/example_dags/example_sla_dag.py
[2026-04-09T12:18:40.097+0000] {processor.py:840} INFO - DAG(s) 'example_sla_dag' retrieved from /home/airflow/.local/lib/python3.8/site-packages/airflow/example_dags/example_sla_dag.py
[2026-04-09T12:18:40.117+0000] {logging_mixin.py:188} INFO - [2026-04-09T12:18:40.117+0000] {dag.py:3033} INFO - Sync 1 DAGs
[2026-04-09T12:18:40.146+0000] {logging_mixin.py:188} INFO - [2026-04-09T12:18:40.146+0000] {dag.py:3820} INFO - Setting next_dagrun for example_sla_dag to 2026-04-09T12:16:00+00:00, run_after=2026-04-09T12:18:00+00:00
[2026-04-09T12:18:40.163+0000] {processor.py:183} INFO - Processing /home/airflow/.local/lib/python3.8/site-packages/airflow/example_dags/example_sla_dag.py took 0.082 seconds
[2026-04-09T12:19:11.392+0000] {processor.py:161} INFO - Started process (PID=2054) to work on /home/airflow/.local/lib/python3.8/site-packages/airflow/example_dags/example_sla_dag.py
[2026-04-09T12:19:11.393+0000] {processor.py:830} INFO - Processing file /home/airflow/.local/lib/python3.8/site-packages/airflow/example_dags/example_sla_dag.py for tasks to queue
[2026-04-09T12:19:11.395+0000] {logging_mixin.py:188} INFO - [2026-04-09T12:19:11.395+0000] {dagbag.py:538} INFO - Filling up the DagBag from /home/airflow/.local/lib/python3.8/site-packages/airflow/example_dags/example_sla_dag.py
[2026-04-09T12:19:11.405+0000] {processor.py:840} INFO - DAG(s) 'example_sla_dag' retrieved from /home/airflow/.local/lib/python3.8/site-packages/airflow/example_dags/example_sla_dag.py
[2026-04-09T12:19:11.427+0000] {logging_mixin.py:188} INFO - [2026-04-09T12:19:11.426+0000] {dag.py:3033} INFO - Sync 1 DAGs
[2026-04-09T12:19:11.456+0000] {logging_mixin.py:188} INFO - [2026-04-09T12:19:11.455+0000] {dag.py:3820} INFO - Setting next_dagrun for example_sla_dag to 2026-04-09T12:16:00+00:00, run_after=2026-04-09T12:18:00+00:00
[2026-04-09T12:19:11.474+0000] {processor.py:183} INFO - Processing /home/airflow/.local/lib/python3.8/site-packages/airflow/example_dags/example_sla_dag.py took 0.087 seconds
[2026-04-09T12:19:41.747+0000] {processor.py:161} INFO - Started process (PID=2115) to work on /home/airflow/.local/lib/python3.8/site-packages/airflow/example_dags/example_sla_dag.py
[2026-04-09T12:19:41.748+0000] {processor.py:830} INFO - Processing file /home/airflow/.local/lib/python3.8/site-packages/airflow/example_dags/example_sla_dag.py for tasks to queue
[2026-04-09T12:19:41.751+0000] {logging_mixin.py:188} INFO - [2026-04-09T12:19:41.751+0000] {dagbag.py:538} INFO - Filling up the DagBag from /home/airflow/.local/lib/python3.8/site-packages/airflow/example_dags/example_sla_dag.py
[2026-04-09T12:19:41.764+0000] {processor.py:840} INFO - DAG(s) 'example_sla_dag' retrieved from /home/airflow/.local/lib/python3.8/site-packages/airflow/example_dags/example_sla_dag.py
[2026-04-09T12:19:41.806+0000] {logging_mixin.py:188} INFO - [2026-04-09T12:19:41.805+0000] {dag.py:3033} INFO - Sync 1 DAGs
[2026-04-09T12:19:41.837+0000] {logging_mixin.py:188} INFO - [2026-04-09T12:19:41.837+0000] {dag.py:3820} INFO - Setting next_dagrun for example_sla_dag to 2026-04-09T12:16:00+00:00, run_after=2026-04-09T12:18:00+00:00
[2026-04-09T12:19:41.854+0000] {processor.py:183} INFO - Processing /home/airflow/.local/lib/python3.8/site-packages/airflow/example_dags/example_sla_dag.py took 0.110 seconds
[2026-04-09T12:20:12.096+0000] {processor.py:161} INFO - Started process (PID=2176) to work on /home/airflow/.local/lib/python3.8/site-packages/airflow/example_dags/example_sla_dag.py
[2026-04-09T12:20:12.097+0000] {processor.py:830} INFO - Processing file /home/airflow/.local/lib/python3.8/site-packages/airflow/example_dags/example_sla_dag.py for tasks to queue
[2026-04-09T12:20:12.099+0000] {logging_mixin.py:188} INFO - [2026-04-09T12:20:12.099+0000] {dagbag.py:538} INFO - Filling up the DagBag from /home/airflow/.local/lib/python3.8/site-packages/airflow/example_dags/example_sla_dag.py
[2026-04-09T12:20:12.109+0000] {processor.py:840} INFO - DAG(s) 'example_sla_dag' retrieved from /home/airflow/.local/lib/python3.8/site-packages/airflow/example_dags/example_sla_dag.py
[2026-04-09T12:20:12.130+0000] {logging_mixin.py:188} INFO - [2026-04-09T12:20:12.130+0000] {dag.py:3033} INFO - Sync 1 DAGs
[2026-04-09T12:20:12.159+0000] {logging_mixin.py:188} INFO - [2026-04-09T12:20:12.159+0000] {dag.py:3820} INFO - Setting next_dagrun for example_sla_dag to 2026-04-09T12:18:00+00:00, run_after=2026-04-09T12:20:00+00:00
[2026-04-09T12:20:12.176+0000] {processor.py:183} INFO - Processing /home/airflow/.local/lib/python3.8/site-packages/airflow/example_dags/example_sla_dag.py took 0.084 seconds
[2026-04-09T12:20:42.453+0000] {processor.py:161} INFO - Started process (PID=2238) to work on /home/airflow/.local/lib/python3.8/site-packages/airflow/example_dags/example_sla_dag.py
[2026-04-09T12:20:42.454+0000] {processor.py:830} INFO - Processing file /home/airflow/.local/lib/python3.8/site-packages/airflow/example_dags/example_sla_dag.py for tasks to queue
[2026-04-09T12:20:42.456+0000] {logging_mixin.py:188} INFO - [2026-04-09T12:20:42.456+0000] {dagbag.py:538} INFO - Filling up the DagBag from /home/airflow/.local/lib/python3.8/site-packages/airflow/example_dags/example_sla_dag.py
[2026-04-09T12:20:42.465+0000] {processor.py:840} INFO - DAG(s) 'example_sla_dag' retrieved from /home/airflow/.local/lib/python3.8/site-packages/airflow/example_dags/example_sla_dag.py
[2026-04-09T12:20:42.485+0000] {logging_mixin.py:188} INFO - [2026-04-09T12:20:42.485+0000] {dag.py:3033} INFO - Sync 1 DAGs
[2026-04-09T12:20:42.514+0000] {logging_mixin.py:188} INFO - [2026-04-09T12:20:42.513+0000] {dag.py:3820} INFO - Setting next_dagrun for example_sla_dag to 2026-04-09T12:18:00+00:00, run_after=2026-04-09T12:20:00+00:00
[2026-04-09T12:20:42.533+0000] {processor.py:183} INFO - Processing /home/airflow/.local/lib/python3.8/site-packages/airflow/example_dags/example_sla_dag.py took 0.084 seconds
[2026-04-09T12:21:12.679+0000] {processor.py:161} INFO - Started process (PID=2298) to work on /home/airflow/.local/lib/python3.8/site-packages/airflow/example_dags/example_sla_dag.py
[2026-04-09T12:21:12.680+0000] {processor.py:830} INFO - Processing file /home/airflow/.local/lib/python3.8/site-packages/airflow/example_dags/example_sla_dag.py for tasks to queue
[2026-04-09T12:21:12.682+0000] {logging_mixin.py:188} INFO - [2026-04-09T12:21:12.682+0000] {dagbag.py:538} INFO - Filling up the DagBag from /home/airflow/.local/lib/python3.8/site-packages/airflow/example_dags/example_sla_dag.py
[2026-04-09T12:21:12.691+0000] {processor.py:840} INFO - DAG(s) 'example_sla_dag' retrieved from /home/airflow/.local/lib/python3.8/site-packages/airflow/example_dags/example_sla_dag.py
[2026-04-09T12:21:12.713+0000] {logging_mixin.py:188} INFO - [2026-04-09T12:21:12.713+0000] {dag.py:3033} INFO - Sync 1 DAGs
[2026-04-09T12:21:12.760+0000] {logging_mixin.py:188} INFO - [2026-04-09T12:21:12.760+0000] {dag.py:3820} INFO - Setting next_dagrun for example_sla_dag to 2026-04-09T12:18:00+00:00, run_after=2026-04-09T12:20:00+00:00
[2026-04-09T12:21:12.779+0000] {processor.py:183} INFO - Processing /home/airflow/.local/lib/python3.8/site-packages/airflow/example_dags/example_sla_dag.py took 0.104 seconds
[2026-04-09T12:21:43.588+0000] {processor.py:161} INFO - Started process (PID=2359) to work on /home/airflow/.local/lib/python3.8/site-packages/airflow/example_dags/example_sla_dag.py
[2026-04-09T12:21:43.589+0000] {processor.py:830} INFO - Processing file /home/airflow/.local/lib/python3.8/site-packages/airflow/example_dags/example_sla_dag.py for tasks to queue
[2026-04-09T12:21:43.591+0000] {logging_mixin.py:188} INFO - [2026-04-09T12:21:43.590+0000] {dagbag.py:538} INFO - Filling up the DagBag from /home/airflow/.local/lib/python3.8/site-packages/airflow/example_dags/example_sla_dag.py
[2026-04-09T12:21:43.600+0000] {processor.py:840} INFO - DAG(s) 'example_sla_dag' retrieved from /home/airflow/.local/lib/python3.8/site-packages/airflow/example_dags/example_sla_dag.py
[2026-04-09T12:21:43.622+0000] {logging_mixin.py:188} INFO - [2026-04-09T12:21:43.621+0000] {dag.py:3033} INFO - Sync 1 DAGs
[2026-04-09T12:21:43.651+0000] {logging_mixin.py:188} INFO - [2026-04-09T12:21:43.650+0000] {dag.py:3820} INFO - Setting next_dagrun for example_sla_dag to 2026-04-09T12:18:00+00:00, run_after=2026-04-09T12:20:00+00:00
[2026-04-09T12:21:43.669+0000] {processor.py:183} INFO - Processing /home/airflow/.local/lib/python3.8/site-packages/airflow/example_dags/example_sla_dag.py took 0.084 seconds
[2026-04-09T12:22:13.806+0000] {processor.py:161} INFO - Started process (PID=2420) to work on /home/airflow/.local/lib/python3.8/site-packages/airflow/example_dags/example_sla_dag.py
[2026-04-09T12:22:13.807+0000] {processor.py:830} INFO - Processing file /home/airflow/.local/lib/python3.8/site-packages/airflow/example_dags/example_sla_dag.py for tasks to queue
[2026-04-09T12:22:13.809+0000] {logging_mixin.py:188} INFO - [2026-04-09T12:22:13.809+0000] {dagbag.py:538} INFO - Filling up the DagBag from /home/airflow/.local/lib/python3.8/site-packages/airflow/example_dags/example_sla_dag.py
[2026-04-09T12:22:13.819+0000] {processor.py:840} INFO - DAG(s) 'example_sla_dag' retrieved from /home/airflow/.local/lib/python3.8/site-packages/airflow/example_dags/example_sla_dag.py
[2026-04-09T12:22:13.841+0000] {logging_mixin.py:188} INFO - [2026-04-09T12:22:13.841+0000] {dag.py:3033} INFO - Sync 1 DAGs
[2026-04-09T12:22:13.869+0000] {logging_mixin.py:188} INFO - [2026-04-09T12:22:13.868+0000] {dag.py:3820} INFO - Setting next_dagrun for example_sla_dag to 2026-04-09T12:20:00+00:00, run_after=2026-04-09T12:22:00+00:00
[2026-04-09T12:22:13.885+0000] {processor.py:183} INFO - Processing /home/airflow/.local/lib/python3.8/site-packages/airflow/example_dags/example_sla_dag.py took 0.082 seconds
[2026-04-09T12:22:44.071+0000] {processor.py:161} INFO - Started process (PID=2481) to work on /home/airflow/.local/lib/python3.8/site-packages/airflow/example_dags/example_sla_dag.py
[2026-04-09T12:22:44.071+0000] {processor.py:830} INFO - Processing file /home/airflow/.local/lib/python3.8/site-packages/airflow/example_dags/example_sla_dag.py for tasks to queue
[2026-04-09T12:22:44.074+0000] {logging_mixin.py:188} INFO - [2026-04-09T12:22:44.073+0000] {dagbag.py:538} INFO - Filling up the DagBag from /home/airflow/.local/lib/python3.8/site-packages/airflow/example_dags/example_sla_dag.py
[2026-04-09T12:22:44.083+0000] {processor.py:840} INFO - DAG(s) 'example_sla_dag' retrieved from /home/airflow/.local/lib/python3.8/site-packages/airflow/example_dags/example_sla_dag.py
[2026-04-09T12:22:44.104+0000] {logging_mixin.py:188} INFO - [2026-04-09T12:22:44.104+0000] {dag.py:3033} INFO - Sync 1 DAGs
[2026-04-09T12:22:44.132+0000] {logging_mixin.py:188} INFO - [2026-04-09T12:22:44.132+0000] {dag.py:3820} INFO - Setting next_dagrun for example_sla_dag to 2026-04-09T12:20:00+00:00, run_after=2026-04-09T12:22:00+00:00
[2026-04-09T12:22:44.150+0000] {processor.py:183} INFO - Processing /home/airflow/.local/lib/python3.8/site-packages/airflow/example_dags/example_sla_dag.py took 0.082 seconds
[2026-04-09T12:23:14.319+0000] {processor.py:161} INFO - Started process (PID=2542) to work on /home/airflow/.local/lib/python3.8/site-packages/airflow/example_dags/example_sla_dag.py
[2026-04-09T12:23:14.319+0000] {processor.py:830} INFO - Processing file /home/airflow/.local/lib/python3.8/site-packages/airflow/example_dags/example_sla_dag.py for tasks to queue
[2026-04-09T12:23:14.321+0000] {logging_mixin.py:188} INFO - [2026-04-09T12:23:14.321+0000] {dagbag.py:538} INFO - Filling up the DagBag from /home/airflow/.local/lib/python3.8/site-packages/airflow/example_dags/example_sla_dag.py
[2026-04-09T12:23:14.330+0000] {processor.py:840} INFO - DAG(s) 'example_sla_dag' retrieved from /home/airflow/.local/lib/python3.8/site-packages/airflow/example_dags/example_sla_dag.py
[2026-04-09T12:23:14.353+0000] {logging_mixin.py:188} INFO - [2026-04-09T12:23:14.353+0000] {dag.py:3033} INFO - Sync 1 DAGs
[2026-04-09T12:23:14.380+0000] {logging_mixin.py:188} INFO - [2026-04-09T12:23:14.380+0000] {dag.py:3820} INFO - Setting next_dagrun for example_sla_dag to 2026-04-09T12:20:00+00:00, run_after=2026-04-09T12:22:00+00:00
[2026-04-09T12:23:14.398+0000] {processor.py:183} INFO - Processing /home/airflow/.local/lib/python3.8/site-packages/airflow/example_dags/example_sla_dag.py took 0.082 seconds
[2026-04-09T12:23:44.920+0000] {processor.py:161} INFO - Started process (PID=2603) to work on /home/airflow/.local/lib/python3.8/site-packages/airflow/example_dags/example_sla_dag.py
[2026-04-09T12:23:44.921+0000] {processor.py:830} INFO - Processing file /home/airflow/.local/lib/python3.8/site-packages/airflow/example_dags/example_sla_dag.py for tasks to queue
[2026-04-09T12:23:44.923+0000] {logging_mixin.py:188} INFO - [2026-04-09T12:23:44.922+0000] {dagbag.py:538} INFO - Filling up the DagBag from /home/airflow/.local/lib/python3.8/site-packages/airflow/example_dags/example_sla_dag.py
[2026-04-09T12:23:44.932+0000] {processor.py:840} INFO - DAG(s) 'example_sla_dag' retrieved from /home/airflow/.local/lib/python3.8/site-packages/airflow/example_dags/example_sla_dag.py
[2026-04-09T12:23:44.954+0000] {logging_mixin.py:188} INFO - [2026-04-09T12:23:44.953+0000] {dag.py:3033} INFO - Sync 1 DAGs
[2026-04-09T12:23:44.983+0000] {logging_mixin.py:188} INFO - [2026-04-09T12:23:44.983+0000] {dag.py:3820} INFO - Setting next_dagrun for example_sla_dag to 2026-04-09T12:20:00+00:00, run_after=2026-04-09T12:22:00+00:00
[2026-04-09T12:23:45.001+0000] {processor.py:183} INFO - Processing /home/airflow/.local/lib/python3.8/site-packages/airflow/example_dags/example_sla_dag.py took 0.084 seconds
[2026-04-09T12:24:15.168+0000] {processor.py:161} INFO - Started process (PID=2664) to work on /home/airflow/.local/lib/python3.8/site-packages/airflow/example_dags/example_sla_dag.py
[2026-04-09T12:24:15.168+0000] {processor.py:830} INFO - Processing file /home/airflow/.local/lib/python3.8/site-packages/airflow/example_dags/example_sla_dag.py for tasks to queue
[2026-04-09T12:24:15.170+0000] {logging_mixin.py:188} INFO - [2026-04-09T12:24:15.170+0000] {dagbag.py:538} INFO - Filling up the DagBag from /home/airflow/.local/lib/python3.8/site-packages/airflow/example_dags/example_sla_dag.py
[2026-04-09T12:24:15.179+0000] {processor.py:840} INFO - DAG(s) 'example_sla_dag' retrieved from /home/airflow/.local/lib/python3.8/site-packages/airflow/example_dags/example_sla_dag.py
[2026-04-09T12:24:15.200+0000] {logging_mixin.py:188} INFO - [2026-04-09T12:24:15.200+0000] {dag.py:3033} INFO - Sync 1 DAGs
[2026-04-09T12:24:15.229+0000] {logging_mixin.py:188} INFO - [2026-04-09T12:24:15.229+0000] {dag.py:3820} INFO - Setting next_dagrun for example_sla_dag to 2026-04-09T12:22:00+00:00, run_after=2026-04-09T12:24:00+00:00
[2026-04-09T12:24:15.247+0000] {processor.py:183} INFO - Processing /home/airflow/.local/lib/python3.8/site-packages/airflow/example_dags/example_sla_dag.py took 0.083 seconds
[2026-04-09T12:24:45.515+0000] {processor.py:161} INFO - Started process (PID=2725) to work on /home/airflow/.local/lib/python3.8/site-packages/airflow/example_dags/example_sla_dag.py
[2026-04-09T12:24:45.515+0000] {processor.py:830} INFO - Processing file /home/airflow/.local/lib/python3.8/site-packages/airflow/example_dags/example_sla_dag.py for tasks to queue
[2026-04-09T12:24:45.517+0000] {logging_mixin.py:188} INFO - [2026-04-09T12:24:45.517+0000] {dagbag.py:538} INFO - Filling up the DagBag from /home/airflow/.local/lib/python3.8/site-packages/airflow/example_dags/example_sla_dag.py
[2026-04-09T12:24:45.526+0000] {processor.py:840} INFO - DAG(s) 'example_sla_dag' retrieved from /home/airflow/.local/lib/python3.8/site-packages/airflow/example_dags/example_sla_dag.py
[2026-04-09T12:24:45.553+0000] {logging_mixin.py:188} INFO - [2026-04-09T12:24:45.553+0000] {dag.py:3033} INFO - Sync 1 DAGs
[2026-04-09T12:24:45.582+0000] {logging_mixin.py:188} INFO - [2026-04-09T12:24:45.582+0000] {dag.py:3820} INFO - Setting next_dagrun for example_sla_dag to 2026-04-09T12:22:00+00:00, run_after=2026-04-09T12:24:00+00:00
[2026-04-09T12:24:45.599+0000] {processor.py:183} INFO - Processing /home/airflow/.local/lib/python3.8/site-packages/airflow/example_dags/example_sla_dag.py took 0.088 seconds
[2026-04-09T12:25:15.731+0000] {processor.py:161} INFO - Started process (PID=2786) to work on /home/airflow/.local/lib/python3.8/site-packages/airflow/example_dags/example_sla_dag.py
[2026-04-09T12:25:15.732+0000] {processor.py:830} INFO - Processing file /home/airflow/.local/lib/python3.8/site-packages/airflow/example_dags/example_sla_dag.py for tasks to queue
[2026-04-09T12:25:15.734+0000] {logging_mixin.py:188} INFO - [2026-04-09T12:25:15.734+0000] {dagbag.py:538} INFO - Filling up the DagBag from /home/airflow/.local/lib/python3.8/site-packages/airflow/example_dags/example_sla_dag.py
[2026-04-09T12:25:15.744+0000] {processor.py:840} INFO - DAG(s) 'example_sla_dag' retrieved from /home/airflow/.local/lib/python3.8/site-packages/airflow/example_dags/example_sla_dag.py
[2026-04-09T12:25:15.767+0000] {logging_mixin.py:188} INFO - [2026-04-09T12:25:15.766+0000] {dag.py:3033} INFO - Sync 1 DAGs
[2026-04-09T12:25:15.798+0000] {logging_mixin.py:188} INFO - [2026-04-09T12:25:15.798+0000] {dag.py:3820} INFO - Setting next_dagrun for example_sla_dag to 2026-04-09T12:22:00+00:00, run_after=2026-04-09T12:24:00+00:00
[2026-04-09T12:25:15.826+0000] {processor.py:183} INFO - Processing /home/airflow/.local/lib/python3.8/site-packages/airflow/example_dags/example_sla_dag.py took 0.098 seconds
[2026-04-09T12:25:46.269+0000] {processor.py:161} INFO - Started process (PID=2847) to work on /home/airflow/.local/lib/python3.8/site-packages/airflow/example_dags/example_sla_dag.py
[2026-04-09T12:25:46.270+0000] {processor.py:830} INFO - Processing file /home/airflow/.local/lib/python3.8/site-packages/airflow/example_dags/example_sla_dag.py for tasks to queue
[2026-04-09T12:25:46.272+0000] {logging_mixin.py:188} INFO - [2026-04-09T12:25:46.272+0000] {dagbag.py:538} INFO - Filling up the DagBag from /home/airflow/.local/lib/python3.8/site-packages/airflow/example_dags/example_sla_dag.py
[2026-04-09T12:25:46.281+0000] {processor.py:840} INFO - DAG(s) 'example_sla_dag' retrieved from /home/airflow/.local/lib/python3.8/site-packages/airflow/example_dags/example_sla_dag.py
[2026-04-09T12:25:46.301+0000] {logging_mixin.py:188} INFO - [2026-04-09T12:25:46.301+0000] {dag.py:3033} INFO - Sync 1 DAGs
[2026-04-09T12:25:46.330+0000] {logging_mixin.py:188} INFO - [2026-04-09T12:25:46.329+0000] {dag.py:3820} INFO - Setting next_dagrun for example_sla_dag to 2026-04-09T12:22:00+00:00, run_after=2026-04-09T12:24:00+00:00
[2026-04-09T12:25:46.348+0000] {processor.py:183} INFO - Processing /home/airflow/.local/lib/python3.8/site-packages/airflow/example_dags/example_sla_dag.py took 0.083 seconds
[2026-04-09T12:26:17.055+0000] {processor.py:161} INFO - Started process (PID=2908) to work on /home/airflow/.local/lib/python3.8/site-packages/airflow/example_dags/example_sla_dag.py
[2026-04-09T12:26:17.057+0000] {processor.py:830} INFO - Processing file /home/airflow/.local/lib/python3.8/site-packages/airflow/example_dags/example_sla_dag.py for tasks to queue
[2026-04-09T12:26:17.059+0000] {logging_mixin.py:188} INFO - [2026-04-09T12:26:17.058+0000] {dagbag.py:538} INFO - Filling up the DagBag from /home/airflow/.local/lib/python3.8/site-packages/airflow/example_dags/example_sla_dag.py
[2026-04-09T12:26:17.068+0000] {processor.py:840} INFO - DAG(s) 'example_sla_dag' retrieved from /home/airflow/.local/lib/python3.8/site-packages/airflow/example_dags/example_sla_dag.py
[2026-04-09T12:26:17.091+0000] {logging_mixin.py:188} INFO - [2026-04-09T12:26:17.091+0000] {dag.py:3033} INFO - Sync 1 DAGs
[2026-04-09T12:26:17.121+0000] {logging_mixin.py:188} INFO - [2026-04-09T12:26:17.120+0000] {dag.py:3820} INFO - Setting next_dagrun for example_sla_dag to 2026-04-09T12:24:00+00:00, run_after=2026-04-09T12:26:00+00:00
[2026-04-09T12:26:17.155+0000] {processor.py:183} INFO - Processing /home/airflow/.local/lib/python3.8/site-packages/airflow/example_dags/example_sla_dag.py took 0.108 seconds
[2026-04-09T12:26:48.154+0000] {processor.py:161} INFO - Started process (PID=2969) to work on /home/airflow/.local/lib/python3.8/site-packages/airflow/example_dags/example_sla_dag.py
[2026-04-09T12:26:48.157+0000] {processor.py:830} INFO - Processing file /home/airflow/.local/lib/python3.8/site-packages/airflow/example_dags/example_sla_dag.py for tasks to queue
[2026-04-09T12:26:48.162+0000] {logging_mixin.py:188} INFO - [2026-04-09T12:26:48.161+0000] {dagbag.py:538} INFO - Filling up the DagBag from /home/airflow/.local/lib/python3.8/site-packages/airflow/example_dags/example_sla_dag.py
[2026-04-09T12:26:48.186+0000] {processor.py:840} INFO - DAG(s) 'example_sla_dag' retrieved from /home/airflow/.local/lib/python3.8/site-packages/airflow/example_dags/example_sla_dag.py
[2026-04-09T12:26:48.219+0000] {logging_mixin.py:188} INFO - [2026-04-09T12:26:48.219+0000] {dag.py:3033} INFO - Sync 1 DAGs
[2026-04-09T12:26:48.281+0000] {logging_mixin.py:188} INFO - [2026-04-09T12:26:48.278+0000] {dag.py:3820} INFO - Setting next_dagrun for example_sla_dag to 2026-04-09T12:24:00+00:00, run_after=2026-04-09T12:26:00+00:00
[2026-04-09T12:26:48.313+0000] {processor.py:183} INFO - Processing /home/airflow/.local/lib/python3.8/site-packages/airflow/example_dags/example_sla_dag.py took 0.166 seconds
[2026-04-09T12:27:18.808+0000] {processor.py:161} INFO - Started process (PID=3030) to work on /home/airflow/.local/lib/python3.8/site-packages/airflow/example_dags/example_sla_dag.py
[2026-04-09T12:27:18.809+0000] {processor.py:830} INFO - Processing file /home/airflow/.local/lib/python3.8/site-packages/airflow/example_dags/example_sla_dag.py for tasks to queue
[2026-04-09T12:27:18.811+0000] {logging_mixin.py:188} INFO - [2026-04-09T12:27:18.810+0000] {dagbag.py:538} INFO - Filling up the DagBag from /home/airflow/.local/lib/python3.8/site-packages/airflow/example_dags/example_sla_dag.py
[2026-04-09T12:27:18.820+0000] {processor.py:840} INFO - DAG(s) 'example_sla_dag' retrieved from /home/airflow/.local/lib/python3.8/site-packages/airflow/example_dags/example_sla_dag.py
[2026-04-09T12:27:18.842+0000] {logging_mixin.py:188} INFO - [2026-04-09T12:27:18.842+0000] {dag.py:3033} INFO - Sync 1 DAGs
[2026-04-09T12:27:18.872+0000] {logging_mixin.py:188} INFO - [2026-04-09T12:27:18.872+0000] {dag.py:3820} INFO - Setting next_dagrun for example_sla_dag to 2026-04-09T12:24:00+00:00, run_after=2026-04-09T12:26:00+00:00
[2026-04-09T12:27:18.889+0000] {processor.py:183} INFO - Processing /home/airflow/.local/lib/python3.8/site-packages/airflow/example_dags/example_sla_dag.py took 0.084 seconds
[2026-04-09T12:27:48.964+0000] {processor.py:161} INFO - Started process (PID=3091) to work on /home/airflow/.local/lib/python3.8/site-packages/airflow/example_dags/example_sla_dag.py
[2026-04-09T12:27:48.965+0000] {processor.py:830} INFO - Processing file /home/airflow/.local/lib/python3.8/site-packages/airflow/example_dags/example_sla_dag.py for tasks to queue
[2026-04-09T12:27:48.967+0000] {logging_mixin.py:188} INFO - [2026-04-09T12:27:48.967+0000] {dagbag.py:538} INFO - Filling up the DagBag from /home/airflow/.local/lib/python3.8/site-packages/airflow/example_dags/example_sla_dag.py
[2026-04-09T12:27:48.976+0000] {processor.py:840} INFO - DAG(s) 'example_sla_dag' retrieved from /home/airflow/.local/lib/python3.8/site-packages/airflow/example_dags/example_sla_dag.py
[2026-04-09T12:27:48.998+0000] {logging_mixin.py:188} INFO - [2026-04-09T12:27:48.998+0000] {dag.py:3033} INFO - Sync 1 DAGs
[2026-04-09T12:27:49.027+0000] {logging_mixin.py:188} INFO - [2026-04-09T12:27:49.027+0000] {dag.py:3820} INFO - Setting next_dagrun for example_sla_dag to 2026-04-09T12:24:00+00:00, run_after=2026-04-09T12:26:00+00:00
[2026-04-09T12:27:49.043+0000] {processor.py:183} INFO - Processing /home/airflow/.local/lib/python3.8/site-packages/airflow/example_dags/example_sla_dag.py took 0.083 seconds
[2026-04-09T12:28:19.212+0000] {processor.py:161} INFO - Started process (PID=3152) to work on /home/airflow/.local/lib/python3.8/site-packages/airflow/example_dags/example_sla_dag.py
[2026-04-09T12:28:19.214+0000] {processor.py:830} INFO - Processing file /home/airflow/.local/lib/python3.8/site-packages/airflow/example_dags/example_sla_dag.py for tasks to queue
[2026-04-09T12:28:19.217+0000] {logging_mixin.py:188} INFO - [2026-04-09T12:28:19.215+0000] {dagbag.py:538} INFO - Filling up the DagBag from /home/airflow/.local/lib/python3.8/site-packages/airflow/example_dags/example_sla_dag.py
[2026-04-09T12:28:19.226+0000] {processor.py:840} INFO - DAG(s) 'example_sla_dag' retrieved from /home/airflow/.local/lib/python3.8/site-packages/airflow/example_dags/example_sla_dag.py
[2026-04-09T12:28:19.249+0000] {logging_mixin.py:188} INFO - [2026-04-09T12:28:19.249+0000] {dag.py:3033} INFO - Sync 1 DAGs
[2026-04-09T12:28:19.276+0000] {logging_mixin.py:188} INFO - [2026-04-09T12:28:19.275+0000] {dag.py:3820} INFO - Setting next_dagrun for example_sla_dag to 2026-04-09T12:26:00+00:00, run_after=2026-04-09T12:28:00+00:00
[2026-04-09T12:28:19.291+0000] {processor.py:183} INFO - Processing /home/airflow/.local/lib/python3.8/site-packages/airflow/example_dags/example_sla_dag.py took 0.082 seconds
[2026-04-09T12:28:49.772+0000] {processor.py:161} INFO - Started process (PID=3213) to work on /home/airflow/.local/lib/python3.8/site-packages/airflow/example_dags/example_sla_dag.py
[2026-04-09T12:28:49.773+0000] {processor.py:830} INFO - Processing file /home/airflow/.local/lib/python3.8/site-packages/airflow/example_dags/example_sla_dag.py for tasks to queue
[2026-04-09T12:28:49.776+0000] {logging_mixin.py:188} INFO - [2026-04-09T12:28:49.776+0000] {dagbag.py:538} INFO - Filling up the DagBag from /home/airflow/.local/lib/python3.8/site-packages/airflow/example_dags/example_sla_dag.py
[2026-04-09T12:28:49.785+0000] {processor.py:840} INFO - DAG(s) 'example_sla_dag' retrieved from /home/airflow/.local/lib/python3.8/site-packages/airflow/example_dags/example_sla_dag.py
[2026-04-09T12:28:49.807+0000] {logging_mixin.py:188} INFO - [2026-04-09T12:28:49.807+0000] {dag.py:3033} INFO - Sync 1 DAGs
[2026-04-09T12:28:49.835+0000] {logging_mixin.py:188} INFO - [2026-04-09T12:28:49.835+0000] {dag.py:3820} INFO - Setting next_dagrun for example_sla_dag to 2026-04-09T12:26:00+00:00, run_after=2026-04-09T12:28:00+00:00
[2026-04-09T12:28:49.851+0000] {processor.py:183} INFO - Processing /home/airflow/.local/lib/python3.8/site-packages/airflow/example_dags/example_sla_dag.py took 0.082 seconds
[2026-04-09T12:29:20.315+0000] {processor.py:161} INFO - Started process (PID=3274) to work on /home/airflow/.local/lib/python3.8/site-packages/airflow/example_dags/example_sla_dag.py
[2026-04-09T12:29:20.317+0000] {processor.py:830} INFO - Processing file /home/airflow/.local/lib/python3.8/site-packages/airflow/example_dags/example_sla_dag.py for tasks to queue
[2026-04-09T12:29:20.320+0000] {logging_mixin.py:188} INFO - [2026-04-09T12:29:20.320+0000] {dagbag.py:538} INFO - Filling up the DagBag from /home/airflow/.local/lib/python3.8/site-packages/airflow/example_dags/example_sla_dag.py
[2026-04-09T12:29:20.339+0000] {processor.py:840} INFO - DAG(s) 'example_sla_dag' retrieved from /home/airflow/.local/lib/python3.8/site-packages/airflow/example_dags/example_sla_dag.py
[2026-04-09T12:29:20.389+0000] {logging_mixin.py:188} INFO - [2026-04-09T12:29:20.389+0000] {dag.py:3033} INFO - Sync 1 DAGs
[2026-04-09T12:29:20.454+0000] {logging_mixin.py:188} INFO - [2026-04-09T12:29:20.454+0000] {dag.py:3820} INFO - Setting next_dagrun for example_sla_dag to 2026-04-09T12:26:00+00:00, run_after=2026-04-09T12:28:00+00:00
[2026-04-09T12:29:20.490+0000] {processor.py:183} INFO - Processing /home/airflow/.local/lib/python3.8/site-packages/airflow/example_dags/example_sla_dag.py took 0.187 seconds
[2026-04-09T12:29:50.809+0000] {processor.py:161} INFO - Started process (PID=3335) to work on /home/airflow/.local/lib/python3.8/site-packages/airflow/example_dags/example_sla_dag.py
[2026-04-09T12:29:50.810+0000] {processor.py:830} INFO - Processing file /home/airflow/.local/lib/python3.8/site-packages/airflow/example_dags/example_sla_dag.py for tasks to queue
[2026-04-09T12:29:50.812+0000] {logging_mixin.py:188} INFO - [2026-04-09T12:29:50.812+0000] {dagbag.py:538} INFO - Filling up the DagBag from /home/airflow/.local/lib/python3.8/site-packages/airflow/example_dags/example_sla_dag.py
[2026-04-09T12:29:50.821+0000] {processor.py:840} INFO - DAG(s) 'example_sla_dag' retrieved from /home/airflow/.local/lib/python3.8/site-packages/airflow/example_dags/example_sla_dag.py
[2026-04-09T12:29:50.854+0000] {logging_mixin.py:188} INFO - [2026-04-09T12:29:50.854+0000] {dag.py:3033} INFO - Sync 1 DAGs
[2026-04-09T12:29:50.884+0000] {logging_mixin.py:188} INFO - [2026-04-09T12:29:50.883+0000] {dag.py:3820} INFO - Setting next_dagrun for example_sla_dag to 2026-04-09T12:26:00+00:00, run_after=2026-04-09T12:28:00+00:00
[2026-04-09T12:29:50.902+0000] {processor.py:183} INFO - Processing /home/airflow/.local/lib/python3.8/site-packages/airflow/example_dags/example_sla_dag.py took 0.096 seconds
[2026-04-09T12:30:21.146+0000] {processor.py:161} INFO - Started process (PID=3396) to work on /home/airflow/.local/lib/python3.8/site-packages/airflow/example_dags/example_sla_dag.py
[2026-04-09T12:30:21.147+0000] {processor.py:830} INFO - Processing file /home/airflow/.local/lib/python3.8/site-packages/airflow/example_dags/example_sla_dag.py for tasks to queue
[2026-04-09T12:30:21.149+0000] {logging_mixin.py:188} INFO - [2026-04-09T12:30:21.149+0000] {dagbag.py:538} INFO - Filling up the DagBag from /home/airflow/.local/lib/python3.8/site-packages/airflow/example_dags/example_sla_dag.py
[2026-04-09T12:30:21.159+0000] {processor.py:840} INFO - DAG(s) 'example_sla_dag' retrieved from /home/airflow/.local/lib/python3.8/site-packages/airflow/example_dags/example_sla_dag.py
[2026-04-09T12:30:21.181+0000] {logging_mixin.py:188} INFO - [2026-04-09T12:30:21.180+0000] {dag.py:3033} INFO - Sync 1 DAGs
[2026-04-09T12:30:21.215+0000] {logging_mixin.py:188} INFO - [2026-04-09T12:30:21.215+0000] {dag.py:3820} INFO - Setting next_dagrun for example_sla_dag to 2026-04-09T12:28:00+00:00, run_after=2026-04-09T12:30:00+00:00
[2026-04-09T12:30:21.236+0000] {processor.py:183} INFO - Processing /home/airflow/.local/lib/python3.8/site-packages/airflow/example_dags/example_sla_dag.py took 0.093 seconds
[2026-04-09T12:30:51.734+0000] {processor.py:161} INFO - Started process (PID=3457) to work on /home/airflow/.local/lib/python3.8/site-packages/airflow/example_dags/example_sla_dag.py
[2026-04-09T12:30:51.735+0000] {processor.py:830} INFO - Processing file /home/airflow/.local/lib/python3.8/site-packages/airflow/example_dags/example_sla_dag.py for tasks to queue
[2026-04-09T12:30:51.737+0000] {logging_mixin.py:188} INFO - [2026-04-09T12:30:51.737+0000] {dagbag.py:538} INFO - Filling up the DagBag from /home/airflow/.local/lib/python3.8/site-packages/airflow/example_dags/example_sla_dag.py
[2026-04-09T12:30:51.746+0000] {processor.py:840} INFO - DAG(s) 'example_sla_dag' retrieved from /home/airflow/.local/lib/python3.8/site-packages/airflow/example_dags/example_sla_dag.py
[2026-04-09T12:30:51.770+0000] {logging_mixin.py:188} INFO - [2026-04-09T12:30:51.770+0000] {dag.py:3033} INFO - Sync 1 DAGs
[2026-04-09T12:30:51.813+0000] {logging_mixin.py:188} INFO - [2026-04-09T12:30:51.813+0000] {dag.py:3820} INFO - Setting next_dagrun for example_sla_dag to 2026-04-09T12:28:00+00:00, run_after=2026-04-09T12:30:00+00:00
[2026-04-09T12:30:51.836+0000] {processor.py:183} INFO - Processing /home/airflow/.local/lib/python3.8/site-packages/airflow/example_dags/example_sla_dag.py took 0.106 seconds
[2026-04-09T12:31:21.995+0000] {processor.py:161} INFO - Started process (PID=3518) to work on /home/airflow/.local/lib/python3.8/site-packages/airflow/example_dags/example_sla_dag.py
[2026-04-09T12:31:21.996+0000] {processor.py:830} INFO - Processing file /home/airflow/.local/lib/python3.8/site-packages/airflow/example_dags/example_sla_dag.py for tasks to queue
[2026-04-09T12:31:21.998+0000] {logging_mixin.py:188} INFO - [2026-04-09T12:31:21.998+0000] {dagbag.py:538} INFO - Filling up the DagBag from /home/airflow/.local/lib/python3.8/site-packages/airflow/example_dags/example_sla_dag.py
[2026-04-09T12:31:22.008+0000] {processor.py:840} INFO - DAG(s) 'example_sla_dag' retrieved from /home/airflow/.local/lib/python3.8/site-packages/airflow/example_dags/example_sla_dag.py
[2026-04-09T12:31:22.031+0000] {logging_mixin.py:188} INFO - [2026-04-09T12:31:22.030+0000] {dag.py:3033} INFO - Sync 1 DAGs
[2026-04-09T12:31:22.062+0000] {logging_mixin.py:188} INFO - [2026-04-09T12:31:22.061+0000] {dag.py:3820} INFO - Setting next_dagrun for example_sla_dag to 2026-04-09T12:28:00+00:00, run_after=2026-04-09T12:30:00+00:00
[2026-04-09T12:31:22.087+0000] {processor.py:183} INFO - Processing /home/airflow/.local/lib/python3.8/site-packages/airflow/example_dags/example_sla_dag.py took 0.095 seconds
[2026-04-09T12:31:52.337+0000] {processor.py:161} INFO - Started process (PID=3579) to work on /home/airflow/.local/lib/python3.8/site-packages/airflow/example_dags/example_sla_dag.py
[2026-04-09T12:31:52.338+0000] {processor.py:830} INFO - Processing file /home/airflow/.local/lib/python3.8/site-packages/airflow/example_dags/example_sla_dag.py for tasks to queue
[2026-04-09T12:31:52.340+0000] {logging_mixin.py:188} INFO - [2026-04-09T12:31:52.340+0000] {dagbag.py:538} INFO - Filling up the DagBag from /home/airflow/.local/lib/python3.8/site-packages/airflow/example_dags/example_sla_dag.py
[2026-04-09T12:31:52.356+0000] {processor.py:840} INFO - DAG(s) 'example_sla_dag' retrieved from /home/airflow/.local/lib/python3.8/site-packages/airflow/example_dags/example_sla_dag.py
[2026-04-09T12:31:52.386+0000] {logging_mixin.py:188} INFO - [2026-04-09T12:31:52.386+0000] {dag.py:3033} INFO - Sync 1 DAGs
[2026-04-09T12:31:52.419+0000] {logging_mixin.py:188} INFO - [2026-04-09T12:31:52.419+0000] {dag.py:3820} INFO - Setting next_dagrun for example_sla_dag to 2026-04-09T12:28:00+00:00, run_after=2026-04-09T12:30:00+00:00
[2026-04-09T12:31:52.442+0000] {processor.py:183} INFO - Processing /home/airflow/.local/lib/python3.8/site-packages/airflow/example_dags/example_sla_dag.py took 0.109 seconds
[2026-04-09T12:46:18.464+0000] {processor.py:161} INFO - Started process (PID=102) to work on /home/airflow/.local/lib/python3.8/site-packages/airflow/example_dags/example_sla_dag.py
[2026-04-09T12:46:18.470+0000] {processor.py:830} INFO - Processing file /home/airflow/.local/lib/python3.8/site-packages/airflow/example_dags/example_sla_dag.py for tasks to queue
[2026-04-09T12:46:18.476+0000] {logging_mixin.py:188} INFO - [2026-04-09T12:46:18.476+0000] {dagbag.py:538} INFO - Filling up the DagBag from /home/airflow/.local/lib/python3.8/site-packages/airflow/example_dags/example_sla_dag.py
[2026-04-09T12:46:18.490+0000] {processor.py:840} INFO - DAG(s) 'example_sla_dag' retrieved from /home/airflow/.local/lib/python3.8/site-packages/airflow/example_dags/example_sla_dag.py
[2026-04-09T12:46:18.542+0000] {logging_mixin.py:188} INFO - [2026-04-09T12:46:18.541+0000] {dag.py:3033} INFO - Sync 1 DAGs
[2026-04-09T12:46:18.585+0000] {logging_mixin.py:188} INFO - [2026-04-09T12:46:18.585+0000] {dag.py:3820} INFO - Setting next_dagrun for example_sla_dag to 2026-04-09T12:44:00+00:00, run_after=2026-04-09T12:46:00+00:00
[2026-04-09T12:46:18.627+0000] {processor.py:183} INFO - Processing /home/airflow/.local/lib/python3.8/site-packages/airflow/example_dags/example_sla_dag.py took 0.181 seconds
[2026-04-09T12:46:50.655+0000] {processor.py:161} INFO - Started process (PID=162) to work on /home/airflow/.local/lib/python3.8/site-packages/airflow/example_dags/example_sla_dag.py
[2026-04-09T12:46:50.658+0000] {processor.py:830} INFO - Processing file /home/airflow/.local/lib/python3.8/site-packages/airflow/example_dags/example_sla_dag.py for tasks to queue
[2026-04-09T12:46:50.665+0000] {logging_mixin.py:188} INFO - [2026-04-09T12:46:50.665+0000] {dagbag.py:538} INFO - Filling up the DagBag from /home/airflow/.local/lib/python3.8/site-packages/airflow/example_dags/example_sla_dag.py
[2026-04-09T12:46:50.683+0000] {processor.py:840} INFO - DAG(s) 'example_sla_dag' retrieved from /home/airflow/.local/lib/python3.8/site-packages/airflow/example_dags/example_sla_dag.py
[2026-04-09T12:46:50.725+0000] {logging_mixin.py:188} INFO - [2026-04-09T12:46:50.724+0000] {dag.py:3033} INFO - Sync 1 DAGs
[2026-04-09T12:46:50.783+0000] {logging_mixin.py:188} INFO - [2026-04-09T12:46:50.781+0000] {dag.py:3820} INFO - Setting next_dagrun for example_sla_dag to 2026-04-09T12:44:00+00:00, run_after=2026-04-09T12:46:00+00:00
[2026-04-09T12:46:50.820+0000] {processor.py:183} INFO - Processing /home/airflow/.local/lib/python3.8/site-packages/airflow/example_dags/example_sla_dag.py took 0.181 seconds
[2026-04-09T12:47:28.678+0000] {processor.py:161} INFO - Started process (PID=222) to work on /home/airflow/.local/lib/python3.8/site-packages/airflow/example_dags/example_sla_dag.py
[2026-04-09T12:47:28.709+0000] {processor.py:830} INFO - Processing file /home/airflow/.local/lib/python3.8/site-packages/airflow/example_dags/example_sla_dag.py for tasks to queue
[2026-04-09T12:47:28.839+0000] {logging_mixin.py:188} INFO - [2026-04-09T12:47:28.839+0000] {dagbag.py:538} INFO - Filling up the DagBag from /home/airflow/.local/lib/python3.8/site-packages/airflow/example_dags/example_sla_dag.py
[2026-04-09T12:47:29.140+0000] {processor.py:840} INFO - DAG(s) 'example_sla_dag' retrieved from /home/airflow/.local/lib/python3.8/site-packages/airflow/example_dags/example_sla_dag.py
[2026-04-09T12:47:29.417+0000] {logging_mixin.py:188} INFO - [2026-04-09T12:47:29.411+0000] {dag.py:3033} INFO - Sync 1 DAGs
[2026-04-09T12:47:29.939+0000] {logging_mixin.py:188} INFO - [2026-04-09T12:47:29.939+0000] {dag.py:3820} INFO - Setting next_dagrun for example_sla_dag to 2026-04-09T12:44:00+00:00, run_after=2026-04-09T12:46:00+00:00
[2026-04-09T12:47:30.215+0000] {processor.py:183} INFO - Processing /home/airflow/.local/lib/python3.8/site-packages/airflow/example_dags/example_sla_dag.py took 1.668 seconds
[2026-04-09T12:48:00.317+0000] {processor.py:161} INFO - Started process (PID=290) to work on /home/airflow/.local/lib/python3.8/site-packages/airflow/example_dags/example_sla_dag.py
[2026-04-09T12:48:00.318+0000] {processor.py:830} INFO - Processing file /home/airflow/.local/lib/python3.8/site-packages/airflow/example_dags/example_sla_dag.py for tasks to queue
[2026-04-09T12:48:00.321+0000] {logging_mixin.py:188} INFO - [2026-04-09T12:48:00.320+0000] {dagbag.py:538} INFO - Filling up the DagBag from /home/airflow/.local/lib/python3.8/site-packages/airflow/example_dags/example_sla_dag.py
[2026-04-09T12:48:00.335+0000] {processor.py:840} INFO - DAG(s) 'example_sla_dag' retrieved from /home/airflow/.local/lib/python3.8/site-packages/airflow/example_dags/example_sla_dag.py
[2026-04-09T12:48:00.360+0000] {logging_mixin.py:188} INFO - [2026-04-09T12:48:00.360+0000] {dag.py:3033} INFO - Sync 1 DAGs
[2026-04-09T12:48:00.401+0000] {logging_mixin.py:188} INFO - [2026-04-09T12:48:00.401+0000] {dag.py:3820} INFO - Setting next_dagrun for example_sla_dag to 2026-04-09T12:46:00+00:00, run_after=2026-04-09T12:48:00+00:00
[2026-04-09T12:48:00.436+0000] {processor.py:183} INFO - Processing /home/airflow/.local/lib/python3.8/site-packages/airflow/example_dags/example_sla_dag.py took 0.124 seconds
[2026-04-09T12:48:30.658+0000] {processor.py:161} INFO - Started process (PID=350) to work on /home/airflow/.local/lib/python3.8/site-packages/airflow/example_dags/example_sla_dag.py
[2026-04-09T12:48:30.661+0000] {processor.py:830} INFO - Processing file /home/airflow/.local/lib/python3.8/site-packages/airflow/example_dags/example_sla_dag.py for tasks to queue
[2026-04-09T12:48:30.668+0000] {logging_mixin.py:188} INFO - [2026-04-09T12:48:30.668+0000] {dagbag.py:538} INFO - Filling up the DagBag from /home/airflow/.local/lib/python3.8/site-packages/airflow/example_dags/example_sla_dag.py
[2026-04-09T12:48:30.704+0000] {processor.py:840} INFO - DAG(s) 'example_sla_dag' retrieved from /home/airflow/.local/lib/python3.8/site-packages/airflow/example_dags/example_sla_dag.py
[2026-04-09T12:48:30.781+0000] {logging_mixin.py:188} INFO - [2026-04-09T12:48:30.781+0000] {dag.py:3033} INFO - Sync 1 DAGs
[2026-04-09T12:48:30.925+0000] {logging_mixin.py:188} INFO - [2026-04-09T12:48:30.925+0000] {dag.py:3820} INFO - Setting next_dagrun for example_sla_dag to 2026-04-09T12:46:00+00:00, run_after=2026-04-09T12:48:00+00:00
[2026-04-09T12:48:30.999+0000] {processor.py:183} INFO - Processing /home/airflow/.local/lib/python3.8/site-packages/airflow/example_dags/example_sla_dag.py took 0.351 seconds
[2026-04-09T12:49:01.191+0000] {processor.py:161} INFO - Started process (PID=410) to work on /home/airflow/.local/lib/python3.8/site-packages/airflow/example_dags/example_sla_dag.py
[2026-04-09T12:49:01.194+0000] {processor.py:830} INFO - Processing file /home/airflow/.local/lib/python3.8/site-packages/airflow/example_dags/example_sla_dag.py for tasks to queue
[2026-04-09T12:49:01.198+0000] {logging_mixin.py:188} INFO - [2026-04-09T12:49:01.198+0000] {dagbag.py:538} INFO - Filling up the DagBag from /home/airflow/.local/lib/python3.8/site-packages/airflow/example_dags/example_sla_dag.py
[2026-04-09T12:49:01.252+0000] {processor.py:840} INFO - DAG(s) 'example_sla_dag' retrieved from /home/airflow/.local/lib/python3.8/site-packages/airflow/example_dags/example_sla_dag.py
[2026-04-09T12:49:01.332+0000] {logging_mixin.py:188} INFO - [2026-04-09T12:49:01.332+0000] {dag.py:3033} INFO - Sync 1 DAGs
[2026-04-09T12:49:01.402+0000] {logging_mixin.py:188} INFO - [2026-04-09T12:49:01.402+0000] {dag.py:3820} INFO - Setting next_dagrun for example_sla_dag to 2026-04-09T12:46:00+00:00, run_after=2026-04-09T12:48:00+00:00
[2026-04-09T12:49:01.421+0000] {processor.py:183} INFO - Processing /home/airflow/.local/lib/python3.8/site-packages/airflow/example_dags/example_sla_dag.py took 0.238 seconds
[2026-04-09T12:49:32.079+0000] {processor.py:161} INFO - Started process (PID=471) to work on /home/airflow/.local/lib/python3.8/site-packages/airflow/example_dags/example_sla_dag.py
[2026-04-09T12:49:32.081+0000] {processor.py:830} INFO - Processing file /home/airflow/.local/lib/python3.8/site-packages/airflow/example_dags/example_sla_dag.py for tasks to queue
[2026-04-09T12:49:32.086+0000] {logging_mixin.py:188} INFO - [2026-04-09T12:49:32.086+0000] {dagbag.py:538} INFO - Filling up the DagBag from /home/airflow/.local/lib/python3.8/site-packages/airflow/example_dags/example_sla_dag.py
[2026-04-09T12:49:32.104+0000] {processor.py:840} INFO - DAG(s) 'example_sla_dag' retrieved from /home/airflow/.local/lib/python3.8/site-packages/airflow/example_dags/example_sla_dag.py
[2026-04-09T12:49:32.177+0000] {logging_mixin.py:188} INFO - [2026-04-09T12:49:32.176+0000] {dag.py:3033} INFO - Sync 1 DAGs
[2026-04-09T12:49:32.334+0000] {logging_mixin.py:188} INFO - [2026-04-09T12:49:32.334+0000] {dag.py:3820} INFO - Setting next_dagrun for example_sla_dag to 2026-04-09T12:46:00+00:00, run_after=2026-04-09T12:48:00+00:00
[2026-04-09T12:49:32.404+0000] {processor.py:183} INFO - Processing /home/airflow/.local/lib/python3.8/site-packages/airflow/example_dags/example_sla_dag.py took 0.330 seconds
