[2026-04-09T08:04:49.616+0000] {processor.py:161} INFO - Started process (PID=96) to work on /home/airflow/.local/lib/python3.8/site-packages/airflow/example_dags/example_python_operator.py
[2026-04-09T08:04:49.616+0000] {processor.py:830} INFO - Processing file /home/airflow/.local/lib/python3.8/site-packages/airflow/example_dags/example_python_operator.py for tasks to queue
[2026-04-09T08:04:49.624+0000] {logging_mixin.py:188} INFO - [2026-04-09T08:04:49.622+0000] {dagbag.py:538} INFO - Filling up the DagBag from /home/airflow/.local/lib/python3.8/site-packages/airflow/example_dags/example_python_operator.py
[2026-04-09T08:04:49.649+0000] {processor.py:840} INFO - DAG(s) 'example_python_operator' retrieved from /home/airflow/.local/lib/python3.8/site-packages/airflow/example_dags/example_python_operator.py
[2026-04-09T08:04:49.828+0000] {logging_mixin.py:188} INFO - [2026-04-09T08:04:49.828+0000] {dag.py:3033} INFO - Sync 1 DAGs
[2026-04-09T08:04:49.850+0000] {logging_mixin.py:188} INFO - [2026-04-09T08:04:49.850+0000] {dag.py:3820} INFO - Setting next_dagrun for example_python_operator to None, run_after=None
[2026-04-09T08:04:49.896+0000] {processor.py:183} INFO - Processing /home/airflow/.local/lib/python3.8/site-packages/airflow/example_dags/example_python_operator.py took 0.288 seconds
[2026-04-09T08:05:23.002+0000] {processor.py:161} INFO - Started process (PID=157) to work on /home/airflow/.local/lib/python3.8/site-packages/airflow/example_dags/example_python_operator.py
[2026-04-09T08:05:23.005+0000] {processor.py:830} INFO - Processing file /home/airflow/.local/lib/python3.8/site-packages/airflow/example_dags/example_python_operator.py for tasks to queue
[2026-04-09T08:05:23.011+0000] {logging_mixin.py:188} INFO - [2026-04-09T08:05:23.011+0000] {dagbag.py:538} INFO - Filling up the DagBag from /home/airflow/.local/lib/python3.8/site-packages/airflow/example_dags/example_python_operator.py
[2026-04-09T08:05:23.040+0000] {processor.py:840} INFO - DAG(s) 'example_python_operator' retrieved from /home/airflow/.local/lib/python3.8/site-packages/airflow/example_dags/example_python_operator.py
[2026-04-09T08:05:23.099+0000] {logging_mixin.py:188} INFO - [2026-04-09T08:05:23.099+0000] {dag.py:3033} INFO - Sync 1 DAGs
[2026-04-09T08:05:23.150+0000] {logging_mixin.py:188} INFO - [2026-04-09T08:05:23.150+0000] {dag.py:3820} INFO - Setting next_dagrun for example_python_operator to None, run_after=None
[2026-04-09T08:05:23.235+0000] {processor.py:183} INFO - Processing /home/airflow/.local/lib/python3.8/site-packages/airflow/example_dags/example_python_operator.py took 0.246 seconds
[2026-04-09T08:05:56.479+0000] {processor.py:161} INFO - Started process (PID=217) to work on /home/airflow/.local/lib/python3.8/site-packages/airflow/example_dags/example_python_operator.py
[2026-04-09T08:05:56.484+0000] {processor.py:830} INFO - Processing file /home/airflow/.local/lib/python3.8/site-packages/airflow/example_dags/example_python_operator.py for tasks to queue
[2026-04-09T08:05:56.488+0000] {logging_mixin.py:188} INFO - [2026-04-09T08:05:56.488+0000] {dagbag.py:538} INFO - Filling up the DagBag from /home/airflow/.local/lib/python3.8/site-packages/airflow/example_dags/example_python_operator.py
[2026-04-09T08:05:56.513+0000] {processor.py:840} INFO - DAG(s) 'example_python_operator' retrieved from /home/airflow/.local/lib/python3.8/site-packages/airflow/example_dags/example_python_operator.py
[2026-04-09T08:05:56.570+0000] {logging_mixin.py:188} INFO - [2026-04-09T08:05:56.570+0000] {dag.py:3033} INFO - Sync 1 DAGs
[2026-04-09T08:05:56.594+0000] {logging_mixin.py:188} INFO - [2026-04-09T08:05:56.594+0000] {dag.py:3820} INFO - Setting next_dagrun for example_python_operator to None, run_after=None
[2026-04-09T08:05:56.636+0000] {processor.py:183} INFO - Processing /home/airflow/.local/lib/python3.8/site-packages/airflow/example_dags/example_python_operator.py took 0.162 seconds
[2026-04-09T08:06:26.943+0000] {processor.py:161} INFO - Started process (PID=278) to work on /home/airflow/.local/lib/python3.8/site-packages/airflow/example_dags/example_python_operator.py
[2026-04-09T08:06:26.948+0000] {processor.py:830} INFO - Processing file /home/airflow/.local/lib/python3.8/site-packages/airflow/example_dags/example_python_operator.py for tasks to queue
[2026-04-09T08:06:26.955+0000] {logging_mixin.py:188} INFO - [2026-04-09T08:06:26.954+0000] {dagbag.py:538} INFO - Filling up the DagBag from /home/airflow/.local/lib/python3.8/site-packages/airflow/example_dags/example_python_operator.py
[2026-04-09T08:06:26.993+0000] {processor.py:840} INFO - DAG(s) 'example_python_operator' retrieved from /home/airflow/.local/lib/python3.8/site-packages/airflow/example_dags/example_python_operator.py
[2026-04-09T08:06:27.044+0000] {logging_mixin.py:188} INFO - [2026-04-09T08:06:27.044+0000] {dag.py:3033} INFO - Sync 1 DAGs
[2026-04-09T08:06:27.070+0000] {logging_mixin.py:188} INFO - [2026-04-09T08:06:27.070+0000] {dag.py:3820} INFO - Setting next_dagrun for example_python_operator to None, run_after=None
[2026-04-09T08:06:27.132+0000] {processor.py:183} INFO - Processing /home/airflow/.local/lib/python3.8/site-packages/airflow/example_dags/example_python_operator.py took 0.201 seconds
[2026-04-09T08:06:57.817+0000] {processor.py:161} INFO - Started process (PID=339) to work on /home/airflow/.local/lib/python3.8/site-packages/airflow/example_dags/example_python_operator.py
[2026-04-09T08:06:57.818+0000] {processor.py:830} INFO - Processing file /home/airflow/.local/lib/python3.8/site-packages/airflow/example_dags/example_python_operator.py for tasks to queue
[2026-04-09T08:06:57.820+0000] {logging_mixin.py:188} INFO - [2026-04-09T08:06:57.820+0000] {dagbag.py:538} INFO - Filling up the DagBag from /home/airflow/.local/lib/python3.8/site-packages/airflow/example_dags/example_python_operator.py
[2026-04-09T08:06:57.831+0000] {processor.py:840} INFO - DAG(s) 'example_python_operator' retrieved from /home/airflow/.local/lib/python3.8/site-packages/airflow/example_dags/example_python_operator.py
[2026-04-09T08:06:57.856+0000] {logging_mixin.py:188} INFO - [2026-04-09T08:06:57.856+0000] {dag.py:3033} INFO - Sync 1 DAGs
[2026-04-09T08:06:57.872+0000] {logging_mixin.py:188} INFO - [2026-04-09T08:06:57.872+0000] {dag.py:3820} INFO - Setting next_dagrun for example_python_operator to None, run_after=None
[2026-04-09T08:06:57.892+0000] {processor.py:183} INFO - Processing /home/airflow/.local/lib/python3.8/site-packages/airflow/example_dags/example_python_operator.py took 0.078 seconds
[2026-04-09T08:07:28.102+0000] {processor.py:161} INFO - Started process (PID=401) to work on /home/airflow/.local/lib/python3.8/site-packages/airflow/example_dags/example_python_operator.py
[2026-04-09T08:07:28.103+0000] {processor.py:830} INFO - Processing file /home/airflow/.local/lib/python3.8/site-packages/airflow/example_dags/example_python_operator.py for tasks to queue
[2026-04-09T08:07:28.106+0000] {logging_mixin.py:188} INFO - [2026-04-09T08:07:28.105+0000] {dagbag.py:538} INFO - Filling up the DagBag from /home/airflow/.local/lib/python3.8/site-packages/airflow/example_dags/example_python_operator.py
[2026-04-09T08:07:28.117+0000] {processor.py:840} INFO - DAG(s) 'example_python_operator' retrieved from /home/airflow/.local/lib/python3.8/site-packages/airflow/example_dags/example_python_operator.py
[2026-04-09T08:07:28.139+0000] {logging_mixin.py:188} INFO - [2026-04-09T08:07:28.139+0000] {dag.py:3033} INFO - Sync 1 DAGs
[2026-04-09T08:07:28.153+0000] {logging_mixin.py:188} INFO - [2026-04-09T08:07:28.152+0000] {dag.py:3820} INFO - Setting next_dagrun for example_python_operator to None, run_after=None
[2026-04-09T08:07:28.170+0000] {processor.py:183} INFO - Processing /home/airflow/.local/lib/python3.8/site-packages/airflow/example_dags/example_python_operator.py took 0.072 seconds
[2026-04-09T08:07:58.517+0000] {processor.py:161} INFO - Started process (PID=462) to work on /home/airflow/.local/lib/python3.8/site-packages/airflow/example_dags/example_python_operator.py
[2026-04-09T08:07:58.518+0000] {processor.py:830} INFO - Processing file /home/airflow/.local/lib/python3.8/site-packages/airflow/example_dags/example_python_operator.py for tasks to queue
[2026-04-09T08:07:58.521+0000] {logging_mixin.py:188} INFO - [2026-04-09T08:07:58.520+0000] {dagbag.py:538} INFO - Filling up the DagBag from /home/airflow/.local/lib/python3.8/site-packages/airflow/example_dags/example_python_operator.py
[2026-04-09T08:07:58.531+0000] {processor.py:840} INFO - DAG(s) 'example_python_operator' retrieved from /home/airflow/.local/lib/python3.8/site-packages/airflow/example_dags/example_python_operator.py
[2026-04-09T08:07:58.561+0000] {logging_mixin.py:188} INFO - [2026-04-09T08:07:58.561+0000] {dag.py:3033} INFO - Sync 1 DAGs
[2026-04-09T08:07:58.609+0000] {logging_mixin.py:188} INFO - [2026-04-09T08:07:58.609+0000] {dag.py:3820} INFO - Setting next_dagrun for example_python_operator to None, run_after=None
[2026-04-09T08:07:58.690+0000] {processor.py:183} INFO - Processing /home/airflow/.local/lib/python3.8/site-packages/airflow/example_dags/example_python_operator.py took 0.177 seconds
[2026-04-09T08:08:29.076+0000] {processor.py:161} INFO - Started process (PID=523) to work on /home/airflow/.local/lib/python3.8/site-packages/airflow/example_dags/example_python_operator.py
[2026-04-09T08:08:29.076+0000] {processor.py:830} INFO - Processing file /home/airflow/.local/lib/python3.8/site-packages/airflow/example_dags/example_python_operator.py for tasks to queue
[2026-04-09T08:08:29.078+0000] {logging_mixin.py:188} INFO - [2026-04-09T08:08:29.078+0000] {dagbag.py:538} INFO - Filling up the DagBag from /home/airflow/.local/lib/python3.8/site-packages/airflow/example_dags/example_python_operator.py
[2026-04-09T08:08:29.086+0000] {processor.py:840} INFO - DAG(s) 'example_python_operator' retrieved from /home/airflow/.local/lib/python3.8/site-packages/airflow/example_dags/example_python_operator.py
[2026-04-09T08:08:29.102+0000] {logging_mixin.py:188} INFO - [2026-04-09T08:08:29.102+0000] {dag.py:3033} INFO - Sync 1 DAGs
[2026-04-09T08:08:29.112+0000] {logging_mixin.py:188} INFO - [2026-04-09T08:08:29.112+0000] {dag.py:3820} INFO - Setting next_dagrun for example_python_operator to None, run_after=None
[2026-04-09T08:08:29.126+0000] {processor.py:183} INFO - Processing /home/airflow/.local/lib/python3.8/site-packages/airflow/example_dags/example_python_operator.py took 0.053 seconds
[2026-04-09T08:08:59.801+0000] {processor.py:161} INFO - Started process (PID=584) to work on /home/airflow/.local/lib/python3.8/site-packages/airflow/example_dags/example_python_operator.py
[2026-04-09T08:08:59.802+0000] {processor.py:830} INFO - Processing file /home/airflow/.local/lib/python3.8/site-packages/airflow/example_dags/example_python_operator.py for tasks to queue
[2026-04-09T08:08:59.805+0000] {logging_mixin.py:188} INFO - [2026-04-09T08:08:59.804+0000] {dagbag.py:538} INFO - Filling up the DagBag from /home/airflow/.local/lib/python3.8/site-packages/airflow/example_dags/example_python_operator.py
[2026-04-09T08:08:59.816+0000] {processor.py:840} INFO - DAG(s) 'example_python_operator' retrieved from /home/airflow/.local/lib/python3.8/site-packages/airflow/example_dags/example_python_operator.py
[2026-04-09T08:08:59.841+0000] {logging_mixin.py:188} INFO - [2026-04-09T08:08:59.840+0000] {dag.py:3033} INFO - Sync 1 DAGs
[2026-04-09T08:08:59.854+0000] {logging_mixin.py:188} INFO - [2026-04-09T08:08:59.854+0000] {dag.py:3820} INFO - Setting next_dagrun for example_python_operator to None, run_after=None
[2026-04-09T08:08:59.872+0000] {processor.py:183} INFO - Processing /home/airflow/.local/lib/python3.8/site-packages/airflow/example_dags/example_python_operator.py took 0.074 seconds
[2026-04-09T08:09:30.132+0000] {processor.py:161} INFO - Started process (PID=645) to work on /home/airflow/.local/lib/python3.8/site-packages/airflow/example_dags/example_python_operator.py
[2026-04-09T08:09:30.133+0000] {processor.py:830} INFO - Processing file /home/airflow/.local/lib/python3.8/site-packages/airflow/example_dags/example_python_operator.py for tasks to queue
[2026-04-09T08:09:30.135+0000] {logging_mixin.py:188} INFO - [2026-04-09T08:09:30.135+0000] {dagbag.py:538} INFO - Filling up the DagBag from /home/airflow/.local/lib/python3.8/site-packages/airflow/example_dags/example_python_operator.py
[2026-04-09T08:09:30.147+0000] {processor.py:840} INFO - DAG(s) 'example_python_operator' retrieved from /home/airflow/.local/lib/python3.8/site-packages/airflow/example_dags/example_python_operator.py
[2026-04-09T08:09:30.170+0000] {logging_mixin.py:188} INFO - [2026-04-09T08:09:30.170+0000] {dag.py:3033} INFO - Sync 1 DAGs
[2026-04-09T08:09:30.182+0000] {logging_mixin.py:188} INFO - [2026-04-09T08:09:30.182+0000] {dag.py:3820} INFO - Setting next_dagrun for example_python_operator to None, run_after=None
[2026-04-09T08:09:30.200+0000] {processor.py:183} INFO - Processing /home/airflow/.local/lib/python3.8/site-packages/airflow/example_dags/example_python_operator.py took 0.071 seconds
[2026-04-09T08:10:01.032+0000] {processor.py:161} INFO - Started process (PID=706) to work on /home/airflow/.local/lib/python3.8/site-packages/airflow/example_dags/example_python_operator.py
[2026-04-09T08:10:01.033+0000] {processor.py:830} INFO - Processing file /home/airflow/.local/lib/python3.8/site-packages/airflow/example_dags/example_python_operator.py for tasks to queue
[2026-04-09T08:10:01.036+0000] {logging_mixin.py:188} INFO - [2026-04-09T08:10:01.035+0000] {dagbag.py:538} INFO - Filling up the DagBag from /home/airflow/.local/lib/python3.8/site-packages/airflow/example_dags/example_python_operator.py
[2026-04-09T08:10:01.048+0000] {processor.py:840} INFO - DAG(s) 'example_python_operator' retrieved from /home/airflow/.local/lib/python3.8/site-packages/airflow/example_dags/example_python_operator.py
[2026-04-09T08:10:01.075+0000] {logging_mixin.py:188} INFO - [2026-04-09T08:10:01.075+0000] {dag.py:3033} INFO - Sync 1 DAGs
[2026-04-09T08:10:01.089+0000] {logging_mixin.py:188} INFO - [2026-04-09T08:10:01.089+0000] {dag.py:3820} INFO - Setting next_dagrun for example_python_operator to None, run_after=None
[2026-04-09T08:10:01.108+0000] {processor.py:183} INFO - Processing /home/airflow/.local/lib/python3.8/site-packages/airflow/example_dags/example_python_operator.py took 0.079 seconds
[2026-04-09T08:10:31.206+0000] {processor.py:161} INFO - Started process (PID=766) to work on /home/airflow/.local/lib/python3.8/site-packages/airflow/example_dags/example_python_operator.py
[2026-04-09T08:10:31.207+0000] {processor.py:830} INFO - Processing file /home/airflow/.local/lib/python3.8/site-packages/airflow/example_dags/example_python_operator.py for tasks to queue
[2026-04-09T08:10:31.209+0000] {logging_mixin.py:188} INFO - [2026-04-09T08:10:31.209+0000] {dagbag.py:538} INFO - Filling up the DagBag from /home/airflow/.local/lib/python3.8/site-packages/airflow/example_dags/example_python_operator.py
[2026-04-09T08:10:31.217+0000] {processor.py:840} INFO - DAG(s) 'example_python_operator' retrieved from /home/airflow/.local/lib/python3.8/site-packages/airflow/example_dags/example_python_operator.py
[2026-04-09T08:10:31.234+0000] {logging_mixin.py:188} INFO - [2026-04-09T08:10:31.234+0000] {dag.py:3033} INFO - Sync 1 DAGs
[2026-04-09T08:10:31.245+0000] {logging_mixin.py:188} INFO - [2026-04-09T08:10:31.245+0000] {dag.py:3820} INFO - Setting next_dagrun for example_python_operator to None, run_after=None
[2026-04-09T08:10:31.260+0000] {processor.py:183} INFO - Processing /home/airflow/.local/lib/python3.8/site-packages/airflow/example_dags/example_python_operator.py took 0.057 seconds
[2026-04-09T08:11:03.439+0000] {processor.py:161} INFO - Started process (PID=832) to work on /home/airflow/.local/lib/python3.8/site-packages/airflow/example_dags/example_python_operator.py
[2026-04-09T08:11:03.442+0000] {processor.py:830} INFO - Processing file /home/airflow/.local/lib/python3.8/site-packages/airflow/example_dags/example_python_operator.py for tasks to queue
[2026-04-09T08:11:03.447+0000] {logging_mixin.py:188} INFO - [2026-04-09T08:11:03.446+0000] {dagbag.py:538} INFO - Filling up the DagBag from /home/airflow/.local/lib/python3.8/site-packages/airflow/example_dags/example_python_operator.py
[2026-04-09T08:11:03.463+0000] {processor.py:840} INFO - DAG(s) 'example_python_operator' retrieved from /home/airflow/.local/lib/python3.8/site-packages/airflow/example_dags/example_python_operator.py
[2026-04-09T08:11:03.500+0000] {logging_mixin.py:188} INFO - [2026-04-09T08:11:03.500+0000] {dag.py:3033} INFO - Sync 1 DAGs
[2026-04-09T08:11:03.523+0000] {logging_mixin.py:188} INFO - [2026-04-09T08:11:03.522+0000] {dag.py:3820} INFO - Setting next_dagrun for example_python_operator to None, run_after=None
[2026-04-09T08:11:03.566+0000] {processor.py:183} INFO - Processing /home/airflow/.local/lib/python3.8/site-packages/airflow/example_dags/example_python_operator.py took 0.133 seconds
[2026-04-09T08:11:34.006+0000] {processor.py:161} INFO - Started process (PID=893) to work on /home/airflow/.local/lib/python3.8/site-packages/airflow/example_dags/example_python_operator.py
[2026-04-09T08:11:34.007+0000] {processor.py:830} INFO - Processing file /home/airflow/.local/lib/python3.8/site-packages/airflow/example_dags/example_python_operator.py for tasks to queue
[2026-04-09T08:11:34.009+0000] {logging_mixin.py:188} INFO - [2026-04-09T08:11:34.009+0000] {dagbag.py:538} INFO - Filling up the DagBag from /home/airflow/.local/lib/python3.8/site-packages/airflow/example_dags/example_python_operator.py
[2026-04-09T08:11:34.021+0000] {processor.py:840} INFO - DAG(s) 'example_python_operator' retrieved from /home/airflow/.local/lib/python3.8/site-packages/airflow/example_dags/example_python_operator.py
[2026-04-09T08:11:34.057+0000] {logging_mixin.py:188} INFO - [2026-04-09T08:11:34.057+0000] {dag.py:3033} INFO - Sync 1 DAGs
[2026-04-09T08:11:34.082+0000] {logging_mixin.py:188} INFO - [2026-04-09T08:11:34.082+0000] {dag.py:3820} INFO - Setting next_dagrun for example_python_operator to None, run_after=None
[2026-04-09T08:11:34.134+0000] {processor.py:183} INFO - Processing /home/airflow/.local/lib/python3.8/site-packages/airflow/example_dags/example_python_operator.py took 0.131 seconds
[2026-04-09T08:12:04.185+0000] {processor.py:161} INFO - Started process (PID=954) to work on /home/airflow/.local/lib/python3.8/site-packages/airflow/example_dags/example_python_operator.py
[2026-04-09T08:12:04.186+0000] {processor.py:830} INFO - Processing file /home/airflow/.local/lib/python3.8/site-packages/airflow/example_dags/example_python_operator.py for tasks to queue
[2026-04-09T08:12:04.187+0000] {logging_mixin.py:188} INFO - [2026-04-09T08:12:04.187+0000] {dagbag.py:538} INFO - Filling up the DagBag from /home/airflow/.local/lib/python3.8/site-packages/airflow/example_dags/example_python_operator.py
[2026-04-09T08:12:04.196+0000] {processor.py:840} INFO - DAG(s) 'example_python_operator' retrieved from /home/airflow/.local/lib/python3.8/site-packages/airflow/example_dags/example_python_operator.py
[2026-04-09T08:12:04.213+0000] {logging_mixin.py:188} INFO - [2026-04-09T08:12:04.213+0000] {dag.py:3033} INFO - Sync 1 DAGs
[2026-04-09T08:12:04.225+0000] {logging_mixin.py:188} INFO - [2026-04-09T08:12:04.224+0000] {dag.py:3820} INFO - Setting next_dagrun for example_python_operator to None, run_after=None
[2026-04-09T08:12:04.242+0000] {processor.py:183} INFO - Processing /home/airflow/.local/lib/python3.8/site-packages/airflow/example_dags/example_python_operator.py took 0.059 seconds
[2026-04-09T08:12:34.404+0000] {processor.py:161} INFO - Started process (PID=1015) to work on /home/airflow/.local/lib/python3.8/site-packages/airflow/example_dags/example_python_operator.py
[2026-04-09T08:12:34.405+0000] {processor.py:830} INFO - Processing file /home/airflow/.local/lib/python3.8/site-packages/airflow/example_dags/example_python_operator.py for tasks to queue
[2026-04-09T08:12:34.407+0000] {logging_mixin.py:188} INFO - [2026-04-09T08:12:34.407+0000] {dagbag.py:538} INFO - Filling up the DagBag from /home/airflow/.local/lib/python3.8/site-packages/airflow/example_dags/example_python_operator.py
[2026-04-09T08:12:34.423+0000] {processor.py:840} INFO - DAG(s) 'example_python_operator' retrieved from /home/airflow/.local/lib/python3.8/site-packages/airflow/example_dags/example_python_operator.py
[2026-04-09T08:12:34.448+0000] {logging_mixin.py:188} INFO - [2026-04-09T08:12:34.448+0000] {dag.py:3033} INFO - Sync 1 DAGs
[2026-04-09T08:12:34.461+0000] {logging_mixin.py:188} INFO - [2026-04-09T08:12:34.461+0000] {dag.py:3820} INFO - Setting next_dagrun for example_python_operator to None, run_after=None
[2026-04-09T08:12:34.477+0000] {processor.py:183} INFO - Processing /home/airflow/.local/lib/python3.8/site-packages/airflow/example_dags/example_python_operator.py took 0.076 seconds
[2026-04-09T08:13:04.843+0000] {processor.py:161} INFO - Started process (PID=1076) to work on /home/airflow/.local/lib/python3.8/site-packages/airflow/example_dags/example_python_operator.py
[2026-04-09T08:13:04.843+0000] {processor.py:830} INFO - Processing file /home/airflow/.local/lib/python3.8/site-packages/airflow/example_dags/example_python_operator.py for tasks to queue
[2026-04-09T08:13:04.846+0000] {logging_mixin.py:188} INFO - [2026-04-09T08:13:04.845+0000] {dagbag.py:538} INFO - Filling up the DagBag from /home/airflow/.local/lib/python3.8/site-packages/airflow/example_dags/example_python_operator.py
[2026-04-09T08:13:04.856+0000] {processor.py:840} INFO - DAG(s) 'example_python_operator' retrieved from /home/airflow/.local/lib/python3.8/site-packages/airflow/example_dags/example_python_operator.py
[2026-04-09T08:13:04.874+0000] {logging_mixin.py:188} INFO - [2026-04-09T08:13:04.874+0000] {dag.py:3033} INFO - Sync 1 DAGs
[2026-04-09T08:13:04.883+0000] {logging_mixin.py:188} INFO - [2026-04-09T08:13:04.883+0000] {dag.py:3820} INFO - Setting next_dagrun for example_python_operator to None, run_after=None
[2026-04-09T08:13:05.017+0000] {processor.py:183} INFO - Processing /home/airflow/.local/lib/python3.8/site-packages/airflow/example_dags/example_python_operator.py took 0.178 seconds
[2026-04-09T08:13:36.405+0000] {processor.py:161} INFO - Started process (PID=1138) to work on /home/airflow/.local/lib/python3.8/site-packages/airflow/example_dags/example_python_operator.py
[2026-04-09T08:13:36.405+0000] {processor.py:830} INFO - Processing file /home/airflow/.local/lib/python3.8/site-packages/airflow/example_dags/example_python_operator.py for tasks to queue
[2026-04-09T08:13:36.408+0000] {logging_mixin.py:188} INFO - [2026-04-09T08:13:36.407+0000] {dagbag.py:538} INFO - Filling up the DagBag from /home/airflow/.local/lib/python3.8/site-packages/airflow/example_dags/example_python_operator.py
[2026-04-09T08:13:36.419+0000] {processor.py:840} INFO - DAG(s) 'example_python_operator' retrieved from /home/airflow/.local/lib/python3.8/site-packages/airflow/example_dags/example_python_operator.py
[2026-04-09T08:13:36.443+0000] {logging_mixin.py:188} INFO - [2026-04-09T08:13:36.443+0000] {dag.py:3033} INFO - Sync 1 DAGs
[2026-04-09T08:13:36.652+0000] {logging_mixin.py:188} INFO - [2026-04-09T08:13:36.652+0000] {dag.py:3820} INFO - Setting next_dagrun for example_python_operator to None, run_after=None
[2026-04-09T08:13:36.671+0000] {processor.py:183} INFO - Processing /home/airflow/.local/lib/python3.8/site-packages/airflow/example_dags/example_python_operator.py took 0.270 seconds
[2026-04-09T08:14:07.471+0000] {processor.py:161} INFO - Started process (PID=1199) to work on /home/airflow/.local/lib/python3.8/site-packages/airflow/example_dags/example_python_operator.py
[2026-04-09T08:14:07.472+0000] {processor.py:830} INFO - Processing file /home/airflow/.local/lib/python3.8/site-packages/airflow/example_dags/example_python_operator.py for tasks to queue
[2026-04-09T08:14:07.475+0000] {logging_mixin.py:188} INFO - [2026-04-09T08:14:07.474+0000] {dagbag.py:538} INFO - Filling up the DagBag from /home/airflow/.local/lib/python3.8/site-packages/airflow/example_dags/example_python_operator.py
[2026-04-09T08:14:07.487+0000] {processor.py:840} INFO - DAG(s) 'example_python_operator' retrieved from /home/airflow/.local/lib/python3.8/site-packages/airflow/example_dags/example_python_operator.py
[2026-04-09T08:14:07.844+0000] {logging_mixin.py:188} INFO - [2026-04-09T08:14:07.844+0000] {dag.py:3033} INFO - Sync 1 DAGs
[2026-04-09T08:14:07.859+0000] {logging_mixin.py:188} INFO - [2026-04-09T08:14:07.858+0000] {dag.py:3820} INFO - Setting next_dagrun for example_python_operator to None, run_after=None
[2026-04-09T08:14:07.879+0000] {processor.py:183} INFO - Processing /home/airflow/.local/lib/python3.8/site-packages/airflow/example_dags/example_python_operator.py took 0.411 seconds
[2026-04-09T08:14:37.983+0000] {processor.py:161} INFO - Started process (PID=1260) to work on /home/airflow/.local/lib/python3.8/site-packages/airflow/example_dags/example_python_operator.py
[2026-04-09T08:14:37.984+0000] {processor.py:830} INFO - Processing file /home/airflow/.local/lib/python3.8/site-packages/airflow/example_dags/example_python_operator.py for tasks to queue
[2026-04-09T08:14:37.986+0000] {logging_mixin.py:188} INFO - [2026-04-09T08:14:37.986+0000] {dagbag.py:538} INFO - Filling up the DagBag from /home/airflow/.local/lib/python3.8/site-packages/airflow/example_dags/example_python_operator.py
[2026-04-09T08:14:38.176+0000] {processor.py:840} INFO - DAG(s) 'example_python_operator' retrieved from /home/airflow/.local/lib/python3.8/site-packages/airflow/example_dags/example_python_operator.py
[2026-04-09T08:14:38.201+0000] {logging_mixin.py:188} INFO - [2026-04-09T08:14:38.200+0000] {dag.py:3033} INFO - Sync 1 DAGs
[2026-04-09T08:14:38.215+0000] {logging_mixin.py:188} INFO - [2026-04-09T08:14:38.214+0000] {dag.py:3820} INFO - Setting next_dagrun for example_python_operator to None, run_after=None
[2026-04-09T08:14:38.263+0000] {processor.py:183} INFO - Processing /home/airflow/.local/lib/python3.8/site-packages/airflow/example_dags/example_python_operator.py took 0.283 seconds
[2026-04-09T08:15:09.185+0000] {processor.py:161} INFO - Started process (PID=1321) to work on /home/airflow/.local/lib/python3.8/site-packages/airflow/example_dags/example_python_operator.py
[2026-04-09T08:15:09.191+0000] {processor.py:830} INFO - Processing file /home/airflow/.local/lib/python3.8/site-packages/airflow/example_dags/example_python_operator.py for tasks to queue
[2026-04-09T08:15:09.204+0000] {logging_mixin.py:188} INFO - [2026-04-09T08:15:09.204+0000] {dagbag.py:538} INFO - Filling up the DagBag from /home/airflow/.local/lib/python3.8/site-packages/airflow/example_dags/example_python_operator.py
[2026-04-09T08:15:09.263+0000] {processor.py:840} INFO - DAG(s) 'example_python_operator' retrieved from /home/airflow/.local/lib/python3.8/site-packages/airflow/example_dags/example_python_operator.py
[2026-04-09T08:15:09.317+0000] {logging_mixin.py:188} INFO - [2026-04-09T08:15:09.316+0000] {dag.py:3033} INFO - Sync 1 DAGs
[2026-04-09T08:15:09.343+0000] {logging_mixin.py:188} INFO - [2026-04-09T08:15:09.342+0000] {dag.py:3820} INFO - Setting next_dagrun for example_python_operator to None, run_after=None
[2026-04-09T08:15:09.368+0000] {processor.py:183} INFO - Processing /home/airflow/.local/lib/python3.8/site-packages/airflow/example_dags/example_python_operator.py took 0.209 seconds
[2026-04-09T08:15:40.025+0000] {processor.py:161} INFO - Started process (PID=1382) to work on /home/airflow/.local/lib/python3.8/site-packages/airflow/example_dags/example_python_operator.py
[2026-04-09T08:15:40.026+0000] {processor.py:830} INFO - Processing file /home/airflow/.local/lib/python3.8/site-packages/airflow/example_dags/example_python_operator.py for tasks to queue
[2026-04-09T08:15:40.028+0000] {logging_mixin.py:188} INFO - [2026-04-09T08:15:40.028+0000] {dagbag.py:538} INFO - Filling up the DagBag from /home/airflow/.local/lib/python3.8/site-packages/airflow/example_dags/example_python_operator.py
[2026-04-09T08:15:40.041+0000] {processor.py:840} INFO - DAG(s) 'example_python_operator' retrieved from /home/airflow/.local/lib/python3.8/site-packages/airflow/example_dags/example_python_operator.py
[2026-04-09T08:15:40.066+0000] {logging_mixin.py:188} INFO - [2026-04-09T08:15:40.066+0000] {dag.py:3033} INFO - Sync 1 DAGs
[2026-04-09T08:15:40.083+0000] {logging_mixin.py:188} INFO - [2026-04-09T08:15:40.082+0000] {dag.py:3820} INFO - Setting next_dagrun for example_python_operator to None, run_after=None
[2026-04-09T08:15:40.104+0000] {processor.py:183} INFO - Processing /home/airflow/.local/lib/python3.8/site-packages/airflow/example_dags/example_python_operator.py took 0.083 seconds
[2026-04-09T08:16:11.015+0000] {processor.py:161} INFO - Started process (PID=1443) to work on /home/airflow/.local/lib/python3.8/site-packages/airflow/example_dags/example_python_operator.py
[2026-04-09T08:16:11.018+0000] {processor.py:830} INFO - Processing file /home/airflow/.local/lib/python3.8/site-packages/airflow/example_dags/example_python_operator.py for tasks to queue
[2026-04-09T08:16:11.022+0000] {logging_mixin.py:188} INFO - [2026-04-09T08:16:11.022+0000] {dagbag.py:538} INFO - Filling up the DagBag from /home/airflow/.local/lib/python3.8/site-packages/airflow/example_dags/example_python_operator.py
[2026-04-09T08:16:11.052+0000] {processor.py:840} INFO - DAG(s) 'example_python_operator' retrieved from /home/airflow/.local/lib/python3.8/site-packages/airflow/example_dags/example_python_operator.py
[2026-04-09T08:16:11.089+0000] {logging_mixin.py:188} INFO - [2026-04-09T08:16:11.089+0000] {dag.py:3033} INFO - Sync 1 DAGs
[2026-04-09T08:16:11.103+0000] {logging_mixin.py:188} INFO - [2026-04-09T08:16:11.102+0000] {dag.py:3820} INFO - Setting next_dagrun for example_python_operator to None, run_after=None
[2026-04-09T08:16:11.124+0000] {processor.py:183} INFO - Processing /home/airflow/.local/lib/python3.8/site-packages/airflow/example_dags/example_python_operator.py took 0.117 seconds
[2026-04-09T08:16:41.481+0000] {processor.py:161} INFO - Started process (PID=1504) to work on /home/airflow/.local/lib/python3.8/site-packages/airflow/example_dags/example_python_operator.py
[2026-04-09T08:16:41.482+0000] {processor.py:830} INFO - Processing file /home/airflow/.local/lib/python3.8/site-packages/airflow/example_dags/example_python_operator.py for tasks to queue
[2026-04-09T08:16:41.484+0000] {logging_mixin.py:188} INFO - [2026-04-09T08:16:41.484+0000] {dagbag.py:538} INFO - Filling up the DagBag from /home/airflow/.local/lib/python3.8/site-packages/airflow/example_dags/example_python_operator.py
[2026-04-09T08:16:41.497+0000] {processor.py:840} INFO - DAG(s) 'example_python_operator' retrieved from /home/airflow/.local/lib/python3.8/site-packages/airflow/example_dags/example_python_operator.py
[2026-04-09T08:16:41.521+0000] {logging_mixin.py:188} INFO - [2026-04-09T08:16:41.521+0000] {dag.py:3033} INFO - Sync 1 DAGs
[2026-04-09T08:16:41.535+0000] {logging_mixin.py:188} INFO - [2026-04-09T08:16:41.535+0000] {dag.py:3820} INFO - Setting next_dagrun for example_python_operator to None, run_after=None
[2026-04-09T08:16:41.555+0000] {processor.py:183} INFO - Processing /home/airflow/.local/lib/python3.8/site-packages/airflow/example_dags/example_python_operator.py took 0.078 seconds
[2026-04-09T08:17:12.105+0000] {processor.py:161} INFO - Started process (PID=1565) to work on /home/airflow/.local/lib/python3.8/site-packages/airflow/example_dags/example_python_operator.py
[2026-04-09T08:17:12.105+0000] {processor.py:830} INFO - Processing file /home/airflow/.local/lib/python3.8/site-packages/airflow/example_dags/example_python_operator.py for tasks to queue
[2026-04-09T08:17:12.108+0000] {logging_mixin.py:188} INFO - [2026-04-09T08:17:12.107+0000] {dagbag.py:538} INFO - Filling up the DagBag from /home/airflow/.local/lib/python3.8/site-packages/airflow/example_dags/example_python_operator.py
[2026-04-09T08:17:12.120+0000] {processor.py:840} INFO - DAG(s) 'example_python_operator' retrieved from /home/airflow/.local/lib/python3.8/site-packages/airflow/example_dags/example_python_operator.py
[2026-04-09T08:17:12.145+0000] {logging_mixin.py:188} INFO - [2026-04-09T08:17:12.145+0000] {dag.py:3033} INFO - Sync 1 DAGs
[2026-04-09T08:17:12.159+0000] {logging_mixin.py:188} INFO - [2026-04-09T08:17:12.159+0000] {dag.py:3820} INFO - Setting next_dagrun for example_python_operator to None, run_after=None
[2026-04-09T08:17:12.180+0000] {processor.py:183} INFO - Processing /home/airflow/.local/lib/python3.8/site-packages/airflow/example_dags/example_python_operator.py took 0.079 seconds
[2026-04-09T08:17:42.991+0000] {processor.py:161} INFO - Started process (PID=1626) to work on /home/airflow/.local/lib/python3.8/site-packages/airflow/example_dags/example_python_operator.py
[2026-04-09T08:17:42.992+0000] {processor.py:830} INFO - Processing file /home/airflow/.local/lib/python3.8/site-packages/airflow/example_dags/example_python_operator.py for tasks to queue
[2026-04-09T08:17:42.994+0000] {logging_mixin.py:188} INFO - [2026-04-09T08:17:42.993+0000] {dagbag.py:538} INFO - Filling up the DagBag from /home/airflow/.local/lib/python3.8/site-packages/airflow/example_dags/example_python_operator.py
[2026-04-09T08:17:43.008+0000] {processor.py:840} INFO - DAG(s) 'example_python_operator' retrieved from /home/airflow/.local/lib/python3.8/site-packages/airflow/example_dags/example_python_operator.py
[2026-04-09T08:17:43.034+0000] {logging_mixin.py:188} INFO - [2026-04-09T08:17:43.033+0000] {dag.py:3033} INFO - Sync 1 DAGs
[2026-04-09T08:17:43.050+0000] {logging_mixin.py:188} INFO - [2026-04-09T08:17:43.050+0000] {dag.py:3820} INFO - Setting next_dagrun for example_python_operator to None, run_after=None
[2026-04-09T08:17:43.073+0000] {processor.py:183} INFO - Processing /home/airflow/.local/lib/python3.8/site-packages/airflow/example_dags/example_python_operator.py took 0.086 seconds
[2026-04-09T08:18:13.718+0000] {processor.py:161} INFO - Started process (PID=1687) to work on /home/airflow/.local/lib/python3.8/site-packages/airflow/example_dags/example_python_operator.py
[2026-04-09T08:18:13.720+0000] {processor.py:830} INFO - Processing file /home/airflow/.local/lib/python3.8/site-packages/airflow/example_dags/example_python_operator.py for tasks to queue
[2026-04-09T08:18:13.724+0000] {logging_mixin.py:188} INFO - [2026-04-09T08:18:13.724+0000] {dagbag.py:538} INFO - Filling up the DagBag from /home/airflow/.local/lib/python3.8/site-packages/airflow/example_dags/example_python_operator.py
[2026-04-09T08:18:13.755+0000] {processor.py:840} INFO - DAG(s) 'example_python_operator' retrieved from /home/airflow/.local/lib/python3.8/site-packages/airflow/example_dags/example_python_operator.py
[2026-04-09T08:18:13.814+0000] {logging_mixin.py:188} INFO - [2026-04-09T08:18:13.814+0000] {dag.py:3033} INFO - Sync 1 DAGs
[2026-04-09T08:18:13.843+0000] {logging_mixin.py:188} INFO - [2026-04-09T08:18:13.843+0000] {dag.py:3820} INFO - Setting next_dagrun for example_python_operator to None, run_after=None
[2026-04-09T08:18:13.915+0000] {processor.py:183} INFO - Processing /home/airflow/.local/lib/python3.8/site-packages/airflow/example_dags/example_python_operator.py took 0.204 seconds
[2026-04-09T08:18:44.401+0000] {processor.py:161} INFO - Started process (PID=1748) to work on /home/airflow/.local/lib/python3.8/site-packages/airflow/example_dags/example_python_operator.py
[2026-04-09T08:18:44.402+0000] {processor.py:830} INFO - Processing file /home/airflow/.local/lib/python3.8/site-packages/airflow/example_dags/example_python_operator.py for tasks to queue
[2026-04-09T08:18:44.404+0000] {logging_mixin.py:188} INFO - [2026-04-09T08:18:44.404+0000] {dagbag.py:538} INFO - Filling up the DagBag from /home/airflow/.local/lib/python3.8/site-packages/airflow/example_dags/example_python_operator.py
[2026-04-09T08:18:44.416+0000] {processor.py:840} INFO - DAG(s) 'example_python_operator' retrieved from /home/airflow/.local/lib/python3.8/site-packages/airflow/example_dags/example_python_operator.py
[2026-04-09T08:18:44.441+0000] {logging_mixin.py:188} INFO - [2026-04-09T08:18:44.441+0000] {dag.py:3033} INFO - Sync 1 DAGs
[2026-04-09T08:18:44.457+0000] {logging_mixin.py:188} INFO - [2026-04-09T08:18:44.456+0000] {dag.py:3820} INFO - Setting next_dagrun for example_python_operator to None, run_after=None
[2026-04-09T08:18:44.478+0000] {processor.py:183} INFO - Processing /home/airflow/.local/lib/python3.8/site-packages/airflow/example_dags/example_python_operator.py took 0.081 seconds
[2026-04-09T08:19:14.792+0000] {processor.py:161} INFO - Started process (PID=1809) to work on /home/airflow/.local/lib/python3.8/site-packages/airflow/example_dags/example_python_operator.py
[2026-04-09T08:19:14.795+0000] {processor.py:830} INFO - Processing file /home/airflow/.local/lib/python3.8/site-packages/airflow/example_dags/example_python_operator.py for tasks to queue
[2026-04-09T08:19:14.797+0000] {logging_mixin.py:188} INFO - [2026-04-09T08:19:14.797+0000] {dagbag.py:538} INFO - Filling up the DagBag from /home/airflow/.local/lib/python3.8/site-packages/airflow/example_dags/example_python_operator.py
[2026-04-09T08:19:14.810+0000] {processor.py:840} INFO - DAG(s) 'example_python_operator' retrieved from /home/airflow/.local/lib/python3.8/site-packages/airflow/example_dags/example_python_operator.py
[2026-04-09T08:19:14.850+0000] {logging_mixin.py:188} INFO - [2026-04-09T08:19:14.849+0000] {dag.py:3033} INFO - Sync 1 DAGs
[2026-04-09T08:19:14.866+0000] {logging_mixin.py:188} INFO - [2026-04-09T08:19:14.866+0000] {dag.py:3820} INFO - Setting next_dagrun for example_python_operator to None, run_after=None
[2026-04-09T08:19:14.886+0000] {processor.py:183} INFO - Processing /home/airflow/.local/lib/python3.8/site-packages/airflow/example_dags/example_python_operator.py took 0.097 seconds
[2026-04-09T08:19:45.016+0000] {processor.py:161} INFO - Started process (PID=1870) to work on /home/airflow/.local/lib/python3.8/site-packages/airflow/example_dags/example_python_operator.py
[2026-04-09T08:19:45.017+0000] {processor.py:830} INFO - Processing file /home/airflow/.local/lib/python3.8/site-packages/airflow/example_dags/example_python_operator.py for tasks to queue
[2026-04-09T08:19:45.019+0000] {logging_mixin.py:188} INFO - [2026-04-09T08:19:45.019+0000] {dagbag.py:538} INFO - Filling up the DagBag from /home/airflow/.local/lib/python3.8/site-packages/airflow/example_dags/example_python_operator.py
[2026-04-09T08:19:45.030+0000] {processor.py:840} INFO - DAG(s) 'example_python_operator' retrieved from /home/airflow/.local/lib/python3.8/site-packages/airflow/example_dags/example_python_operator.py
[2026-04-09T08:19:45.053+0000] {logging_mixin.py:188} INFO - [2026-04-09T08:19:45.053+0000] {dag.py:3033} INFO - Sync 1 DAGs
[2026-04-09T08:19:45.063+0000] {logging_mixin.py:188} INFO - [2026-04-09T08:19:45.063+0000] {dag.py:3820} INFO - Setting next_dagrun for example_python_operator to None, run_after=None
[2026-04-09T08:19:45.079+0000] {processor.py:183} INFO - Processing /home/airflow/.local/lib/python3.8/site-packages/airflow/example_dags/example_python_operator.py took 0.065 seconds
[2026-04-09T08:20:15.336+0000] {processor.py:161} INFO - Started process (PID=1932) to work on /home/airflow/.local/lib/python3.8/site-packages/airflow/example_dags/example_python_operator.py
[2026-04-09T08:20:15.337+0000] {processor.py:830} INFO - Processing file /home/airflow/.local/lib/python3.8/site-packages/airflow/example_dags/example_python_operator.py for tasks to queue
[2026-04-09T08:20:15.339+0000] {logging_mixin.py:188} INFO - [2026-04-09T08:20:15.339+0000] {dagbag.py:538} INFO - Filling up the DagBag from /home/airflow/.local/lib/python3.8/site-packages/airflow/example_dags/example_python_operator.py
[2026-04-09T08:20:15.351+0000] {processor.py:840} INFO - DAG(s) 'example_python_operator' retrieved from /home/airflow/.local/lib/python3.8/site-packages/airflow/example_dags/example_python_operator.py
[2026-04-09T08:20:15.369+0000] {logging_mixin.py:188} INFO - [2026-04-09T08:20:15.369+0000] {dag.py:3033} INFO - Sync 1 DAGs
[2026-04-09T08:20:15.380+0000] {logging_mixin.py:188} INFO - [2026-04-09T08:20:15.380+0000] {dag.py:3820} INFO - Setting next_dagrun for example_python_operator to None, run_after=None
[2026-04-09T08:20:15.413+0000] {processor.py:183} INFO - Processing /home/airflow/.local/lib/python3.8/site-packages/airflow/example_dags/example_python_operator.py took 0.080 seconds
[2026-04-09T08:20:46.584+0000] {processor.py:161} INFO - Started process (PID=1993) to work on /home/airflow/.local/lib/python3.8/site-packages/airflow/example_dags/example_python_operator.py
[2026-04-09T08:20:46.618+0000] {processor.py:830} INFO - Processing file /home/airflow/.local/lib/python3.8/site-packages/airflow/example_dags/example_python_operator.py for tasks to queue
[2026-04-09T08:20:46.622+0000] {logging_mixin.py:188} INFO - [2026-04-09T08:20:46.622+0000] {dagbag.py:538} INFO - Filling up the DagBag from /home/airflow/.local/lib/python3.8/site-packages/airflow/example_dags/example_python_operator.py
[2026-04-09T08:20:46.643+0000] {processor.py:840} INFO - DAG(s) 'example_python_operator' retrieved from /home/airflow/.local/lib/python3.8/site-packages/airflow/example_dags/example_python_operator.py
[2026-04-09T08:20:46.686+0000] {logging_mixin.py:188} INFO - [2026-04-09T08:20:46.685+0000] {dag.py:3033} INFO - Sync 1 DAGs
[2026-04-09T08:20:46.702+0000] {logging_mixin.py:188} INFO - [2026-04-09T08:20:46.702+0000] {dag.py:3820} INFO - Setting next_dagrun for example_python_operator to None, run_after=None
[2026-04-09T08:20:46.734+0000] {processor.py:183} INFO - Processing /home/airflow/.local/lib/python3.8/site-packages/airflow/example_dags/example_python_operator.py took 0.161 seconds
[2026-04-09T08:21:17.106+0000] {processor.py:161} INFO - Started process (PID=2053) to work on /home/airflow/.local/lib/python3.8/site-packages/airflow/example_dags/example_python_operator.py
[2026-04-09T08:21:17.108+0000] {processor.py:830} INFO - Processing file /home/airflow/.local/lib/python3.8/site-packages/airflow/example_dags/example_python_operator.py for tasks to queue
[2026-04-09T08:21:17.111+0000] {logging_mixin.py:188} INFO - [2026-04-09T08:21:17.111+0000] {dagbag.py:538} INFO - Filling up the DagBag from /home/airflow/.local/lib/python3.8/site-packages/airflow/example_dags/example_python_operator.py
[2026-04-09T08:21:17.126+0000] {processor.py:840} INFO - DAG(s) 'example_python_operator' retrieved from /home/airflow/.local/lib/python3.8/site-packages/airflow/example_dags/example_python_operator.py
[2026-04-09T08:21:17.139+0000] {logging_mixin.py:188} INFO - [2026-04-09T08:21:17.139+0000] {dag.py:3033} INFO - Sync 1 DAGs
[2026-04-09T08:21:17.154+0000] {logging_mixin.py:188} INFO - [2026-04-09T08:21:17.154+0000] {dag.py:3820} INFO - Setting next_dagrun for example_python_operator to None, run_after=None
[2026-04-09T08:21:17.173+0000] {processor.py:183} INFO - Processing /home/airflow/.local/lib/python3.8/site-packages/airflow/example_dags/example_python_operator.py took 0.072 seconds
[2026-04-09T08:21:48.605+0000] {processor.py:161} INFO - Started process (PID=2114) to work on /home/airflow/.local/lib/python3.8/site-packages/airflow/example_dags/example_python_operator.py
[2026-04-09T08:21:48.606+0000] {processor.py:830} INFO - Processing file /home/airflow/.local/lib/python3.8/site-packages/airflow/example_dags/example_python_operator.py for tasks to queue
[2026-04-09T08:21:48.608+0000] {logging_mixin.py:188} INFO - [2026-04-09T08:21:48.608+0000] {dagbag.py:538} INFO - Filling up the DagBag from /home/airflow/.local/lib/python3.8/site-packages/airflow/example_dags/example_python_operator.py
[2026-04-09T08:21:48.620+0000] {processor.py:840} INFO - DAG(s) 'example_python_operator' retrieved from /home/airflow/.local/lib/python3.8/site-packages/airflow/example_dags/example_python_operator.py
[2026-04-09T08:21:48.742+0000] {logging_mixin.py:188} INFO - [2026-04-09T08:21:48.742+0000] {dag.py:3033} INFO - Sync 1 DAGs
[2026-04-09T08:21:48.755+0000] {logging_mixin.py:188} INFO - [2026-04-09T08:21:48.755+0000] {dag.py:3820} INFO - Setting next_dagrun for example_python_operator to None, run_after=None
[2026-04-09T08:21:48.773+0000] {processor.py:183} INFO - Processing /home/airflow/.local/lib/python3.8/site-packages/airflow/example_dags/example_python_operator.py took 0.172 seconds
[2026-04-09T08:22:19.484+0000] {processor.py:161} INFO - Started process (PID=2175) to work on /home/airflow/.local/lib/python3.8/site-packages/airflow/example_dags/example_python_operator.py
[2026-04-09T08:22:19.486+0000] {processor.py:830} INFO - Processing file /home/airflow/.local/lib/python3.8/site-packages/airflow/example_dags/example_python_operator.py for tasks to queue
[2026-04-09T08:22:19.488+0000] {logging_mixin.py:188} INFO - [2026-04-09T08:22:19.487+0000] {dagbag.py:538} INFO - Filling up the DagBag from /home/airflow/.local/lib/python3.8/site-packages/airflow/example_dags/example_python_operator.py
[2026-04-09T08:22:19.506+0000] {processor.py:840} INFO - DAG(s) 'example_python_operator' retrieved from /home/airflow/.local/lib/python3.8/site-packages/airflow/example_dags/example_python_operator.py
[2026-04-09T08:22:19.546+0000] {logging_mixin.py:188} INFO - [2026-04-09T08:22:19.546+0000] {dag.py:3033} INFO - Sync 1 DAGs
[2026-04-09T08:22:19.559+0000] {logging_mixin.py:188} INFO - [2026-04-09T08:22:19.559+0000] {dag.py:3820} INFO - Setting next_dagrun for example_python_operator to None, run_after=None
[2026-04-09T08:22:19.579+0000] {processor.py:183} INFO - Processing /home/airflow/.local/lib/python3.8/site-packages/airflow/example_dags/example_python_operator.py took 0.099 seconds
[2026-04-09T08:22:50.203+0000] {processor.py:161} INFO - Started process (PID=2236) to work on /home/airflow/.local/lib/python3.8/site-packages/airflow/example_dags/example_python_operator.py
[2026-04-09T08:22:50.204+0000] {processor.py:830} INFO - Processing file /home/airflow/.local/lib/python3.8/site-packages/airflow/example_dags/example_python_operator.py for tasks to queue
[2026-04-09T08:22:50.206+0000] {logging_mixin.py:188} INFO - [2026-04-09T08:22:50.206+0000] {dagbag.py:538} INFO - Filling up the DagBag from /home/airflow/.local/lib/python3.8/site-packages/airflow/example_dags/example_python_operator.py
[2026-04-09T08:22:50.218+0000] {processor.py:840} INFO - DAG(s) 'example_python_operator' retrieved from /home/airflow/.local/lib/python3.8/site-packages/airflow/example_dags/example_python_operator.py
[2026-04-09T08:22:50.240+0000] {logging_mixin.py:188} INFO - [2026-04-09T08:22:50.240+0000] {dag.py:3033} INFO - Sync 1 DAGs
[2026-04-09T08:22:50.255+0000] {logging_mixin.py:188} INFO - [2026-04-09T08:22:50.254+0000] {dag.py:3820} INFO - Setting next_dagrun for example_python_operator to None, run_after=None
[2026-04-09T08:22:50.273+0000] {processor.py:183} INFO - Processing /home/airflow/.local/lib/python3.8/site-packages/airflow/example_dags/example_python_operator.py took 0.073 seconds
[2026-04-09T08:23:20.857+0000] {processor.py:161} INFO - Started process (PID=2298) to work on /home/airflow/.local/lib/python3.8/site-packages/airflow/example_dags/example_python_operator.py
[2026-04-09T08:23:20.858+0000] {processor.py:830} INFO - Processing file /home/airflow/.local/lib/python3.8/site-packages/airflow/example_dags/example_python_operator.py for tasks to queue
[2026-04-09T08:23:20.860+0000] {logging_mixin.py:188} INFO - [2026-04-09T08:23:20.859+0000] {dagbag.py:538} INFO - Filling up the DagBag from /home/airflow/.local/lib/python3.8/site-packages/airflow/example_dags/example_python_operator.py
[2026-04-09T08:23:20.871+0000] {processor.py:840} INFO - DAG(s) 'example_python_operator' retrieved from /home/airflow/.local/lib/python3.8/site-packages/airflow/example_dags/example_python_operator.py
[2026-04-09T08:23:20.896+0000] {logging_mixin.py:188} INFO - [2026-04-09T08:23:20.896+0000] {dag.py:3033} INFO - Sync 1 DAGs
[2026-04-09T08:23:20.910+0000] {logging_mixin.py:188} INFO - [2026-04-09T08:23:20.910+0000] {dag.py:3820} INFO - Setting next_dagrun for example_python_operator to None, run_after=None
[2026-04-09T08:23:20.928+0000] {processor.py:183} INFO - Processing /home/airflow/.local/lib/python3.8/site-packages/airflow/example_dags/example_python_operator.py took 0.075 seconds
[2026-04-09T08:23:51.670+0000] {processor.py:161} INFO - Started process (PID=2359) to work on /home/airflow/.local/lib/python3.8/site-packages/airflow/example_dags/example_python_operator.py
[2026-04-09T08:23:51.670+0000] {processor.py:830} INFO - Processing file /home/airflow/.local/lib/python3.8/site-packages/airflow/example_dags/example_python_operator.py for tasks to queue
[2026-04-09T08:23:51.672+0000] {logging_mixin.py:188} INFO - [2026-04-09T08:23:51.672+0000] {dagbag.py:538} INFO - Filling up the DagBag from /home/airflow/.local/lib/python3.8/site-packages/airflow/example_dags/example_python_operator.py
[2026-04-09T08:23:51.680+0000] {processor.py:840} INFO - DAG(s) 'example_python_operator' retrieved from /home/airflow/.local/lib/python3.8/site-packages/airflow/example_dags/example_python_operator.py
[2026-04-09T08:23:51.697+0000] {logging_mixin.py:188} INFO - [2026-04-09T08:23:51.697+0000] {dag.py:3033} INFO - Sync 1 DAGs
[2026-04-09T08:23:51.706+0000] {logging_mixin.py:188} INFO - [2026-04-09T08:23:51.706+0000] {dag.py:3820} INFO - Setting next_dagrun for example_python_operator to None, run_after=None
[2026-04-09T08:23:51.720+0000] {processor.py:183} INFO - Processing /home/airflow/.local/lib/python3.8/site-packages/airflow/example_dags/example_python_operator.py took 0.053 seconds
[2026-04-09T08:24:22.297+0000] {processor.py:161} INFO - Started process (PID=2420) to work on /home/airflow/.local/lib/python3.8/site-packages/airflow/example_dags/example_python_operator.py
[2026-04-09T08:24:22.298+0000] {processor.py:830} INFO - Processing file /home/airflow/.local/lib/python3.8/site-packages/airflow/example_dags/example_python_operator.py for tasks to queue
[2026-04-09T08:24:22.300+0000] {logging_mixin.py:188} INFO - [2026-04-09T08:24:22.300+0000] {dagbag.py:538} INFO - Filling up the DagBag from /home/airflow/.local/lib/python3.8/site-packages/airflow/example_dags/example_python_operator.py
[2026-04-09T08:24:22.313+0000] {processor.py:840} INFO - DAG(s) 'example_python_operator' retrieved from /home/airflow/.local/lib/python3.8/site-packages/airflow/example_dags/example_python_operator.py
[2026-04-09T08:24:22.349+0000] {logging_mixin.py:188} INFO - [2026-04-09T08:24:22.349+0000] {dag.py:3033} INFO - Sync 1 DAGs
[2026-04-09T08:24:22.366+0000] {logging_mixin.py:188} INFO - [2026-04-09T08:24:22.366+0000] {dag.py:3820} INFO - Setting next_dagrun for example_python_operator to None, run_after=None
[2026-04-09T08:24:22.403+0000] {processor.py:183} INFO - Processing /home/airflow/.local/lib/python3.8/site-packages/airflow/example_dags/example_python_operator.py took 0.109 seconds
[2026-04-09T08:24:54.471+0000] {processor.py:161} INFO - Started process (PID=2481) to work on /home/airflow/.local/lib/python3.8/site-packages/airflow/example_dags/example_python_operator.py
[2026-04-09T08:24:54.476+0000] {processor.py:830} INFO - Processing file /home/airflow/.local/lib/python3.8/site-packages/airflow/example_dags/example_python_operator.py for tasks to queue
[2026-04-09T08:24:54.484+0000] {logging_mixin.py:188} INFO - [2026-04-09T08:24:54.483+0000] {dagbag.py:538} INFO - Filling up the DagBag from /home/airflow/.local/lib/python3.8/site-packages/airflow/example_dags/example_python_operator.py
[2026-04-09T08:24:54.540+0000] {processor.py:840} INFO - DAG(s) 'example_python_operator' retrieved from /home/airflow/.local/lib/python3.8/site-packages/airflow/example_dags/example_python_operator.py
[2026-04-09T08:24:54.593+0000] {logging_mixin.py:188} INFO - [2026-04-09T08:24:54.593+0000] {dag.py:3033} INFO - Sync 1 DAGs
[2026-04-09T08:24:54.626+0000] {logging_mixin.py:188} INFO - [2026-04-09T08:24:54.626+0000] {dag.py:3820} INFO - Setting next_dagrun for example_python_operator to None, run_after=None
[2026-04-09T08:24:54.648+0000] {processor.py:183} INFO - Processing /home/airflow/.local/lib/python3.8/site-packages/airflow/example_dags/example_python_operator.py took 0.183 seconds
[2026-04-09T08:25:24.942+0000] {processor.py:161} INFO - Started process (PID=2542) to work on /home/airflow/.local/lib/python3.8/site-packages/airflow/example_dags/example_python_operator.py
[2026-04-09T08:25:24.943+0000] {processor.py:830} INFO - Processing file /home/airflow/.local/lib/python3.8/site-packages/airflow/example_dags/example_python_operator.py for tasks to queue
[2026-04-09T08:25:24.945+0000] {logging_mixin.py:188} INFO - [2026-04-09T08:25:24.945+0000] {dagbag.py:538} INFO - Filling up the DagBag from /home/airflow/.local/lib/python3.8/site-packages/airflow/example_dags/example_python_operator.py
[2026-04-09T08:25:24.957+0000] {processor.py:840} INFO - DAG(s) 'example_python_operator' retrieved from /home/airflow/.local/lib/python3.8/site-packages/airflow/example_dags/example_python_operator.py
[2026-04-09T08:25:24.981+0000] {logging_mixin.py:188} INFO - [2026-04-09T08:25:24.981+0000] {dag.py:3033} INFO - Sync 1 DAGs
[2026-04-09T08:25:24.995+0000] {logging_mixin.py:188} INFO - [2026-04-09T08:25:24.995+0000] {dag.py:3820} INFO - Setting next_dagrun for example_python_operator to None, run_after=None
[2026-04-09T08:25:25.012+0000] {processor.py:183} INFO - Processing /home/airflow/.local/lib/python3.8/site-packages/airflow/example_dags/example_python_operator.py took 0.073 seconds
[2026-04-09T08:25:55.110+0000] {processor.py:161} INFO - Started process (PID=2603) to work on /home/airflow/.local/lib/python3.8/site-packages/airflow/example_dags/example_python_operator.py
[2026-04-09T08:25:55.111+0000] {processor.py:830} INFO - Processing file /home/airflow/.local/lib/python3.8/site-packages/airflow/example_dags/example_python_operator.py for tasks to queue
[2026-04-09T08:25:55.113+0000] {logging_mixin.py:188} INFO - [2026-04-09T08:25:55.113+0000] {dagbag.py:538} INFO - Filling up the DagBag from /home/airflow/.local/lib/python3.8/site-packages/airflow/example_dags/example_python_operator.py
[2026-04-09T08:25:55.126+0000] {processor.py:840} INFO - DAG(s) 'example_python_operator' retrieved from /home/airflow/.local/lib/python3.8/site-packages/airflow/example_dags/example_python_operator.py
[2026-04-09T08:25:55.164+0000] {logging_mixin.py:188} INFO - [2026-04-09T08:25:55.164+0000] {dag.py:3033} INFO - Sync 1 DAGs
[2026-04-09T08:25:55.177+0000] {logging_mixin.py:188} INFO - [2026-04-09T08:25:55.177+0000] {dag.py:3820} INFO - Setting next_dagrun for example_python_operator to None, run_after=None
[2026-04-09T08:25:55.195+0000] {processor.py:183} INFO - Processing /home/airflow/.local/lib/python3.8/site-packages/airflow/example_dags/example_python_operator.py took 0.089 seconds
[2026-04-09T08:26:26.453+0000] {processor.py:161} INFO - Started process (PID=2664) to work on /home/airflow/.local/lib/python3.8/site-packages/airflow/example_dags/example_python_operator.py
[2026-04-09T08:26:26.456+0000] {processor.py:830} INFO - Processing file /home/airflow/.local/lib/python3.8/site-packages/airflow/example_dags/example_python_operator.py for tasks to queue
[2026-04-09T08:26:26.461+0000] {logging_mixin.py:188} INFO - [2026-04-09T08:26:26.460+0000] {dagbag.py:538} INFO - Filling up the DagBag from /home/airflow/.local/lib/python3.8/site-packages/airflow/example_dags/example_python_operator.py
[2026-04-09T08:26:26.485+0000] {processor.py:840} INFO - DAG(s) 'example_python_operator' retrieved from /home/airflow/.local/lib/python3.8/site-packages/airflow/example_dags/example_python_operator.py
[2026-04-09T08:26:26.522+0000] {logging_mixin.py:188} INFO - [2026-04-09T08:26:26.522+0000] {dag.py:3033} INFO - Sync 1 DAGs
[2026-04-09T08:26:26.538+0000] {logging_mixin.py:188} INFO - [2026-04-09T08:26:26.538+0000] {dag.py:3820} INFO - Setting next_dagrun for example_python_operator to None, run_after=None
[2026-04-09T08:26:26.565+0000] {processor.py:183} INFO - Processing /home/airflow/.local/lib/python3.8/site-packages/airflow/example_dags/example_python_operator.py took 0.118 seconds
[2026-04-09T08:26:57.899+0000] {processor.py:161} INFO - Started process (PID=2725) to work on /home/airflow/.local/lib/python3.8/site-packages/airflow/example_dags/example_python_operator.py
[2026-04-09T08:26:57.901+0000] {processor.py:830} INFO - Processing file /home/airflow/.local/lib/python3.8/site-packages/airflow/example_dags/example_python_operator.py for tasks to queue
[2026-04-09T08:26:57.907+0000] {logging_mixin.py:188} INFO - [2026-04-09T08:26:57.907+0000] {dagbag.py:538} INFO - Filling up the DagBag from /home/airflow/.local/lib/python3.8/site-packages/airflow/example_dags/example_python_operator.py
[2026-04-09T08:26:57.919+0000] {processor.py:840} INFO - DAG(s) 'example_python_operator' retrieved from /home/airflow/.local/lib/python3.8/site-packages/airflow/example_dags/example_python_operator.py
[2026-04-09T08:26:57.947+0000] {logging_mixin.py:188} INFO - [2026-04-09T08:26:57.947+0000] {dag.py:3033} INFO - Sync 1 DAGs
[2026-04-09T08:26:57.964+0000] {logging_mixin.py:188} INFO - [2026-04-09T08:26:57.964+0000] {dag.py:3820} INFO - Setting next_dagrun for example_python_operator to None, run_after=None
[2026-04-09T08:26:57.985+0000] {processor.py:183} INFO - Processing /home/airflow/.local/lib/python3.8/site-packages/airflow/example_dags/example_python_operator.py took 0.098 seconds
[2026-04-09T08:27:28.100+0000] {processor.py:161} INFO - Started process (PID=2786) to work on /home/airflow/.local/lib/python3.8/site-packages/airflow/example_dags/example_python_operator.py
[2026-04-09T08:27:28.101+0000] {processor.py:830} INFO - Processing file /home/airflow/.local/lib/python3.8/site-packages/airflow/example_dags/example_python_operator.py for tasks to queue
[2026-04-09T08:27:28.104+0000] {logging_mixin.py:188} INFO - [2026-04-09T08:27:28.103+0000] {dagbag.py:538} INFO - Filling up the DagBag from /home/airflow/.local/lib/python3.8/site-packages/airflow/example_dags/example_python_operator.py
[2026-04-09T08:27:28.116+0000] {processor.py:840} INFO - DAG(s) 'example_python_operator' retrieved from /home/airflow/.local/lib/python3.8/site-packages/airflow/example_dags/example_python_operator.py
[2026-04-09T08:27:28.141+0000] {logging_mixin.py:188} INFO - [2026-04-09T08:27:28.141+0000] {dag.py:3033} INFO - Sync 1 DAGs
[2026-04-09T08:27:28.153+0000] {logging_mixin.py:188} INFO - [2026-04-09T08:27:28.152+0000] {dag.py:3820} INFO - Setting next_dagrun for example_python_operator to None, run_after=None
[2026-04-09T08:27:28.166+0000] {processor.py:183} INFO - Processing /home/airflow/.local/lib/python3.8/site-packages/airflow/example_dags/example_python_operator.py took 0.069 seconds
[2026-04-09T08:27:58.306+0000] {processor.py:161} INFO - Started process (PID=2847) to work on /home/airflow/.local/lib/python3.8/site-packages/airflow/example_dags/example_python_operator.py
[2026-04-09T08:27:58.307+0000] {processor.py:830} INFO - Processing file /home/airflow/.local/lib/python3.8/site-packages/airflow/example_dags/example_python_operator.py for tasks to queue
[2026-04-09T08:27:58.310+0000] {logging_mixin.py:188} INFO - [2026-04-09T08:27:58.310+0000] {dagbag.py:538} INFO - Filling up the DagBag from /home/airflow/.local/lib/python3.8/site-packages/airflow/example_dags/example_python_operator.py
[2026-04-09T08:27:58.323+0000] {processor.py:840} INFO - DAG(s) 'example_python_operator' retrieved from /home/airflow/.local/lib/python3.8/site-packages/airflow/example_dags/example_python_operator.py
[2026-04-09T08:27:58.350+0000] {logging_mixin.py:188} INFO - [2026-04-09T08:27:58.349+0000] {dag.py:3033} INFO - Sync 1 DAGs
[2026-04-09T08:27:58.366+0000] {logging_mixin.py:188} INFO - [2026-04-09T08:27:58.365+0000] {dag.py:3820} INFO - Setting next_dagrun for example_python_operator to None, run_after=None
[2026-04-09T08:27:58.382+0000] {processor.py:183} INFO - Processing /home/airflow/.local/lib/python3.8/site-packages/airflow/example_dags/example_python_operator.py took 0.080 seconds
[2026-04-09T08:28:29.036+0000] {processor.py:161} INFO - Started process (PID=2908) to work on /home/airflow/.local/lib/python3.8/site-packages/airflow/example_dags/example_python_operator.py
[2026-04-09T08:28:29.037+0000] {processor.py:830} INFO - Processing file /home/airflow/.local/lib/python3.8/site-packages/airflow/example_dags/example_python_operator.py for tasks to queue
[2026-04-09T08:28:29.039+0000] {logging_mixin.py:188} INFO - [2026-04-09T08:28:29.039+0000] {dagbag.py:538} INFO - Filling up the DagBag from /home/airflow/.local/lib/python3.8/site-packages/airflow/example_dags/example_python_operator.py
[2026-04-09T08:28:29.052+0000] {processor.py:840} INFO - DAG(s) 'example_python_operator' retrieved from /home/airflow/.local/lib/python3.8/site-packages/airflow/example_dags/example_python_operator.py
[2026-04-09T08:28:29.076+0000] {logging_mixin.py:188} INFO - [2026-04-09T08:28:29.076+0000] {dag.py:3033} INFO - Sync 1 DAGs
[2026-04-09T08:28:29.093+0000] {logging_mixin.py:188} INFO - [2026-04-09T08:28:29.093+0000] {dag.py:3820} INFO - Setting next_dagrun for example_python_operator to None, run_after=None
[2026-04-09T08:28:29.114+0000] {processor.py:183} INFO - Processing /home/airflow/.local/lib/python3.8/site-packages/airflow/example_dags/example_python_operator.py took 0.081 seconds
[2026-04-09T08:29:00.006+0000] {processor.py:161} INFO - Started process (PID=2969) to work on /home/airflow/.local/lib/python3.8/site-packages/airflow/example_dags/example_python_operator.py
[2026-04-09T08:29:00.007+0000] {processor.py:830} INFO - Processing file /home/airflow/.local/lib/python3.8/site-packages/airflow/example_dags/example_python_operator.py for tasks to queue
[2026-04-09T08:29:00.009+0000] {logging_mixin.py:188} INFO - [2026-04-09T08:29:00.009+0000] {dagbag.py:538} INFO - Filling up the DagBag from /home/airflow/.local/lib/python3.8/site-packages/airflow/example_dags/example_python_operator.py
[2026-04-09T08:29:00.021+0000] {processor.py:840} INFO - DAG(s) 'example_python_operator' retrieved from /home/airflow/.local/lib/python3.8/site-packages/airflow/example_dags/example_python_operator.py
[2026-04-09T08:29:00.044+0000] {logging_mixin.py:188} INFO - [2026-04-09T08:29:00.044+0000] {dag.py:3033} INFO - Sync 1 DAGs
[2026-04-09T08:29:00.064+0000] {logging_mixin.py:188} INFO - [2026-04-09T08:29:00.064+0000] {dag.py:3820} INFO - Setting next_dagrun for example_python_operator to None, run_after=None
[2026-04-09T08:29:00.079+0000] {processor.py:183} INFO - Processing /home/airflow/.local/lib/python3.8/site-packages/airflow/example_dags/example_python_operator.py took 0.077 seconds
[2026-04-09T08:29:30.622+0000] {processor.py:161} INFO - Started process (PID=3030) to work on /home/airflow/.local/lib/python3.8/site-packages/airflow/example_dags/example_python_operator.py
[2026-04-09T08:29:30.623+0000] {processor.py:830} INFO - Processing file /home/airflow/.local/lib/python3.8/site-packages/airflow/example_dags/example_python_operator.py for tasks to queue
[2026-04-09T08:29:30.625+0000] {logging_mixin.py:188} INFO - [2026-04-09T08:29:30.625+0000] {dagbag.py:538} INFO - Filling up the DagBag from /home/airflow/.local/lib/python3.8/site-packages/airflow/example_dags/example_python_operator.py
[2026-04-09T08:29:30.639+0000] {processor.py:840} INFO - DAG(s) 'example_python_operator' retrieved from /home/airflow/.local/lib/python3.8/site-packages/airflow/example_dags/example_python_operator.py
[2026-04-09T08:29:30.676+0000] {logging_mixin.py:188} INFO - [2026-04-09T08:29:30.676+0000] {dag.py:3033} INFO - Sync 1 DAGs
[2026-04-09T08:29:30.686+0000] {logging_mixin.py:188} INFO - [2026-04-09T08:29:30.686+0000] {dag.py:3820} INFO - Setting next_dagrun for example_python_operator to None, run_after=None
[2026-04-09T08:29:30.699+0000] {processor.py:183} INFO - Processing /home/airflow/.local/lib/python3.8/site-packages/airflow/example_dags/example_python_operator.py took 0.082 seconds
[2026-04-09T08:30:01.902+0000] {processor.py:161} INFO - Started process (PID=3090) to work on /home/airflow/.local/lib/python3.8/site-packages/airflow/example_dags/example_python_operator.py
[2026-04-09T08:30:01.903+0000] {processor.py:830} INFO - Processing file /home/airflow/.local/lib/python3.8/site-packages/airflow/example_dags/example_python_operator.py for tasks to queue
[2026-04-09T08:30:01.905+0000] {logging_mixin.py:188} INFO - [2026-04-09T08:30:01.905+0000] {dagbag.py:538} INFO - Filling up the DagBag from /home/airflow/.local/lib/python3.8/site-packages/airflow/example_dags/example_python_operator.py
[2026-04-09T08:30:01.918+0000] {processor.py:840} INFO - DAG(s) 'example_python_operator' retrieved from /home/airflow/.local/lib/python3.8/site-packages/airflow/example_dags/example_python_operator.py
[2026-04-09T08:30:01.999+0000] {logging_mixin.py:188} INFO - [2026-04-09T08:30:01.999+0000] {dag.py:3033} INFO - Sync 1 DAGs
[2026-04-09T08:30:02.116+0000] {logging_mixin.py:188} INFO - [2026-04-09T08:30:02.116+0000] {dag.py:3820} INFO - Setting next_dagrun for example_python_operator to None, run_after=None
[2026-04-09T08:30:02.270+0000] {processor.py:183} INFO - Processing /home/airflow/.local/lib/python3.8/site-packages/airflow/example_dags/example_python_operator.py took 0.369 seconds
[2026-04-09T08:30:32.698+0000] {processor.py:161} INFO - Started process (PID=3151) to work on /home/airflow/.local/lib/python3.8/site-packages/airflow/example_dags/example_python_operator.py
[2026-04-09T08:30:32.706+0000] {processor.py:830} INFO - Processing file /home/airflow/.local/lib/python3.8/site-packages/airflow/example_dags/example_python_operator.py for tasks to queue
[2026-04-09T08:30:32.769+0000] {logging_mixin.py:188} INFO - [2026-04-09T08:30:32.727+0000] {dagbag.py:538} INFO - Filling up the DagBag from /home/airflow/.local/lib/python3.8/site-packages/airflow/example_dags/example_python_operator.py
[2026-04-09T08:30:32.901+0000] {processor.py:840} INFO - DAG(s) 'example_python_operator' retrieved from /home/airflow/.local/lib/python3.8/site-packages/airflow/example_dags/example_python_operator.py
[2026-04-09T08:30:32.992+0000] {logging_mixin.py:188} INFO - [2026-04-09T08:30:32.992+0000] {dag.py:3033} INFO - Sync 1 DAGs
[2026-04-09T08:30:33.021+0000] {logging_mixin.py:188} INFO - [2026-04-09T08:30:33.021+0000] {dag.py:3820} INFO - Setting next_dagrun for example_python_operator to None, run_after=None
[2026-04-09T08:30:33.043+0000] {processor.py:183} INFO - Processing /home/airflow/.local/lib/python3.8/site-packages/airflow/example_dags/example_python_operator.py took 0.375 seconds
[2026-04-09T08:31:03.374+0000] {processor.py:161} INFO - Started process (PID=3212) to work on /home/airflow/.local/lib/python3.8/site-packages/airflow/example_dags/example_python_operator.py
[2026-04-09T08:31:03.374+0000] {processor.py:830} INFO - Processing file /home/airflow/.local/lib/python3.8/site-packages/airflow/example_dags/example_python_operator.py for tasks to queue
[2026-04-09T08:31:03.377+0000] {logging_mixin.py:188} INFO - [2026-04-09T08:31:03.376+0000] {dagbag.py:538} INFO - Filling up the DagBag from /home/airflow/.local/lib/python3.8/site-packages/airflow/example_dags/example_python_operator.py
[2026-04-09T08:31:03.397+0000] {processor.py:840} INFO - DAG(s) 'example_python_operator' retrieved from /home/airflow/.local/lib/python3.8/site-packages/airflow/example_dags/example_python_operator.py
[2026-04-09T08:31:03.439+0000] {logging_mixin.py:188} INFO - [2026-04-09T08:31:03.439+0000] {dag.py:3033} INFO - Sync 1 DAGs
[2026-04-09T08:31:03.454+0000] {logging_mixin.py:188} INFO - [2026-04-09T08:31:03.454+0000] {dag.py:3820} INFO - Setting next_dagrun for example_python_operator to None, run_after=None
[2026-04-09T08:31:03.524+0000] {processor.py:183} INFO - Processing /home/airflow/.local/lib/python3.8/site-packages/airflow/example_dags/example_python_operator.py took 0.153 seconds
[2026-04-09T08:31:34.360+0000] {processor.py:161} INFO - Started process (PID=3273) to work on /home/airflow/.local/lib/python3.8/site-packages/airflow/example_dags/example_python_operator.py
[2026-04-09T08:31:34.361+0000] {processor.py:830} INFO - Processing file /home/airflow/.local/lib/python3.8/site-packages/airflow/example_dags/example_python_operator.py for tasks to queue
[2026-04-09T08:31:34.363+0000] {logging_mixin.py:188} INFO - [2026-04-09T08:31:34.363+0000] {dagbag.py:538} INFO - Filling up the DagBag from /home/airflow/.local/lib/python3.8/site-packages/airflow/example_dags/example_python_operator.py
[2026-04-09T08:31:34.376+0000] {processor.py:840} INFO - DAG(s) 'example_python_operator' retrieved from /home/airflow/.local/lib/python3.8/site-packages/airflow/example_dags/example_python_operator.py
[2026-04-09T08:31:34.418+0000] {logging_mixin.py:188} INFO - [2026-04-09T08:31:34.418+0000] {dag.py:3033} INFO - Sync 1 DAGs
[2026-04-09T08:31:34.433+0000] {logging_mixin.py:188} INFO - [2026-04-09T08:31:34.433+0000] {dag.py:3820} INFO - Setting next_dagrun for example_python_operator to None, run_after=None
[2026-04-09T08:31:34.459+0000] {processor.py:183} INFO - Processing /home/airflow/.local/lib/python3.8/site-packages/airflow/example_dags/example_python_operator.py took 0.102 seconds
[2026-04-09T08:32:05.243+0000] {processor.py:161} INFO - Started process (PID=3334) to work on /home/airflow/.local/lib/python3.8/site-packages/airflow/example_dags/example_python_operator.py
[2026-04-09T08:32:05.254+0000] {processor.py:830} INFO - Processing file /home/airflow/.local/lib/python3.8/site-packages/airflow/example_dags/example_python_operator.py for tasks to queue
[2026-04-09T08:32:05.272+0000] {logging_mixin.py:188} INFO - [2026-04-09T08:32:05.270+0000] {dagbag.py:538} INFO - Filling up the DagBag from /home/airflow/.local/lib/python3.8/site-packages/airflow/example_dags/example_python_operator.py
[2026-04-09T08:32:05.318+0000] {processor.py:840} INFO - DAG(s) 'example_python_operator' retrieved from /home/airflow/.local/lib/python3.8/site-packages/airflow/example_dags/example_python_operator.py
[2026-04-09T08:32:05.408+0000] {logging_mixin.py:188} INFO - [2026-04-09T08:32:05.406+0000] {dag.py:3033} INFO - Sync 1 DAGs
[2026-04-09T08:32:05.471+0000] {logging_mixin.py:188} INFO - [2026-04-09T08:32:05.471+0000] {dag.py:3820} INFO - Setting next_dagrun for example_python_operator to None, run_after=None
[2026-04-09T08:32:05.550+0000] {processor.py:183} INFO - Processing /home/airflow/.local/lib/python3.8/site-packages/airflow/example_dags/example_python_operator.py took 0.314 seconds
[2026-04-09T08:32:35.744+0000] {processor.py:161} INFO - Started process (PID=3396) to work on /home/airflow/.local/lib/python3.8/site-packages/airflow/example_dags/example_python_operator.py
[2026-04-09T08:32:35.752+0000] {processor.py:830} INFO - Processing file /home/airflow/.local/lib/python3.8/site-packages/airflow/example_dags/example_python_operator.py for tasks to queue
[2026-04-09T08:32:35.754+0000] {logging_mixin.py:188} INFO - [2026-04-09T08:32:35.754+0000] {dagbag.py:538} INFO - Filling up the DagBag from /home/airflow/.local/lib/python3.8/site-packages/airflow/example_dags/example_python_operator.py
[2026-04-09T08:32:35.767+0000] {processor.py:840} INFO - DAG(s) 'example_python_operator' retrieved from /home/airflow/.local/lib/python3.8/site-packages/airflow/example_dags/example_python_operator.py
[2026-04-09T08:32:35.793+0000] {logging_mixin.py:188} INFO - [2026-04-09T08:32:35.792+0000] {dag.py:3033} INFO - Sync 1 DAGs
[2026-04-09T08:32:35.806+0000] {logging_mixin.py:188} INFO - [2026-04-09T08:32:35.806+0000] {dag.py:3820} INFO - Setting next_dagrun for example_python_operator to None, run_after=None
[2026-04-09T08:32:35.829+0000] {processor.py:183} INFO - Processing /home/airflow/.local/lib/python3.8/site-packages/airflow/example_dags/example_python_operator.py took 0.087 seconds
[2026-04-09T08:33:06.905+0000] {processor.py:161} INFO - Started process (PID=3457) to work on /home/airflow/.local/lib/python3.8/site-packages/airflow/example_dags/example_python_operator.py
[2026-04-09T08:33:06.931+0000] {processor.py:830} INFO - Processing file /home/airflow/.local/lib/python3.8/site-packages/airflow/example_dags/example_python_operator.py for tasks to queue
[2026-04-09T08:33:06.940+0000] {logging_mixin.py:188} INFO - [2026-04-09T08:33:06.938+0000] {dagbag.py:538} INFO - Filling up the DagBag from /home/airflow/.local/lib/python3.8/site-packages/airflow/example_dags/example_python_operator.py
[2026-04-09T08:33:06.989+0000] {processor.py:840} INFO - DAG(s) 'example_python_operator' retrieved from /home/airflow/.local/lib/python3.8/site-packages/airflow/example_dags/example_python_operator.py
[2026-04-09T08:33:07.053+0000] {logging_mixin.py:188} INFO - [2026-04-09T08:33:07.052+0000] {dag.py:3033} INFO - Sync 1 DAGs
[2026-04-09T08:33:07.104+0000] {logging_mixin.py:188} INFO - [2026-04-09T08:33:07.104+0000] {dag.py:3820} INFO - Setting next_dagrun for example_python_operator to None, run_after=None
[2026-04-09T08:33:07.137+0000] {processor.py:183} INFO - Processing /home/airflow/.local/lib/python3.8/site-packages/airflow/example_dags/example_python_operator.py took 0.237 seconds
[2026-04-09T08:33:37.764+0000] {processor.py:161} INFO - Started process (PID=3518) to work on /home/airflow/.local/lib/python3.8/site-packages/airflow/example_dags/example_python_operator.py
[2026-04-09T08:33:37.769+0000] {processor.py:830} INFO - Processing file /home/airflow/.local/lib/python3.8/site-packages/airflow/example_dags/example_python_operator.py for tasks to queue
[2026-04-09T08:33:37.774+0000] {logging_mixin.py:188} INFO - [2026-04-09T08:33:37.774+0000] {dagbag.py:538} INFO - Filling up the DagBag from /home/airflow/.local/lib/python3.8/site-packages/airflow/example_dags/example_python_operator.py
[2026-04-09T08:33:37.812+0000] {processor.py:840} INFO - DAG(s) 'example_python_operator' retrieved from /home/airflow/.local/lib/python3.8/site-packages/airflow/example_dags/example_python_operator.py
[2026-04-09T08:33:37.861+0000] {logging_mixin.py:188} INFO - [2026-04-09T08:33:37.860+0000] {dag.py:3033} INFO - Sync 1 DAGs
[2026-04-09T08:33:37.886+0000] {logging_mixin.py:188} INFO - [2026-04-09T08:33:37.886+0000] {dag.py:3820} INFO - Setting next_dagrun for example_python_operator to None, run_after=None
[2026-04-09T08:33:37.934+0000] {processor.py:183} INFO - Processing /home/airflow/.local/lib/python3.8/site-packages/airflow/example_dags/example_python_operator.py took 0.176 seconds
[2026-04-09T08:34:08.026+0000] {processor.py:161} INFO - Started process (PID=3579) to work on /home/airflow/.local/lib/python3.8/site-packages/airflow/example_dags/example_python_operator.py
[2026-04-09T08:34:08.028+0000] {processor.py:830} INFO - Processing file /home/airflow/.local/lib/python3.8/site-packages/airflow/example_dags/example_python_operator.py for tasks to queue
[2026-04-09T08:34:08.030+0000] {logging_mixin.py:188} INFO - [2026-04-09T08:34:08.030+0000] {dagbag.py:538} INFO - Filling up the DagBag from /home/airflow/.local/lib/python3.8/site-packages/airflow/example_dags/example_python_operator.py
[2026-04-09T08:34:08.043+0000] {processor.py:840} INFO - DAG(s) 'example_python_operator' retrieved from /home/airflow/.local/lib/python3.8/site-packages/airflow/example_dags/example_python_operator.py
[2026-04-09T08:34:08.065+0000] {logging_mixin.py:188} INFO - [2026-04-09T08:34:08.065+0000] {dag.py:3033} INFO - Sync 1 DAGs
[2026-04-09T08:34:08.080+0000] {logging_mixin.py:188} INFO - [2026-04-09T08:34:08.080+0000] {dag.py:3820} INFO - Setting next_dagrun for example_python_operator to None, run_after=None
[2026-04-09T08:34:08.117+0000] {processor.py:183} INFO - Processing /home/airflow/.local/lib/python3.8/site-packages/airflow/example_dags/example_python_operator.py took 0.094 seconds
[2026-04-09T08:34:38.667+0000] {processor.py:161} INFO - Started process (PID=3640) to work on /home/airflow/.local/lib/python3.8/site-packages/airflow/example_dags/example_python_operator.py
[2026-04-09T08:34:38.672+0000] {processor.py:830} INFO - Processing file /home/airflow/.local/lib/python3.8/site-packages/airflow/example_dags/example_python_operator.py for tasks to queue
[2026-04-09T08:34:38.675+0000] {logging_mixin.py:188} INFO - [2026-04-09T08:34:38.674+0000] {dagbag.py:538} INFO - Filling up the DagBag from /home/airflow/.local/lib/python3.8/site-packages/airflow/example_dags/example_python_operator.py
[2026-04-09T08:34:38.699+0000] {processor.py:840} INFO - DAG(s) 'example_python_operator' retrieved from /home/airflow/.local/lib/python3.8/site-packages/airflow/example_dags/example_python_operator.py
[2026-04-09T08:34:38.726+0000] {logging_mixin.py:188} INFO - [2026-04-09T08:34:38.726+0000] {dag.py:3033} INFO - Sync 1 DAGs
[2026-04-09T08:34:38.740+0000] {logging_mixin.py:188} INFO - [2026-04-09T08:34:38.740+0000] {dag.py:3820} INFO - Setting next_dagrun for example_python_operator to None, run_after=None
[2026-04-09T08:34:38.760+0000] {processor.py:183} INFO - Processing /home/airflow/.local/lib/python3.8/site-packages/airflow/example_dags/example_python_operator.py took 0.096 seconds
[2026-04-09T08:35:09.269+0000] {processor.py:161} INFO - Started process (PID=3707) to work on /home/airflow/.local/lib/python3.8/site-packages/airflow/example_dags/example_python_operator.py
[2026-04-09T08:35:09.272+0000] {processor.py:830} INFO - Processing file /home/airflow/.local/lib/python3.8/site-packages/airflow/example_dags/example_python_operator.py for tasks to queue
[2026-04-09T08:35:09.278+0000] {logging_mixin.py:188} INFO - [2026-04-09T08:35:09.278+0000] {dagbag.py:538} INFO - Filling up the DagBag from /home/airflow/.local/lib/python3.8/site-packages/airflow/example_dags/example_python_operator.py
[2026-04-09T08:35:09.291+0000] {processor.py:840} INFO - DAG(s) 'example_python_operator' retrieved from /home/airflow/.local/lib/python3.8/site-packages/airflow/example_dags/example_python_operator.py
[2026-04-09T08:35:09.317+0000] {logging_mixin.py:188} INFO - [2026-04-09T08:35:09.317+0000] {dag.py:3033} INFO - Sync 1 DAGs
[2026-04-09T08:35:09.332+0000] {logging_mixin.py:188} INFO - [2026-04-09T08:35:09.331+0000] {dag.py:3820} INFO - Setting next_dagrun for example_python_operator to None, run_after=None
[2026-04-09T08:35:09.374+0000] {processor.py:183} INFO - Processing /home/airflow/.local/lib/python3.8/site-packages/airflow/example_dags/example_python_operator.py took 0.109 seconds
[2026-04-09T08:35:39.548+0000] {processor.py:161} INFO - Started process (PID=3768) to work on /home/airflow/.local/lib/python3.8/site-packages/airflow/example_dags/example_python_operator.py
[2026-04-09T08:35:39.551+0000] {processor.py:830} INFO - Processing file /home/airflow/.local/lib/python3.8/site-packages/airflow/example_dags/example_python_operator.py for tasks to queue
[2026-04-09T08:35:39.556+0000] {logging_mixin.py:188} INFO - [2026-04-09T08:35:39.556+0000] {dagbag.py:538} INFO - Filling up the DagBag from /home/airflow/.local/lib/python3.8/site-packages/airflow/example_dags/example_python_operator.py
[2026-04-09T08:35:39.629+0000] {processor.py:840} INFO - DAG(s) 'example_python_operator' retrieved from /home/airflow/.local/lib/python3.8/site-packages/airflow/example_dags/example_python_operator.py
[2026-04-09T08:35:39.752+0000] {logging_mixin.py:188} INFO - [2026-04-09T08:35:39.749+0000] {dag.py:3033} INFO - Sync 1 DAGs
[2026-04-09T08:35:39.800+0000] {logging_mixin.py:188} INFO - [2026-04-09T08:35:39.798+0000] {dag.py:3820} INFO - Setting next_dagrun for example_python_operator to None, run_after=None
[2026-04-09T08:35:39.864+0000] {processor.py:183} INFO - Processing /home/airflow/.local/lib/python3.8/site-packages/airflow/example_dags/example_python_operator.py took 0.334 seconds
[2026-04-09T08:36:10.269+0000] {processor.py:161} INFO - Started process (PID=3829) to work on /home/airflow/.local/lib/python3.8/site-packages/airflow/example_dags/example_python_operator.py
[2026-04-09T08:36:10.275+0000] {processor.py:830} INFO - Processing file /home/airflow/.local/lib/python3.8/site-packages/airflow/example_dags/example_python_operator.py for tasks to queue
[2026-04-09T08:36:10.281+0000] {logging_mixin.py:188} INFO - [2026-04-09T08:36:10.281+0000] {dagbag.py:538} INFO - Filling up the DagBag from /home/airflow/.local/lib/python3.8/site-packages/airflow/example_dags/example_python_operator.py
[2026-04-09T08:36:10.333+0000] {processor.py:840} INFO - DAG(s) 'example_python_operator' retrieved from /home/airflow/.local/lib/python3.8/site-packages/airflow/example_dags/example_python_operator.py
[2026-04-09T08:36:10.395+0000] {logging_mixin.py:188} INFO - [2026-04-09T08:36:10.395+0000] {dag.py:3033} INFO - Sync 1 DAGs
[2026-04-09T08:36:10.420+0000] {logging_mixin.py:188} INFO - [2026-04-09T08:36:10.420+0000] {dag.py:3820} INFO - Setting next_dagrun for example_python_operator to None, run_after=None
[2026-04-09T08:36:10.478+0000] {processor.py:183} INFO - Processing /home/airflow/.local/lib/python3.8/site-packages/airflow/example_dags/example_python_operator.py took 0.212 seconds
[2026-04-09T08:36:41.352+0000] {processor.py:161} INFO - Started process (PID=3890) to work on /home/airflow/.local/lib/python3.8/site-packages/airflow/example_dags/example_python_operator.py
[2026-04-09T08:36:41.358+0000] {processor.py:830} INFO - Processing file /home/airflow/.local/lib/python3.8/site-packages/airflow/example_dags/example_python_operator.py for tasks to queue
[2026-04-09T08:36:41.366+0000] {logging_mixin.py:188} INFO - [2026-04-09T08:36:41.366+0000] {dagbag.py:538} INFO - Filling up the DagBag from /home/airflow/.local/lib/python3.8/site-packages/airflow/example_dags/example_python_operator.py
[2026-04-09T08:36:41.407+0000] {processor.py:840} INFO - DAG(s) 'example_python_operator' retrieved from /home/airflow/.local/lib/python3.8/site-packages/airflow/example_dags/example_python_operator.py
[2026-04-09T08:36:41.476+0000] {logging_mixin.py:188} INFO - [2026-04-09T08:36:41.474+0000] {dag.py:3033} INFO - Sync 1 DAGs
[2026-04-09T08:36:41.522+0000] {logging_mixin.py:188} INFO - [2026-04-09T08:36:41.522+0000] {dag.py:3820} INFO - Setting next_dagrun for example_python_operator to None, run_after=None
[2026-04-09T08:36:41.542+0000] {processor.py:183} INFO - Processing /home/airflow/.local/lib/python3.8/site-packages/airflow/example_dags/example_python_operator.py took 0.201 seconds
[2026-04-09T08:37:11.757+0000] {processor.py:161} INFO - Started process (PID=3951) to work on /home/airflow/.local/lib/python3.8/site-packages/airflow/example_dags/example_python_operator.py
[2026-04-09T08:37:11.757+0000] {processor.py:830} INFO - Processing file /home/airflow/.local/lib/python3.8/site-packages/airflow/example_dags/example_python_operator.py for tasks to queue
[2026-04-09T08:37:11.760+0000] {logging_mixin.py:188} INFO - [2026-04-09T08:37:11.759+0000] {dagbag.py:538} INFO - Filling up the DagBag from /home/airflow/.local/lib/python3.8/site-packages/airflow/example_dags/example_python_operator.py
[2026-04-09T08:37:11.773+0000] {processor.py:840} INFO - DAG(s) 'example_python_operator' retrieved from /home/airflow/.local/lib/python3.8/site-packages/airflow/example_dags/example_python_operator.py
[2026-04-09T08:37:11.801+0000] {logging_mixin.py:188} INFO - [2026-04-09T08:37:11.800+0000] {dag.py:3033} INFO - Sync 1 DAGs
[2026-04-09T08:37:11.814+0000] {logging_mixin.py:188} INFO - [2026-04-09T08:37:11.814+0000] {dag.py:3820} INFO - Setting next_dagrun for example_python_operator to None, run_after=None
[2026-04-09T08:37:11.832+0000] {processor.py:183} INFO - Processing /home/airflow/.local/lib/python3.8/site-packages/airflow/example_dags/example_python_operator.py took 0.079 seconds
[2026-04-09T08:37:42.127+0000] {processor.py:161} INFO - Started process (PID=4012) to work on /home/airflow/.local/lib/python3.8/site-packages/airflow/example_dags/example_python_operator.py
[2026-04-09T08:37:42.128+0000] {processor.py:830} INFO - Processing file /home/airflow/.local/lib/python3.8/site-packages/airflow/example_dags/example_python_operator.py for tasks to queue
[2026-04-09T08:37:42.132+0000] {logging_mixin.py:188} INFO - [2026-04-09T08:37:42.129+0000] {dagbag.py:538} INFO - Filling up the DagBag from /home/airflow/.local/lib/python3.8/site-packages/airflow/example_dags/example_python_operator.py
[2026-04-09T08:37:42.144+0000] {processor.py:840} INFO - DAG(s) 'example_python_operator' retrieved from /home/airflow/.local/lib/python3.8/site-packages/airflow/example_dags/example_python_operator.py
[2026-04-09T08:37:42.169+0000] {logging_mixin.py:188} INFO - [2026-04-09T08:37:42.168+0000] {dag.py:3033} INFO - Sync 1 DAGs
[2026-04-09T08:37:42.182+0000] {logging_mixin.py:188} INFO - [2026-04-09T08:37:42.182+0000] {dag.py:3820} INFO - Setting next_dagrun for example_python_operator to None, run_after=None
[2026-04-09T08:37:42.202+0000] {processor.py:183} INFO - Processing /home/airflow/.local/lib/python3.8/site-packages/airflow/example_dags/example_python_operator.py took 0.081 seconds
[2026-04-09T08:38:12.507+0000] {processor.py:161} INFO - Started process (PID=4073) to work on /home/airflow/.local/lib/python3.8/site-packages/airflow/example_dags/example_python_operator.py
[2026-04-09T08:38:12.512+0000] {processor.py:830} INFO - Processing file /home/airflow/.local/lib/python3.8/site-packages/airflow/example_dags/example_python_operator.py for tasks to queue
[2026-04-09T08:38:12.520+0000] {logging_mixin.py:188} INFO - [2026-04-09T08:38:12.520+0000] {dagbag.py:538} INFO - Filling up the DagBag from /home/airflow/.local/lib/python3.8/site-packages/airflow/example_dags/example_python_operator.py
[2026-04-09T08:38:12.561+0000] {processor.py:840} INFO - DAG(s) 'example_python_operator' retrieved from /home/airflow/.local/lib/python3.8/site-packages/airflow/example_dags/example_python_operator.py
[2026-04-09T08:38:12.604+0000] {logging_mixin.py:188} INFO - [2026-04-09T08:38:12.604+0000] {dag.py:3033} INFO - Sync 1 DAGs
[2026-04-09T08:38:12.618+0000] {logging_mixin.py:188} INFO - [2026-04-09T08:38:12.618+0000] {dag.py:3820} INFO - Setting next_dagrun for example_python_operator to None, run_after=None
[2026-04-09T08:38:12.651+0000] {processor.py:183} INFO - Processing /home/airflow/.local/lib/python3.8/site-packages/airflow/example_dags/example_python_operator.py took 0.158 seconds
[2026-04-09T08:38:42.946+0000] {processor.py:161} INFO - Started process (PID=4134) to work on /home/airflow/.local/lib/python3.8/site-packages/airflow/example_dags/example_python_operator.py
[2026-04-09T08:38:42.955+0000] {processor.py:830} INFO - Processing file /home/airflow/.local/lib/python3.8/site-packages/airflow/example_dags/example_python_operator.py for tasks to queue
[2026-04-09T08:38:42.964+0000] {logging_mixin.py:188} INFO - [2026-04-09T08:38:42.957+0000] {dagbag.py:538} INFO - Filling up the DagBag from /home/airflow/.local/lib/python3.8/site-packages/airflow/example_dags/example_python_operator.py
[2026-04-09T08:38:43.015+0000] {processor.py:840} INFO - DAG(s) 'example_python_operator' retrieved from /home/airflow/.local/lib/python3.8/site-packages/airflow/example_dags/example_python_operator.py
[2026-04-09T08:38:43.073+0000] {logging_mixin.py:188} INFO - [2026-04-09T08:38:43.073+0000] {dag.py:3033} INFO - Sync 1 DAGs
[2026-04-09T08:38:43.088+0000] {logging_mixin.py:188} INFO - [2026-04-09T08:38:43.088+0000] {dag.py:3820} INFO - Setting next_dagrun for example_python_operator to None, run_after=None
[2026-04-09T08:38:43.106+0000] {processor.py:183} INFO - Processing /home/airflow/.local/lib/python3.8/site-packages/airflow/example_dags/example_python_operator.py took 0.172 seconds
[2026-04-09T08:39:13.366+0000] {processor.py:161} INFO - Started process (PID=4195) to work on /home/airflow/.local/lib/python3.8/site-packages/airflow/example_dags/example_python_operator.py
[2026-04-09T08:39:13.368+0000] {processor.py:830} INFO - Processing file /home/airflow/.local/lib/python3.8/site-packages/airflow/example_dags/example_python_operator.py for tasks to queue
[2026-04-09T08:39:13.370+0000] {logging_mixin.py:188} INFO - [2026-04-09T08:39:13.370+0000] {dagbag.py:538} INFO - Filling up the DagBag from /home/airflow/.local/lib/python3.8/site-packages/airflow/example_dags/example_python_operator.py
[2026-04-09T08:39:13.382+0000] {processor.py:840} INFO - DAG(s) 'example_python_operator' retrieved from /home/airflow/.local/lib/python3.8/site-packages/airflow/example_dags/example_python_operator.py
[2026-04-09T08:39:13.405+0000] {logging_mixin.py:188} INFO - [2026-04-09T08:39:13.404+0000] {dag.py:3033} INFO - Sync 1 DAGs
[2026-04-09T08:39:13.418+0000] {logging_mixin.py:188} INFO - [2026-04-09T08:39:13.418+0000] {dag.py:3820} INFO - Setting next_dagrun for example_python_operator to None, run_after=None
[2026-04-09T08:39:13.437+0000] {processor.py:183} INFO - Processing /home/airflow/.local/lib/python3.8/site-packages/airflow/example_dags/example_python_operator.py took 0.077 seconds
[2026-04-09T08:39:44.093+0000] {processor.py:161} INFO - Started process (PID=4256) to work on /home/airflow/.local/lib/python3.8/site-packages/airflow/example_dags/example_python_operator.py
[2026-04-09T08:39:44.094+0000] {processor.py:830} INFO - Processing file /home/airflow/.local/lib/python3.8/site-packages/airflow/example_dags/example_python_operator.py for tasks to queue
[2026-04-09T08:39:44.096+0000] {logging_mixin.py:188} INFO - [2026-04-09T08:39:44.096+0000] {dagbag.py:538} INFO - Filling up the DagBag from /home/airflow/.local/lib/python3.8/site-packages/airflow/example_dags/example_python_operator.py
[2026-04-09T08:39:44.110+0000] {processor.py:840} INFO - DAG(s) 'example_python_operator' retrieved from /home/airflow/.local/lib/python3.8/site-packages/airflow/example_dags/example_python_operator.py
[2026-04-09T08:39:44.136+0000] {logging_mixin.py:188} INFO - [2026-04-09T08:39:44.136+0000] {dag.py:3033} INFO - Sync 1 DAGs
[2026-04-09T08:39:44.150+0000] {logging_mixin.py:188} INFO - [2026-04-09T08:39:44.149+0000] {dag.py:3820} INFO - Setting next_dagrun for example_python_operator to None, run_after=None
[2026-04-09T08:39:44.167+0000] {processor.py:183} INFO - Processing /home/airflow/.local/lib/python3.8/site-packages/airflow/example_dags/example_python_operator.py took 0.077 seconds
[2026-04-09T08:40:14.601+0000] {processor.py:161} INFO - Started process (PID=4317) to work on /home/airflow/.local/lib/python3.8/site-packages/airflow/example_dags/example_python_operator.py
[2026-04-09T08:40:14.602+0000] {processor.py:830} INFO - Processing file /home/airflow/.local/lib/python3.8/site-packages/airflow/example_dags/example_python_operator.py for tasks to queue
[2026-04-09T08:40:14.606+0000] {logging_mixin.py:188} INFO - [2026-04-09T08:40:14.606+0000] {dagbag.py:538} INFO - Filling up the DagBag from /home/airflow/.local/lib/python3.8/site-packages/airflow/example_dags/example_python_operator.py
[2026-04-09T08:40:14.618+0000] {processor.py:840} INFO - DAG(s) 'example_python_operator' retrieved from /home/airflow/.local/lib/python3.8/site-packages/airflow/example_dags/example_python_operator.py
[2026-04-09T08:40:14.641+0000] {logging_mixin.py:188} INFO - [2026-04-09T08:40:14.641+0000] {dag.py:3033} INFO - Sync 1 DAGs
[2026-04-09T08:40:14.655+0000] {logging_mixin.py:188} INFO - [2026-04-09T08:40:14.655+0000] {dag.py:3820} INFO - Setting next_dagrun for example_python_operator to None, run_after=None
[2026-04-09T08:40:14.672+0000] {processor.py:183} INFO - Processing /home/airflow/.local/lib/python3.8/site-packages/airflow/example_dags/example_python_operator.py took 0.077 seconds
[2026-04-09T08:40:45.307+0000] {processor.py:161} INFO - Started process (PID=4378) to work on /home/airflow/.local/lib/python3.8/site-packages/airflow/example_dags/example_python_operator.py
[2026-04-09T08:40:45.308+0000] {processor.py:830} INFO - Processing file /home/airflow/.local/lib/python3.8/site-packages/airflow/example_dags/example_python_operator.py for tasks to queue
[2026-04-09T08:40:45.310+0000] {logging_mixin.py:188} INFO - [2026-04-09T08:40:45.310+0000] {dagbag.py:538} INFO - Filling up the DagBag from /home/airflow/.local/lib/python3.8/site-packages/airflow/example_dags/example_python_operator.py
[2026-04-09T08:40:45.322+0000] {processor.py:840} INFO - DAG(s) 'example_python_operator' retrieved from /home/airflow/.local/lib/python3.8/site-packages/airflow/example_dags/example_python_operator.py
[2026-04-09T08:40:45.347+0000] {logging_mixin.py:188} INFO - [2026-04-09T08:40:45.347+0000] {dag.py:3033} INFO - Sync 1 DAGs
[2026-04-09T08:40:45.362+0000] {logging_mixin.py:188} INFO - [2026-04-09T08:40:45.362+0000] {dag.py:3820} INFO - Setting next_dagrun for example_python_operator to None, run_after=None
[2026-04-09T08:40:45.392+0000] {processor.py:183} INFO - Processing /home/airflow/.local/lib/python3.8/site-packages/airflow/example_dags/example_python_operator.py took 0.090 seconds
[2026-04-09T08:41:15.569+0000] {processor.py:161} INFO - Started process (PID=4439) to work on /home/airflow/.local/lib/python3.8/site-packages/airflow/example_dags/example_python_operator.py
[2026-04-09T08:41:15.570+0000] {processor.py:830} INFO - Processing file /home/airflow/.local/lib/python3.8/site-packages/airflow/example_dags/example_python_operator.py for tasks to queue
[2026-04-09T08:41:15.574+0000] {logging_mixin.py:188} INFO - [2026-04-09T08:41:15.573+0000] {dagbag.py:538} INFO - Filling up the DagBag from /home/airflow/.local/lib/python3.8/site-packages/airflow/example_dags/example_python_operator.py
[2026-04-09T08:41:15.586+0000] {processor.py:840} INFO - DAG(s) 'example_python_operator' retrieved from /home/airflow/.local/lib/python3.8/site-packages/airflow/example_dags/example_python_operator.py
[2026-04-09T08:41:15.604+0000] {logging_mixin.py:188} INFO - [2026-04-09T08:41:15.604+0000] {dag.py:3033} INFO - Sync 1 DAGs
[2026-04-09T08:41:15.614+0000] {logging_mixin.py:188} INFO - [2026-04-09T08:41:15.613+0000] {dag.py:3820} INFO - Setting next_dagrun for example_python_operator to None, run_after=None
[2026-04-09T08:41:15.629+0000] {processor.py:183} INFO - Processing /home/airflow/.local/lib/python3.8/site-packages/airflow/example_dags/example_python_operator.py took 0.064 seconds
[2026-04-09T08:41:46.440+0000] {processor.py:161} INFO - Started process (PID=4500) to work on /home/airflow/.local/lib/python3.8/site-packages/airflow/example_dags/example_python_operator.py
[2026-04-09T08:41:46.441+0000] {processor.py:830} INFO - Processing file /home/airflow/.local/lib/python3.8/site-packages/airflow/example_dags/example_python_operator.py for tasks to queue
[2026-04-09T08:41:46.444+0000] {logging_mixin.py:188} INFO - [2026-04-09T08:41:46.444+0000] {dagbag.py:538} INFO - Filling up the DagBag from /home/airflow/.local/lib/python3.8/site-packages/airflow/example_dags/example_python_operator.py
[2026-04-09T08:41:46.457+0000] {processor.py:840} INFO - DAG(s) 'example_python_operator' retrieved from /home/airflow/.local/lib/python3.8/site-packages/airflow/example_dags/example_python_operator.py
[2026-04-09T08:41:46.483+0000] {logging_mixin.py:188} INFO - [2026-04-09T08:41:46.483+0000] {dag.py:3033} INFO - Sync 1 DAGs
[2026-04-09T08:41:46.496+0000] {logging_mixin.py:188} INFO - [2026-04-09T08:41:46.495+0000] {dag.py:3820} INFO - Setting next_dagrun for example_python_operator to None, run_after=None
[2026-04-09T08:41:46.514+0000] {processor.py:183} INFO - Processing /home/airflow/.local/lib/python3.8/site-packages/airflow/example_dags/example_python_operator.py took 0.077 seconds
[2026-04-09T08:42:17.658+0000] {processor.py:161} INFO - Started process (PID=4561) to work on /home/airflow/.local/lib/python3.8/site-packages/airflow/example_dags/example_python_operator.py
[2026-04-09T08:42:17.659+0000] {processor.py:830} INFO - Processing file /home/airflow/.local/lib/python3.8/site-packages/airflow/example_dags/example_python_operator.py for tasks to queue
[2026-04-09T08:42:17.661+0000] {logging_mixin.py:188} INFO - [2026-04-09T08:42:17.661+0000] {dagbag.py:538} INFO - Filling up the DagBag from /home/airflow/.local/lib/python3.8/site-packages/airflow/example_dags/example_python_operator.py
[2026-04-09T08:42:17.673+0000] {processor.py:840} INFO - DAG(s) 'example_python_operator' retrieved from /home/airflow/.local/lib/python3.8/site-packages/airflow/example_dags/example_python_operator.py
[2026-04-09T08:42:17.696+0000] {logging_mixin.py:188} INFO - [2026-04-09T08:42:17.696+0000] {dag.py:3033} INFO - Sync 1 DAGs
[2026-04-09T08:42:17.710+0000] {logging_mixin.py:188} INFO - [2026-04-09T08:42:17.710+0000] {dag.py:3820} INFO - Setting next_dagrun for example_python_operator to None, run_after=None
[2026-04-09T08:42:17.726+0000] {processor.py:183} INFO - Processing /home/airflow/.local/lib/python3.8/site-packages/airflow/example_dags/example_python_operator.py took 0.071 seconds
[2026-04-09T08:42:48.441+0000] {processor.py:161} INFO - Started process (PID=4622) to work on /home/airflow/.local/lib/python3.8/site-packages/airflow/example_dags/example_python_operator.py
[2026-04-09T08:42:48.442+0000] {processor.py:830} INFO - Processing file /home/airflow/.local/lib/python3.8/site-packages/airflow/example_dags/example_python_operator.py for tasks to queue
[2026-04-09T08:42:48.444+0000] {logging_mixin.py:188} INFO - [2026-04-09T08:42:48.444+0000] {dagbag.py:538} INFO - Filling up the DagBag from /home/airflow/.local/lib/python3.8/site-packages/airflow/example_dags/example_python_operator.py
[2026-04-09T08:42:48.456+0000] {processor.py:840} INFO - DAG(s) 'example_python_operator' retrieved from /home/airflow/.local/lib/python3.8/site-packages/airflow/example_dags/example_python_operator.py
[2026-04-09T08:42:48.483+0000] {logging_mixin.py:188} INFO - [2026-04-09T08:42:48.483+0000] {dag.py:3033} INFO - Sync 1 DAGs
[2026-04-09T08:42:48.497+0000] {logging_mixin.py:188} INFO - [2026-04-09T08:42:48.497+0000] {dag.py:3820} INFO - Setting next_dagrun for example_python_operator to None, run_after=None
[2026-04-09T08:42:48.515+0000] {processor.py:183} INFO - Processing /home/airflow/.local/lib/python3.8/site-packages/airflow/example_dags/example_python_operator.py took 0.078 seconds
[2026-04-09T08:43:18.890+0000] {processor.py:161} INFO - Started process (PID=4683) to work on /home/airflow/.local/lib/python3.8/site-packages/airflow/example_dags/example_python_operator.py
[2026-04-09T08:43:18.891+0000] {processor.py:830} INFO - Processing file /home/airflow/.local/lib/python3.8/site-packages/airflow/example_dags/example_python_operator.py for tasks to queue
[2026-04-09T08:43:18.893+0000] {logging_mixin.py:188} INFO - [2026-04-09T08:43:18.893+0000] {dagbag.py:538} INFO - Filling up the DagBag from /home/airflow/.local/lib/python3.8/site-packages/airflow/example_dags/example_python_operator.py
[2026-04-09T08:43:18.905+0000] {processor.py:840} INFO - DAG(s) 'example_python_operator' retrieved from /home/airflow/.local/lib/python3.8/site-packages/airflow/example_dags/example_python_operator.py
[2026-04-09T08:43:18.929+0000] {logging_mixin.py:188} INFO - [2026-04-09T08:43:18.928+0000] {dag.py:3033} INFO - Sync 1 DAGs
[2026-04-09T08:43:18.943+0000] {logging_mixin.py:188} INFO - [2026-04-09T08:43:18.943+0000] {dag.py:3820} INFO - Setting next_dagrun for example_python_operator to None, run_after=None
[2026-04-09T08:43:18.960+0000] {processor.py:183} INFO - Processing /home/airflow/.local/lib/python3.8/site-packages/airflow/example_dags/example_python_operator.py took 0.073 seconds
[2026-04-09T08:43:49.632+0000] {processor.py:161} INFO - Started process (PID=4744) to work on /home/airflow/.local/lib/python3.8/site-packages/airflow/example_dags/example_python_operator.py
[2026-04-09T08:43:49.633+0000] {processor.py:830} INFO - Processing file /home/airflow/.local/lib/python3.8/site-packages/airflow/example_dags/example_python_operator.py for tasks to queue
[2026-04-09T08:43:49.636+0000] {logging_mixin.py:188} INFO - [2026-04-09T08:43:49.635+0000] {dagbag.py:538} INFO - Filling up the DagBag from /home/airflow/.local/lib/python3.8/site-packages/airflow/example_dags/example_python_operator.py
[2026-04-09T08:43:49.648+0000] {processor.py:840} INFO - DAG(s) 'example_python_operator' retrieved from /home/airflow/.local/lib/python3.8/site-packages/airflow/example_dags/example_python_operator.py
[2026-04-09T08:43:49.676+0000] {logging_mixin.py:188} INFO - [2026-04-09T08:43:49.676+0000] {dag.py:3033} INFO - Sync 1 DAGs
[2026-04-09T08:43:49.704+0000] {logging_mixin.py:188} INFO - [2026-04-09T08:43:49.703+0000] {dag.py:3820} INFO - Setting next_dagrun for example_python_operator to None, run_after=None
[2026-04-09T08:43:49.749+0000] {processor.py:183} INFO - Processing /home/airflow/.local/lib/python3.8/site-packages/airflow/example_dags/example_python_operator.py took 0.121 seconds
[2026-04-09T08:44:20.558+0000] {processor.py:161} INFO - Started process (PID=4805) to work on /home/airflow/.local/lib/python3.8/site-packages/airflow/example_dags/example_python_operator.py
[2026-04-09T08:44:20.559+0000] {processor.py:830} INFO - Processing file /home/airflow/.local/lib/python3.8/site-packages/airflow/example_dags/example_python_operator.py for tasks to queue
[2026-04-09T08:44:20.561+0000] {logging_mixin.py:188} INFO - [2026-04-09T08:44:20.561+0000] {dagbag.py:538} INFO - Filling up the DagBag from /home/airflow/.local/lib/python3.8/site-packages/airflow/example_dags/example_python_operator.py
[2026-04-09T08:44:20.573+0000] {processor.py:840} INFO - DAG(s) 'example_python_operator' retrieved from /home/airflow/.local/lib/python3.8/site-packages/airflow/example_dags/example_python_operator.py
[2026-04-09T08:44:20.595+0000] {logging_mixin.py:188} INFO - [2026-04-09T08:44:20.595+0000] {dag.py:3033} INFO - Sync 1 DAGs
[2026-04-09T08:44:20.609+0000] {logging_mixin.py:188} INFO - [2026-04-09T08:44:20.609+0000] {dag.py:3820} INFO - Setting next_dagrun for example_python_operator to None, run_after=None
[2026-04-09T08:44:20.627+0000] {processor.py:183} INFO - Processing /home/airflow/.local/lib/python3.8/site-packages/airflow/example_dags/example_python_operator.py took 0.073 seconds
[2026-04-09T08:44:51.893+0000] {processor.py:161} INFO - Started process (PID=4867) to work on /home/airflow/.local/lib/python3.8/site-packages/airflow/example_dags/example_python_operator.py
[2026-04-09T08:44:51.898+0000] {processor.py:830} INFO - Processing file /home/airflow/.local/lib/python3.8/site-packages/airflow/example_dags/example_python_operator.py for tasks to queue
[2026-04-09T08:44:51.907+0000] {logging_mixin.py:188} INFO - [2026-04-09T08:44:51.906+0000] {dagbag.py:538} INFO - Filling up the DagBag from /home/airflow/.local/lib/python3.8/site-packages/airflow/example_dags/example_python_operator.py
[2026-04-09T08:44:51.962+0000] {processor.py:840} INFO - DAG(s) 'example_python_operator' retrieved from /home/airflow/.local/lib/python3.8/site-packages/airflow/example_dags/example_python_operator.py
[2026-04-09T08:44:52.017+0000] {logging_mixin.py:188} INFO - [2026-04-09T08:44:52.017+0000] {dag.py:3033} INFO - Sync 1 DAGs
[2026-04-09T08:44:52.043+0000] {logging_mixin.py:188} INFO - [2026-04-09T08:44:52.043+0000] {dag.py:3820} INFO - Setting next_dagrun for example_python_operator to None, run_after=None
[2026-04-09T08:44:52.081+0000] {processor.py:183} INFO - Processing /home/airflow/.local/lib/python3.8/site-packages/airflow/example_dags/example_python_operator.py took 0.200 seconds
[2026-04-09T08:45:22.422+0000] {processor.py:161} INFO - Started process (PID=4928) to work on /home/airflow/.local/lib/python3.8/site-packages/airflow/example_dags/example_python_operator.py
[2026-04-09T08:45:22.422+0000] {processor.py:830} INFO - Processing file /home/airflow/.local/lib/python3.8/site-packages/airflow/example_dags/example_python_operator.py for tasks to queue
[2026-04-09T08:45:22.425+0000] {logging_mixin.py:188} INFO - [2026-04-09T08:45:22.424+0000] {dagbag.py:538} INFO - Filling up the DagBag from /home/airflow/.local/lib/python3.8/site-packages/airflow/example_dags/example_python_operator.py
[2026-04-09T08:45:22.437+0000] {processor.py:840} INFO - DAG(s) 'example_python_operator' retrieved from /home/airflow/.local/lib/python3.8/site-packages/airflow/example_dags/example_python_operator.py
[2026-04-09T08:45:22.461+0000] {logging_mixin.py:188} INFO - [2026-04-09T08:45:22.461+0000] {dag.py:3033} INFO - Sync 1 DAGs
[2026-04-09T08:45:22.475+0000] {logging_mixin.py:188} INFO - [2026-04-09T08:45:22.475+0000] {dag.py:3820} INFO - Setting next_dagrun for example_python_operator to None, run_after=None
[2026-04-09T08:45:22.493+0000] {processor.py:183} INFO - Processing /home/airflow/.local/lib/python3.8/site-packages/airflow/example_dags/example_python_operator.py took 0.075 seconds
[2026-04-09T08:45:53.150+0000] {processor.py:161} INFO - Started process (PID=4989) to work on /home/airflow/.local/lib/python3.8/site-packages/airflow/example_dags/example_python_operator.py
[2026-04-09T08:45:53.151+0000] {processor.py:830} INFO - Processing file /home/airflow/.local/lib/python3.8/site-packages/airflow/example_dags/example_python_operator.py for tasks to queue
[2026-04-09T08:45:53.154+0000] {logging_mixin.py:188} INFO - [2026-04-09T08:45:53.153+0000] {dagbag.py:538} INFO - Filling up the DagBag from /home/airflow/.local/lib/python3.8/site-packages/airflow/example_dags/example_python_operator.py
[2026-04-09T08:45:53.166+0000] {processor.py:840} INFO - DAG(s) 'example_python_operator' retrieved from /home/airflow/.local/lib/python3.8/site-packages/airflow/example_dags/example_python_operator.py
[2026-04-09T08:45:53.189+0000] {logging_mixin.py:188} INFO - [2026-04-09T08:45:53.189+0000] {dag.py:3033} INFO - Sync 1 DAGs
[2026-04-09T08:45:53.203+0000] {logging_mixin.py:188} INFO - [2026-04-09T08:45:53.203+0000] {dag.py:3820} INFO - Setting next_dagrun for example_python_operator to None, run_after=None
[2026-04-09T08:45:53.222+0000] {processor.py:183} INFO - Processing /home/airflow/.local/lib/python3.8/site-packages/airflow/example_dags/example_python_operator.py took 0.078 seconds
[2026-04-09T08:46:23.711+0000] {processor.py:161} INFO - Started process (PID=5050) to work on /home/airflow/.local/lib/python3.8/site-packages/airflow/example_dags/example_python_operator.py
[2026-04-09T08:46:23.713+0000] {processor.py:830} INFO - Processing file /home/airflow/.local/lib/python3.8/site-packages/airflow/example_dags/example_python_operator.py for tasks to queue
[2026-04-09T08:46:23.715+0000] {logging_mixin.py:188} INFO - [2026-04-09T08:46:23.715+0000] {dagbag.py:538} INFO - Filling up the DagBag from /home/airflow/.local/lib/python3.8/site-packages/airflow/example_dags/example_python_operator.py
[2026-04-09T08:46:23.728+0000] {processor.py:840} INFO - DAG(s) 'example_python_operator' retrieved from /home/airflow/.local/lib/python3.8/site-packages/airflow/example_dags/example_python_operator.py
[2026-04-09T08:46:23.752+0000] {logging_mixin.py:188} INFO - [2026-04-09T08:46:23.752+0000] {dag.py:3033} INFO - Sync 1 DAGs
[2026-04-09T08:46:23.939+0000] {logging_mixin.py:188} INFO - [2026-04-09T08:46:23.938+0000] {dag.py:3820} INFO - Setting next_dagrun for example_python_operator to None, run_after=None
[2026-04-09T08:46:23.956+0000] {processor.py:183} INFO - Processing /home/airflow/.local/lib/python3.8/site-packages/airflow/example_dags/example_python_operator.py took 0.249 seconds
[2026-04-09T08:46:53.988+0000] {processor.py:161} INFO - Started process (PID=5111) to work on /home/airflow/.local/lib/python3.8/site-packages/airflow/example_dags/example_python_operator.py
[2026-04-09T08:46:53.989+0000] {processor.py:830} INFO - Processing file /home/airflow/.local/lib/python3.8/site-packages/airflow/example_dags/example_python_operator.py for tasks to queue
[2026-04-09T08:46:53.992+0000] {logging_mixin.py:188} INFO - [2026-04-09T08:46:53.991+0000] {dagbag.py:538} INFO - Filling up the DagBag from /home/airflow/.local/lib/python3.8/site-packages/airflow/example_dags/example_python_operator.py
[2026-04-09T08:46:54.003+0000] {processor.py:840} INFO - DAG(s) 'example_python_operator' retrieved from /home/airflow/.local/lib/python3.8/site-packages/airflow/example_dags/example_python_operator.py
[2026-04-09T08:46:54.023+0000] {logging_mixin.py:188} INFO - [2026-04-09T08:46:54.023+0000] {dag.py:3033} INFO - Sync 1 DAGs
[2026-04-09T08:46:54.034+0000] {logging_mixin.py:188} INFO - [2026-04-09T08:46:54.034+0000] {dag.py:3820} INFO - Setting next_dagrun for example_python_operator to None, run_after=None
[2026-04-09T08:46:54.047+0000] {processor.py:183} INFO - Processing /home/airflow/.local/lib/python3.8/site-packages/airflow/example_dags/example_python_operator.py took 0.068 seconds
[2026-04-09T08:47:24.874+0000] {processor.py:161} INFO - Started process (PID=5172) to work on /home/airflow/.local/lib/python3.8/site-packages/airflow/example_dags/example_python_operator.py
[2026-04-09T08:47:24.875+0000] {processor.py:830} INFO - Processing file /home/airflow/.local/lib/python3.8/site-packages/airflow/example_dags/example_python_operator.py for tasks to queue
[2026-04-09T08:47:24.877+0000] {logging_mixin.py:188} INFO - [2026-04-09T08:47:24.877+0000] {dagbag.py:538} INFO - Filling up the DagBag from /home/airflow/.local/lib/python3.8/site-packages/airflow/example_dags/example_python_operator.py
[2026-04-09T08:47:24.889+0000] {processor.py:840} INFO - DAG(s) 'example_python_operator' retrieved from /home/airflow/.local/lib/python3.8/site-packages/airflow/example_dags/example_python_operator.py
[2026-04-09T08:47:24.911+0000] {logging_mixin.py:188} INFO - [2026-04-09T08:47:24.911+0000] {dag.py:3033} INFO - Sync 1 DAGs
[2026-04-09T08:47:24.920+0000] {logging_mixin.py:188} INFO - [2026-04-09T08:47:24.919+0000] {dag.py:3820} INFO - Setting next_dagrun for example_python_operator to None, run_after=None
[2026-04-09T08:47:24.933+0000] {processor.py:183} INFO - Processing /home/airflow/.local/lib/python3.8/site-packages/airflow/example_dags/example_python_operator.py took 0.062 seconds
[2026-04-09T08:47:55.799+0000] {processor.py:161} INFO - Started process (PID=5233) to work on /home/airflow/.local/lib/python3.8/site-packages/airflow/example_dags/example_python_operator.py
[2026-04-09T08:47:55.801+0000] {processor.py:830} INFO - Processing file /home/airflow/.local/lib/python3.8/site-packages/airflow/example_dags/example_python_operator.py for tasks to queue
[2026-04-09T08:47:55.806+0000] {logging_mixin.py:188} INFO - [2026-04-09T08:47:55.803+0000] {dagbag.py:538} INFO - Filling up the DagBag from /home/airflow/.local/lib/python3.8/site-packages/airflow/example_dags/example_python_operator.py
[2026-04-09T08:47:55.827+0000] {processor.py:840} INFO - DAG(s) 'example_python_operator' retrieved from /home/airflow/.local/lib/python3.8/site-packages/airflow/example_dags/example_python_operator.py
[2026-04-09T08:47:55.867+0000] {logging_mixin.py:188} INFO - [2026-04-09T08:47:55.866+0000] {dag.py:3033} INFO - Sync 1 DAGs
[2026-04-09T08:47:55.888+0000] {logging_mixin.py:188} INFO - [2026-04-09T08:47:55.888+0000] {dag.py:3820} INFO - Setting next_dagrun for example_python_operator to None, run_after=None
[2026-04-09T08:47:55.919+0000] {processor.py:183} INFO - Processing /home/airflow/.local/lib/python3.8/site-packages/airflow/example_dags/example_python_operator.py took 0.126 seconds
[2026-04-09T08:48:26.654+0000] {processor.py:161} INFO - Started process (PID=5294) to work on /home/airflow/.local/lib/python3.8/site-packages/airflow/example_dags/example_python_operator.py
[2026-04-09T08:48:26.654+0000] {processor.py:830} INFO - Processing file /home/airflow/.local/lib/python3.8/site-packages/airflow/example_dags/example_python_operator.py for tasks to queue
[2026-04-09T08:48:26.656+0000] {logging_mixin.py:188} INFO - [2026-04-09T08:48:26.656+0000] {dagbag.py:538} INFO - Filling up the DagBag from /home/airflow/.local/lib/python3.8/site-packages/airflow/example_dags/example_python_operator.py
[2026-04-09T08:48:26.668+0000] {processor.py:840} INFO - DAG(s) 'example_python_operator' retrieved from /home/airflow/.local/lib/python3.8/site-packages/airflow/example_dags/example_python_operator.py
[2026-04-09T08:48:26.691+0000] {logging_mixin.py:188} INFO - [2026-04-09T08:48:26.691+0000] {dag.py:3033} INFO - Sync 1 DAGs
[2026-04-09T08:48:26.843+0000] {logging_mixin.py:188} INFO - [2026-04-09T08:48:26.842+0000] {dag.py:3820} INFO - Setting next_dagrun for example_python_operator to None, run_after=None
[2026-04-09T08:48:26.856+0000] {processor.py:183} INFO - Processing /home/airflow/.local/lib/python3.8/site-packages/airflow/example_dags/example_python_operator.py took 0.206 seconds
[2026-04-09T08:48:57.032+0000] {processor.py:161} INFO - Started process (PID=5355) to work on /home/airflow/.local/lib/python3.8/site-packages/airflow/example_dags/example_python_operator.py
[2026-04-09T08:48:57.033+0000] {processor.py:830} INFO - Processing file /home/airflow/.local/lib/python3.8/site-packages/airflow/example_dags/example_python_operator.py for tasks to queue
[2026-04-09T08:48:57.035+0000] {logging_mixin.py:188} INFO - [2026-04-09T08:48:57.035+0000] {dagbag.py:538} INFO - Filling up the DagBag from /home/airflow/.local/lib/python3.8/site-packages/airflow/example_dags/example_python_operator.py
[2026-04-09T08:48:57.048+0000] {processor.py:840} INFO - DAG(s) 'example_python_operator' retrieved from /home/airflow/.local/lib/python3.8/site-packages/airflow/example_dags/example_python_operator.py
[2026-04-09T08:48:57.072+0000] {logging_mixin.py:188} INFO - [2026-04-09T08:48:57.072+0000] {dag.py:3033} INFO - Sync 1 DAGs
[2026-04-09T08:48:57.086+0000] {logging_mixin.py:188} INFO - [2026-04-09T08:48:57.086+0000] {dag.py:3820} INFO - Setting next_dagrun for example_python_operator to None, run_after=None
[2026-04-09T08:48:57.103+0000] {processor.py:183} INFO - Processing /home/airflow/.local/lib/python3.8/site-packages/airflow/example_dags/example_python_operator.py took 0.076 seconds
[2026-04-09T08:49:27.936+0000] {processor.py:161} INFO - Started process (PID=5416) to work on /home/airflow/.local/lib/python3.8/site-packages/airflow/example_dags/example_python_operator.py
[2026-04-09T08:49:27.937+0000] {processor.py:830} INFO - Processing file /home/airflow/.local/lib/python3.8/site-packages/airflow/example_dags/example_python_operator.py for tasks to queue
[2026-04-09T08:49:27.939+0000] {logging_mixin.py:188} INFO - [2026-04-09T08:49:27.939+0000] {dagbag.py:538} INFO - Filling up the DagBag from /home/airflow/.local/lib/python3.8/site-packages/airflow/example_dags/example_python_operator.py
[2026-04-09T08:49:27.951+0000] {processor.py:840} INFO - DAG(s) 'example_python_operator' retrieved from /home/airflow/.local/lib/python3.8/site-packages/airflow/example_dags/example_python_operator.py
[2026-04-09T08:49:27.975+0000] {logging_mixin.py:188} INFO - [2026-04-09T08:49:27.975+0000] {dag.py:3033} INFO - Sync 1 DAGs
[2026-04-09T08:49:27.992+0000] {logging_mixin.py:188} INFO - [2026-04-09T08:49:27.992+0000] {dag.py:3820} INFO - Setting next_dagrun for example_python_operator to None, run_after=None
[2026-04-09T08:49:28.017+0000] {processor.py:183} INFO - Processing /home/airflow/.local/lib/python3.8/site-packages/airflow/example_dags/example_python_operator.py took 0.086 seconds
[2026-04-09T08:49:58.786+0000] {processor.py:161} INFO - Started process (PID=5477) to work on /home/airflow/.local/lib/python3.8/site-packages/airflow/example_dags/example_python_operator.py
[2026-04-09T08:49:58.786+0000] {processor.py:830} INFO - Processing file /home/airflow/.local/lib/python3.8/site-packages/airflow/example_dags/example_python_operator.py for tasks to queue
[2026-04-09T08:49:58.788+0000] {logging_mixin.py:188} INFO - [2026-04-09T08:49:58.788+0000] {dagbag.py:538} INFO - Filling up the DagBag from /home/airflow/.local/lib/python3.8/site-packages/airflow/example_dags/example_python_operator.py
[2026-04-09T08:49:58.800+0000] {processor.py:840} INFO - DAG(s) 'example_python_operator' retrieved from /home/airflow/.local/lib/python3.8/site-packages/airflow/example_dags/example_python_operator.py
[2026-04-09T08:49:58.822+0000] {logging_mixin.py:188} INFO - [2026-04-09T08:49:58.822+0000] {dag.py:3033} INFO - Sync 1 DAGs
[2026-04-09T08:49:58.835+0000] {logging_mixin.py:188} INFO - [2026-04-09T08:49:58.835+0000] {dag.py:3820} INFO - Setting next_dagrun for example_python_operator to None, run_after=None
[2026-04-09T08:49:58.853+0000] {processor.py:183} INFO - Processing /home/airflow/.local/lib/python3.8/site-packages/airflow/example_dags/example_python_operator.py took 0.071 seconds
[2026-04-09T08:50:29.276+0000] {processor.py:161} INFO - Started process (PID=5538) to work on /home/airflow/.local/lib/python3.8/site-packages/airflow/example_dags/example_python_operator.py
[2026-04-09T08:50:29.277+0000] {processor.py:830} INFO - Processing file /home/airflow/.local/lib/python3.8/site-packages/airflow/example_dags/example_python_operator.py for tasks to queue
[2026-04-09T08:50:29.278+0000] {logging_mixin.py:188} INFO - [2026-04-09T08:50:29.278+0000] {dagbag.py:538} INFO - Filling up the DagBag from /home/airflow/.local/lib/python3.8/site-packages/airflow/example_dags/example_python_operator.py
[2026-04-09T08:50:29.287+0000] {processor.py:840} INFO - DAG(s) 'example_python_operator' retrieved from /home/airflow/.local/lib/python3.8/site-packages/airflow/example_dags/example_python_operator.py
[2026-04-09T08:50:29.304+0000] {logging_mixin.py:188} INFO - [2026-04-09T08:50:29.304+0000] {dag.py:3033} INFO - Sync 1 DAGs
[2026-04-09T08:50:29.316+0000] {logging_mixin.py:188} INFO - [2026-04-09T08:50:29.315+0000] {dag.py:3820} INFO - Setting next_dagrun for example_python_operator to None, run_after=None
[2026-04-09T08:50:29.329+0000] {processor.py:183} INFO - Processing /home/airflow/.local/lib/python3.8/site-packages/airflow/example_dags/example_python_operator.py took 0.056 seconds
[2026-04-09T08:50:59.785+0000] {processor.py:161} INFO - Started process (PID=5599) to work on /home/airflow/.local/lib/python3.8/site-packages/airflow/example_dags/example_python_operator.py
[2026-04-09T08:50:59.785+0000] {processor.py:830} INFO - Processing file /home/airflow/.local/lib/python3.8/site-packages/airflow/example_dags/example_python_operator.py for tasks to queue
[2026-04-09T08:50:59.787+0000] {logging_mixin.py:188} INFO - [2026-04-09T08:50:59.787+0000] {dagbag.py:538} INFO - Filling up the DagBag from /home/airflow/.local/lib/python3.8/site-packages/airflow/example_dags/example_python_operator.py
[2026-04-09T08:50:59.795+0000] {processor.py:840} INFO - DAG(s) 'example_python_operator' retrieved from /home/airflow/.local/lib/python3.8/site-packages/airflow/example_dags/example_python_operator.py
[2026-04-09T08:50:59.812+0000] {logging_mixin.py:188} INFO - [2026-04-09T08:50:59.812+0000] {dag.py:3033} INFO - Sync 1 DAGs
[2026-04-09T08:50:59.821+0000] {logging_mixin.py:188} INFO - [2026-04-09T08:50:59.820+0000] {dag.py:3820} INFO - Setting next_dagrun for example_python_operator to None, run_after=None
[2026-04-09T08:50:59.833+0000] {processor.py:183} INFO - Processing /home/airflow/.local/lib/python3.8/site-packages/airflow/example_dags/example_python_operator.py took 0.051 seconds
[2026-04-09T08:51:30.182+0000] {processor.py:161} INFO - Started process (PID=5660) to work on /home/airflow/.local/lib/python3.8/site-packages/airflow/example_dags/example_python_operator.py
[2026-04-09T08:51:30.183+0000] {processor.py:830} INFO - Processing file /home/airflow/.local/lib/python3.8/site-packages/airflow/example_dags/example_python_operator.py for tasks to queue
[2026-04-09T08:51:30.185+0000] {logging_mixin.py:188} INFO - [2026-04-09T08:51:30.184+0000] {dagbag.py:538} INFO - Filling up the DagBag from /home/airflow/.local/lib/python3.8/site-packages/airflow/example_dags/example_python_operator.py
[2026-04-09T08:51:30.201+0000] {processor.py:840} INFO - DAG(s) 'example_python_operator' retrieved from /home/airflow/.local/lib/python3.8/site-packages/airflow/example_dags/example_python_operator.py
[2026-04-09T08:51:30.226+0000] {logging_mixin.py:188} INFO - [2026-04-09T08:51:30.226+0000] {dag.py:3033} INFO - Sync 1 DAGs
[2026-04-09T08:51:30.240+0000] {logging_mixin.py:188} INFO - [2026-04-09T08:51:30.240+0000] {dag.py:3820} INFO - Setting next_dagrun for example_python_operator to None, run_after=None
[2026-04-09T08:51:30.257+0000] {processor.py:183} INFO - Processing /home/airflow/.local/lib/python3.8/site-packages/airflow/example_dags/example_python_operator.py took 0.079 seconds
[2026-04-09T08:52:00.718+0000] {processor.py:161} INFO - Started process (PID=5721) to work on /home/airflow/.local/lib/python3.8/site-packages/airflow/example_dags/example_python_operator.py
[2026-04-09T08:52:00.719+0000] {processor.py:830} INFO - Processing file /home/airflow/.local/lib/python3.8/site-packages/airflow/example_dags/example_python_operator.py for tasks to queue
[2026-04-09T08:52:00.721+0000] {logging_mixin.py:188} INFO - [2026-04-09T08:52:00.721+0000] {dagbag.py:538} INFO - Filling up the DagBag from /home/airflow/.local/lib/python3.8/site-packages/airflow/example_dags/example_python_operator.py
[2026-04-09T08:52:00.733+0000] {processor.py:840} INFO - DAG(s) 'example_python_operator' retrieved from /home/airflow/.local/lib/python3.8/site-packages/airflow/example_dags/example_python_operator.py
[2026-04-09T08:52:00.766+0000] {logging_mixin.py:188} INFO - [2026-04-09T08:52:00.766+0000] {dag.py:3033} INFO - Sync 1 DAGs
[2026-04-09T08:52:00.782+0000] {logging_mixin.py:188} INFO - [2026-04-09T08:52:00.782+0000] {dag.py:3820} INFO - Setting next_dagrun for example_python_operator to None, run_after=None
[2026-04-09T08:52:00.801+0000] {processor.py:183} INFO - Processing /home/airflow/.local/lib/python3.8/site-packages/airflow/example_dags/example_python_operator.py took 0.087 seconds
[2026-04-09T08:52:31.525+0000] {processor.py:161} INFO - Started process (PID=5782) to work on /home/airflow/.local/lib/python3.8/site-packages/airflow/example_dags/example_python_operator.py
[2026-04-09T08:52:31.526+0000] {processor.py:830} INFO - Processing file /home/airflow/.local/lib/python3.8/site-packages/airflow/example_dags/example_python_operator.py for tasks to queue
[2026-04-09T08:52:31.528+0000] {logging_mixin.py:188} INFO - [2026-04-09T08:52:31.528+0000] {dagbag.py:538} INFO - Filling up the DagBag from /home/airflow/.local/lib/python3.8/site-packages/airflow/example_dags/example_python_operator.py
[2026-04-09T08:52:31.541+0000] {processor.py:840} INFO - DAG(s) 'example_python_operator' retrieved from /home/airflow/.local/lib/python3.8/site-packages/airflow/example_dags/example_python_operator.py
[2026-04-09T08:52:31.565+0000] {logging_mixin.py:188} INFO - [2026-04-09T08:52:31.565+0000] {dag.py:3033} INFO - Sync 1 DAGs
[2026-04-09T08:52:31.579+0000] {logging_mixin.py:188} INFO - [2026-04-09T08:52:31.579+0000] {dag.py:3820} INFO - Setting next_dagrun for example_python_operator to None, run_after=None
[2026-04-09T08:52:31.597+0000] {processor.py:183} INFO - Processing /home/airflow/.local/lib/python3.8/site-packages/airflow/example_dags/example_python_operator.py took 0.076 seconds
[2026-04-09T08:53:02.781+0000] {processor.py:161} INFO - Started process (PID=5843) to work on /home/airflow/.local/lib/python3.8/site-packages/airflow/example_dags/example_python_operator.py
[2026-04-09T08:53:02.787+0000] {processor.py:830} INFO - Processing file /home/airflow/.local/lib/python3.8/site-packages/airflow/example_dags/example_python_operator.py for tasks to queue
[2026-04-09T08:53:02.791+0000] {logging_mixin.py:188} INFO - [2026-04-09T08:53:02.791+0000] {dagbag.py:538} INFO - Filling up the DagBag from /home/airflow/.local/lib/python3.8/site-packages/airflow/example_dags/example_python_operator.py
[2026-04-09T08:53:02.818+0000] {processor.py:840} INFO - DAG(s) 'example_python_operator' retrieved from /home/airflow/.local/lib/python3.8/site-packages/airflow/example_dags/example_python_operator.py
[2026-04-09T08:53:02.851+0000] {logging_mixin.py:188} INFO - [2026-04-09T08:53:02.851+0000] {dag.py:3033} INFO - Sync 1 DAGs
[2026-04-09T08:53:02.870+0000] {logging_mixin.py:188} INFO - [2026-04-09T08:53:02.870+0000] {dag.py:3820} INFO - Setting next_dagrun for example_python_operator to None, run_after=None
[2026-04-09T08:53:02.889+0000] {processor.py:183} INFO - Processing /home/airflow/.local/lib/python3.8/site-packages/airflow/example_dags/example_python_operator.py took 0.138 seconds
[2026-04-09T08:53:33.810+0000] {processor.py:161} INFO - Started process (PID=5904) to work on /home/airflow/.local/lib/python3.8/site-packages/airflow/example_dags/example_python_operator.py
[2026-04-09T08:53:33.811+0000] {processor.py:830} INFO - Processing file /home/airflow/.local/lib/python3.8/site-packages/airflow/example_dags/example_python_operator.py for tasks to queue
[2026-04-09T08:53:33.813+0000] {logging_mixin.py:188} INFO - [2026-04-09T08:53:33.813+0000] {dagbag.py:538} INFO - Filling up the DagBag from /home/airflow/.local/lib/python3.8/site-packages/airflow/example_dags/example_python_operator.py
[2026-04-09T08:53:33.831+0000] {processor.py:840} INFO - DAG(s) 'example_python_operator' retrieved from /home/airflow/.local/lib/python3.8/site-packages/airflow/example_dags/example_python_operator.py
[2026-04-09T08:53:33.856+0000] {logging_mixin.py:188} INFO - [2026-04-09T08:53:33.856+0000] {dag.py:3033} INFO - Sync 1 DAGs
[2026-04-09T08:53:33.871+0000] {logging_mixin.py:188} INFO - [2026-04-09T08:53:33.871+0000] {dag.py:3820} INFO - Setting next_dagrun for example_python_operator to None, run_after=None
[2026-04-09T08:53:33.894+0000] {processor.py:183} INFO - Processing /home/airflow/.local/lib/python3.8/site-packages/airflow/example_dags/example_python_operator.py took 0.093 seconds
[2026-04-09T08:54:03.961+0000] {processor.py:161} INFO - Started process (PID=5965) to work on /home/airflow/.local/lib/python3.8/site-packages/airflow/example_dags/example_python_operator.py
[2026-04-09T08:54:03.962+0000] {processor.py:830} INFO - Processing file /home/airflow/.local/lib/python3.8/site-packages/airflow/example_dags/example_python_operator.py for tasks to queue
[2026-04-09T08:54:03.964+0000] {logging_mixin.py:188} INFO - [2026-04-09T08:54:03.964+0000] {dagbag.py:538} INFO - Filling up the DagBag from /home/airflow/.local/lib/python3.8/site-packages/airflow/example_dags/example_python_operator.py
[2026-04-09T08:54:03.976+0000] {processor.py:840} INFO - DAG(s) 'example_python_operator' retrieved from /home/airflow/.local/lib/python3.8/site-packages/airflow/example_dags/example_python_operator.py
[2026-04-09T08:54:03.999+0000] {logging_mixin.py:188} INFO - [2026-04-09T08:54:03.999+0000] {dag.py:3033} INFO - Sync 1 DAGs
[2026-04-09T08:54:04.021+0000] {logging_mixin.py:188} INFO - [2026-04-09T08:54:04.020+0000] {dag.py:3820} INFO - Setting next_dagrun for example_python_operator to None, run_after=None
[2026-04-09T08:54:04.050+0000] {processor.py:183} INFO - Processing /home/airflow/.local/lib/python3.8/site-packages/airflow/example_dags/example_python_operator.py took 0.092 seconds
[2026-04-09T08:54:34.945+0000] {processor.py:161} INFO - Started process (PID=6026) to work on /home/airflow/.local/lib/python3.8/site-packages/airflow/example_dags/example_python_operator.py
[2026-04-09T08:54:34.946+0000] {processor.py:830} INFO - Processing file /home/airflow/.local/lib/python3.8/site-packages/airflow/example_dags/example_python_operator.py for tasks to queue
[2026-04-09T08:54:34.948+0000] {logging_mixin.py:188} INFO - [2026-04-09T08:54:34.948+0000] {dagbag.py:538} INFO - Filling up the DagBag from /home/airflow/.local/lib/python3.8/site-packages/airflow/example_dags/example_python_operator.py
[2026-04-09T08:54:34.961+0000] {processor.py:840} INFO - DAG(s) 'example_python_operator' retrieved from /home/airflow/.local/lib/python3.8/site-packages/airflow/example_dags/example_python_operator.py
[2026-04-09T08:54:34.985+0000] {logging_mixin.py:188} INFO - [2026-04-09T08:54:34.985+0000] {dag.py:3033} INFO - Sync 1 DAGs
[2026-04-09T08:54:34.997+0000] {logging_mixin.py:188} INFO - [2026-04-09T08:54:34.997+0000] {dag.py:3820} INFO - Setting next_dagrun for example_python_operator to None, run_after=None
[2026-04-09T08:54:35.010+0000] {processor.py:183} INFO - Processing /home/airflow/.local/lib/python3.8/site-packages/airflow/example_dags/example_python_operator.py took 0.069 seconds
[2026-04-09T08:55:05.143+0000] {processor.py:161} INFO - Started process (PID=6087) to work on /home/airflow/.local/lib/python3.8/site-packages/airflow/example_dags/example_python_operator.py
[2026-04-09T08:55:05.144+0000] {processor.py:830} INFO - Processing file /home/airflow/.local/lib/python3.8/site-packages/airflow/example_dags/example_python_operator.py for tasks to queue
[2026-04-09T08:55:05.146+0000] {logging_mixin.py:188} INFO - [2026-04-09T08:55:05.146+0000] {dagbag.py:538} INFO - Filling up the DagBag from /home/airflow/.local/lib/python3.8/site-packages/airflow/example_dags/example_python_operator.py
[2026-04-09T08:55:05.158+0000] {processor.py:840} INFO - DAG(s) 'example_python_operator' retrieved from /home/airflow/.local/lib/python3.8/site-packages/airflow/example_dags/example_python_operator.py
[2026-04-09T08:55:05.176+0000] {logging_mixin.py:188} INFO - [2026-04-09T08:55:05.176+0000] {dag.py:3033} INFO - Sync 1 DAGs
[2026-04-09T08:55:05.186+0000] {logging_mixin.py:188} INFO - [2026-04-09T08:55:05.186+0000] {dag.py:3820} INFO - Setting next_dagrun for example_python_operator to None, run_after=None
[2026-04-09T08:55:05.201+0000] {processor.py:183} INFO - Processing /home/airflow/.local/lib/python3.8/site-packages/airflow/example_dags/example_python_operator.py took 0.062 seconds
[2026-04-09T08:55:35.304+0000] {processor.py:161} INFO - Started process (PID=6148) to work on /home/airflow/.local/lib/python3.8/site-packages/airflow/example_dags/example_python_operator.py
[2026-04-09T08:55:35.305+0000] {processor.py:830} INFO - Processing file /home/airflow/.local/lib/python3.8/site-packages/airflow/example_dags/example_python_operator.py for tasks to queue
[2026-04-09T08:55:35.307+0000] {logging_mixin.py:188} INFO - [2026-04-09T08:55:35.307+0000] {dagbag.py:538} INFO - Filling up the DagBag from /home/airflow/.local/lib/python3.8/site-packages/airflow/example_dags/example_python_operator.py
[2026-04-09T08:55:35.318+0000] {processor.py:840} INFO - DAG(s) 'example_python_operator' retrieved from /home/airflow/.local/lib/python3.8/site-packages/airflow/example_dags/example_python_operator.py
[2026-04-09T08:55:35.335+0000] {logging_mixin.py:188} INFO - [2026-04-09T08:55:35.335+0000] {dag.py:3033} INFO - Sync 1 DAGs
[2026-04-09T08:55:35.345+0000] {logging_mixin.py:188} INFO - [2026-04-09T08:55:35.344+0000] {dag.py:3820} INFO - Setting next_dagrun for example_python_operator to None, run_after=None
[2026-04-09T08:55:35.359+0000] {processor.py:183} INFO - Processing /home/airflow/.local/lib/python3.8/site-packages/airflow/example_dags/example_python_operator.py took 0.060 seconds
[2026-04-09T08:56:06.338+0000] {processor.py:161} INFO - Started process (PID=6209) to work on /home/airflow/.local/lib/python3.8/site-packages/airflow/example_dags/example_python_operator.py
[2026-04-09T08:56:06.339+0000] {processor.py:830} INFO - Processing file /home/airflow/.local/lib/python3.8/site-packages/airflow/example_dags/example_python_operator.py for tasks to queue
[2026-04-09T08:56:06.341+0000] {logging_mixin.py:188} INFO - [2026-04-09T08:56:06.341+0000] {dagbag.py:538} INFO - Filling up the DagBag from /home/airflow/.local/lib/python3.8/site-packages/airflow/example_dags/example_python_operator.py
[2026-04-09T08:56:06.362+0000] {processor.py:840} INFO - DAG(s) 'example_python_operator' retrieved from /home/airflow/.local/lib/python3.8/site-packages/airflow/example_dags/example_python_operator.py
[2026-04-09T08:56:06.411+0000] {logging_mixin.py:188} INFO - [2026-04-09T08:56:06.411+0000] {dag.py:3033} INFO - Sync 1 DAGs
[2026-04-09T08:56:06.426+0000] {logging_mixin.py:188} INFO - [2026-04-09T08:56:06.426+0000] {dag.py:3820} INFO - Setting next_dagrun for example_python_operator to None, run_after=None
[2026-04-09T08:56:06.446+0000] {processor.py:183} INFO - Processing /home/airflow/.local/lib/python3.8/site-packages/airflow/example_dags/example_python_operator.py took 0.114 seconds
[2026-04-09T08:56:37.452+0000] {processor.py:161} INFO - Started process (PID=6271) to work on /home/airflow/.local/lib/python3.8/site-packages/airflow/example_dags/example_python_operator.py
[2026-04-09T08:56:37.453+0000] {processor.py:830} INFO - Processing file /home/airflow/.local/lib/python3.8/site-packages/airflow/example_dags/example_python_operator.py for tasks to queue
[2026-04-09T08:56:37.456+0000] {logging_mixin.py:188} INFO - [2026-04-09T08:56:37.455+0000] {dagbag.py:538} INFO - Filling up the DagBag from /home/airflow/.local/lib/python3.8/site-packages/airflow/example_dags/example_python_operator.py
[2026-04-09T08:56:37.468+0000] {processor.py:840} INFO - DAG(s) 'example_python_operator' retrieved from /home/airflow/.local/lib/python3.8/site-packages/airflow/example_dags/example_python_operator.py
[2026-04-09T08:56:37.515+0000] {logging_mixin.py:188} INFO - [2026-04-09T08:56:37.515+0000] {dag.py:3033} INFO - Sync 1 DAGs
[2026-04-09T08:56:37.547+0000] {logging_mixin.py:188} INFO - [2026-04-09T08:56:37.546+0000] {dag.py:3820} INFO - Setting next_dagrun for example_python_operator to None, run_after=None
[2026-04-09T08:56:37.613+0000] {processor.py:183} INFO - Processing /home/airflow/.local/lib/python3.8/site-packages/airflow/example_dags/example_python_operator.py took 0.165 seconds
[2026-04-09T08:57:07.826+0000] {processor.py:161} INFO - Started process (PID=6332) to work on /home/airflow/.local/lib/python3.8/site-packages/airflow/example_dags/example_python_operator.py
[2026-04-09T08:57:07.826+0000] {processor.py:830} INFO - Processing file /home/airflow/.local/lib/python3.8/site-packages/airflow/example_dags/example_python_operator.py for tasks to queue
[2026-04-09T08:57:07.828+0000] {logging_mixin.py:188} INFO - [2026-04-09T08:57:07.828+0000] {dagbag.py:538} INFO - Filling up the DagBag from /home/airflow/.local/lib/python3.8/site-packages/airflow/example_dags/example_python_operator.py
[2026-04-09T08:57:07.837+0000] {processor.py:840} INFO - DAG(s) 'example_python_operator' retrieved from /home/airflow/.local/lib/python3.8/site-packages/airflow/example_dags/example_python_operator.py
[2026-04-09T08:57:07.855+0000] {logging_mixin.py:188} INFO - [2026-04-09T08:57:07.854+0000] {dag.py:3033} INFO - Sync 1 DAGs
[2026-04-09T08:57:07.864+0000] {logging_mixin.py:188} INFO - [2026-04-09T08:57:07.864+0000] {dag.py:3820} INFO - Setting next_dagrun for example_python_operator to None, run_after=None
[2026-04-09T08:57:07.878+0000] {processor.py:183} INFO - Processing /home/airflow/.local/lib/python3.8/site-packages/airflow/example_dags/example_python_operator.py took 0.055 seconds
[2026-04-09T08:57:38.222+0000] {processor.py:161} INFO - Started process (PID=6393) to work on /home/airflow/.local/lib/python3.8/site-packages/airflow/example_dags/example_python_operator.py
[2026-04-09T08:57:38.223+0000] {processor.py:830} INFO - Processing file /home/airflow/.local/lib/python3.8/site-packages/airflow/example_dags/example_python_operator.py for tasks to queue
[2026-04-09T08:57:38.226+0000] {logging_mixin.py:188} INFO - [2026-04-09T08:57:38.225+0000] {dagbag.py:538} INFO - Filling up the DagBag from /home/airflow/.local/lib/python3.8/site-packages/airflow/example_dags/example_python_operator.py
[2026-04-09T08:57:38.238+0000] {processor.py:840} INFO - DAG(s) 'example_python_operator' retrieved from /home/airflow/.local/lib/python3.8/site-packages/airflow/example_dags/example_python_operator.py
[2026-04-09T08:57:38.264+0000] {logging_mixin.py:188} INFO - [2026-04-09T08:57:38.264+0000] {dag.py:3033} INFO - Sync 1 DAGs
[2026-04-09T08:57:38.278+0000] {logging_mixin.py:188} INFO - [2026-04-09T08:57:38.278+0000] {dag.py:3820} INFO - Setting next_dagrun for example_python_operator to None, run_after=None
[2026-04-09T08:57:38.297+0000] {processor.py:183} INFO - Processing /home/airflow/.local/lib/python3.8/site-packages/airflow/example_dags/example_python_operator.py took 0.078 seconds
[2026-04-09T08:58:09.236+0000] {processor.py:161} INFO - Started process (PID=6454) to work on /home/airflow/.local/lib/python3.8/site-packages/airflow/example_dags/example_python_operator.py
[2026-04-09T08:58:09.237+0000] {processor.py:830} INFO - Processing file /home/airflow/.local/lib/python3.8/site-packages/airflow/example_dags/example_python_operator.py for tasks to queue
[2026-04-09T08:58:09.239+0000] {logging_mixin.py:188} INFO - [2026-04-09T08:58:09.239+0000] {dagbag.py:538} INFO - Filling up the DagBag from /home/airflow/.local/lib/python3.8/site-packages/airflow/example_dags/example_python_operator.py
[2026-04-09T08:58:09.251+0000] {processor.py:840} INFO - DAG(s) 'example_python_operator' retrieved from /home/airflow/.local/lib/python3.8/site-packages/airflow/example_dags/example_python_operator.py
[2026-04-09T08:58:09.276+0000] {logging_mixin.py:188} INFO - [2026-04-09T08:58:09.276+0000] {dag.py:3033} INFO - Sync 1 DAGs
[2026-04-09T08:58:09.292+0000] {logging_mixin.py:188} INFO - [2026-04-09T08:58:09.291+0000] {dag.py:3820} INFO - Setting next_dagrun for example_python_operator to None, run_after=None
[2026-04-09T08:58:09.310+0000] {processor.py:183} INFO - Processing /home/airflow/.local/lib/python3.8/site-packages/airflow/example_dags/example_python_operator.py took 0.078 seconds
[2026-04-09T08:58:39.749+0000] {processor.py:161} INFO - Started process (PID=6515) to work on /home/airflow/.local/lib/python3.8/site-packages/airflow/example_dags/example_python_operator.py
[2026-04-09T08:58:39.750+0000] {processor.py:830} INFO - Processing file /home/airflow/.local/lib/python3.8/site-packages/airflow/example_dags/example_python_operator.py for tasks to queue
[2026-04-09T08:58:39.752+0000] {logging_mixin.py:188} INFO - [2026-04-09T08:58:39.752+0000] {dagbag.py:538} INFO - Filling up the DagBag from /home/airflow/.local/lib/python3.8/site-packages/airflow/example_dags/example_python_operator.py
[2026-04-09T08:58:39.764+0000] {processor.py:840} INFO - DAG(s) 'example_python_operator' retrieved from /home/airflow/.local/lib/python3.8/site-packages/airflow/example_dags/example_python_operator.py
[2026-04-09T08:58:39.788+0000] {logging_mixin.py:188} INFO - [2026-04-09T08:58:39.788+0000] {dag.py:3033} INFO - Sync 1 DAGs
[2026-04-09T08:58:39.802+0000] {logging_mixin.py:188} INFO - [2026-04-09T08:58:39.802+0000] {dag.py:3820} INFO - Setting next_dagrun for example_python_operator to None, run_after=None
[2026-04-09T08:58:39.821+0000] {processor.py:183} INFO - Processing /home/airflow/.local/lib/python3.8/site-packages/airflow/example_dags/example_python_operator.py took 0.078 seconds
[2026-04-09T08:59:10.036+0000] {processor.py:161} INFO - Started process (PID=6576) to work on /home/airflow/.local/lib/python3.8/site-packages/airflow/example_dags/example_python_operator.py
[2026-04-09T08:59:10.037+0000] {processor.py:830} INFO - Processing file /home/airflow/.local/lib/python3.8/site-packages/airflow/example_dags/example_python_operator.py for tasks to queue
[2026-04-09T08:59:10.039+0000] {logging_mixin.py:188} INFO - [2026-04-09T08:59:10.039+0000] {dagbag.py:538} INFO - Filling up the DagBag from /home/airflow/.local/lib/python3.8/site-packages/airflow/example_dags/example_python_operator.py
[2026-04-09T08:59:10.051+0000] {processor.py:840} INFO - DAG(s) 'example_python_operator' retrieved from /home/airflow/.local/lib/python3.8/site-packages/airflow/example_dags/example_python_operator.py
[2026-04-09T08:59:10.075+0000] {logging_mixin.py:188} INFO - [2026-04-09T08:59:10.075+0000] {dag.py:3033} INFO - Sync 1 DAGs
[2026-04-09T08:59:10.088+0000] {logging_mixin.py:188} INFO - [2026-04-09T08:59:10.088+0000] {dag.py:3820} INFO - Setting next_dagrun for example_python_operator to None, run_after=None
[2026-04-09T08:59:10.108+0000] {processor.py:183} INFO - Processing /home/airflow/.local/lib/python3.8/site-packages/airflow/example_dags/example_python_operator.py took 0.075 seconds
[2026-04-09T08:59:40.348+0000] {processor.py:161} INFO - Started process (PID=6637) to work on /home/airflow/.local/lib/python3.8/site-packages/airflow/example_dags/example_python_operator.py
[2026-04-09T08:59:40.349+0000] {processor.py:830} INFO - Processing file /home/airflow/.local/lib/python3.8/site-packages/airflow/example_dags/example_python_operator.py for tasks to queue
[2026-04-09T08:59:40.351+0000] {logging_mixin.py:188} INFO - [2026-04-09T08:59:40.351+0000] {dagbag.py:538} INFO - Filling up the DagBag from /home/airflow/.local/lib/python3.8/site-packages/airflow/example_dags/example_python_operator.py
[2026-04-09T08:59:40.364+0000] {processor.py:840} INFO - DAG(s) 'example_python_operator' retrieved from /home/airflow/.local/lib/python3.8/site-packages/airflow/example_dags/example_python_operator.py
[2026-04-09T08:59:40.389+0000] {logging_mixin.py:188} INFO - [2026-04-09T08:59:40.388+0000] {dag.py:3033} INFO - Sync 1 DAGs
[2026-04-09T08:59:40.403+0000] {logging_mixin.py:188} INFO - [2026-04-09T08:59:40.402+0000] {dag.py:3820} INFO - Setting next_dagrun for example_python_operator to None, run_after=None
[2026-04-09T08:59:40.421+0000] {processor.py:183} INFO - Processing /home/airflow/.local/lib/python3.8/site-packages/airflow/example_dags/example_python_operator.py took 0.076 seconds
[2026-04-09T09:00:10.556+0000] {processor.py:161} INFO - Started process (PID=6697) to work on /home/airflow/.local/lib/python3.8/site-packages/airflow/example_dags/example_python_operator.py
[2026-04-09T09:00:10.557+0000] {processor.py:830} INFO - Processing file /home/airflow/.local/lib/python3.8/site-packages/airflow/example_dags/example_python_operator.py for tasks to queue
[2026-04-09T09:00:10.558+0000] {logging_mixin.py:188} INFO - [2026-04-09T09:00:10.558+0000] {dagbag.py:538} INFO - Filling up the DagBag from /home/airflow/.local/lib/python3.8/site-packages/airflow/example_dags/example_python_operator.py
[2026-04-09T09:00:10.567+0000] {processor.py:840} INFO - DAG(s) 'example_python_operator' retrieved from /home/airflow/.local/lib/python3.8/site-packages/airflow/example_dags/example_python_operator.py
[2026-04-09T09:00:10.590+0000] {logging_mixin.py:188} INFO - [2026-04-09T09:00:10.590+0000] {dag.py:3033} INFO - Sync 1 DAGs
[2026-04-09T09:00:10.599+0000] {logging_mixin.py:188} INFO - [2026-04-09T09:00:10.599+0000] {dag.py:3820} INFO - Setting next_dagrun for example_python_operator to None, run_after=None
[2026-04-09T09:00:10.613+0000] {processor.py:183} INFO - Processing /home/airflow/.local/lib/python3.8/site-packages/airflow/example_dags/example_python_operator.py took 0.061 seconds
[2026-04-09T09:00:41.082+0000] {processor.py:161} INFO - Started process (PID=6758) to work on /home/airflow/.local/lib/python3.8/site-packages/airflow/example_dags/example_python_operator.py
[2026-04-09T09:00:41.083+0000] {processor.py:830} INFO - Processing file /home/airflow/.local/lib/python3.8/site-packages/airflow/example_dags/example_python_operator.py for tasks to queue
[2026-04-09T09:00:41.085+0000] {logging_mixin.py:188} INFO - [2026-04-09T09:00:41.085+0000] {dagbag.py:538} INFO - Filling up the DagBag from /home/airflow/.local/lib/python3.8/site-packages/airflow/example_dags/example_python_operator.py
[2026-04-09T09:00:41.097+0000] {processor.py:840} INFO - DAG(s) 'example_python_operator' retrieved from /home/airflow/.local/lib/python3.8/site-packages/airflow/example_dags/example_python_operator.py
[2026-04-09T09:00:41.127+0000] {logging_mixin.py:188} INFO - [2026-04-09T09:00:41.127+0000] {dag.py:3033} INFO - Sync 1 DAGs
[2026-04-09T09:00:41.141+0000] {logging_mixin.py:188} INFO - [2026-04-09T09:00:41.141+0000] {dag.py:3820} INFO - Setting next_dagrun for example_python_operator to None, run_after=None
[2026-04-09T09:00:41.159+0000] {processor.py:183} INFO - Processing /home/airflow/.local/lib/python3.8/site-packages/airflow/example_dags/example_python_operator.py took 0.080 seconds
[2026-04-09T09:01:11.943+0000] {processor.py:161} INFO - Started process (PID=6819) to work on /home/airflow/.local/lib/python3.8/site-packages/airflow/example_dags/example_python_operator.py
[2026-04-09T09:01:11.944+0000] {processor.py:830} INFO - Processing file /home/airflow/.local/lib/python3.8/site-packages/airflow/example_dags/example_python_operator.py for tasks to queue
[2026-04-09T09:01:11.946+0000] {logging_mixin.py:188} INFO - [2026-04-09T09:01:11.946+0000] {dagbag.py:538} INFO - Filling up the DagBag from /home/airflow/.local/lib/python3.8/site-packages/airflow/example_dags/example_python_operator.py
[2026-04-09T09:01:11.958+0000] {processor.py:840} INFO - DAG(s) 'example_python_operator' retrieved from /home/airflow/.local/lib/python3.8/site-packages/airflow/example_dags/example_python_operator.py
[2026-04-09T09:01:11.992+0000] {logging_mixin.py:188} INFO - [2026-04-09T09:01:11.992+0000] {dag.py:3033} INFO - Sync 1 DAGs
[2026-04-09T09:01:12.006+0000] {logging_mixin.py:188} INFO - [2026-04-09T09:01:12.006+0000] {dag.py:3820} INFO - Setting next_dagrun for example_python_operator to None, run_after=None
[2026-04-09T09:01:12.037+0000] {processor.py:183} INFO - Processing /home/airflow/.local/lib/python3.8/site-packages/airflow/example_dags/example_python_operator.py took 0.096 seconds
[2026-04-09T09:01:42.691+0000] {processor.py:161} INFO - Started process (PID=6880) to work on /home/airflow/.local/lib/python3.8/site-packages/airflow/example_dags/example_python_operator.py
[2026-04-09T09:01:42.694+0000] {processor.py:830} INFO - Processing file /home/airflow/.local/lib/python3.8/site-packages/airflow/example_dags/example_python_operator.py for tasks to queue
[2026-04-09T09:01:42.699+0000] {logging_mixin.py:188} INFO - [2026-04-09T09:01:42.698+0000] {dagbag.py:538} INFO - Filling up the DagBag from /home/airflow/.local/lib/python3.8/site-packages/airflow/example_dags/example_python_operator.py
[2026-04-09T09:01:42.732+0000] {processor.py:840} INFO - DAG(s) 'example_python_operator' retrieved from /home/airflow/.local/lib/python3.8/site-packages/airflow/example_dags/example_python_operator.py
[2026-04-09T09:01:42.789+0000] {logging_mixin.py:188} INFO - [2026-04-09T09:01:42.788+0000] {dag.py:3033} INFO - Sync 1 DAGs
[2026-04-09T09:01:42.812+0000] {logging_mixin.py:188} INFO - [2026-04-09T09:01:42.811+0000] {dag.py:3820} INFO - Setting next_dagrun for example_python_operator to None, run_after=None
[2026-04-09T09:01:42.841+0000] {processor.py:183} INFO - Processing /home/airflow/.local/lib/python3.8/site-packages/airflow/example_dags/example_python_operator.py took 0.156 seconds
[2026-04-09T09:02:12.896+0000] {processor.py:161} INFO - Started process (PID=6941) to work on /home/airflow/.local/lib/python3.8/site-packages/airflow/example_dags/example_python_operator.py
[2026-04-09T09:02:12.899+0000] {processor.py:830} INFO - Processing file /home/airflow/.local/lib/python3.8/site-packages/airflow/example_dags/example_python_operator.py for tasks to queue
[2026-04-09T09:02:12.902+0000] {logging_mixin.py:188} INFO - [2026-04-09T09:02:12.901+0000] {dagbag.py:538} INFO - Filling up the DagBag from /home/airflow/.local/lib/python3.8/site-packages/airflow/example_dags/example_python_operator.py
[2026-04-09T09:02:12.933+0000] {processor.py:840} INFO - DAG(s) 'example_python_operator' retrieved from /home/airflow/.local/lib/python3.8/site-packages/airflow/example_dags/example_python_operator.py
[2026-04-09T09:02:12.996+0000] {logging_mixin.py:188} INFO - [2026-04-09T09:02:12.996+0000] {dag.py:3033} INFO - Sync 1 DAGs
[2026-04-09T09:02:13.048+0000] {logging_mixin.py:188} INFO - [2026-04-09T09:02:13.048+0000] {dag.py:3820} INFO - Setting next_dagrun for example_python_operator to None, run_after=None
[2026-04-09T09:02:13.087+0000] {processor.py:183} INFO - Processing /home/airflow/.local/lib/python3.8/site-packages/airflow/example_dags/example_python_operator.py took 0.197 seconds
[2026-04-09T09:02:44.007+0000] {processor.py:161} INFO - Started process (PID=7008) to work on /home/airflow/.local/lib/python3.8/site-packages/airflow/example_dags/example_python_operator.py
[2026-04-09T09:02:44.007+0000] {processor.py:830} INFO - Processing file /home/airflow/.local/lib/python3.8/site-packages/airflow/example_dags/example_python_operator.py for tasks to queue
[2026-04-09T09:02:44.010+0000] {logging_mixin.py:188} INFO - [2026-04-09T09:02:44.009+0000] {dagbag.py:538} INFO - Filling up the DagBag from /home/airflow/.local/lib/python3.8/site-packages/airflow/example_dags/example_python_operator.py
[2026-04-09T09:02:44.021+0000] {processor.py:840} INFO - DAG(s) 'example_python_operator' retrieved from /home/airflow/.local/lib/python3.8/site-packages/airflow/example_dags/example_python_operator.py
[2026-04-09T09:02:44.046+0000] {logging_mixin.py:188} INFO - [2026-04-09T09:02:44.046+0000] {dag.py:3033} INFO - Sync 1 DAGs
[2026-04-09T09:02:44.060+0000] {logging_mixin.py:188} INFO - [2026-04-09T09:02:44.059+0000] {dag.py:3820} INFO - Setting next_dagrun for example_python_operator to None, run_after=None
[2026-04-09T09:02:44.077+0000] {processor.py:183} INFO - Processing /home/airflow/.local/lib/python3.8/site-packages/airflow/example_dags/example_python_operator.py took 0.074 seconds
[2026-04-09T09:03:14.349+0000] {processor.py:161} INFO - Started process (PID=7069) to work on /home/airflow/.local/lib/python3.8/site-packages/airflow/example_dags/example_python_operator.py
[2026-04-09T09:03:14.349+0000] {processor.py:830} INFO - Processing file /home/airflow/.local/lib/python3.8/site-packages/airflow/example_dags/example_python_operator.py for tasks to queue
[2026-04-09T09:03:14.352+0000] {logging_mixin.py:188} INFO - [2026-04-09T09:03:14.351+0000] {dagbag.py:538} INFO - Filling up the DagBag from /home/airflow/.local/lib/python3.8/site-packages/airflow/example_dags/example_python_operator.py
[2026-04-09T09:03:14.364+0000] {processor.py:840} INFO - DAG(s) 'example_python_operator' retrieved from /home/airflow/.local/lib/python3.8/site-packages/airflow/example_dags/example_python_operator.py
[2026-04-09T09:03:14.389+0000] {logging_mixin.py:188} INFO - [2026-04-09T09:03:14.389+0000] {dag.py:3033} INFO - Sync 1 DAGs
[2026-04-09T09:03:14.404+0000] {logging_mixin.py:188} INFO - [2026-04-09T09:03:14.404+0000] {dag.py:3820} INFO - Setting next_dagrun for example_python_operator to None, run_after=None
[2026-04-09T09:03:14.422+0000] {processor.py:183} INFO - Processing /home/airflow/.local/lib/python3.8/site-packages/airflow/example_dags/example_python_operator.py took 0.077 seconds
[2026-04-09T09:03:45.163+0000] {processor.py:161} INFO - Started process (PID=7131) to work on /home/airflow/.local/lib/python3.8/site-packages/airflow/example_dags/example_python_operator.py
[2026-04-09T09:03:45.163+0000] {processor.py:830} INFO - Processing file /home/airflow/.local/lib/python3.8/site-packages/airflow/example_dags/example_python_operator.py for tasks to queue
[2026-04-09T09:03:45.166+0000] {logging_mixin.py:188} INFO - [2026-04-09T09:03:45.165+0000] {dagbag.py:538} INFO - Filling up the DagBag from /home/airflow/.local/lib/python3.8/site-packages/airflow/example_dags/example_python_operator.py
[2026-04-09T09:03:45.178+0000] {processor.py:840} INFO - DAG(s) 'example_python_operator' retrieved from /home/airflow/.local/lib/python3.8/site-packages/airflow/example_dags/example_python_operator.py
[2026-04-09T09:03:45.208+0000] {logging_mixin.py:188} INFO - [2026-04-09T09:03:45.207+0000] {dag.py:3033} INFO - Sync 1 DAGs
[2026-04-09T09:03:45.222+0000] {logging_mixin.py:188} INFO - [2026-04-09T09:03:45.222+0000] {dag.py:3820} INFO - Setting next_dagrun for example_python_operator to None, run_after=None
[2026-04-09T09:03:45.240+0000] {processor.py:183} INFO - Processing /home/airflow/.local/lib/python3.8/site-packages/airflow/example_dags/example_python_operator.py took 0.080 seconds
[2026-04-09T09:04:15.561+0000] {processor.py:161} INFO - Started process (PID=7192) to work on /home/airflow/.local/lib/python3.8/site-packages/airflow/example_dags/example_python_operator.py
[2026-04-09T09:04:15.562+0000] {processor.py:830} INFO - Processing file /home/airflow/.local/lib/python3.8/site-packages/airflow/example_dags/example_python_operator.py for tasks to queue
[2026-04-09T09:04:15.564+0000] {logging_mixin.py:188} INFO - [2026-04-09T09:04:15.564+0000] {dagbag.py:538} INFO - Filling up the DagBag from /home/airflow/.local/lib/python3.8/site-packages/airflow/example_dags/example_python_operator.py
[2026-04-09T09:04:15.576+0000] {processor.py:840} INFO - DAG(s) 'example_python_operator' retrieved from /home/airflow/.local/lib/python3.8/site-packages/airflow/example_dags/example_python_operator.py
[2026-04-09T09:04:15.605+0000] {logging_mixin.py:188} INFO - [2026-04-09T09:04:15.605+0000] {dag.py:3033} INFO - Sync 1 DAGs
[2026-04-09T09:04:15.619+0000] {logging_mixin.py:188} INFO - [2026-04-09T09:04:15.619+0000] {dag.py:3820} INFO - Setting next_dagrun for example_python_operator to None, run_after=None
[2026-04-09T09:04:15.640+0000] {processor.py:183} INFO - Processing /home/airflow/.local/lib/python3.8/site-packages/airflow/example_dags/example_python_operator.py took 0.082 seconds
[2026-04-09T09:04:45.795+0000] {processor.py:161} INFO - Started process (PID=7253) to work on /home/airflow/.local/lib/python3.8/site-packages/airflow/example_dags/example_python_operator.py
[2026-04-09T09:04:45.796+0000] {processor.py:830} INFO - Processing file /home/airflow/.local/lib/python3.8/site-packages/airflow/example_dags/example_python_operator.py for tasks to queue
[2026-04-09T09:04:45.798+0000] {logging_mixin.py:188} INFO - [2026-04-09T09:04:45.798+0000] {dagbag.py:538} INFO - Filling up the DagBag from /home/airflow/.local/lib/python3.8/site-packages/airflow/example_dags/example_python_operator.py
[2026-04-09T09:04:45.810+0000] {processor.py:840} INFO - DAG(s) 'example_python_operator' retrieved from /home/airflow/.local/lib/python3.8/site-packages/airflow/example_dags/example_python_operator.py
[2026-04-09T09:04:45.834+0000] {logging_mixin.py:188} INFO - [2026-04-09T09:04:45.834+0000] {dag.py:3033} INFO - Sync 1 DAGs
[2026-04-09T09:04:45.848+0000] {logging_mixin.py:188} INFO - [2026-04-09T09:04:45.848+0000] {dag.py:3820} INFO - Setting next_dagrun for example_python_operator to None, run_after=None
[2026-04-09T09:04:45.869+0000] {processor.py:183} INFO - Processing /home/airflow/.local/lib/python3.8/site-packages/airflow/example_dags/example_python_operator.py took 0.077 seconds
[2026-04-09T09:05:16.673+0000] {processor.py:161} INFO - Started process (PID=7314) to work on /home/airflow/.local/lib/python3.8/site-packages/airflow/example_dags/example_python_operator.py
[2026-04-09T09:05:16.674+0000] {processor.py:830} INFO - Processing file /home/airflow/.local/lib/python3.8/site-packages/airflow/example_dags/example_python_operator.py for tasks to queue
[2026-04-09T09:05:16.676+0000] {logging_mixin.py:188} INFO - [2026-04-09T09:05:16.676+0000] {dagbag.py:538} INFO - Filling up the DagBag from /home/airflow/.local/lib/python3.8/site-packages/airflow/example_dags/example_python_operator.py
[2026-04-09T09:05:16.690+0000] {processor.py:840} INFO - DAG(s) 'example_python_operator' retrieved from /home/airflow/.local/lib/python3.8/site-packages/airflow/example_dags/example_python_operator.py
[2026-04-09T09:05:16.720+0000] {logging_mixin.py:188} INFO - [2026-04-09T09:05:16.720+0000] {dag.py:3033} INFO - Sync 1 DAGs
[2026-04-09T09:05:16.736+0000] {logging_mixin.py:188} INFO - [2026-04-09T09:05:16.735+0000] {dag.py:3820} INFO - Setting next_dagrun for example_python_operator to None, run_after=None
[2026-04-09T09:05:16.770+0000] {processor.py:183} INFO - Processing /home/airflow/.local/lib/python3.8/site-packages/airflow/example_dags/example_python_operator.py took 0.100 seconds
[2026-04-09T09:05:47.106+0000] {processor.py:161} INFO - Started process (PID=7375) to work on /home/airflow/.local/lib/python3.8/site-packages/airflow/example_dags/example_python_operator.py
[2026-04-09T09:05:47.107+0000] {processor.py:830} INFO - Processing file /home/airflow/.local/lib/python3.8/site-packages/airflow/example_dags/example_python_operator.py for tasks to queue
[2026-04-09T09:05:47.109+0000] {logging_mixin.py:188} INFO - [2026-04-09T09:05:47.109+0000] {dagbag.py:538} INFO - Filling up the DagBag from /home/airflow/.local/lib/python3.8/site-packages/airflow/example_dags/example_python_operator.py
[2026-04-09T09:05:47.121+0000] {processor.py:840} INFO - DAG(s) 'example_python_operator' retrieved from /home/airflow/.local/lib/python3.8/site-packages/airflow/example_dags/example_python_operator.py
[2026-04-09T09:05:47.159+0000] {logging_mixin.py:188} INFO - [2026-04-09T09:05:47.159+0000] {dag.py:3033} INFO - Sync 1 DAGs
[2026-04-09T09:05:47.173+0000] {logging_mixin.py:188} INFO - [2026-04-09T09:05:47.173+0000] {dag.py:3820} INFO - Setting next_dagrun for example_python_operator to None, run_after=None
[2026-04-09T09:05:47.191+0000] {processor.py:183} INFO - Processing /home/airflow/.local/lib/python3.8/site-packages/airflow/example_dags/example_python_operator.py took 0.088 seconds
[2026-04-09T09:06:17.267+0000] {processor.py:161} INFO - Started process (PID=7436) to work on /home/airflow/.local/lib/python3.8/site-packages/airflow/example_dags/example_python_operator.py
[2026-04-09T09:06:17.269+0000] {processor.py:830} INFO - Processing file /home/airflow/.local/lib/python3.8/site-packages/airflow/example_dags/example_python_operator.py for tasks to queue
[2026-04-09T09:06:17.271+0000] {logging_mixin.py:188} INFO - [2026-04-09T09:06:17.271+0000] {dagbag.py:538} INFO - Filling up the DagBag from /home/airflow/.local/lib/python3.8/site-packages/airflow/example_dags/example_python_operator.py
[2026-04-09T09:06:17.283+0000] {processor.py:840} INFO - DAG(s) 'example_python_operator' retrieved from /home/airflow/.local/lib/python3.8/site-packages/airflow/example_dags/example_python_operator.py
[2026-04-09T09:06:17.310+0000] {logging_mixin.py:188} INFO - [2026-04-09T09:06:17.310+0000] {dag.py:3033} INFO - Sync 1 DAGs
[2026-04-09T09:06:17.327+0000] {logging_mixin.py:188} INFO - [2026-04-09T09:06:17.326+0000] {dag.py:3820} INFO - Setting next_dagrun for example_python_operator to None, run_after=None
[2026-04-09T09:06:17.362+0000] {processor.py:183} INFO - Processing /home/airflow/.local/lib/python3.8/site-packages/airflow/example_dags/example_python_operator.py took 0.103 seconds
[2026-04-09T09:06:47.523+0000] {processor.py:161} INFO - Started process (PID=7497) to work on /home/airflow/.local/lib/python3.8/site-packages/airflow/example_dags/example_python_operator.py
[2026-04-09T09:06:47.524+0000] {processor.py:830} INFO - Processing file /home/airflow/.local/lib/python3.8/site-packages/airflow/example_dags/example_python_operator.py for tasks to queue
[2026-04-09T09:06:47.527+0000] {logging_mixin.py:188} INFO - [2026-04-09T09:06:47.526+0000] {dagbag.py:538} INFO - Filling up the DagBag from /home/airflow/.local/lib/python3.8/site-packages/airflow/example_dags/example_python_operator.py
[2026-04-09T09:06:47.548+0000] {processor.py:840} INFO - DAG(s) 'example_python_operator' retrieved from /home/airflow/.local/lib/python3.8/site-packages/airflow/example_dags/example_python_operator.py
[2026-04-09T09:06:47.571+0000] {logging_mixin.py:188} INFO - [2026-04-09T09:06:47.571+0000] {dag.py:3033} INFO - Sync 1 DAGs
[2026-04-09T09:06:47.585+0000] {logging_mixin.py:188} INFO - [2026-04-09T09:06:47.585+0000] {dag.py:3820} INFO - Setting next_dagrun for example_python_operator to None, run_after=None
[2026-04-09T09:06:47.603+0000] {processor.py:183} INFO - Processing /home/airflow/.local/lib/python3.8/site-packages/airflow/example_dags/example_python_operator.py took 0.084 seconds
[2026-04-09T09:07:18.219+0000] {processor.py:161} INFO - Started process (PID=7558) to work on /home/airflow/.local/lib/python3.8/site-packages/airflow/example_dags/example_python_operator.py
[2026-04-09T09:07:18.220+0000] {processor.py:830} INFO - Processing file /home/airflow/.local/lib/python3.8/site-packages/airflow/example_dags/example_python_operator.py for tasks to queue
[2026-04-09T09:07:18.222+0000] {logging_mixin.py:188} INFO - [2026-04-09T09:07:18.222+0000] {dagbag.py:538} INFO - Filling up the DagBag from /home/airflow/.local/lib/python3.8/site-packages/airflow/example_dags/example_python_operator.py
[2026-04-09T09:07:18.234+0000] {processor.py:840} INFO - DAG(s) 'example_python_operator' retrieved from /home/airflow/.local/lib/python3.8/site-packages/airflow/example_dags/example_python_operator.py
[2026-04-09T09:07:18.258+0000] {logging_mixin.py:188} INFO - [2026-04-09T09:07:18.258+0000] {dag.py:3033} INFO - Sync 1 DAGs
[2026-04-09T09:07:18.272+0000] {logging_mixin.py:188} INFO - [2026-04-09T09:07:18.272+0000] {dag.py:3820} INFO - Setting next_dagrun for example_python_operator to None, run_after=None
[2026-04-09T09:07:18.288+0000] {processor.py:183} INFO - Processing /home/airflow/.local/lib/python3.8/site-packages/airflow/example_dags/example_python_operator.py took 0.073 seconds
[2026-04-09T09:07:48.371+0000] {processor.py:161} INFO - Started process (PID=7619) to work on /home/airflow/.local/lib/python3.8/site-packages/airflow/example_dags/example_python_operator.py
[2026-04-09T09:07:48.372+0000] {processor.py:830} INFO - Processing file /home/airflow/.local/lib/python3.8/site-packages/airflow/example_dags/example_python_operator.py for tasks to queue
[2026-04-09T09:07:48.374+0000] {logging_mixin.py:188} INFO - [2026-04-09T09:07:48.374+0000] {dagbag.py:538} INFO - Filling up the DagBag from /home/airflow/.local/lib/python3.8/site-packages/airflow/example_dags/example_python_operator.py
[2026-04-09T09:07:48.387+0000] {processor.py:840} INFO - DAG(s) 'example_python_operator' retrieved from /home/airflow/.local/lib/python3.8/site-packages/airflow/example_dags/example_python_operator.py
[2026-04-09T09:07:48.411+0000] {logging_mixin.py:188} INFO - [2026-04-09T09:07:48.410+0000] {dag.py:3033} INFO - Sync 1 DAGs
[2026-04-09T09:07:48.425+0000] {logging_mixin.py:188} INFO - [2026-04-09T09:07:48.424+0000] {dag.py:3820} INFO - Setting next_dagrun for example_python_operator to None, run_after=None
[2026-04-09T09:07:48.442+0000] {processor.py:183} INFO - Processing /home/airflow/.local/lib/python3.8/site-packages/airflow/example_dags/example_python_operator.py took 0.074 seconds
[2026-04-09T09:08:18.900+0000] {processor.py:161} INFO - Started process (PID=7680) to work on /home/airflow/.local/lib/python3.8/site-packages/airflow/example_dags/example_python_operator.py
[2026-04-09T09:08:18.902+0000] {processor.py:830} INFO - Processing file /home/airflow/.local/lib/python3.8/site-packages/airflow/example_dags/example_python_operator.py for tasks to queue
[2026-04-09T09:08:18.905+0000] {logging_mixin.py:188} INFO - [2026-04-09T09:08:18.905+0000] {dagbag.py:538} INFO - Filling up the DagBag from /home/airflow/.local/lib/python3.8/site-packages/airflow/example_dags/example_python_operator.py
[2026-04-09T09:08:18.918+0000] {processor.py:840} INFO - DAG(s) 'example_python_operator' retrieved from /home/airflow/.local/lib/python3.8/site-packages/airflow/example_dags/example_python_operator.py
[2026-04-09T09:08:18.944+0000] {logging_mixin.py:188} INFO - [2026-04-09T09:08:18.943+0000] {dag.py:3033} INFO - Sync 1 DAGs
[2026-04-09T09:08:18.960+0000] {logging_mixin.py:188} INFO - [2026-04-09T09:08:18.960+0000] {dag.py:3820} INFO - Setting next_dagrun for example_python_operator to None, run_after=None
[2026-04-09T09:08:18.981+0000] {processor.py:183} INFO - Processing /home/airflow/.local/lib/python3.8/site-packages/airflow/example_dags/example_python_operator.py took 0.087 seconds
[2026-04-09T09:08:49.643+0000] {processor.py:161} INFO - Started process (PID=7740) to work on /home/airflow/.local/lib/python3.8/site-packages/airflow/example_dags/example_python_operator.py
[2026-04-09T09:08:49.643+0000] {processor.py:830} INFO - Processing file /home/airflow/.local/lib/python3.8/site-packages/airflow/example_dags/example_python_operator.py for tasks to queue
[2026-04-09T09:08:49.646+0000] {logging_mixin.py:188} INFO - [2026-04-09T09:08:49.645+0000] {dagbag.py:538} INFO - Filling up the DagBag from /home/airflow/.local/lib/python3.8/site-packages/airflow/example_dags/example_python_operator.py
[2026-04-09T09:08:49.658+0000] {processor.py:840} INFO - DAG(s) 'example_python_operator' retrieved from /home/airflow/.local/lib/python3.8/site-packages/airflow/example_dags/example_python_operator.py
[2026-04-09T09:08:49.680+0000] {logging_mixin.py:188} INFO - [2026-04-09T09:08:49.679+0000] {dag.py:3033} INFO - Sync 1 DAGs
[2026-04-09T09:08:49.694+0000] {logging_mixin.py:188} INFO - [2026-04-09T09:08:49.694+0000] {dag.py:3820} INFO - Setting next_dagrun for example_python_operator to None, run_after=None
[2026-04-09T09:08:49.712+0000] {processor.py:183} INFO - Processing /home/airflow/.local/lib/python3.8/site-packages/airflow/example_dags/example_python_operator.py took 0.073 seconds
[2026-04-09T09:09:19.981+0000] {processor.py:161} INFO - Started process (PID=7801) to work on /home/airflow/.local/lib/python3.8/site-packages/airflow/example_dags/example_python_operator.py
[2026-04-09T09:09:19.982+0000] {processor.py:830} INFO - Processing file /home/airflow/.local/lib/python3.8/site-packages/airflow/example_dags/example_python_operator.py for tasks to queue
[2026-04-09T09:09:19.985+0000] {logging_mixin.py:188} INFO - [2026-04-09T09:09:19.984+0000] {dagbag.py:538} INFO - Filling up the DagBag from /home/airflow/.local/lib/python3.8/site-packages/airflow/example_dags/example_python_operator.py
[2026-04-09T09:09:19.997+0000] {processor.py:840} INFO - DAG(s) 'example_python_operator' retrieved from /home/airflow/.local/lib/python3.8/site-packages/airflow/example_dags/example_python_operator.py
[2026-04-09T09:09:20.021+0000] {logging_mixin.py:188} INFO - [2026-04-09T09:09:20.021+0000] {dag.py:3033} INFO - Sync 1 DAGs
[2026-04-09T09:09:20.037+0000] {logging_mixin.py:188} INFO - [2026-04-09T09:09:20.036+0000] {dag.py:3820} INFO - Setting next_dagrun for example_python_operator to None, run_after=None
[2026-04-09T09:09:20.067+0000] {processor.py:183} INFO - Processing /home/airflow/.local/lib/python3.8/site-packages/airflow/example_dags/example_python_operator.py took 0.090 seconds
[2026-04-09T09:09:50.396+0000] {processor.py:161} INFO - Started process (PID=7862) to work on /home/airflow/.local/lib/python3.8/site-packages/airflow/example_dags/example_python_operator.py
[2026-04-09T09:09:50.397+0000] {processor.py:830} INFO - Processing file /home/airflow/.local/lib/python3.8/site-packages/airflow/example_dags/example_python_operator.py for tasks to queue
[2026-04-09T09:09:50.399+0000] {logging_mixin.py:188} INFO - [2026-04-09T09:09:50.398+0000] {dagbag.py:538} INFO - Filling up the DagBag from /home/airflow/.local/lib/python3.8/site-packages/airflow/example_dags/example_python_operator.py
[2026-04-09T09:09:50.410+0000] {processor.py:840} INFO - DAG(s) 'example_python_operator' retrieved from /home/airflow/.local/lib/python3.8/site-packages/airflow/example_dags/example_python_operator.py
[2026-04-09T09:09:50.434+0000] {logging_mixin.py:188} INFO - [2026-04-09T09:09:50.434+0000] {dag.py:3033} INFO - Sync 1 DAGs
[2026-04-09T09:09:50.448+0000] {logging_mixin.py:188} INFO - [2026-04-09T09:09:50.447+0000] {dag.py:3820} INFO - Setting next_dagrun for example_python_operator to None, run_after=None
[2026-04-09T09:09:50.465+0000] {processor.py:183} INFO - Processing /home/airflow/.local/lib/python3.8/site-packages/airflow/example_dags/example_python_operator.py took 0.072 seconds
[2026-04-09T09:10:21.267+0000] {processor.py:161} INFO - Started process (PID=7923) to work on /home/airflow/.local/lib/python3.8/site-packages/airflow/example_dags/example_python_operator.py
[2026-04-09T09:10:21.270+0000] {processor.py:830} INFO - Processing file /home/airflow/.local/lib/python3.8/site-packages/airflow/example_dags/example_python_operator.py for tasks to queue
[2026-04-09T09:10:21.275+0000] {logging_mixin.py:188} INFO - [2026-04-09T09:10:21.275+0000] {dagbag.py:538} INFO - Filling up the DagBag from /home/airflow/.local/lib/python3.8/site-packages/airflow/example_dags/example_python_operator.py
[2026-04-09T09:10:21.297+0000] {processor.py:840} INFO - DAG(s) 'example_python_operator' retrieved from /home/airflow/.local/lib/python3.8/site-packages/airflow/example_dags/example_python_operator.py
[2026-04-09T09:10:21.346+0000] {logging_mixin.py:188} INFO - [2026-04-09T09:10:21.346+0000] {dag.py:3033} INFO - Sync 1 DAGs
[2026-04-09T09:10:21.375+0000] {logging_mixin.py:188} INFO - [2026-04-09T09:10:21.370+0000] {dag.py:3820} INFO - Setting next_dagrun for example_python_operator to None, run_after=None
[2026-04-09T09:10:21.459+0000] {processor.py:183} INFO - Processing /home/airflow/.local/lib/python3.8/site-packages/airflow/example_dags/example_python_operator.py took 0.200 seconds
[2026-04-09T09:10:51.925+0000] {processor.py:161} INFO - Started process (PID=7984) to work on /home/airflow/.local/lib/python3.8/site-packages/airflow/example_dags/example_python_operator.py
[2026-04-09T09:10:51.926+0000] {processor.py:830} INFO - Processing file /home/airflow/.local/lib/python3.8/site-packages/airflow/example_dags/example_python_operator.py for tasks to queue
[2026-04-09T09:10:51.929+0000] {logging_mixin.py:188} INFO - [2026-04-09T09:10:51.928+0000] {dagbag.py:538} INFO - Filling up the DagBag from /home/airflow/.local/lib/python3.8/site-packages/airflow/example_dags/example_python_operator.py
[2026-04-09T09:10:51.941+0000] {processor.py:840} INFO - DAG(s) 'example_python_operator' retrieved from /home/airflow/.local/lib/python3.8/site-packages/airflow/example_dags/example_python_operator.py
[2026-04-09T09:10:51.963+0000] {logging_mixin.py:188} INFO - [2026-04-09T09:10:51.963+0000] {dag.py:3033} INFO - Sync 1 DAGs
[2026-04-09T09:10:51.976+0000] {logging_mixin.py:188} INFO - [2026-04-09T09:10:51.976+0000] {dag.py:3820} INFO - Setting next_dagrun for example_python_operator to None, run_after=None
[2026-04-09T09:10:51.993+0000] {processor.py:183} INFO - Processing /home/airflow/.local/lib/python3.8/site-packages/airflow/example_dags/example_python_operator.py took 0.072 seconds
[2026-04-09T09:11:22.198+0000] {processor.py:161} INFO - Started process (PID=8045) to work on /home/airflow/.local/lib/python3.8/site-packages/airflow/example_dags/example_python_operator.py
[2026-04-09T09:11:22.198+0000] {processor.py:830} INFO - Processing file /home/airflow/.local/lib/python3.8/site-packages/airflow/example_dags/example_python_operator.py for tasks to queue
[2026-04-09T09:11:22.201+0000] {logging_mixin.py:188} INFO - [2026-04-09T09:11:22.200+0000] {dagbag.py:538} INFO - Filling up the DagBag from /home/airflow/.local/lib/python3.8/site-packages/airflow/example_dags/example_python_operator.py
[2026-04-09T09:11:22.221+0000] {processor.py:840} INFO - DAG(s) 'example_python_operator' retrieved from /home/airflow/.local/lib/python3.8/site-packages/airflow/example_dags/example_python_operator.py
[2026-04-09T09:11:22.267+0000] {logging_mixin.py:188} INFO - [2026-04-09T09:11:22.267+0000] {dag.py:3033} INFO - Sync 1 DAGs
[2026-04-09T09:11:22.281+0000] {logging_mixin.py:188} INFO - [2026-04-09T09:11:22.281+0000] {dag.py:3820} INFO - Setting next_dagrun for example_python_operator to None, run_after=None
[2026-04-09T09:11:22.316+0000] {processor.py:183} INFO - Processing /home/airflow/.local/lib/python3.8/site-packages/airflow/example_dags/example_python_operator.py took 0.121 seconds
[2026-04-09T09:11:52.514+0000] {processor.py:161} INFO - Started process (PID=8106) to work on /home/airflow/.local/lib/python3.8/site-packages/airflow/example_dags/example_python_operator.py
[2026-04-09T09:11:52.514+0000] {processor.py:830} INFO - Processing file /home/airflow/.local/lib/python3.8/site-packages/airflow/example_dags/example_python_operator.py for tasks to queue
[2026-04-09T09:11:52.517+0000] {logging_mixin.py:188} INFO - [2026-04-09T09:11:52.516+0000] {dagbag.py:538} INFO - Filling up the DagBag from /home/airflow/.local/lib/python3.8/site-packages/airflow/example_dags/example_python_operator.py
[2026-04-09T09:11:52.528+0000] {processor.py:840} INFO - DAG(s) 'example_python_operator' retrieved from /home/airflow/.local/lib/python3.8/site-packages/airflow/example_dags/example_python_operator.py
[2026-04-09T09:11:52.553+0000] {logging_mixin.py:188} INFO - [2026-04-09T09:11:52.553+0000] {dag.py:3033} INFO - Sync 1 DAGs
[2026-04-09T09:11:52.567+0000] {logging_mixin.py:188} INFO - [2026-04-09T09:11:52.567+0000] {dag.py:3820} INFO - Setting next_dagrun for example_python_operator to None, run_after=None
[2026-04-09T09:11:52.584+0000] {processor.py:183} INFO - Processing /home/airflow/.local/lib/python3.8/site-packages/airflow/example_dags/example_python_operator.py took 0.073 seconds
[2026-04-09T09:12:22.710+0000] {processor.py:161} INFO - Started process (PID=8167) to work on /home/airflow/.local/lib/python3.8/site-packages/airflow/example_dags/example_python_operator.py
[2026-04-09T09:12:22.711+0000] {processor.py:830} INFO - Processing file /home/airflow/.local/lib/python3.8/site-packages/airflow/example_dags/example_python_operator.py for tasks to queue
[2026-04-09T09:12:22.713+0000] {logging_mixin.py:188} INFO - [2026-04-09T09:12:22.713+0000] {dagbag.py:538} INFO - Filling up the DagBag from /home/airflow/.local/lib/python3.8/site-packages/airflow/example_dags/example_python_operator.py
[2026-04-09T09:12:22.725+0000] {processor.py:840} INFO - DAG(s) 'example_python_operator' retrieved from /home/airflow/.local/lib/python3.8/site-packages/airflow/example_dags/example_python_operator.py
[2026-04-09T09:12:22.761+0000] {logging_mixin.py:188} INFO - [2026-04-09T09:12:22.761+0000] {dag.py:3033} INFO - Sync 1 DAGs
[2026-04-09T09:12:22.777+0000] {logging_mixin.py:188} INFO - [2026-04-09T09:12:22.777+0000] {dag.py:3820} INFO - Setting next_dagrun for example_python_operator to None, run_after=None
[2026-04-09T09:12:22.794+0000] {processor.py:183} INFO - Processing /home/airflow/.local/lib/python3.8/site-packages/airflow/example_dags/example_python_operator.py took 0.087 seconds
[2026-04-09T09:12:53.139+0000] {processor.py:161} INFO - Started process (PID=8228) to work on /home/airflow/.local/lib/python3.8/site-packages/airflow/example_dags/example_python_operator.py
[2026-04-09T09:12:53.140+0000] {processor.py:830} INFO - Processing file /home/airflow/.local/lib/python3.8/site-packages/airflow/example_dags/example_python_operator.py for tasks to queue
[2026-04-09T09:12:53.142+0000] {logging_mixin.py:188} INFO - [2026-04-09T09:12:53.142+0000] {dagbag.py:538} INFO - Filling up the DagBag from /home/airflow/.local/lib/python3.8/site-packages/airflow/example_dags/example_python_operator.py
[2026-04-09T09:12:53.153+0000] {processor.py:840} INFO - DAG(s) 'example_python_operator' retrieved from /home/airflow/.local/lib/python3.8/site-packages/airflow/example_dags/example_python_operator.py
[2026-04-09T09:12:53.176+0000] {logging_mixin.py:188} INFO - [2026-04-09T09:12:53.176+0000] {dag.py:3033} INFO - Sync 1 DAGs
[2026-04-09T09:12:53.190+0000] {logging_mixin.py:188} INFO - [2026-04-09T09:12:53.190+0000] {dag.py:3820} INFO - Setting next_dagrun for example_python_operator to None, run_after=None
[2026-04-09T09:12:53.208+0000] {processor.py:183} INFO - Processing /home/airflow/.local/lib/python3.8/site-packages/airflow/example_dags/example_python_operator.py took 0.072 seconds
[2026-04-09T09:13:24.084+0000] {processor.py:161} INFO - Started process (PID=8286) to work on /home/airflow/.local/lib/python3.8/site-packages/airflow/example_dags/example_python_operator.py
[2026-04-09T09:13:24.085+0000] {processor.py:830} INFO - Processing file /home/airflow/.local/lib/python3.8/site-packages/airflow/example_dags/example_python_operator.py for tasks to queue
[2026-04-09T09:13:24.087+0000] {logging_mixin.py:188} INFO - [2026-04-09T09:13:24.087+0000] {dagbag.py:538} INFO - Filling up the DagBag from /home/airflow/.local/lib/python3.8/site-packages/airflow/example_dags/example_python_operator.py
[2026-04-09T09:13:24.100+0000] {processor.py:840} INFO - DAG(s) 'example_python_operator' retrieved from /home/airflow/.local/lib/python3.8/site-packages/airflow/example_dags/example_python_operator.py
[2026-04-09T09:13:24.125+0000] {logging_mixin.py:188} INFO - [2026-04-09T09:13:24.125+0000] {dag.py:3033} INFO - Sync 1 DAGs
[2026-04-09T09:13:24.138+0000] {logging_mixin.py:188} INFO - [2026-04-09T09:13:24.138+0000] {dag.py:3820} INFO - Setting next_dagrun for example_python_operator to None, run_after=None
[2026-04-09T09:13:24.156+0000] {processor.py:183} INFO - Processing /home/airflow/.local/lib/python3.8/site-packages/airflow/example_dags/example_python_operator.py took 0.076 seconds
[2026-04-09T09:13:54.846+0000] {processor.py:161} INFO - Started process (PID=8347) to work on /home/airflow/.local/lib/python3.8/site-packages/airflow/example_dags/example_python_operator.py
[2026-04-09T09:13:54.847+0000] {processor.py:830} INFO - Processing file /home/airflow/.local/lib/python3.8/site-packages/airflow/example_dags/example_python_operator.py for tasks to queue
[2026-04-09T09:13:54.849+0000] {logging_mixin.py:188} INFO - [2026-04-09T09:13:54.849+0000] {dagbag.py:538} INFO - Filling up the DagBag from /home/airflow/.local/lib/python3.8/site-packages/airflow/example_dags/example_python_operator.py
[2026-04-09T09:13:54.861+0000] {processor.py:840} INFO - DAG(s) 'example_python_operator' retrieved from /home/airflow/.local/lib/python3.8/site-packages/airflow/example_dags/example_python_operator.py
[2026-04-09T09:13:54.885+0000] {logging_mixin.py:188} INFO - [2026-04-09T09:13:54.885+0000] {dag.py:3033} INFO - Sync 1 DAGs
[2026-04-09T09:13:54.898+0000] {logging_mixin.py:188} INFO - [2026-04-09T09:13:54.898+0000] {dag.py:3820} INFO - Setting next_dagrun for example_python_operator to None, run_after=None
[2026-04-09T09:13:54.916+0000] {processor.py:183} INFO - Processing /home/airflow/.local/lib/python3.8/site-packages/airflow/example_dags/example_python_operator.py took 0.073 seconds
[2026-04-09T09:14:25.171+0000] {processor.py:161} INFO - Started process (PID=8408) to work on /home/airflow/.local/lib/python3.8/site-packages/airflow/example_dags/example_python_operator.py
[2026-04-09T09:14:25.172+0000] {processor.py:830} INFO - Processing file /home/airflow/.local/lib/python3.8/site-packages/airflow/example_dags/example_python_operator.py for tasks to queue
[2026-04-09T09:14:25.174+0000] {logging_mixin.py:188} INFO - [2026-04-09T09:14:25.174+0000] {dagbag.py:538} INFO - Filling up the DagBag from /home/airflow/.local/lib/python3.8/site-packages/airflow/example_dags/example_python_operator.py
[2026-04-09T09:14:25.186+0000] {processor.py:840} INFO - DAG(s) 'example_python_operator' retrieved from /home/airflow/.local/lib/python3.8/site-packages/airflow/example_dags/example_python_operator.py
[2026-04-09T09:14:25.210+0000] {logging_mixin.py:188} INFO - [2026-04-09T09:14:25.210+0000] {dag.py:3033} INFO - Sync 1 DAGs
[2026-04-09T09:14:25.224+0000] {logging_mixin.py:188} INFO - [2026-04-09T09:14:25.223+0000] {dag.py:3820} INFO - Setting next_dagrun for example_python_operator to None, run_after=None
[2026-04-09T09:14:25.244+0000] {processor.py:183} INFO - Processing /home/airflow/.local/lib/python3.8/site-packages/airflow/example_dags/example_python_operator.py took 0.076 seconds
[2026-04-09T09:14:56.303+0000] {processor.py:161} INFO - Started process (PID=8469) to work on /home/airflow/.local/lib/python3.8/site-packages/airflow/example_dags/example_python_operator.py
[2026-04-09T09:14:56.304+0000] {processor.py:830} INFO - Processing file /home/airflow/.local/lib/python3.8/site-packages/airflow/example_dags/example_python_operator.py for tasks to queue
[2026-04-09T09:14:56.307+0000] {logging_mixin.py:188} INFO - [2026-04-09T09:14:56.306+0000] {dagbag.py:538} INFO - Filling up the DagBag from /home/airflow/.local/lib/python3.8/site-packages/airflow/example_dags/example_python_operator.py
[2026-04-09T09:14:56.318+0000] {processor.py:840} INFO - DAG(s) 'example_python_operator' retrieved from /home/airflow/.local/lib/python3.8/site-packages/airflow/example_dags/example_python_operator.py
[2026-04-09T09:14:56.342+0000] {logging_mixin.py:188} INFO - [2026-04-09T09:14:56.342+0000] {dag.py:3033} INFO - Sync 1 DAGs
[2026-04-09T09:14:56.356+0000] {logging_mixin.py:188} INFO - [2026-04-09T09:14:56.356+0000] {dag.py:3820} INFO - Setting next_dagrun for example_python_operator to None, run_after=None
[2026-04-09T09:14:56.374+0000] {processor.py:183} INFO - Processing /home/airflow/.local/lib/python3.8/site-packages/airflow/example_dags/example_python_operator.py took 0.074 seconds
[2026-04-09T09:15:26.915+0000] {processor.py:161} INFO - Started process (PID=8530) to work on /home/airflow/.local/lib/python3.8/site-packages/airflow/example_dags/example_python_operator.py
[2026-04-09T09:15:26.916+0000] {processor.py:830} INFO - Processing file /home/airflow/.local/lib/python3.8/site-packages/airflow/example_dags/example_python_operator.py for tasks to queue
[2026-04-09T09:15:26.918+0000] {logging_mixin.py:188} INFO - [2026-04-09T09:15:26.918+0000] {dagbag.py:538} INFO - Filling up the DagBag from /home/airflow/.local/lib/python3.8/site-packages/airflow/example_dags/example_python_operator.py
[2026-04-09T09:15:26.930+0000] {processor.py:840} INFO - DAG(s) 'example_python_operator' retrieved from /home/airflow/.local/lib/python3.8/site-packages/airflow/example_dags/example_python_operator.py
[2026-04-09T09:15:26.953+0000] {logging_mixin.py:188} INFO - [2026-04-09T09:15:26.952+0000] {dag.py:3033} INFO - Sync 1 DAGs
[2026-04-09T09:15:26.966+0000] {logging_mixin.py:188} INFO - [2026-04-09T09:15:26.966+0000] {dag.py:3820} INFO - Setting next_dagrun for example_python_operator to None, run_after=None
[2026-04-09T09:15:26.984+0000] {processor.py:183} INFO - Processing /home/airflow/.local/lib/python3.8/site-packages/airflow/example_dags/example_python_operator.py took 0.073 seconds
[2026-04-09T09:15:57.671+0000] {processor.py:161} INFO - Started process (PID=8591) to work on /home/airflow/.local/lib/python3.8/site-packages/airflow/example_dags/example_python_operator.py
[2026-04-09T09:15:57.672+0000] {processor.py:830} INFO - Processing file /home/airflow/.local/lib/python3.8/site-packages/airflow/example_dags/example_python_operator.py for tasks to queue
[2026-04-09T09:15:57.674+0000] {logging_mixin.py:188} INFO - [2026-04-09T09:15:57.674+0000] {dagbag.py:538} INFO - Filling up the DagBag from /home/airflow/.local/lib/python3.8/site-packages/airflow/example_dags/example_python_operator.py
[2026-04-09T09:15:57.694+0000] {processor.py:840} INFO - DAG(s) 'example_python_operator' retrieved from /home/airflow/.local/lib/python3.8/site-packages/airflow/example_dags/example_python_operator.py
[2026-04-09T09:15:57.729+0000] {logging_mixin.py:188} INFO - [2026-04-09T09:15:57.729+0000] {dag.py:3033} INFO - Sync 1 DAGs
[2026-04-09T09:15:57.743+0000] {logging_mixin.py:188} INFO - [2026-04-09T09:15:57.743+0000] {dag.py:3820} INFO - Setting next_dagrun for example_python_operator to None, run_after=None
[2026-04-09T09:15:57.763+0000] {processor.py:183} INFO - Processing /home/airflow/.local/lib/python3.8/site-packages/airflow/example_dags/example_python_operator.py took 0.095 seconds
[2026-04-09T09:16:29.137+0000] {processor.py:161} INFO - Started process (PID=8652) to work on /home/airflow/.local/lib/python3.8/site-packages/airflow/example_dags/example_python_operator.py
[2026-04-09T09:16:29.140+0000] {processor.py:830} INFO - Processing file /home/airflow/.local/lib/python3.8/site-packages/airflow/example_dags/example_python_operator.py for tasks to queue
[2026-04-09T09:16:29.144+0000] {logging_mixin.py:188} INFO - [2026-04-09T09:16:29.144+0000] {dagbag.py:538} INFO - Filling up the DagBag from /home/airflow/.local/lib/python3.8/site-packages/airflow/example_dags/example_python_operator.py
[2026-04-09T09:16:29.179+0000] {processor.py:840} INFO - DAG(s) 'example_python_operator' retrieved from /home/airflow/.local/lib/python3.8/site-packages/airflow/example_dags/example_python_operator.py
[2026-04-09T09:16:29.227+0000] {logging_mixin.py:188} INFO - [2026-04-09T09:16:29.227+0000] {dag.py:3033} INFO - Sync 1 DAGs
[2026-04-09T09:16:29.255+0000] {logging_mixin.py:188} INFO - [2026-04-09T09:16:29.254+0000] {dag.py:3820} INFO - Setting next_dagrun for example_python_operator to None, run_after=None
[2026-04-09T09:16:29.292+0000] {processor.py:183} INFO - Processing /home/airflow/.local/lib/python3.8/site-packages/airflow/example_dags/example_python_operator.py took 0.168 seconds
[2026-04-09T09:16:59.417+0000] {processor.py:161} INFO - Started process (PID=8713) to work on /home/airflow/.local/lib/python3.8/site-packages/airflow/example_dags/example_python_operator.py
[2026-04-09T09:16:59.418+0000] {processor.py:830} INFO - Processing file /home/airflow/.local/lib/python3.8/site-packages/airflow/example_dags/example_python_operator.py for tasks to queue
[2026-04-09T09:16:59.420+0000] {logging_mixin.py:188} INFO - [2026-04-09T09:16:59.420+0000] {dagbag.py:538} INFO - Filling up the DagBag from /home/airflow/.local/lib/python3.8/site-packages/airflow/example_dags/example_python_operator.py
[2026-04-09T09:16:59.432+0000] {processor.py:840} INFO - DAG(s) 'example_python_operator' retrieved from /home/airflow/.local/lib/python3.8/site-packages/airflow/example_dags/example_python_operator.py
[2026-04-09T09:16:59.449+0000] {logging_mixin.py:188} INFO - [2026-04-09T09:16:59.449+0000] {dag.py:3033} INFO - Sync 1 DAGs
[2026-04-09T09:16:59.462+0000] {logging_mixin.py:188} INFO - [2026-04-09T09:16:59.462+0000] {dag.py:3820} INFO - Setting next_dagrun for example_python_operator to None, run_after=None
[2026-04-09T09:16:59.480+0000] {processor.py:183} INFO - Processing /home/airflow/.local/lib/python3.8/site-packages/airflow/example_dags/example_python_operator.py took 0.067 seconds
[2026-04-09T09:17:29.555+0000] {processor.py:161} INFO - Started process (PID=8774) to work on /home/airflow/.local/lib/python3.8/site-packages/airflow/example_dags/example_python_operator.py
[2026-04-09T09:17:29.556+0000] {processor.py:830} INFO - Processing file /home/airflow/.local/lib/python3.8/site-packages/airflow/example_dags/example_python_operator.py for tasks to queue
[2026-04-09T09:17:29.558+0000] {logging_mixin.py:188} INFO - [2026-04-09T09:17:29.558+0000] {dagbag.py:538} INFO - Filling up the DagBag from /home/airflow/.local/lib/python3.8/site-packages/airflow/example_dags/example_python_operator.py
[2026-04-09T09:17:29.570+0000] {processor.py:840} INFO - DAG(s) 'example_python_operator' retrieved from /home/airflow/.local/lib/python3.8/site-packages/airflow/example_dags/example_python_operator.py
[2026-04-09T09:17:29.597+0000] {logging_mixin.py:188} INFO - [2026-04-09T09:17:29.596+0000] {dag.py:3033} INFO - Sync 1 DAGs
[2026-04-09T09:17:29.612+0000] {logging_mixin.py:188} INFO - [2026-04-09T09:17:29.612+0000] {dag.py:3820} INFO - Setting next_dagrun for example_python_operator to None, run_after=None
[2026-04-09T09:17:29.630+0000] {processor.py:183} INFO - Processing /home/airflow/.local/lib/python3.8/site-packages/airflow/example_dags/example_python_operator.py took 0.078 seconds
[2026-04-09T09:18:00.086+0000] {processor.py:161} INFO - Started process (PID=8835) to work on /home/airflow/.local/lib/python3.8/site-packages/airflow/example_dags/example_python_operator.py
[2026-04-09T09:18:00.087+0000] {processor.py:830} INFO - Processing file /home/airflow/.local/lib/python3.8/site-packages/airflow/example_dags/example_python_operator.py for tasks to queue
[2026-04-09T09:18:00.089+0000] {logging_mixin.py:188} INFO - [2026-04-09T09:18:00.089+0000] {dagbag.py:538} INFO - Filling up the DagBag from /home/airflow/.local/lib/python3.8/site-packages/airflow/example_dags/example_python_operator.py
[2026-04-09T09:18:00.101+0000] {processor.py:840} INFO - DAG(s) 'example_python_operator' retrieved from /home/airflow/.local/lib/python3.8/site-packages/airflow/example_dags/example_python_operator.py
[2026-04-09T09:18:00.126+0000] {logging_mixin.py:188} INFO - [2026-04-09T09:18:00.126+0000] {dag.py:3033} INFO - Sync 1 DAGs
[2026-04-09T09:18:00.141+0000] {logging_mixin.py:188} INFO - [2026-04-09T09:18:00.141+0000] {dag.py:3820} INFO - Setting next_dagrun for example_python_operator to None, run_after=None
[2026-04-09T09:18:00.159+0000] {processor.py:183} INFO - Processing /home/airflow/.local/lib/python3.8/site-packages/airflow/example_dags/example_python_operator.py took 0.077 seconds
[2026-04-09T09:18:30.616+0000] {processor.py:161} INFO - Started process (PID=8896) to work on /home/airflow/.local/lib/python3.8/site-packages/airflow/example_dags/example_python_operator.py
[2026-04-09T09:18:30.616+0000] {processor.py:830} INFO - Processing file /home/airflow/.local/lib/python3.8/site-packages/airflow/example_dags/example_python_operator.py for tasks to queue
[2026-04-09T09:18:30.618+0000] {logging_mixin.py:188} INFO - [2026-04-09T09:18:30.618+0000] {dagbag.py:538} INFO - Filling up the DagBag from /home/airflow/.local/lib/python3.8/site-packages/airflow/example_dags/example_python_operator.py
[2026-04-09T09:18:30.630+0000] {processor.py:840} INFO - DAG(s) 'example_python_operator' retrieved from /home/airflow/.local/lib/python3.8/site-packages/airflow/example_dags/example_python_operator.py
[2026-04-09T09:18:30.653+0000] {logging_mixin.py:188} INFO - [2026-04-09T09:18:30.653+0000] {dag.py:3033} INFO - Sync 1 DAGs
[2026-04-09T09:18:30.670+0000] {logging_mixin.py:188} INFO - [2026-04-09T09:18:30.670+0000] {dag.py:3820} INFO - Setting next_dagrun for example_python_operator to None, run_after=None
[2026-04-09T09:18:30.688+0000] {processor.py:183} INFO - Processing /home/airflow/.local/lib/python3.8/site-packages/airflow/example_dags/example_python_operator.py took 0.076 seconds
[2026-04-09T09:19:02.046+0000] {processor.py:161} INFO - Started process (PID=8957) to work on /home/airflow/.local/lib/python3.8/site-packages/airflow/example_dags/example_python_operator.py
[2026-04-09T09:19:02.047+0000] {processor.py:830} INFO - Processing file /home/airflow/.local/lib/python3.8/site-packages/airflow/example_dags/example_python_operator.py for tasks to queue
[2026-04-09T09:19:02.050+0000] {logging_mixin.py:188} INFO - [2026-04-09T09:19:02.049+0000] {dagbag.py:538} INFO - Filling up the DagBag from /home/airflow/.local/lib/python3.8/site-packages/airflow/example_dags/example_python_operator.py
[2026-04-09T09:19:02.071+0000] {processor.py:840} INFO - DAG(s) 'example_python_operator' retrieved from /home/airflow/.local/lib/python3.8/site-packages/airflow/example_dags/example_python_operator.py
[2026-04-09T09:19:02.170+0000] {logging_mixin.py:188} INFO - [2026-04-09T09:19:02.169+0000] {dag.py:3033} INFO - Sync 1 DAGs
[2026-04-09T09:19:02.235+0000] {logging_mixin.py:188} INFO - [2026-04-09T09:19:02.234+0000] {dag.py:3820} INFO - Setting next_dagrun for example_python_operator to None, run_after=None
[2026-04-09T09:19:02.356+0000] {processor.py:183} INFO - Processing /home/airflow/.local/lib/python3.8/site-packages/airflow/example_dags/example_python_operator.py took 0.313 seconds
[2026-04-09T09:19:32.809+0000] {processor.py:161} INFO - Started process (PID=9018) to work on /home/airflow/.local/lib/python3.8/site-packages/airflow/example_dags/example_python_operator.py
[2026-04-09T09:19:32.809+0000] {processor.py:830} INFO - Processing file /home/airflow/.local/lib/python3.8/site-packages/airflow/example_dags/example_python_operator.py for tasks to queue
[2026-04-09T09:19:32.811+0000] {logging_mixin.py:188} INFO - [2026-04-09T09:19:32.811+0000] {dagbag.py:538} INFO - Filling up the DagBag from /home/airflow/.local/lib/python3.8/site-packages/airflow/example_dags/example_python_operator.py
[2026-04-09T09:19:32.821+0000] {processor.py:840} INFO - DAG(s) 'example_python_operator' retrieved from /home/airflow/.local/lib/python3.8/site-packages/airflow/example_dags/example_python_operator.py
[2026-04-09T09:19:32.837+0000] {logging_mixin.py:188} INFO - [2026-04-09T09:19:32.837+0000] {dag.py:3033} INFO - Sync 1 DAGs
[2026-04-09T09:19:32.846+0000] {logging_mixin.py:188} INFO - [2026-04-09T09:19:32.846+0000] {dag.py:3820} INFO - Setting next_dagrun for example_python_operator to None, run_after=None
[2026-04-09T09:19:32.859+0000] {processor.py:183} INFO - Processing /home/airflow/.local/lib/python3.8/site-packages/airflow/example_dags/example_python_operator.py took 0.053 seconds
[2026-04-09T09:20:03.381+0000] {processor.py:161} INFO - Started process (PID=9079) to work on /home/airflow/.local/lib/python3.8/site-packages/airflow/example_dags/example_python_operator.py
[2026-04-09T09:20:03.382+0000] {processor.py:830} INFO - Processing file /home/airflow/.local/lib/python3.8/site-packages/airflow/example_dags/example_python_operator.py for tasks to queue
[2026-04-09T09:20:03.383+0000] {logging_mixin.py:188} INFO - [2026-04-09T09:20:03.383+0000] {dagbag.py:538} INFO - Filling up the DagBag from /home/airflow/.local/lib/python3.8/site-packages/airflow/example_dags/example_python_operator.py
[2026-04-09T09:20:03.392+0000] {processor.py:840} INFO - DAG(s) 'example_python_operator' retrieved from /home/airflow/.local/lib/python3.8/site-packages/airflow/example_dags/example_python_operator.py
[2026-04-09T09:20:03.408+0000] {logging_mixin.py:188} INFO - [2026-04-09T09:20:03.408+0000] {dag.py:3033} INFO - Sync 1 DAGs
[2026-04-09T09:20:03.417+0000] {logging_mixin.py:188} INFO - [2026-04-09T09:20:03.417+0000] {dag.py:3820} INFO - Setting next_dagrun for example_python_operator to None, run_after=None
[2026-04-09T09:20:03.432+0000] {processor.py:183} INFO - Processing /home/airflow/.local/lib/python3.8/site-packages/airflow/example_dags/example_python_operator.py took 0.053 seconds
[2026-04-09T09:20:33.804+0000] {processor.py:161} INFO - Started process (PID=9140) to work on /home/airflow/.local/lib/python3.8/site-packages/airflow/example_dags/example_python_operator.py
[2026-04-09T09:20:33.804+0000] {processor.py:830} INFO - Processing file /home/airflow/.local/lib/python3.8/site-packages/airflow/example_dags/example_python_operator.py for tasks to queue
[2026-04-09T09:20:33.807+0000] {logging_mixin.py:188} INFO - [2026-04-09T09:20:33.806+0000] {dagbag.py:538} INFO - Filling up the DagBag from /home/airflow/.local/lib/python3.8/site-packages/airflow/example_dags/example_python_operator.py
[2026-04-09T09:20:33.819+0000] {processor.py:840} INFO - DAG(s) 'example_python_operator' retrieved from /home/airflow/.local/lib/python3.8/site-packages/airflow/example_dags/example_python_operator.py
[2026-04-09T09:20:33.842+0000] {logging_mixin.py:188} INFO - [2026-04-09T09:20:33.842+0000] {dag.py:3033} INFO - Sync 1 DAGs
[2026-04-09T09:20:33.856+0000] {logging_mixin.py:188} INFO - [2026-04-09T09:20:33.856+0000] {dag.py:3820} INFO - Setting next_dagrun for example_python_operator to None, run_after=None
[2026-04-09T09:20:33.874+0000] {processor.py:183} INFO - Processing /home/airflow/.local/lib/python3.8/site-packages/airflow/example_dags/example_python_operator.py took 0.074 seconds
[2026-04-09T09:21:04.063+0000] {processor.py:161} INFO - Started process (PID=9201) to work on /home/airflow/.local/lib/python3.8/site-packages/airflow/example_dags/example_python_operator.py
[2026-04-09T09:21:04.064+0000] {processor.py:830} INFO - Processing file /home/airflow/.local/lib/python3.8/site-packages/airflow/example_dags/example_python_operator.py for tasks to queue
[2026-04-09T09:21:04.067+0000] {logging_mixin.py:188} INFO - [2026-04-09T09:21:04.066+0000] {dagbag.py:538} INFO - Filling up the DagBag from /home/airflow/.local/lib/python3.8/site-packages/airflow/example_dags/example_python_operator.py
[2026-04-09T09:21:04.078+0000] {processor.py:840} INFO - DAG(s) 'example_python_operator' retrieved from /home/airflow/.local/lib/python3.8/site-packages/airflow/example_dags/example_python_operator.py
[2026-04-09T09:21:04.101+0000] {logging_mixin.py:188} INFO - [2026-04-09T09:21:04.101+0000] {dag.py:3033} INFO - Sync 1 DAGs
[2026-04-09T09:21:04.115+0000] {logging_mixin.py:188} INFO - [2026-04-09T09:21:04.115+0000] {dag.py:3820} INFO - Setting next_dagrun for example_python_operator to None, run_after=None
[2026-04-09T09:21:04.133+0000] {processor.py:183} INFO - Processing /home/airflow/.local/lib/python3.8/site-packages/airflow/example_dags/example_python_operator.py took 0.073 seconds
[2026-04-09T09:21:34.968+0000] {processor.py:161} INFO - Started process (PID=9262) to work on /home/airflow/.local/lib/python3.8/site-packages/airflow/example_dags/example_python_operator.py
[2026-04-09T09:21:34.969+0000] {processor.py:830} INFO - Processing file /home/airflow/.local/lib/python3.8/site-packages/airflow/example_dags/example_python_operator.py for tasks to queue
[2026-04-09T09:21:34.972+0000] {logging_mixin.py:188} INFO - [2026-04-09T09:21:34.971+0000] {dagbag.py:538} INFO - Filling up the DagBag from /home/airflow/.local/lib/python3.8/site-packages/airflow/example_dags/example_python_operator.py
[2026-04-09T09:21:34.984+0000] {processor.py:840} INFO - DAG(s) 'example_python_operator' retrieved from /home/airflow/.local/lib/python3.8/site-packages/airflow/example_dags/example_python_operator.py
[2026-04-09T09:21:35.010+0000] {logging_mixin.py:188} INFO - [2026-04-09T09:21:35.009+0000] {dag.py:3033} INFO - Sync 1 DAGs
[2026-04-09T09:21:35.025+0000] {logging_mixin.py:188} INFO - [2026-04-09T09:21:35.024+0000] {dag.py:3820} INFO - Setting next_dagrun for example_python_operator to None, run_after=None
[2026-04-09T09:21:35.046+0000] {processor.py:183} INFO - Processing /home/airflow/.local/lib/python3.8/site-packages/airflow/example_dags/example_python_operator.py took 0.082 seconds
[2026-04-09T09:22:06.012+0000] {processor.py:161} INFO - Started process (PID=9323) to work on /home/airflow/.local/lib/python3.8/site-packages/airflow/example_dags/example_python_operator.py
[2026-04-09T09:22:06.015+0000] {processor.py:830} INFO - Processing file /home/airflow/.local/lib/python3.8/site-packages/airflow/example_dags/example_python_operator.py for tasks to queue
[2026-04-09T09:22:06.017+0000] {logging_mixin.py:188} INFO - [2026-04-09T09:22:06.017+0000] {dagbag.py:538} INFO - Filling up the DagBag from /home/airflow/.local/lib/python3.8/site-packages/airflow/example_dags/example_python_operator.py
[2026-04-09T09:22:06.036+0000] {processor.py:840} INFO - DAG(s) 'example_python_operator' retrieved from /home/airflow/.local/lib/python3.8/site-packages/airflow/example_dags/example_python_operator.py
[2026-04-09T09:22:06.084+0000] {logging_mixin.py:188} INFO - [2026-04-09T09:22:06.084+0000] {dag.py:3033} INFO - Sync 1 DAGs
[2026-04-09T09:22:06.266+0000] {logging_mixin.py:188} INFO - [2026-04-09T09:22:06.266+0000] {dag.py:3820} INFO - Setting next_dagrun for example_python_operator to None, run_after=None
[2026-04-09T09:22:06.284+0000] {processor.py:183} INFO - Processing /home/airflow/.local/lib/python3.8/site-packages/airflow/example_dags/example_python_operator.py took 0.285 seconds
[2026-04-09T09:22:37.105+0000] {processor.py:161} INFO - Started process (PID=9384) to work on /home/airflow/.local/lib/python3.8/site-packages/airflow/example_dags/example_python_operator.py
[2026-04-09T09:22:37.106+0000] {processor.py:830} INFO - Processing file /home/airflow/.local/lib/python3.8/site-packages/airflow/example_dags/example_python_operator.py for tasks to queue
[2026-04-09T09:22:37.109+0000] {logging_mixin.py:188} INFO - [2026-04-09T09:22:37.108+0000] {dagbag.py:538} INFO - Filling up the DagBag from /home/airflow/.local/lib/python3.8/site-packages/airflow/example_dags/example_python_operator.py
[2026-04-09T09:22:37.121+0000] {processor.py:840} INFO - DAG(s) 'example_python_operator' retrieved from /home/airflow/.local/lib/python3.8/site-packages/airflow/example_dags/example_python_operator.py
[2026-04-09T09:22:37.147+0000] {logging_mixin.py:188} INFO - [2026-04-09T09:22:37.147+0000] {dag.py:3033} INFO - Sync 1 DAGs
[2026-04-09T09:22:37.162+0000] {logging_mixin.py:188} INFO - [2026-04-09T09:22:37.161+0000] {dag.py:3820} INFO - Setting next_dagrun for example_python_operator to None, run_after=None
[2026-04-09T09:22:37.181+0000] {processor.py:183} INFO - Processing /home/airflow/.local/lib/python3.8/site-packages/airflow/example_dags/example_python_operator.py took 0.080 seconds
[2026-04-09T09:23:07.404+0000] {processor.py:161} INFO - Started process (PID=9445) to work on /home/airflow/.local/lib/python3.8/site-packages/airflow/example_dags/example_python_operator.py
[2026-04-09T09:23:07.405+0000] {processor.py:830} INFO - Processing file /home/airflow/.local/lib/python3.8/site-packages/airflow/example_dags/example_python_operator.py for tasks to queue
[2026-04-09T09:23:07.407+0000] {logging_mixin.py:188} INFO - [2026-04-09T09:23:07.407+0000] {dagbag.py:538} INFO - Filling up the DagBag from /home/airflow/.local/lib/python3.8/site-packages/airflow/example_dags/example_python_operator.py
[2026-04-09T09:23:07.422+0000] {processor.py:840} INFO - DAG(s) 'example_python_operator' retrieved from /home/airflow/.local/lib/python3.8/site-packages/airflow/example_dags/example_python_operator.py
[2026-04-09T09:23:07.448+0000] {logging_mixin.py:188} INFO - [2026-04-09T09:23:07.448+0000] {dag.py:3033} INFO - Sync 1 DAGs
[2026-04-09T09:23:07.462+0000] {logging_mixin.py:188} INFO - [2026-04-09T09:23:07.462+0000] {dag.py:3820} INFO - Setting next_dagrun for example_python_operator to None, run_after=None
[2026-04-09T09:23:07.482+0000] {processor.py:183} INFO - Processing /home/airflow/.local/lib/python3.8/site-packages/airflow/example_dags/example_python_operator.py took 0.082 seconds
[2026-04-09T09:23:37.776+0000] {processor.py:161} INFO - Started process (PID=9506) to work on /home/airflow/.local/lib/python3.8/site-packages/airflow/example_dags/example_python_operator.py
[2026-04-09T09:23:37.777+0000] {processor.py:830} INFO - Processing file /home/airflow/.local/lib/python3.8/site-packages/airflow/example_dags/example_python_operator.py for tasks to queue
[2026-04-09T09:23:37.780+0000] {logging_mixin.py:188} INFO - [2026-04-09T09:23:37.779+0000] {dagbag.py:538} INFO - Filling up the DagBag from /home/airflow/.local/lib/python3.8/site-packages/airflow/example_dags/example_python_operator.py
[2026-04-09T09:23:37.792+0000] {processor.py:840} INFO - DAG(s) 'example_python_operator' retrieved from /home/airflow/.local/lib/python3.8/site-packages/airflow/example_dags/example_python_operator.py
[2026-04-09T09:23:37.818+0000] {logging_mixin.py:188} INFO - [2026-04-09T09:23:37.818+0000] {dag.py:3033} INFO - Sync 1 DAGs
[2026-04-09T09:23:37.833+0000] {logging_mixin.py:188} INFO - [2026-04-09T09:23:37.832+0000] {dag.py:3820} INFO - Setting next_dagrun for example_python_operator to None, run_after=None
[2026-04-09T09:23:37.853+0000] {processor.py:183} INFO - Processing /home/airflow/.local/lib/python3.8/site-packages/airflow/example_dags/example_python_operator.py took 0.083 seconds
[2026-04-09T09:24:08.113+0000] {processor.py:161} INFO - Started process (PID=9567) to work on /home/airflow/.local/lib/python3.8/site-packages/airflow/example_dags/example_python_operator.py
[2026-04-09T09:24:08.114+0000] {processor.py:830} INFO - Processing file /home/airflow/.local/lib/python3.8/site-packages/airflow/example_dags/example_python_operator.py for tasks to queue
[2026-04-09T09:24:08.116+0000] {logging_mixin.py:188} INFO - [2026-04-09T09:24:08.116+0000] {dagbag.py:538} INFO - Filling up the DagBag from /home/airflow/.local/lib/python3.8/site-packages/airflow/example_dags/example_python_operator.py
[2026-04-09T09:24:08.133+0000] {processor.py:840} INFO - DAG(s) 'example_python_operator' retrieved from /home/airflow/.local/lib/python3.8/site-packages/airflow/example_dags/example_python_operator.py
[2026-04-09T09:24:08.231+0000] {logging_mixin.py:188} INFO - [2026-04-09T09:24:08.225+0000] {dag.py:3033} INFO - Sync 1 DAGs
[2026-04-09T09:24:08.271+0000] {logging_mixin.py:188} INFO - [2026-04-09T09:24:08.271+0000] {dag.py:3820} INFO - Setting next_dagrun for example_python_operator to None, run_after=None
[2026-04-09T09:24:08.326+0000] {processor.py:183} INFO - Processing /home/airflow/.local/lib/python3.8/site-packages/airflow/example_dags/example_python_operator.py took 0.223 seconds
[2026-04-09T09:24:39.259+0000] {processor.py:161} INFO - Started process (PID=9628) to work on /home/airflow/.local/lib/python3.8/site-packages/airflow/example_dags/example_python_operator.py
[2026-04-09T09:24:39.261+0000] {processor.py:830} INFO - Processing file /home/airflow/.local/lib/python3.8/site-packages/airflow/example_dags/example_python_operator.py for tasks to queue
[2026-04-09T09:24:39.263+0000] {logging_mixin.py:188} INFO - [2026-04-09T09:24:39.263+0000] {dagbag.py:538} INFO - Filling up the DagBag from /home/airflow/.local/lib/python3.8/site-packages/airflow/example_dags/example_python_operator.py
[2026-04-09T09:24:39.275+0000] {processor.py:840} INFO - DAG(s) 'example_python_operator' retrieved from /home/airflow/.local/lib/python3.8/site-packages/airflow/example_dags/example_python_operator.py
[2026-04-09T09:24:39.299+0000] {logging_mixin.py:188} INFO - [2026-04-09T09:24:39.299+0000] {dag.py:3033} INFO - Sync 1 DAGs
[2026-04-09T09:24:39.327+0000] {logging_mixin.py:188} INFO - [2026-04-09T09:24:39.327+0000] {dag.py:3820} INFO - Setting next_dagrun for example_python_operator to None, run_after=None
[2026-04-09T09:24:39.344+0000] {processor.py:183} INFO - Processing /home/airflow/.local/lib/python3.8/site-packages/airflow/example_dags/example_python_operator.py took 0.090 seconds
[2026-04-09T09:25:09.729+0000] {processor.py:161} INFO - Started process (PID=9689) to work on /home/airflow/.local/lib/python3.8/site-packages/airflow/example_dags/example_python_operator.py
[2026-04-09T09:25:09.730+0000] {processor.py:830} INFO - Processing file /home/airflow/.local/lib/python3.8/site-packages/airflow/example_dags/example_python_operator.py for tasks to queue
[2026-04-09T09:25:09.733+0000] {logging_mixin.py:188} INFO - [2026-04-09T09:25:09.733+0000] {dagbag.py:538} INFO - Filling up the DagBag from /home/airflow/.local/lib/python3.8/site-packages/airflow/example_dags/example_python_operator.py
[2026-04-09T09:25:09.745+0000] {processor.py:840} INFO - DAG(s) 'example_python_operator' retrieved from /home/airflow/.local/lib/python3.8/site-packages/airflow/example_dags/example_python_operator.py
[2026-04-09T09:25:09.768+0000] {logging_mixin.py:188} INFO - [2026-04-09T09:25:09.768+0000] {dag.py:3033} INFO - Sync 1 DAGs
[2026-04-09T09:25:09.782+0000] {logging_mixin.py:188} INFO - [2026-04-09T09:25:09.782+0000] {dag.py:3820} INFO - Setting next_dagrun for example_python_operator to None, run_after=None
[2026-04-09T09:25:09.799+0000] {processor.py:183} INFO - Processing /home/airflow/.local/lib/python3.8/site-packages/airflow/example_dags/example_python_operator.py took 0.074 seconds
[2026-04-09T09:25:40.306+0000] {processor.py:161} INFO - Started process (PID=9750) to work on /home/airflow/.local/lib/python3.8/site-packages/airflow/example_dags/example_python_operator.py
[2026-04-09T09:25:40.314+0000] {processor.py:830} INFO - Processing file /home/airflow/.local/lib/python3.8/site-packages/airflow/example_dags/example_python_operator.py for tasks to queue
[2026-04-09T09:25:40.321+0000] {logging_mixin.py:188} INFO - [2026-04-09T09:25:40.321+0000] {dagbag.py:538} INFO - Filling up the DagBag from /home/airflow/.local/lib/python3.8/site-packages/airflow/example_dags/example_python_operator.py
[2026-04-09T09:25:40.345+0000] {processor.py:840} INFO - DAG(s) 'example_python_operator' retrieved from /home/airflow/.local/lib/python3.8/site-packages/airflow/example_dags/example_python_operator.py
[2026-04-09T09:25:40.382+0000] {logging_mixin.py:188} INFO - [2026-04-09T09:25:40.381+0000] {dag.py:3033} INFO - Sync 1 DAGs
[2026-04-09T09:25:40.397+0000] {logging_mixin.py:188} INFO - [2026-04-09T09:25:40.396+0000] {dag.py:3820} INFO - Setting next_dagrun for example_python_operator to None, run_after=None
[2026-04-09T09:25:40.415+0000] {processor.py:183} INFO - Processing /home/airflow/.local/lib/python3.8/site-packages/airflow/example_dags/example_python_operator.py took 0.124 seconds
[2026-04-09T09:26:11.190+0000] {processor.py:161} INFO - Started process (PID=9811) to work on /home/airflow/.local/lib/python3.8/site-packages/airflow/example_dags/example_python_operator.py
[2026-04-09T09:26:11.192+0000] {processor.py:830} INFO - Processing file /home/airflow/.local/lib/python3.8/site-packages/airflow/example_dags/example_python_operator.py for tasks to queue
[2026-04-09T09:26:11.194+0000] {logging_mixin.py:188} INFO - [2026-04-09T09:26:11.193+0000] {dagbag.py:538} INFO - Filling up the DagBag from /home/airflow/.local/lib/python3.8/site-packages/airflow/example_dags/example_python_operator.py
[2026-04-09T09:26:11.207+0000] {processor.py:840} INFO - DAG(s) 'example_python_operator' retrieved from /home/airflow/.local/lib/python3.8/site-packages/airflow/example_dags/example_python_operator.py
[2026-04-09T09:26:11.231+0000] {logging_mixin.py:188} INFO - [2026-04-09T09:26:11.231+0000] {dag.py:3033} INFO - Sync 1 DAGs
[2026-04-09T09:26:11.246+0000] {logging_mixin.py:188} INFO - [2026-04-09T09:26:11.245+0000] {dag.py:3820} INFO - Setting next_dagrun for example_python_operator to None, run_after=None
[2026-04-09T09:26:11.270+0000] {processor.py:183} INFO - Processing /home/airflow/.local/lib/python3.8/site-packages/airflow/example_dags/example_python_operator.py took 0.087 seconds
[2026-04-09T09:26:41.566+0000] {processor.py:161} INFO - Started process (PID=9872) to work on /home/airflow/.local/lib/python3.8/site-packages/airflow/example_dags/example_python_operator.py
[2026-04-09T09:26:41.567+0000] {processor.py:830} INFO - Processing file /home/airflow/.local/lib/python3.8/site-packages/airflow/example_dags/example_python_operator.py for tasks to queue
[2026-04-09T09:26:41.576+0000] {logging_mixin.py:188} INFO - [2026-04-09T09:26:41.576+0000] {dagbag.py:538} INFO - Filling up the DagBag from /home/airflow/.local/lib/python3.8/site-packages/airflow/example_dags/example_python_operator.py
[2026-04-09T09:26:41.588+0000] {processor.py:840} INFO - DAG(s) 'example_python_operator' retrieved from /home/airflow/.local/lib/python3.8/site-packages/airflow/example_dags/example_python_operator.py
[2026-04-09T09:26:41.613+0000] {logging_mixin.py:188} INFO - [2026-04-09T09:26:41.611+0000] {dag.py:3033} INFO - Sync 1 DAGs
[2026-04-09T09:26:41.630+0000] {logging_mixin.py:188} INFO - [2026-04-09T09:26:41.630+0000] {dag.py:3820} INFO - Setting next_dagrun for example_python_operator to None, run_after=None
[2026-04-09T09:26:41.654+0000] {processor.py:183} INFO - Processing /home/airflow/.local/lib/python3.8/site-packages/airflow/example_dags/example_python_operator.py took 0.092 seconds
[2026-04-09T09:27:12.082+0000] {processor.py:161} INFO - Started process (PID=9933) to work on /home/airflow/.local/lib/python3.8/site-packages/airflow/example_dags/example_python_operator.py
[2026-04-09T09:27:12.085+0000] {processor.py:830} INFO - Processing file /home/airflow/.local/lib/python3.8/site-packages/airflow/example_dags/example_python_operator.py for tasks to queue
[2026-04-09T09:27:12.089+0000] {logging_mixin.py:188} INFO - [2026-04-09T09:27:12.089+0000] {dagbag.py:538} INFO - Filling up the DagBag from /home/airflow/.local/lib/python3.8/site-packages/airflow/example_dags/example_python_operator.py
[2026-04-09T09:27:12.116+0000] {processor.py:840} INFO - DAG(s) 'example_python_operator' retrieved from /home/airflow/.local/lib/python3.8/site-packages/airflow/example_dags/example_python_operator.py
[2026-04-09T09:27:12.149+0000] {logging_mixin.py:188} INFO - [2026-04-09T09:27:12.149+0000] {dag.py:3033} INFO - Sync 1 DAGs
[2026-04-09T09:27:12.165+0000] {logging_mixin.py:188} INFO - [2026-04-09T09:27:12.165+0000] {dag.py:3820} INFO - Setting next_dagrun for example_python_operator to None, run_after=None
[2026-04-09T09:27:12.185+0000] {processor.py:183} INFO - Processing /home/airflow/.local/lib/python3.8/site-packages/airflow/example_dags/example_python_operator.py took 0.114 seconds
[2026-04-09T09:27:42.356+0000] {processor.py:161} INFO - Started process (PID=9994) to work on /home/airflow/.local/lib/python3.8/site-packages/airflow/example_dags/example_python_operator.py
[2026-04-09T09:27:42.359+0000] {processor.py:830} INFO - Processing file /home/airflow/.local/lib/python3.8/site-packages/airflow/example_dags/example_python_operator.py for tasks to queue
[2026-04-09T09:27:42.361+0000] {logging_mixin.py:188} INFO - [2026-04-09T09:27:42.360+0000] {dagbag.py:538} INFO - Filling up the DagBag from /home/airflow/.local/lib/python3.8/site-packages/airflow/example_dags/example_python_operator.py
[2026-04-09T09:27:42.373+0000] {processor.py:840} INFO - DAG(s) 'example_python_operator' retrieved from /home/airflow/.local/lib/python3.8/site-packages/airflow/example_dags/example_python_operator.py
[2026-04-09T09:27:42.397+0000] {logging_mixin.py:188} INFO - [2026-04-09T09:27:42.396+0000] {dag.py:3033} INFO - Sync 1 DAGs
[2026-04-09T09:27:42.411+0000] {logging_mixin.py:188} INFO - [2026-04-09T09:27:42.411+0000] {dag.py:3820} INFO - Setting next_dagrun for example_python_operator to None, run_after=None
[2026-04-09T09:27:42.430+0000] {processor.py:183} INFO - Processing /home/airflow/.local/lib/python3.8/site-packages/airflow/example_dags/example_python_operator.py took 0.079 seconds
[2026-04-09T09:28:13.147+0000] {processor.py:161} INFO - Started process (PID=10055) to work on /home/airflow/.local/lib/python3.8/site-packages/airflow/example_dags/example_python_operator.py
[2026-04-09T09:28:13.147+0000] {processor.py:830} INFO - Processing file /home/airflow/.local/lib/python3.8/site-packages/airflow/example_dags/example_python_operator.py for tasks to queue
[2026-04-09T09:28:13.150+0000] {logging_mixin.py:188} INFO - [2026-04-09T09:28:13.149+0000] {dagbag.py:538} INFO - Filling up the DagBag from /home/airflow/.local/lib/python3.8/site-packages/airflow/example_dags/example_python_operator.py
[2026-04-09T09:28:13.162+0000] {processor.py:840} INFO - DAG(s) 'example_python_operator' retrieved from /home/airflow/.local/lib/python3.8/site-packages/airflow/example_dags/example_python_operator.py
[2026-04-09T09:28:13.189+0000] {logging_mixin.py:188} INFO - [2026-04-09T09:28:13.188+0000] {dag.py:3033} INFO - Sync 1 DAGs
[2026-04-09T09:28:13.202+0000] {logging_mixin.py:188} INFO - [2026-04-09T09:28:13.202+0000] {dag.py:3820} INFO - Setting next_dagrun for example_python_operator to None, run_after=None
[2026-04-09T09:28:13.219+0000] {processor.py:183} INFO - Processing /home/airflow/.local/lib/python3.8/site-packages/airflow/example_dags/example_python_operator.py took 0.076 seconds
[2026-04-09T09:28:43.332+0000] {processor.py:161} INFO - Started process (PID=10116) to work on /home/airflow/.local/lib/python3.8/site-packages/airflow/example_dags/example_python_operator.py
[2026-04-09T09:28:43.333+0000] {processor.py:830} INFO - Processing file /home/airflow/.local/lib/python3.8/site-packages/airflow/example_dags/example_python_operator.py for tasks to queue
[2026-04-09T09:28:43.335+0000] {logging_mixin.py:188} INFO - [2026-04-09T09:28:43.335+0000] {dagbag.py:538} INFO - Filling up the DagBag from /home/airflow/.local/lib/python3.8/site-packages/airflow/example_dags/example_python_operator.py
[2026-04-09T09:28:43.346+0000] {processor.py:840} INFO - DAG(s) 'example_python_operator' retrieved from /home/airflow/.local/lib/python3.8/site-packages/airflow/example_dags/example_python_operator.py
[2026-04-09T09:28:43.370+0000] {logging_mixin.py:188} INFO - [2026-04-09T09:28:43.370+0000] {dag.py:3033} INFO - Sync 1 DAGs
[2026-04-09T09:28:43.390+0000] {logging_mixin.py:188} INFO - [2026-04-09T09:28:43.390+0000] {dag.py:3820} INFO - Setting next_dagrun for example_python_operator to None, run_after=None
[2026-04-09T09:28:43.411+0000] {processor.py:183} INFO - Processing /home/airflow/.local/lib/python3.8/site-packages/airflow/example_dags/example_python_operator.py took 0.082 seconds
[2026-04-09T09:29:13.472+0000] {processor.py:161} INFO - Started process (PID=10177) to work on /home/airflow/.local/lib/python3.8/site-packages/airflow/example_dags/example_python_operator.py
[2026-04-09T09:29:13.473+0000] {processor.py:830} INFO - Processing file /home/airflow/.local/lib/python3.8/site-packages/airflow/example_dags/example_python_operator.py for tasks to queue
[2026-04-09T09:29:13.476+0000] {logging_mixin.py:188} INFO - [2026-04-09T09:29:13.475+0000] {dagbag.py:538} INFO - Filling up the DagBag from /home/airflow/.local/lib/python3.8/site-packages/airflow/example_dags/example_python_operator.py
[2026-04-09T09:29:13.488+0000] {processor.py:840} INFO - DAG(s) 'example_python_operator' retrieved from /home/airflow/.local/lib/python3.8/site-packages/airflow/example_dags/example_python_operator.py
[2026-04-09T09:29:13.522+0000] {logging_mixin.py:188} INFO - [2026-04-09T09:29:13.522+0000] {dag.py:3033} INFO - Sync 1 DAGs
[2026-04-09T09:29:13.536+0000] {logging_mixin.py:188} INFO - [2026-04-09T09:29:13.536+0000] {dag.py:3820} INFO - Setting next_dagrun for example_python_operator to None, run_after=None
[2026-04-09T09:29:13.554+0000] {processor.py:183} INFO - Processing /home/airflow/.local/lib/python3.8/site-packages/airflow/example_dags/example_python_operator.py took 0.085 seconds
[2026-04-09T09:29:43.749+0000] {processor.py:161} INFO - Started process (PID=10238) to work on /home/airflow/.local/lib/python3.8/site-packages/airflow/example_dags/example_python_operator.py
[2026-04-09T09:29:43.749+0000] {processor.py:830} INFO - Processing file /home/airflow/.local/lib/python3.8/site-packages/airflow/example_dags/example_python_operator.py for tasks to queue
[2026-04-09T09:29:43.751+0000] {logging_mixin.py:188} INFO - [2026-04-09T09:29:43.751+0000] {dagbag.py:538} INFO - Filling up the DagBag from /home/airflow/.local/lib/python3.8/site-packages/airflow/example_dags/example_python_operator.py
[2026-04-09T09:29:43.764+0000] {processor.py:840} INFO - DAG(s) 'example_python_operator' retrieved from /home/airflow/.local/lib/python3.8/site-packages/airflow/example_dags/example_python_operator.py
[2026-04-09T09:29:43.789+0000] {logging_mixin.py:188} INFO - [2026-04-09T09:29:43.788+0000] {dag.py:3033} INFO - Sync 1 DAGs
[2026-04-09T09:29:43.802+0000] {logging_mixin.py:188} INFO - [2026-04-09T09:29:43.802+0000] {dag.py:3820} INFO - Setting next_dagrun for example_python_operator to None, run_after=None
[2026-04-09T09:29:43.820+0000] {processor.py:183} INFO - Processing /home/airflow/.local/lib/python3.8/site-packages/airflow/example_dags/example_python_operator.py took 0.077 seconds
[2026-04-09T09:30:14.562+0000] {processor.py:161} INFO - Started process (PID=10299) to work on /home/airflow/.local/lib/python3.8/site-packages/airflow/example_dags/example_python_operator.py
[2026-04-09T09:30:14.563+0000] {processor.py:830} INFO - Processing file /home/airflow/.local/lib/python3.8/site-packages/airflow/example_dags/example_python_operator.py for tasks to queue
[2026-04-09T09:30:14.565+0000] {logging_mixin.py:188} INFO - [2026-04-09T09:30:14.565+0000] {dagbag.py:538} INFO - Filling up the DagBag from /home/airflow/.local/lib/python3.8/site-packages/airflow/example_dags/example_python_operator.py
[2026-04-09T09:30:14.581+0000] {processor.py:840} INFO - DAG(s) 'example_python_operator' retrieved from /home/airflow/.local/lib/python3.8/site-packages/airflow/example_dags/example_python_operator.py
[2026-04-09T09:30:14.608+0000] {logging_mixin.py:188} INFO - [2026-04-09T09:30:14.607+0000] {dag.py:3033} INFO - Sync 1 DAGs
[2026-04-09T09:30:14.634+0000] {logging_mixin.py:188} INFO - [2026-04-09T09:30:14.630+0000] {dag.py:3820} INFO - Setting next_dagrun for example_python_operator to None, run_after=None
[2026-04-09T09:30:14.678+0000] {processor.py:183} INFO - Processing /home/airflow/.local/lib/python3.8/site-packages/airflow/example_dags/example_python_operator.py took 0.119 seconds
[2026-04-09T09:30:44.748+0000] {processor.py:161} INFO - Started process (PID=10360) to work on /home/airflow/.local/lib/python3.8/site-packages/airflow/example_dags/example_python_operator.py
[2026-04-09T09:30:44.749+0000] {processor.py:830} INFO - Processing file /home/airflow/.local/lib/python3.8/site-packages/airflow/example_dags/example_python_operator.py for tasks to queue
[2026-04-09T09:30:44.751+0000] {logging_mixin.py:188} INFO - [2026-04-09T09:30:44.751+0000] {dagbag.py:538} INFO - Filling up the DagBag from /home/airflow/.local/lib/python3.8/site-packages/airflow/example_dags/example_python_operator.py
[2026-04-09T09:30:44.759+0000] {processor.py:840} INFO - DAG(s) 'example_python_operator' retrieved from /home/airflow/.local/lib/python3.8/site-packages/airflow/example_dags/example_python_operator.py
[2026-04-09T09:30:44.776+0000] {logging_mixin.py:188} INFO - [2026-04-09T09:30:44.776+0000] {dag.py:3033} INFO - Sync 1 DAGs
[2026-04-09T09:30:44.785+0000] {logging_mixin.py:188} INFO - [2026-04-09T09:30:44.785+0000] {dag.py:3820} INFO - Setting next_dagrun for example_python_operator to None, run_after=None
[2026-04-09T09:30:44.798+0000] {processor.py:183} INFO - Processing /home/airflow/.local/lib/python3.8/site-packages/airflow/example_dags/example_python_operator.py took 0.054 seconds
[2026-04-09T09:31:14.978+0000] {processor.py:161} INFO - Started process (PID=10422) to work on /home/airflow/.local/lib/python3.8/site-packages/airflow/example_dags/example_python_operator.py
[2026-04-09T09:31:14.979+0000] {processor.py:830} INFO - Processing file /home/airflow/.local/lib/python3.8/site-packages/airflow/example_dags/example_python_operator.py for tasks to queue
[2026-04-09T09:31:14.981+0000] {logging_mixin.py:188} INFO - [2026-04-09T09:31:14.981+0000] {dagbag.py:538} INFO - Filling up the DagBag from /home/airflow/.local/lib/python3.8/site-packages/airflow/example_dags/example_python_operator.py
[2026-04-09T09:31:15.032+0000] {processor.py:840} INFO - DAG(s) 'example_python_operator' retrieved from /home/airflow/.local/lib/python3.8/site-packages/airflow/example_dags/example_python_operator.py
[2026-04-09T09:31:15.057+0000] {logging_mixin.py:188} INFO - [2026-04-09T09:31:15.057+0000] {dag.py:3033} INFO - Sync 1 DAGs
[2026-04-09T09:31:15.070+0000] {logging_mixin.py:188} INFO - [2026-04-09T09:31:15.070+0000] {dag.py:3820} INFO - Setting next_dagrun for example_python_operator to None, run_after=None
[2026-04-09T09:31:15.089+0000] {processor.py:183} INFO - Processing /home/airflow/.local/lib/python3.8/site-packages/airflow/example_dags/example_python_operator.py took 0.122 seconds
[2026-04-09T09:31:45.240+0000] {processor.py:161} INFO - Started process (PID=10483) to work on /home/airflow/.local/lib/python3.8/site-packages/airflow/example_dags/example_python_operator.py
[2026-04-09T09:31:45.241+0000] {processor.py:830} INFO - Processing file /home/airflow/.local/lib/python3.8/site-packages/airflow/example_dags/example_python_operator.py for tasks to queue
[2026-04-09T09:31:45.244+0000] {logging_mixin.py:188} INFO - [2026-04-09T09:31:45.243+0000] {dagbag.py:538} INFO - Filling up the DagBag from /home/airflow/.local/lib/python3.8/site-packages/airflow/example_dags/example_python_operator.py
[2026-04-09T09:31:45.256+0000] {processor.py:840} INFO - DAG(s) 'example_python_operator' retrieved from /home/airflow/.local/lib/python3.8/site-packages/airflow/example_dags/example_python_operator.py
[2026-04-09T09:31:45.280+0000] {logging_mixin.py:188} INFO - [2026-04-09T09:31:45.280+0000] {dag.py:3033} INFO - Sync 1 DAGs
[2026-04-09T09:31:45.293+0000] {logging_mixin.py:188} INFO - [2026-04-09T09:31:45.293+0000] {dag.py:3820} INFO - Setting next_dagrun for example_python_operator to None, run_after=None
[2026-04-09T09:31:45.310+0000] {processor.py:183} INFO - Processing /home/airflow/.local/lib/python3.8/site-packages/airflow/example_dags/example_python_operator.py took 0.077 seconds
[2026-04-09T09:32:16.020+0000] {processor.py:161} INFO - Started process (PID=10544) to work on /home/airflow/.local/lib/python3.8/site-packages/airflow/example_dags/example_python_operator.py
[2026-04-09T09:32:16.021+0000] {processor.py:830} INFO - Processing file /home/airflow/.local/lib/python3.8/site-packages/airflow/example_dags/example_python_operator.py for tasks to queue
[2026-04-09T09:32:16.023+0000] {logging_mixin.py:188} INFO - [2026-04-09T09:32:16.023+0000] {dagbag.py:538} INFO - Filling up the DagBag from /home/airflow/.local/lib/python3.8/site-packages/airflow/example_dags/example_python_operator.py
[2026-04-09T09:32:16.035+0000] {processor.py:840} INFO - DAG(s) 'example_python_operator' retrieved from /home/airflow/.local/lib/python3.8/site-packages/airflow/example_dags/example_python_operator.py
[2026-04-09T09:32:16.059+0000] {logging_mixin.py:188} INFO - [2026-04-09T09:32:16.059+0000] {dag.py:3033} INFO - Sync 1 DAGs
[2026-04-09T09:32:16.074+0000] {logging_mixin.py:188} INFO - [2026-04-09T09:32:16.073+0000] {dag.py:3820} INFO - Setting next_dagrun for example_python_operator to None, run_after=None
[2026-04-09T09:32:16.095+0000] {processor.py:183} INFO - Processing /home/airflow/.local/lib/python3.8/site-packages/airflow/example_dags/example_python_operator.py took 0.080 seconds
[2026-04-09T09:32:46.191+0000] {processor.py:161} INFO - Started process (PID=10605) to work on /home/airflow/.local/lib/python3.8/site-packages/airflow/example_dags/example_python_operator.py
[2026-04-09T09:32:46.194+0000] {processor.py:830} INFO - Processing file /home/airflow/.local/lib/python3.8/site-packages/airflow/example_dags/example_python_operator.py for tasks to queue
[2026-04-09T09:32:46.197+0000] {logging_mixin.py:188} INFO - [2026-04-09T09:32:46.196+0000] {dagbag.py:538} INFO - Filling up the DagBag from /home/airflow/.local/lib/python3.8/site-packages/airflow/example_dags/example_python_operator.py
[2026-04-09T09:32:46.209+0000] {processor.py:840} INFO - DAG(s) 'example_python_operator' retrieved from /home/airflow/.local/lib/python3.8/site-packages/airflow/example_dags/example_python_operator.py
[2026-04-09T09:32:46.233+0000] {logging_mixin.py:188} INFO - [2026-04-09T09:32:46.232+0000] {dag.py:3033} INFO - Sync 1 DAGs
[2026-04-09T09:32:46.247+0000] {logging_mixin.py:188} INFO - [2026-04-09T09:32:46.247+0000] {dag.py:3820} INFO - Setting next_dagrun for example_python_operator to None, run_after=None
[2026-04-09T09:32:46.264+0000] {processor.py:183} INFO - Processing /home/airflow/.local/lib/python3.8/site-packages/airflow/example_dags/example_python_operator.py took 0.079 seconds
[2026-04-09T09:33:17.045+0000] {processor.py:161} INFO - Started process (PID=10672) to work on /home/airflow/.local/lib/python3.8/site-packages/airflow/example_dags/example_python_operator.py
[2026-04-09T09:33:17.047+0000] {processor.py:830} INFO - Processing file /home/airflow/.local/lib/python3.8/site-packages/airflow/example_dags/example_python_operator.py for tasks to queue
[2026-04-09T09:33:17.049+0000] {logging_mixin.py:188} INFO - [2026-04-09T09:33:17.049+0000] {dagbag.py:538} INFO - Filling up the DagBag from /home/airflow/.local/lib/python3.8/site-packages/airflow/example_dags/example_python_operator.py
[2026-04-09T09:33:17.062+0000] {processor.py:840} INFO - DAG(s) 'example_python_operator' retrieved from /home/airflow/.local/lib/python3.8/site-packages/airflow/example_dags/example_python_operator.py
[2026-04-09T09:33:17.085+0000] {logging_mixin.py:188} INFO - [2026-04-09T09:33:17.085+0000] {dag.py:3033} INFO - Sync 1 DAGs
[2026-04-09T09:33:17.098+0000] {logging_mixin.py:188} INFO - [2026-04-09T09:33:17.098+0000] {dag.py:3820} INFO - Setting next_dagrun for example_python_operator to None, run_after=None
[2026-04-09T09:33:17.120+0000] {processor.py:183} INFO - Processing /home/airflow/.local/lib/python3.8/site-packages/airflow/example_dags/example_python_operator.py took 0.079 seconds
[2026-04-09T09:33:47.496+0000] {processor.py:161} INFO - Started process (PID=10733) to work on /home/airflow/.local/lib/python3.8/site-packages/airflow/example_dags/example_python_operator.py
[2026-04-09T09:33:47.497+0000] {processor.py:830} INFO - Processing file /home/airflow/.local/lib/python3.8/site-packages/airflow/example_dags/example_python_operator.py for tasks to queue
[2026-04-09T09:33:47.500+0000] {logging_mixin.py:188} INFO - [2026-04-09T09:33:47.499+0000] {dagbag.py:538} INFO - Filling up the DagBag from /home/airflow/.local/lib/python3.8/site-packages/airflow/example_dags/example_python_operator.py
[2026-04-09T09:33:47.512+0000] {processor.py:840} INFO - DAG(s) 'example_python_operator' retrieved from /home/airflow/.local/lib/python3.8/site-packages/airflow/example_dags/example_python_operator.py
[2026-04-09T09:33:47.536+0000] {logging_mixin.py:188} INFO - [2026-04-09T09:33:47.536+0000] {dag.py:3033} INFO - Sync 1 DAGs
[2026-04-09T09:33:47.550+0000] {logging_mixin.py:188} INFO - [2026-04-09T09:33:47.549+0000] {dag.py:3820} INFO - Setting next_dagrun for example_python_operator to None, run_after=None
[2026-04-09T09:33:47.567+0000] {processor.py:183} INFO - Processing /home/airflow/.local/lib/python3.8/site-packages/airflow/example_dags/example_python_operator.py took 0.076 seconds
[2026-04-09T09:34:17.831+0000] {processor.py:161} INFO - Started process (PID=10794) to work on /home/airflow/.local/lib/python3.8/site-packages/airflow/example_dags/example_python_operator.py
[2026-04-09T09:34:17.832+0000] {processor.py:830} INFO - Processing file /home/airflow/.local/lib/python3.8/site-packages/airflow/example_dags/example_python_operator.py for tasks to queue
[2026-04-09T09:34:17.834+0000] {logging_mixin.py:188} INFO - [2026-04-09T09:34:17.834+0000] {dagbag.py:538} INFO - Filling up the DagBag from /home/airflow/.local/lib/python3.8/site-packages/airflow/example_dags/example_python_operator.py
[2026-04-09T09:34:17.850+0000] {processor.py:840} INFO - DAG(s) 'example_python_operator' retrieved from /home/airflow/.local/lib/python3.8/site-packages/airflow/example_dags/example_python_operator.py
[2026-04-09T09:34:17.907+0000] {logging_mixin.py:188} INFO - [2026-04-09T09:34:17.907+0000] {dag.py:3033} INFO - Sync 1 DAGs
[2026-04-09T09:34:17.921+0000] {logging_mixin.py:188} INFO - [2026-04-09T09:34:17.921+0000] {dag.py:3820} INFO - Setting next_dagrun for example_python_operator to None, run_after=None
[2026-04-09T09:34:17.943+0000] {processor.py:183} INFO - Processing /home/airflow/.local/lib/python3.8/site-packages/airflow/example_dags/example_python_operator.py took 0.123 seconds
[2026-04-09T09:34:48.172+0000] {processor.py:161} INFO - Started process (PID=10855) to work on /home/airflow/.local/lib/python3.8/site-packages/airflow/example_dags/example_python_operator.py
[2026-04-09T09:34:48.177+0000] {processor.py:830} INFO - Processing file /home/airflow/.local/lib/python3.8/site-packages/airflow/example_dags/example_python_operator.py for tasks to queue
[2026-04-09T09:34:48.186+0000] {logging_mixin.py:188} INFO - [2026-04-09T09:34:48.185+0000] {dagbag.py:538} INFO - Filling up the DagBag from /home/airflow/.local/lib/python3.8/site-packages/airflow/example_dags/example_python_operator.py
[2026-04-09T09:34:48.225+0000] {processor.py:840} INFO - DAG(s) 'example_python_operator' retrieved from /home/airflow/.local/lib/python3.8/site-packages/airflow/example_dags/example_python_operator.py
[2026-04-09T09:34:48.306+0000] {logging_mixin.py:188} INFO - [2026-04-09T09:34:48.306+0000] {dag.py:3033} INFO - Sync 1 DAGs
[2026-04-09T09:34:48.373+0000] {logging_mixin.py:188} INFO - [2026-04-09T09:34:48.372+0000] {dag.py:3820} INFO - Setting next_dagrun for example_python_operator to None, run_after=None
[2026-04-09T09:34:48.433+0000] {processor.py:183} INFO - Processing /home/airflow/.local/lib/python3.8/site-packages/airflow/example_dags/example_python_operator.py took 0.275 seconds
[2026-04-09T09:35:19.346+0000] {processor.py:161} INFO - Started process (PID=10916) to work on /home/airflow/.local/lib/python3.8/site-packages/airflow/example_dags/example_python_operator.py
[2026-04-09T09:35:19.353+0000] {processor.py:830} INFO - Processing file /home/airflow/.local/lib/python3.8/site-packages/airflow/example_dags/example_python_operator.py for tasks to queue
[2026-04-09T09:35:19.359+0000] {logging_mixin.py:188} INFO - [2026-04-09T09:35:19.359+0000] {dagbag.py:538} INFO - Filling up the DagBag from /home/airflow/.local/lib/python3.8/site-packages/airflow/example_dags/example_python_operator.py
[2026-04-09T09:35:19.407+0000] {processor.py:840} INFO - DAG(s) 'example_python_operator' retrieved from /home/airflow/.local/lib/python3.8/site-packages/airflow/example_dags/example_python_operator.py
[2026-04-09T09:35:19.485+0000] {logging_mixin.py:188} INFO - [2026-04-09T09:35:19.482+0000] {dag.py:3033} INFO - Sync 1 DAGs
[2026-04-09T09:35:19.534+0000] {logging_mixin.py:188} INFO - [2026-04-09T09:35:19.534+0000] {dag.py:3820} INFO - Setting next_dagrun for example_python_operator to None, run_after=None
[2026-04-09T09:35:19.616+0000] {processor.py:183} INFO - Processing /home/airflow/.local/lib/python3.8/site-packages/airflow/example_dags/example_python_operator.py took 0.278 seconds
[2026-04-09T09:35:49.906+0000] {processor.py:161} INFO - Started process (PID=10977) to work on /home/airflow/.local/lib/python3.8/site-packages/airflow/example_dags/example_python_operator.py
[2026-04-09T09:35:49.909+0000] {processor.py:830} INFO - Processing file /home/airflow/.local/lib/python3.8/site-packages/airflow/example_dags/example_python_operator.py for tasks to queue
[2026-04-09T09:35:49.914+0000] {logging_mixin.py:188} INFO - [2026-04-09T09:35:49.914+0000] {dagbag.py:538} INFO - Filling up the DagBag from /home/airflow/.local/lib/python3.8/site-packages/airflow/example_dags/example_python_operator.py
[2026-04-09T09:35:49.939+0000] {processor.py:840} INFO - DAG(s) 'example_python_operator' retrieved from /home/airflow/.local/lib/python3.8/site-packages/airflow/example_dags/example_python_operator.py
[2026-04-09T09:35:49.994+0000] {logging_mixin.py:188} INFO - [2026-04-09T09:35:49.994+0000] {dag.py:3033} INFO - Sync 1 DAGs
[2026-04-09T09:35:50.022+0000] {logging_mixin.py:188} INFO - [2026-04-09T09:35:50.020+0000] {dag.py:3820} INFO - Setting next_dagrun for example_python_operator to None, run_after=None
[2026-04-09T09:35:50.064+0000] {processor.py:183} INFO - Processing /home/airflow/.local/lib/python3.8/site-packages/airflow/example_dags/example_python_operator.py took 0.165 seconds
[2026-04-09T09:36:20.394+0000] {processor.py:161} INFO - Started process (PID=11038) to work on /home/airflow/.local/lib/python3.8/site-packages/airflow/example_dags/example_python_operator.py
[2026-04-09T09:36:20.394+0000] {processor.py:830} INFO - Processing file /home/airflow/.local/lib/python3.8/site-packages/airflow/example_dags/example_python_operator.py for tasks to queue
[2026-04-09T09:36:20.397+0000] {logging_mixin.py:188} INFO - [2026-04-09T09:36:20.396+0000] {dagbag.py:538} INFO - Filling up the DagBag from /home/airflow/.local/lib/python3.8/site-packages/airflow/example_dags/example_python_operator.py
[2026-04-09T09:36:20.409+0000] {processor.py:840} INFO - DAG(s) 'example_python_operator' retrieved from /home/airflow/.local/lib/python3.8/site-packages/airflow/example_dags/example_python_operator.py
[2026-04-09T09:36:20.434+0000] {logging_mixin.py:188} INFO - [2026-04-09T09:36:20.434+0000] {dag.py:3033} INFO - Sync 1 DAGs
[2026-04-09T09:36:20.450+0000] {logging_mixin.py:188} INFO - [2026-04-09T09:36:20.449+0000] {dag.py:3820} INFO - Setting next_dagrun for example_python_operator to None, run_after=None
[2026-04-09T09:36:20.483+0000] {processor.py:183} INFO - Processing /home/airflow/.local/lib/python3.8/site-packages/airflow/example_dags/example_python_operator.py took 0.092 seconds
[2026-04-09T09:36:50.965+0000] {processor.py:161} INFO - Started process (PID=11099) to work on /home/airflow/.local/lib/python3.8/site-packages/airflow/example_dags/example_python_operator.py
[2026-04-09T09:36:50.966+0000] {processor.py:830} INFO - Processing file /home/airflow/.local/lib/python3.8/site-packages/airflow/example_dags/example_python_operator.py for tasks to queue
[2026-04-09T09:36:50.968+0000] {logging_mixin.py:188} INFO - [2026-04-09T09:36:50.968+0000] {dagbag.py:538} INFO - Filling up the DagBag from /home/airflow/.local/lib/python3.8/site-packages/airflow/example_dags/example_python_operator.py
[2026-04-09T09:36:50.980+0000] {processor.py:840} INFO - DAG(s) 'example_python_operator' retrieved from /home/airflow/.local/lib/python3.8/site-packages/airflow/example_dags/example_python_operator.py
[2026-04-09T09:36:51.005+0000] {logging_mixin.py:188} INFO - [2026-04-09T09:36:51.005+0000] {dag.py:3033} INFO - Sync 1 DAGs
[2026-04-09T09:36:51.019+0000] {logging_mixin.py:188} INFO - [2026-04-09T09:36:51.019+0000] {dag.py:3820} INFO - Setting next_dagrun for example_python_operator to None, run_after=None
[2026-04-09T09:36:51.040+0000] {processor.py:183} INFO - Processing /home/airflow/.local/lib/python3.8/site-packages/airflow/example_dags/example_python_operator.py took 0.078 seconds
[2026-04-09T09:37:21.266+0000] {processor.py:161} INFO - Started process (PID=11160) to work on /home/airflow/.local/lib/python3.8/site-packages/airflow/example_dags/example_python_operator.py
[2026-04-09T09:37:21.267+0000] {processor.py:830} INFO - Processing file /home/airflow/.local/lib/python3.8/site-packages/airflow/example_dags/example_python_operator.py for tasks to queue
[2026-04-09T09:37:21.269+0000] {logging_mixin.py:188} INFO - [2026-04-09T09:37:21.269+0000] {dagbag.py:538} INFO - Filling up the DagBag from /home/airflow/.local/lib/python3.8/site-packages/airflow/example_dags/example_python_operator.py
[2026-04-09T09:37:21.283+0000] {processor.py:840} INFO - DAG(s) 'example_python_operator' retrieved from /home/airflow/.local/lib/python3.8/site-packages/airflow/example_dags/example_python_operator.py
[2026-04-09T09:37:21.310+0000] {logging_mixin.py:188} INFO - [2026-04-09T09:37:21.310+0000] {dag.py:3033} INFO - Sync 1 DAGs
[2026-04-09T09:37:21.324+0000] {logging_mixin.py:188} INFO - [2026-04-09T09:37:21.324+0000] {dag.py:3820} INFO - Setting next_dagrun for example_python_operator to None, run_after=None
[2026-04-09T09:37:21.343+0000] {processor.py:183} INFO - Processing /home/airflow/.local/lib/python3.8/site-packages/airflow/example_dags/example_python_operator.py took 0.080 seconds
[2026-04-09T09:37:51.532+0000] {processor.py:161} INFO - Started process (PID=11221) to work on /home/airflow/.local/lib/python3.8/site-packages/airflow/example_dags/example_python_operator.py
[2026-04-09T09:37:51.534+0000] {processor.py:830} INFO - Processing file /home/airflow/.local/lib/python3.8/site-packages/airflow/example_dags/example_python_operator.py for tasks to queue
[2026-04-09T09:37:51.539+0000] {logging_mixin.py:188} INFO - [2026-04-09T09:37:51.539+0000] {dagbag.py:538} INFO - Filling up the DagBag from /home/airflow/.local/lib/python3.8/site-packages/airflow/example_dags/example_python_operator.py
[2026-04-09T09:37:51.553+0000] {processor.py:840} INFO - DAG(s) 'example_python_operator' retrieved from /home/airflow/.local/lib/python3.8/site-packages/airflow/example_dags/example_python_operator.py
[2026-04-09T09:37:51.582+0000] {logging_mixin.py:188} INFO - [2026-04-09T09:37:51.582+0000] {dag.py:3033} INFO - Sync 1 DAGs
[2026-04-09T09:37:51.607+0000] {logging_mixin.py:188} INFO - [2026-04-09T09:37:51.607+0000] {dag.py:3820} INFO - Setting next_dagrun for example_python_operator to None, run_after=None
[2026-04-09T09:37:51.627+0000] {processor.py:183} INFO - Processing /home/airflow/.local/lib/python3.8/site-packages/airflow/example_dags/example_python_operator.py took 0.102 seconds
[2026-04-09T09:38:21.746+0000] {processor.py:161} INFO - Started process (PID=11282) to work on /home/airflow/.local/lib/python3.8/site-packages/airflow/example_dags/example_python_operator.py
[2026-04-09T09:38:21.746+0000] {processor.py:830} INFO - Processing file /home/airflow/.local/lib/python3.8/site-packages/airflow/example_dags/example_python_operator.py for tasks to queue
[2026-04-09T09:38:21.749+0000] {logging_mixin.py:188} INFO - [2026-04-09T09:38:21.748+0000] {dagbag.py:538} INFO - Filling up the DagBag from /home/airflow/.local/lib/python3.8/site-packages/airflow/example_dags/example_python_operator.py
[2026-04-09T09:38:21.761+0000] {processor.py:840} INFO - DAG(s) 'example_python_operator' retrieved from /home/airflow/.local/lib/python3.8/site-packages/airflow/example_dags/example_python_operator.py
[2026-04-09T09:38:21.788+0000] {logging_mixin.py:188} INFO - [2026-04-09T09:38:21.788+0000] {dag.py:3033} INFO - Sync 1 DAGs
[2026-04-09T09:38:21.802+0000] {logging_mixin.py:188} INFO - [2026-04-09T09:38:21.801+0000] {dag.py:3820} INFO - Setting next_dagrun for example_python_operator to None, run_after=None
[2026-04-09T09:38:21.832+0000] {processor.py:183} INFO - Processing /home/airflow/.local/lib/python3.8/site-packages/airflow/example_dags/example_python_operator.py took 0.090 seconds
[2026-04-09T09:38:52.012+0000] {processor.py:161} INFO - Started process (PID=11343) to work on /home/airflow/.local/lib/python3.8/site-packages/airflow/example_dags/example_python_operator.py
[2026-04-09T09:38:52.013+0000] {processor.py:830} INFO - Processing file /home/airflow/.local/lib/python3.8/site-packages/airflow/example_dags/example_python_operator.py for tasks to queue
[2026-04-09T09:38:52.015+0000] {logging_mixin.py:188} INFO - [2026-04-09T09:38:52.015+0000] {dagbag.py:538} INFO - Filling up the DagBag from /home/airflow/.local/lib/python3.8/site-packages/airflow/example_dags/example_python_operator.py
[2026-04-09T09:38:52.028+0000] {processor.py:840} INFO - DAG(s) 'example_python_operator' retrieved from /home/airflow/.local/lib/python3.8/site-packages/airflow/example_dags/example_python_operator.py
[2026-04-09T09:38:52.053+0000] {logging_mixin.py:188} INFO - [2026-04-09T09:38:52.053+0000] {dag.py:3033} INFO - Sync 1 DAGs
[2026-04-09T09:38:52.068+0000] {logging_mixin.py:188} INFO - [2026-04-09T09:38:52.068+0000] {dag.py:3820} INFO - Setting next_dagrun for example_python_operator to None, run_after=None
[2026-04-09T09:38:52.087+0000] {processor.py:183} INFO - Processing /home/airflow/.local/lib/python3.8/site-packages/airflow/example_dags/example_python_operator.py took 0.078 seconds
[2026-04-09T09:39:22.164+0000] {processor.py:161} INFO - Started process (PID=11404) to work on /home/airflow/.local/lib/python3.8/site-packages/airflow/example_dags/example_python_operator.py
[2026-04-09T09:39:22.165+0000] {processor.py:830} INFO - Processing file /home/airflow/.local/lib/python3.8/site-packages/airflow/example_dags/example_python_operator.py for tasks to queue
[2026-04-09T09:39:22.168+0000] {logging_mixin.py:188} INFO - [2026-04-09T09:39:22.168+0000] {dagbag.py:538} INFO - Filling up the DagBag from /home/airflow/.local/lib/python3.8/site-packages/airflow/example_dags/example_python_operator.py
[2026-04-09T09:39:22.181+0000] {processor.py:840} INFO - DAG(s) 'example_python_operator' retrieved from /home/airflow/.local/lib/python3.8/site-packages/airflow/example_dags/example_python_operator.py
[2026-04-09T09:39:22.206+0000] {logging_mixin.py:188} INFO - [2026-04-09T09:39:22.206+0000] {dag.py:3033} INFO - Sync 1 DAGs
[2026-04-09T09:39:22.228+0000] {logging_mixin.py:188} INFO - [2026-04-09T09:39:22.227+0000] {dag.py:3820} INFO - Setting next_dagrun for example_python_operator to None, run_after=None
[2026-04-09T09:39:22.250+0000] {processor.py:183} INFO - Processing /home/airflow/.local/lib/python3.8/site-packages/airflow/example_dags/example_python_operator.py took 0.089 seconds
[2026-04-09T09:39:52.530+0000] {processor.py:161} INFO - Started process (PID=11465) to work on /home/airflow/.local/lib/python3.8/site-packages/airflow/example_dags/example_python_operator.py
[2026-04-09T09:39:52.530+0000] {processor.py:830} INFO - Processing file /home/airflow/.local/lib/python3.8/site-packages/airflow/example_dags/example_python_operator.py for tasks to queue
[2026-04-09T09:39:52.533+0000] {logging_mixin.py:188} INFO - [2026-04-09T09:39:52.532+0000] {dagbag.py:538} INFO - Filling up the DagBag from /home/airflow/.local/lib/python3.8/site-packages/airflow/example_dags/example_python_operator.py
[2026-04-09T09:39:52.544+0000] {processor.py:840} INFO - DAG(s) 'example_python_operator' retrieved from /home/airflow/.local/lib/python3.8/site-packages/airflow/example_dags/example_python_operator.py
[2026-04-09T09:39:52.570+0000] {logging_mixin.py:188} INFO - [2026-04-09T09:39:52.569+0000] {dag.py:3033} INFO - Sync 1 DAGs
[2026-04-09T09:39:52.584+0000] {logging_mixin.py:188} INFO - [2026-04-09T09:39:52.584+0000] {dag.py:3820} INFO - Setting next_dagrun for example_python_operator to None, run_after=None
[2026-04-09T09:39:52.603+0000] {processor.py:183} INFO - Processing /home/airflow/.local/lib/python3.8/site-packages/airflow/example_dags/example_python_operator.py took 0.076 seconds
[2026-04-09T09:40:22.975+0000] {processor.py:161} INFO - Started process (PID=11526) to work on /home/airflow/.local/lib/python3.8/site-packages/airflow/example_dags/example_python_operator.py
[2026-04-09T09:40:22.982+0000] {processor.py:830} INFO - Processing file /home/airflow/.local/lib/python3.8/site-packages/airflow/example_dags/example_python_operator.py for tasks to queue
[2026-04-09T09:40:23.008+0000] {logging_mixin.py:188} INFO - [2026-04-09T09:40:23.004+0000] {dagbag.py:538} INFO - Filling up the DagBag from /home/airflow/.local/lib/python3.8/site-packages/airflow/example_dags/example_python_operator.py
[2026-04-09T09:40:23.049+0000] {processor.py:840} INFO - DAG(s) 'example_python_operator' retrieved from /home/airflow/.local/lib/python3.8/site-packages/airflow/example_dags/example_python_operator.py
[2026-04-09T09:40:23.086+0000] {logging_mixin.py:188} INFO - [2026-04-09T09:40:23.086+0000] {dag.py:3033} INFO - Sync 1 DAGs
[2026-04-09T09:40:23.101+0000] {logging_mixin.py:188} INFO - [2026-04-09T09:40:23.100+0000] {dag.py:3820} INFO - Setting next_dagrun for example_python_operator to None, run_after=None
[2026-04-09T09:40:23.120+0000] {processor.py:183} INFO - Processing /home/airflow/.local/lib/python3.8/site-packages/airflow/example_dags/example_python_operator.py took 0.178 seconds
[2026-04-09T09:40:53.263+0000] {processor.py:161} INFO - Started process (PID=11587) to work on /home/airflow/.local/lib/python3.8/site-packages/airflow/example_dags/example_python_operator.py
[2026-04-09T09:40:53.264+0000] {processor.py:830} INFO - Processing file /home/airflow/.local/lib/python3.8/site-packages/airflow/example_dags/example_python_operator.py for tasks to queue
[2026-04-09T09:40:53.266+0000] {logging_mixin.py:188} INFO - [2026-04-09T09:40:53.266+0000] {dagbag.py:538} INFO - Filling up the DagBag from /home/airflow/.local/lib/python3.8/site-packages/airflow/example_dags/example_python_operator.py
[2026-04-09T09:40:53.278+0000] {processor.py:840} INFO - DAG(s) 'example_python_operator' retrieved from /home/airflow/.local/lib/python3.8/site-packages/airflow/example_dags/example_python_operator.py
[2026-04-09T09:40:53.332+0000] {logging_mixin.py:188} INFO - [2026-04-09T09:40:53.332+0000] {dag.py:3033} INFO - Sync 1 DAGs
[2026-04-09T09:40:53.352+0000] {logging_mixin.py:188} INFO - [2026-04-09T09:40:53.351+0000] {dag.py:3820} INFO - Setting next_dagrun for example_python_operator to None, run_after=None
[2026-04-09T09:40:53.398+0000] {processor.py:183} INFO - Processing /home/airflow/.local/lib/python3.8/site-packages/airflow/example_dags/example_python_operator.py took 0.142 seconds
[2026-04-09T09:41:23.562+0000] {processor.py:161} INFO - Started process (PID=11648) to work on /home/airflow/.local/lib/python3.8/site-packages/airflow/example_dags/example_python_operator.py
[2026-04-09T09:41:23.563+0000] {processor.py:830} INFO - Processing file /home/airflow/.local/lib/python3.8/site-packages/airflow/example_dags/example_python_operator.py for tasks to queue
[2026-04-09T09:41:23.565+0000] {logging_mixin.py:188} INFO - [2026-04-09T09:41:23.565+0000] {dagbag.py:538} INFO - Filling up the DagBag from /home/airflow/.local/lib/python3.8/site-packages/airflow/example_dags/example_python_operator.py
[2026-04-09T09:41:23.577+0000] {processor.py:840} INFO - DAG(s) 'example_python_operator' retrieved from /home/airflow/.local/lib/python3.8/site-packages/airflow/example_dags/example_python_operator.py
[2026-04-09T09:41:23.599+0000] {logging_mixin.py:188} INFO - [2026-04-09T09:41:23.599+0000] {dag.py:3033} INFO - Sync 1 DAGs
[2026-04-09T09:41:23.614+0000] {logging_mixin.py:188} INFO - [2026-04-09T09:41:23.613+0000] {dag.py:3820} INFO - Setting next_dagrun for example_python_operator to None, run_after=None
[2026-04-09T09:41:23.631+0000] {processor.py:183} INFO - Processing /home/airflow/.local/lib/python3.8/site-packages/airflow/example_dags/example_python_operator.py took 0.072 seconds
[2026-04-09T09:41:53.959+0000] {processor.py:161} INFO - Started process (PID=11709) to work on /home/airflow/.local/lib/python3.8/site-packages/airflow/example_dags/example_python_operator.py
[2026-04-09T09:41:53.960+0000] {processor.py:830} INFO - Processing file /home/airflow/.local/lib/python3.8/site-packages/airflow/example_dags/example_python_operator.py for tasks to queue
[2026-04-09T09:41:53.962+0000] {logging_mixin.py:188} INFO - [2026-04-09T09:41:53.962+0000] {dagbag.py:538} INFO - Filling up the DagBag from /home/airflow/.local/lib/python3.8/site-packages/airflow/example_dags/example_python_operator.py
[2026-04-09T09:41:53.973+0000] {processor.py:840} INFO - DAG(s) 'example_python_operator' retrieved from /home/airflow/.local/lib/python3.8/site-packages/airflow/example_dags/example_python_operator.py
[2026-04-09T09:41:53.997+0000] {logging_mixin.py:188} INFO - [2026-04-09T09:41:53.996+0000] {dag.py:3033} INFO - Sync 1 DAGs
[2026-04-09T09:41:54.010+0000] {logging_mixin.py:188} INFO - [2026-04-09T09:41:54.010+0000] {dag.py:3820} INFO - Setting next_dagrun for example_python_operator to None, run_after=None
[2026-04-09T09:41:54.029+0000] {processor.py:183} INFO - Processing /home/airflow/.local/lib/python3.8/site-packages/airflow/example_dags/example_python_operator.py took 0.074 seconds
[2026-04-09T09:42:24.374+0000] {processor.py:161} INFO - Started process (PID=11770) to work on /home/airflow/.local/lib/python3.8/site-packages/airflow/example_dags/example_python_operator.py
[2026-04-09T09:42:24.374+0000] {processor.py:830} INFO - Processing file /home/airflow/.local/lib/python3.8/site-packages/airflow/example_dags/example_python_operator.py for tasks to queue
[2026-04-09T09:42:24.377+0000] {logging_mixin.py:188} INFO - [2026-04-09T09:42:24.376+0000] {dagbag.py:538} INFO - Filling up the DagBag from /home/airflow/.local/lib/python3.8/site-packages/airflow/example_dags/example_python_operator.py
[2026-04-09T09:42:24.388+0000] {processor.py:840} INFO - DAG(s) 'example_python_operator' retrieved from /home/airflow/.local/lib/python3.8/site-packages/airflow/example_dags/example_python_operator.py
[2026-04-09T09:42:24.413+0000] {logging_mixin.py:188} INFO - [2026-04-09T09:42:24.413+0000] {dag.py:3033} INFO - Sync 1 DAGs
[2026-04-09T09:42:24.428+0000] {logging_mixin.py:188} INFO - [2026-04-09T09:42:24.427+0000] {dag.py:3820} INFO - Setting next_dagrun for example_python_operator to None, run_after=None
[2026-04-09T09:42:24.446+0000] {processor.py:183} INFO - Processing /home/airflow/.local/lib/python3.8/site-packages/airflow/example_dags/example_python_operator.py took 0.076 seconds
[2026-04-09T09:42:54.834+0000] {processor.py:161} INFO - Started process (PID=11831) to work on /home/airflow/.local/lib/python3.8/site-packages/airflow/example_dags/example_python_operator.py
[2026-04-09T09:42:54.835+0000] {processor.py:830} INFO - Processing file /home/airflow/.local/lib/python3.8/site-packages/airflow/example_dags/example_python_operator.py for tasks to queue
[2026-04-09T09:42:54.838+0000] {logging_mixin.py:188} INFO - [2026-04-09T09:42:54.837+0000] {dagbag.py:538} INFO - Filling up the DagBag from /home/airflow/.local/lib/python3.8/site-packages/airflow/example_dags/example_python_operator.py
[2026-04-09T09:42:54.849+0000] {processor.py:840} INFO - DAG(s) 'example_python_operator' retrieved from /home/airflow/.local/lib/python3.8/site-packages/airflow/example_dags/example_python_operator.py
[2026-04-09T09:42:54.877+0000] {logging_mixin.py:188} INFO - [2026-04-09T09:42:54.877+0000] {dag.py:3033} INFO - Sync 1 DAGs
[2026-04-09T09:42:54.896+0000] {logging_mixin.py:188} INFO - [2026-04-09T09:42:54.895+0000] {dag.py:3820} INFO - Setting next_dagrun for example_python_operator to None, run_after=None
[2026-04-09T09:42:54.919+0000] {processor.py:183} INFO - Processing /home/airflow/.local/lib/python3.8/site-packages/airflow/example_dags/example_python_operator.py took 0.089 seconds
[2026-04-09T09:43:25.150+0000] {processor.py:161} INFO - Started process (PID=11892) to work on /home/airflow/.local/lib/python3.8/site-packages/airflow/example_dags/example_python_operator.py
[2026-04-09T09:43:25.151+0000] {processor.py:830} INFO - Processing file /home/airflow/.local/lib/python3.8/site-packages/airflow/example_dags/example_python_operator.py for tasks to queue
[2026-04-09T09:43:25.153+0000] {logging_mixin.py:188} INFO - [2026-04-09T09:43:25.153+0000] {dagbag.py:538} INFO - Filling up the DagBag from /home/airflow/.local/lib/python3.8/site-packages/airflow/example_dags/example_python_operator.py
[2026-04-09T09:43:25.166+0000] {processor.py:840} INFO - DAG(s) 'example_python_operator' retrieved from /home/airflow/.local/lib/python3.8/site-packages/airflow/example_dags/example_python_operator.py
[2026-04-09T09:43:25.191+0000] {logging_mixin.py:188} INFO - [2026-04-09T09:43:25.191+0000] {dag.py:3033} INFO - Sync 1 DAGs
[2026-04-09T09:43:25.206+0000] {logging_mixin.py:188} INFO - [2026-04-09T09:43:25.205+0000] {dag.py:3820} INFO - Setting next_dagrun for example_python_operator to None, run_after=None
[2026-04-09T09:43:25.239+0000] {processor.py:183} INFO - Processing /home/airflow/.local/lib/python3.8/site-packages/airflow/example_dags/example_python_operator.py took 0.093 seconds
[2026-04-09T09:43:55.424+0000] {processor.py:161} INFO - Started process (PID=11952) to work on /home/airflow/.local/lib/python3.8/site-packages/airflow/example_dags/example_python_operator.py
[2026-04-09T09:43:55.425+0000] {processor.py:830} INFO - Processing file /home/airflow/.local/lib/python3.8/site-packages/airflow/example_dags/example_python_operator.py for tasks to queue
[2026-04-09T09:43:55.427+0000] {logging_mixin.py:188} INFO - [2026-04-09T09:43:55.427+0000] {dagbag.py:538} INFO - Filling up the DagBag from /home/airflow/.local/lib/python3.8/site-packages/airflow/example_dags/example_python_operator.py
[2026-04-09T09:43:55.448+0000] {processor.py:840} INFO - DAG(s) 'example_python_operator' retrieved from /home/airflow/.local/lib/python3.8/site-packages/airflow/example_dags/example_python_operator.py
[2026-04-09T09:43:55.487+0000] {logging_mixin.py:188} INFO - [2026-04-09T09:43:55.487+0000] {dag.py:3033} INFO - Sync 1 DAGs
[2026-04-09T09:43:55.501+0000] {logging_mixin.py:188} INFO - [2026-04-09T09:43:55.501+0000] {dag.py:3820} INFO - Setting next_dagrun for example_python_operator to None, run_after=None
[2026-04-09T09:43:55.518+0000] {processor.py:183} INFO - Processing /home/airflow/.local/lib/python3.8/site-packages/airflow/example_dags/example_python_operator.py took 0.098 seconds
[2026-04-09T09:44:25.667+0000] {processor.py:161} INFO - Started process (PID=12013) to work on /home/airflow/.local/lib/python3.8/site-packages/airflow/example_dags/example_python_operator.py
[2026-04-09T09:44:25.668+0000] {processor.py:830} INFO - Processing file /home/airflow/.local/lib/python3.8/site-packages/airflow/example_dags/example_python_operator.py for tasks to queue
[2026-04-09T09:44:25.671+0000] {logging_mixin.py:188} INFO - [2026-04-09T09:44:25.670+0000] {dagbag.py:538} INFO - Filling up the DagBag from /home/airflow/.local/lib/python3.8/site-packages/airflow/example_dags/example_python_operator.py
[2026-04-09T09:44:25.683+0000] {processor.py:840} INFO - DAG(s) 'example_python_operator' retrieved from /home/airflow/.local/lib/python3.8/site-packages/airflow/example_dags/example_python_operator.py
[2026-04-09T09:44:25.727+0000] {logging_mixin.py:188} INFO - [2026-04-09T09:44:25.727+0000] {dag.py:3033} INFO - Sync 1 DAGs
[2026-04-09T09:44:25.741+0000] {logging_mixin.py:188} INFO - [2026-04-09T09:44:25.740+0000] {dag.py:3820} INFO - Setting next_dagrun for example_python_operator to None, run_after=None
[2026-04-09T09:44:25.758+0000] {processor.py:183} INFO - Processing /home/airflow/.local/lib/python3.8/site-packages/airflow/example_dags/example_python_operator.py took 0.094 seconds
[2026-04-09T09:44:56.283+0000] {processor.py:161} INFO - Started process (PID=12074) to work on /home/airflow/.local/lib/python3.8/site-packages/airflow/example_dags/example_python_operator.py
[2026-04-09T09:44:56.284+0000] {processor.py:830} INFO - Processing file /home/airflow/.local/lib/python3.8/site-packages/airflow/example_dags/example_python_operator.py for tasks to queue
[2026-04-09T09:44:56.286+0000] {logging_mixin.py:188} INFO - [2026-04-09T09:44:56.285+0000] {dagbag.py:538} INFO - Filling up the DagBag from /home/airflow/.local/lib/python3.8/site-packages/airflow/example_dags/example_python_operator.py
[2026-04-09T09:44:56.297+0000] {processor.py:840} INFO - DAG(s) 'example_python_operator' retrieved from /home/airflow/.local/lib/python3.8/site-packages/airflow/example_dags/example_python_operator.py
[2026-04-09T09:44:56.320+0000] {logging_mixin.py:188} INFO - [2026-04-09T09:44:56.320+0000] {dag.py:3033} INFO - Sync 1 DAGs
[2026-04-09T09:44:56.335+0000] {logging_mixin.py:188} INFO - [2026-04-09T09:44:56.335+0000] {dag.py:3820} INFO - Setting next_dagrun for example_python_operator to None, run_after=None
[2026-04-09T09:44:56.358+0000] {processor.py:183} INFO - Processing /home/airflow/.local/lib/python3.8/site-packages/airflow/example_dags/example_python_operator.py took 0.078 seconds
[2026-04-09T09:45:26.504+0000] {processor.py:161} INFO - Started process (PID=12135) to work on /home/airflow/.local/lib/python3.8/site-packages/airflow/example_dags/example_python_operator.py
[2026-04-09T09:45:26.505+0000] {processor.py:830} INFO - Processing file /home/airflow/.local/lib/python3.8/site-packages/airflow/example_dags/example_python_operator.py for tasks to queue
[2026-04-09T09:45:26.507+0000] {logging_mixin.py:188} INFO - [2026-04-09T09:45:26.507+0000] {dagbag.py:538} INFO - Filling up the DagBag from /home/airflow/.local/lib/python3.8/site-packages/airflow/example_dags/example_python_operator.py
[2026-04-09T09:45:26.522+0000] {processor.py:840} INFO - DAG(s) 'example_python_operator' retrieved from /home/airflow/.local/lib/python3.8/site-packages/airflow/example_dags/example_python_operator.py
[2026-04-09T09:45:26.555+0000] {logging_mixin.py:188} INFO - [2026-04-09T09:45:26.555+0000] {dag.py:3033} INFO - Sync 1 DAGs
[2026-04-09T09:45:26.569+0000] {logging_mixin.py:188} INFO - [2026-04-09T09:45:26.569+0000] {dag.py:3820} INFO - Setting next_dagrun for example_python_operator to None, run_after=None
[2026-04-09T09:45:26.588+0000] {processor.py:183} INFO - Processing /home/airflow/.local/lib/python3.8/site-packages/airflow/example_dags/example_python_operator.py took 0.088 seconds
[2026-04-09T09:45:57.181+0000] {processor.py:161} INFO - Started process (PID=12196) to work on /home/airflow/.local/lib/python3.8/site-packages/airflow/example_dags/example_python_operator.py
[2026-04-09T09:45:57.181+0000] {processor.py:830} INFO - Processing file /home/airflow/.local/lib/python3.8/site-packages/airflow/example_dags/example_python_operator.py for tasks to queue
[2026-04-09T09:45:57.184+0000] {logging_mixin.py:188} INFO - [2026-04-09T09:45:57.183+0000] {dagbag.py:538} INFO - Filling up the DagBag from /home/airflow/.local/lib/python3.8/site-packages/airflow/example_dags/example_python_operator.py
[2026-04-09T09:45:57.195+0000] {processor.py:840} INFO - DAG(s) 'example_python_operator' retrieved from /home/airflow/.local/lib/python3.8/site-packages/airflow/example_dags/example_python_operator.py
[2026-04-09T09:45:57.218+0000] {logging_mixin.py:188} INFO - [2026-04-09T09:45:57.218+0000] {dag.py:3033} INFO - Sync 1 DAGs
[2026-04-09T09:45:57.233+0000] {logging_mixin.py:188} INFO - [2026-04-09T09:45:57.233+0000] {dag.py:3820} INFO - Setting next_dagrun for example_python_operator to None, run_after=None
[2026-04-09T09:45:57.251+0000] {processor.py:183} INFO - Processing /home/airflow/.local/lib/python3.8/site-packages/airflow/example_dags/example_python_operator.py took 0.075 seconds
[2026-04-09T09:46:27.895+0000] {processor.py:161} INFO - Started process (PID=12257) to work on /home/airflow/.local/lib/python3.8/site-packages/airflow/example_dags/example_python_operator.py
[2026-04-09T09:46:27.896+0000] {processor.py:830} INFO - Processing file /home/airflow/.local/lib/python3.8/site-packages/airflow/example_dags/example_python_operator.py for tasks to queue
[2026-04-09T09:46:27.898+0000] {logging_mixin.py:188} INFO - [2026-04-09T09:46:27.898+0000] {dagbag.py:538} INFO - Filling up the DagBag from /home/airflow/.local/lib/python3.8/site-packages/airflow/example_dags/example_python_operator.py
[2026-04-09T09:46:27.918+0000] {processor.py:840} INFO - DAG(s) 'example_python_operator' retrieved from /home/airflow/.local/lib/python3.8/site-packages/airflow/example_dags/example_python_operator.py
[2026-04-09T09:46:27.970+0000] {logging_mixin.py:188} INFO - [2026-04-09T09:46:27.970+0000] {dag.py:3033} INFO - Sync 1 DAGs
[2026-04-09T09:46:27.997+0000] {logging_mixin.py:188} INFO - [2026-04-09T09:46:27.997+0000] {dag.py:3820} INFO - Setting next_dagrun for example_python_operator to None, run_after=None
[2026-04-09T09:46:28.027+0000] {processor.py:183} INFO - Processing /home/airflow/.local/lib/python3.8/site-packages/airflow/example_dags/example_python_operator.py took 0.145 seconds
[2026-04-09T09:46:58.552+0000] {processor.py:161} INFO - Started process (PID=12318) to work on /home/airflow/.local/lib/python3.8/site-packages/airflow/example_dags/example_python_operator.py
[2026-04-09T09:46:58.553+0000] {processor.py:830} INFO - Processing file /home/airflow/.local/lib/python3.8/site-packages/airflow/example_dags/example_python_operator.py for tasks to queue
[2026-04-09T09:46:58.555+0000] {logging_mixin.py:188} INFO - [2026-04-09T09:46:58.555+0000] {dagbag.py:538} INFO - Filling up the DagBag from /home/airflow/.local/lib/python3.8/site-packages/airflow/example_dags/example_python_operator.py
[2026-04-09T09:46:58.569+0000] {processor.py:840} INFO - DAG(s) 'example_python_operator' retrieved from /home/airflow/.local/lib/python3.8/site-packages/airflow/example_dags/example_python_operator.py
[2026-04-09T09:46:58.622+0000] {logging_mixin.py:188} INFO - [2026-04-09T09:46:58.621+0000] {dag.py:3033} INFO - Sync 1 DAGs
[2026-04-09T09:46:58.667+0000] {logging_mixin.py:188} INFO - [2026-04-09T09:46:58.666+0000] {dag.py:3820} INFO - Setting next_dagrun for example_python_operator to None, run_after=None
[2026-04-09T09:46:58.722+0000] {processor.py:183} INFO - Processing /home/airflow/.local/lib/python3.8/site-packages/airflow/example_dags/example_python_operator.py took 0.173 seconds
[2026-04-09T09:47:28.781+0000] {processor.py:161} INFO - Started process (PID=12379) to work on /home/airflow/.local/lib/python3.8/site-packages/airflow/example_dags/example_python_operator.py
[2026-04-09T09:47:28.782+0000] {processor.py:830} INFO - Processing file /home/airflow/.local/lib/python3.8/site-packages/airflow/example_dags/example_python_operator.py for tasks to queue
[2026-04-09T09:47:28.784+0000] {logging_mixin.py:188} INFO - [2026-04-09T09:47:28.783+0000] {dagbag.py:538} INFO - Filling up the DagBag from /home/airflow/.local/lib/python3.8/site-packages/airflow/example_dags/example_python_operator.py
[2026-04-09T09:47:28.794+0000] {processor.py:840} INFO - DAG(s) 'example_python_operator' retrieved from /home/airflow/.local/lib/python3.8/site-packages/airflow/example_dags/example_python_operator.py
[2026-04-09T09:47:28.824+0000] {logging_mixin.py:188} INFO - [2026-04-09T09:47:28.824+0000] {dag.py:3033} INFO - Sync 1 DAGs
[2026-04-09T09:47:28.839+0000] {logging_mixin.py:188} INFO - [2026-04-09T09:47:28.839+0000] {dag.py:3820} INFO - Setting next_dagrun for example_python_operator to None, run_after=None
[2026-04-09T09:47:28.861+0000] {processor.py:183} INFO - Processing /home/airflow/.local/lib/python3.8/site-packages/airflow/example_dags/example_python_operator.py took 0.082 seconds
[2026-04-09T09:47:59.537+0000] {processor.py:161} INFO - Started process (PID=12438) to work on /home/airflow/.local/lib/python3.8/site-packages/airflow/example_dags/example_python_operator.py
[2026-04-09T09:47:59.538+0000] {processor.py:830} INFO - Processing file /home/airflow/.local/lib/python3.8/site-packages/airflow/example_dags/example_python_operator.py for tasks to queue
[2026-04-09T09:47:59.540+0000] {logging_mixin.py:188} INFO - [2026-04-09T09:47:59.540+0000] {dagbag.py:538} INFO - Filling up the DagBag from /home/airflow/.local/lib/python3.8/site-packages/airflow/example_dags/example_python_operator.py
[2026-04-09T09:47:59.553+0000] {processor.py:840} INFO - DAG(s) 'example_python_operator' retrieved from /home/airflow/.local/lib/python3.8/site-packages/airflow/example_dags/example_python_operator.py
[2026-04-09T09:47:59.577+0000] {logging_mixin.py:188} INFO - [2026-04-09T09:47:59.577+0000] {dag.py:3033} INFO - Sync 1 DAGs
[2026-04-09T09:47:59.591+0000] {logging_mixin.py:188} INFO - [2026-04-09T09:47:59.591+0000] {dag.py:3820} INFO - Setting next_dagrun for example_python_operator to None, run_after=None
[2026-04-09T09:47:59.619+0000] {processor.py:183} INFO - Processing /home/airflow/.local/lib/python3.8/site-packages/airflow/example_dags/example_python_operator.py took 0.085 seconds
[2026-04-09T09:48:30.060+0000] {processor.py:161} INFO - Started process (PID=12499) to work on /home/airflow/.local/lib/python3.8/site-packages/airflow/example_dags/example_python_operator.py
[2026-04-09T09:48:30.061+0000] {processor.py:830} INFO - Processing file /home/airflow/.local/lib/python3.8/site-packages/airflow/example_dags/example_python_operator.py for tasks to queue
[2026-04-09T09:48:30.063+0000] {logging_mixin.py:188} INFO - [2026-04-09T09:48:30.063+0000] {dagbag.py:538} INFO - Filling up the DagBag from /home/airflow/.local/lib/python3.8/site-packages/airflow/example_dags/example_python_operator.py
[2026-04-09T09:48:30.075+0000] {processor.py:840} INFO - DAG(s) 'example_python_operator' retrieved from /home/airflow/.local/lib/python3.8/site-packages/airflow/example_dags/example_python_operator.py
[2026-04-09T09:48:30.100+0000] {logging_mixin.py:188} INFO - [2026-04-09T09:48:30.100+0000] {dag.py:3033} INFO - Sync 1 DAGs
[2026-04-09T09:48:30.115+0000] {logging_mixin.py:188} INFO - [2026-04-09T09:48:30.114+0000] {dag.py:3820} INFO - Setting next_dagrun for example_python_operator to None, run_after=None
[2026-04-09T09:48:30.133+0000] {processor.py:183} INFO - Processing /home/airflow/.local/lib/python3.8/site-packages/airflow/example_dags/example_python_operator.py took 0.076 seconds
[2026-04-09T09:49:00.480+0000] {processor.py:161} INFO - Started process (PID=12560) to work on /home/airflow/.local/lib/python3.8/site-packages/airflow/example_dags/example_python_operator.py
[2026-04-09T09:49:00.481+0000] {processor.py:830} INFO - Processing file /home/airflow/.local/lib/python3.8/site-packages/airflow/example_dags/example_python_operator.py for tasks to queue
[2026-04-09T09:49:00.483+0000] {logging_mixin.py:188} INFO - [2026-04-09T09:49:00.483+0000] {dagbag.py:538} INFO - Filling up the DagBag from /home/airflow/.local/lib/python3.8/site-packages/airflow/example_dags/example_python_operator.py
[2026-04-09T09:49:00.495+0000] {processor.py:840} INFO - DAG(s) 'example_python_operator' retrieved from /home/airflow/.local/lib/python3.8/site-packages/airflow/example_dags/example_python_operator.py
[2026-04-09T09:49:00.520+0000] {logging_mixin.py:188} INFO - [2026-04-09T09:49:00.520+0000] {dag.py:3033} INFO - Sync 1 DAGs
[2026-04-09T09:49:00.534+0000] {logging_mixin.py:188} INFO - [2026-04-09T09:49:00.534+0000] {dag.py:3820} INFO - Setting next_dagrun for example_python_operator to None, run_after=None
[2026-04-09T09:49:00.554+0000] {processor.py:183} INFO - Processing /home/airflow/.local/lib/python3.8/site-packages/airflow/example_dags/example_python_operator.py took 0.078 seconds
[2026-04-09T09:49:31.486+0000] {processor.py:161} INFO - Started process (PID=12621) to work on /home/airflow/.local/lib/python3.8/site-packages/airflow/example_dags/example_python_operator.py
[2026-04-09T09:49:31.487+0000] {processor.py:830} INFO - Processing file /home/airflow/.local/lib/python3.8/site-packages/airflow/example_dags/example_python_operator.py for tasks to queue
[2026-04-09T09:49:31.489+0000] {logging_mixin.py:188} INFO - [2026-04-09T09:49:31.489+0000] {dagbag.py:538} INFO - Filling up the DagBag from /home/airflow/.local/lib/python3.8/site-packages/airflow/example_dags/example_python_operator.py
[2026-04-09T09:49:31.501+0000] {processor.py:840} INFO - DAG(s) 'example_python_operator' retrieved from /home/airflow/.local/lib/python3.8/site-packages/airflow/example_dags/example_python_operator.py
[2026-04-09T09:49:31.527+0000] {logging_mixin.py:188} INFO - [2026-04-09T09:49:31.526+0000] {dag.py:3033} INFO - Sync 1 DAGs
[2026-04-09T09:49:31.553+0000] {logging_mixin.py:188} INFO - [2026-04-09T09:49:31.552+0000] {dag.py:3820} INFO - Setting next_dagrun for example_python_operator to None, run_after=None
[2026-04-09T09:49:31.583+0000] {processor.py:183} INFO - Processing /home/airflow/.local/lib/python3.8/site-packages/airflow/example_dags/example_python_operator.py took 0.100 seconds
[2026-04-09T09:50:02.202+0000] {processor.py:161} INFO - Started process (PID=12682) to work on /home/airflow/.local/lib/python3.8/site-packages/airflow/example_dags/example_python_operator.py
[2026-04-09T09:50:02.203+0000] {processor.py:830} INFO - Processing file /home/airflow/.local/lib/python3.8/site-packages/airflow/example_dags/example_python_operator.py for tasks to queue
[2026-04-09T09:50:02.205+0000] {logging_mixin.py:188} INFO - [2026-04-09T09:50:02.204+0000] {dagbag.py:538} INFO - Filling up the DagBag from /home/airflow/.local/lib/python3.8/site-packages/airflow/example_dags/example_python_operator.py
[2026-04-09T09:50:02.216+0000] {processor.py:840} INFO - DAG(s) 'example_python_operator' retrieved from /home/airflow/.local/lib/python3.8/site-packages/airflow/example_dags/example_python_operator.py
[2026-04-09T09:50:02.240+0000] {logging_mixin.py:188} INFO - [2026-04-09T09:50:02.240+0000] {dag.py:3033} INFO - Sync 1 DAGs
[2026-04-09T09:50:02.268+0000] {logging_mixin.py:188} INFO - [2026-04-09T09:50:02.268+0000] {dag.py:3820} INFO - Setting next_dagrun for example_python_operator to None, run_after=None
[2026-04-09T09:50:02.302+0000] {processor.py:183} INFO - Processing /home/airflow/.local/lib/python3.8/site-packages/airflow/example_dags/example_python_operator.py took 0.103 seconds
[2026-04-09T09:50:33.079+0000] {processor.py:161} INFO - Started process (PID=12743) to work on /home/airflow/.local/lib/python3.8/site-packages/airflow/example_dags/example_python_operator.py
[2026-04-09T09:50:33.080+0000] {processor.py:830} INFO - Processing file /home/airflow/.local/lib/python3.8/site-packages/airflow/example_dags/example_python_operator.py for tasks to queue
[2026-04-09T09:50:33.084+0000] {logging_mixin.py:188} INFO - [2026-04-09T09:50:33.084+0000] {dagbag.py:538} INFO - Filling up the DagBag from /home/airflow/.local/lib/python3.8/site-packages/airflow/example_dags/example_python_operator.py
[2026-04-09T09:50:33.098+0000] {processor.py:840} INFO - DAG(s) 'example_python_operator' retrieved from /home/airflow/.local/lib/python3.8/site-packages/airflow/example_dags/example_python_operator.py
[2026-04-09T09:50:33.122+0000] {logging_mixin.py:188} INFO - [2026-04-09T09:50:33.122+0000] {dag.py:3033} INFO - Sync 1 DAGs
[2026-04-09T09:50:33.135+0000] {logging_mixin.py:188} INFO - [2026-04-09T09:50:33.135+0000] {dag.py:3820} INFO - Setting next_dagrun for example_python_operator to None, run_after=None
[2026-04-09T09:50:33.153+0000] {processor.py:183} INFO - Processing /home/airflow/.local/lib/python3.8/site-packages/airflow/example_dags/example_python_operator.py took 0.080 seconds
[2026-04-09T09:51:03.573+0000] {processor.py:161} INFO - Started process (PID=12804) to work on /home/airflow/.local/lib/python3.8/site-packages/airflow/example_dags/example_python_operator.py
[2026-04-09T09:51:03.574+0000] {processor.py:830} INFO - Processing file /home/airflow/.local/lib/python3.8/site-packages/airflow/example_dags/example_python_operator.py for tasks to queue
[2026-04-09T09:51:03.576+0000] {logging_mixin.py:188} INFO - [2026-04-09T09:51:03.576+0000] {dagbag.py:538} INFO - Filling up the DagBag from /home/airflow/.local/lib/python3.8/site-packages/airflow/example_dags/example_python_operator.py
[2026-04-09T09:51:03.589+0000] {processor.py:840} INFO - DAG(s) 'example_python_operator' retrieved from /home/airflow/.local/lib/python3.8/site-packages/airflow/example_dags/example_python_operator.py
[2026-04-09T09:51:03.613+0000] {logging_mixin.py:188} INFO - [2026-04-09T09:51:03.613+0000] {dag.py:3033} INFO - Sync 1 DAGs
[2026-04-09T09:51:03.635+0000] {logging_mixin.py:188} INFO - [2026-04-09T09:51:03.635+0000] {dag.py:3820} INFO - Setting next_dagrun for example_python_operator to None, run_after=None
[2026-04-09T09:51:03.827+0000] {processor.py:183} INFO - Processing /home/airflow/.local/lib/python3.8/site-packages/airflow/example_dags/example_python_operator.py took 0.258 seconds
[2026-04-09T09:51:34.445+0000] {processor.py:161} INFO - Started process (PID=12865) to work on /home/airflow/.local/lib/python3.8/site-packages/airflow/example_dags/example_python_operator.py
[2026-04-09T09:51:34.446+0000] {processor.py:830} INFO - Processing file /home/airflow/.local/lib/python3.8/site-packages/airflow/example_dags/example_python_operator.py for tasks to queue
[2026-04-09T09:51:34.448+0000] {logging_mixin.py:188} INFO - [2026-04-09T09:51:34.448+0000] {dagbag.py:538} INFO - Filling up the DagBag from /home/airflow/.local/lib/python3.8/site-packages/airflow/example_dags/example_python_operator.py
[2026-04-09T09:51:34.464+0000] {processor.py:840} INFO - DAG(s) 'example_python_operator' retrieved from /home/airflow/.local/lib/python3.8/site-packages/airflow/example_dags/example_python_operator.py
[2026-04-09T09:51:34.490+0000] {logging_mixin.py:188} INFO - [2026-04-09T09:51:34.490+0000] {dag.py:3033} INFO - Sync 1 DAGs
[2026-04-09T09:51:34.663+0000] {logging_mixin.py:188} INFO - [2026-04-09T09:51:34.663+0000] {dag.py:3820} INFO - Setting next_dagrun for example_python_operator to None, run_after=None
[2026-04-09T09:51:34.680+0000] {processor.py:183} INFO - Processing /home/airflow/.local/lib/python3.8/site-packages/airflow/example_dags/example_python_operator.py took 0.239 seconds
[2026-04-09T10:26:26.929+0000] {processor.py:161} INFO - Started process (PID=97) to work on /home/airflow/.local/lib/python3.8/site-packages/airflow/example_dags/example_python_operator.py
[2026-04-09T10:26:27.080+0000] {processor.py:830} INFO - Processing file /home/airflow/.local/lib/python3.8/site-packages/airflow/example_dags/example_python_operator.py for tasks to queue
[2026-04-09T10:26:27.084+0000] {logging_mixin.py:188} INFO - [2026-04-09T10:26:27.084+0000] {dagbag.py:538} INFO - Filling up the DagBag from /home/airflow/.local/lib/python3.8/site-packages/airflow/example_dags/example_python_operator.py
[2026-04-09T10:26:27.099+0000] {processor.py:840} INFO - DAG(s) 'example_python_operator' retrieved from /home/airflow/.local/lib/python3.8/site-packages/airflow/example_dags/example_python_operator.py
[2026-04-09T10:26:27.236+0000] {logging_mixin.py:188} INFO - [2026-04-09T10:26:27.235+0000] {dag.py:3033} INFO - Sync 1 DAGs
[2026-04-09T10:26:27.248+0000] {logging_mixin.py:188} INFO - [2026-04-09T10:26:27.248+0000] {dag.py:3820} INFO - Setting next_dagrun for example_python_operator to None, run_after=None
[2026-04-09T10:26:27.278+0000] {processor.py:183} INFO - Processing /home/airflow/.local/lib/python3.8/site-packages/airflow/example_dags/example_python_operator.py took 0.369 seconds
[2026-04-09T10:26:58.175+0000] {processor.py:161} INFO - Started process (PID=158) to work on /home/airflow/.local/lib/python3.8/site-packages/airflow/example_dags/example_python_operator.py
[2026-04-09T10:26:58.177+0000] {processor.py:830} INFO - Processing file /home/airflow/.local/lib/python3.8/site-packages/airflow/example_dags/example_python_operator.py for tasks to queue
[2026-04-09T10:26:58.179+0000] {logging_mixin.py:188} INFO - [2026-04-09T10:26:58.179+0000] {dagbag.py:538} INFO - Filling up the DagBag from /home/airflow/.local/lib/python3.8/site-packages/airflow/example_dags/example_python_operator.py
[2026-04-09T10:26:58.190+0000] {processor.py:840} INFO - DAG(s) 'example_python_operator' retrieved from /home/airflow/.local/lib/python3.8/site-packages/airflow/example_dags/example_python_operator.py
[2026-04-09T10:26:58.214+0000] {logging_mixin.py:188} INFO - [2026-04-09T10:26:58.214+0000] {dag.py:3033} INFO - Sync 1 DAGs
[2026-04-09T10:26:58.228+0000] {logging_mixin.py:188} INFO - [2026-04-09T10:26:58.228+0000] {dag.py:3820} INFO - Setting next_dagrun for example_python_operator to None, run_after=None
[2026-04-09T10:26:58.246+0000] {processor.py:183} INFO - Processing /home/airflow/.local/lib/python3.8/site-packages/airflow/example_dags/example_python_operator.py took 0.074 seconds
[2026-04-09T10:27:28.455+0000] {processor.py:161} INFO - Started process (PID=218) to work on /home/airflow/.local/lib/python3.8/site-packages/airflow/example_dags/example_python_operator.py
[2026-04-09T10:27:28.458+0000] {processor.py:830} INFO - Processing file /home/airflow/.local/lib/python3.8/site-packages/airflow/example_dags/example_python_operator.py for tasks to queue
[2026-04-09T10:27:28.463+0000] {logging_mixin.py:188} INFO - [2026-04-09T10:27:28.462+0000] {dagbag.py:538} INFO - Filling up the DagBag from /home/airflow/.local/lib/python3.8/site-packages/airflow/example_dags/example_python_operator.py
[2026-04-09T10:27:28.507+0000] {processor.py:840} INFO - DAG(s) 'example_python_operator' retrieved from /home/airflow/.local/lib/python3.8/site-packages/airflow/example_dags/example_python_operator.py
[2026-04-09T10:27:28.582+0000] {logging_mixin.py:188} INFO - [2026-04-09T10:27:28.582+0000] {dag.py:3033} INFO - Sync 1 DAGs
[2026-04-09T10:27:28.636+0000] {logging_mixin.py:188} INFO - [2026-04-09T10:27:28.635+0000] {dag.py:3820} INFO - Setting next_dagrun for example_python_operator to None, run_after=None
[2026-04-09T10:27:28.690+0000] {processor.py:183} INFO - Processing /home/airflow/.local/lib/python3.8/site-packages/airflow/example_dags/example_python_operator.py took 0.242 seconds
[2026-04-09T10:27:59.695+0000] {processor.py:161} INFO - Started process (PID=279) to work on /home/airflow/.local/lib/python3.8/site-packages/airflow/example_dags/example_python_operator.py
[2026-04-09T10:27:59.698+0000] {processor.py:830} INFO - Processing file /home/airflow/.local/lib/python3.8/site-packages/airflow/example_dags/example_python_operator.py for tasks to queue
[2026-04-09T10:27:59.702+0000] {logging_mixin.py:188} INFO - [2026-04-09T10:27:59.702+0000] {dagbag.py:538} INFO - Filling up the DagBag from /home/airflow/.local/lib/python3.8/site-packages/airflow/example_dags/example_python_operator.py
[2026-04-09T10:27:59.719+0000] {processor.py:840} INFO - DAG(s) 'example_python_operator' retrieved from /home/airflow/.local/lib/python3.8/site-packages/airflow/example_dags/example_python_operator.py
[2026-04-09T10:27:59.743+0000] {logging_mixin.py:188} INFO - [2026-04-09T10:27:59.742+0000] {dag.py:3033} INFO - Sync 1 DAGs
[2026-04-09T10:27:59.758+0000] {logging_mixin.py:188} INFO - [2026-04-09T10:27:59.758+0000] {dag.py:3820} INFO - Setting next_dagrun for example_python_operator to None, run_after=None
[2026-04-09T10:27:59.790+0000] {processor.py:183} INFO - Processing /home/airflow/.local/lib/python3.8/site-packages/airflow/example_dags/example_python_operator.py took 0.100 seconds
[2026-04-09T10:28:29.824+0000] {processor.py:161} INFO - Started process (PID=339) to work on /home/airflow/.local/lib/python3.8/site-packages/airflow/example_dags/example_python_operator.py
[2026-04-09T10:28:29.824+0000] {processor.py:830} INFO - Processing file /home/airflow/.local/lib/python3.8/site-packages/airflow/example_dags/example_python_operator.py for tasks to queue
[2026-04-09T10:28:29.826+0000] {logging_mixin.py:188} INFO - [2026-04-09T10:28:29.826+0000] {dagbag.py:538} INFO - Filling up the DagBag from /home/airflow/.local/lib/python3.8/site-packages/airflow/example_dags/example_python_operator.py
[2026-04-09T10:28:29.834+0000] {processor.py:840} INFO - DAG(s) 'example_python_operator' retrieved from /home/airflow/.local/lib/python3.8/site-packages/airflow/example_dags/example_python_operator.py
[2026-04-09T10:28:29.861+0000] {logging_mixin.py:188} INFO - [2026-04-09T10:28:29.860+0000] {dag.py:3033} INFO - Sync 1 DAGs
[2026-04-09T10:28:29.874+0000] {logging_mixin.py:188} INFO - [2026-04-09T10:28:29.874+0000] {dag.py:3820} INFO - Setting next_dagrun for example_python_operator to None, run_after=None
[2026-04-09T10:28:29.894+0000] {processor.py:183} INFO - Processing /home/airflow/.local/lib/python3.8/site-packages/airflow/example_dags/example_python_operator.py took 0.073 seconds
[2026-04-09T10:29:00.284+0000] {processor.py:161} INFO - Started process (PID=400) to work on /home/airflow/.local/lib/python3.8/site-packages/airflow/example_dags/example_python_operator.py
[2026-04-09T10:29:00.285+0000] {processor.py:830} INFO - Processing file /home/airflow/.local/lib/python3.8/site-packages/airflow/example_dags/example_python_operator.py for tasks to queue
[2026-04-09T10:29:00.287+0000] {logging_mixin.py:188} INFO - [2026-04-09T10:29:00.286+0000] {dagbag.py:538} INFO - Filling up the DagBag from /home/airflow/.local/lib/python3.8/site-packages/airflow/example_dags/example_python_operator.py
[2026-04-09T10:29:00.295+0000] {processor.py:840} INFO - DAG(s) 'example_python_operator' retrieved from /home/airflow/.local/lib/python3.8/site-packages/airflow/example_dags/example_python_operator.py
[2026-04-09T10:29:00.323+0000] {logging_mixin.py:188} INFO - [2026-04-09T10:29:00.322+0000] {dag.py:3033} INFO - Sync 1 DAGs
[2026-04-09T10:29:00.340+0000] {logging_mixin.py:188} INFO - [2026-04-09T10:29:00.340+0000] {dag.py:3820} INFO - Setting next_dagrun for example_python_operator to None, run_after=None
[2026-04-09T10:29:00.364+0000] {processor.py:183} INFO - Processing /home/airflow/.local/lib/python3.8/site-packages/airflow/example_dags/example_python_operator.py took 0.082 seconds
[2026-04-09T10:29:30.661+0000] {processor.py:161} INFO - Started process (PID=461) to work on /home/airflow/.local/lib/python3.8/site-packages/airflow/example_dags/example_python_operator.py
[2026-04-09T10:29:30.662+0000] {processor.py:830} INFO - Processing file /home/airflow/.local/lib/python3.8/site-packages/airflow/example_dags/example_python_operator.py for tasks to queue
[2026-04-09T10:29:30.663+0000] {logging_mixin.py:188} INFO - [2026-04-09T10:29:30.663+0000] {dagbag.py:538} INFO - Filling up the DagBag from /home/airflow/.local/lib/python3.8/site-packages/airflow/example_dags/example_python_operator.py
[2026-04-09T10:29:30.672+0000] {processor.py:840} INFO - DAG(s) 'example_python_operator' retrieved from /home/airflow/.local/lib/python3.8/site-packages/airflow/example_dags/example_python_operator.py
[2026-04-09T10:29:30.689+0000] {logging_mixin.py:188} INFO - [2026-04-09T10:29:30.689+0000] {dag.py:3033} INFO - Sync 1 DAGs
[2026-04-09T10:29:30.698+0000] {logging_mixin.py:188} INFO - [2026-04-09T10:29:30.698+0000] {dag.py:3820} INFO - Setting next_dagrun for example_python_operator to None, run_after=None
[2026-04-09T10:29:30.712+0000] {processor.py:183} INFO - Processing /home/airflow/.local/lib/python3.8/site-packages/airflow/example_dags/example_python_operator.py took 0.053 seconds
[2026-04-09T10:30:01.016+0000] {processor.py:161} INFO - Started process (PID=522) to work on /home/airflow/.local/lib/python3.8/site-packages/airflow/example_dags/example_python_operator.py
[2026-04-09T10:30:01.017+0000] {processor.py:830} INFO - Processing file /home/airflow/.local/lib/python3.8/site-packages/airflow/example_dags/example_python_operator.py for tasks to queue
[2026-04-09T10:30:01.019+0000] {logging_mixin.py:188} INFO - [2026-04-09T10:30:01.018+0000] {dagbag.py:538} INFO - Filling up the DagBag from /home/airflow/.local/lib/python3.8/site-packages/airflow/example_dags/example_python_operator.py
[2026-04-09T10:30:01.027+0000] {processor.py:840} INFO - DAG(s) 'example_python_operator' retrieved from /home/airflow/.local/lib/python3.8/site-packages/airflow/example_dags/example_python_operator.py
[2026-04-09T10:30:01.044+0000] {logging_mixin.py:188} INFO - [2026-04-09T10:30:01.044+0000] {dag.py:3033} INFO - Sync 1 DAGs
[2026-04-09T10:30:01.054+0000] {logging_mixin.py:188} INFO - [2026-04-09T10:30:01.054+0000] {dag.py:3820} INFO - Setting next_dagrun for example_python_operator to None, run_after=None
[2026-04-09T10:30:01.068+0000] {processor.py:183} INFO - Processing /home/airflow/.local/lib/python3.8/site-packages/airflow/example_dags/example_python_operator.py took 0.054 seconds
[2026-04-09T10:30:31.568+0000] {processor.py:161} INFO - Started process (PID=583) to work on /home/airflow/.local/lib/python3.8/site-packages/airflow/example_dags/example_python_operator.py
[2026-04-09T10:30:31.569+0000] {processor.py:830} INFO - Processing file /home/airflow/.local/lib/python3.8/site-packages/airflow/example_dags/example_python_operator.py for tasks to queue
[2026-04-09T10:30:31.571+0000] {logging_mixin.py:188} INFO - [2026-04-09T10:30:31.570+0000] {dagbag.py:538} INFO - Filling up the DagBag from /home/airflow/.local/lib/python3.8/site-packages/airflow/example_dags/example_python_operator.py
[2026-04-09T10:30:31.579+0000] {processor.py:840} INFO - DAG(s) 'example_python_operator' retrieved from /home/airflow/.local/lib/python3.8/site-packages/airflow/example_dags/example_python_operator.py
[2026-04-09T10:30:31.603+0000] {logging_mixin.py:188} INFO - [2026-04-09T10:30:31.603+0000] {dag.py:3033} INFO - Sync 1 DAGs
[2026-04-09T10:30:31.612+0000] {logging_mixin.py:188} INFO - [2026-04-09T10:30:31.612+0000] {dag.py:3820} INFO - Setting next_dagrun for example_python_operator to None, run_after=None
[2026-04-09T10:30:31.625+0000] {processor.py:183} INFO - Processing /home/airflow/.local/lib/python3.8/site-packages/airflow/example_dags/example_python_operator.py took 0.059 seconds
[2026-04-09T10:31:02.198+0000] {processor.py:161} INFO - Started process (PID=644) to work on /home/airflow/.local/lib/python3.8/site-packages/airflow/example_dags/example_python_operator.py
[2026-04-09T10:31:02.198+0000] {processor.py:830} INFO - Processing file /home/airflow/.local/lib/python3.8/site-packages/airflow/example_dags/example_python_operator.py for tasks to queue
[2026-04-09T10:31:02.200+0000] {logging_mixin.py:188} INFO - [2026-04-09T10:31:02.200+0000] {dagbag.py:538} INFO - Filling up the DagBag from /home/airflow/.local/lib/python3.8/site-packages/airflow/example_dags/example_python_operator.py
[2026-04-09T10:31:02.208+0000] {processor.py:840} INFO - DAG(s) 'example_python_operator' retrieved from /home/airflow/.local/lib/python3.8/site-packages/airflow/example_dags/example_python_operator.py
[2026-04-09T10:31:02.224+0000] {logging_mixin.py:188} INFO - [2026-04-09T10:31:02.224+0000] {dag.py:3033} INFO - Sync 1 DAGs
[2026-04-09T10:31:02.233+0000] {logging_mixin.py:188} INFO - [2026-04-09T10:31:02.233+0000] {dag.py:3820} INFO - Setting next_dagrun for example_python_operator to None, run_after=None
[2026-04-09T10:31:02.248+0000] {processor.py:183} INFO - Processing /home/airflow/.local/lib/python3.8/site-packages/airflow/example_dags/example_python_operator.py took 0.053 seconds
[2026-04-09T10:31:32.521+0000] {processor.py:161} INFO - Started process (PID=705) to work on /home/airflow/.local/lib/python3.8/site-packages/airflow/example_dags/example_python_operator.py
[2026-04-09T10:31:32.522+0000] {processor.py:830} INFO - Processing file /home/airflow/.local/lib/python3.8/site-packages/airflow/example_dags/example_python_operator.py for tasks to queue
[2026-04-09T10:31:32.524+0000] {logging_mixin.py:188} INFO - [2026-04-09T10:31:32.524+0000] {dagbag.py:538} INFO - Filling up the DagBag from /home/airflow/.local/lib/python3.8/site-packages/airflow/example_dags/example_python_operator.py
[2026-04-09T10:31:32.532+0000] {processor.py:840} INFO - DAG(s) 'example_python_operator' retrieved from /home/airflow/.local/lib/python3.8/site-packages/airflow/example_dags/example_python_operator.py
[2026-04-09T10:31:32.548+0000] {logging_mixin.py:188} INFO - [2026-04-09T10:31:32.548+0000] {dag.py:3033} INFO - Sync 1 DAGs
[2026-04-09T10:31:32.557+0000] {logging_mixin.py:188} INFO - [2026-04-09T10:31:32.557+0000] {dag.py:3820} INFO - Setting next_dagrun for example_python_operator to None, run_after=None
[2026-04-09T10:31:32.570+0000] {processor.py:183} INFO - Processing /home/airflow/.local/lib/python3.8/site-packages/airflow/example_dags/example_python_operator.py took 0.052 seconds
[2026-04-09T10:32:03.451+0000] {processor.py:161} INFO - Started process (PID=766) to work on /home/airflow/.local/lib/python3.8/site-packages/airflow/example_dags/example_python_operator.py
[2026-04-09T10:32:03.452+0000] {processor.py:830} INFO - Processing file /home/airflow/.local/lib/python3.8/site-packages/airflow/example_dags/example_python_operator.py for tasks to queue
[2026-04-09T10:32:03.454+0000] {logging_mixin.py:188} INFO - [2026-04-09T10:32:03.454+0000] {dagbag.py:538} INFO - Filling up the DagBag from /home/airflow/.local/lib/python3.8/site-packages/airflow/example_dags/example_python_operator.py
[2026-04-09T10:32:03.462+0000] {processor.py:840} INFO - DAG(s) 'example_python_operator' retrieved from /home/airflow/.local/lib/python3.8/site-packages/airflow/example_dags/example_python_operator.py
[2026-04-09T10:32:03.479+0000] {logging_mixin.py:188} INFO - [2026-04-09T10:32:03.479+0000] {dag.py:3033} INFO - Sync 1 DAGs
[2026-04-09T10:32:03.488+0000] {logging_mixin.py:188} INFO - [2026-04-09T10:32:03.488+0000] {dag.py:3820} INFO - Setting next_dagrun for example_python_operator to None, run_after=None
[2026-04-09T10:32:03.502+0000] {processor.py:183} INFO - Processing /home/airflow/.local/lib/python3.8/site-packages/airflow/example_dags/example_python_operator.py took 0.053 seconds
[2026-04-09T10:32:33.790+0000] {processor.py:161} INFO - Started process (PID=827) to work on /home/airflow/.local/lib/python3.8/site-packages/airflow/example_dags/example_python_operator.py
[2026-04-09T10:32:33.791+0000] {processor.py:830} INFO - Processing file /home/airflow/.local/lib/python3.8/site-packages/airflow/example_dags/example_python_operator.py for tasks to queue
[2026-04-09T10:32:33.793+0000] {logging_mixin.py:188} INFO - [2026-04-09T10:32:33.793+0000] {dagbag.py:538} INFO - Filling up the DagBag from /home/airflow/.local/lib/python3.8/site-packages/airflow/example_dags/example_python_operator.py
[2026-04-09T10:32:33.801+0000] {processor.py:840} INFO - DAG(s) 'example_python_operator' retrieved from /home/airflow/.local/lib/python3.8/site-packages/airflow/example_dags/example_python_operator.py
[2026-04-09T10:32:33.818+0000] {logging_mixin.py:188} INFO - [2026-04-09T10:32:33.818+0000] {dag.py:3033} INFO - Sync 1 DAGs
[2026-04-09T10:32:33.828+0000] {logging_mixin.py:188} INFO - [2026-04-09T10:32:33.828+0000] {dag.py:3820} INFO - Setting next_dagrun for example_python_operator to None, run_after=None
[2026-04-09T10:32:33.842+0000] {processor.py:183} INFO - Processing /home/airflow/.local/lib/python3.8/site-packages/airflow/example_dags/example_python_operator.py took 0.054 seconds
[2026-04-09T10:33:04.288+0000] {processor.py:161} INFO - Started process (PID=888) to work on /home/airflow/.local/lib/python3.8/site-packages/airflow/example_dags/example_python_operator.py
[2026-04-09T10:33:04.289+0000] {processor.py:830} INFO - Processing file /home/airflow/.local/lib/python3.8/site-packages/airflow/example_dags/example_python_operator.py for tasks to queue
[2026-04-09T10:33:04.290+0000] {logging_mixin.py:188} INFO - [2026-04-09T10:33:04.290+0000] {dagbag.py:538} INFO - Filling up the DagBag from /home/airflow/.local/lib/python3.8/site-packages/airflow/example_dags/example_python_operator.py
[2026-04-09T10:33:04.298+0000] {processor.py:840} INFO - DAG(s) 'example_python_operator' retrieved from /home/airflow/.local/lib/python3.8/site-packages/airflow/example_dags/example_python_operator.py
[2026-04-09T10:33:04.315+0000] {logging_mixin.py:188} INFO - [2026-04-09T10:33:04.314+0000] {dag.py:3033} INFO - Sync 1 DAGs
[2026-04-09T10:33:04.324+0000] {logging_mixin.py:188} INFO - [2026-04-09T10:33:04.324+0000] {dag.py:3820} INFO - Setting next_dagrun for example_python_operator to None, run_after=None
[2026-04-09T10:33:04.338+0000] {processor.py:183} INFO - Processing /home/airflow/.local/lib/python3.8/site-packages/airflow/example_dags/example_python_operator.py took 0.052 seconds
[2026-04-09T10:33:34.946+0000] {processor.py:161} INFO - Started process (PID=949) to work on /home/airflow/.local/lib/python3.8/site-packages/airflow/example_dags/example_python_operator.py
[2026-04-09T10:33:34.947+0000] {processor.py:830} INFO - Processing file /home/airflow/.local/lib/python3.8/site-packages/airflow/example_dags/example_python_operator.py for tasks to queue
[2026-04-09T10:33:34.948+0000] {logging_mixin.py:188} INFO - [2026-04-09T10:33:34.948+0000] {dagbag.py:538} INFO - Filling up the DagBag from /home/airflow/.local/lib/python3.8/site-packages/airflow/example_dags/example_python_operator.py
[2026-04-09T10:33:34.956+0000] {processor.py:840} INFO - DAG(s) 'example_python_operator' retrieved from /home/airflow/.local/lib/python3.8/site-packages/airflow/example_dags/example_python_operator.py
[2026-04-09T10:33:34.973+0000] {logging_mixin.py:188} INFO - [2026-04-09T10:33:34.973+0000] {dag.py:3033} INFO - Sync 1 DAGs
[2026-04-09T10:33:34.987+0000] {logging_mixin.py:188} INFO - [2026-04-09T10:33:34.987+0000] {dag.py:3820} INFO - Setting next_dagrun for example_python_operator to None, run_after=None
[2026-04-09T10:33:35.002+0000] {processor.py:183} INFO - Processing /home/airflow/.local/lib/python3.8/site-packages/airflow/example_dags/example_python_operator.py took 0.058 seconds
[2026-04-09T10:34:06.641+0000] {processor.py:161} INFO - Started process (PID=1010) to work on /home/airflow/.local/lib/python3.8/site-packages/airflow/example_dags/example_python_operator.py
[2026-04-09T10:34:06.642+0000] {processor.py:830} INFO - Processing file /home/airflow/.local/lib/python3.8/site-packages/airflow/example_dags/example_python_operator.py for tasks to queue
[2026-04-09T10:34:06.644+0000] {logging_mixin.py:188} INFO - [2026-04-09T10:34:06.644+0000] {dagbag.py:538} INFO - Filling up the DagBag from /home/airflow/.local/lib/python3.8/site-packages/airflow/example_dags/example_python_operator.py
[2026-04-09T10:34:06.655+0000] {processor.py:840} INFO - DAG(s) 'example_python_operator' retrieved from /home/airflow/.local/lib/python3.8/site-packages/airflow/example_dags/example_python_operator.py
[2026-04-09T10:34:06.679+0000] {logging_mixin.py:188} INFO - [2026-04-09T10:34:06.679+0000] {dag.py:3033} INFO - Sync 1 DAGs
[2026-04-09T10:34:06.693+0000] {logging_mixin.py:188} INFO - [2026-04-09T10:34:06.693+0000] {dag.py:3820} INFO - Setting next_dagrun for example_python_operator to None, run_after=None
[2026-04-09T10:34:06.710+0000] {processor.py:183} INFO - Processing /home/airflow/.local/lib/python3.8/site-packages/airflow/example_dags/example_python_operator.py took 0.073 seconds
[2026-04-09T10:34:38.991+0000] {processor.py:161} INFO - Started process (PID=1071) to work on /home/airflow/.local/lib/python3.8/site-packages/airflow/example_dags/example_python_operator.py
[2026-04-09T10:34:38.998+0000] {processor.py:830} INFO - Processing file /home/airflow/.local/lib/python3.8/site-packages/airflow/example_dags/example_python_operator.py for tasks to queue
[2026-04-09T10:34:39.005+0000] {logging_mixin.py:188} INFO - [2026-04-09T10:34:39.004+0000] {dagbag.py:538} INFO - Filling up the DagBag from /home/airflow/.local/lib/python3.8/site-packages/airflow/example_dags/example_python_operator.py
[2026-04-09T10:34:39.047+0000] {processor.py:840} INFO - DAG(s) 'example_python_operator' retrieved from /home/airflow/.local/lib/python3.8/site-packages/airflow/example_dags/example_python_operator.py
[2026-04-09T10:34:39.121+0000] {logging_mixin.py:188} INFO - [2026-04-09T10:34:39.120+0000] {dag.py:3033} INFO - Sync 1 DAGs
[2026-04-09T10:34:39.205+0000] {logging_mixin.py:188} INFO - [2026-04-09T10:34:39.205+0000] {dag.py:3820} INFO - Setting next_dagrun for example_python_operator to None, run_after=None
[2026-04-09T10:34:39.309+0000] {processor.py:183} INFO - Processing /home/airflow/.local/lib/python3.8/site-packages/airflow/example_dags/example_python_operator.py took 0.332 seconds
[2026-04-09T10:35:09.386+0000] {processor.py:161} INFO - Started process (PID=1132) to work on /home/airflow/.local/lib/python3.8/site-packages/airflow/example_dags/example_python_operator.py
[2026-04-09T10:35:09.387+0000] {processor.py:830} INFO - Processing file /home/airflow/.local/lib/python3.8/site-packages/airflow/example_dags/example_python_operator.py for tasks to queue
[2026-04-09T10:35:09.391+0000] {logging_mixin.py:188} INFO - [2026-04-09T10:35:09.391+0000] {dagbag.py:538} INFO - Filling up the DagBag from /home/airflow/.local/lib/python3.8/site-packages/airflow/example_dags/example_python_operator.py
[2026-04-09T10:35:09.401+0000] {processor.py:840} INFO - DAG(s) 'example_python_operator' retrieved from /home/airflow/.local/lib/python3.8/site-packages/airflow/example_dags/example_python_operator.py
[2026-04-09T10:35:09.418+0000] {logging_mixin.py:188} INFO - [2026-04-09T10:35:09.418+0000] {dag.py:3033} INFO - Sync 1 DAGs
[2026-04-09T10:35:09.427+0000] {logging_mixin.py:188} INFO - [2026-04-09T10:35:09.427+0000] {dag.py:3820} INFO - Setting next_dagrun for example_python_operator to None, run_after=None
[2026-04-09T10:35:09.440+0000] {processor.py:183} INFO - Processing /home/airflow/.local/lib/python3.8/site-packages/airflow/example_dags/example_python_operator.py took 0.058 seconds
[2026-04-09T10:35:39.796+0000] {processor.py:161} INFO - Started process (PID=1193) to work on /home/airflow/.local/lib/python3.8/site-packages/airflow/example_dags/example_python_operator.py
[2026-04-09T10:35:39.797+0000] {processor.py:830} INFO - Processing file /home/airflow/.local/lib/python3.8/site-packages/airflow/example_dags/example_python_operator.py for tasks to queue
[2026-04-09T10:35:39.799+0000] {logging_mixin.py:188} INFO - [2026-04-09T10:35:39.799+0000] {dagbag.py:538} INFO - Filling up the DagBag from /home/airflow/.local/lib/python3.8/site-packages/airflow/example_dags/example_python_operator.py
[2026-04-09T10:35:39.811+0000] {processor.py:840} INFO - DAG(s) 'example_python_operator' retrieved from /home/airflow/.local/lib/python3.8/site-packages/airflow/example_dags/example_python_operator.py
[2026-04-09T10:35:39.833+0000] {logging_mixin.py:188} INFO - [2026-04-09T10:35:39.833+0000] {dag.py:3033} INFO - Sync 1 DAGs
[2026-04-09T10:35:39.843+0000] {logging_mixin.py:188} INFO - [2026-04-09T10:35:39.843+0000] {dag.py:3820} INFO - Setting next_dagrun for example_python_operator to None, run_after=None
[2026-04-09T10:35:39.857+0000] {processor.py:183} INFO - Processing /home/airflow/.local/lib/python3.8/site-packages/airflow/example_dags/example_python_operator.py took 0.065 seconds
[2026-04-09T10:36:10.337+0000] {processor.py:161} INFO - Started process (PID=1254) to work on /home/airflow/.local/lib/python3.8/site-packages/airflow/example_dags/example_python_operator.py
[2026-04-09T10:36:10.338+0000] {processor.py:830} INFO - Processing file /home/airflow/.local/lib/python3.8/site-packages/airflow/example_dags/example_python_operator.py for tasks to queue
[2026-04-09T10:36:10.340+0000] {logging_mixin.py:188} INFO - [2026-04-09T10:36:10.340+0000] {dagbag.py:538} INFO - Filling up the DagBag from /home/airflow/.local/lib/python3.8/site-packages/airflow/example_dags/example_python_operator.py
[2026-04-09T10:36:10.352+0000] {processor.py:840} INFO - DAG(s) 'example_python_operator' retrieved from /home/airflow/.local/lib/python3.8/site-packages/airflow/example_dags/example_python_operator.py
[2026-04-09T10:36:10.375+0000] {logging_mixin.py:188} INFO - [2026-04-09T10:36:10.374+0000] {dag.py:3033} INFO - Sync 1 DAGs
[2026-04-09T10:36:10.389+0000] {logging_mixin.py:188} INFO - [2026-04-09T10:36:10.388+0000] {dag.py:3820} INFO - Setting next_dagrun for example_python_operator to None, run_after=None
[2026-04-09T10:36:10.568+0000] {processor.py:183} INFO - Processing /home/airflow/.local/lib/python3.8/site-packages/airflow/example_dags/example_python_operator.py took 0.234 seconds
[2026-04-09T10:36:41.016+0000] {processor.py:161} INFO - Started process (PID=1316) to work on /home/airflow/.local/lib/python3.8/site-packages/airflow/example_dags/example_python_operator.py
[2026-04-09T10:36:41.019+0000] {processor.py:830} INFO - Processing file /home/airflow/.local/lib/python3.8/site-packages/airflow/example_dags/example_python_operator.py for tasks to queue
[2026-04-09T10:36:41.021+0000] {logging_mixin.py:188} INFO - [2026-04-09T10:36:41.021+0000] {dagbag.py:538} INFO - Filling up the DagBag from /home/airflow/.local/lib/python3.8/site-packages/airflow/example_dags/example_python_operator.py
[2026-04-09T10:36:41.037+0000] {processor.py:840} INFO - DAG(s) 'example_python_operator' retrieved from /home/airflow/.local/lib/python3.8/site-packages/airflow/example_dags/example_python_operator.py
[2026-04-09T10:36:41.060+0000] {logging_mixin.py:188} INFO - [2026-04-09T10:36:41.060+0000] {dag.py:3033} INFO - Sync 1 DAGs
[2026-04-09T10:36:41.081+0000] {logging_mixin.py:188} INFO - [2026-04-09T10:36:41.081+0000] {dag.py:3820} INFO - Setting next_dagrun for example_python_operator to None, run_after=None
[2026-04-09T10:36:41.106+0000] {processor.py:183} INFO - Processing /home/airflow/.local/lib/python3.8/site-packages/airflow/example_dags/example_python_operator.py took 0.098 seconds
[2026-04-09T10:37:11.303+0000] {processor.py:161} INFO - Started process (PID=1378) to work on /home/airflow/.local/lib/python3.8/site-packages/airflow/example_dags/example_python_operator.py
[2026-04-09T10:37:11.304+0000] {processor.py:830} INFO - Processing file /home/airflow/.local/lib/python3.8/site-packages/airflow/example_dags/example_python_operator.py for tasks to queue
[2026-04-09T10:37:11.306+0000] {logging_mixin.py:188} INFO - [2026-04-09T10:37:11.306+0000] {dagbag.py:538} INFO - Filling up the DagBag from /home/airflow/.local/lib/python3.8/site-packages/airflow/example_dags/example_python_operator.py
[2026-04-09T10:37:11.318+0000] {processor.py:840} INFO - DAG(s) 'example_python_operator' retrieved from /home/airflow/.local/lib/python3.8/site-packages/airflow/example_dags/example_python_operator.py
[2026-04-09T10:37:11.341+0000] {logging_mixin.py:188} INFO - [2026-04-09T10:37:11.341+0000] {dag.py:3033} INFO - Sync 1 DAGs
[2026-04-09T10:37:11.353+0000] {logging_mixin.py:188} INFO - [2026-04-09T10:37:11.353+0000] {dag.py:3820} INFO - Setting next_dagrun for example_python_operator to None, run_after=None
[2026-04-09T10:37:11.366+0000] {processor.py:183} INFO - Processing /home/airflow/.local/lib/python3.8/site-packages/airflow/example_dags/example_python_operator.py took 0.072 seconds
[2026-04-09T10:37:41.549+0000] {processor.py:161} INFO - Started process (PID=1439) to work on /home/airflow/.local/lib/python3.8/site-packages/airflow/example_dags/example_python_operator.py
[2026-04-09T10:37:41.550+0000] {processor.py:830} INFO - Processing file /home/airflow/.local/lib/python3.8/site-packages/airflow/example_dags/example_python_operator.py for tasks to queue
[2026-04-09T10:37:41.553+0000] {logging_mixin.py:188} INFO - [2026-04-09T10:37:41.552+0000] {dagbag.py:538} INFO - Filling up the DagBag from /home/airflow/.local/lib/python3.8/site-packages/airflow/example_dags/example_python_operator.py
[2026-04-09T10:37:41.565+0000] {processor.py:840} INFO - DAG(s) 'example_python_operator' retrieved from /home/airflow/.local/lib/python3.8/site-packages/airflow/example_dags/example_python_operator.py
[2026-04-09T10:37:41.593+0000] {logging_mixin.py:188} INFO - [2026-04-09T10:37:41.593+0000] {dag.py:3033} INFO - Sync 1 DAGs
[2026-04-09T10:37:41.607+0000] {logging_mixin.py:188} INFO - [2026-04-09T10:37:41.607+0000] {dag.py:3820} INFO - Setting next_dagrun for example_python_operator to None, run_after=None
[2026-04-09T10:37:41.633+0000] {processor.py:183} INFO - Processing /home/airflow/.local/lib/python3.8/site-packages/airflow/example_dags/example_python_operator.py took 0.088 seconds
[2026-04-09T10:38:11.926+0000] {processor.py:161} INFO - Started process (PID=1500) to work on /home/airflow/.local/lib/python3.8/site-packages/airflow/example_dags/example_python_operator.py
[2026-04-09T10:38:11.927+0000] {processor.py:830} INFO - Processing file /home/airflow/.local/lib/python3.8/site-packages/airflow/example_dags/example_python_operator.py for tasks to queue
[2026-04-09T10:38:11.929+0000] {logging_mixin.py:188} INFO - [2026-04-09T10:38:11.929+0000] {dagbag.py:538} INFO - Filling up the DagBag from /home/airflow/.local/lib/python3.8/site-packages/airflow/example_dags/example_python_operator.py
[2026-04-09T10:38:11.942+0000] {processor.py:840} INFO - DAG(s) 'example_python_operator' retrieved from /home/airflow/.local/lib/python3.8/site-packages/airflow/example_dags/example_python_operator.py
[2026-04-09T10:38:11.966+0000] {logging_mixin.py:188} INFO - [2026-04-09T10:38:11.966+0000] {dag.py:3033} INFO - Sync 1 DAGs
[2026-04-09T10:38:11.980+0000] {logging_mixin.py:188} INFO - [2026-04-09T10:38:11.979+0000] {dag.py:3820} INFO - Setting next_dagrun for example_python_operator to None, run_after=None
[2026-04-09T10:38:11.996+0000] {processor.py:183} INFO - Processing /home/airflow/.local/lib/python3.8/site-packages/airflow/example_dags/example_python_operator.py took 0.073 seconds
[2026-04-09T10:38:42.288+0000] {processor.py:161} INFO - Started process (PID=1561) to work on /home/airflow/.local/lib/python3.8/site-packages/airflow/example_dags/example_python_operator.py
[2026-04-09T10:38:42.289+0000] {processor.py:830} INFO - Processing file /home/airflow/.local/lib/python3.8/site-packages/airflow/example_dags/example_python_operator.py for tasks to queue
[2026-04-09T10:38:42.292+0000] {logging_mixin.py:188} INFO - [2026-04-09T10:38:42.292+0000] {dagbag.py:538} INFO - Filling up the DagBag from /home/airflow/.local/lib/python3.8/site-packages/airflow/example_dags/example_python_operator.py
[2026-04-09T10:38:42.308+0000] {processor.py:840} INFO - DAG(s) 'example_python_operator' retrieved from /home/airflow/.local/lib/python3.8/site-packages/airflow/example_dags/example_python_operator.py
[2026-04-09T10:38:42.363+0000] {logging_mixin.py:188} INFO - [2026-04-09T10:38:42.363+0000] {dag.py:3033} INFO - Sync 1 DAGs
[2026-04-09T10:38:42.383+0000] {logging_mixin.py:188} INFO - [2026-04-09T10:38:42.382+0000] {dag.py:3820} INFO - Setting next_dagrun for example_python_operator to None, run_after=None
[2026-04-09T10:38:42.400+0000] {processor.py:183} INFO - Processing /home/airflow/.local/lib/python3.8/site-packages/airflow/example_dags/example_python_operator.py took 0.119 seconds
[2026-04-09T10:39:12.598+0000] {processor.py:161} INFO - Started process (PID=1622) to work on /home/airflow/.local/lib/python3.8/site-packages/airflow/example_dags/example_python_operator.py
[2026-04-09T10:39:12.598+0000] {processor.py:830} INFO - Processing file /home/airflow/.local/lib/python3.8/site-packages/airflow/example_dags/example_python_operator.py for tasks to queue
[2026-04-09T10:39:12.600+0000] {logging_mixin.py:188} INFO - [2026-04-09T10:39:12.600+0000] {dagbag.py:538} INFO - Filling up the DagBag from /home/airflow/.local/lib/python3.8/site-packages/airflow/example_dags/example_python_operator.py
[2026-04-09T10:39:12.608+0000] {processor.py:840} INFO - DAG(s) 'example_python_operator' retrieved from /home/airflow/.local/lib/python3.8/site-packages/airflow/example_dags/example_python_operator.py
[2026-04-09T10:39:12.625+0000] {logging_mixin.py:188} INFO - [2026-04-09T10:39:12.625+0000] {dag.py:3033} INFO - Sync 1 DAGs
[2026-04-09T10:39:12.634+0000] {logging_mixin.py:188} INFO - [2026-04-09T10:39:12.634+0000] {dag.py:3820} INFO - Setting next_dagrun for example_python_operator to None, run_after=None
[2026-04-09T10:39:12.647+0000] {processor.py:183} INFO - Processing /home/airflow/.local/lib/python3.8/site-packages/airflow/example_dags/example_python_operator.py took 0.052 seconds
[2026-04-09T10:39:42.844+0000] {processor.py:161} INFO - Started process (PID=1683) to work on /home/airflow/.local/lib/python3.8/site-packages/airflow/example_dags/example_python_operator.py
[2026-04-09T10:39:42.847+0000] {processor.py:830} INFO - Processing file /home/airflow/.local/lib/python3.8/site-packages/airflow/example_dags/example_python_operator.py for tasks to queue
[2026-04-09T10:39:42.851+0000] {logging_mixin.py:188} INFO - [2026-04-09T10:39:42.851+0000] {dagbag.py:538} INFO - Filling up the DagBag from /home/airflow/.local/lib/python3.8/site-packages/airflow/example_dags/example_python_operator.py
[2026-04-09T10:39:42.885+0000] {processor.py:840} INFO - DAG(s) 'example_python_operator' retrieved from /home/airflow/.local/lib/python3.8/site-packages/airflow/example_dags/example_python_operator.py
[2026-04-09T10:39:42.926+0000] {logging_mixin.py:188} INFO - [2026-04-09T10:39:42.925+0000] {dag.py:3033} INFO - Sync 1 DAGs
[2026-04-09T10:39:42.944+0000] {logging_mixin.py:188} INFO - [2026-04-09T10:39:42.944+0000] {dag.py:3820} INFO - Setting next_dagrun for example_python_operator to None, run_after=None
[2026-04-09T10:39:42.975+0000] {processor.py:183} INFO - Processing /home/airflow/.local/lib/python3.8/site-packages/airflow/example_dags/example_python_operator.py took 0.138 seconds
[2026-04-09T10:40:13.126+0000] {processor.py:161} INFO - Started process (PID=1744) to work on /home/airflow/.local/lib/python3.8/site-packages/airflow/example_dags/example_python_operator.py
[2026-04-09T10:40:13.127+0000] {processor.py:830} INFO - Processing file /home/airflow/.local/lib/python3.8/site-packages/airflow/example_dags/example_python_operator.py for tasks to queue
[2026-04-09T10:40:13.129+0000] {logging_mixin.py:188} INFO - [2026-04-09T10:40:13.129+0000] {dagbag.py:538} INFO - Filling up the DagBag from /home/airflow/.local/lib/python3.8/site-packages/airflow/example_dags/example_python_operator.py
[2026-04-09T10:40:13.138+0000] {processor.py:840} INFO - DAG(s) 'example_python_operator' retrieved from /home/airflow/.local/lib/python3.8/site-packages/airflow/example_dags/example_python_operator.py
[2026-04-09T10:40:13.154+0000] {logging_mixin.py:188} INFO - [2026-04-09T10:40:13.154+0000] {dag.py:3033} INFO - Sync 1 DAGs
[2026-04-09T10:40:13.163+0000] {logging_mixin.py:188} INFO - [2026-04-09T10:40:13.163+0000] {dag.py:3820} INFO - Setting next_dagrun for example_python_operator to None, run_after=None
[2026-04-09T10:40:13.176+0000] {processor.py:183} INFO - Processing /home/airflow/.local/lib/python3.8/site-packages/airflow/example_dags/example_python_operator.py took 0.053 seconds
[2026-04-09T10:40:43.735+0000] {processor.py:161} INFO - Started process (PID=1805) to work on /home/airflow/.local/lib/python3.8/site-packages/airflow/example_dags/example_python_operator.py
[2026-04-09T10:40:43.736+0000] {processor.py:830} INFO - Processing file /home/airflow/.local/lib/python3.8/site-packages/airflow/example_dags/example_python_operator.py for tasks to queue
[2026-04-09T10:40:43.738+0000] {logging_mixin.py:188} INFO - [2026-04-09T10:40:43.737+0000] {dagbag.py:538} INFO - Filling up the DagBag from /home/airflow/.local/lib/python3.8/site-packages/airflow/example_dags/example_python_operator.py
[2026-04-09T10:40:43.749+0000] {processor.py:840} INFO - DAG(s) 'example_python_operator' retrieved from /home/airflow/.local/lib/python3.8/site-packages/airflow/example_dags/example_python_operator.py
[2026-04-09T10:40:43.776+0000] {logging_mixin.py:188} INFO - [2026-04-09T10:40:43.775+0000] {dag.py:3033} INFO - Sync 1 DAGs
[2026-04-09T10:40:43.791+0000] {logging_mixin.py:188} INFO - [2026-04-09T10:40:43.791+0000] {dag.py:3820} INFO - Setting next_dagrun for example_python_operator to None, run_after=None
[2026-04-09T10:40:43.816+0000] {processor.py:183} INFO - Processing /home/airflow/.local/lib/python3.8/site-packages/airflow/example_dags/example_python_operator.py took 0.085 seconds
[2026-04-09T10:41:13.976+0000] {processor.py:161} INFO - Started process (PID=1866) to work on /home/airflow/.local/lib/python3.8/site-packages/airflow/example_dags/example_python_operator.py
[2026-04-09T10:41:13.977+0000] {processor.py:830} INFO - Processing file /home/airflow/.local/lib/python3.8/site-packages/airflow/example_dags/example_python_operator.py for tasks to queue
[2026-04-09T10:41:13.979+0000] {logging_mixin.py:188} INFO - [2026-04-09T10:41:13.979+0000] {dagbag.py:538} INFO - Filling up the DagBag from /home/airflow/.local/lib/python3.8/site-packages/airflow/example_dags/example_python_operator.py
[2026-04-09T10:41:13.991+0000] {processor.py:840} INFO - DAG(s) 'example_python_operator' retrieved from /home/airflow/.local/lib/python3.8/site-packages/airflow/example_dags/example_python_operator.py
[2026-04-09T10:41:14.014+0000] {logging_mixin.py:188} INFO - [2026-04-09T10:41:14.014+0000] {dag.py:3033} INFO - Sync 1 DAGs
[2026-04-09T10:41:14.028+0000] {logging_mixin.py:188} INFO - [2026-04-09T10:41:14.028+0000] {dag.py:3820} INFO - Setting next_dagrun for example_python_operator to None, run_after=None
[2026-04-09T10:41:14.043+0000] {processor.py:183} INFO - Processing /home/airflow/.local/lib/python3.8/site-packages/airflow/example_dags/example_python_operator.py took 0.071 seconds
[2026-04-09T10:41:44.663+0000] {processor.py:161} INFO - Started process (PID=1927) to work on /home/airflow/.local/lib/python3.8/site-packages/airflow/example_dags/example_python_operator.py
[2026-04-09T10:41:44.665+0000] {processor.py:830} INFO - Processing file /home/airflow/.local/lib/python3.8/site-packages/airflow/example_dags/example_python_operator.py for tasks to queue
[2026-04-09T10:41:44.668+0000] {logging_mixin.py:188} INFO - [2026-04-09T10:41:44.668+0000] {dagbag.py:538} INFO - Filling up the DagBag from /home/airflow/.local/lib/python3.8/site-packages/airflow/example_dags/example_python_operator.py
[2026-04-09T10:41:44.688+0000] {processor.py:840} INFO - DAG(s) 'example_python_operator' retrieved from /home/airflow/.local/lib/python3.8/site-packages/airflow/example_dags/example_python_operator.py
[2026-04-09T10:41:44.733+0000] {logging_mixin.py:188} INFO - [2026-04-09T10:41:44.733+0000] {dag.py:3033} INFO - Sync 1 DAGs
[2026-04-09T10:41:44.752+0000] {logging_mixin.py:188} INFO - [2026-04-09T10:41:44.752+0000] {dag.py:3820} INFO - Setting next_dagrun for example_python_operator to None, run_after=None
[2026-04-09T10:41:44.781+0000] {processor.py:183} INFO - Processing /home/airflow/.local/lib/python3.8/site-packages/airflow/example_dags/example_python_operator.py took 0.127 seconds
[2026-04-09T10:42:16.004+0000] {processor.py:161} INFO - Started process (PID=1988) to work on /home/airflow/.local/lib/python3.8/site-packages/airflow/example_dags/example_python_operator.py
[2026-04-09T10:42:16.005+0000] {processor.py:830} INFO - Processing file /home/airflow/.local/lib/python3.8/site-packages/airflow/example_dags/example_python_operator.py for tasks to queue
[2026-04-09T10:42:16.009+0000] {logging_mixin.py:188} INFO - [2026-04-09T10:42:16.009+0000] {dagbag.py:538} INFO - Filling up the DagBag from /home/airflow/.local/lib/python3.8/site-packages/airflow/example_dags/example_python_operator.py
[2026-04-09T10:42:16.029+0000] {processor.py:840} INFO - DAG(s) 'example_python_operator' retrieved from /home/airflow/.local/lib/python3.8/site-packages/airflow/example_dags/example_python_operator.py
[2026-04-09T10:42:16.111+0000] {logging_mixin.py:188} INFO - [2026-04-09T10:42:16.110+0000] {dag.py:3033} INFO - Sync 1 DAGs
[2026-04-09T10:42:16.154+0000] {logging_mixin.py:188} INFO - [2026-04-09T10:42:16.154+0000] {dag.py:3820} INFO - Setting next_dagrun for example_python_operator to None, run_after=None
[2026-04-09T10:42:16.198+0000] {processor.py:183} INFO - Processing /home/airflow/.local/lib/python3.8/site-packages/airflow/example_dags/example_python_operator.py took 0.205 seconds
[2026-04-09T10:42:46.812+0000] {processor.py:161} INFO - Started process (PID=2055) to work on /home/airflow/.local/lib/python3.8/site-packages/airflow/example_dags/example_python_operator.py
[2026-04-09T10:42:46.813+0000] {processor.py:830} INFO - Processing file /home/airflow/.local/lib/python3.8/site-packages/airflow/example_dags/example_python_operator.py for tasks to queue
[2026-04-09T10:42:46.818+0000] {logging_mixin.py:188} INFO - [2026-04-09T10:42:46.817+0000] {dagbag.py:538} INFO - Filling up the DagBag from /home/airflow/.local/lib/python3.8/site-packages/airflow/example_dags/example_python_operator.py
[2026-04-09T10:42:46.842+0000] {processor.py:840} INFO - DAG(s) 'example_python_operator' retrieved from /home/airflow/.local/lib/python3.8/site-packages/airflow/example_dags/example_python_operator.py
[2026-04-09T10:42:46.899+0000] {logging_mixin.py:188} INFO - [2026-04-09T10:42:46.898+0000] {dag.py:3033} INFO - Sync 1 DAGs
[2026-04-09T10:42:46.953+0000] {logging_mixin.py:188} INFO - [2026-04-09T10:42:46.953+0000] {dag.py:3820} INFO - Setting next_dagrun for example_python_operator to None, run_after=None
[2026-04-09T10:42:46.999+0000] {processor.py:183} INFO - Processing /home/airflow/.local/lib/python3.8/site-packages/airflow/example_dags/example_python_operator.py took 0.190 seconds
[2026-04-09T10:43:17.914+0000] {processor.py:161} INFO - Started process (PID=2116) to work on /home/airflow/.local/lib/python3.8/site-packages/airflow/example_dags/example_python_operator.py
[2026-04-09T10:43:17.915+0000] {processor.py:830} INFO - Processing file /home/airflow/.local/lib/python3.8/site-packages/airflow/example_dags/example_python_operator.py for tasks to queue
[2026-04-09T10:43:17.917+0000] {logging_mixin.py:188} INFO - [2026-04-09T10:43:17.917+0000] {dagbag.py:538} INFO - Filling up the DagBag from /home/airflow/.local/lib/python3.8/site-packages/airflow/example_dags/example_python_operator.py
[2026-04-09T10:43:17.928+0000] {processor.py:840} INFO - DAG(s) 'example_python_operator' retrieved from /home/airflow/.local/lib/python3.8/site-packages/airflow/example_dags/example_python_operator.py
[2026-04-09T10:43:17.960+0000] {logging_mixin.py:188} INFO - [2026-04-09T10:43:17.960+0000] {dag.py:3033} INFO - Sync 1 DAGs
[2026-04-09T10:43:17.988+0000] {logging_mixin.py:188} INFO - [2026-04-09T10:43:17.987+0000] {dag.py:3820} INFO - Setting next_dagrun for example_python_operator to None, run_after=None
[2026-04-09T10:43:18.022+0000] {processor.py:183} INFO - Processing /home/airflow/.local/lib/python3.8/site-packages/airflow/example_dags/example_python_operator.py took 0.111 seconds
[2026-04-09T10:43:48.836+0000] {processor.py:161} INFO - Started process (PID=2177) to work on /home/airflow/.local/lib/python3.8/site-packages/airflow/example_dags/example_python_operator.py
[2026-04-09T10:43:48.838+0000] {processor.py:830} INFO - Processing file /home/airflow/.local/lib/python3.8/site-packages/airflow/example_dags/example_python_operator.py for tasks to queue
[2026-04-09T10:43:48.840+0000] {logging_mixin.py:188} INFO - [2026-04-09T10:43:48.840+0000] {dagbag.py:538} INFO - Filling up the DagBag from /home/airflow/.local/lib/python3.8/site-packages/airflow/example_dags/example_python_operator.py
[2026-04-09T10:43:48.852+0000] {processor.py:840} INFO - DAG(s) 'example_python_operator' retrieved from /home/airflow/.local/lib/python3.8/site-packages/airflow/example_dags/example_python_operator.py
[2026-04-09T10:43:48.877+0000] {logging_mixin.py:188} INFO - [2026-04-09T10:43:48.877+0000] {dag.py:3033} INFO - Sync 1 DAGs
[2026-04-09T10:43:48.891+0000] {logging_mixin.py:188} INFO - [2026-04-09T10:43:48.891+0000] {dag.py:3820} INFO - Setting next_dagrun for example_python_operator to None, run_after=None
[2026-04-09T10:43:48.910+0000] {processor.py:183} INFO - Processing /home/airflow/.local/lib/python3.8/site-packages/airflow/example_dags/example_python_operator.py took 0.081 seconds
[2026-04-09T10:44:20.125+0000] {processor.py:161} INFO - Started process (PID=2238) to work on /home/airflow/.local/lib/python3.8/site-packages/airflow/example_dags/example_python_operator.py
[2026-04-09T10:44:20.126+0000] {processor.py:830} INFO - Processing file /home/airflow/.local/lib/python3.8/site-packages/airflow/example_dags/example_python_operator.py for tasks to queue
[2026-04-09T10:44:20.128+0000] {logging_mixin.py:188} INFO - [2026-04-09T10:44:20.128+0000] {dagbag.py:538} INFO - Filling up the DagBag from /home/airflow/.local/lib/python3.8/site-packages/airflow/example_dags/example_python_operator.py
[2026-04-09T10:44:20.143+0000] {processor.py:840} INFO - DAG(s) 'example_python_operator' retrieved from /home/airflow/.local/lib/python3.8/site-packages/airflow/example_dags/example_python_operator.py
[2026-04-09T10:44:20.168+0000] {logging_mixin.py:188} INFO - [2026-04-09T10:44:20.167+0000] {dag.py:3033} INFO - Sync 1 DAGs
[2026-04-09T10:44:20.183+0000] {logging_mixin.py:188} INFO - [2026-04-09T10:44:20.183+0000] {dag.py:3820} INFO - Setting next_dagrun for example_python_operator to None, run_after=None
[2026-04-09T10:44:20.202+0000] {processor.py:183} INFO - Processing /home/airflow/.local/lib/python3.8/site-packages/airflow/example_dags/example_python_operator.py took 0.080 seconds
[2026-04-09T10:44:51.240+0000] {processor.py:161} INFO - Started process (PID=2299) to work on /home/airflow/.local/lib/python3.8/site-packages/airflow/example_dags/example_python_operator.py
[2026-04-09T10:44:51.241+0000] {processor.py:830} INFO - Processing file /home/airflow/.local/lib/python3.8/site-packages/airflow/example_dags/example_python_operator.py for tasks to queue
[2026-04-09T10:44:51.245+0000] {logging_mixin.py:188} INFO - [2026-04-09T10:44:51.245+0000] {dagbag.py:538} INFO - Filling up the DagBag from /home/airflow/.local/lib/python3.8/site-packages/airflow/example_dags/example_python_operator.py
[2026-04-09T10:44:51.263+0000] {processor.py:840} INFO - DAG(s) 'example_python_operator' retrieved from /home/airflow/.local/lib/python3.8/site-packages/airflow/example_dags/example_python_operator.py
[2026-04-09T10:44:51.323+0000] {logging_mixin.py:188} INFO - [2026-04-09T10:44:51.323+0000] {dag.py:3033} INFO - Sync 1 DAGs
[2026-04-09T10:44:51.378+0000] {logging_mixin.py:188} INFO - [2026-04-09T10:44:51.373+0000] {dag.py:3820} INFO - Setting next_dagrun for example_python_operator to None, run_after=None
[2026-04-09T10:44:51.435+0000] {processor.py:183} INFO - Processing /home/airflow/.local/lib/python3.8/site-packages/airflow/example_dags/example_python_operator.py took 0.201 seconds
[2026-04-09T10:45:21.930+0000] {processor.py:161} INFO - Started process (PID=2360) to work on /home/airflow/.local/lib/python3.8/site-packages/airflow/example_dags/example_python_operator.py
[2026-04-09T10:45:21.931+0000] {processor.py:830} INFO - Processing file /home/airflow/.local/lib/python3.8/site-packages/airflow/example_dags/example_python_operator.py for tasks to queue
[2026-04-09T10:45:21.933+0000] {logging_mixin.py:188} INFO - [2026-04-09T10:45:21.933+0000] {dagbag.py:538} INFO - Filling up the DagBag from /home/airflow/.local/lib/python3.8/site-packages/airflow/example_dags/example_python_operator.py
[2026-04-09T10:45:21.945+0000] {processor.py:840} INFO - DAG(s) 'example_python_operator' retrieved from /home/airflow/.local/lib/python3.8/site-packages/airflow/example_dags/example_python_operator.py
[2026-04-09T10:45:21.968+0000] {logging_mixin.py:188} INFO - [2026-04-09T10:45:21.968+0000] {dag.py:3033} INFO - Sync 1 DAGs
[2026-04-09T10:45:21.982+0000] {logging_mixin.py:188} INFO - [2026-04-09T10:45:21.982+0000] {dag.py:3820} INFO - Setting next_dagrun for example_python_operator to None, run_after=None
[2026-04-09T10:45:22.010+0000] {processor.py:183} INFO - Processing /home/airflow/.local/lib/python3.8/site-packages/airflow/example_dags/example_python_operator.py took 0.084 seconds
[2026-04-09T10:45:52.069+0000] {processor.py:161} INFO - Started process (PID=2421) to work on /home/airflow/.local/lib/python3.8/site-packages/airflow/example_dags/example_python_operator.py
[2026-04-09T10:45:52.070+0000] {processor.py:830} INFO - Processing file /home/airflow/.local/lib/python3.8/site-packages/airflow/example_dags/example_python_operator.py for tasks to queue
[2026-04-09T10:45:52.072+0000] {logging_mixin.py:188} INFO - [2026-04-09T10:45:52.072+0000] {dagbag.py:538} INFO - Filling up the DagBag from /home/airflow/.local/lib/python3.8/site-packages/airflow/example_dags/example_python_operator.py
[2026-04-09T10:45:52.084+0000] {processor.py:840} INFO - DAG(s) 'example_python_operator' retrieved from /home/airflow/.local/lib/python3.8/site-packages/airflow/example_dags/example_python_operator.py
[2026-04-09T10:45:52.111+0000] {logging_mixin.py:188} INFO - [2026-04-09T10:45:52.111+0000] {dag.py:3033} INFO - Sync 1 DAGs
[2026-04-09T10:45:52.125+0000] {logging_mixin.py:188} INFO - [2026-04-09T10:45:52.125+0000] {dag.py:3820} INFO - Setting next_dagrun for example_python_operator to None, run_after=None
[2026-04-09T10:45:52.143+0000] {processor.py:183} INFO - Processing /home/airflow/.local/lib/python3.8/site-packages/airflow/example_dags/example_python_operator.py took 0.078 seconds
[2026-04-09T10:46:22.322+0000] {processor.py:161} INFO - Started process (PID=2481) to work on /home/airflow/.local/lib/python3.8/site-packages/airflow/example_dags/example_python_operator.py
[2026-04-09T10:46:22.323+0000] {processor.py:830} INFO - Processing file /home/airflow/.local/lib/python3.8/site-packages/airflow/example_dags/example_python_operator.py for tasks to queue
[2026-04-09T10:46:22.325+0000] {logging_mixin.py:188} INFO - [2026-04-09T10:46:22.325+0000] {dagbag.py:538} INFO - Filling up the DagBag from /home/airflow/.local/lib/python3.8/site-packages/airflow/example_dags/example_python_operator.py
[2026-04-09T10:46:22.341+0000] {processor.py:840} INFO - DAG(s) 'example_python_operator' retrieved from /home/airflow/.local/lib/python3.8/site-packages/airflow/example_dags/example_python_operator.py
[2026-04-09T10:46:22.380+0000] {logging_mixin.py:188} INFO - [2026-04-09T10:46:22.379+0000] {dag.py:3033} INFO - Sync 1 DAGs
[2026-04-09T10:46:22.399+0000] {logging_mixin.py:188} INFO - [2026-04-09T10:46:22.399+0000] {dag.py:3820} INFO - Setting next_dagrun for example_python_operator to None, run_after=None
[2026-04-09T10:46:22.417+0000] {processor.py:183} INFO - Processing /home/airflow/.local/lib/python3.8/site-packages/airflow/example_dags/example_python_operator.py took 0.098 seconds
[2026-04-09T10:46:52.504+0000] {processor.py:161} INFO - Started process (PID=2542) to work on /home/airflow/.local/lib/python3.8/site-packages/airflow/example_dags/example_python_operator.py
[2026-04-09T10:46:52.505+0000] {processor.py:830} INFO - Processing file /home/airflow/.local/lib/python3.8/site-packages/airflow/example_dags/example_python_operator.py for tasks to queue
[2026-04-09T10:46:52.507+0000] {logging_mixin.py:188} INFO - [2026-04-09T10:46:52.507+0000] {dagbag.py:538} INFO - Filling up the DagBag from /home/airflow/.local/lib/python3.8/site-packages/airflow/example_dags/example_python_operator.py
[2026-04-09T10:46:52.523+0000] {processor.py:840} INFO - DAG(s) 'example_python_operator' retrieved from /home/airflow/.local/lib/python3.8/site-packages/airflow/example_dags/example_python_operator.py
[2026-04-09T10:46:52.546+0000] {logging_mixin.py:188} INFO - [2026-04-09T10:46:52.546+0000] {dag.py:3033} INFO - Sync 1 DAGs
[2026-04-09T10:46:52.561+0000] {logging_mixin.py:188} INFO - [2026-04-09T10:46:52.561+0000] {dag.py:3820} INFO - Setting next_dagrun for example_python_operator to None, run_after=None
[2026-04-09T10:46:52.579+0000] {processor.py:183} INFO - Processing /home/airflow/.local/lib/python3.8/site-packages/airflow/example_dags/example_python_operator.py took 0.078 seconds
[2026-04-09T10:47:22.674+0000] {processor.py:161} INFO - Started process (PID=2603) to work on /home/airflow/.local/lib/python3.8/site-packages/airflow/example_dags/example_python_operator.py
[2026-04-09T10:47:22.675+0000] {processor.py:830} INFO - Processing file /home/airflow/.local/lib/python3.8/site-packages/airflow/example_dags/example_python_operator.py for tasks to queue
[2026-04-09T10:47:22.678+0000] {logging_mixin.py:188} INFO - [2026-04-09T10:47:22.678+0000] {dagbag.py:538} INFO - Filling up the DagBag from /home/airflow/.local/lib/python3.8/site-packages/airflow/example_dags/example_python_operator.py
[2026-04-09T10:47:22.689+0000] {processor.py:840} INFO - DAG(s) 'example_python_operator' retrieved from /home/airflow/.local/lib/python3.8/site-packages/airflow/example_dags/example_python_operator.py
[2026-04-09T10:47:22.714+0000] {logging_mixin.py:188} INFO - [2026-04-09T10:47:22.713+0000] {dag.py:3033} INFO - Sync 1 DAGs
[2026-04-09T10:47:22.727+0000] {logging_mixin.py:188} INFO - [2026-04-09T10:47:22.727+0000] {dag.py:3820} INFO - Setting next_dagrun for example_python_operator to None, run_after=None
[2026-04-09T10:47:22.744+0000] {processor.py:183} INFO - Processing /home/airflow/.local/lib/python3.8/site-packages/airflow/example_dags/example_python_operator.py took 0.073 seconds
[2026-04-09T10:47:53.023+0000] {processor.py:161} INFO - Started process (PID=2664) to work on /home/airflow/.local/lib/python3.8/site-packages/airflow/example_dags/example_python_operator.py
[2026-04-09T10:47:53.024+0000] {processor.py:830} INFO - Processing file /home/airflow/.local/lib/python3.8/site-packages/airflow/example_dags/example_python_operator.py for tasks to queue
[2026-04-09T10:47:53.026+0000] {logging_mixin.py:188} INFO - [2026-04-09T10:47:53.025+0000] {dagbag.py:538} INFO - Filling up the DagBag from /home/airflow/.local/lib/python3.8/site-packages/airflow/example_dags/example_python_operator.py
[2026-04-09T10:47:53.034+0000] {processor.py:840} INFO - DAG(s) 'example_python_operator' retrieved from /home/airflow/.local/lib/python3.8/site-packages/airflow/example_dags/example_python_operator.py
[2026-04-09T10:47:53.050+0000] {logging_mixin.py:188} INFO - [2026-04-09T10:47:53.050+0000] {dag.py:3033} INFO - Sync 1 DAGs
[2026-04-09T10:47:53.059+0000] {logging_mixin.py:188} INFO - [2026-04-09T10:47:53.059+0000] {dag.py:3820} INFO - Setting next_dagrun for example_python_operator to None, run_after=None
[2026-04-09T10:47:53.072+0000] {processor.py:183} INFO - Processing /home/airflow/.local/lib/python3.8/site-packages/airflow/example_dags/example_python_operator.py took 0.051 seconds
[2026-04-09T10:48:23.469+0000] {processor.py:161} INFO - Started process (PID=2725) to work on /home/airflow/.local/lib/python3.8/site-packages/airflow/example_dags/example_python_operator.py
[2026-04-09T10:48:23.470+0000] {processor.py:830} INFO - Processing file /home/airflow/.local/lib/python3.8/site-packages/airflow/example_dags/example_python_operator.py for tasks to queue
[2026-04-09T10:48:23.472+0000] {logging_mixin.py:188} INFO - [2026-04-09T10:48:23.472+0000] {dagbag.py:538} INFO - Filling up the DagBag from /home/airflow/.local/lib/python3.8/site-packages/airflow/example_dags/example_python_operator.py
[2026-04-09T10:48:23.484+0000] {processor.py:840} INFO - DAG(s) 'example_python_operator' retrieved from /home/airflow/.local/lib/python3.8/site-packages/airflow/example_dags/example_python_operator.py
[2026-04-09T10:48:23.508+0000] {logging_mixin.py:188} INFO - [2026-04-09T10:48:23.508+0000] {dag.py:3033} INFO - Sync 1 DAGs
[2026-04-09T10:48:23.530+0000] {logging_mixin.py:188} INFO - [2026-04-09T10:48:23.530+0000] {dag.py:3820} INFO - Setting next_dagrun for example_python_operator to None, run_after=None
[2026-04-09T10:48:23.548+0000] {processor.py:183} INFO - Processing /home/airflow/.local/lib/python3.8/site-packages/airflow/example_dags/example_python_operator.py took 0.083 seconds
[2026-04-09T10:48:53.918+0000] {processor.py:161} INFO - Started process (PID=2786) to work on /home/airflow/.local/lib/python3.8/site-packages/airflow/example_dags/example_python_operator.py
[2026-04-09T10:48:53.919+0000] {processor.py:830} INFO - Processing file /home/airflow/.local/lib/python3.8/site-packages/airflow/example_dags/example_python_operator.py for tasks to queue
[2026-04-09T10:48:53.921+0000] {logging_mixin.py:188} INFO - [2026-04-09T10:48:53.921+0000] {dagbag.py:538} INFO - Filling up the DagBag from /home/airflow/.local/lib/python3.8/site-packages/airflow/example_dags/example_python_operator.py
[2026-04-09T10:48:53.933+0000] {processor.py:840} INFO - DAG(s) 'example_python_operator' retrieved from /home/airflow/.local/lib/python3.8/site-packages/airflow/example_dags/example_python_operator.py
[2026-04-09T10:48:53.957+0000] {logging_mixin.py:188} INFO - [2026-04-09T10:48:53.957+0000] {dag.py:3033} INFO - Sync 1 DAGs
[2026-04-09T10:48:53.976+0000] {logging_mixin.py:188} INFO - [2026-04-09T10:48:53.976+0000] {dag.py:3820} INFO - Setting next_dagrun for example_python_operator to None, run_after=None
[2026-04-09T10:48:53.996+0000] {processor.py:183} INFO - Processing /home/airflow/.local/lib/python3.8/site-packages/airflow/example_dags/example_python_operator.py took 0.081 seconds
[2026-04-09T10:49:24.743+0000] {processor.py:161} INFO - Started process (PID=2847) to work on /home/airflow/.local/lib/python3.8/site-packages/airflow/example_dags/example_python_operator.py
[2026-04-09T10:49:24.744+0000] {processor.py:830} INFO - Processing file /home/airflow/.local/lib/python3.8/site-packages/airflow/example_dags/example_python_operator.py for tasks to queue
[2026-04-09T10:49:24.746+0000] {logging_mixin.py:188} INFO - [2026-04-09T10:49:24.745+0000] {dagbag.py:538} INFO - Filling up the DagBag from /home/airflow/.local/lib/python3.8/site-packages/airflow/example_dags/example_python_operator.py
[2026-04-09T10:49:24.757+0000] {processor.py:840} INFO - DAG(s) 'example_python_operator' retrieved from /home/airflow/.local/lib/python3.8/site-packages/airflow/example_dags/example_python_operator.py
[2026-04-09T10:49:24.781+0000] {logging_mixin.py:188} INFO - [2026-04-09T10:49:24.781+0000] {dag.py:3033} INFO - Sync 1 DAGs
[2026-04-09T10:49:24.796+0000] {logging_mixin.py:188} INFO - [2026-04-09T10:49:24.795+0000] {dag.py:3820} INFO - Setting next_dagrun for example_python_operator to None, run_after=None
[2026-04-09T10:49:24.820+0000] {processor.py:183} INFO - Processing /home/airflow/.local/lib/python3.8/site-packages/airflow/example_dags/example_python_operator.py took 0.080 seconds
[2026-04-09T10:49:54.871+0000] {processor.py:161} INFO - Started process (PID=2908) to work on /home/airflow/.local/lib/python3.8/site-packages/airflow/example_dags/example_python_operator.py
[2026-04-09T10:49:54.871+0000] {processor.py:830} INFO - Processing file /home/airflow/.local/lib/python3.8/site-packages/airflow/example_dags/example_python_operator.py for tasks to queue
[2026-04-09T10:49:54.873+0000] {logging_mixin.py:188} INFO - [2026-04-09T10:49:54.873+0000] {dagbag.py:538} INFO - Filling up the DagBag from /home/airflow/.local/lib/python3.8/site-packages/airflow/example_dags/example_python_operator.py
[2026-04-09T10:49:54.881+0000] {processor.py:840} INFO - DAG(s) 'example_python_operator' retrieved from /home/airflow/.local/lib/python3.8/site-packages/airflow/example_dags/example_python_operator.py
[2026-04-09T10:49:54.898+0000] {logging_mixin.py:188} INFO - [2026-04-09T10:49:54.897+0000] {dag.py:3033} INFO - Sync 1 DAGs
[2026-04-09T10:49:54.907+0000] {logging_mixin.py:188} INFO - [2026-04-09T10:49:54.907+0000] {dag.py:3820} INFO - Setting next_dagrun for example_python_operator to None, run_after=None
[2026-04-09T10:49:54.921+0000] {processor.py:183} INFO - Processing /home/airflow/.local/lib/python3.8/site-packages/airflow/example_dags/example_python_operator.py took 0.053 seconds
[2026-04-09T10:50:25.673+0000] {processor.py:161} INFO - Started process (PID=2969) to work on /home/airflow/.local/lib/python3.8/site-packages/airflow/example_dags/example_python_operator.py
[2026-04-09T10:50:25.674+0000] {processor.py:830} INFO - Processing file /home/airflow/.local/lib/python3.8/site-packages/airflow/example_dags/example_python_operator.py for tasks to queue
[2026-04-09T10:50:25.676+0000] {logging_mixin.py:188} INFO - [2026-04-09T10:50:25.676+0000] {dagbag.py:538} INFO - Filling up the DagBag from /home/airflow/.local/lib/python3.8/site-packages/airflow/example_dags/example_python_operator.py
[2026-04-09T10:50:25.695+0000] {processor.py:840} INFO - DAG(s) 'example_python_operator' retrieved from /home/airflow/.local/lib/python3.8/site-packages/airflow/example_dags/example_python_operator.py
[2026-04-09T10:50:25.718+0000] {logging_mixin.py:188} INFO - [2026-04-09T10:50:25.718+0000] {dag.py:3033} INFO - Sync 1 DAGs
[2026-04-09T10:50:25.732+0000] {logging_mixin.py:188} INFO - [2026-04-09T10:50:25.732+0000] {dag.py:3820} INFO - Setting next_dagrun for example_python_operator to None, run_after=None
[2026-04-09T10:50:25.751+0000] {processor.py:183} INFO - Processing /home/airflow/.local/lib/python3.8/site-packages/airflow/example_dags/example_python_operator.py took 0.084 seconds
[2026-04-09T10:50:56.496+0000] {processor.py:161} INFO - Started process (PID=3030) to work on /home/airflow/.local/lib/python3.8/site-packages/airflow/example_dags/example_python_operator.py
[2026-04-09T10:50:56.496+0000] {processor.py:830} INFO - Processing file /home/airflow/.local/lib/python3.8/site-packages/airflow/example_dags/example_python_operator.py for tasks to queue
[2026-04-09T10:50:56.498+0000] {logging_mixin.py:188} INFO - [2026-04-09T10:50:56.498+0000] {dagbag.py:538} INFO - Filling up the DagBag from /home/airflow/.local/lib/python3.8/site-packages/airflow/example_dags/example_python_operator.py
[2026-04-09T10:50:56.510+0000] {processor.py:840} INFO - DAG(s) 'example_python_operator' retrieved from /home/airflow/.local/lib/python3.8/site-packages/airflow/example_dags/example_python_operator.py
[2026-04-09T10:50:56.534+0000] {logging_mixin.py:188} INFO - [2026-04-09T10:50:56.533+0000] {dag.py:3033} INFO - Sync 1 DAGs
[2026-04-09T10:50:56.547+0000] {logging_mixin.py:188} INFO - [2026-04-09T10:50:56.547+0000] {dag.py:3820} INFO - Setting next_dagrun for example_python_operator to None, run_after=None
[2026-04-09T10:50:56.570+0000] {processor.py:183} INFO - Processing /home/airflow/.local/lib/python3.8/site-packages/airflow/example_dags/example_python_operator.py took 0.078 seconds
[2026-04-09T10:51:26.797+0000] {processor.py:161} INFO - Started process (PID=3091) to work on /home/airflow/.local/lib/python3.8/site-packages/airflow/example_dags/example_python_operator.py
[2026-04-09T10:51:26.798+0000] {processor.py:830} INFO - Processing file /home/airflow/.local/lib/python3.8/site-packages/airflow/example_dags/example_python_operator.py for tasks to queue
[2026-04-09T10:51:26.802+0000] {logging_mixin.py:188} INFO - [2026-04-09T10:51:26.802+0000] {dagbag.py:538} INFO - Filling up the DagBag from /home/airflow/.local/lib/python3.8/site-packages/airflow/example_dags/example_python_operator.py
[2026-04-09T10:51:26.821+0000] {processor.py:840} INFO - DAG(s) 'example_python_operator' retrieved from /home/airflow/.local/lib/python3.8/site-packages/airflow/example_dags/example_python_operator.py
[2026-04-09T10:51:26.844+0000] {logging_mixin.py:188} INFO - [2026-04-09T10:51:26.844+0000] {dag.py:3033} INFO - Sync 1 DAGs
[2026-04-09T10:51:26.853+0000] {logging_mixin.py:188} INFO - [2026-04-09T10:51:26.853+0000] {dag.py:3820} INFO - Setting next_dagrun for example_python_operator to None, run_after=None
[2026-04-09T10:51:26.867+0000] {processor.py:183} INFO - Processing /home/airflow/.local/lib/python3.8/site-packages/airflow/example_dags/example_python_operator.py took 0.077 seconds
[2026-04-09T10:51:57.682+0000] {processor.py:161} INFO - Started process (PID=3152) to work on /home/airflow/.local/lib/python3.8/site-packages/airflow/example_dags/example_python_operator.py
[2026-04-09T10:51:57.683+0000] {processor.py:830} INFO - Processing file /home/airflow/.local/lib/python3.8/site-packages/airflow/example_dags/example_python_operator.py for tasks to queue
[2026-04-09T10:51:57.685+0000] {logging_mixin.py:188} INFO - [2026-04-09T10:51:57.685+0000] {dagbag.py:538} INFO - Filling up the DagBag from /home/airflow/.local/lib/python3.8/site-packages/airflow/example_dags/example_python_operator.py
[2026-04-09T10:51:57.698+0000] {processor.py:840} INFO - DAG(s) 'example_python_operator' retrieved from /home/airflow/.local/lib/python3.8/site-packages/airflow/example_dags/example_python_operator.py
[2026-04-09T10:51:57.724+0000] {logging_mixin.py:188} INFO - [2026-04-09T10:51:57.724+0000] {dag.py:3033} INFO - Sync 1 DAGs
[2026-04-09T10:51:57.740+0000] {logging_mixin.py:188} INFO - [2026-04-09T10:51:57.740+0000] {dag.py:3820} INFO - Setting next_dagrun for example_python_operator to None, run_after=None
[2026-04-09T10:51:57.761+0000] {processor.py:183} INFO - Processing /home/airflow/.local/lib/python3.8/site-packages/airflow/example_dags/example_python_operator.py took 0.084 seconds
[2026-04-09T10:52:28.552+0000] {processor.py:161} INFO - Started process (PID=3213) to work on /home/airflow/.local/lib/python3.8/site-packages/airflow/example_dags/example_python_operator.py
[2026-04-09T10:52:28.553+0000] {processor.py:830} INFO - Processing file /home/airflow/.local/lib/python3.8/site-packages/airflow/example_dags/example_python_operator.py for tasks to queue
[2026-04-09T10:52:28.555+0000] {logging_mixin.py:188} INFO - [2026-04-09T10:52:28.555+0000] {dagbag.py:538} INFO - Filling up the DagBag from /home/airflow/.local/lib/python3.8/site-packages/airflow/example_dags/example_python_operator.py
[2026-04-09T10:52:28.567+0000] {processor.py:840} INFO - DAG(s) 'example_python_operator' retrieved from /home/airflow/.local/lib/python3.8/site-packages/airflow/example_dags/example_python_operator.py
[2026-04-09T10:52:28.592+0000] {logging_mixin.py:188} INFO - [2026-04-09T10:52:28.592+0000] {dag.py:3033} INFO - Sync 1 DAGs
[2026-04-09T10:52:28.606+0000] {logging_mixin.py:188} INFO - [2026-04-09T10:52:28.606+0000] {dag.py:3820} INFO - Setting next_dagrun for example_python_operator to None, run_after=None
[2026-04-09T10:52:28.627+0000] {processor.py:183} INFO - Processing /home/airflow/.local/lib/python3.8/site-packages/airflow/example_dags/example_python_operator.py took 0.078 seconds
[2026-04-09T10:52:58.886+0000] {processor.py:161} INFO - Started process (PID=3274) to work on /home/airflow/.local/lib/python3.8/site-packages/airflow/example_dags/example_python_operator.py
[2026-04-09T10:52:58.887+0000] {processor.py:830} INFO - Processing file /home/airflow/.local/lib/python3.8/site-packages/airflow/example_dags/example_python_operator.py for tasks to queue
[2026-04-09T10:52:58.889+0000] {logging_mixin.py:188} INFO - [2026-04-09T10:52:58.888+0000] {dagbag.py:538} INFO - Filling up the DagBag from /home/airflow/.local/lib/python3.8/site-packages/airflow/example_dags/example_python_operator.py
[2026-04-09T10:52:58.897+0000] {processor.py:840} INFO - DAG(s) 'example_python_operator' retrieved from /home/airflow/.local/lib/python3.8/site-packages/airflow/example_dags/example_python_operator.py
[2026-04-09T10:52:58.919+0000] {logging_mixin.py:188} INFO - [2026-04-09T10:52:58.919+0000] {dag.py:3033} INFO - Sync 1 DAGs
[2026-04-09T10:52:58.929+0000] {logging_mixin.py:188} INFO - [2026-04-09T10:52:58.928+0000] {dag.py:3820} INFO - Setting next_dagrun for example_python_operator to None, run_after=None
[2026-04-09T10:52:58.943+0000] {processor.py:183} INFO - Processing /home/airflow/.local/lib/python3.8/site-packages/airflow/example_dags/example_python_operator.py took 0.060 seconds
[2026-04-09T10:53:29.420+0000] {processor.py:161} INFO - Started process (PID=3335) to work on /home/airflow/.local/lib/python3.8/site-packages/airflow/example_dags/example_python_operator.py
[2026-04-09T10:53:29.420+0000] {processor.py:830} INFO - Processing file /home/airflow/.local/lib/python3.8/site-packages/airflow/example_dags/example_python_operator.py for tasks to queue
[2026-04-09T10:53:29.422+0000] {logging_mixin.py:188} INFO - [2026-04-09T10:53:29.422+0000] {dagbag.py:538} INFO - Filling up the DagBag from /home/airflow/.local/lib/python3.8/site-packages/airflow/example_dags/example_python_operator.py
[2026-04-09T10:53:29.430+0000] {processor.py:840} INFO - DAG(s) 'example_python_operator' retrieved from /home/airflow/.local/lib/python3.8/site-packages/airflow/example_dags/example_python_operator.py
[2026-04-09T10:53:29.447+0000] {logging_mixin.py:188} INFO - [2026-04-09T10:53:29.447+0000] {dag.py:3033} INFO - Sync 1 DAGs
[2026-04-09T10:53:29.457+0000] {logging_mixin.py:188} INFO - [2026-04-09T10:53:29.457+0000] {dag.py:3820} INFO - Setting next_dagrun for example_python_operator to None, run_after=None
[2026-04-09T10:53:29.471+0000] {processor.py:183} INFO - Processing /home/airflow/.local/lib/python3.8/site-packages/airflow/example_dags/example_python_operator.py took 0.054 seconds
[2026-04-09T10:53:59.608+0000] {processor.py:161} INFO - Started process (PID=3396) to work on /home/airflow/.local/lib/python3.8/site-packages/airflow/example_dags/example_python_operator.py
[2026-04-09T10:53:59.608+0000] {processor.py:830} INFO - Processing file /home/airflow/.local/lib/python3.8/site-packages/airflow/example_dags/example_python_operator.py for tasks to queue
[2026-04-09T10:53:59.610+0000] {logging_mixin.py:188} INFO - [2026-04-09T10:53:59.610+0000] {dagbag.py:538} INFO - Filling up the DagBag from /home/airflow/.local/lib/python3.8/site-packages/airflow/example_dags/example_python_operator.py
[2026-04-09T10:53:59.618+0000] {processor.py:840} INFO - DAG(s) 'example_python_operator' retrieved from /home/airflow/.local/lib/python3.8/site-packages/airflow/example_dags/example_python_operator.py
[2026-04-09T10:53:59.634+0000] {logging_mixin.py:188} INFO - [2026-04-09T10:53:59.634+0000] {dag.py:3033} INFO - Sync 1 DAGs
[2026-04-09T10:53:59.643+0000] {logging_mixin.py:188} INFO - [2026-04-09T10:53:59.643+0000] {dag.py:3820} INFO - Setting next_dagrun for example_python_operator to None, run_after=None
[2026-04-09T10:53:59.658+0000] {processor.py:183} INFO - Processing /home/airflow/.local/lib/python3.8/site-packages/airflow/example_dags/example_python_operator.py took 0.053 seconds
[2026-04-09T10:54:29.937+0000] {processor.py:161} INFO - Started process (PID=3457) to work on /home/airflow/.local/lib/python3.8/site-packages/airflow/example_dags/example_python_operator.py
[2026-04-09T10:54:29.939+0000] {processor.py:830} INFO - Processing file /home/airflow/.local/lib/python3.8/site-packages/airflow/example_dags/example_python_operator.py for tasks to queue
[2026-04-09T10:54:29.943+0000] {logging_mixin.py:188} INFO - [2026-04-09T10:54:29.943+0000] {dagbag.py:538} INFO - Filling up the DagBag from /home/airflow/.local/lib/python3.8/site-packages/airflow/example_dags/example_python_operator.py
[2026-04-09T10:54:29.965+0000] {processor.py:840} INFO - DAG(s) 'example_python_operator' retrieved from /home/airflow/.local/lib/python3.8/site-packages/airflow/example_dags/example_python_operator.py
[2026-04-09T10:54:29.995+0000] {logging_mixin.py:188} INFO - [2026-04-09T10:54:29.994+0000] {dag.py:3033} INFO - Sync 1 DAGs
[2026-04-09T10:54:30.009+0000] {logging_mixin.py:188} INFO - [2026-04-09T10:54:30.008+0000] {dag.py:3820} INFO - Setting next_dagrun for example_python_operator to None, run_after=None
[2026-04-09T10:54:30.034+0000] {processor.py:183} INFO - Processing /home/airflow/.local/lib/python3.8/site-packages/airflow/example_dags/example_python_operator.py took 0.103 seconds
[2026-04-09T10:55:00.386+0000] {processor.py:161} INFO - Started process (PID=3518) to work on /home/airflow/.local/lib/python3.8/site-packages/airflow/example_dags/example_python_operator.py
[2026-04-09T10:55:00.386+0000] {processor.py:830} INFO - Processing file /home/airflow/.local/lib/python3.8/site-packages/airflow/example_dags/example_python_operator.py for tasks to queue
[2026-04-09T10:55:00.388+0000] {logging_mixin.py:188} INFO - [2026-04-09T10:55:00.388+0000] {dagbag.py:538} INFO - Filling up the DagBag from /home/airflow/.local/lib/python3.8/site-packages/airflow/example_dags/example_python_operator.py
[2026-04-09T10:55:00.397+0000] {processor.py:840} INFO - DAG(s) 'example_python_operator' retrieved from /home/airflow/.local/lib/python3.8/site-packages/airflow/example_dags/example_python_operator.py
[2026-04-09T10:55:00.413+0000] {logging_mixin.py:188} INFO - [2026-04-09T10:55:00.413+0000] {dag.py:3033} INFO - Sync 1 DAGs
[2026-04-09T10:55:00.422+0000] {logging_mixin.py:188} INFO - [2026-04-09T10:55:00.422+0000] {dag.py:3820} INFO - Setting next_dagrun for example_python_operator to None, run_after=None
[2026-04-09T10:55:00.436+0000] {processor.py:183} INFO - Processing /home/airflow/.local/lib/python3.8/site-packages/airflow/example_dags/example_python_operator.py took 0.053 seconds
[2026-04-09T10:55:31.388+0000] {processor.py:161} INFO - Started process (PID=3579) to work on /home/airflow/.local/lib/python3.8/site-packages/airflow/example_dags/example_python_operator.py
[2026-04-09T10:55:31.389+0000] {processor.py:830} INFO - Processing file /home/airflow/.local/lib/python3.8/site-packages/airflow/example_dags/example_python_operator.py for tasks to queue
[2026-04-09T10:55:31.391+0000] {logging_mixin.py:188} INFO - [2026-04-09T10:55:31.391+0000] {dagbag.py:538} INFO - Filling up the DagBag from /home/airflow/.local/lib/python3.8/site-packages/airflow/example_dags/example_python_operator.py
[2026-04-09T10:55:31.404+0000] {processor.py:840} INFO - DAG(s) 'example_python_operator' retrieved from /home/airflow/.local/lib/python3.8/site-packages/airflow/example_dags/example_python_operator.py
[2026-04-09T10:55:31.428+0000] {logging_mixin.py:188} INFO - [2026-04-09T10:55:31.428+0000] {dag.py:3033} INFO - Sync 1 DAGs
[2026-04-09T10:55:31.443+0000] {logging_mixin.py:188} INFO - [2026-04-09T10:55:31.443+0000] {dag.py:3820} INFO - Setting next_dagrun for example_python_operator to None, run_after=None
[2026-04-09T10:55:31.461+0000] {processor.py:183} INFO - Processing /home/airflow/.local/lib/python3.8/site-packages/airflow/example_dags/example_python_operator.py took 0.076 seconds
[2026-04-09T10:56:01.699+0000] {processor.py:161} INFO - Started process (PID=3640) to work on /home/airflow/.local/lib/python3.8/site-packages/airflow/example_dags/example_python_operator.py
[2026-04-09T10:56:01.700+0000] {processor.py:830} INFO - Processing file /home/airflow/.local/lib/python3.8/site-packages/airflow/example_dags/example_python_operator.py for tasks to queue
[2026-04-09T10:56:01.704+0000] {logging_mixin.py:188} INFO - [2026-04-09T10:56:01.703+0000] {dagbag.py:538} INFO - Filling up the DagBag from /home/airflow/.local/lib/python3.8/site-packages/airflow/example_dags/example_python_operator.py
[2026-04-09T10:56:01.727+0000] {processor.py:840} INFO - DAG(s) 'example_python_operator' retrieved from /home/airflow/.local/lib/python3.8/site-packages/airflow/example_dags/example_python_operator.py
[2026-04-09T10:56:01.750+0000] {logging_mixin.py:188} INFO - [2026-04-09T10:56:01.750+0000] {dag.py:3033} INFO - Sync 1 DAGs
[2026-04-09T10:56:01.767+0000] {logging_mixin.py:188} INFO - [2026-04-09T10:56:01.767+0000] {dag.py:3820} INFO - Setting next_dagrun for example_python_operator to None, run_after=None
[2026-04-09T10:56:01.785+0000] {processor.py:183} INFO - Processing /home/airflow/.local/lib/python3.8/site-packages/airflow/example_dags/example_python_operator.py took 0.090 seconds
[2026-04-09T10:56:31.938+0000] {processor.py:161} INFO - Started process (PID=3701) to work on /home/airflow/.local/lib/python3.8/site-packages/airflow/example_dags/example_python_operator.py
[2026-04-09T10:56:31.939+0000] {processor.py:830} INFO - Processing file /home/airflow/.local/lib/python3.8/site-packages/airflow/example_dags/example_python_operator.py for tasks to queue
[2026-04-09T10:56:31.940+0000] {logging_mixin.py:188} INFO - [2026-04-09T10:56:31.940+0000] {dagbag.py:538} INFO - Filling up the DagBag from /home/airflow/.local/lib/python3.8/site-packages/airflow/example_dags/example_python_operator.py
[2026-04-09T10:56:31.948+0000] {processor.py:840} INFO - DAG(s) 'example_python_operator' retrieved from /home/airflow/.local/lib/python3.8/site-packages/airflow/example_dags/example_python_operator.py
[2026-04-09T10:56:31.965+0000] {logging_mixin.py:188} INFO - [2026-04-09T10:56:31.965+0000] {dag.py:3033} INFO - Sync 1 DAGs
[2026-04-09T10:56:31.974+0000] {logging_mixin.py:188} INFO - [2026-04-09T10:56:31.974+0000] {dag.py:3820} INFO - Setting next_dagrun for example_python_operator to None, run_after=None
[2026-04-09T10:56:31.987+0000] {processor.py:183} INFO - Processing /home/airflow/.local/lib/python3.8/site-packages/airflow/example_dags/example_python_operator.py took 0.052 seconds
[2026-04-09T10:57:02.427+0000] {processor.py:161} INFO - Started process (PID=3762) to work on /home/airflow/.local/lib/python3.8/site-packages/airflow/example_dags/example_python_operator.py
[2026-04-09T10:57:02.428+0000] {processor.py:830} INFO - Processing file /home/airflow/.local/lib/python3.8/site-packages/airflow/example_dags/example_python_operator.py for tasks to queue
[2026-04-09T10:57:02.429+0000] {logging_mixin.py:188} INFO - [2026-04-09T10:57:02.429+0000] {dagbag.py:538} INFO - Filling up the DagBag from /home/airflow/.local/lib/python3.8/site-packages/airflow/example_dags/example_python_operator.py
[2026-04-09T10:57:02.438+0000] {processor.py:840} INFO - DAG(s) 'example_python_operator' retrieved from /home/airflow/.local/lib/python3.8/site-packages/airflow/example_dags/example_python_operator.py
[2026-04-09T10:57:02.455+0000] {logging_mixin.py:188} INFO - [2026-04-09T10:57:02.455+0000] {dag.py:3033} INFO - Sync 1 DAGs
[2026-04-09T10:57:02.464+0000] {logging_mixin.py:188} INFO - [2026-04-09T10:57:02.464+0000] {dag.py:3820} INFO - Setting next_dagrun for example_python_operator to None, run_after=None
[2026-04-09T10:57:02.477+0000] {processor.py:183} INFO - Processing /home/airflow/.local/lib/python3.8/site-packages/airflow/example_dags/example_python_operator.py took 0.053 seconds
[2026-04-09T10:57:32.709+0000] {processor.py:161} INFO - Started process (PID=3823) to work on /home/airflow/.local/lib/python3.8/site-packages/airflow/example_dags/example_python_operator.py
[2026-04-09T10:57:32.710+0000] {processor.py:830} INFO - Processing file /home/airflow/.local/lib/python3.8/site-packages/airflow/example_dags/example_python_operator.py for tasks to queue
[2026-04-09T10:57:32.712+0000] {logging_mixin.py:188} INFO - [2026-04-09T10:57:32.712+0000] {dagbag.py:538} INFO - Filling up the DagBag from /home/airflow/.local/lib/python3.8/site-packages/airflow/example_dags/example_python_operator.py
[2026-04-09T10:57:32.724+0000] {processor.py:840} INFO - DAG(s) 'example_python_operator' retrieved from /home/airflow/.local/lib/python3.8/site-packages/airflow/example_dags/example_python_operator.py
[2026-04-09T10:57:32.748+0000] {logging_mixin.py:188} INFO - [2026-04-09T10:57:32.748+0000] {dag.py:3033} INFO - Sync 1 DAGs
[2026-04-09T10:57:32.763+0000] {logging_mixin.py:188} INFO - [2026-04-09T10:57:32.762+0000] {dag.py:3820} INFO - Setting next_dagrun for example_python_operator to None, run_after=None
[2026-04-09T10:57:32.784+0000] {processor.py:183} INFO - Processing /home/airflow/.local/lib/python3.8/site-packages/airflow/example_dags/example_python_operator.py took 0.079 seconds
[2026-04-09T10:58:03.153+0000] {processor.py:161} INFO - Started process (PID=3884) to work on /home/airflow/.local/lib/python3.8/site-packages/airflow/example_dags/example_python_operator.py
[2026-04-09T10:58:03.155+0000] {processor.py:830} INFO - Processing file /home/airflow/.local/lib/python3.8/site-packages/airflow/example_dags/example_python_operator.py for tasks to queue
[2026-04-09T10:58:03.161+0000] {logging_mixin.py:188} INFO - [2026-04-09T10:58:03.161+0000] {dagbag.py:538} INFO - Filling up the DagBag from /home/airflow/.local/lib/python3.8/site-packages/airflow/example_dags/example_python_operator.py
[2026-04-09T10:58:03.185+0000] {processor.py:840} INFO - DAG(s) 'example_python_operator' retrieved from /home/airflow/.local/lib/python3.8/site-packages/airflow/example_dags/example_python_operator.py
[2026-04-09T10:58:03.224+0000] {logging_mixin.py:188} INFO - [2026-04-09T10:58:03.223+0000] {dag.py:3033} INFO - Sync 1 DAGs
[2026-04-09T10:58:03.238+0000] {logging_mixin.py:188} INFO - [2026-04-09T10:58:03.238+0000] {dag.py:3820} INFO - Setting next_dagrun for example_python_operator to None, run_after=None
[2026-04-09T10:58:03.255+0000] {processor.py:183} INFO - Processing /home/airflow/.local/lib/python3.8/site-packages/airflow/example_dags/example_python_operator.py took 0.109 seconds
[2026-04-09T10:58:33.294+0000] {processor.py:161} INFO - Started process (PID=3945) to work on /home/airflow/.local/lib/python3.8/site-packages/airflow/example_dags/example_python_operator.py
[2026-04-09T10:58:33.295+0000] {processor.py:830} INFO - Processing file /home/airflow/.local/lib/python3.8/site-packages/airflow/example_dags/example_python_operator.py for tasks to queue
[2026-04-09T10:58:33.296+0000] {logging_mixin.py:188} INFO - [2026-04-09T10:58:33.296+0000] {dagbag.py:538} INFO - Filling up the DagBag from /home/airflow/.local/lib/python3.8/site-packages/airflow/example_dags/example_python_operator.py
[2026-04-09T10:58:33.304+0000] {processor.py:840} INFO - DAG(s) 'example_python_operator' retrieved from /home/airflow/.local/lib/python3.8/site-packages/airflow/example_dags/example_python_operator.py
[2026-04-09T10:58:33.330+0000] {logging_mixin.py:188} INFO - [2026-04-09T10:58:33.330+0000] {dag.py:3033} INFO - Sync 1 DAGs
[2026-04-09T10:58:33.344+0000] {logging_mixin.py:188} INFO - [2026-04-09T10:58:33.343+0000] {dag.py:3820} INFO - Setting next_dagrun for example_python_operator to None, run_after=None
[2026-04-09T10:58:33.364+0000] {processor.py:183} INFO - Processing /home/airflow/.local/lib/python3.8/site-packages/airflow/example_dags/example_python_operator.py took 0.072 seconds
[2026-04-09T12:02:52.244+0000] {processor.py:161} INFO - Started process (PID=91) to work on /home/airflow/.local/lib/python3.8/site-packages/airflow/example_dags/example_python_operator.py
[2026-04-09T12:02:52.249+0000] {processor.py:830} INFO - Processing file /home/airflow/.local/lib/python3.8/site-packages/airflow/example_dags/example_python_operator.py for tasks to queue
[2026-04-09T12:02:52.261+0000] {logging_mixin.py:188} INFO - [2026-04-09T12:02:52.260+0000] {dagbag.py:538} INFO - Filling up the DagBag from /home/airflow/.local/lib/python3.8/site-packages/airflow/example_dags/example_python_operator.py
[2026-04-09T12:02:52.287+0000] {processor.py:840} INFO - DAG(s) 'example_python_operator' retrieved from /home/airflow/.local/lib/python3.8/site-packages/airflow/example_dags/example_python_operator.py
[2026-04-09T12:02:52.588+0000] {logging_mixin.py:188} INFO - [2026-04-09T12:02:52.588+0000] {dag.py:3033} INFO - Sync 1 DAGs
[2026-04-09T12:02:52.628+0000] {logging_mixin.py:188} INFO - [2026-04-09T12:02:52.627+0000] {dag.py:3820} INFO - Setting next_dagrun for example_python_operator to None, run_after=None
[2026-04-09T12:02:52.675+0000] {processor.py:183} INFO - Processing /home/airflow/.local/lib/python3.8/site-packages/airflow/example_dags/example_python_operator.py took 0.438 seconds
[2026-04-09T12:03:22.714+0000] {processor.py:161} INFO - Started process (PID=152) to work on /home/airflow/.local/lib/python3.8/site-packages/airflow/example_dags/example_python_operator.py
[2026-04-09T12:03:22.714+0000] {processor.py:830} INFO - Processing file /home/airflow/.local/lib/python3.8/site-packages/airflow/example_dags/example_python_operator.py for tasks to queue
[2026-04-09T12:03:22.716+0000] {logging_mixin.py:188} INFO - [2026-04-09T12:03:22.715+0000] {dagbag.py:538} INFO - Filling up the DagBag from /home/airflow/.local/lib/python3.8/site-packages/airflow/example_dags/example_python_operator.py
[2026-04-09T12:03:22.725+0000] {processor.py:840} INFO - DAG(s) 'example_python_operator' retrieved from /home/airflow/.local/lib/python3.8/site-packages/airflow/example_dags/example_python_operator.py
[2026-04-09T12:03:22.742+0000] {logging_mixin.py:188} INFO - [2026-04-09T12:03:22.742+0000] {dag.py:3033} INFO - Sync 1 DAGs
[2026-04-09T12:03:22.751+0000] {logging_mixin.py:188} INFO - [2026-04-09T12:03:22.751+0000] {dag.py:3820} INFO - Setting next_dagrun for example_python_operator to None, run_after=None
[2026-04-09T12:03:22.765+0000] {processor.py:183} INFO - Processing /home/airflow/.local/lib/python3.8/site-packages/airflow/example_dags/example_python_operator.py took 0.054 seconds
[2026-04-09T12:03:52.963+0000] {processor.py:161} INFO - Started process (PID=213) to work on /home/airflow/.local/lib/python3.8/site-packages/airflow/example_dags/example_python_operator.py
[2026-04-09T12:03:52.964+0000] {processor.py:830} INFO - Processing file /home/airflow/.local/lib/python3.8/site-packages/airflow/example_dags/example_python_operator.py for tasks to queue
[2026-04-09T12:03:52.966+0000] {logging_mixin.py:188} INFO - [2026-04-09T12:03:52.966+0000] {dagbag.py:538} INFO - Filling up the DagBag from /home/airflow/.local/lib/python3.8/site-packages/airflow/example_dags/example_python_operator.py
[2026-04-09T12:03:52.977+0000] {processor.py:840} INFO - DAG(s) 'example_python_operator' retrieved from /home/airflow/.local/lib/python3.8/site-packages/airflow/example_dags/example_python_operator.py
[2026-04-09T12:03:52.999+0000] {logging_mixin.py:188} INFO - [2026-04-09T12:03:52.999+0000] {dag.py:3033} INFO - Sync 1 DAGs
[2026-04-09T12:03:53.012+0000] {logging_mixin.py:188} INFO - [2026-04-09T12:03:53.012+0000] {dag.py:3820} INFO - Setting next_dagrun for example_python_operator to None, run_after=None
[2026-04-09T12:03:53.031+0000] {processor.py:183} INFO - Processing /home/airflow/.local/lib/python3.8/site-packages/airflow/example_dags/example_python_operator.py took 0.071 seconds
[2026-04-09T12:04:23.314+0000] {processor.py:161} INFO - Started process (PID=274) to work on /home/airflow/.local/lib/python3.8/site-packages/airflow/example_dags/example_python_operator.py
[2026-04-09T12:04:23.315+0000] {processor.py:830} INFO - Processing file /home/airflow/.local/lib/python3.8/site-packages/airflow/example_dags/example_python_operator.py for tasks to queue
[2026-04-09T12:04:23.317+0000] {logging_mixin.py:188} INFO - [2026-04-09T12:04:23.317+0000] {dagbag.py:538} INFO - Filling up the DagBag from /home/airflow/.local/lib/python3.8/site-packages/airflow/example_dags/example_python_operator.py
[2026-04-09T12:04:23.328+0000] {processor.py:840} INFO - DAG(s) 'example_python_operator' retrieved from /home/airflow/.local/lib/python3.8/site-packages/airflow/example_dags/example_python_operator.py
[2026-04-09T12:04:23.351+0000] {logging_mixin.py:188} INFO - [2026-04-09T12:04:23.351+0000] {dag.py:3033} INFO - Sync 1 DAGs
[2026-04-09T12:04:23.365+0000] {logging_mixin.py:188} INFO - [2026-04-09T12:04:23.365+0000] {dag.py:3820} INFO - Setting next_dagrun for example_python_operator to None, run_after=None
[2026-04-09T12:04:23.383+0000] {processor.py:183} INFO - Processing /home/airflow/.local/lib/python3.8/site-packages/airflow/example_dags/example_python_operator.py took 0.073 seconds
[2026-04-09T12:04:53.679+0000] {processor.py:161} INFO - Started process (PID=335) to work on /home/airflow/.local/lib/python3.8/site-packages/airflow/example_dags/example_python_operator.py
[2026-04-09T12:04:53.680+0000] {processor.py:830} INFO - Processing file /home/airflow/.local/lib/python3.8/site-packages/airflow/example_dags/example_python_operator.py for tasks to queue
[2026-04-09T12:04:53.682+0000] {logging_mixin.py:188} INFO - [2026-04-09T12:04:53.682+0000] {dagbag.py:538} INFO - Filling up the DagBag from /home/airflow/.local/lib/python3.8/site-packages/airflow/example_dags/example_python_operator.py
[2026-04-09T12:04:53.693+0000] {processor.py:840} INFO - DAG(s) 'example_python_operator' retrieved from /home/airflow/.local/lib/python3.8/site-packages/airflow/example_dags/example_python_operator.py
[2026-04-09T12:04:53.718+0000] {logging_mixin.py:188} INFO - [2026-04-09T12:04:53.718+0000] {dag.py:3033} INFO - Sync 1 DAGs
[2026-04-09T12:04:53.732+0000] {logging_mixin.py:188} INFO - [2026-04-09T12:04:53.732+0000] {dag.py:3820} INFO - Setting next_dagrun for example_python_operator to None, run_after=None
[2026-04-09T12:04:53.750+0000] {processor.py:183} INFO - Processing /home/airflow/.local/lib/python3.8/site-packages/airflow/example_dags/example_python_operator.py took 0.075 seconds
[2026-04-09T12:05:24.147+0000] {processor.py:161} INFO - Started process (PID=396) to work on /home/airflow/.local/lib/python3.8/site-packages/airflow/example_dags/example_python_operator.py
[2026-04-09T12:05:24.148+0000] {processor.py:830} INFO - Processing file /home/airflow/.local/lib/python3.8/site-packages/airflow/example_dags/example_python_operator.py for tasks to queue
[2026-04-09T12:05:24.150+0000] {logging_mixin.py:188} INFO - [2026-04-09T12:05:24.150+0000] {dagbag.py:538} INFO - Filling up the DagBag from /home/airflow/.local/lib/python3.8/site-packages/airflow/example_dags/example_python_operator.py
[2026-04-09T12:05:24.161+0000] {processor.py:840} INFO - DAG(s) 'example_python_operator' retrieved from /home/airflow/.local/lib/python3.8/site-packages/airflow/example_dags/example_python_operator.py
[2026-04-09T12:05:24.184+0000] {logging_mixin.py:188} INFO - [2026-04-09T12:05:24.184+0000] {dag.py:3033} INFO - Sync 1 DAGs
[2026-04-09T12:05:24.197+0000] {logging_mixin.py:188} INFO - [2026-04-09T12:05:24.197+0000] {dag.py:3820} INFO - Setting next_dagrun for example_python_operator to None, run_after=None
[2026-04-09T12:05:24.216+0000] {processor.py:183} INFO - Processing /home/airflow/.local/lib/python3.8/site-packages/airflow/example_dags/example_python_operator.py took 0.071 seconds
[2026-04-09T12:05:54.360+0000] {processor.py:161} INFO - Started process (PID=457) to work on /home/airflow/.local/lib/python3.8/site-packages/airflow/example_dags/example_python_operator.py
[2026-04-09T12:05:54.364+0000] {processor.py:830} INFO - Processing file /home/airflow/.local/lib/python3.8/site-packages/airflow/example_dags/example_python_operator.py for tasks to queue
[2026-04-09T12:05:54.366+0000] {logging_mixin.py:188} INFO - [2026-04-09T12:05:54.366+0000] {dagbag.py:538} INFO - Filling up the DagBag from /home/airflow/.local/lib/python3.8/site-packages/airflow/example_dags/example_python_operator.py
[2026-04-09T12:05:54.377+0000] {processor.py:840} INFO - DAG(s) 'example_python_operator' retrieved from /home/airflow/.local/lib/python3.8/site-packages/airflow/example_dags/example_python_operator.py
[2026-04-09T12:05:54.403+0000] {logging_mixin.py:188} INFO - [2026-04-09T12:05:54.403+0000] {dag.py:3033} INFO - Sync 1 DAGs
[2026-04-09T12:05:54.418+0000] {logging_mixin.py:188} INFO - [2026-04-09T12:05:54.418+0000] {dag.py:3820} INFO - Setting next_dagrun for example_python_operator to None, run_after=None
[2026-04-09T12:05:54.438+0000] {processor.py:183} INFO - Processing /home/airflow/.local/lib/python3.8/site-packages/airflow/example_dags/example_python_operator.py took 0.081 seconds
[2026-04-09T12:06:24.867+0000] {processor.py:161} INFO - Started process (PID=518) to work on /home/airflow/.local/lib/python3.8/site-packages/airflow/example_dags/example_python_operator.py
[2026-04-09T12:06:24.868+0000] {processor.py:830} INFO - Processing file /home/airflow/.local/lib/python3.8/site-packages/airflow/example_dags/example_python_operator.py for tasks to queue
[2026-04-09T12:06:24.870+0000] {logging_mixin.py:188} INFO - [2026-04-09T12:06:24.869+0000] {dagbag.py:538} INFO - Filling up the DagBag from /home/airflow/.local/lib/python3.8/site-packages/airflow/example_dags/example_python_operator.py
[2026-04-09T12:06:24.881+0000] {processor.py:840} INFO - DAG(s) 'example_python_operator' retrieved from /home/airflow/.local/lib/python3.8/site-packages/airflow/example_dags/example_python_operator.py
[2026-04-09T12:06:24.904+0000] {logging_mixin.py:188} INFO - [2026-04-09T12:06:24.904+0000] {dag.py:3033} INFO - Sync 1 DAGs
[2026-04-09T12:06:24.918+0000] {logging_mixin.py:188} INFO - [2026-04-09T12:06:24.918+0000] {dag.py:3820} INFO - Setting next_dagrun for example_python_operator to None, run_after=None
[2026-04-09T12:06:24.938+0000] {processor.py:183} INFO - Processing /home/airflow/.local/lib/python3.8/site-packages/airflow/example_dags/example_python_operator.py took 0.074 seconds
[2026-04-09T12:06:55.849+0000] {processor.py:161} INFO - Started process (PID=579) to work on /home/airflow/.local/lib/python3.8/site-packages/airflow/example_dags/example_python_operator.py
[2026-04-09T12:06:55.852+0000] {processor.py:830} INFO - Processing file /home/airflow/.local/lib/python3.8/site-packages/airflow/example_dags/example_python_operator.py for tasks to queue
[2026-04-09T12:06:55.854+0000] {logging_mixin.py:188} INFO - [2026-04-09T12:06:55.854+0000] {dagbag.py:538} INFO - Filling up the DagBag from /home/airflow/.local/lib/python3.8/site-packages/airflow/example_dags/example_python_operator.py
[2026-04-09T12:06:55.866+0000] {processor.py:840} INFO - DAG(s) 'example_python_operator' retrieved from /home/airflow/.local/lib/python3.8/site-packages/airflow/example_dags/example_python_operator.py
[2026-04-09T12:06:55.894+0000] {logging_mixin.py:188} INFO - [2026-04-09T12:06:55.893+0000] {dag.py:3033} INFO - Sync 1 DAGs
[2026-04-09T12:06:55.908+0000] {logging_mixin.py:188} INFO - [2026-04-09T12:06:55.908+0000] {dag.py:3820} INFO - Setting next_dagrun for example_python_operator to None, run_after=None
[2026-04-09T12:06:55.927+0000] {processor.py:183} INFO - Processing /home/airflow/.local/lib/python3.8/site-packages/airflow/example_dags/example_python_operator.py took 0.081 seconds
[2026-04-09T12:07:26.004+0000] {processor.py:161} INFO - Started process (PID=640) to work on /home/airflow/.local/lib/python3.8/site-packages/airflow/example_dags/example_python_operator.py
[2026-04-09T12:07:26.005+0000] {processor.py:830} INFO - Processing file /home/airflow/.local/lib/python3.8/site-packages/airflow/example_dags/example_python_operator.py for tasks to queue
[2026-04-09T12:07:26.008+0000] {logging_mixin.py:188} INFO - [2026-04-09T12:07:26.007+0000] {dagbag.py:538} INFO - Filling up the DagBag from /home/airflow/.local/lib/python3.8/site-packages/airflow/example_dags/example_python_operator.py
[2026-04-09T12:07:26.019+0000] {processor.py:840} INFO - DAG(s) 'example_python_operator' retrieved from /home/airflow/.local/lib/python3.8/site-packages/airflow/example_dags/example_python_operator.py
[2026-04-09T12:07:26.043+0000] {logging_mixin.py:188} INFO - [2026-04-09T12:07:26.043+0000] {dag.py:3033} INFO - Sync 1 DAGs
[2026-04-09T12:07:26.057+0000] {logging_mixin.py:188} INFO - [2026-04-09T12:07:26.057+0000] {dag.py:3820} INFO - Setting next_dagrun for example_python_operator to None, run_after=None
[2026-04-09T12:07:26.075+0000] {processor.py:183} INFO - Processing /home/airflow/.local/lib/python3.8/site-packages/airflow/example_dags/example_python_operator.py took 0.075 seconds
[2026-04-09T12:07:57.404+0000] {processor.py:161} INFO - Started process (PID=701) to work on /home/airflow/.local/lib/python3.8/site-packages/airflow/example_dags/example_python_operator.py
[2026-04-09T12:07:57.407+0000] {processor.py:830} INFO - Processing file /home/airflow/.local/lib/python3.8/site-packages/airflow/example_dags/example_python_operator.py for tasks to queue
[2026-04-09T12:07:57.409+0000] {logging_mixin.py:188} INFO - [2026-04-09T12:07:57.409+0000] {dagbag.py:538} INFO - Filling up the DagBag from /home/airflow/.local/lib/python3.8/site-packages/airflow/example_dags/example_python_operator.py
[2026-04-09T12:07:57.421+0000] {processor.py:840} INFO - DAG(s) 'example_python_operator' retrieved from /home/airflow/.local/lib/python3.8/site-packages/airflow/example_dags/example_python_operator.py
[2026-04-09T12:07:57.476+0000] {logging_mixin.py:188} INFO - [2026-04-09T12:07:57.476+0000] {dag.py:3033} INFO - Sync 1 DAGs
[2026-04-09T12:07:57.535+0000] {logging_mixin.py:188} INFO - [2026-04-09T12:07:57.535+0000] {dag.py:3820} INFO - Setting next_dagrun for example_python_operator to None, run_after=None
[2026-04-09T12:07:57.633+0000] {processor.py:183} INFO - Processing /home/airflow/.local/lib/python3.8/site-packages/airflow/example_dags/example_python_operator.py took 0.237 seconds
[2026-04-09T12:08:28.214+0000] {processor.py:161} INFO - Started process (PID=762) to work on /home/airflow/.local/lib/python3.8/site-packages/airflow/example_dags/example_python_operator.py
[2026-04-09T12:08:28.214+0000] {processor.py:830} INFO - Processing file /home/airflow/.local/lib/python3.8/site-packages/airflow/example_dags/example_python_operator.py for tasks to queue
[2026-04-09T12:08:28.216+0000] {logging_mixin.py:188} INFO - [2026-04-09T12:08:28.216+0000] {dagbag.py:538} INFO - Filling up the DagBag from /home/airflow/.local/lib/python3.8/site-packages/airflow/example_dags/example_python_operator.py
[2026-04-09T12:08:28.228+0000] {processor.py:840} INFO - DAG(s) 'example_python_operator' retrieved from /home/airflow/.local/lib/python3.8/site-packages/airflow/example_dags/example_python_operator.py
[2026-04-09T12:08:28.254+0000] {logging_mixin.py:188} INFO - [2026-04-09T12:08:28.254+0000] {dag.py:3033} INFO - Sync 1 DAGs
[2026-04-09T12:08:28.268+0000] {logging_mixin.py:188} INFO - [2026-04-09T12:08:28.268+0000] {dag.py:3820} INFO - Setting next_dagrun for example_python_operator to None, run_after=None
[2026-04-09T12:08:28.285+0000] {processor.py:183} INFO - Processing /home/airflow/.local/lib/python3.8/site-packages/airflow/example_dags/example_python_operator.py took 0.075 seconds
[2026-04-09T12:08:59.448+0000] {processor.py:161} INFO - Started process (PID=823) to work on /home/airflow/.local/lib/python3.8/site-packages/airflow/example_dags/example_python_operator.py
[2026-04-09T12:08:59.449+0000] {processor.py:830} INFO - Processing file /home/airflow/.local/lib/python3.8/site-packages/airflow/example_dags/example_python_operator.py for tasks to queue
[2026-04-09T12:08:59.451+0000] {logging_mixin.py:188} INFO - [2026-04-09T12:08:59.451+0000] {dagbag.py:538} INFO - Filling up the DagBag from /home/airflow/.local/lib/python3.8/site-packages/airflow/example_dags/example_python_operator.py
[2026-04-09T12:08:59.463+0000] {processor.py:840} INFO - DAG(s) 'example_python_operator' retrieved from /home/airflow/.local/lib/python3.8/site-packages/airflow/example_dags/example_python_operator.py
[2026-04-09T12:08:59.489+0000] {logging_mixin.py:188} INFO - [2026-04-09T12:08:59.489+0000] {dag.py:3033} INFO - Sync 1 DAGs
[2026-04-09T12:08:59.504+0000] {logging_mixin.py:188} INFO - [2026-04-09T12:08:59.504+0000] {dag.py:3820} INFO - Setting next_dagrun for example_python_operator to None, run_after=None
[2026-04-09T12:08:59.524+0000] {processor.py:183} INFO - Processing /home/airflow/.local/lib/python3.8/site-packages/airflow/example_dags/example_python_operator.py took 0.080 seconds
[2026-04-09T12:09:29.594+0000] {processor.py:161} INFO - Started process (PID=884) to work on /home/airflow/.local/lib/python3.8/site-packages/airflow/example_dags/example_python_operator.py
[2026-04-09T12:09:29.595+0000] {processor.py:830} INFO - Processing file /home/airflow/.local/lib/python3.8/site-packages/airflow/example_dags/example_python_operator.py for tasks to queue
[2026-04-09T12:09:29.597+0000] {logging_mixin.py:188} INFO - [2026-04-09T12:09:29.597+0000] {dagbag.py:538} INFO - Filling up the DagBag from /home/airflow/.local/lib/python3.8/site-packages/airflow/example_dags/example_python_operator.py
[2026-04-09T12:09:29.609+0000] {processor.py:840} INFO - DAG(s) 'example_python_operator' retrieved from /home/airflow/.local/lib/python3.8/site-packages/airflow/example_dags/example_python_operator.py
[2026-04-09T12:09:29.634+0000] {logging_mixin.py:188} INFO - [2026-04-09T12:09:29.633+0000] {dag.py:3033} INFO - Sync 1 DAGs
[2026-04-09T12:09:29.648+0000] {logging_mixin.py:188} INFO - [2026-04-09T12:09:29.648+0000] {dag.py:3820} INFO - Setting next_dagrun for example_python_operator to None, run_after=None
[2026-04-09T12:09:29.669+0000] {processor.py:183} INFO - Processing /home/airflow/.local/lib/python3.8/site-packages/airflow/example_dags/example_python_operator.py took 0.079 seconds
[2026-04-09T12:09:59.935+0000] {processor.py:161} INFO - Started process (PID=945) to work on /home/airflow/.local/lib/python3.8/site-packages/airflow/example_dags/example_python_operator.py
[2026-04-09T12:09:59.936+0000] {processor.py:830} INFO - Processing file /home/airflow/.local/lib/python3.8/site-packages/airflow/example_dags/example_python_operator.py for tasks to queue
[2026-04-09T12:09:59.938+0000] {logging_mixin.py:188} INFO - [2026-04-09T12:09:59.938+0000] {dagbag.py:538} INFO - Filling up the DagBag from /home/airflow/.local/lib/python3.8/site-packages/airflow/example_dags/example_python_operator.py
[2026-04-09T12:09:59.952+0000] {processor.py:840} INFO - DAG(s) 'example_python_operator' retrieved from /home/airflow/.local/lib/python3.8/site-packages/airflow/example_dags/example_python_operator.py
[2026-04-09T12:09:59.982+0000] {logging_mixin.py:188} INFO - [2026-04-09T12:09:59.982+0000] {dag.py:3033} INFO - Sync 1 DAGs
[2026-04-09T12:09:59.991+0000] {logging_mixin.py:188} INFO - [2026-04-09T12:09:59.991+0000] {dag.py:3820} INFO - Setting next_dagrun for example_python_operator to None, run_after=None
[2026-04-09T12:10:00.005+0000] {processor.py:183} INFO - Processing /home/airflow/.local/lib/python3.8/site-packages/airflow/example_dags/example_python_operator.py took 0.073 seconds
[2026-04-09T12:10:30.346+0000] {processor.py:161} INFO - Started process (PID=1006) to work on /home/airflow/.local/lib/python3.8/site-packages/airflow/example_dags/example_python_operator.py
[2026-04-09T12:10:30.347+0000] {processor.py:830} INFO - Processing file /home/airflow/.local/lib/python3.8/site-packages/airflow/example_dags/example_python_operator.py for tasks to queue
[2026-04-09T12:10:30.348+0000] {logging_mixin.py:188} INFO - [2026-04-09T12:10:30.348+0000] {dagbag.py:538} INFO - Filling up the DagBag from /home/airflow/.local/lib/python3.8/site-packages/airflow/example_dags/example_python_operator.py
[2026-04-09T12:10:30.364+0000] {processor.py:840} INFO - DAG(s) 'example_python_operator' retrieved from /home/airflow/.local/lib/python3.8/site-packages/airflow/example_dags/example_python_operator.py
[2026-04-09T12:10:30.382+0000] {logging_mixin.py:188} INFO - [2026-04-09T12:10:30.382+0000] {dag.py:3033} INFO - Sync 1 DAGs
[2026-04-09T12:10:30.391+0000] {logging_mixin.py:188} INFO - [2026-04-09T12:10:30.391+0000] {dag.py:3820} INFO - Setting next_dagrun for example_python_operator to None, run_after=None
[2026-04-09T12:10:30.406+0000] {processor.py:183} INFO - Processing /home/airflow/.local/lib/python3.8/site-packages/airflow/example_dags/example_python_operator.py took 0.064 seconds
[2026-04-09T12:11:00.557+0000] {processor.py:161} INFO - Started process (PID=1073) to work on /home/airflow/.local/lib/python3.8/site-packages/airflow/example_dags/example_python_operator.py
[2026-04-09T12:11:00.558+0000] {processor.py:830} INFO - Processing file /home/airflow/.local/lib/python3.8/site-packages/airflow/example_dags/example_python_operator.py for tasks to queue
[2026-04-09T12:11:00.560+0000] {logging_mixin.py:188} INFO - [2026-04-09T12:11:00.560+0000] {dagbag.py:538} INFO - Filling up the DagBag from /home/airflow/.local/lib/python3.8/site-packages/airflow/example_dags/example_python_operator.py
[2026-04-09T12:11:00.572+0000] {processor.py:840} INFO - DAG(s) 'example_python_operator' retrieved from /home/airflow/.local/lib/python3.8/site-packages/airflow/example_dags/example_python_operator.py
[2026-04-09T12:11:00.594+0000] {logging_mixin.py:188} INFO - [2026-04-09T12:11:00.594+0000] {dag.py:3033} INFO - Sync 1 DAGs
[2026-04-09T12:11:00.604+0000] {logging_mixin.py:188} INFO - [2026-04-09T12:11:00.604+0000] {dag.py:3820} INFO - Setting next_dagrun for example_python_operator to None, run_after=None
[2026-04-09T12:11:00.618+0000] {processor.py:183} INFO - Processing /home/airflow/.local/lib/python3.8/site-packages/airflow/example_dags/example_python_operator.py took 0.065 seconds
[2026-04-09T12:11:30.818+0000] {processor.py:161} INFO - Started process (PID=1134) to work on /home/airflow/.local/lib/python3.8/site-packages/airflow/example_dags/example_python_operator.py
[2026-04-09T12:11:30.819+0000] {processor.py:830} INFO - Processing file /home/airflow/.local/lib/python3.8/site-packages/airflow/example_dags/example_python_operator.py for tasks to queue
[2026-04-09T12:11:30.825+0000] {logging_mixin.py:188} INFO - [2026-04-09T12:11:30.823+0000] {dagbag.py:538} INFO - Filling up the DagBag from /home/airflow/.local/lib/python3.8/site-packages/airflow/example_dags/example_python_operator.py
[2026-04-09T12:11:30.861+0000] {processor.py:840} INFO - DAG(s) 'example_python_operator' retrieved from /home/airflow/.local/lib/python3.8/site-packages/airflow/example_dags/example_python_operator.py
[2026-04-09T12:11:30.907+0000] {logging_mixin.py:188} INFO - [2026-04-09T12:11:30.907+0000] {dag.py:3033} INFO - Sync 1 DAGs
[2026-04-09T12:11:30.921+0000] {logging_mixin.py:188} INFO - [2026-04-09T12:11:30.921+0000] {dag.py:3820} INFO - Setting next_dagrun for example_python_operator to None, run_after=None
[2026-04-09T12:11:30.935+0000] {processor.py:183} INFO - Processing /home/airflow/.local/lib/python3.8/site-packages/airflow/example_dags/example_python_operator.py took 0.124 seconds
[2026-04-09T12:12:01.141+0000] {processor.py:161} INFO - Started process (PID=1195) to work on /home/airflow/.local/lib/python3.8/site-packages/airflow/example_dags/example_python_operator.py
[2026-04-09T12:12:01.142+0000] {processor.py:830} INFO - Processing file /home/airflow/.local/lib/python3.8/site-packages/airflow/example_dags/example_python_operator.py for tasks to queue
[2026-04-09T12:12:01.144+0000] {logging_mixin.py:188} INFO - [2026-04-09T12:12:01.144+0000] {dagbag.py:538} INFO - Filling up the DagBag from /home/airflow/.local/lib/python3.8/site-packages/airflow/example_dags/example_python_operator.py
[2026-04-09T12:12:01.156+0000] {processor.py:840} INFO - DAG(s) 'example_python_operator' retrieved from /home/airflow/.local/lib/python3.8/site-packages/airflow/example_dags/example_python_operator.py
[2026-04-09T12:12:01.181+0000] {logging_mixin.py:188} INFO - [2026-04-09T12:12:01.181+0000] {dag.py:3033} INFO - Sync 1 DAGs
[2026-04-09T12:12:01.195+0000] {logging_mixin.py:188} INFO - [2026-04-09T12:12:01.195+0000] {dag.py:3820} INFO - Setting next_dagrun for example_python_operator to None, run_after=None
[2026-04-09T12:12:01.217+0000] {processor.py:183} INFO - Processing /home/airflow/.local/lib/python3.8/site-packages/airflow/example_dags/example_python_operator.py took 0.082 seconds
[2026-04-09T12:12:31.517+0000] {processor.py:161} INFO - Started process (PID=1256) to work on /home/airflow/.local/lib/python3.8/site-packages/airflow/example_dags/example_python_operator.py
[2026-04-09T12:12:31.518+0000] {processor.py:830} INFO - Processing file /home/airflow/.local/lib/python3.8/site-packages/airflow/example_dags/example_python_operator.py for tasks to queue
[2026-04-09T12:12:31.520+0000] {logging_mixin.py:188} INFO - [2026-04-09T12:12:31.520+0000] {dagbag.py:538} INFO - Filling up the DagBag from /home/airflow/.local/lib/python3.8/site-packages/airflow/example_dags/example_python_operator.py
[2026-04-09T12:12:31.532+0000] {processor.py:840} INFO - DAG(s) 'example_python_operator' retrieved from /home/airflow/.local/lib/python3.8/site-packages/airflow/example_dags/example_python_operator.py
[2026-04-09T12:12:31.552+0000] {logging_mixin.py:188} INFO - [2026-04-09T12:12:31.552+0000] {dag.py:3033} INFO - Sync 1 DAGs
[2026-04-09T12:12:31.562+0000] {logging_mixin.py:188} INFO - [2026-04-09T12:12:31.562+0000] {dag.py:3820} INFO - Setting next_dagrun for example_python_operator to None, run_after=None
[2026-04-09T12:12:31.576+0000] {processor.py:183} INFO - Processing /home/airflow/.local/lib/python3.8/site-packages/airflow/example_dags/example_python_operator.py took 0.062 seconds
[2026-04-09T12:13:02.139+0000] {processor.py:161} INFO - Started process (PID=1317) to work on /home/airflow/.local/lib/python3.8/site-packages/airflow/example_dags/example_python_operator.py
[2026-04-09T12:13:02.140+0000] {processor.py:830} INFO - Processing file /home/airflow/.local/lib/python3.8/site-packages/airflow/example_dags/example_python_operator.py for tasks to queue
[2026-04-09T12:13:02.142+0000] {logging_mixin.py:188} INFO - [2026-04-09T12:13:02.142+0000] {dagbag.py:538} INFO - Filling up the DagBag from /home/airflow/.local/lib/python3.8/site-packages/airflow/example_dags/example_python_operator.py
[2026-04-09T12:13:02.155+0000] {processor.py:840} INFO - DAG(s) 'example_python_operator' retrieved from /home/airflow/.local/lib/python3.8/site-packages/airflow/example_dags/example_python_operator.py
[2026-04-09T12:13:02.180+0000] {logging_mixin.py:188} INFO - [2026-04-09T12:13:02.179+0000] {dag.py:3033} INFO - Sync 1 DAGs
[2026-04-09T12:13:02.320+0000] {logging_mixin.py:188} INFO - [2026-04-09T12:13:02.320+0000] {dag.py:3820} INFO - Setting next_dagrun for example_python_operator to None, run_after=None
[2026-04-09T12:13:02.334+0000] {processor.py:183} INFO - Processing /home/airflow/.local/lib/python3.8/site-packages/airflow/example_dags/example_python_operator.py took 0.198 seconds
[2026-04-09T12:13:33.201+0000] {processor.py:161} INFO - Started process (PID=1378) to work on /home/airflow/.local/lib/python3.8/site-packages/airflow/example_dags/example_python_operator.py
[2026-04-09T12:13:33.202+0000] {processor.py:830} INFO - Processing file /home/airflow/.local/lib/python3.8/site-packages/airflow/example_dags/example_python_operator.py for tasks to queue
[2026-04-09T12:13:33.204+0000] {logging_mixin.py:188} INFO - [2026-04-09T12:13:33.203+0000] {dagbag.py:538} INFO - Filling up the DagBag from /home/airflow/.local/lib/python3.8/site-packages/airflow/example_dags/example_python_operator.py
[2026-04-09T12:13:33.215+0000] {processor.py:840} INFO - DAG(s) 'example_python_operator' retrieved from /home/airflow/.local/lib/python3.8/site-packages/airflow/example_dags/example_python_operator.py
[2026-04-09T12:13:33.239+0000] {logging_mixin.py:188} INFO - [2026-04-09T12:13:33.239+0000] {dag.py:3033} INFO - Sync 1 DAGs
[2026-04-09T12:13:33.372+0000] {logging_mixin.py:188} INFO - [2026-04-09T12:13:33.372+0000] {dag.py:3820} INFO - Setting next_dagrun for example_python_operator to None, run_after=None
[2026-04-09T12:13:33.387+0000] {processor.py:183} INFO - Processing /home/airflow/.local/lib/python3.8/site-packages/airflow/example_dags/example_python_operator.py took 0.189 seconds
[2026-04-09T12:14:04.318+0000] {processor.py:161} INFO - Started process (PID=1439) to work on /home/airflow/.local/lib/python3.8/site-packages/airflow/example_dags/example_python_operator.py
[2026-04-09T12:14:04.319+0000] {processor.py:830} INFO - Processing file /home/airflow/.local/lib/python3.8/site-packages/airflow/example_dags/example_python_operator.py for tasks to queue
[2026-04-09T12:14:04.321+0000] {logging_mixin.py:188} INFO - [2026-04-09T12:14:04.321+0000] {dagbag.py:538} INFO - Filling up the DagBag from /home/airflow/.local/lib/python3.8/site-packages/airflow/example_dags/example_python_operator.py
[2026-04-09T12:14:04.333+0000] {processor.py:840} INFO - DAG(s) 'example_python_operator' retrieved from /home/airflow/.local/lib/python3.8/site-packages/airflow/example_dags/example_python_operator.py
[2026-04-09T12:14:04.535+0000] {logging_mixin.py:188} INFO - [2026-04-09T12:14:04.535+0000] {dag.py:3033} INFO - Sync 1 DAGs
[2026-04-09T12:14:04.547+0000] {logging_mixin.py:188} INFO - [2026-04-09T12:14:04.547+0000] {dag.py:3820} INFO - Setting next_dagrun for example_python_operator to None, run_after=None
[2026-04-09T12:14:04.564+0000] {processor.py:183} INFO - Processing /home/airflow/.local/lib/python3.8/site-packages/airflow/example_dags/example_python_operator.py took 0.250 seconds
[2026-04-09T12:14:34.661+0000] {processor.py:161} INFO - Started process (PID=1500) to work on /home/airflow/.local/lib/python3.8/site-packages/airflow/example_dags/example_python_operator.py
[2026-04-09T12:14:34.662+0000] {processor.py:830} INFO - Processing file /home/airflow/.local/lib/python3.8/site-packages/airflow/example_dags/example_python_operator.py for tasks to queue
[2026-04-09T12:14:34.664+0000] {logging_mixin.py:188} INFO - [2026-04-09T12:14:34.664+0000] {dagbag.py:538} INFO - Filling up the DagBag from /home/airflow/.local/lib/python3.8/site-packages/airflow/example_dags/example_python_operator.py
[2026-04-09T12:14:34.838+0000] {processor.py:840} INFO - DAG(s) 'example_python_operator' retrieved from /home/airflow/.local/lib/python3.8/site-packages/airflow/example_dags/example_python_operator.py
[2026-04-09T12:14:34.859+0000] {logging_mixin.py:188} INFO - [2026-04-09T12:14:34.859+0000] {dag.py:3033} INFO - Sync 1 DAGs
[2026-04-09T12:14:34.872+0000] {logging_mixin.py:188} INFO - [2026-04-09T12:14:34.871+0000] {dag.py:3820} INFO - Setting next_dagrun for example_python_operator to None, run_after=None
[2026-04-09T12:14:34.889+0000] {processor.py:183} INFO - Processing /home/airflow/.local/lib/python3.8/site-packages/airflow/example_dags/example_python_operator.py took 0.232 seconds
[2026-04-09T12:15:05.160+0000] {processor.py:161} INFO - Started process (PID=1561) to work on /home/airflow/.local/lib/python3.8/site-packages/airflow/example_dags/example_python_operator.py
[2026-04-09T12:15:05.161+0000] {processor.py:830} INFO - Processing file /home/airflow/.local/lib/python3.8/site-packages/airflow/example_dags/example_python_operator.py for tasks to queue
[2026-04-09T12:15:05.163+0000] {logging_mixin.py:188} INFO - [2026-04-09T12:15:05.163+0000] {dagbag.py:538} INFO - Filling up the DagBag from /home/airflow/.local/lib/python3.8/site-packages/airflow/example_dags/example_python_operator.py
[2026-04-09T12:15:05.174+0000] {processor.py:840} INFO - DAG(s) 'example_python_operator' retrieved from /home/airflow/.local/lib/python3.8/site-packages/airflow/example_dags/example_python_operator.py
[2026-04-09T12:15:05.199+0000] {logging_mixin.py:188} INFO - [2026-04-09T12:15:05.199+0000] {dag.py:3033} INFO - Sync 1 DAGs
[2026-04-09T12:15:05.213+0000] {logging_mixin.py:188} INFO - [2026-04-09T12:15:05.213+0000] {dag.py:3820} INFO - Setting next_dagrun for example_python_operator to None, run_after=None
[2026-04-09T12:15:05.233+0000] {processor.py:183} INFO - Processing /home/airflow/.local/lib/python3.8/site-packages/airflow/example_dags/example_python_operator.py took 0.076 seconds
[2026-04-09T12:15:36.311+0000] {processor.py:161} INFO - Started process (PID=1622) to work on /home/airflow/.local/lib/python3.8/site-packages/airflow/example_dags/example_python_operator.py
[2026-04-09T12:15:36.312+0000] {processor.py:830} INFO - Processing file /home/airflow/.local/lib/python3.8/site-packages/airflow/example_dags/example_python_operator.py for tasks to queue
[2026-04-09T12:15:36.314+0000] {logging_mixin.py:188} INFO - [2026-04-09T12:15:36.314+0000] {dagbag.py:538} INFO - Filling up the DagBag from /home/airflow/.local/lib/python3.8/site-packages/airflow/example_dags/example_python_operator.py
[2026-04-09T12:15:36.328+0000] {processor.py:840} INFO - DAG(s) 'example_python_operator' retrieved from /home/airflow/.local/lib/python3.8/site-packages/airflow/example_dags/example_python_operator.py
[2026-04-09T12:15:36.358+0000] {logging_mixin.py:188} INFO - [2026-04-09T12:15:36.358+0000] {dag.py:3033} INFO - Sync 1 DAGs
[2026-04-09T12:15:36.373+0000] {logging_mixin.py:188} INFO - [2026-04-09T12:15:36.372+0000] {dag.py:3820} INFO - Setting next_dagrun for example_python_operator to None, run_after=None
[2026-04-09T12:15:36.392+0000] {processor.py:183} INFO - Processing /home/airflow/.local/lib/python3.8/site-packages/airflow/example_dags/example_python_operator.py took 0.084 seconds
[2026-04-09T12:16:06.925+0000] {processor.py:161} INFO - Started process (PID=1683) to work on /home/airflow/.local/lib/python3.8/site-packages/airflow/example_dags/example_python_operator.py
[2026-04-09T12:16:06.925+0000] {processor.py:830} INFO - Processing file /home/airflow/.local/lib/python3.8/site-packages/airflow/example_dags/example_python_operator.py for tasks to queue
[2026-04-09T12:16:06.928+0000] {logging_mixin.py:188} INFO - [2026-04-09T12:16:06.927+0000] {dagbag.py:538} INFO - Filling up the DagBag from /home/airflow/.local/lib/python3.8/site-packages/airflow/example_dags/example_python_operator.py
[2026-04-09T12:16:06.946+0000] {processor.py:840} INFO - DAG(s) 'example_python_operator' retrieved from /home/airflow/.local/lib/python3.8/site-packages/airflow/example_dags/example_python_operator.py
[2026-04-09T12:16:06.982+0000] {logging_mixin.py:188} INFO - [2026-04-09T12:16:06.981+0000] {dag.py:3033} INFO - Sync 1 DAGs
[2026-04-09T12:16:06.996+0000] {logging_mixin.py:188} INFO - [2026-04-09T12:16:06.996+0000] {dag.py:3820} INFO - Setting next_dagrun for example_python_operator to None, run_after=None
[2026-04-09T12:16:07.014+0000] {processor.py:183} INFO - Processing /home/airflow/.local/lib/python3.8/site-packages/airflow/example_dags/example_python_operator.py took 0.093 seconds
[2026-04-09T12:16:37.348+0000] {processor.py:161} INFO - Started process (PID=1744) to work on /home/airflow/.local/lib/python3.8/site-packages/airflow/example_dags/example_python_operator.py
[2026-04-09T12:16:37.349+0000] {processor.py:830} INFO - Processing file /home/airflow/.local/lib/python3.8/site-packages/airflow/example_dags/example_python_operator.py for tasks to queue
[2026-04-09T12:16:37.351+0000] {logging_mixin.py:188} INFO - [2026-04-09T12:16:37.350+0000] {dagbag.py:538} INFO - Filling up the DagBag from /home/airflow/.local/lib/python3.8/site-packages/airflow/example_dags/example_python_operator.py
[2026-04-09T12:16:37.362+0000] {processor.py:840} INFO - DAG(s) 'example_python_operator' retrieved from /home/airflow/.local/lib/python3.8/site-packages/airflow/example_dags/example_python_operator.py
[2026-04-09T12:16:37.386+0000] {logging_mixin.py:188} INFO - [2026-04-09T12:16:37.385+0000] {dag.py:3033} INFO - Sync 1 DAGs
[2026-04-09T12:16:37.400+0000] {logging_mixin.py:188} INFO - [2026-04-09T12:16:37.399+0000] {dag.py:3820} INFO - Setting next_dagrun for example_python_operator to None, run_after=None
[2026-04-09T12:16:37.419+0000] {processor.py:183} INFO - Processing /home/airflow/.local/lib/python3.8/site-packages/airflow/example_dags/example_python_operator.py took 0.074 seconds
[2026-04-09T12:17:08.015+0000] {processor.py:161} INFO - Started process (PID=1805) to work on /home/airflow/.local/lib/python3.8/site-packages/airflow/example_dags/example_python_operator.py
[2026-04-09T12:17:08.019+0000] {processor.py:830} INFO - Processing file /home/airflow/.local/lib/python3.8/site-packages/airflow/example_dags/example_python_operator.py for tasks to queue
[2026-04-09T12:17:08.021+0000] {logging_mixin.py:188} INFO - [2026-04-09T12:17:08.021+0000] {dagbag.py:538} INFO - Filling up the DagBag from /home/airflow/.local/lib/python3.8/site-packages/airflow/example_dags/example_python_operator.py
[2026-04-09T12:17:08.033+0000] {processor.py:840} INFO - DAG(s) 'example_python_operator' retrieved from /home/airflow/.local/lib/python3.8/site-packages/airflow/example_dags/example_python_operator.py
[2026-04-09T12:17:08.059+0000] {logging_mixin.py:188} INFO - [2026-04-09T12:17:08.059+0000] {dag.py:3033} INFO - Sync 1 DAGs
[2026-04-09T12:17:08.081+0000] {logging_mixin.py:188} INFO - [2026-04-09T12:17:08.081+0000] {dag.py:3820} INFO - Setting next_dagrun for example_python_operator to None, run_after=None
[2026-04-09T12:17:08.112+0000] {processor.py:183} INFO - Processing /home/airflow/.local/lib/python3.8/site-packages/airflow/example_dags/example_python_operator.py took 0.102 seconds
[2026-04-09T12:17:39.016+0000] {processor.py:161} INFO - Started process (PID=1866) to work on /home/airflow/.local/lib/python3.8/site-packages/airflow/example_dags/example_python_operator.py
[2026-04-09T12:17:39.017+0000] {processor.py:830} INFO - Processing file /home/airflow/.local/lib/python3.8/site-packages/airflow/example_dags/example_python_operator.py for tasks to queue
[2026-04-09T12:17:39.020+0000] {logging_mixin.py:188} INFO - [2026-04-09T12:17:39.020+0000] {dagbag.py:538} INFO - Filling up the DagBag from /home/airflow/.local/lib/python3.8/site-packages/airflow/example_dags/example_python_operator.py
[2026-04-09T12:17:39.043+0000] {processor.py:840} INFO - DAG(s) 'example_python_operator' retrieved from /home/airflow/.local/lib/python3.8/site-packages/airflow/example_dags/example_python_operator.py
[2026-04-09T12:17:39.099+0000] {logging_mixin.py:188} INFO - [2026-04-09T12:17:39.098+0000] {dag.py:3033} INFO - Sync 1 DAGs
[2026-04-09T12:17:39.121+0000] {logging_mixin.py:188} INFO - [2026-04-09T12:17:39.120+0000] {dag.py:3820} INFO - Setting next_dagrun for example_python_operator to None, run_after=None
[2026-04-09T12:17:39.157+0000] {processor.py:183} INFO - Processing /home/airflow/.local/lib/python3.8/site-packages/airflow/example_dags/example_python_operator.py took 0.147 seconds
[2026-04-09T12:18:09.381+0000] {processor.py:161} INFO - Started process (PID=1927) to work on /home/airflow/.local/lib/python3.8/site-packages/airflow/example_dags/example_python_operator.py
[2026-04-09T12:18:09.382+0000] {processor.py:830} INFO - Processing file /home/airflow/.local/lib/python3.8/site-packages/airflow/example_dags/example_python_operator.py for tasks to queue
[2026-04-09T12:18:09.384+0000] {logging_mixin.py:188} INFO - [2026-04-09T12:18:09.384+0000] {dagbag.py:538} INFO - Filling up the DagBag from /home/airflow/.local/lib/python3.8/site-packages/airflow/example_dags/example_python_operator.py
[2026-04-09T12:18:09.396+0000] {processor.py:840} INFO - DAG(s) 'example_python_operator' retrieved from /home/airflow/.local/lib/python3.8/site-packages/airflow/example_dags/example_python_operator.py
[2026-04-09T12:18:09.420+0000] {logging_mixin.py:188} INFO - [2026-04-09T12:18:09.420+0000] {dag.py:3033} INFO - Sync 1 DAGs
[2026-04-09T12:18:09.435+0000] {logging_mixin.py:188} INFO - [2026-04-09T12:18:09.434+0000] {dag.py:3820} INFO - Setting next_dagrun for example_python_operator to None, run_after=None
[2026-04-09T12:18:09.453+0000] {processor.py:183} INFO - Processing /home/airflow/.local/lib/python3.8/site-packages/airflow/example_dags/example_python_operator.py took 0.075 seconds
[2026-04-09T12:18:39.716+0000] {processor.py:161} INFO - Started process (PID=1988) to work on /home/airflow/.local/lib/python3.8/site-packages/airflow/example_dags/example_python_operator.py
[2026-04-09T12:18:39.717+0000] {processor.py:830} INFO - Processing file /home/airflow/.local/lib/python3.8/site-packages/airflow/example_dags/example_python_operator.py for tasks to queue
[2026-04-09T12:18:39.721+0000] {logging_mixin.py:188} INFO - [2026-04-09T12:18:39.721+0000] {dagbag.py:538} INFO - Filling up the DagBag from /home/airflow/.local/lib/python3.8/site-packages/airflow/example_dags/example_python_operator.py
[2026-04-09T12:18:39.745+0000] {processor.py:840} INFO - DAG(s) 'example_python_operator' retrieved from /home/airflow/.local/lib/python3.8/site-packages/airflow/example_dags/example_python_operator.py
[2026-04-09T12:18:39.798+0000] {logging_mixin.py:188} INFO - [2026-04-09T12:18:39.798+0000] {dag.py:3033} INFO - Sync 1 DAGs
[2026-04-09T12:18:39.822+0000] {logging_mixin.py:188} INFO - [2026-04-09T12:18:39.822+0000] {dag.py:3820} INFO - Setting next_dagrun for example_python_operator to None, run_after=None
[2026-04-09T12:18:39.859+0000] {processor.py:183} INFO - Processing /home/airflow/.local/lib/python3.8/site-packages/airflow/example_dags/example_python_operator.py took 0.152 seconds
[2026-04-09T12:19:10.814+0000] {processor.py:161} INFO - Started process (PID=2049) to work on /home/airflow/.local/lib/python3.8/site-packages/airflow/example_dags/example_python_operator.py
[2026-04-09T12:19:10.816+0000] {processor.py:830} INFO - Processing file /home/airflow/.local/lib/python3.8/site-packages/airflow/example_dags/example_python_operator.py for tasks to queue
[2026-04-09T12:19:10.821+0000] {logging_mixin.py:188} INFO - [2026-04-09T12:19:10.820+0000] {dagbag.py:538} INFO - Filling up the DagBag from /home/airflow/.local/lib/python3.8/site-packages/airflow/example_dags/example_python_operator.py
[2026-04-09T12:19:10.842+0000] {processor.py:840} INFO - DAG(s) 'example_python_operator' retrieved from /home/airflow/.local/lib/python3.8/site-packages/airflow/example_dags/example_python_operator.py
[2026-04-09T12:19:10.890+0000] {logging_mixin.py:188} INFO - [2026-04-09T12:19:10.890+0000] {dag.py:3033} INFO - Sync 1 DAGs
[2026-04-09T12:19:10.918+0000] {logging_mixin.py:188} INFO - [2026-04-09T12:19:10.917+0000] {dag.py:3820} INFO - Setting next_dagrun for example_python_operator to None, run_after=None
[2026-04-09T12:19:10.949+0000] {processor.py:183} INFO - Processing /home/airflow/.local/lib/python3.8/site-packages/airflow/example_dags/example_python_operator.py took 0.140 seconds
[2026-04-09T12:19:41.431+0000] {processor.py:161} INFO - Started process (PID=2110) to work on /home/airflow/.local/lib/python3.8/site-packages/airflow/example_dags/example_python_operator.py
[2026-04-09T12:19:41.432+0000] {processor.py:830} INFO - Processing file /home/airflow/.local/lib/python3.8/site-packages/airflow/example_dags/example_python_operator.py for tasks to queue
[2026-04-09T12:19:41.434+0000] {logging_mixin.py:188} INFO - [2026-04-09T12:19:41.434+0000] {dagbag.py:538} INFO - Filling up the DagBag from /home/airflow/.local/lib/python3.8/site-packages/airflow/example_dags/example_python_operator.py
[2026-04-09T12:19:41.446+0000] {processor.py:840} INFO - DAG(s) 'example_python_operator' retrieved from /home/airflow/.local/lib/python3.8/site-packages/airflow/example_dags/example_python_operator.py
[2026-04-09T12:19:41.471+0000] {logging_mixin.py:188} INFO - [2026-04-09T12:19:41.471+0000] {dag.py:3033} INFO - Sync 1 DAGs
[2026-04-09T12:19:41.488+0000] {logging_mixin.py:188} INFO - [2026-04-09T12:19:41.488+0000] {dag.py:3820} INFO - Setting next_dagrun for example_python_operator to None, run_after=None
[2026-04-09T12:19:41.506+0000] {processor.py:183} INFO - Processing /home/airflow/.local/lib/python3.8/site-packages/airflow/example_dags/example_python_operator.py took 0.078 seconds
[2026-04-09T12:20:11.759+0000] {processor.py:161} INFO - Started process (PID=2171) to work on /home/airflow/.local/lib/python3.8/site-packages/airflow/example_dags/example_python_operator.py
[2026-04-09T12:20:11.760+0000] {processor.py:830} INFO - Processing file /home/airflow/.local/lib/python3.8/site-packages/airflow/example_dags/example_python_operator.py for tasks to queue
[2026-04-09T12:20:11.762+0000] {logging_mixin.py:188} INFO - [2026-04-09T12:20:11.762+0000] {dagbag.py:538} INFO - Filling up the DagBag from /home/airflow/.local/lib/python3.8/site-packages/airflow/example_dags/example_python_operator.py
[2026-04-09T12:20:11.774+0000] {processor.py:840} INFO - DAG(s) 'example_python_operator' retrieved from /home/airflow/.local/lib/python3.8/site-packages/airflow/example_dags/example_python_operator.py
[2026-04-09T12:20:11.799+0000] {logging_mixin.py:188} INFO - [2026-04-09T12:20:11.799+0000] {dag.py:3033} INFO - Sync 1 DAGs
[2026-04-09T12:20:11.813+0000] {logging_mixin.py:188} INFO - [2026-04-09T12:20:11.812+0000] {dag.py:3820} INFO - Setting next_dagrun for example_python_operator to None, run_after=None
[2026-04-09T12:20:11.830+0000] {processor.py:183} INFO - Processing /home/airflow/.local/lib/python3.8/site-packages/airflow/example_dags/example_python_operator.py took 0.075 seconds
[2026-04-09T12:20:42.090+0000] {processor.py:161} INFO - Started process (PID=2233) to work on /home/airflow/.local/lib/python3.8/site-packages/airflow/example_dags/example_python_operator.py
[2026-04-09T12:20:42.091+0000] {processor.py:830} INFO - Processing file /home/airflow/.local/lib/python3.8/site-packages/airflow/example_dags/example_python_operator.py for tasks to queue
[2026-04-09T12:20:42.093+0000] {logging_mixin.py:188} INFO - [2026-04-09T12:20:42.093+0000] {dagbag.py:538} INFO - Filling up the DagBag from /home/airflow/.local/lib/python3.8/site-packages/airflow/example_dags/example_python_operator.py
[2026-04-09T12:20:42.111+0000] {processor.py:840} INFO - DAG(s) 'example_python_operator' retrieved from /home/airflow/.local/lib/python3.8/site-packages/airflow/example_dags/example_python_operator.py
[2026-04-09T12:20:42.180+0000] {logging_mixin.py:188} INFO - [2026-04-09T12:20:42.179+0000] {dag.py:3033} INFO - Sync 1 DAGs
[2026-04-09T12:20:42.216+0000] {logging_mixin.py:188} INFO - [2026-04-09T12:20:42.216+0000] {dag.py:3820} INFO - Setting next_dagrun for example_python_operator to None, run_after=None
[2026-04-09T12:20:42.243+0000] {processor.py:183} INFO - Processing /home/airflow/.local/lib/python3.8/site-packages/airflow/example_dags/example_python_operator.py took 0.156 seconds
[2026-04-09T12:21:12.295+0000] {processor.py:161} INFO - Started process (PID=2293) to work on /home/airflow/.local/lib/python3.8/site-packages/airflow/example_dags/example_python_operator.py
[2026-04-09T12:21:12.296+0000] {processor.py:830} INFO - Processing file /home/airflow/.local/lib/python3.8/site-packages/airflow/example_dags/example_python_operator.py for tasks to queue
[2026-04-09T12:21:12.298+0000] {logging_mixin.py:188} INFO - [2026-04-09T12:21:12.298+0000] {dagbag.py:538} INFO - Filling up the DagBag from /home/airflow/.local/lib/python3.8/site-packages/airflow/example_dags/example_python_operator.py
[2026-04-09T12:21:12.310+0000] {processor.py:840} INFO - DAG(s) 'example_python_operator' retrieved from /home/airflow/.local/lib/python3.8/site-packages/airflow/example_dags/example_python_operator.py
[2026-04-09T12:21:12.334+0000] {logging_mixin.py:188} INFO - [2026-04-09T12:21:12.334+0000] {dag.py:3033} INFO - Sync 1 DAGs
[2026-04-09T12:21:12.351+0000] {logging_mixin.py:188} INFO - [2026-04-09T12:21:12.351+0000] {dag.py:3820} INFO - Setting next_dagrun for example_python_operator to None, run_after=None
[2026-04-09T12:21:12.372+0000] {processor.py:183} INFO - Processing /home/airflow/.local/lib/python3.8/site-packages/airflow/example_dags/example_python_operator.py took 0.080 seconds
[2026-04-09T12:21:43.236+0000] {processor.py:161} INFO - Started process (PID=2354) to work on /home/airflow/.local/lib/python3.8/site-packages/airflow/example_dags/example_python_operator.py
[2026-04-09T12:21:43.237+0000] {processor.py:830} INFO - Processing file /home/airflow/.local/lib/python3.8/site-packages/airflow/example_dags/example_python_operator.py for tasks to queue
[2026-04-09T12:21:43.239+0000] {logging_mixin.py:188} INFO - [2026-04-09T12:21:43.239+0000] {dagbag.py:538} INFO - Filling up the DagBag from /home/airflow/.local/lib/python3.8/site-packages/airflow/example_dags/example_python_operator.py
[2026-04-09T12:21:43.251+0000] {processor.py:840} INFO - DAG(s) 'example_python_operator' retrieved from /home/airflow/.local/lib/python3.8/site-packages/airflow/example_dags/example_python_operator.py
[2026-04-09T12:21:43.275+0000] {logging_mixin.py:188} INFO - [2026-04-09T12:21:43.275+0000] {dag.py:3033} INFO - Sync 1 DAGs
[2026-04-09T12:21:43.290+0000] {logging_mixin.py:188} INFO - [2026-04-09T12:21:43.289+0000] {dag.py:3820} INFO - Setting next_dagrun for example_python_operator to None, run_after=None
[2026-04-09T12:21:43.308+0000] {processor.py:183} INFO - Processing /home/airflow/.local/lib/python3.8/site-packages/airflow/example_dags/example_python_operator.py took 0.076 seconds
[2026-04-09T12:22:13.521+0000] {processor.py:161} INFO - Started process (PID=2415) to work on /home/airflow/.local/lib/python3.8/site-packages/airflow/example_dags/example_python_operator.py
[2026-04-09T12:22:13.522+0000] {processor.py:830} INFO - Processing file /home/airflow/.local/lib/python3.8/site-packages/airflow/example_dags/example_python_operator.py for tasks to queue
[2026-04-09T12:22:13.524+0000] {logging_mixin.py:188} INFO - [2026-04-09T12:22:13.524+0000] {dagbag.py:538} INFO - Filling up the DagBag from /home/airflow/.local/lib/python3.8/site-packages/airflow/example_dags/example_python_operator.py
[2026-04-09T12:22:13.536+0000] {processor.py:840} INFO - DAG(s) 'example_python_operator' retrieved from /home/airflow/.local/lib/python3.8/site-packages/airflow/example_dags/example_python_operator.py
[2026-04-09T12:22:13.563+0000] {logging_mixin.py:188} INFO - [2026-04-09T12:22:13.562+0000] {dag.py:3033} INFO - Sync 1 DAGs
[2026-04-09T12:22:13.578+0000] {logging_mixin.py:188} INFO - [2026-04-09T12:22:13.578+0000] {dag.py:3820} INFO - Setting next_dagrun for example_python_operator to None, run_after=None
[2026-04-09T12:22:13.595+0000] {processor.py:183} INFO - Processing /home/airflow/.local/lib/python3.8/site-packages/airflow/example_dags/example_python_operator.py took 0.077 seconds
[2026-04-09T12:22:43.724+0000] {processor.py:161} INFO - Started process (PID=2476) to work on /home/airflow/.local/lib/python3.8/site-packages/airflow/example_dags/example_python_operator.py
[2026-04-09T12:22:43.725+0000] {processor.py:830} INFO - Processing file /home/airflow/.local/lib/python3.8/site-packages/airflow/example_dags/example_python_operator.py for tasks to queue
[2026-04-09T12:22:43.727+0000] {logging_mixin.py:188} INFO - [2026-04-09T12:22:43.727+0000] {dagbag.py:538} INFO - Filling up the DagBag from /home/airflow/.local/lib/python3.8/site-packages/airflow/example_dags/example_python_operator.py
[2026-04-09T12:22:43.740+0000] {processor.py:840} INFO - DAG(s) 'example_python_operator' retrieved from /home/airflow/.local/lib/python3.8/site-packages/airflow/example_dags/example_python_operator.py
[2026-04-09T12:22:43.765+0000] {logging_mixin.py:188} INFO - [2026-04-09T12:22:43.764+0000] {dag.py:3033} INFO - Sync 1 DAGs
[2026-04-09T12:22:43.779+0000] {logging_mixin.py:188} INFO - [2026-04-09T12:22:43.779+0000] {dag.py:3820} INFO - Setting next_dagrun for example_python_operator to None, run_after=None
[2026-04-09T12:22:43.797+0000] {processor.py:183} INFO - Processing /home/airflow/.local/lib/python3.8/site-packages/airflow/example_dags/example_python_operator.py took 0.076 seconds
[2026-04-09T12:23:13.960+0000] {processor.py:161} INFO - Started process (PID=2537) to work on /home/airflow/.local/lib/python3.8/site-packages/airflow/example_dags/example_python_operator.py
[2026-04-09T12:23:13.961+0000] {processor.py:830} INFO - Processing file /home/airflow/.local/lib/python3.8/site-packages/airflow/example_dags/example_python_operator.py for tasks to queue
[2026-04-09T12:23:13.963+0000] {logging_mixin.py:188} INFO - [2026-04-09T12:23:13.963+0000] {dagbag.py:538} INFO - Filling up the DagBag from /home/airflow/.local/lib/python3.8/site-packages/airflow/example_dags/example_python_operator.py
[2026-04-09T12:23:13.975+0000] {processor.py:840} INFO - DAG(s) 'example_python_operator' retrieved from /home/airflow/.local/lib/python3.8/site-packages/airflow/example_dags/example_python_operator.py
[2026-04-09T12:23:13.999+0000] {logging_mixin.py:188} INFO - [2026-04-09T12:23:13.999+0000] {dag.py:3033} INFO - Sync 1 DAGs
[2026-04-09T12:23:14.016+0000] {logging_mixin.py:188} INFO - [2026-04-09T12:23:14.016+0000] {dag.py:3820} INFO - Setting next_dagrun for example_python_operator to None, run_after=None
[2026-04-09T12:23:14.036+0000] {processor.py:183} INFO - Processing /home/airflow/.local/lib/python3.8/site-packages/airflow/example_dags/example_python_operator.py took 0.080 seconds
[2026-04-09T12:23:44.647+0000] {processor.py:161} INFO - Started process (PID=2598) to work on /home/airflow/.local/lib/python3.8/site-packages/airflow/example_dags/example_python_operator.py
[2026-04-09T12:23:44.648+0000] {processor.py:830} INFO - Processing file /home/airflow/.local/lib/python3.8/site-packages/airflow/example_dags/example_python_operator.py for tasks to queue
[2026-04-09T12:23:44.650+0000] {logging_mixin.py:188} INFO - [2026-04-09T12:23:44.649+0000] {dagbag.py:538} INFO - Filling up the DagBag from /home/airflow/.local/lib/python3.8/site-packages/airflow/example_dags/example_python_operator.py
[2026-04-09T12:23:44.662+0000] {processor.py:840} INFO - DAG(s) 'example_python_operator' retrieved from /home/airflow/.local/lib/python3.8/site-packages/airflow/example_dags/example_python_operator.py
[2026-04-09T12:23:44.686+0000] {logging_mixin.py:188} INFO - [2026-04-09T12:23:44.686+0000] {dag.py:3033} INFO - Sync 1 DAGs
[2026-04-09T12:23:44.701+0000] {logging_mixin.py:188} INFO - [2026-04-09T12:23:44.701+0000] {dag.py:3820} INFO - Setting next_dagrun for example_python_operator to None, run_after=None
[2026-04-09T12:23:44.719+0000] {processor.py:183} INFO - Processing /home/airflow/.local/lib/python3.8/site-packages/airflow/example_dags/example_python_operator.py took 0.076 seconds
[2026-04-09T12:24:14.894+0000] {processor.py:161} INFO - Started process (PID=2659) to work on /home/airflow/.local/lib/python3.8/site-packages/airflow/example_dags/example_python_operator.py
[2026-04-09T12:24:14.895+0000] {processor.py:830} INFO - Processing file /home/airflow/.local/lib/python3.8/site-packages/airflow/example_dags/example_python_operator.py for tasks to queue
[2026-04-09T12:24:14.897+0000] {logging_mixin.py:188} INFO - [2026-04-09T12:24:14.897+0000] {dagbag.py:538} INFO - Filling up the DagBag from /home/airflow/.local/lib/python3.8/site-packages/airflow/example_dags/example_python_operator.py
[2026-04-09T12:24:14.908+0000] {processor.py:840} INFO - DAG(s) 'example_python_operator' retrieved from /home/airflow/.local/lib/python3.8/site-packages/airflow/example_dags/example_python_operator.py
[2026-04-09T12:24:14.933+0000] {logging_mixin.py:188} INFO - [2026-04-09T12:24:14.933+0000] {dag.py:3033} INFO - Sync 1 DAGs
[2026-04-09T12:24:14.948+0000] {logging_mixin.py:188} INFO - [2026-04-09T12:24:14.947+0000] {dag.py:3820} INFO - Setting next_dagrun for example_python_operator to None, run_after=None
[2026-04-09T12:24:14.967+0000] {processor.py:183} INFO - Processing /home/airflow/.local/lib/python3.8/site-packages/airflow/example_dags/example_python_operator.py took 0.076 seconds
[2026-04-09T12:24:45.157+0000] {processor.py:161} INFO - Started process (PID=2720) to work on /home/airflow/.local/lib/python3.8/site-packages/airflow/example_dags/example_python_operator.py
[2026-04-09T12:24:45.158+0000] {processor.py:830} INFO - Processing file /home/airflow/.local/lib/python3.8/site-packages/airflow/example_dags/example_python_operator.py for tasks to queue
[2026-04-09T12:24:45.160+0000] {logging_mixin.py:188} INFO - [2026-04-09T12:24:45.160+0000] {dagbag.py:538} INFO - Filling up the DagBag from /home/airflow/.local/lib/python3.8/site-packages/airflow/example_dags/example_python_operator.py
[2026-04-09T12:24:45.172+0000] {processor.py:840} INFO - DAG(s) 'example_python_operator' retrieved from /home/airflow/.local/lib/python3.8/site-packages/airflow/example_dags/example_python_operator.py
[2026-04-09T12:24:45.210+0000] {logging_mixin.py:188} INFO - [2026-04-09T12:24:45.210+0000] {dag.py:3033} INFO - Sync 1 DAGs
[2026-04-09T12:24:45.224+0000] {logging_mixin.py:188} INFO - [2026-04-09T12:24:45.224+0000] {dag.py:3820} INFO - Setting next_dagrun for example_python_operator to None, run_after=None
[2026-04-09T12:24:45.243+0000] {processor.py:183} INFO - Processing /home/airflow/.local/lib/python3.8/site-packages/airflow/example_dags/example_python_operator.py took 0.090 seconds
[2026-04-09T12:25:15.450+0000] {processor.py:161} INFO - Started process (PID=2781) to work on /home/airflow/.local/lib/python3.8/site-packages/airflow/example_dags/example_python_operator.py
[2026-04-09T12:25:15.450+0000] {processor.py:830} INFO - Processing file /home/airflow/.local/lib/python3.8/site-packages/airflow/example_dags/example_python_operator.py for tasks to queue
[2026-04-09T12:25:15.452+0000] {logging_mixin.py:188} INFO - [2026-04-09T12:25:15.452+0000] {dagbag.py:538} INFO - Filling up the DagBag from /home/airflow/.local/lib/python3.8/site-packages/airflow/example_dags/example_python_operator.py
[2026-04-09T12:25:15.465+0000] {processor.py:840} INFO - DAG(s) 'example_python_operator' retrieved from /home/airflow/.local/lib/python3.8/site-packages/airflow/example_dags/example_python_operator.py
[2026-04-09T12:25:15.489+0000] {logging_mixin.py:188} INFO - [2026-04-09T12:25:15.489+0000] {dag.py:3033} INFO - Sync 1 DAGs
[2026-04-09T12:25:15.503+0000] {logging_mixin.py:188} INFO - [2026-04-09T12:25:15.503+0000] {dag.py:3820} INFO - Setting next_dagrun for example_python_operator to None, run_after=None
[2026-04-09T12:25:15.522+0000] {processor.py:183} INFO - Processing /home/airflow/.local/lib/python3.8/site-packages/airflow/example_dags/example_python_operator.py took 0.076 seconds
[2026-04-09T12:25:45.955+0000] {processor.py:161} INFO - Started process (PID=2842) to work on /home/airflow/.local/lib/python3.8/site-packages/airflow/example_dags/example_python_operator.py
[2026-04-09T12:25:45.955+0000] {processor.py:830} INFO - Processing file /home/airflow/.local/lib/python3.8/site-packages/airflow/example_dags/example_python_operator.py for tasks to queue
[2026-04-09T12:25:45.958+0000] {logging_mixin.py:188} INFO - [2026-04-09T12:25:45.957+0000] {dagbag.py:538} INFO - Filling up the DagBag from /home/airflow/.local/lib/python3.8/site-packages/airflow/example_dags/example_python_operator.py
[2026-04-09T12:25:45.970+0000] {processor.py:840} INFO - DAG(s) 'example_python_operator' retrieved from /home/airflow/.local/lib/python3.8/site-packages/airflow/example_dags/example_python_operator.py
[2026-04-09T12:25:45.999+0000] {logging_mixin.py:188} INFO - [2026-04-09T12:25:45.998+0000] {dag.py:3033} INFO - Sync 1 DAGs
[2026-04-09T12:25:46.013+0000] {logging_mixin.py:188} INFO - [2026-04-09T12:25:46.012+0000] {dag.py:3820} INFO - Setting next_dagrun for example_python_operator to None, run_after=None
[2026-04-09T12:25:46.033+0000] {processor.py:183} INFO - Processing /home/airflow/.local/lib/python3.8/site-packages/airflow/example_dags/example_python_operator.py took 0.081 seconds
[2026-04-09T12:26:16.478+0000] {processor.py:161} INFO - Started process (PID=2903) to work on /home/airflow/.local/lib/python3.8/site-packages/airflow/example_dags/example_python_operator.py
[2026-04-09T12:26:16.481+0000] {processor.py:830} INFO - Processing file /home/airflow/.local/lib/python3.8/site-packages/airflow/example_dags/example_python_operator.py for tasks to queue
[2026-04-09T12:26:16.486+0000] {logging_mixin.py:188} INFO - [2026-04-09T12:26:16.486+0000] {dagbag.py:538} INFO - Filling up the DagBag from /home/airflow/.local/lib/python3.8/site-packages/airflow/example_dags/example_python_operator.py
[2026-04-09T12:26:16.520+0000] {processor.py:840} INFO - DAG(s) 'example_python_operator' retrieved from /home/airflow/.local/lib/python3.8/site-packages/airflow/example_dags/example_python_operator.py
[2026-04-09T12:26:16.595+0000] {logging_mixin.py:188} INFO - [2026-04-09T12:26:16.595+0000] {dag.py:3033} INFO - Sync 1 DAGs
[2026-04-09T12:26:16.634+0000] {logging_mixin.py:188} INFO - [2026-04-09T12:26:16.634+0000] {dag.py:3820} INFO - Setting next_dagrun for example_python_operator to None, run_after=None
[2026-04-09T12:26:16.679+0000] {processor.py:183} INFO - Processing /home/airflow/.local/lib/python3.8/site-packages/airflow/example_dags/example_python_operator.py took 0.209 seconds
[2026-04-09T12:26:46.893+0000] {processor.py:161} INFO - Started process (PID=2964) to work on /home/airflow/.local/lib/python3.8/site-packages/airflow/example_dags/example_python_operator.py
[2026-04-09T12:26:46.894+0000] {processor.py:830} INFO - Processing file /home/airflow/.local/lib/python3.8/site-packages/airflow/example_dags/example_python_operator.py for tasks to queue
[2026-04-09T12:26:46.896+0000] {logging_mixin.py:188} INFO - [2026-04-09T12:26:46.896+0000] {dagbag.py:538} INFO - Filling up the DagBag from /home/airflow/.local/lib/python3.8/site-packages/airflow/example_dags/example_python_operator.py
[2026-04-09T12:26:46.907+0000] {processor.py:840} INFO - DAG(s) 'example_python_operator' retrieved from /home/airflow/.local/lib/python3.8/site-packages/airflow/example_dags/example_python_operator.py
[2026-04-09T12:26:46.930+0000] {logging_mixin.py:188} INFO - [2026-04-09T12:26:46.930+0000] {dag.py:3033} INFO - Sync 1 DAGs
[2026-04-09T12:26:46.945+0000] {logging_mixin.py:188} INFO - [2026-04-09T12:26:46.944+0000] {dag.py:3820} INFO - Setting next_dagrun for example_python_operator to None, run_after=None
[2026-04-09T12:26:46.966+0000] {processor.py:183} INFO - Processing /home/airflow/.local/lib/python3.8/site-packages/airflow/example_dags/example_python_operator.py took 0.076 seconds
[2026-04-09T12:27:17.533+0000] {processor.py:161} INFO - Started process (PID=3025) to work on /home/airflow/.local/lib/python3.8/site-packages/airflow/example_dags/example_python_operator.py
[2026-04-09T12:27:17.533+0000] {processor.py:830} INFO - Processing file /home/airflow/.local/lib/python3.8/site-packages/airflow/example_dags/example_python_operator.py for tasks to queue
[2026-04-09T12:27:17.535+0000] {logging_mixin.py:188} INFO - [2026-04-09T12:27:17.535+0000] {dagbag.py:538} INFO - Filling up the DagBag from /home/airflow/.local/lib/python3.8/site-packages/airflow/example_dags/example_python_operator.py
[2026-04-09T12:27:17.548+0000] {processor.py:840} INFO - DAG(s) 'example_python_operator' retrieved from /home/airflow/.local/lib/python3.8/site-packages/airflow/example_dags/example_python_operator.py
[2026-04-09T12:27:17.572+0000] {logging_mixin.py:188} INFO - [2026-04-09T12:27:17.572+0000] {dag.py:3033} INFO - Sync 1 DAGs
[2026-04-09T12:27:17.587+0000] {logging_mixin.py:188} INFO - [2026-04-09T12:27:17.586+0000] {dag.py:3820} INFO - Setting next_dagrun for example_python_operator to None, run_after=None
[2026-04-09T12:27:17.604+0000] {processor.py:183} INFO - Processing /home/airflow/.local/lib/python3.8/site-packages/airflow/example_dags/example_python_operator.py took 0.075 seconds
[2026-04-09T12:27:47.685+0000] {processor.py:161} INFO - Started process (PID=3086) to work on /home/airflow/.local/lib/python3.8/site-packages/airflow/example_dags/example_python_operator.py
[2026-04-09T12:27:47.686+0000] {processor.py:830} INFO - Processing file /home/airflow/.local/lib/python3.8/site-packages/airflow/example_dags/example_python_operator.py for tasks to queue
[2026-04-09T12:27:47.688+0000] {logging_mixin.py:188} INFO - [2026-04-09T12:27:47.687+0000] {dagbag.py:538} INFO - Filling up the DagBag from /home/airflow/.local/lib/python3.8/site-packages/airflow/example_dags/example_python_operator.py
[2026-04-09T12:27:47.700+0000] {processor.py:840} INFO - DAG(s) 'example_python_operator' retrieved from /home/airflow/.local/lib/python3.8/site-packages/airflow/example_dags/example_python_operator.py
[2026-04-09T12:27:47.724+0000] {logging_mixin.py:188} INFO - [2026-04-09T12:27:47.724+0000] {dag.py:3033} INFO - Sync 1 DAGs
[2026-04-09T12:27:47.738+0000] {logging_mixin.py:188} INFO - [2026-04-09T12:27:47.738+0000] {dag.py:3820} INFO - Setting next_dagrun for example_python_operator to None, run_after=None
[2026-04-09T12:27:47.756+0000] {processor.py:183} INFO - Processing /home/airflow/.local/lib/python3.8/site-packages/airflow/example_dags/example_python_operator.py took 0.074 seconds
[2026-04-09T12:28:17.960+0000] {processor.py:161} INFO - Started process (PID=3147) to work on /home/airflow/.local/lib/python3.8/site-packages/airflow/example_dags/example_python_operator.py
[2026-04-09T12:28:17.961+0000] {processor.py:830} INFO - Processing file /home/airflow/.local/lib/python3.8/site-packages/airflow/example_dags/example_python_operator.py for tasks to queue
[2026-04-09T12:28:17.963+0000] {logging_mixin.py:188} INFO - [2026-04-09T12:28:17.962+0000] {dagbag.py:538} INFO - Filling up the DagBag from /home/airflow/.local/lib/python3.8/site-packages/airflow/example_dags/example_python_operator.py
[2026-04-09T12:28:17.971+0000] {processor.py:840} INFO - DAG(s) 'example_python_operator' retrieved from /home/airflow/.local/lib/python3.8/site-packages/airflow/example_dags/example_python_operator.py
[2026-04-09T12:28:17.988+0000] {logging_mixin.py:188} INFO - [2026-04-09T12:28:17.988+0000] {dag.py:3033} INFO - Sync 1 DAGs
[2026-04-09T12:28:17.998+0000] {logging_mixin.py:188} INFO - [2026-04-09T12:28:17.998+0000] {dag.py:3820} INFO - Setting next_dagrun for example_python_operator to None, run_after=None
[2026-04-09T12:28:18.011+0000] {processor.py:183} INFO - Processing /home/airflow/.local/lib/python3.8/site-packages/airflow/example_dags/example_python_operator.py took 0.054 seconds
[2026-04-09T12:28:48.467+0000] {processor.py:161} INFO - Started process (PID=3208) to work on /home/airflow/.local/lib/python3.8/site-packages/airflow/example_dags/example_python_operator.py
[2026-04-09T12:28:48.468+0000] {processor.py:830} INFO - Processing file /home/airflow/.local/lib/python3.8/site-packages/airflow/example_dags/example_python_operator.py for tasks to queue
[2026-04-09T12:28:48.470+0000] {logging_mixin.py:188} INFO - [2026-04-09T12:28:48.470+0000] {dagbag.py:538} INFO - Filling up the DagBag from /home/airflow/.local/lib/python3.8/site-packages/airflow/example_dags/example_python_operator.py
[2026-04-09T12:28:48.482+0000] {processor.py:840} INFO - DAG(s) 'example_python_operator' retrieved from /home/airflow/.local/lib/python3.8/site-packages/airflow/example_dags/example_python_operator.py
[2026-04-09T12:28:48.525+0000] {logging_mixin.py:188} INFO - [2026-04-09T12:28:48.525+0000] {dag.py:3033} INFO - Sync 1 DAGs
[2026-04-09T12:28:48.540+0000] {logging_mixin.py:188} INFO - [2026-04-09T12:28:48.540+0000] {dag.py:3820} INFO - Setting next_dagrun for example_python_operator to None, run_after=None
[2026-04-09T12:28:48.558+0000] {processor.py:183} INFO - Processing /home/airflow/.local/lib/python3.8/site-packages/airflow/example_dags/example_python_operator.py took 0.095 seconds
[2026-04-09T12:29:19.821+0000] {processor.py:161} INFO - Started process (PID=3269) to work on /home/airflow/.local/lib/python3.8/site-packages/airflow/example_dags/example_python_operator.py
[2026-04-09T12:29:19.822+0000] {processor.py:830} INFO - Processing file /home/airflow/.local/lib/python3.8/site-packages/airflow/example_dags/example_python_operator.py for tasks to queue
[2026-04-09T12:29:19.824+0000] {logging_mixin.py:188} INFO - [2026-04-09T12:29:19.823+0000] {dagbag.py:538} INFO - Filling up the DagBag from /home/airflow/.local/lib/python3.8/site-packages/airflow/example_dags/example_python_operator.py
[2026-04-09T12:29:19.835+0000] {processor.py:840} INFO - DAG(s) 'example_python_operator' retrieved from /home/airflow/.local/lib/python3.8/site-packages/airflow/example_dags/example_python_operator.py
[2026-04-09T12:29:19.887+0000] {logging_mixin.py:188} INFO - [2026-04-09T12:29:19.886+0000] {dag.py:3033} INFO - Sync 1 DAGs
[2026-04-09T12:29:19.915+0000] {logging_mixin.py:188} INFO - [2026-04-09T12:29:19.912+0000] {dag.py:3820} INFO - Setting next_dagrun for example_python_operator to None, run_after=None
[2026-04-09T12:29:19.959+0000] {processor.py:183} INFO - Processing /home/airflow/.local/lib/python3.8/site-packages/airflow/example_dags/example_python_operator.py took 0.142 seconds
[2026-04-09T12:29:50.523+0000] {processor.py:161} INFO - Started process (PID=3330) to work on /home/airflow/.local/lib/python3.8/site-packages/airflow/example_dags/example_python_operator.py
[2026-04-09T12:29:50.524+0000] {processor.py:830} INFO - Processing file /home/airflow/.local/lib/python3.8/site-packages/airflow/example_dags/example_python_operator.py for tasks to queue
[2026-04-09T12:29:50.526+0000] {logging_mixin.py:188} INFO - [2026-04-09T12:29:50.526+0000] {dagbag.py:538} INFO - Filling up the DagBag from /home/airflow/.local/lib/python3.8/site-packages/airflow/example_dags/example_python_operator.py
[2026-04-09T12:29:50.549+0000] {processor.py:840} INFO - DAG(s) 'example_python_operator' retrieved from /home/airflow/.local/lib/python3.8/site-packages/airflow/example_dags/example_python_operator.py
[2026-04-09T12:29:50.586+0000] {logging_mixin.py:188} INFO - [2026-04-09T12:29:50.586+0000] {dag.py:3033} INFO - Sync 1 DAGs
[2026-04-09T12:29:50.600+0000] {logging_mixin.py:188} INFO - [2026-04-09T12:29:50.600+0000] {dag.py:3820} INFO - Setting next_dagrun for example_python_operator to None, run_after=None
[2026-04-09T12:29:50.621+0000] {processor.py:183} INFO - Processing /home/airflow/.local/lib/python3.8/site-packages/airflow/example_dags/example_python_operator.py took 0.102 seconds
[2026-04-09T12:30:20.849+0000] {processor.py:161} INFO - Started process (PID=3391) to work on /home/airflow/.local/lib/python3.8/site-packages/airflow/example_dags/example_python_operator.py
[2026-04-09T12:30:20.850+0000] {processor.py:830} INFO - Processing file /home/airflow/.local/lib/python3.8/site-packages/airflow/example_dags/example_python_operator.py for tasks to queue
[2026-04-09T12:30:20.853+0000] {logging_mixin.py:188} INFO - [2026-04-09T12:30:20.852+0000] {dagbag.py:538} INFO - Filling up the DagBag from /home/airflow/.local/lib/python3.8/site-packages/airflow/example_dags/example_python_operator.py
[2026-04-09T12:30:20.866+0000] {processor.py:840} INFO - DAG(s) 'example_python_operator' retrieved from /home/airflow/.local/lib/python3.8/site-packages/airflow/example_dags/example_python_operator.py
[2026-04-09T12:30:20.892+0000] {logging_mixin.py:188} INFO - [2026-04-09T12:30:20.892+0000] {dag.py:3033} INFO - Sync 1 DAGs
[2026-04-09T12:30:20.907+0000] {logging_mixin.py:188} INFO - [2026-04-09T12:30:20.907+0000] {dag.py:3820} INFO - Setting next_dagrun for example_python_operator to None, run_after=None
[2026-04-09T12:30:20.928+0000] {processor.py:183} INFO - Processing /home/airflow/.local/lib/python3.8/site-packages/airflow/example_dags/example_python_operator.py took 0.083 seconds
[2026-04-09T12:30:51.468+0000] {processor.py:161} INFO - Started process (PID=3452) to work on /home/airflow/.local/lib/python3.8/site-packages/airflow/example_dags/example_python_operator.py
[2026-04-09T12:30:51.468+0000] {processor.py:830} INFO - Processing file /home/airflow/.local/lib/python3.8/site-packages/airflow/example_dags/example_python_operator.py for tasks to queue
[2026-04-09T12:30:51.471+0000] {logging_mixin.py:188} INFO - [2026-04-09T12:30:51.470+0000] {dagbag.py:538} INFO - Filling up the DagBag from /home/airflow/.local/lib/python3.8/site-packages/airflow/example_dags/example_python_operator.py
[2026-04-09T12:30:51.484+0000] {processor.py:840} INFO - DAG(s) 'example_python_operator' retrieved from /home/airflow/.local/lib/python3.8/site-packages/airflow/example_dags/example_python_operator.py
[2026-04-09T12:30:51.510+0000] {logging_mixin.py:188} INFO - [2026-04-09T12:30:51.510+0000] {dag.py:3033} INFO - Sync 1 DAGs
[2026-04-09T12:30:51.526+0000] {logging_mixin.py:188} INFO - [2026-04-09T12:30:51.525+0000] {dag.py:3820} INFO - Setting next_dagrun for example_python_operator to None, run_after=None
[2026-04-09T12:30:51.547+0000] {processor.py:183} INFO - Processing /home/airflow/.local/lib/python3.8/site-packages/airflow/example_dags/example_python_operator.py took 0.083 seconds
[2026-04-09T12:31:21.669+0000] {processor.py:161} INFO - Started process (PID=3513) to work on /home/airflow/.local/lib/python3.8/site-packages/airflow/example_dags/example_python_operator.py
[2026-04-09T12:31:21.670+0000] {processor.py:830} INFO - Processing file /home/airflow/.local/lib/python3.8/site-packages/airflow/example_dags/example_python_operator.py for tasks to queue
[2026-04-09T12:31:21.672+0000] {logging_mixin.py:188} INFO - [2026-04-09T12:31:21.672+0000] {dagbag.py:538} INFO - Filling up the DagBag from /home/airflow/.local/lib/python3.8/site-packages/airflow/example_dags/example_python_operator.py
[2026-04-09T12:31:21.685+0000] {processor.py:840} INFO - DAG(s) 'example_python_operator' retrieved from /home/airflow/.local/lib/python3.8/site-packages/airflow/example_dags/example_python_operator.py
[2026-04-09T12:31:21.710+0000] {logging_mixin.py:188} INFO - [2026-04-09T12:31:21.710+0000] {dag.py:3033} INFO - Sync 1 DAGs
[2026-04-09T12:31:21.725+0000] {logging_mixin.py:188} INFO - [2026-04-09T12:31:21.725+0000] {dag.py:3820} INFO - Setting next_dagrun for example_python_operator to None, run_after=None
[2026-04-09T12:31:21.745+0000] {processor.py:183} INFO - Processing /home/airflow/.local/lib/python3.8/site-packages/airflow/example_dags/example_python_operator.py took 0.080 seconds
[2026-04-09T12:31:52.027+0000] {processor.py:161} INFO - Started process (PID=3574) to work on /home/airflow/.local/lib/python3.8/site-packages/airflow/example_dags/example_python_operator.py
[2026-04-09T12:31:52.028+0000] {processor.py:830} INFO - Processing file /home/airflow/.local/lib/python3.8/site-packages/airflow/example_dags/example_python_operator.py for tasks to queue
[2026-04-09T12:31:52.036+0000] {logging_mixin.py:188} INFO - [2026-04-09T12:31:52.035+0000] {dagbag.py:538} INFO - Filling up the DagBag from /home/airflow/.local/lib/python3.8/site-packages/airflow/example_dags/example_python_operator.py
[2026-04-09T12:31:52.064+0000] {processor.py:840} INFO - DAG(s) 'example_python_operator' retrieved from /home/airflow/.local/lib/python3.8/site-packages/airflow/example_dags/example_python_operator.py
[2026-04-09T12:31:52.092+0000] {logging_mixin.py:188} INFO - [2026-04-09T12:31:52.092+0000] {dag.py:3033} INFO - Sync 1 DAGs
[2026-04-09T12:31:52.107+0000] {logging_mixin.py:188} INFO - [2026-04-09T12:31:52.107+0000] {dag.py:3820} INFO - Setting next_dagrun for example_python_operator to None, run_after=None
[2026-04-09T12:31:52.131+0000] {processor.py:183} INFO - Processing /home/airflow/.local/lib/python3.8/site-packages/airflow/example_dags/example_python_operator.py took 0.108 seconds
[2026-04-09T12:46:17.596+0000] {processor.py:161} INFO - Started process (PID=97) to work on /home/airflow/.local/lib/python3.8/site-packages/airflow/example_dags/example_python_operator.py
[2026-04-09T12:46:17.604+0000] {processor.py:830} INFO - Processing file /home/airflow/.local/lib/python3.8/site-packages/airflow/example_dags/example_python_operator.py for tasks to queue
[2026-04-09T12:46:17.607+0000] {logging_mixin.py:188} INFO - [2026-04-09T12:46:17.607+0000] {dagbag.py:538} INFO - Filling up the DagBag from /home/airflow/.local/lib/python3.8/site-packages/airflow/example_dags/example_python_operator.py
[2026-04-09T12:46:17.662+0000] {processor.py:840} INFO - DAG(s) 'example_python_operator' retrieved from /home/airflow/.local/lib/python3.8/site-packages/airflow/example_dags/example_python_operator.py
[2026-04-09T12:46:18.079+0000] {logging_mixin.py:188} INFO - [2026-04-09T12:46:18.079+0000] {dag.py:3033} INFO - Sync 1 DAGs
[2026-04-09T12:46:18.110+0000] {logging_mixin.py:188} INFO - [2026-04-09T12:46:18.109+0000] {dag.py:3820} INFO - Setting next_dagrun for example_python_operator to None, run_after=None
[2026-04-09T12:46:18.132+0000] {processor.py:183} INFO - Processing /home/airflow/.local/lib/python3.8/site-packages/airflow/example_dags/example_python_operator.py took 0.554 seconds
[2026-04-09T12:46:49.351+0000] {processor.py:161} INFO - Started process (PID=157) to work on /home/airflow/.local/lib/python3.8/site-packages/airflow/example_dags/example_python_operator.py
[2026-04-09T12:46:49.356+0000] {processor.py:830} INFO - Processing file /home/airflow/.local/lib/python3.8/site-packages/airflow/example_dags/example_python_operator.py for tasks to queue
[2026-04-09T12:46:49.374+0000] {logging_mixin.py:188} INFO - [2026-04-09T12:46:49.373+0000] {dagbag.py:538} INFO - Filling up the DagBag from /home/airflow/.local/lib/python3.8/site-packages/airflow/example_dags/example_python_operator.py
[2026-04-09T12:46:49.495+0000] {processor.py:840} INFO - DAG(s) 'example_python_operator' retrieved from /home/airflow/.local/lib/python3.8/site-packages/airflow/example_dags/example_python_operator.py
[2026-04-09T12:46:49.688+0000] {logging_mixin.py:188} INFO - [2026-04-09T12:46:49.687+0000] {dag.py:3033} INFO - Sync 1 DAGs
[2026-04-09T12:46:49.891+0000] {logging_mixin.py:188} INFO - [2026-04-09T12:46:49.891+0000] {dag.py:3820} INFO - Setting next_dagrun for example_python_operator to None, run_after=None
[2026-04-09T12:46:49.995+0000] {processor.py:183} INFO - Processing /home/airflow/.local/lib/python3.8/site-packages/airflow/example_dags/example_python_operator.py took 0.665 seconds
[2026-04-09T12:47:25.010+0000] {processor.py:161} INFO - Started process (PID=217) to work on /home/airflow/.local/lib/python3.8/site-packages/airflow/example_dags/example_python_operator.py
[2026-04-09T12:47:25.018+0000] {processor.py:830} INFO - Processing file /home/airflow/.local/lib/python3.8/site-packages/airflow/example_dags/example_python_operator.py for tasks to queue
[2026-04-09T12:47:25.045+0000] {logging_mixin.py:188} INFO - [2026-04-09T12:47:25.044+0000] {dagbag.py:538} INFO - Filling up the DagBag from /home/airflow/.local/lib/python3.8/site-packages/airflow/example_dags/example_python_operator.py
[2026-04-09T12:47:25.102+0000] {processor.py:840} INFO - DAG(s) 'example_python_operator' retrieved from /home/airflow/.local/lib/python3.8/site-packages/airflow/example_dags/example_python_operator.py
[2026-04-09T12:47:25.178+0000] {logging_mixin.py:188} INFO - [2026-04-09T12:47:25.178+0000] {dag.py:3033} INFO - Sync 1 DAGs
[2026-04-09T12:47:25.356+0000] {logging_mixin.py:188} INFO - [2026-04-09T12:47:25.355+0000] {dag.py:3820} INFO - Setting next_dagrun for example_python_operator to None, run_after=None
[2026-04-09T12:47:25.541+0000] {processor.py:183} INFO - Processing /home/airflow/.local/lib/python3.8/site-packages/airflow/example_dags/example_python_operator.py took 0.554 seconds
[2026-04-09T12:47:56.464+0000] {processor.py:161} INFO - Started process (PID=278) to work on /home/airflow/.local/lib/python3.8/site-packages/airflow/example_dags/example_python_operator.py
[2026-04-09T12:47:56.468+0000] {processor.py:830} INFO - Processing file /home/airflow/.local/lib/python3.8/site-packages/airflow/example_dags/example_python_operator.py for tasks to queue
[2026-04-09T12:47:56.479+0000] {logging_mixin.py:188} INFO - [2026-04-09T12:47:56.478+0000] {dagbag.py:538} INFO - Filling up the DagBag from /home/airflow/.local/lib/python3.8/site-packages/airflow/example_dags/example_python_operator.py
[2026-04-09T12:47:56.540+0000] {processor.py:840} INFO - DAG(s) 'example_python_operator' retrieved from /home/airflow/.local/lib/python3.8/site-packages/airflow/example_dags/example_python_operator.py
[2026-04-09T12:47:56.689+0000] {logging_mixin.py:188} INFO - [2026-04-09T12:47:56.689+0000] {dag.py:3033} INFO - Sync 1 DAGs
[2026-04-09T12:47:56.737+0000] {logging_mixin.py:188} INFO - [2026-04-09T12:47:56.737+0000] {dag.py:3820} INFO - Setting next_dagrun for example_python_operator to None, run_after=None
[2026-04-09T12:47:56.813+0000] {processor.py:183} INFO - Processing /home/airflow/.local/lib/python3.8/site-packages/airflow/example_dags/example_python_operator.py took 0.364 seconds
[2026-04-09T12:48:27.187+0000] {processor.py:161} INFO - Started process (PID=339) to work on /home/airflow/.local/lib/python3.8/site-packages/airflow/example_dags/example_python_operator.py
[2026-04-09T12:48:27.190+0000] {processor.py:830} INFO - Processing file /home/airflow/.local/lib/python3.8/site-packages/airflow/example_dags/example_python_operator.py for tasks to queue
[2026-04-09T12:48:27.194+0000] {logging_mixin.py:188} INFO - [2026-04-09T12:48:27.194+0000] {dagbag.py:538} INFO - Filling up the DagBag from /home/airflow/.local/lib/python3.8/site-packages/airflow/example_dags/example_python_operator.py
[2026-04-09T12:48:27.223+0000] {processor.py:840} INFO - DAG(s) 'example_python_operator' retrieved from /home/airflow/.local/lib/python3.8/site-packages/airflow/example_dags/example_python_operator.py
[2026-04-09T12:48:27.272+0000] {logging_mixin.py:188} INFO - [2026-04-09T12:48:27.272+0000] {dag.py:3033} INFO - Sync 1 DAGs
[2026-04-09T12:48:27.297+0000] {logging_mixin.py:188} INFO - [2026-04-09T12:48:27.297+0000] {dag.py:3820} INFO - Setting next_dagrun for example_python_operator to None, run_after=None
[2026-04-09T12:48:27.340+0000] {processor.py:183} INFO - Processing /home/airflow/.local/lib/python3.8/site-packages/airflow/example_dags/example_python_operator.py took 0.157 seconds
[2026-04-09T12:48:57.736+0000] {processor.py:161} INFO - Started process (PID=400) to work on /home/airflow/.local/lib/python3.8/site-packages/airflow/example_dags/example_python_operator.py
[2026-04-09T12:48:57.741+0000] {processor.py:830} INFO - Processing file /home/airflow/.local/lib/python3.8/site-packages/airflow/example_dags/example_python_operator.py for tasks to queue
[2026-04-09T12:48:57.745+0000] {logging_mixin.py:188} INFO - [2026-04-09T12:48:57.745+0000] {dagbag.py:538} INFO - Filling up the DagBag from /home/airflow/.local/lib/python3.8/site-packages/airflow/example_dags/example_python_operator.py
[2026-04-09T12:48:57.773+0000] {processor.py:840} INFO - DAG(s) 'example_python_operator' retrieved from /home/airflow/.local/lib/python3.8/site-packages/airflow/example_dags/example_python_operator.py
[2026-04-09T12:48:57.804+0000] {logging_mixin.py:188} INFO - [2026-04-09T12:48:57.804+0000] {dag.py:3033} INFO - Sync 1 DAGs
[2026-04-09T12:48:57.822+0000] {logging_mixin.py:188} INFO - [2026-04-09T12:48:57.822+0000] {dag.py:3820} INFO - Setting next_dagrun for example_python_operator to None, run_after=None
[2026-04-09T12:48:57.858+0000] {processor.py:183} INFO - Processing /home/airflow/.local/lib/python3.8/site-packages/airflow/example_dags/example_python_operator.py took 0.131 seconds
[2026-04-09T12:49:28.447+0000] {processor.py:161} INFO - Started process (PID=460) to work on /home/airflow/.local/lib/python3.8/site-packages/airflow/example_dags/example_python_operator.py
[2026-04-09T12:49:28.450+0000] {processor.py:830} INFO - Processing file /home/airflow/.local/lib/python3.8/site-packages/airflow/example_dags/example_python_operator.py for tasks to queue
[2026-04-09T12:49:28.456+0000] {logging_mixin.py:188} INFO - [2026-04-09T12:49:28.456+0000] {dagbag.py:538} INFO - Filling up the DagBag from /home/airflow/.local/lib/python3.8/site-packages/airflow/example_dags/example_python_operator.py
[2026-04-09T12:49:28.481+0000] {processor.py:840} INFO - DAG(s) 'example_python_operator' retrieved from /home/airflow/.local/lib/python3.8/site-packages/airflow/example_dags/example_python_operator.py
[2026-04-09T12:49:28.546+0000] {logging_mixin.py:188} INFO - [2026-04-09T12:49:28.545+0000] {dag.py:3033} INFO - Sync 1 DAGs
[2026-04-09T12:49:28.574+0000] {logging_mixin.py:188} INFO - [2026-04-09T12:49:28.571+0000] {dag.py:3820} INFO - Setting next_dagrun for example_python_operator to None, run_after=None
[2026-04-09T12:49:28.724+0000] {processor.py:183} INFO - Processing /home/airflow/.local/lib/python3.8/site-packages/airflow/example_dags/example_python_operator.py took 0.285 seconds
